0.000000,0.000000,0.000000,0.000000,0.000000,0.000000,0.000000,0.000000,0.000000,0.000000,0.000000,0.000000,0.000000,0.000000,0.000000,0.000000,0.000000,0.000000,0.000000,0.000000,0.000000,0.000000,0.000000,0.000000,0.000000,0.000000,0.000000,0.000000,0.000000,0.000000,0.000000,0.000000,0.000000,0.000000,0.000000,0.000000,0.000000,0.000000,0.000000,0.000000,0.000000,0.000000,0.000000,0.000000,0.000000,0.000000,0.000000,0.000000,0.000000,0.000000,0.000000,0.000000,33.500575,56.883601,-6.064605,33.987192,57.722578,-8.165142,34.097003,57.683456,-8.167200,34.207688,57.628846,-8.165476,34.011561,57.748866,-4.862870,34.138226,57.733439,-4.859967,34.271773,57.707289,-4.859558,35.382689,56.820026,-12.871128,35.580687,56.970181,1.648709,33.875253,55.708514,-7.363939,33.853841,55.750232,-3.160085,35.380065,51.825239,-21.769039,38.344013,52.033165,13.574061,34.594524,44.320079,-22.386570,38.425912,45.067071,17.525579,32.747846,37.846190,-11.882033,36.970088,39.241835,10.146979,32.404007,36.192012,-13.747391,36.528231,37.718279,10.298144,31.912047,36.167419,-12.439003,36.016671,38.011925,6.867039,32.425703,36.912849,-10.967465,36.328595,38.223008,8.510036,36.004953,38.464731,-10.484707,38.056196,38.835020,10.474710,36.419616,29.463084,-2.492811,37.194572,29.878070,21.988519,37.583904,19.344641,4.807869,38.262221,21.429825,36.530619,38.691163,17.217996,5.199010,39.503273,19.049718,37.894715,31.726990,16.488238,-1.820444,34.869984,19.414193,35.060977,
0.000000,0.000000,0.000000,0.000000,0.000000,0.000000,0.000000,0.000000,0.000000,0.000000,0.000000,0.000000,0.000000,0.000000,0.000000,0.000000,0.000000,0.000000,0.000000,0.000000,0.000000,0.000000,0.000000,0.000000,0.000000,0.000000,0.000000,0.000000,0.000000,0.000000,0.000000,0.000000,0.000000,0.000000,0.000000,0.000000,0.000000,0.000000,0.000000,0.000000,0.000000,0.000000,0.000000,0.000000,0.000000,0.000000,0.000000,0.000000,0.000000,0.000000,0.000000,0.000000,79.624237,134.435074,-15.097574,80.739731,136.556065,-20.093618,80.998066,136.527995,-20.100308,81.261669,136.485968,-20.098205,80.792211,136.621576,-12.296102,81.089933,136.640674,-12.288579,81.406025,136.652678,-12.289878,84.037855,134.964235,-31.683265,84.505789,135.291084,2.621228,80.634188,131.995590,-18.460846,80.615386,132.090107,-8.508537,84.239063,123.171504,-52.755178,91.886388,123.547944,29.769058,82.443034,105.580293,-56.798207,92.879125,107.563104,39.904301,77.999105,90.139583,-37.038473,88.627660,94.145313,25.832974,76.783176,85.538720,-42.183143,87.700609,91.075825,26.436531,75.659437,85.491937,-40.009864,86.584431,91.242482,18.894956,76.579695,87.254103,-35.263538,86.902217,92.148258,22.194195,85.510755,91.717931,-24.844148,90.467642,92.374884,24.820391,86.289494,70.018894,-6.611990,88.327803,71.093966,45.733722,89.093501,45.343591,11.870521,90.931387,50.418351,74.111911,91.758133,40.549194,12.804581,93.709152,45.444968,76.523583,77.006708,40.189160,-3.080857,82.902516,46.292352,68.853880,
0.000000,0.000000,0.000000,0.000000,0.000000,0.000000,0.000000,0.000000,0.000000,0.000000,0.000000,0.000000,0.000000,0.000000,0.000000,0.000000,0.000000,0.000000,0.000000,0.000000,0.000000,0.000000,0.000000,0.000000,0.000000,0.000000,0.000000,0.000000,0.000000,0.000000,0.000000,0.000000,0.000000,0.000000,0.000000,0.000000,0.000000,0.000000,0.000000,0.000000,0.000000,0.000000,0.000000,0.000000,0.000000,0.000000,0.000000,0.000000,0.000000,0.000000,0.000000,0.000000,125.747900,211.986546,-24.130543,127.492271,215.389551,-32.022095,127.899130,215.372534,-32.033416,128.315650,215.343090,-32.030933,127.572861,215.494286,-19.729334,128.041641,215.547909,-19.717190,128.540277,215.598066,-19.720199,132.693021,213.108443,-50.495401,133.430891,213.611987,3.593748,127.393123,208.282665,-29.557752,127.376930,208.429982,-13.856990,133.098060,194.517768,-83.741317,145.428763,195.062722,45.964055,130.291545,166.840507,-91.209844,147.332338,170.059137,62.283022,123.250365,142.432976,-62.194913,140.285231,149.048790,41.518970,121.162345,134.885429,-70.618895,138.872986,144.433372,42.574918,119.406826,134.816455,-67.580725,137.152192,144.473039,30.922873,120.733688,137.595358,-59.559611,137.475839,146.073508,35.878354,135.016556,144.971131,-39.203589,142.879089,145.914749,39.166073,136.159372,110.574704,-10.731169,139.461033,112.309862,69.478925,140.603099,71.342541,18.933174,143.600553,79.406876,111.693203,144.825102,63.880391,20.410151,147.915031,71.840218,115.152451,122.286426,63.890081,-4.341270,130.935048,73.170510,102.646783,
0.000000,0.000000,0.000000,0.000000,0.000000,0.000000,0.000000,0.000000,0.000000,0.000000,0.000000,0.000000,0.000000,0.000000,0.000000,0.000000,0.000000,0.000000,0.000000,0.000000,0.000000,0.000000,0.000000,0.000000,0.000000,0.000000,0.000000,0.000000,0.000000,0.000000,0.000000,0.000000,0.000000,0.000000,0.000000,0.000000,0.000000,0.000000,0.000000,0.000000,0.000000,0.000000,0.000000,0.000000,0.000000,0.000000,0.000000,0.000000,0.000000,0.000000,0.000000,0.000000,171.871562,289.538019,-33.163512,174.244810,294.223038,-43.950571,174.800193,294.217073,-43.966524,175.369631,294.200212,-43.963662,174.353511,294.366996,-27.162566,174.993349,294.455144,-27.145802,175.674529,294.543454,-27.150519,181.348188,291.252652,-69.307537,182.355993,291.932890,4.566268,174.152058,284.569741,-40.654659,174.138475,284.769857,-19.205443,181.957058,265.864033,-114.727456,198.971139,266.577500,62.159051,178.140055,228.100722,-125.621480,201.785552,232.555169,84.661744,168.501624,194.726368,-87.351354,191.942803,203.952267,57.204965,165.541514,184.232138,-99.054647,190.045364,197.790919,58.713305,163.154216,184.140973,-95.151586,187.719953,197.703596,42.950790,164.887680,187.936613,-83.855684,188.049461,199.998758,49.562514,184.522358,198.224331,-53.563029,195.290535,199.454614,53.511755,186.029250,151.130514,-14.850348,190.594263,153.525759,93.224128,192.112696,97.341492,25.995827,196.269719,108.395402,149.274495,197.892072,87.211588,28.015721,202.120911,98.235468,153.781320,167.566143,87.591003,-5.601683,178.967580,100.048669,136.439686,
0.000000,0.000000,0.000000,0.000000,0.000000,0.000000,0.000000,0.000000,0.000000,0.000000,0.000000,0.000000,0.000000,0.000000,0.000000,0.000000,0.000000,0.000000,0.000000,0.000000,0.000000,0.000000,0.000000,0.000000,0.000000,0.000000,0.000000,0.000000,0.000000,0.000000,0.000000,0.000000,0.000000,0.000000,0.000000,0.000000,0.000000,0.000000,0.000000,0.000000,0.000000,0.000000,0.000000,0.000000,0.000000,0.000000,0.000000,0.000000,0.000000,0.000000,0.000000,0.000000,217.995224,367.089491,-42.196480,220.997350,373.056525,-55.879047,221.701257,373.061612,-55.899632,222.423612,373.057334,-55.896391,221.134162,373.239706,-34.595798,221.945057,373.362379,-34.574413,222.808781,373.488842,-34.580840,230.003354,369.396860,-88.119674,231.281094,370.253792,5.538787,220.910993,360.856816,-51.751566,220.900020,361.109731,-24.553896,230.816056,337.210298,-145.713595,252.513514,338.092279,78.354048,225.988566,289.360936,-160.033117,256.238765,295.051202,107.040465,213.752883,247.019761,-112.507794,243.600374,258.855745,72.890960,209.920683,233.578846,-127.490399,241.217742,251.148465,74.851692,206.901606,233.465491,-122.722448,238.287714,250.934153,54.978707,209.041673,238.277868,-108.151757,238.623083,253.924008,63.246673,234.028159,251.477531,-67.922470,247.701981,252.994479,67.857437,235.899129,191.686324,-18.969527,241.727493,194.741655,116.969331,243.622294,123.340442,33.058479,248.938885,137.383928,186.855787,250.959041,110.542786,35.621291,256.326790,124.630718,192.410188,212.845861,111.291925,-6.862096,227.000112,126.926828,170.232588,
0.000000,0.000000,0.000000,0.000000,0.000000,0.000000,0.000000,0.000000,0.000000,0.000000,0.000000,0.000000,0.000000,0.000000,0.000000,0.000000,0.000000,0.000000,0.000000,0.000000,0.000000,0.000000,0.000000,0.000000,0.000000,0.000000,0.000000,0.000000,0.000000,0.000000,0.000000,0.000000,0.000000,0.000000,0.000000,0.000000,0.000000,0.000000,0.000000,0.000000,0.000000,0.000000,0.000000,0.000000,0.000000,0.000000,0.000000,0.000000,0.000000,0.000000,0.000000,0.000000,243.157283,409.261389,-45.739136,246.494922,415.936022,-61.046255,247.280023,415.951265,-61.070003,248.086766,415.960481,-61.067063,246.647358,416.145329,-37.345958,247.551788,416.293401,-37.322173,248.516476,416.449532,-37.329278,256.541216,411.986131,-97.458716,257.958429,412.939520,6.819393,246.437744,402.377902,-56.552747,246.432945,402.659167,-26.277771,257.502851,376.128809,-161.823504,281.812766,377.092895,87.575162,252.011298,322.908588,-177.691320,286.196667,329.390130,120.983841,237.747590,276.159201,-124.342085,272.027510,289.825127,85.781612,233.198341,261.241869,-140.836004,269.397822,281.463690,88.302868,229.826856,261.261174,-135.713125,266.115007,281.317341,66.478364,232.231898,266.549120,-119.525069,266.433946,284.598353,75.210606,260.942521,280.598951,-75.771482,276.248006,282.231654,75.697325,263.084677,213.811951,-21.290807,269.620100,217.190363,129.532414,271.699391,137.464620,36.780789,277.643852,153.143795,206.739574,279.896424,123.247393,39.667033,285.858244,139.112164,212.846162,237.828931,124.307301,-7.310412,253.194725,141.655924,188.129617,
0.000000,0.000000,0.000000,0.000000,0.000000,0.000000,0.000000,0.000000,0.000000,0.000000,0.000000,0.000000,0.000000,0.000000,0.000000,0.000000,0.000000,0.000000,0.000000,0.000000,0.000000,0.000000,0.000000,0.000000,0.000000,0.000000,0.000000,0.000000,0.000000,0.000000,0.000000,0.000000,0.000000,0.000000,0.000000,0.000000,0.000000,0.000000,0.000000,0.000000,0.000000,0.000000,0.000000,0.000000,0.000000,0.000000,0.000000,0.000000,0.000000,0.000000,0.000000,0.000000,268.319342,451.433286,-49.281791,271.992494,458.815520,-66.213463,272.858789,458.840917,-66.240375,273.749920,458.863627,-66.237735,272.160555,459.050952,-40.096117,273.158520,459.224423,-40.069932,274.224170,459.410221,-40.077715,283.079078,454.575401,-106.797758,284.635764,455.625248,8.099999,271.964495,443.898987,-61.353928,271.965871,444.208603,-28.001646,284.189647,415.047320,-177.933414,311.112018,416.093511,96.796276,278.034030,356.456240,-195.349524,316.154569,363.729057,134.927217,261.742297,305.298641,-136.176376,300.454646,320.794509,98.672263,256.475999,288.904892,-154.181609,297.577902,311.778916,101.754043,252.752106,289.056857,-148.703802,293.942301,311.700529,77.978020,255.422123,294.820373,-130.898381,294.244809,315.272699,87.174539,287.856882,309.720370,-83.620493,304.794031,311.468829,83.537214,290.270225,235.937577,-23.612088,297.512707,239.639071,142.095496,299.776489,151.588798,40.503100,306.348819,168.903663,226.623361,308.833806,135.952000,43.712775,315.389698,153.593610,233.282135,262.812001,137.322677,-7.758728,279.389338,156.385020,206.026645,
0.000000,0.000000,0.000000,0.000000,0.000000,0.000000,0.000000,0.000000,0.000000,0.000000,0.000000,0.000000,0.000000,0.000000,0.000000,0.000000,0.000000,0.000000,0.000000,0.000000,0.000000,0.000000,0.000000,0.000000,0.000000,0.000000,0.000000,0.000000,0.000000,0.000000,0.000000,0.000000,0.000000,0.000000,0.000000,0.000000,0.000000,0.000000,0.000000,0.000000,0.000000,0.000000,0.000000,0.000000,0.000000,0.000000,0.000000,0.000000,0.000000,0.000000,0.000000,0.000000,293.481401,493.605183,-52.824446,297.490066,501.695018,-71.380671,298.437555,501.730569,-71.410746,299.413075,501.766774,-71.408408,297.673752,501.956574,-42.846277,298.765251,502.155445,-42.817691,299.931864,502.370911,-42.826153,309.616940,497.164672,-116.136801,311.313099,498.310975,9.380605,297.491246,485.420073,-66.155110,297.498796,485.758039,-29.725521,310.876442,453.965832,-194.043323,340.411270,455.094127,106.017390,304.056763,390.003892,-213.007728,346.112470,398.067984,148.870593,285.737004,334.438080,-148.010666,328.881782,351.763891,111.562915,279.753656,316.567915,-167.527213,325.757982,342.094141,115.205219,275.677356,316.852540,-161.694479,321.769595,342.083717,89.477677,278.612348,323.091626,-142.271693,322.055672,345.947045,99.138471,314.771244,338.841789,-91.469505,333.340055,340.706004,91.377103,317.455773,258.063204,-25.933368,325.405314,262.087780,154.658579,327.853586,165.712976,44.225410,335.053785,184.663531,246.507149,337.771189,148.656607,47.758518,344.921152,168.075056,253.718109,287.795071,150.338054,-8.207044,305.583951,171.114116,223.923674,
0.000000,0.000000,0.000000,0.000000,0.000000,0.000000,0.000000,0.000000,0.000000,0.000000,0.000000,0.000000,0.000000,0.000000,0.000000,0.000000,0.000000,0.000000,0.000000,0.000000,0.000000,0.000000,0.000000,0.000000,0.000000,0.000000,0.000000,0.000000,0.000000,0.000000,0.000000,0.000000,0.000000,0.000000,0.000000,0.000000,0.000000,0.000000,0.000000,0.000000,0.000000,0.000000,0.000000,0.000000,0.000000,0.000000,0.000000,0.000000,0.000000,0.000000,0.000000,0.000000,318.643460,535.777080,-56.367101,322.987639,544.574516,-76.547879,324.016321,544.620221,-76.581117,325.076229,544.669921,-76.579080,323.186948,544.862197,-45.596437,324.371983,545.086467,-45.565450,325.639558,545.331601,-45.574591,336.154802,539.753942,-125.475843,337.990434,540.996703,10.661211,323.017996,526.941158,-70.956291,323.031722,527.307475,-31.449396,337.563238,492.884343,-210.153233,369.710522,494.094743,115.238504,330.079495,423.551544,-230.665931,376.070372,432.406912,162.813969,309.731711,363.577520,-159.844957,357.308918,382.733273,124.453567,303.031314,344.230937,-180.872818,353.938062,372.409367,128.656394,298.602605,344.648222,-174.685156,349.596889,372.466905,100.977333,301.802573,351.362879,-153.645005,349.866535,376.621390,111.102404,341.685606,367.963208,-99.318516,361.886080,369.943179,99.216992,344.641321,280.188831,-28.254648,353.297920,284.536488,167.221661,355.930684,179.837154,47.947720,363.758752,200.423399,266.390936,366.708571,161.361214,51.804260,374.452606,182.556502,274.154082,312.778140,163.353430,-8.655360,331.778564,185.843212,241.820702,
0.000000,0.000000,0.000000,0.000000,0.000000,0.000000,0.000000,0.000000,0.000000,0.000000,0.000000,0.000000,0.000000,0.000000,0.000000,0.000000,0.000000,0.000000,0.000000,0.000000,0.000000,0.000000,0.000000,0.000000,0.000000,0.000000,0.000000,0.000000,0.000000,0.000000,0.000000,0.000000,0.000000,0.000000,0.000000,0.000000,0.000000,0.000000,0.000000,0.000000,0.000000,0.000000,0.000000,0.000000,0.000000,0.000000,0.000000,0.000000,0.000000,0.000000,0.000000,0.000000,322.843916,542.569402,-54.419442,327.230244,551.500025,-74.953819,328.272789,551.554987,-74.988751,329.348556,551.619093,-74.987695,327.432692,551.800733,-43.663524,328.633738,552.041276,-43.632357,329.920694,552.307592,-43.641146,340.575359,546.788274,-125.341792,342.420002,548.047256,12.249903,327.312563,533.696254,-69.461747,327.336028,534.066472,-29.548693,342.077830,499.375100,-211.386913,374.766651,500.581197,117.485735,334.276449,429.386634,-231.570701,381.532963,438.588734,168.321999,312.469866,369.563006,-158.357098,362.505619,389.768560,134.548875,305.207461,350.210274,-179.128275,359.125845,379.682271,139.420359,300.705715,350.915070,-173.095649,354.683716,380.002724,111.948729,304.029030,357.564129,-152.095557,354.914639,384.044831,121.346111,346.008528,372.952847,-100.657098,366.566683,374.877664,100.551088,349.142538,283.884275,-28.778029,357.949904,288.218008,168.602623,360.575281,182.086559,48.329688,368.499519,202.954609,268.577219,371.516367,163.439231,52.290174,379.309635,185.124144,276.397161,317.464562,165.683261,-8.291580,336.135258,188.423246,243.821857,
0.000000,0.000000,0.000000,0.000000,0.000000,0.000000,0.000000,0.000000,0.000000,0.000000,0.000000,0.000000,0.000000,0.000000,0.000000,0.000000,0.000000,0.000000,0.000000,0.000000,0.000000,0.000000,0.000000,0.000000,0.000000,0.000000,0.000000,0.000000,0.000000,0.000000,0.000000,0.000000,0.000000,0.000000,0.000000,0.000000,0.000000,0.000000,0.000000,0.000000,0.000000,0.000000,0.000000,0.000000,0.000000,0.000000,0.000000,0.000000,0.000000,0.000000,0.000000,0.000000,327.044372,549.361724,-52.471784,331.472849,558.425534,-73.359758,332.529258,558.489752,-73.396385,333.620883,558.568265,-73.396310,331.678435,558.739269,-41.730611,332.895493,558.996086,-41.699264,334.201831,559.283583,-41.707701,344.995917,553.822607,-125.207740,346.849570,555.097808,13.838595,331.607130,540.451349,-67.967202,331.640334,540.825469,-27.647990,346.592423,505.865858,-212.620593,379.822780,507.067650,119.732966,338.473403,435.221724,-232.475472,386.995553,444.770556,173.830029,315.208020,375.548493,-156.869239,367.702319,396.803847,144.644182,307.383608,356.189611,-177.383732,364.313627,386.955175,150.184323,302.808825,357.181918,-171.506142,359.770543,387.538543,122.920124,306.255487,363.765380,-150.546108,359.962743,391.468273,131.589817,350.331450,377.942485,-101.995680,371.247285,379.812150,101.885184,353.643756,287.579718,-29.301410,362.601887,291.899528,169.983585,365.219879,184.335965,48.711656,373.240287,205.485819,270.763502,376.324163,165.517247,52.776088,384.166664,187.691786,278.640240,322.150984,168.013092,-7.927799,340.491952,191.003279,245.823011,
0.000000,0.000000,0.000000,0.000000,0.000000,0.000000,0.000000,0.000000,0.000000,0.000000,0.000000,0.000000,0.000000,0.000000,0.000000,0.000000,0.000000,0.000000,0.000000,0.000000,0.000000,0.000000,0.000000,0.000000,0.000000,0.000000,0.000000,0.000000,0.000000,0.000000,0.000000,0.000000,0.000000,0.000000,0.000000,0.000000,0.000000,0.000000,0.000000,0.000000,0.000000,0.000000,0.000000,0.000000,0.000000,0.000000,0.000000,0.000000,0.000000,0.000000,0.000000,0.000000,331.244827,556.154046,-50.524125,335.715453,565.351043,-71.765698,336.785726,565.424517,-71.804019,337.893210,565.517437,-71.804925,335.924178,565.677804,-39.797698,337.157248,565.950895,-39.766171,338.482967,566.259574,-39.774256,349.416475,560.856939,-125.073689,351.279139,562.148360,15.427287,335.901697,547.206445,-66.472658,335.944640,547.584466,-25.747287,351.107016,512.356615,-213.854273,384.878909,513.554104,121.980197,342.670357,441.056814,-233.380242,392.458143,450.952378,179.338059,317.946175,381.533979,-155.381380,372.899020,403.839134,154.739490,309.559755,362.168948,-175.639190,369.501410,394.228079,160.948287,304.911934,363.448766,-169.916635,364.857370,395.074362,133.891520,308.481945,369.966631,-148.996659,365.010846,398.891714,141.833523,354.654372,382.932123,-103.334262,375.927888,384.746635,103.219280,358.144974,291.275162,-29.824791,367.253870,295.581048,171.364547,369.864476,186.585371,49.093623,377.981054,208.017028,272.949785,381.131958,167.595264,53.262003,389.023693,190.259428,280.883319,326.837406,170.342923,-7.564018,344.848645,193.583312,247.824165,
0.000000,0.000000,0.000000,0.000000,0.000000,0.000000,0.000000,0.000000,0.000000,0.000000,0.000000,0.000000,0.000000,0.000000,0.000000,0.000000,0.000000,0.000000,0.000000,0.000000,0.000000,0.000000,0.000000,0.000000,0.000000,0.000000,0.000000,0.000000,0.000000,0.000000,0.000000,0.000000,0.000000,0.000000,0.000000,0.000000,0.000000,0.000000,0.000000,0.000000,0.000000,0.000000,0.000000,0.000000,0.000000,0.000000,0.000000,0.000000,0.000000,0.000000,0.000000,0.000000,335.445283,562.946368,-48.576466,339.958058,572.276552,-70.171637,341.042195,572.359282,-70.211653,342.165537,572.466609,-70.213541,340.169921,572.616340,-37.864785,341.419003,572.905704,-37.833077,342.764104,573.235565,-37.840811,353.837033,567.891271,-124.939637,355.708707,569.198913,17.015979,340.196264,553.961540,-64.978114,340.248946,554.343463,-23.846583,355.621609,518.847373,-215.087954,389.935038,520.040558,124.227427,346.867312,446.891904,-234.285013,397.920734,457.134200,184.846089,320.684329,387.519466,-153.893521,378.095720,410.874421,164.834798,311.735902,368.148285,-173.894647,374.689193,401.500983,171.712252,307.015044,369.715614,-168.327129,369.944196,402.610181,144.862916,310.708402,376.167881,-147.447211,370.058950,406.315155,152.077230,358.977294,387.921762,-104.672844,380.608491,389.681120,104.553376,362.646191,294.970606,-30.348172,371.905853,299.262568,172.745509,374.509074,188.834776,49.475591,382.721821,210.548238,275.136068,385.939754,169.673281,53.747917,393.880722,192.827070,283.126398,331.523828,172.672754,-7.200238,349.205339,196.163346,249.825320,
0.000000,0.000000,0.000000,0.000000,0.000000,0.000000,0.000000,0.000000,0.000000,0.000000,0.000000,0.000000,0.000000,0.000000,0.000000,0.000000,0.000000,0.000000,0.000000,0.000000,0.000000,0.000000,0.000000,0.000000,0.000000,0.000000,0.000000,0.000000,0.000000,0.000000,0.000000,0.000000,0.000000,0.000000,0.000000,0.000000,0.000000,0.000000,0.000000,0.000000,0.000000,0.000000,0.000000,0.000000,0.000000,0.000000,0.000000,0.000000,0.000000,0.000000,0.000000,0.000000,321.823654,539.675272,-41.778231,326.129420,548.648735,-62.641655,327.170349,548.738508,-62.681851,328.251804,548.859019,-62.685117,326.334352,548.990186,-31.747585,327.533465,549.286780,-31.717646,328.828727,549.628759,-31.724071,339.455039,544.698443,-116.556611,341.224536,545.954960,19.120967,326.431153,531.162044,-57.943040,326.495189,531.526812,-18.655126,341.286469,497.766818,-203.560440,374.340887,498.913676,120.774711,332.448845,429.120714,-220.538391,382.459462,439.382763,182.840170,305.280467,373.847835,-139.982108,363.503354,397.657487,170.933122,295.839675,355.763916,-158.144263,360.324788,389.212773,178.374649,291.331678,357.762122,-153.122190,355.680090,390.839490,153.559508,295.017503,363.693299,-133.786318,355.797498,394.026456,159.198982,344.092211,372.396709,-100.505997,364.981259,373.953886,100.385482,347.869491,283.001020,-29.376097,356.803197,286.976101,165.094558,359.239986,181.034673,47.050801,367.089499,201.849453,263.311725,370.240856,162.759312,51.241086,377.756814,185.253277,271.007213,318.866003,165.834090,-6.210068,334.997403,188.389327,239.529068,
0.000000,0.000000,0.000000,0.000000,0.000000,0.000000,0.000000,0.000000,0.000000,0.000000,0.000000,0.000000,0.000000,0.000000,0.000000,0.000000,0.000000,0.000000,0.000000,0.000000,0.000000,0.000000,0.000000,0.000000,0.000000,0.000000,0.000000,0.000000,0.000000,0.000000,0.000000,0.000000,0.000000,0.000000,0.000000,0.000000,0.000000,0.000000,0.000000,0.000000,0.000000,0.000000,0.000000,0.000000,0.000000,0.000000,0.000000,0.000000,0.000000,0.000000,0.000000,0.000000,308.202026,516.404177,-34.979995,312.300781,525.020917,-55.111673,313.298502,525.117734,-55.152049,314.338071,525.251429,-55.156693,312.498783,525.364031,-25.630384,313.647927,525.667856,-25.602214,314.893350,526.021954,-25.607331,325.073045,521.505615,-108.173585,326.740365,522.711007,21.225955,312.666042,508.362547,-50.907965,312.741432,508.710160,-13.463669,326.951328,476.686263,-192.032926,358.746735,477.786795,117.321994,318.030378,411.349524,-206.791770,366.998191,421.631326,180.834250,289.876604,360.176204,-126.070695,348.910987,384.440553,177.031446,279.943448,343.379547,-142.393878,345.960384,376.924563,185.037046,275.648312,345.808630,-137.917251,341.415984,379.068800,162.256101,279.326605,351.218717,-120.125425,341.536045,381.737757,166.320734,329.207127,356.871657,-96.339149,349.354026,358.226653,96.217588,333.092791,271.031435,-28.404021,341.700541,274.689633,157.443606,343.970899,173.234569,44.626011,351.457176,193.150668,251.487382,354.541959,155.845344,48.734255,361.632907,177.679484,258.888029,306.208178,158.995426,-5.219898,320.789468,180.615307,229.232816,
0.000000,0.000000,0.000000,0.000000,0.000000,0.000000,0.000000,0.000000,0.000000,0.000000,0.000000,0.000000,0.000000,0.000000,0.000000,0.000000,0.000000,0.000000,0.000000,0.000000,0.000000,0.000000,0.000000,0.000000,0.000000,0.000000,0.000000,0.000000,0.000000,0.000000,0.000000,0.000000,0.000000,0.000000,0.000000,0.000000,0.000000,0.000000,0.000000,0.000000,0.000000,0.000000,0.000000,0.000000,0.000000,0.000000,0.000000,0.000000,0.000000,0.000000,0.000000,0.000000,294.580398,493.133082,-28.181759,298.472143,501.393100,-47.581692,299.426656,501.496960,-47.622246,300.424338,501.643839,-47.628269,298.663214,501.737877,-19.513184,299.762389,502.048932,-19.486782,300.957973,502.415148,-19.490590,310.691052,498.312787,-99.790560,312.256193,499.467053,23.330942,298.900931,485.563051,-43.872891,298.987674,485.893509,-8.272212,312.616188,455.605708,-180.505413,343.152584,456.659914,113.869277,303.611911,393.578334,-193.045148,351.536919,403.879889,178.828330,274.472741,346.504573,-112.159282,334.318620,371.223619,183.129770,264.047221,330.995178,-126.643494,331.595980,364.636353,191.699444,259.964946,333.855138,-122.712313,327.151878,367.298109,170.952694,263.635706,338.744135,-106.464532,327.274593,369.449058,173.442486,314.322044,341.346604,-92.172302,333.726794,342.499419,92.049694,318.316092,259.061850,-27.431946,326.597884,262.403165,149.792655,328.701812,165.434465,42.201220,335.824854,184.451882,239.663039,338.843061,148.931375,46.227424,345.508999,170.105690,246.768844,293.550353,152.156762,-4.229727,306.581532,172.841288,218.936564,
0.000000,0.000000,0.000000,0.000000,0.000000,0.000000,0.000000,0.000000,0.000000,0.000000,0.000000,0.000000,0.000000,0.000000,0.000000,0.000000,0.000000,0.000000,0.000000,0.000000,0.000000,0.000000,0.000000,0.000000,0.000000,0.000000,0.000000,0.000000,0.000000,0.000000,0.000000,0.000000,0.000000,0.000000,0.000000,0.000000,0.000000,0.000000,0.000000,0.000000,0.000000,0.000000,0.000000,0.000000,0.000000,0.000000,0.000000,0.000000,0.000000,0.000000,0.000000,0.000000,280.958769,469.861986,-21.383523,284.643504,477.765283,-40.051710,285.554810,477.876186,-40.092444,286.510605,478.036248,-40.099845,284.827645,478.111723,-13.395983,285.876851,478.430007,-13.371350,287.022596,478.808342,-13.373850,296.309058,475.119958,-91.407534,297.772022,476.223100,25.435930,285.135820,462.763555,-36.837816,285.233917,463.076857,-3.080755,298.281047,434.525153,-168.977899,327.558433,435.533032,110.416561,289.193445,375.807144,-179.298527,336.075647,386.128452,176.822410,259.068878,332.832941,-98.247869,319.726253,358.006686,189.228094,248.150994,318.610809,-110.893110,317.231576,352.348143,198.361841,244.281580,321.901645,-107.507374,312.887771,355.527419,179.649286,247.944807,326.269553,-92.803640,313.013141,357.160360,180.564238,299.436961,325.821552,-88.005455,318.099561,326.772185,87.881800,303.539392,247.092264,-26.459870,311.495228,250.116697,142.141703,313.432724,157.634362,39.776430,320.192531,175.753097,227.838696,323.144163,142.017407,43.720593,329.385092,162.531897,234.649660,280.892528,145.318097,-3.239557,292.373596,165.067268,208.640312,
0.000000,0.000000,0.000000,0.000000,0.000000,0.000000,0.000000,0.000000,0.000000,0.000000,0.000000,0.000000,0.000000,0.000000,0.000000,0.000000,0.000000,0.000000,0.000000,0.000000,0.000000,0.000000,0.000000,0.000000,0.000000,0.000000,0.000000,0.000000,0.000000,0.000000,0.000000,0.000000,0.000000,0.000000,0.000000,0.000000,0.000000,0.000000,0.000000,0.000000,0.000000,0.000000,0.000000,0.000000,0.000000,0.000000,0.000000,0.000000,0.000000,0.000000,0.000000,0.000000,284.081139,475.029305,-22.434904,287.775716,483.023746,-41.381295,288.705520,483.141505,-41.424315,289.684380,483.307342,-41.432722,287.948769,483.365693,-14.514237,289.003734,483.688654,-14.491845,290.161932,484.072434,-14.496445,299.637916,480.391340,-93.031085,301.062098,481.502954,24.808181,288.340942,467.835845,-37.914077,288.437463,468.150024,-3.893846,301.731650,439.389797,-170.544360,331.325504,440.281455,111.368670,292.468437,380.335923,-180.680388,339.835041,390.393358,181.294562,260.177385,339.147141,-99.818557,322.742648,363.645255,199.077375,249.001827,325.000735,-112.825404,318.924030,357.729041,208.865053,245.371800,328.661239,-109.201239,314.293742,361.354222,190.010972,249.140241,333.128615,-94.300445,315.493297,362.739517,190.472203,302.828323,329.335513,-88.875625,321.570093,330.388071,88.753155,306.988558,249.731619,-26.283373,315.109875,252.821044,146.620723,316.947623,159.368951,39.435781,323.825663,177.771333,235.903963,326.768421,143.513236,43.427935,333.114891,164.760861,243.159883,283.820345,146.990647,-3.752055,295.757625,167.229270,217.902898,
0.000000,0.000000,0.000000,0.000000,0.000000,0.000000,0.000000,0.000000,0.000000,0.000000,0.000000,0.000000,0.000000,0.000000,0.000000,0.000000,0.000000,0.000000,0.000000,0.000000,0.000000,0.000000,0.000000,0.000000,0.000000,0.000000,0.000000,0.000000,0.000000,0.000000,0.000000,0.000000,0.000000,0.000000,0.000000,0.000000,0.000000,0.000000,0.000000,0.000000,0.000000,0.000000,0.000000,0.000000,0.000000,0.000000,0.000000,0.000000,0.000000,0.000000,0.000000,0.000000,287.203509,480.196623,-23.486286,290.907928,488.282209,-42.710880,291.856229,488.406825,-42.756185,292.858155,488.578435,-42.765598,291.069894,488.619663,-15.632490,292.130617,488.947300,-15.612339,293.301269,489.336525,-15.619041,302.966774,485.662722,-94.654635,304.352175,486.782809,24.180432,291.546065,472.908136,-38.990338,291.641010,473.223190,-4.706938,305.182252,444.254441,-172.110821,335.092576,445.029878,112.320779,295.743430,384.864703,-182.062249,343.594435,394.658263,185.766714,261.285893,345.461341,-101.389246,325.759044,369.283824,208.926656,249.852660,331.390660,-114.757699,320.616484,363.109939,219.368266,246.462019,335.420832,-110.895105,315.699713,367.181026,200.372658,250.335676,339.987676,-95.797251,317.973453,368.318674,200.380168,306.219684,332.849474,-89.745795,325.040624,334.003956,89.624510,310.437724,252.370973,-26.106875,318.724522,255.525391,151.099743,320.462521,161.103540,39.095131,327.458795,179.789568,243.969230,330.392680,145.009064,43.135276,336.844690,166.989825,251.670105,286.748163,148.663196,-4.264553,299.141654,169.391272,227.165484,
0.000000,0.000000,0.000000,0.000000,0.000000,0.000000,0.000000,0.000000,0.000000,0.000000,0.000000,0.000000,0.000000,0.000000,0.000000,0.000000,0.000000,0.000000,0.000000,0.000000,0.000000,0.000000,0.000000,0.000000,0.000000,0.000000,0.000000,0.000000,0.000000,0.000000,0.000000,0.000000,0.000000,0.000000,0.000000,0.000000,0.000000,0.000000,0.000000,0.000000,0.000000,0.000000,0.000000,0.000000,0.000000,0.000000,0.000000,0.000000,0.000000,0.000000,0.000000,0.000000,290.325879,485.363942,-24.537667,294.040140,493.540672,-44.040466,295.006939,493.672145,-44.088055,296.031929,493.849528,-44.098474,294.191018,493.873634,-16.750744,295.257499,494.205947,-16.732834,296.440606,494.600617,-16.741636,306.295631,490.934104,-96.278186,307.642251,492.062663,23.552683,294.751187,477.980427,-40.066599,294.844556,478.296356,-5.520029,308.632855,449.119085,-173.677282,338.859647,449.778300,113.272888,299.018423,389.393482,-183.444110,347.353829,398.923169,190.238867,262.394400,351.775541,-102.959934,328.775439,374.922393,218.775937,250.703493,337.780585,-116.689994,322.308938,368.490837,229.871479,247.552239,342.180426,-112.588970,317.105684,373.007830,210.734345,251.531110,346.846737,-97.294057,320.453609,373.897831,210.288132,309.611046,336.363436,-90.615966,328.511156,337.619842,90.495865,313.886889,255.010328,-25.930378,322.339169,258.229738,155.578763,323.977420,162.838128,38.754481,331.091927,181.807804,252.034498,334.016938,146.504893,42.842617,340.574490,169.218789,260.180328,289.675981,150.335746,-4.777051,302.525683,171.553274,236.428070,
0.000000,0.000000,0.000000,0.000000,0.000000,0.000000,0.000000,0.000000,0.000000,0.000000,0.000000,0.000000,0.000000,0.000000,0.000000,0.000000,0.000000,0.000000,0.000000,0.000000,0.000000,0.000000,0.000000,0.000000,0.000000,0.000000,0.000000,0.000000,0.000000,0.000000,0.000000,0.000000,0.000000,0.000000,0.000000,0.000000,0.000000,0.000000,0.000000,0.000000,0.000000,0.000000,0.000000,0.000000,0.000000,0.000000,0.000000,0.000000,0.000000,0.000000,0.000000,0.000000,293.448249,490.531260,-25.589048,297.172352,498.799135,-45.370051,298.157649,498.937464,-45.419925,299.205704,499.120621,-45.431351,297.312142,499.127604,-17.868997,298.384382,499.464593,-17.853329,299.579943,499.864709,-17.864232,309.624489,496.205485,-97.901736,310.932327,497.342517,22.924934,297.956310,483.052718,-41.142860,298.048103,483.369522,-6.333120,312.083458,453.983729,-175.243743,342.626719,454.526723,114.224997,302.293416,393.922262,-184.825971,351.113222,403.188074,194.711019,263.502908,358.089741,-104.530622,331.791834,380.560963,228.625218,251.554327,344.170510,-118.622289,324.001392,373.871735,240.374691,248.642459,348.940019,-114.282835,318.511654,378.834634,221.096031,252.726544,353.705798,-98.790863,322.933765,379.476988,220.196097,313.002408,339.877397,-91.486136,331.981687,341.235728,91.367220,317.336055,257.649682,-25.753880,325.953816,260.934085,160.057783,327.492318,164.572717,38.413832,334.725059,183.826039,260.099765,337.641196,148.000722,42.549959,344.304289,171.447753,268.690551,292.603799,152.008295,-5.289549,305.909713,173.715276,245.690657,
0.000000,0.000000,0.000000,0.000000,0.000000,0.000000,0.000000,0.000000,0.000000,0.000000,0.000000,0.000000,0.000000,0.000000,0.000000,0.000000,0.000000,0.000000,0.000000,0.000000,0.000000,0.000000,0.000000,0.000000,0.000000,0.000000,0.000000,0.000000,0.000000,0.000000,0.000000,0.000000,0.000000,0.000000,0.000000,0.000000,0.000000,0.000000,0.000000,0.000000,0.000000,0.000000,0.000000,0.000000,0.000000,0.000000,0.000000,0.000000,0.000000,0.000000,0.000000,0.000000,293.455966,490.448645,-24.756508,297.158725,498.718350,-44.695305,298.146228,498.860298,-44.746323,299.199588,499.046698,-44.757798,297.296907,499.044277,-17.312956,298.368267,499.383716,-17.299328,299.566983,499.786810,-17.312038,309.642610,496.167063,-97.420634,310.928138,497.305144,22.941547,297.991229,482.973883,-40.342500,298.084949,483.292057,-5.677841,312.184998,454.003150,-174.241457,342.743701,454.533335,114.043579,302.040560,394.627491,-186.546456,351.226516,404.068680,200.068660,261.743330,361.293071,-110.912979,331.937658,383.722938,243.488158,249.590835,347.918992,-125.190412,324.034325,377.255752,256.658505,246.911079,353.026499,-120.768160,318.508354,382.364168,237.956481,251.086386,357.664478,-105.248001,323.113610,382.810186,235.605090,312.996837,339.786358,-91.359105,331.871560,341.224535,91.239680,317.378165,257.551796,-26.790116,326.040228,260.857798,160.626298,327.489461,164.464988,34.850496,334.778192,183.890081,260.578220,337.645115,147.879175,38.876943,344.332786,171.743427,269.213756,292.577267,152.020114,-8.626806,305.995718,174.006850,246.815917,
0.000000,0.000000,0.000000,0.000000,0.000000,0.000000,0.000000,0.000000,0.000000,0.000000,0.000000,0.000000,0.000000,0.000000,0.000000,0.000000,0.000000,0.000000,0.000000,0.000000,0.000000,0.000000,0.000000,0.000000,0.000000,0.000000,0.000000,0.000000,0.000000,0.000000,0.000000,0.000000,0.000000,0.000000,0.000000,0.000000,0.000000,0.000000,0.000000,0.000000,0.000000,0.000000,0.000000,0.000000,0.000000,0.000000,0.000000,0.000000,0.000000,0.000000,0.000000,0.000000,293.463683,490.366030,-23.923968,297.145097,498.637566,-44.020559,298.134806,498.783132,-44.072721,299.193472,498.972776,-44.084246,297.281672,498.960950,-16.756914,298.352153,499.302838,-16.745327,299.554024,499.708912,-16.759844,309.660731,496.128640,-96.939532,310.923949,497.267771,22.958160,298.026147,482.895048,-39.542140,298.121796,483.214591,-5.022562,312.286539,454.022570,-173.239170,342.860683,454.539947,113.862161,301.787704,395.332720,-188.266940,351.339809,404.949285,205.426302,259.983753,364.496401,-117.295335,332.083481,386.884913,258.351098,247.627344,351.667474,-131.758534,324.067258,380.639769,272.942318,245.179699,357.112980,-127.253485,318.505053,385.893701,254.816931,249.446229,361.623157,-111.705139,323.293454,386.143384,251.014084,312.991265,339.695320,-91.232074,331.761433,341.213343,91.112140,317.420274,257.453910,-27.826352,326.126639,260.781510,161.194813,327.486604,164.357258,31.287160,334.831325,183.954124,261.056675,337.649035,147.757627,35.203927,344.361283,172.039101,269.736962,292.550735,152.031933,-11.964062,306.081723,174.298425,247.941178,
0.000000,0.000000,0.000000,0.000000,0.000000,0.000000,0.000000,0.000000,0.000000,0.000000,0.000000,0.000000,0.000000,0.000000,0.000000,0.000000,0.000000,0.000000,0.000000,0.000000,0.000000,0.000000,0.000000,0.000000,0.000000,0.000000,0.000000,0.000000,0.000000,0.000000,0.000000,0.000000,0.000000,0.000000,0.000000,0.000000,0.000000,0.000000,0.000000,0.000000,0.000000,0.000000,0.000000,0.000000,0.000000,0.000000,0.000000,0.000000,0.000000,0.000000,0.000000,0.000000,293.471400,490.283415,-23.091428,297.131470,498.556782,-43.345813,298.123385,498.705965,-43.399119,299.187356,498.898854,-43.410693,297.266437,498.877622,-16.200873,298.336038,499.221961,-16.191326,299.541064,499.631013,-16.207649,309.678852,496.090217,-96.458430,310.919761,497.230398,22.974773,298.061066,482.816213,-38.741780,298.158643,483.137126,-4.367282,312.388080,454.041991,-172.236884,342.977665,454.546559,113.680743,301.534847,396.037949,-189.987424,351.453102,405.829891,210.783943,258.224175,367.699732,-123.677691,332.229304,390.046889,273.214039,245.663853,355.415956,-138.326656,324.100191,384.023786,289.226132,243.448319,361.199460,-133.738810,318.501753,389.423235,271.677380,247.806071,365.581837,-118.162277,323.473299,389.476581,266.423077,312.985694,339.604281,-91.105044,331.651306,341.202150,90.984599,317.462384,257.356023,-28.862589,326.213051,260.705223,161.763328,327.483747,164.249528,27.723824,334.884458,184.018166,261.535131,337.652954,147.636080,31.530911,344.389780,172.334774,270.260167,292.524203,152.043752,-15.301319,306.167727,174.589999,249.066439,
0.000000,0.000000,0.000000,0.000000,0.000000,0.000000,0.000000,0.000000,0.000000,0.000000,0.000000,0.000000,0.000000,0.000000,0.000000,0.000000,0.000000,0.000000,0.000000,0.000000,0.000000,0.000000,0.000000,0.000000,0.000000,0.000000,0.000000,0.000000,0.000000,0.000000,0.000000,0.000000,0.000000,0.000000,0.000000,0.000000,0.000000,0.000000,0.000000,0.000000,0.000000,0.000000,0.000000,0.000000,0.000000,0.000000,0.000000,0.000000,0.000000,0.000000,0.000000,0.000000,293.479117,490.200800,-22.258888,297.117843,498.475997,-42.671068,298.111963,498.628799,-42.725517,299.181240,498.824931,-42.737140,297.251202,498.794295,-15.644831,298.319923,499.141083,-15.637325,299.528104,499.553114,-15.655455,309.696973,496.051794,-95.977328,310.915572,497.193025,22.991386,298.095985,482.737378,-37.941420,298.195490,483.059661,-3.712003,312.489620,454.061411,-171.234598,343.094647,454.553171,113.499325,301.281991,396.743178,-191.707908,351.566396,406.710496,216.141585,256.464598,370.903062,-130.060047,332.375127,393.208864,288.076979,243.700362,359.164438,-144.894778,324.133124,387.407803,305.509945,241.716939,365.285940,-140.224135,318.498452,392.952769,288.537830,246.165914,369.540516,-124.619415,323.653144,392.809779,281.832071,312.980123,339.513242,-90.978013,331.541179,341.190957,90.857059,317.504493,257.258137,-29.898825,326.299462,260.628935,162.331843,327.480890,164.141798,24.160488,334.937591,184.082208,262.013586,337.656873,147.514533,27.857895,344.418278,172.630448,270.783373,292.497672,152.055571,-18.638576,306.253732,174.881574,250.191700,
0.000000,0.000000,0.000000,0.000000,0.000000,0.000000,0.000000,0.000000,0.000000,0.000000,0.000000,0.000000,0.000000,0.000000,0.000000,0.000000,0.000000,0.000000,0.000000,0.000000,0.000000,0.000000,0.000000,0.000000,0.000000,0.000000,0.000000,0.000000,0.000000,0.000000,0.000000,0.000000,0.000000,0.000000,0.000000,0.000000,0.000000,0.000000,0.000000,0.000000,0.000000,0.000000,0.000000,0.000000,0.000000,0.000000,0.000000,0.000000,0.000000,0.000000,0.000000,0.000000,293.511700,490.184409,-20.182164,297.142101,498.456628,-40.817337,298.132393,498.608494,-40.871743,299.200001,498.803206,-40.882177,297.285750,498.776067,-13.913279,298.358494,499.123161,-13.907343,299.572892,499.535127,-13.927059,309.719110,496.031345,-94.615693,310.951146,497.179095,23.860570,298.133206,482.718816,-36.019634,298.236193,483.046355,-1.922177,312.564568,454.092049,-169.778600,343.154383,454.718800,113.458314,300.711643,397.731138,-195.869057,351.605038,408.430647,223.306111,254.951470,374.492359,-142.152666,333.091746,397.576120,306.751938,241.951684,363.591457,-157.183034,325.946648,392.276146,326.160004,240.199625,370.007802,-152.465672,320.475414,397.725892,310.150501,244.736576,373.992983,-136.848202,324.985880,397.435781,301.340365,312.961053,339.434293,-90.858782,331.407980,341.193657,90.734426,317.545959,257.188164,-32.450237,326.343622,260.571213,161.140060,327.479094,164.017013,17.908050,335.001835,184.190720,258.592108,337.663347,147.410214,21.371605,344.438961,172.765200,267.150192,292.469191,151.923709,-24.986299,306.315002,175.097731,246.778103,
0.000000,0.000000,0.000000,0.000000,0.000000,0.000000,0.000000,0.000000,0.000000,0.000000,0.000000,0.000000,0.000000,0.000000,0.000000,0.000000,0.000000,0.000000,0.000000,0.000000,0.000000,0.000000,0.000000,0.000000,0.000000,0.000000,0.000000,0.000000,0.000000,0.000000,0.000000,0.000000,0.000000,0.000000,0.000000,0.000000,0.000000,0.000000,0.000000,0.000000,0.000000,0.000000,0.000000,0.000000,0.000000,0.000000,0.000000,0.000000,0.000000,0.000000,0.000000,0.000000,293.544284,490.168019,-18.105439,297.166359,498.437259,-38.963607,298.152823,498.588189,-39.017969,299.218761,498.781481,-39.027213,297.320298,498.757840,-12.181727,298.397065,499.105239,-12.177360,299.617679,499.517140,-12.198663,309.741246,496.010895,-93.254058,310.986720,497.165165,24.729754,298.170427,482.700253,-34.097849,298.276896,483.033049,-0.132351,312.639515,454.122687,-168.322601,343.214119,454.884429,113.417304,300.141295,398.719099,-200.030205,351.643680,410.150799,230.470638,253.438343,378.081655,-154.245286,333.808364,401.943375,325.426897,240.203005,368.018476,-169.471289,327.760171,397.144489,346.810063,238.682310,374.729664,-164.707209,322.452376,402.499015,331.763172,243.307238,378.445451,-149.076989,326.318616,402.061784,320.848660,312.941983,339.355344,-90.739550,331.274781,341.196357,90.611793,317.587425,257.118192,-35.001650,326.387782,260.513491,159.948278,327.477297,163.892227,11.655613,335.066078,184.299232,255.170630,337.669821,147.305896,14.885315,344.459645,172.899952,263.517012,292.440710,151.791847,-31.334022,306.376272,175.313888,243.364507,
0.000000,0.000000,0.000000,0.000000,0.000000,0.000000,0.000000,0.000000,0.000000,0.000000,0.000000,0.000000,0.000000,0.000000,0.000000,0.000000,0.000000,0.000000,0.000000,0.000000,0.000000,0.000000,0.000000,0.000000,0.000000,0.000000,0.000000,0.000000,0.000000,0.000000,0.000000,0.000000,0.000000,0.000000,0.000000,0.000000,0.000000,0.000000,0.000000,0.000000,0.000000,0.000000,0.000000,0.000000,0.000000,0.000000,0.000000,0.000000,0.000000,0.000000,0.000000,0.000000,293.576867,490.151628,-16.028715,297.190616,498.417889,-37.109877,298.173253,498.567884,-37.164195,299.237522,498.759756,-37.172249,297.354846,498.739612,-10.450175,298.435636,499.087317,-10.447378,299.662467,499.499153,-10.470266,309.763383,495.990445,-91.892423,311.022294,497.151234,25.598938,298.207648,482.681691,-32.176063,298.317599,483.019743,1.657475,312.714462,454.153325,-166.866603,343.273854,455.050057,113.376294,299.570947,399.707060,-204.191354,351.682323,411.870950,237.635165,251.925215,381.670951,-166.337905,334.524983,406.310631,344.101856,238.454327,372.445494,-181.759544,329.573695,402.012832,367.460121,237.164996,379.451526,-176.948746,324.429338,407.272138,353.375843,241.877901,382.897918,-161.305776,327.651352,406.687786,340.356954,312.922914,339.276395,-90.620319,331.141582,341.199057,90.489160,317.628891,257.048219,-37.553062,326.431942,260.455769,158.756495,327.475500,163.767442,5.403175,335.130321,184.407743,251.749152,337.676295,147.201578,8.399024,344.480329,173.034704,259.883832,292.412229,151.659986,-37.681745,306.437542,175.530045,239.950910,
0.000000,0.000000,0.000000,0.000000,0.000000,0.000000,0.000000,0.000000,0.000000,0.000000,0.000000,0.000000,0.000000,0.000000,0.000000,0.000000,0.000000,0.000000,0.000000,0.000000,0.000000,0.000000,0.000000,0.000000,0.000000,0.000000,0.000000,0.000000,0.000000,0.000000,0.000000,0.000000,0.000000,0.000000,0.000000,0.000000,0.000000,0.000000,0.000000,0.000000,0.000000,0.000000,0.000000,0.000000,0.000000,0.000000,0.000000,0.000000,0.000000,0.000000,0.000000,0.000000,293.609451,490.135238,-13.951991,297.214874,498.398520,-35.256147,298.193683,498.547579,-35.310422,299.256283,498.738031,-35.317285,297.389393,498.721384,-8.718623,298.474207,499.069395,-8.717396,299.707255,499.481166,-8.741870,309.785519,495.969996,-90.530788,311.057868,497.137304,26.468121,298.244869,482.663128,-30.254277,298.358302,483.006437,3.447301,312.789410,454.183964,-165.410605,343.333590,455.215686,113.335284,299.000600,400.695020,-208.352502,351.720965,413.591102,244.799691,250.412087,385.260248,-178.430525,335.241602,410.677887,362.776814,236.705648,376.872513,-194.047800,331.387218,406.881175,388.110180,235.647681,384.173388,-189.190283,326.406300,412.045261,374.988514,240.448563,387.350385,-173.534563,328.984089,411.313788,359.865248,312.903844,339.197447,-90.501088,331.008383,341.201756,90.366526,317.670357,256.978246,-40.104475,326.476102,260.398047,157.564712,327.473703,163.642656,-0.849263,335.194564,184.516255,248.327674,337.682768,147.097260,1.912734,344.501013,173.169456,256.250651,292.383748,151.528124,-44.029468,306.498812,175.746202,236.537314,
0.000000,0.000000,0.000000,0.000000,0.000000,0.000000,0.000000,0.000000,0.000000,0.000000,0.000000,0.000000,0.000000,0.000000,0.000000,0.000000,0.000000,0.000000,0.000000,0.000000,0.000000,0.000000,0.000000,0.000000,0.000000,0.000000,0.000000,0.000000,0.000000,0.000000,0.000000,0.000000,0.000000,0.000000,0.000000,0.000000,0.000000,0.000000,0.000000,0.000000,0.000000,0.000000,0.000000,0.000000,0.000000,0.000000,0.000000,0.000000,0.000000,0.000000,0.000000,0.000000,293.660171,490.178504,-10.365625,297.269470,498.434014,-31.993117,298.238755,498.578685,-32.045684,299.293082,498.764372,-32.050346,297.467315,498.761185,-5.547836,298.561830,499.107960,-5.547800,299.804442,499.517100,-5.573520,309.804965,495.968734,-88.164521,311.131208,497.146975,28.494754,298.275675,482.702560,-26.968819,298.397463,483.051719,6.666212,312.836158,454.240531,-163.332706,343.333707,455.576229,113.484508,298.092891,401.983310,-214.765352,351.655564,416.178923,253.450898,249.186108,389.209287,-196.137169,336.623382,416.426662,383.624382,235.142836,381.896433,-212.008787,335.164232,413.368690,411.234421,234.333626,389.458296,-207.204808,330.576252,418.353218,399.487208,239.222048,392.227142,-191.461555,331.669459,417.469058,381.809758,312.870608,339.146928,-90.407538,330.842385,341.226389,90.265816,317.699435,256.947271,-44.209731,326.480046,260.376550,155.047362,327.478405,163.521403,-9.958793,335.281139,184.677760,241.829323,337.696490,147.043186,-7.584849,344.520210,173.170706,249.332211,292.356418,151.227145,-53.667251,306.554388,175.882938,229.574042,
0.000000,0.000000,0.000000,0.000000,0.000000,0.000000,0.000000,0.000000,0.000000,0.000000,0.000000,0.000000,0.000000,0.000000,0.000000,0.000000,0.000000,0.000000,0.000000,0.000000,0.000000,0.000000,0.000000,0.000000,0.000000,0.000000,0.000000,0.000000,0.000000,0.000000,0.000000,0.000000,0.000000,0.000000,0.000000,0.000000,0.000000,0.000000,0.000000,0.000000,0.000000,0.000000,0.000000,0.000000,0.000000,0.000000,0.000000,0.000000,0.000000,0.000000,0.000000,0.000000,293.710892,490.221770,-6.779260,297.324066,498.469509,-28.730086,298.283828,498.609792,-28.780946,299.329882,498.790714,-28.783407,297.545237,498.800985,-2.377049,298.649453,499.146526,-2.378204,299.901628,499.553035,-2.405169,309.824412,495.967473,-85.798253,311.204548,497.156645,30.521386,298.306481,482.741993,-23.683361,298.436623,483.097001,9.885123,312.882907,454.297099,-161.254807,343.333823,455.936772,113.633731,297.185182,403.271600,-221.178201,351.590164,418.766744,262.102105,247.960129,393.158325,-213.843814,338.005162,422.175437,404.471950,233.580023,386.920353,-229.969775,338.941246,419.856205,434.358662,233.019571,394.743203,-225.219334,334.746205,424.661174,423.985902,237.995534,397.103898,-209.388547,334.354830,423.624327,403.754267,312.837372,339.096409,-90.313989,330.676387,341.251021,90.165106,317.728513,256.916296,-48.314987,326.483990,260.355053,152.530013,327.483108,163.400150,-19.068324,335.367714,184.839266,235.330972,337.710211,146.989113,-17.082431,344.539408,173.171955,242.413770,292.329088,150.926165,-63.305033,306.609964,176.019675,222.610771,
0.000000,0.000000,0.000000,0.000000,0.000000,0.000000,0.000000,0.000000,0.000000,0.000000,0.000000,0.000000,0.000000,0.000000,0.000000,0.000000,0.000000,0.000000,0.000000,0.000000,0.000000,0.000000,0.000000,0.000000,0.000000,0.000000,0.000000,0.000000,0.000000,0.000000,0.000000,0.000000,0.000000,0.000000,0.000000,0.000000,0.000000,0.000000,0.000000,0.000000,0.000000,0.000000,0.000000,0.000000,0.000000,0.000000,0.000000,0.000000,0.000000,0.000000,0.000000,0.000000,293.761613,490.265037,-3.192895,297.378663,498.505003,-25.467056,298.328901,498.640899,-25.516208,299.366682,498.817055,-25.516468,297.623159,498.840785,0.793738,298.737076,499.185091,0.791391,299.998815,499.588969,0.763181,309.843858,495.966211,-83.431986,311.277888,497.166316,32.548018,298.337287,482.781425,-20.397902,298.475784,483.142283,13.104034,312.929655,454.353667,-159.176907,343.333940,456.297316,113.782955,296.277473,404.559891,-227.591051,351.524763,421.354565,270.753312,246.734149,397.107364,-231.550459,339.386942,427.924213,425.319518,232.017211,391.944273,-247.930762,342.718260,426.343720,457.482902,231.705516,400.028110,-243.233859,338.916157,430.969131,448.484596,236.769019,401.980655,-227.315540,337.040200,429.779596,425.698776,312.804136,339.045891,-90.220440,330.510389,341.275653,90.064396,317.757592,256.885321,-52.420243,326.487934,260.333557,150.012663,327.487811,163.278897,-28.177854,335.454289,185.000771,228.832622,337.723933,146.935039,-26.580014,344.558605,173.173205,235.495330,292.301757,150.625186,-72.942816,306.665539,176.156411,215.647500,
0.000000,0.000000,0.000000,0.000000,0.000000,0.000000,0.000000,0.000000,0.000000,0.000000,0.000000,0.000000,0.000000,0.000000,0.000000,0.000000,0.000000,0.000000,0.000000,0.000000,0.000000,0.000000,0.000000,0.000000,0.000000,0.000000,0.000000,0.000000,0.000000,0.000000,0.000000,0.000000,0.000000,0.000000,0.000000,0.000000,0.000000,0.000000,0.000000,0.000000,0.000000,0.000000,0.000000,0.000000,0.000000,0.000000,0.000000,0.000000,0.000000,0.000000,0.000000,0.000000,293.812334,490.308303,0.393470,297.433259,498.540497,-22.204026,298.373973,498.672005,-22.251470,299.403482,498.843396,-22.249529,297.701080,498.880585,3.964525,298.824699,499.223656,3.960987,300.096001,499.624904,3.931531,309.863304,495.964950,-81.065719,311.351228,497.175987,34.574650,298.368092,482.820858,-17.112444,298.514944,483.187565,16.322945,312.976404,454.410234,-157.099008,343.334057,456.657859,113.932179,295.369764,405.848181,-234.003900,351.459363,423.942386,279.404519,245.508170,401.056403,-249.257103,340.768722,433.672988,446.167086,230.454399,396.968193,-265.891749,346.495274,432.831235,480.607143,230.391461,405.313018,-261.248384,343.086110,437.277087,472.983291,235.542504,406.857412,-245.242532,339.725571,435.934865,447.643286,312.770900,338.995372,-90.126890,330.344391,341.300285,89.963686,317.786670,256.854346,-56.525500,326.491878,260.312060,147.495313,327.492514,163.157644,-37.287384,335.540864,185.162276,222.334271,337.737654,146.880966,-36.077597,344.577803,173.174455,228.576889,292.274427,150.324206,-82.580598,306.721115,176.293148,208.684229,
0.000000,0.000000,0.000000,0.000000,0.000000,0.000000,0.000000,0.000000,0.000000,0.000000,0.000000,0.000000,0.000000,0.000000,0.000000,0.000000,0.000000,0.000000,0.000000,0.000000,0.000000,0.000000,0.000000,0.000000,0.000000,0.000000,0.000000,0.000000,0.000000,0.000000,0.000000,0.000000,0.000000,0.000000,0.000000,0.000000,0.000000,0.000000,0.000000,0.000000,0.000000,0.000000,0.000000,0.000000,0.000000,0.000000,0.000000,0.000000,0.000000,0.000000,0.000000,0.000000,293.857280,490.307487,0.751532,297.510233,498.541577,-21.937346,298.441764,498.673589,-21.982990,299.464156,498.844107,-21.981770,297.790210,498.882584,4.536980,298.915535,499.227854,4.532237,300.189627,499.634950,4.503708,309.886278,495.957083,-80.687226,311.423787,497.171118,36.380214,298.381128,482.844673,-16.679882,298.517793,483.217038,17.200102,313.130124,454.553812,-156.039841,343.474254,456.739397,115.854514,295.391630,407.005185,-239.176663,351.507238,424.906616,279.516713,245.050425,405.380595,-262.726782,341.769206,435.169763,443.230630,229.916368,402.629243,-280.824031,346.588477,435.196086,477.206146,230.274624,410.774394,-275.233395,343.321218,439.491801,469.318677,235.501222,411.765245,-258.656252,340.035636,438.025709,444.526599,312.709359,339.092101,-90.144827,330.136627,341.321037,89.985359,317.805694,256.851262,-56.428231,326.443344,260.242072,146.108086,327.557718,163.187131,-36.349771,335.473533,185.167926,219.019160,337.797687,146.846972,-35.161229,344.518086,173.156739,225.073185,292.321075,150.373676,-82.023001,306.588497,176.255368,204.496505,
0.000000,0.000000,0.000000,0.000000,0.000000,0.000000,0.000000,0.000000,0.000000,0.000000,0.000000,0.000000,0.000000,0.000000,0.000000,0.000000,0.000000,0.000000,0.000000,0.000000,0.000000,0.000000,0.000000,0.000000,0.000000,0.000000,0.000000,0.000000,0.000000,0.000000,0.000000,0.000000,0.000000,0.000000,0.000000,0.000000,0.000000,0.000000,0.000000,0.000000,0.000000,0.000000,0.000000,0.000000,0.000000,0.000000,0.000000,0.000000,0.000000,0.000000,0.000000,0.000000,293.902227,490.306671,1.109595,297.587207,498.542656,-21.670665,298.509556,498.675173,-21.714509,299.524830,498.844817,-21.714012,297.879339,498.884582,5.109435,299.006372,499.232051,5.103487,300.283253,499.644997,5.075884,309.909252,495.949215,-80.308733,311.496346,497.166250,38.185778,298.394164,482.868488,-16.247321,298.520642,483.246512,18.077258,313.283845,454.697390,-154.980674,343.614451,456.820936,117.776849,295.413497,408.162189,-244.349425,351.555114,425.870846,279.628907,244.592679,409.704787,-276.196460,342.769690,436.666539,440.294175,229.378337,408.290294,-295.756313,346.681679,437.560936,473.805148,230.157787,416.235770,-289.218407,343.556325,441.706516,465.654064,235.459941,416.673078,-272.069973,340.345702,440.116553,441.409912,312.647818,339.188829,-90.162764,329.928863,341.341788,90.007032,317.824718,256.848178,-56.330963,326.394810,260.172084,144.720858,327.622922,163.216619,-35.412158,335.406202,185.173576,215.704050,337.857720,146.812977,-34.244862,344.458369,173.139023,221.569480,292.367723,150.423146,-81.465404,306.455878,176.217587,200.308781,
0.000000,0.000000,0.000000,0.000000,0.000000,0.000000,0.000000,0.000000,0.000000,0.000000,0.000000,0.000000,0.000000,0.000000,0.000000,0.000000,0.000000,0.000000,0.000000,0.000000,0.000000,0.000000,0.000000,0.000000,0.000000,0.000000,0.000000,0.000000,0.000000,0.000000,0.000000,0.000000,0.000000,0.000000,0.000000,0.000000,0.000000,0.000000,0.000000,0.000000,0.000000,0.000000,0.000000,0.000000,0.000000,0.000000,0.000000,0.000000,0.000000,0.000000,0.000000,0.000000,293.947173,490.305854,1.467657,297.664180,498.543735,-21.403985,298.577347,498.676757,-21.446029,299.585504,498.845528,-21.446254,297.968468,498.886581,5.681890,299.097208,499.236249,5.674738,300.376878,499.655044,5.648060,309.932226,495.941348,-79.930240,311.568905,497.161381,39.991342,298.407200,482.892303,-15.814759,298.523491,483.275985,18.954414,313.437566,454.840968,-153.921507,343.754649,456.902475,119.699185,295.435363,409.319194,-249.522188,351.602989,426.835076,279.741101,244.134934,414.028979,-289.666139,343.770174,438.163315,437.357719,228.840306,413.951344,-310.688595,346.774882,439.925787,470.404151,230.040950,421.697146,-303.203419,343.791433,443.921230,461.989451,235.418659,421.580911,-285.483693,340.655767,442.207396,438.293225,312.586278,339.285557,-90.180701,329.721099,341.362540,90.028704,317.843742,256.845093,-56.233695,326.346276,260.102096,143.333631,327.688127,163.246106,-34.474545,335.338872,185.179226,212.388939,337.917753,146.778983,-33.328495,344.398652,173.121307,218.065776,292.414371,150.472617,-80.907806,306.323259,176.179807,196.121057,
0.000000,0.000000,0.000000,0.000000,0.000000,0.000000,0.000000,0.000000,0.000000,0.000000,0.000000,0.000000,0.000000,0.000000,0.000000,0.000000,0.000000,0.000000,0.000000,0.000000,0.000000,0.000000,0.000000,0.000000,0.000000,0.000000,0.000000,0.000000,0.000000,0.000000,0.000000,0.000000,0.000000,0.000000,0.000000,0.000000,0.000000,0.000000,0.000000,0.000000,0.000000,0.000000,0.000000,0.000000,0.000000,0.000000,0.000000,0.000000,0.000000,0.000000,0.000000,0.000000,293.992119,490.305038,1.825720,297.741154,498.544815,-21.137305,298.645138,498.678341,-21.177549,299.646177,498.846238,-21.178496,298.057598,498.888579,6.254345,299.188044,499.240446,6.245988,300.470504,499.665091,6.220237,309.955200,495.933481,-79.551747,311.641464,497.156512,41.796906,298.420236,482.916118,-15.382197,298.526339,483.305458,19.831571,313.591286,454.984545,-152.862341,343.894846,456.984013,121.621520,295.457229,410.476198,-254.694950,351.650865,427.799306,279.853295,243.677188,418.353172,-303.135818,344.770658,439.660090,434.421263,228.302275,419.612394,-325.620876,346.868085,442.290637,467.003153,229.924113,427.158522,-317.188430,344.026541,446.135944,458.324838,235.377377,426.488745,-298.897414,340.965832,444.298240,435.176538,312.524737,339.382285,-90.198637,329.513335,341.383292,90.050377,317.862765,256.842009,-56.136427,326.297742,260.032108,141.946404,327.753331,163.275593,-33.536933,335.271541,185.184876,209.073829,337.977785,146.744988,-32.412128,344.338936,173.103591,214.562071,292.461019,150.522087,-80.350209,306.190641,176.142027,191.933333,
0.000000,0.000000,0.000000,0.000000,0.000000,0.000000,0.000000,0.000000,0.000000,0.000000,0.000000,0.000000,0.000000,0.000000,0.000000,0.000000,0.000000,0.000000,0.000000,0.000000,0.000000,0.000000,0.000000,0.000000,0.000000,0.000000,0.000000,0.000000,0.000000,0.000000,0.000000,0.000000,0.000000,0.000000,0.000000,0.000000,0.000000,0.000000,0.000000,0.000000,0.000000,0.000000,0.000000,0.000000,0.000000,0.000000,0.000000,0.000000,0.000000,0.000000,0.000000,0.000000,294.029886,490.322621,1.124736,297.799802,498.548689,-21.845498,298.695848,498.681440,-21.884027,299.689411,498.847943,-21.885477,298.127414,498.894632,5.700372,299.260533,499.247510,5.691764,300.547333,499.675668,5.667530,309.974424,495.914881,-80.101440,311.705958,497.142214,41.995466,298.416858,482.952940,-16.035536,298.526269,483.343621,19.420731,313.724755,455.105500,-152.655890,344.044724,457.183661,121.710097,295.375367,411.778069,-258.914022,351.732158,429.139978,279.183405,243.545961,422.538972,-312.349379,344.914083,441.651841,432.255801,228.311786,424.878192,-335.810997,346.508579,444.810386,464.597825,230.132078,432.254143,-326.644922,343.703757,448.439691,455.618288,235.598123,431.172227,-308.069958,340.681015,446.525131,432.836450,312.474166,339.484165,-90.060383,329.364659,341.461001,89.916330,317.885392,256.856540,-55.728995,326.242180,260.015726,141.666959,327.789898,163.381893,-32.154147,335.183848,185.194263,208.452325,338.013577,146.862967,-30.968063,344.272959,173.064176,213.912039,292.469941,150.557074,-79.055357,306.007559,176.059676,190.706065,
0.000000,0.000000,0.000000,0.000000,0.000000,0.000000,0.000000,0.000000,0.000000,0.000000,0.000000,0.000000,0.000000,0.000000,0.000000,0.000000,0.000000,0.000000,0.000000,0.000000,0.000000,0.000000,0.000000,0.000000,0.000000,0.000000,0.000000,0.000000,0.000000,0.000000,0.000000,0.000000,0.000000,0.000000,0.000000,0.000000,0.000000,0.000000,0.000000,0.000000,0.000000,0.000000,0.000000,0.000000,0.000000,0.000000,0.000000,0.000000,0.000000,0.000000,0.000000,0.000000,294.067652,490.340204,0.423753,297.858449,498.552562,-22.553692,298.746558,498.684539,-22.590505,299.732645,498.849649,-22.592457,298.197230,498.900684,5.146399,299.333021,499.254573,5.137541,300.624161,499.686245,5.114823,309.993647,495.896282,-80.651132,311.770452,497.127915,42.194026,298.413479,482.989763,-16.688875,298.526199,483.381784,19.009891,313.858224,455.226456,-152.449440,344.194602,457.383308,121.798674,295.293506,413.079940,-263.133093,351.813451,430.480649,278.513514,243.414733,426.724772,-321.562940,345.057507,443.643592,430.090338,228.321298,430.143991,-346.001118,346.149074,447.330135,462.192497,230.340043,437.349764,-336.101415,343.380972,450.743438,452.911737,235.818869,435.855708,-317.242502,340.396197,448.752022,430.496362,312.423595,339.586044,-89.922128,329.215983,341.538711,89.782282,317.908019,256.871072,-55.321563,326.186618,259.999344,141.387514,327.826465,163.488194,-30.771362,335.096155,185.203651,207.830822,338.049369,146.980946,-29.523998,344.206982,173.024761,213.262007,292.478863,150.592061,-77.760504,305.824478,175.977324,189.478797,
0.000000,0.000000,0.000000,0.000000,0.000000,0.000000,0.000000,0.000000,0.000000,0.000000,0.000000,0.000000,0.000000,0.000000,0.000000,0.000000,0.000000,0.000000,0.000000,0.000000,0.000000,0.000000,0.000000,0.000000,0.000000,0.000000,0.000000,0.000000,0.000000,0.000000,0.000000,0.000000,0.000000,0.000000,0.000000,0.000000,0.000000,0.000000,0.000000,0.000000,0.000000,0.000000,0.000000,0.000000,0.000000,0.000000,0.000000,0.000000,0.000000,0.000000,0.000000,0.000000,294.105419,490.357787,-0.277230,297.917096,498.556436,-23.261885,298.797267,498.687638,-23.296984,299.775878,498.851354,-23.299438,298.267047,498.906737,4.592427,299.405510,499.261636,4.583318,300.700990,499.696821,4.562116,310.012870,495.877682,-81.200825,311.834946,497.113617,42.392585,298.410101,483.026586,-17.342214,298.526129,483.419947,18.599051,313.991692,455.347411,-152.242990,344.344480,457.582956,121.887251,295.211644,414.381810,-267.352165,351.894745,431.821321,277.843624,243.283506,430.910572,-330.776501,345.200932,445.635343,427.924875,228.330809,435.409789,-356.191238,345.789568,449.849884,459.787169,230.548007,442.445385,-345.557907,343.058187,453.047185,450.205187,236.039616,440.539190,-326.415046,340.111379,450.978913,428.156275,312.373024,339.687923,-89.783873,329.067306,341.616420,89.648235,317.930645,256.885603,-54.914130,326.131056,259.982962,141.108070,327.863031,163.594494,-29.388577,335.008461,185.213038,207.209319,338.085161,147.098926,-28.079933,344.141005,172.985346,212.611975,292.487784,150.627048,-76.465652,305.641397,175.894973,188.251529,
0.000000,0.000000,0.000000,0.000000,0.000000,0.000000,0.000000,0.000000,0.000000,0.000000,0.000000,0.000000,0.000000,0.000000,0.000000,0.000000,0.000000,0.000000,0.000000,0.000000,0.000000,0.000000,0.000000,0.000000,0.000000,0.000000,0.000000,0.000000,0.000000,0.000000,0.000000,0.000000,0.000000,0.000000,0.000000,0.000000,0.000000,0.000000,0.000000,0.000000,0.000000,0.000000,0.000000,0.000000,0.000000,0.000000,0.000000,0.000000,0.000000,0.000000,0.000000,0.000000,294.143186,490.375370,-0.978213,297.975744,498.560310,-23.970079,298.847977,498.690737,-24.003462,299.819112,498.853059,-24.006418,298.336863,498.912790,4.038454,299.477998,499.268700,4.029094,300.777819,499.707398,4.009409,310.032093,495.859083,-81.750518,311.899440,497.099318,42.591145,298.406722,483.063409,-17.995552,298.526060,483.458109,18.188211,314.125161,455.468366,-152.036540,344.494358,457.782603,121.975828,295.129782,415.683681,-271.571236,351.976038,433.161993,277.173734,243.152278,435.096372,-339.990062,345.344356,447.627094,425.759412,228.340321,440.675587,-366.381359,345.430062,452.369633,457.381840,230.755972,447.541005,-355.014399,342.735403,455.350931,447.498637,236.260362,445.222672,-335.587590,339.826562,453.205803,425.816187,312.322453,339.789802,-89.645619,328.918630,341.694130,89.514187,317.953272,256.900134,-54.506698,326.075494,259.966580,140.828625,327.899598,163.700794,-28.005792,334.920768,185.222426,206.587816,338.120953,147.216905,-26.635868,344.075028,172.945930,211.961942,292.496706,150.662035,-75.170800,305.458315,175.812622,187.024261,
0.000000,0.000000,0.000000,0.000000,0.000000,0.000000,0.000000,0.000000,0.000000,0.000000,0.000000,0.000000,0.000000,0.000000,0.000000,0.000000,0.000000,0.000000,0.000000,0.000000,0.000000,0.000000,0.000000,0.000000,0.000000,0.000000,0.000000,0.000000,0.000000,0.000000,0.000000,0.000000,0.000000,0.000000,0.000000,0.000000,0.000000,0.000000,0.000000,0.000000,0.000000,0.000000,0.000000,0.000000,0.000000,0.000000,0.000000,0.000000,0.000000,0.000000,0.000000,0.000000,294.167043,490.404785,-2.472785,298.008518,498.560427,-25.422830,298.874397,498.689902,-25.454107,299.838067,498.851629,-25.457574,298.380958,498.915826,2.621778,299.526505,499.272161,2.613029,300.832502,499.712514,2.595571,310.040859,495.830966,-83.104297,311.953872,497.075748,41.487578,298.378212,483.110962,-19.492544,298.517672,483.499390,16.783914,314.236772,455.581410,-152.514618,344.651544,458.136258,120.280472,294.924324,417.148017,-274.647653,352.061357,434.907229,275.401554,243.388267,439.117556,-344.851267,344.725086,450.290060,422.725532,228.868429,445.464498,-371.781918,344.800749,455.179127,454.080118,231.277932,452.198535,-359.959148,342.067453,458.034955,443.883951,236.735139,449.612304,-340.445514,339.146604,455.805203,422.589613,312.282184,339.913173,-89.369056,328.819315,341.836838,89.241435,317.967757,256.943365,-53.827769,326.014940,260.021463,142.091694,327.912968,163.904495,-26.345826,334.823933,185.244074,209.482981,338.137198,147.519874,-24.862123,344.009117,172.912235,215.036708,292.471002,150.657101,-73.418286,305.243812,175.681697,189.746633,
0.000000,0.000000,0.000000,0.000000,0.000000,0.000000,0.000000,0.000000,0.000000,0.000000,0.000000,0.000000,0.000000,0.000000,0.000000,0.000000,0.000000,0.000000,0.000000,0.000000,0.000000,0.000000,0.000000,0.000000,0.000000,0.000000,0.000000,0.000000,0.000000,0.000000,0.000000,0.000000,0.000000,0.000000,0.000000,0.000000,0.000000,0.000000,0.000000,0.000000,0.000000,0.000000,0.000000,0.000000,0.000000,0.000000,0.000000,0.000000,0.000000,0.000000,0.000000,0.000000,294.190901,490.434199,-3.967357,298.041293,498.560545,-26.875582,298.900816,498.689067,-26.904751,299.857023,498.850198,-26.908730,298.425054,498.918861,1.205102,299.575013,499.275623,1.196964,300.887185,499.717631,1.181733,310.049625,495.802849,-84.458077,312.008304,497.052178,40.384011,298.349701,483.158515,-20.989536,298.509285,483.540672,15.379616,314.348384,455.694454,-152.992695,344.808730,458.489912,118.585117,294.718865,418.612352,-277.724070,352.146677,436.652466,273.629374,243.624256,443.138740,-349.712472,344.105817,452.953025,419.691652,229.396537,450.253409,-377.182476,344.171435,457.988620,450.778396,231.799893,456.856065,-364.903897,341.399504,460.718979,440.269266,237.209916,454.001936,-345.303438,338.466647,458.404603,419.363039,312.241916,340.036543,-89.092492,328.719999,341.979546,88.968684,317.982243,256.986595,-53.148840,325.954387,260.076347,143.354763,327.926337,164.108196,-24.685859,334.727098,185.265723,212.378145,338.153442,147.822842,-23.088378,343.943207,172.878540,218.111473,292.445297,150.652168,-71.665772,305.029308,175.550772,192.469005,
0.000000,0.000000,0.000000,0.000000,0.000000,0.000000,0.000000,0.000000,0.000000,0.000000,0.000000,0.000000,0.000000,0.000000,0.000000,0.000000,0.000000,0.000000,0.000000,0.000000,0.000000,0.000000,0.000000,0.000000,0.000000,0.000000,0.000000,0.000000,0.000000,0.000000,0.000000,0.000000,0.000000,0.000000,0.000000,0.000000,0.000000,0.000000,0.000000,0.000000,0.000000,0.000000,0.000000,0.000000,0.000000,0.000000,0.000000,0.000000,0.000000,0.000000,0.000000,0.000000,294.214759,490.463614,-5.461929,298.074068,498.560662,-28.328333,298.927236,498.688231,-28.355396,299.875978,498.848767,-28.359885,298.469149,498.921897,-0.211573,299.623520,499.279085,-0.219102,300.941868,499.722747,-0.232105,310.058392,495.774732,-85.811856,312.062736,497.028608,39.280443,298.321191,483.206068,-22.486528,298.500898,483.581953,13.975318,314.459995,455.807498,-153.470773,344.965916,458.843567,116.889761,294.513407,420.076687,-280.800487,352.231996,438.397703,271.857195,243.860244,447.159925,-354.573677,343.486547,455.615990,416.657772,229.924645,455.042319,-382.583035,343.542122,460.798114,447.476674,232.321853,461.513594,-369.848646,340.731554,463.403002,436.654581,237.684693,458.391568,-350.161361,337.786689,461.004003,416.136465,312.201647,340.159914,-88.815929,328.620684,342.122254,88.695932,317.996729,257.029826,-52.469911,325.893833,260.131231,144.617832,327.939707,164.311897,-23.025893,334.630263,185.287372,215.273310,338.169686,148.125811,-21.314634,343.877297,172.844844,221.186239,292.419592,150.647234,-69.913258,304.814805,175.419846,195.191376,
0.000000,0.000000,0.000000,0.000000,0.000000,0.000000,0.000000,0.000000,0.000000,0.000000,0.000000,0.000000,0.000000,0.000000,0.000000,0.000000,0.000000,0.000000,0.000000,0.000000,0.000000,0.000000,0.000000,0.000000,0.000000,0.000000,0.000000,0.000000,0.000000,0.000000,0.000000,0.000000,0.000000,0.000000,0.000000,0.000000,0.000000,0.000000,0.000000,0.000000,0.000000,0.000000,0.000000,0.000000,0.000000,0.000000,0.000000,0.000000,0.000000,0.000000,0.000000,0.000000,294.238617,490.493028,-6.956501,298.106843,498.560779,-29.781085,298.953655,498.687396,-29.806040,299.894934,498.847337,-29.811041,298.513244,498.924933,-1.628249,299.672027,499.282546,-1.635167,300.996551,499.727864,-1.645943,310.067158,495.746615,-87.165635,312.117168,497.005038,38.176876,298.292680,483.253621,-23.983520,298.492510,483.623234,12.571021,314.571606,455.920542,-153.948850,345.123102,459.197222,115.194405,294.307949,421.541022,-283.876904,352.317315,440.142940,270.085015,244.096233,451.181109,-359.434883,342.867277,458.278956,413.623892,230.452753,459.831230,-387.983593,342.912808,463.607607,444.174952,232.843814,466.171124,-374.793395,340.063605,466.087026,433.039895,238.159470,462.781200,-355.019285,337.106732,463.603403,412.909890,312.161379,340.283285,-88.539366,328.521369,342.264962,88.423180,318.011214,257.073057,-51.790982,325.833279,260.186114,145.880901,327.953076,164.515598,-21.365926,334.533428,185.309021,218.168475,338.185931,148.428780,-19.540889,343.811386,172.811149,224.261004,292.393888,150.642301,-68.160744,304.600301,175.288921,197.913748,
0.000000,0.000000,0.000000,0.000000,0.000000,0.000000,0.000000,0.000000,0.000000,0.000000,0.000000,0.000000,0.000000,0.000000,0.000000,0.000000,0.000000,0.000000,0.000000,0.000000,0.000000,0.000000,0.000000,0.000000,0.000000,0.000000,0.000000,0.000000,0.000000,0.000000,0.000000,0.000000,0.000000,0.000000,0.000000,0.000000,0.000000,0.000000,0.000000,0.000000,0.000000,0.000000,0.000000,0.000000,0.000000,0.000000,0.000000,0.000000,0.000000,0.000000,0.000000,0.000000,294.250971,490.541645,-9.346927,298.116650,498.558049,-32.114141,298.958039,498.682727,-32.136368,299.890862,498.842053,-32.142067,298.532792,498.927812,-4.032463,299.696038,499.285823,-4.037915,301.027235,499.731339,-4.045370,310.069261,495.709347,-89.517006,312.159707,496.977937,35.711306,298.235361,483.321692,-26.435988,298.474201,483.679613,10.082145,314.647425,456.029956,-155.056760,345.301685,459.726973,111.456331,293.977526,423.242622,-286.192910,352.529521,442.303387,267.168063,244.727220,455.024974,-360.969113,341.514949,461.534531,409.922463,231.371770,464.110403,-389.618138,342.138077,466.431800,440.212385,233.602541,470.375411,-376.246665,339.158010,469.023433,428.802292,238.832189,466.884224,-356.602762,336.087291,466.416473,409.034539,312.130968,340.428189,-88.129714,328.486511,342.483628,88.015408,318.011509,257.140260,-50.760848,325.778801,260.318178,148.958205,327.947004,164.822800,-19.665851,334.447200,185.365138,224.761973,338.186393,148.942455,-17.691864,343.756079,172.826238,231.245574,292.341396,150.587283,-66.134209,304.403229,175.139632,204.932932,
0.000000,0.000000,0.000000,0.000000,0.000000,0.000000,0.000000,0.000000,0.000000,0.000000,0.000000,0.000000,0.000000,0.000000,0.000000,0.000000,0.000000,0.000000,0.000000,0.000000,0.000000,0.000000,0.000000,0.000000,0.000000,0.000000,0.000000,0.000000,0.000000,0.000000,0.000000,0.000000,0.000000,0.000000,0.000000,0.000000,0.000000,0.000000,0.000000,0.000000,0.000000,0.000000,0.000000,0.000000,0.000000,0.000000,0.000000,0.000000,0.000000,0.000000,0.000000,0.000000,294.263324,490.590261,-11.737353,298.126457,498.555318,-34.447197,298.962423,498.678059,-34.466696,299.886789,498.836770,-34.473093,298.552340,498.930692,-6.436677,299.720049,499.289099,-6.440662,301.057920,499.734814,-6.444797,310.071364,495.672079,-91.868377,312.202246,496.950835,33.245736,298.178042,483.389763,-28.888457,298.455892,483.735991,7.593269,314.723244,456.139370,-156.164670,345.480268,460.256724,107.718256,293.647104,424.944223,-288.508916,352.741726,444.463834,264.251111,245.358207,458.868838,-362.503344,340.162621,464.790105,406.221033,232.290786,468.389576,-391.252683,341.363346,469.255994,436.249818,234.361269,474.579698,-377.699934,338.252414,471.959840,424.564689,239.504907,470.987247,-358.186239,335.067851,469.229543,405.159188,312.100558,340.573094,-87.720062,328.451654,342.702294,87.607636,318.011804,257.207463,-49.730714,325.724322,260.450242,152.035509,327.940932,165.130002,-17.965777,334.360972,185.421255,231.355471,338.186856,149.456130,-15.842839,343.700772,172.841326,238.230144,292.288905,150.532266,-64.107674,304.206157,174.990344,211.952117,
0.000000,0.000000,0.000000,0.000000,0.000000,0.000000,0.000000,0.000000,0.000000,0.000000,0.000000,0.000000,0.000000,0.000000,0.000000,0.000000,0.000000,0.000000,0.000000,0.000000,0.000000,0.000000,0.000000,0.000000,0.000000,0.000000,0.000000,0.000000,0.000000,0.000000,0.000000,0.000000,0.000000,0.000000,0.000000,0.000000,0.000000,0.000000,0.000000,0.000000,0.000000,0.000000,0.000000,0.000000,0.000000,0.000000,0.000000,0.000000,0.000000,0.000000,0.000000,0.000000,294.275678,490.638878,-14.127779,298.136264,498.552588,-36.780254,298.966807,498.673390,-36.797024,299.882716,498.831486,-36.804120,298.571888,498.933571,-8.840891,299.744060,499.292376,-8.843410,301.088605,499.738289,-8.844224,310.073468,495.634811,-94.219747,312.244785,496.923733,30.780165,298.120723,483.457834,-31.340925,298.437582,483.792370,5.104393,314.799063,456.248784,-157.272580,345.658851,460.786475,103.980182,293.316681,426.645823,-290.824921,352.953932,446.624282,261.334159,245.989195,462.712702,-364.037575,338.810293,468.045680,402.519603,233.209803,472.668749,-392.887228,340.588615,472.080187,432.287252,235.119996,478.783985,-379.153203,337.346819,474.896247,420.327086,240.177625,475.090271,-359.769716,334.048411,472.042613,401.283837,312.070147,340.717999,-87.310410,328.416796,342.920960,87.199865,318.012098,257.274665,-48.700580,325.669844,260.582306,155.112813,327.934859,165.437204,-16.265702,334.274743,185.477372,237.948969,338.187318,149.969805,-13.993814,343.645465,172.856415,245.214714,292.236413,150.477248,-62.081139,304.009086,174.841055,218.971301,
0.000000,0.000000,0.000000,0.000000,0.000000,0.000000,0.000000,0.000000,0.000000,0.000000,0.000000,0.000000,0.000000,0.000000,0.000000,0.000000,0.000000,0.000000,0.000000,0.000000,0.000000,0.000000,0.000000,0.000000,0.000000,0.000000,0.000000,0.000000,0.000000,0.000000,0.000000,0.000000,0.000000,0.000000,0.000000,0.000000,0.000000,0.000000,0.000000,0.000000,0.000000,0.000000,0.000000,0.000000,0.000000,0.000000,0.000000,0.000000,0.000000,0.000000,0.000000,0.000000,294.288031,490.687494,-16.518205,298.146071,498.549858,-39.113310,298.971191,498.668721,-39.127351,299.878644,498.826203,-39.135146,298.591436,498.936450,-11.245105,299.768071,499.295652,-11.246157,301.119290,499.741764,-11.243651,310.075571,495.597543,-96.571118,312.287323,496.896631,28.314595,298.063403,483.525905,-33.793393,298.419273,483.848749,2.615518,314.874882,456.358198,-158.380490,345.837434,461.316226,100.242107,292.986259,428.347423,-293.140927,353.166138,448.784729,258.417207,246.620182,466.556567,-365.571805,337.457966,471.301255,398.818173,234.128819,476.947923,-394.521773,339.813884,474.904380,428.324685,235.878724,482.988272,-380.606473,336.441223,477.832654,416.089482,240.850344,479.193294,-361.353193,333.028970,474.855683,397.408486,312.039736,340.862904,-86.900758,328.381939,343.139626,86.792093,318.012393,257.341868,-47.670445,325.615366,260.714370,158.190117,327.928787,165.744406,-14.565628,334.188515,185.533489,244.542466,338.187780,150.483480,-12.144789,343.590158,172.871503,252.199285,292.183922,150.422231,-60.054604,303.812014,174.691766,225.990486,
0.000000,0.000000,0.000000,0.000000,0.000000,0.000000,0.000000,0.000000,0.000000,0.000000,0.000000,0.000000,0.000000,0.000000,0.000000,0.000000,0.000000,0.000000,0.000000,0.000000,0.000000,0.000000,0.000000,0.000000,0.000000,0.000000,0.000000,0.000000,0.000000,0.000000,0.000000,0.000000,0.000000,0.000000,0.000000,0.000000,0.000000,0.000000,0.000000,0.000000,0.000000,0.000000,0.000000,0.000000,0.000000,0.000000,0.000000,0.000000,0.000000,0.000000,0.000000,0.000000,294.345480,490.659566,-14.884586,298.137910,498.493283,-37.404011,298.956823,498.608311,-37.417578,299.857734,498.758716,-37.424987,298.587493,498.890268,-9.509290,299.763434,499.253672,-9.509409,301.115597,499.702712,-9.507715,310.012006,495.531522,-94.546351,312.277918,496.861952,30.447508,298.070865,483.525662,-31.979061,298.425843,483.828320,4.478677,314.818504,456.425227,-156.474017,345.762416,461.529802,101.398673,292.302852,430.405132,-296.015677,352.825377,449.378515,259.702713,246.967767,469.288128,-376.585552,337.187841,471.595089,396.508275,234.864963,480.311558,-406.648635,339.713306,475.214783,425.585327,237.280794,485.934968,-392.666333,336.668693,478.021719,413.075269,241.813925,481.908190,-372.568058,333.100786,475.165936,394.894047,312.041430,340.873918,-86.764418,328.193568,343.151224,86.653788,318.008321,257.268197,-49.762262,325.573313,260.620421,155.797921,327.942171,165.599193,-20.322618,334.181809,185.525676,238.037789,338.252541,150.320464,-18.309162,343.605983,172.832146,245.205571,292.117760,149.997696,-67.172212,303.786393,174.618558,218.205180,
0.000000,0.000000,0.000000,0.000000,0.000000,0.000000,0.000000,0.000000,0.000000,0.000000,0.000000,0.000000,0.000000,0.000000,0.000000,0.000000,0.000000,0.000000,0.000000,0.000000,0.000000,0.000000,0.000000,0.000000,0.000000,0.000000,0.000000,0.000000,0.000000,0.000000,0.000000,0.000000,0.000000,0.000000,0.000000,0.000000,0.000000,0.000000,0.000000,0.000000,0.000000,0.000000,0.000000,0.000000,0.000000,0.000000,0.000000,0.000000,0.000000,0.000000,0.000000,0.000000,294.402929,490.631638,-13.250967,298.129748,498.436709,-35.694713,298.942455,498.547902,-35.707804,299.836825,498.691229,-35.714829,298.583550,498.844086,-7.773476,299.758798,499.211692,-7.772660,301.111905,499.663661,-7.771778,309.948442,495.465502,-92.521584,312.268512,496.827273,32.580421,298.078326,483.525419,-30.164730,298.432412,483.807891,6.341836,314.762125,456.492255,-154.567543,345.687398,461.743378,102.555239,291.619444,432.462842,-298.890427,352.484617,449.972301,260.988220,247.315352,472.019690,-387.599300,336.917716,471.888923,394.198376,235.601106,483.675193,-418.775497,339.612728,475.525185,422.845969,238.682865,488.881664,-404.726194,336.896162,478.210784,410.061055,242.777505,484.623085,-383.782923,333.172602,475.476188,392.379608,312.043123,340.884932,-86.628078,328.005198,343.162822,86.515483,318.004248,257.194527,-51.854079,325.531261,260.526473,153.405726,327.955555,165.453980,-26.079609,334.175102,185.517863,231.533111,338.317302,150.157449,-24.473535,343.621809,172.792788,238.211857,292.051598,149.573162,-74.289821,303.760771,174.545350,210.419873,
0.000000,0.000000,0.000000,0.000000,0.000000,0.000000,0.000000,0.000000,0.000000,0.000000,0.000000,0.000000,0.000000,0.000000,0.000000,0.000000,0.000000,0.000000,0.000000,0.000000,0.000000,0.000000,0.000000,0.000000,0.000000,0.000000,0.000000,0.000000,0.000000,0.000000,0.000000,0.000000,0.000000,0.000000,0.000000,0.000000,0.000000,0.000000,0.000000,0.000000,0.000000,0.000000,0.000000,0.000000,0.000000,0.000000,0.000000,0.000000,0.000000,0.000000,0.000000,0.000000,294.460378,490.603710,-11.617348,298.121587,498.380134,-33.985414,298.928087,498.487492,-33.998030,299.815916,498.623743,-34.004670,298.579607,498.797904,-6.037661,299.754161,499.169712,-6.035911,301.108212,499.624609,-6.035842,309.884877,495.399482,-90.496818,312.259106,496.792593,34.713334,298.085787,483.525176,-28.350398,298.438982,483.787462,8.204995,314.705746,456.559284,-152.661070,345.612379,461.956954,103.711804,290.936037,434.520551,-301.765177,352.143857,450.566087,262.273727,247.662937,474.751252,-398.613047,336.647591,472.182757,391.888478,236.337249,487.038828,-430.902359,339.512150,475.835587,420.106611,240.084935,491.828360,-416.786054,337.123632,478.399849,407.046842,243.741086,487.337981,-394.997789,333.244417,475.786441,389.865168,312.044817,340.895947,-86.491738,327.816828,343.174421,86.377178,318.000176,257.120856,-53.945896,325.489209,260.432524,151.013530,327.968939,165.308767,-31.836600,334.168396,185.510050,225.028434,338.382063,149.994434,-30.637908,343.637634,172.753430,231.218143,291.985436,149.148627,-81.407429,303.735150,174.472142,202.634567,
0.000000,0.000000,0.000000,0.000000,0.000000,0.000000,0.000000,0.000000,0.000000,0.000000,0.000000,0.000000,0.000000,0.000000,0.000000,0.000000,0.000000,0.000000,0.000000,0.000000,0.000000,0.000000,0.000000,0.000000,0.000000,0.000000,0.000000,0.000000,0.000000,0.000000,0.000000,0.000000,0.000000,0.000000,0.000000,0.000000,0.000000,0.000000,0.000000,0.000000,0.000000,0.000000,0.000000,0.000000,0.000000,0.000000,0.000000,0.000000,0.000000,0.000000,0.000000,0.000000,294.517826,490.575783,-9.983729,298.113425,498.323560,-32.276115,298.913719,498.427082,-32.288257,299.795006,498.556256,-32.294512,298.575664,498.751722,-4.301847,299.749524,499.127732,-4.299163,301.104519,499.585558,-4.299906,309.821312,495.333462,-88.472051,312.249701,496.757914,36.846247,298.093248,483.524933,-26.536066,298.445552,483.767033,10.068154,314.649367,456.626313,-150.754596,345.537361,462.170530,104.868370,290.252629,436.578260,-304.639927,351.803096,451.159873,263.559234,248.010522,477.482814,-409.626794,336.377467,472.476591,389.578579,237.073392,490.402464,-443.029221,339.411572,476.145989,417.367253,241.487005,494.775056,-428.845915,337.351101,478.588915,404.032629,244.704667,490.052876,-406.212654,333.316233,476.096694,387.350729,312.046511,340.906961,-86.355398,327.628457,343.186019,86.238873,317.996104,257.047185,-56.037713,325.447157,260.338575,148.621335,327.982323,165.163554,-37.593590,334.161690,185.502237,218.523756,338.446823,149.831419,-36.802281,343.653460,172.714072,224.224430,291.919274,148.724093,-88.525037,303.709528,174.398934,194.849261,
0.000000,0.000000,0.000000,0.000000,0.000000,0.000000,0.000000,0.000000,0.000000,0.000000,0.000000,0.000000,0.000000,0.000000,0.000000,0.000000,0.000000,0.000000,0.000000,0.000000,0.000000,0.000000,0.000000,0.000000,0.000000,0.000000,0.000000,0.000000,0.000000,0.000000,0.000000,0.000000,0.000000,0.000000,0.000000,0.000000,0.000000,0.000000,0.000000,0.000000,0.000000,0.000000,0.000000,0.000000,0.000000,0.000000,0.000000,0.000000,0.000000,0.000000,0.000000,0.000000,294.567774,490.577336,-9.839780,298.130257,498.299393,-32.030570,298.922264,498.401140,-32.042030,299.792546,498.526333,-32.047354,298.597205,498.737074,-4.010857,299.769017,499.116928,-4.007684,301.117829,499.576679,-4.008957,309.768263,495.302658,-87.864239,312.242859,496.749158,37.604778,298.102279,483.562945,-26.216971,298.457267,483.795500,10.460970,314.596140,456.670375,-150.137957,345.439031,462.284319,105.408452,289.521829,438.180832,-306.678128,351.007687,452.433437,264.596394,248.850198,479.799154,-415.793493,335.911044,473.971846,389.161678,238.571695,493.080059,-449.896627,338.947704,478.115343,416.589292,243.338589,497.155815,-436.088559,337.064973,480.333875,403.168803,246.232771,492.295476,-412.668808,332.988099,477.869277,386.822936,312.079960,340.916964,-86.274794,327.481162,343.182957,86.157463,317.968183,257.025328,-56.673131,325.321489,260.308164,146.946659,327.991035,165.127627,-38.987599,334.145296,185.496411,214.827298,338.483443,149.735659,-38.321115,343.655919,172.669854,220.279457,291.868997,148.513116,-90.818475,303.658912,174.322312,190.411367,
0.000000,0.000000,0.000000,0.000000,0.000000,0.000000,0.000000,0.000000,0.000000,0.000000,0.000000,0.000000,0.000000,0.000000,0.000000,0.000000,0.000000,0.000000,0.000000,0.000000,0.000000,0.000000,0.000000,0.000000,0.000000,0.000000,0.000000,0.000000,0.000000,0.000000,0.000000,0.000000,0.000000,0.000000,0.000000,0.000000,0.000000,0.000000,0.000000,0.000000,0.000000,0.000000,0.000000,0.000000,0.000000,0.000000,0.000000,0.000000,0.000000,0.000000,0.000000,0.000000,294.617722,490.578889,-9.695830,298.147089,498.275226,-31.785024,298.930809,498.375197,-31.795804,299.790085,498.496410,-31.800197,298.618746,498.722425,-3.719866,299.788509,499.106123,-3.716206,301.131139,499.567801,-3.718009,309.715214,495.271855,-87.256427,312.236017,496.740403,38.363309,298.111311,483.600957,-25.897877,298.468983,483.823967,10.853786,314.542914,456.714436,-149.521318,345.340702,462.398109,105.948534,288.791029,439.783404,-308.716329,350.212277,453.707000,265.633555,249.689874,482.115495,-421.960191,335.444622,475.467102,388.744776,240.069998,495.757655,-456.764034,338.483836,480.084697,415.811331,245.190172,499.536574,-443.331204,336.778845,482.078835,402.304978,247.760875,494.538076,-419.124962,332.659965,479.641860,386.295144,312.113410,340.926967,-86.194189,327.333868,343.179895,86.076053,317.940262,257.003470,-57.308548,325.195821,260.277753,145.271982,327.999748,165.091699,-40.381608,334.128902,185.490585,211.130841,338.520062,149.639899,-39.839948,343.658378,172.625636,216.334484,291.818719,148.302139,-93.111914,303.608295,174.245690,185.973473,
0.000000,0.000000,0.000000,0.000000,0.000000,0.000000,0.000000,0.000000,0.000000,0.000000,0.000000,0.000000,0.000000,0.000000,0.000000,0.000000,0.000000,0.000000,0.000000,0.000000,0.000000,0.000000,0.000000,0.000000,0.000000,0.000000,0.000000,0.000000,0.000000,0.000000,0.000000,0.000000,0.000000,0.000000,0.000000,0.000000,0.000000,0.000000,0.000000,0.000000,0.000000,0.000000,0.000000,0.000000,0.000000,0.000000,0.000000,0.000000,0.000000,0.000000,0.000000,0.000000,294.667670,490.580442,-9.551881,298.163921,498.251059,-31.539478,298.939354,498.349255,-31.549577,299.787625,498.466487,-31.553039,298.640288,498.707776,-3.428876,299.808002,499.095319,-3.424728,301.144448,499.558922,-3.427061,309.662165,495.241051,-86.648615,312.229175,496.731648,39.121840,298.120342,483.638969,-25.578782,298.480699,483.852434,11.246602,314.489687,456.758498,-148.904679,345.242372,462.511898,106.488616,288.060228,441.385975,-310.754529,349.416868,454.980564,266.670715,250.529550,484.431835,-428.126890,334.978199,476.962358,388.327875,241.568300,498.435251,-463.631441,338.019968,482.054051,415.033371,247.041755,501.917333,-450.573849,336.492717,483.823795,401.441153,249.288979,496.780676,-425.581115,332.331831,481.414444,385.767351,312.146859,340.936970,-86.113585,327.186573,343.176834,85.994643,317.912341,256.981613,-57.943966,325.070152,260.247342,143.597306,328.008461,165.055772,-41.775616,334.112509,185.484759,207.434384,338.556681,149.544139,-41.358782,343.660837,172.581418,212.389511,291.768442,148.091162,-95.405352,303.557678,174.169068,181.535579,
0.000000,0.000000,0.000000,0.000000,0.000000,0.000000,0.000000,0.000000,0.000000,0.000000,0.000000,0.000000,0.000000,0.000000,0.000000,0.000000,0.000000,0.000000,0.000000,0.000000,0.000000,0.000000,0.000000,0.000000,0.000000,0.000000,0.000000,0.000000,0.000000,0.000000,0.000000,0.000000,0.000000,0.000000,0.000000,0.000000,0.000000,0.000000,0.000000,0.000000,0.000000,0.000000,0.000000,0.000000,0.000000,0.000000,0.000000,0.000000,0.000000,0.000000,0.000000,0.000000,294.717618,490.581995,-9.407932,298.180753,498.226891,-31.293932,298.947899,498.323312,-31.303350,299.785165,498.436564,-31.305882,298.661829,498.693128,-3.137885,299.827494,499.084514,-3.133249,301.157758,499.550043,-3.136113,309.609116,495.210248,-86.040803,312.222333,496.722893,39.880371,298.129374,483.676981,-25.259687,298.492414,483.880900,11.639418,314.436460,456.802560,-148.288040,345.144043,462.625687,107.028698,287.329428,442.988547,-312.792730,348.621459,456.254127,267.707876,251.369226,486.748176,-434.293589,334.511777,478.457613,387.910974,243.066603,501.112847,-470.498848,337.556100,484.023405,414.255410,248.893338,504.298092,-457.816493,336.206589,485.568755,400.577327,250.817083,499.023276,-432.037269,332.003697,483.187027,385.239558,312.180309,340.946973,-86.032981,327.039278,343.173772,85.913233,317.884420,256.959756,-58.579383,324.944484,260.216931,141.922630,328.017173,165.019845,-43.169625,334.096115,185.478934,203.737926,338.593300,149.448379,-42.877616,343.663296,172.537200,208.444538,291.718165,147.880186,-97.698791,303.507062,174.092446,177.097685,
0.000000,0.000000,0.000000,0.000000,0.000000,0.000000,0.000000,0.000000,0.000000,0.000000,0.000000,0.000000,0.000000,0.000000,0.000000,0.000000,0.000000,0.000000,0.000000,0.000000,0.000000,0.000000,0.000000,0.000000,0.000000,0.000000,0.000000,0.000000,0.000000,0.000000,0.000000,0.000000,0.000000,0.000000,0.000000,0.000000,0.000000,0.000000,0.000000,0.000000,0.000000,0.000000,0.000000,0.000000,0.000000,0.000000,0.000000,0.000000,0.000000,0.000000,0.000000,0.000000,294.762469,490.620399,-10.855918,298.225484,498.236040,-32.647886,298.981612,498.331938,-32.656188,299.802403,498.443487,-32.657421,298.710029,498.712874,-4.416554,299.870601,499.108302,-4.411882,301.186217,499.575156,-4.414610,309.570377,495.215028,-87.043450,312.216223,496.745802,39.204645,298.136299,483.763035,-26.547653,298.507671,483.970243,10.470771,314.372451,456.827937,-148.906540,345.036491,462.661778,106.693510,286.549868,444.210781,-314.376624,347.494261,458.218113,268.454207,252.728776,488.636591,-436.638620,333.878693,481.075686,389.587936,245.199377,503.071554,-473.130348,336.853333,487.376667,415.674396,251.117205,506.097763,-461.262186,335.514383,488.741718,402.149107,252.853621,500.800821,-434.774885,331.331270,486.263102,386.936123,312.245070,340.956007,-86.013333,326.948156,343.167010,85.892403,317.826600,256.984984,-57.678693,324.746268,260.255973,141.237194,328.024971,165.099304,-40.437726,334.089782,185.497301,203.031354,338.605543,149.445590,-40.005310,343.662926,172.531185,207.733312,291.691611,147.872603,-95.351700,303.480304,174.042620,176.354376,
0.000000,0.000000,0.000000,0.000000,0.000000,0.000000,0.000000,0.000000,0.000000,0.000000,0.000000,0.000000,0.000000,0.000000,0.000000,0.000000,0.000000,0.000000,0.000000,0.000000,0.000000,0.000000,0.000000,0.000000,0.000000,0.000000,0.000000,0.000000,0.000000,0.000000,0.000000,0.000000,0.000000,0.000000,0.000000,0.000000,0.000000,0.000000,0.000000,0.000000,0.000000,0.000000,0.000000,0.000000,0.000000,0.000000,0.000000,0.000000,0.000000,0.000000,0.000000,0.000000,294.807320,490.658804,-12.303903,298.270214,498.245189,-34.001839,299.015324,498.340564,-34.009025,299.819642,498.450411,-34.008960,298.758229,498.732619,-5.695222,299.913708,499.132090,-5.690514,301.214677,499.600268,-5.693107,309.531637,495.219807,-88.046097,312.210113,496.768710,38.528918,298.143224,483.849090,-27.835619,298.522928,484.059585,9.302123,314.308441,456.853313,-149.525039,344.928940,462.697870,106.358323,285.770307,445.433016,-315.960519,346.367062,460.182100,269.200539,254.088325,490.525006,-438.983652,333.245609,483.693759,391.264899,247.332151,505.030260,-475.761848,336.150565,490.729928,417.093382,253.341072,507.897434,-464.707879,334.822176,491.914680,403.720887,254.890159,502.578367,-437.512501,330.658844,489.339177,388.632687,312.309830,340.965041,-85.993685,326.857034,343.160249,85.871572,317.768780,257.010212,-56.778002,324.548051,260.295014,140.551758,328.032768,165.178762,-37.705826,334.083450,185.515669,202.324782,338.617787,149.442802,-37.133004,343.662555,172.525171,207.022087,291.665058,147.865021,-93.004609,303.453546,173.992795,175.611067,
0.000000,0.000000,0.000000,0.000000,0.000000,0.000000,0.000000,0.000000,0.000000,0.000000,0.000000,0.000000,0.000000,0.000000,0.000000,0.000000,0.000000,0.000000,0.000000,0.000000,0.000000,0.000000,0.000000,0.000000,0.000000,0.000000,0.000000,0.000000,0.000000,0.000000,0.000000,0.000000,0.000000,0.000000,0.000000,0.000000,0.000000,0.000000,0.000000,0.000000,0.000000,0.000000,0.000000,0.000000,0.000000,0.000000,0.000000,0.000000,0.000000,0.000000,0.000000,0.000000,294.852171,490.697208,-13.751888,298.314945,498.254338,-35.355793,299.049036,498.349190,-35.361863,299.836880,498.457335,-35.360499,298.806429,498.752365,-6.973891,299.956815,499.155877,-6.969147,301.243136,499.625381,-6.971605,309.492898,495.224587,-89.048744,312.204003,496.791619,37.853191,298.150150,483.935144,-29.123585,298.538186,484.148927,8.133476,314.244432,456.878689,-150.143539,344.821388,462.733962,106.023135,284.990747,446.655250,-317.544413,345.239864,462.146086,269.946870,255.447874,492.413421,-441.328683,332.612525,486.311832,392.941862,249.464925,506.988966,-478.393349,335.447798,494.083189,418.512369,255.564939,509.697105,-468.153571,334.129970,495.087642,405.292667,256.926697,504.355912,-440.250116,329.986417,492.415252,390.329251,312.374591,340.974076,-85.974037,326.765912,343.153487,85.850742,317.710960,257.035441,-55.877311,324.349834,260.334055,139.866322,328.040565,165.258220,-34.973927,334.077118,185.534037,201.618210,338.630030,149.440013,-34.260698,343.662184,172.519157,206.310861,291.638504,147.857438,-90.657517,303.426788,173.942969,174.867758,
0.000000,0.000000,0.000000,0.000000,0.000000,0.000000,0.000000,0.000000,0.000000,0.000000,0.000000,0.000000,0.000000,0.000000,0.000000,0.000000,0.000000,0.000000,0.000000,0.000000,0.000000,0.000000,0.000000,0.000000,0.000000,0.000000,0.000000,0.000000,0.000000,0.000000,0.000000,0.000000,0.000000,0.000000,0.000000,0.000000,0.000000,0.000000,0.000000,0.000000,0.000000,0.000000,0.000000,0.000000,0.000000,0.000000,0.000000,0.000000,0.000000,0.000000,0.000000,0.000000,294.897023,490.735612,-15.199874,298.359675,498.263487,-36.709747,299.082749,498.357817,-36.714701,299.854119,498.464258,-36.712038,298.854629,498.772111,-8.252560,299.999921,499.179665,-8.247779,301.271596,499.650493,-8.250102,309.454159,495.229366,-90.051391,312.197894,496.814527,37.177464,298.157075,484.021198,-30.411550,298.553443,484.238270,6.964829,314.180423,456.904065,-150.762039,344.713837,462.770053,105.687947,284.211187,447.877484,-319.128308,344.112666,464.110072,270.693202,256.807423,494.301835,-443.673715,331.979441,488.929905,394.618825,251.597699,508.947673,-481.024849,334.745030,497.436450,419.931355,257.788805,511.496775,-471.599264,333.437763,498.260604,406.864447,258.963235,506.133457,-442.987732,329.313990,495.491327,392.025815,312.439352,340.983110,-85.954389,326.674790,343.146725,85.829912,317.653140,257.060669,-54.976621,324.151617,260.373096,139.180886,328.048362,165.337679,-32.242027,334.070785,185.552405,200.911638,338.642273,149.437224,-31.388392,343.661814,172.513142,205.599636,291.611951,147.849856,-88.310426,303.400031,173.893143,174.124450,
0.000000,0.000000,0.000000,0.000000,0.000000,0.000000,0.000000,0.000000,0.000000,0.000000,0.000000,0.000000,0.000000,0.000000,0.000000,0.000000,0.000000,0.000000,0.000000,0.000000,0.000000,0.000000,0.000000,0.000000,0.000000,0.000000,0.000000,0.000000,0.000000,0.000000,0.000000,0.000000,0.000000,0.000000,0.000000,0.000000,0.000000,0.000000,0.000000,0.000000,0.000000,0.000000,0.000000,0.000000,0.000000,0.000000,0.000000,0.000000,0.000000,0.000000,0.000000,0.000000,294.931508,490.816569,-18.324925,298.436811,498.310370,-39.756018,299.147358,498.404925,-39.760067,299.897800,498.511287,-39.756106,298.927524,498.830203,-11.195545,300.060934,499.241497,-11.190764,301.307879,499.713220,-11.192377,309.434855,495.273662,-92.717467,312.186850,496.873269,35.013295,298.157950,484.164117,-33.369494,298.560329,484.398157,4.153593,314.109777,456.910813,-152.522297,344.597526,462.740509,104.476113,283.375395,448.753495,-320.250972,342.884118,466.689136,271.227766,258.689808,495.754394,-442.668214,331.333496,492.622104,398.439947,254.279446,510.205078,-479.936336,333.980255,502.155466,423.593149,260.372038,512.737524,-471.562156,332.533067,502.730566,410.940582,261.525349,507.459953,-442.387846,328.417930,499.615573,396.007464,312.540168,340.992041,-85.974432,326.646358,343.140623,85.848487,317.547624,257.122644,-52.564186,323.868858,260.476110,139.535631,328.040251,165.517441,-25.901857,334.076699,185.605164,203.131176,338.620878,149.510800,-24.689705,343.658490,172.563434,208.045957,291.607480,148.004015,-81.947777,303.410751,173.880734,177.048507,
0.000000,0.000000,0.000000,0.000000,0.000000,0.000000,0.000000,0.000000,0.000000,0.000000,0.000000,0.000000,0.000000,0.000000,0.000000,0.000000,0.000000,0.000000,0.000000,0.000000,0.000000,0.000000,0.000000,0.000000,0.000000,0.000000,0.000000,0.000000,0.000000,0.000000,0.000000,0.000000,0.000000,0.000000,0.000000,0.000000,0.000000,0.000000,0.000000,0.000000,0.000000,0.000000,0.000000,0.000000,0.000000,0.000000,0.000000,0.000000,0.000000,0.000000,0.000000,0.000000,294.965994,490.897525,-21.449977,298.513947,498.357254,-42.802290,299.211967,498.452034,-42.805434,299.941481,498.558315,-42.800173,299.000419,498.888295,-14.138530,300.121947,499.303328,-14.133749,301.344162,499.775947,-14.134652,309.415550,495.317958,-95.383542,312.175807,496.932011,32.849126,298.158826,484.307035,-36.327438,298.567216,484.558045,1.342356,314.039132,456.917562,-154.282554,344.481216,462.710965,103.264279,282.539604,449.629505,-321.373635,341.655570,469.268199,271.762329,260.572193,497.206953,-441.662712,330.687550,496.314304,402.261070,256.961193,511.462484,-478.847823,333.215480,506.874482,427.254943,262.955270,513.978273,-471.525049,331.628371,507.200528,415.016718,264.087462,508.786449,-441.787960,327.521870,503.739819,399.989113,312.640985,341.000972,-85.994475,326.617926,343.134521,85.867062,317.442107,257.184619,-50.151752,323.586098,260.579123,139.890377,328.032139,165.697203,-19.561687,334.082614,185.657923,205.350713,338.599483,149.584375,-17.991019,343.655166,172.613725,210.492279,291.603008,148.158174,-75.585127,303.421471,173.868324,179.972564,
0.000000,0.000000,0.000000,0.000000,0.000000,0.000000,0.000000,0.000000,0.000000,0.000000,0.000000,0.000000,0.000000,0.000000,0.000000,0.000000,0.000000,0.000000,0.000000,0.000000,0.000000,0.000000,0.000000,0.000000,0.000000,0.000000,0.000000,0.000000,0.000000,0.000000,0.000000,0.000000,0.000000,0.000000,0.000000,0.000000,0.000000,0.000000,0.000000,0.000000,0.000000,0.000000,0.000000,0.000000,0.000000,0.000000,0.000000,0.000000,0.000000,0.000000,0.000000,0.000000,295.000480,490.978481,-24.575028,298.591082,498.404137,-45.848561,299.276577,498.499142,-45.850801,299.985161,498.605344,-45.844241,299.073314,498.946387,-17.081515,300.182960,499.365160,-17.076734,301.380444,499.838673,-17.076927,309.396246,495.362254,-98.049618,312.164763,496.990753,30.684957,298.159701,484.449954,-39.285382,298.574102,484.717933,-1.468880,313.968487,456.924310,-156.042812,344.364906,462.681421,102.052445,281.703813,450.505515,-322.496299,340.427022,471.847262,272.296893,262.454578,498.659511,-440.657211,330.041604,500.006503,406.082193,259.642940,512.719889,-477.759310,332.450706,511.593498,430.916736,265.538502,515.219021,-471.487941,330.723676,511.670490,419.092853,266.649576,510.112945,-441.188074,326.625811,507.864065,403.970762,312.741801,341.009904,-86.014518,326.589494,343.128418,85.885637,317.336591,257.246594,-47.739317,323.303339,260.682136,140.245122,328.024028,165.876965,-13.221517,334.088528,185.710682,207.570251,338.578089,149.657950,-11.292332,343.651842,172.664017,212.938600,291.598537,148.312333,-69.222478,303.432192,173.855915,182.896621,
0.000000,0.000000,0.000000,0.000000,0.000000,0.000000,0.000000,0.000000,0.000000,0.000000,0.000000,0.000000,0.000000,0.000000,0.000000,0.000000,0.000000,0.000000,0.000000,0.000000,0.000000,0.000000,0.000000,0.000000,0.000000,0.000000,0.000000,0.000000,0.000000,0.000000,0.000000,0.000000,0.000000,0.000000,0.000000,0.000000,0.000000,0.000000,0.000000,0.000000,0.000000,0.000000,0.000000,0.000000,0.000000,0.000000,0.000000,0.000000,0.000000,0.000000,0.000000,0.000000,295.034966,491.059438,-27.700080,298.668218,498.451020,-48.894833,299.341186,498.546251,-48.896168,300.028842,498.652372,-48.888308,299.146209,499.004479,-20.024500,300.243973,499.426992,-20.019719,301.416727,499.901400,-20.019202,309.376942,495.406549,-100.715694,312.153720,497.049494,28.520788,298.160576,484.592873,-42.243326,298.580989,484.877821,-4.280116,313.897842,456.931058,-157.803069,344.248596,462.651877,100.840612,280.868022,451.381526,-323.618963,339.198473,474.426326,272.831457,264.336962,500.112070,-439.651710,329.395659,503.698703,409.903316,262.324688,513.977294,-476.670797,331.685931,516.312514,434.578530,268.121734,516.459770,-471.450833,329.818980,516.140452,423.168989,269.211690,511.439441,-440.588188,325.729751,511.988311,407.952411,312.842617,341.018835,-86.034561,326.561061,343.122316,85.904213,317.231075,257.308569,-45.326883,323.020580,260.785150,140.599867,328.015916,166.056727,-6.881347,334.094442,185.763441,209.789788,338.556694,149.731525,-4.593646,343.648518,172.714308,215.384922,291.594066,148.466493,-62.859828,303.442912,173.843506,185.820679,
0.000000,0.000000,0.000000,0.000000,0.000000,0.000000,0.000000,0.000000,0.000000,0.000000,0.000000,0.000000,0.000000,0.000000,0.000000,0.000000,0.000000,0.000000,0.000000,0.000000,0.000000,0.000000,0.000000,0.000000,0.000000,0.000000,0.000000,0.000000,0.000000,0.000000,0.000000,0.000000,0.000000,0.000000,0.000000,0.000000,0.000000,0.000000,0.000000,0.000000,0.000000,0.000000,0.000000,0.000000,0.000000,0.000000,0.000000,0.000000,0.000000,0.000000,0.000000,0.000000,295.118706,491.079470,-27.992723,298.723549,498.450051,-49.169049,299.378675,498.539849,-49.172157,300.044298,498.640643,-49.164556,299.217904,499.014852,-20.349398,300.311018,499.437923,-20.345257,301.465622,499.909238,-20.345660,309.362072,495.379717,-101.053639,312.154756,497.052667,28.156468,298.202313,484.604657,-42.605490,298.645310,484.909155,-4.737176,313.721220,456.912264,-158.089596,344.309735,462.630042,100.339496,280.447626,452.033614,-323.388714,339.690244,474.554007,272.508954,266.142721,500.433923,-439.055281,330.186222,504.305345,409.858097,264.364787,514.147588,-475.571026,331.989062,516.878031,434.484599,269.929861,516.441730,-471.103204,329.889624,516.585849,423.207490,271.103354,511.384976,-440.326231,325.786207,512.225003,407.937435,312.825918,340.999366,-86.155328,326.582397,343.105339,86.019164,317.127938,257.305668,-45.683447,322.765395,260.799076,140.830668,328.077668,165.970602,-9.030039,334.092881,185.877390,209.303078,338.587280,149.596600,-6.909608,343.669136,172.922225,214.702495,291.599694,148.286009,-64.837584,303.412126,173.911324,185.283084,
0.000000,0.000000,0.000000,0.000000,0.000000,0.000000,0.000000,0.000000,0.000000,0.000000,0.000000,0.000000,0.000000,0.000000,0.000000,0.000000,0.000000,0.000000,0.000000,0.000000,0.000000,0.000000,0.000000,0.000000,0.000000,0.000000,0.000000,0.000000,0.000000,0.000000,0.000000,0.000000,0.000000,0.000000,0.000000,0.000000,0.000000,0.000000,0.000000,0.000000,0.000000,0.000000,0.000000,0.000000,0.000000,0.000000,0.000000,0.000000,0.000000,0.000000,0.000000,0.000000,295.202447,491.099503,-28.285365,298.778880,498.449083,-49.443264,299.416163,498.533447,-49.448146,300.059753,498.628914,-49.440804,299.289599,499.025225,-20.674296,300.378064,499.448853,-20.670795,301.514516,499.917076,-20.672118,309.347202,495.352885,-101.391583,312.155792,497.055839,27.792149,298.244050,484.616441,-42.967654,298.709631,484.940489,-5.194237,313.544598,456.893471,-158.376122,344.370875,462.608206,99.838381,280.027231,452.685702,-323.158465,340.182014,474.681687,272.186452,267.948479,500.755777,-438.458852,330.976785,504.911987,409.812878,266.404886,514.317881,-474.471254,332.292194,517.443548,434.390668,271.737988,516.423689,-470.755575,329.960269,517.031246,423.245990,272.995017,511.330510,-440.064273,325.842664,512.461695,407.922459,312.809218,340.979897,-86.276096,326.603733,343.088362,86.134115,317.024801,257.302767,-46.040011,322.510209,260.813003,141.061468,328.139419,165.884477,-11.178731,334.091320,185.991338,208.816368,338.617866,149.461675,-9.225569,343.689755,173.130142,214.020068,291.605323,148.105526,-66.815339,303.381339,173.979142,184.745490,
0.000000,0.000000,0.000000,0.000000,0.000000,0.000000,0.000000,0.000000,0.000000,0.000000,0.000000,0.000000,0.000000,0.000000,0.000000,0.000000,0.000000,0.000000,0.000000,0.000000,0.000000,0.000000,0.000000,0.000000,0.000000,0.000000,0.000000,0.000000,0.000000,0.000000,0.000000,0.000000,0.000000,0.000000,0.000000,0.000000,0.000000,0.000000,0.000000,0.000000,0.000000,0.000000,0.000000,0.000000,0.000000,0.000000,0.000000,0.000000,0.000000,0.000000,0.000000,0.000000,295.286187,491.119535,-28.578008,298.834211,498.448114,-49.717480,299.453652,498.527045,-49.724135,300.075209,498.617185,-49.717052,299.361294,499.035598,-20.999195,300.445109,499.459783,-20.996333,301.563410,499.924915,-20.998576,309.332333,495.326053,-101.729528,312.156828,497.059011,27.427830,298.285787,484.628226,-43.329817,298.773953,484.971823,-5.651297,313.367976,456.874677,-158.662649,344.432014,462.586370,99.337265,279.606835,453.337790,-322.928216,340.673785,474.809368,271.863949,269.754237,501.077630,-437.862423,331.767347,505.518629,409.767658,268.444985,514.488175,-473.371483,332.595326,518.009065,434.296738,273.546116,516.405648,-470.407946,330.030914,517.476644,423.284491,274.886681,511.276045,-439.802316,325.899120,512.698387,407.907484,312.792519,340.960429,-86.396863,326.625068,343.071386,86.249066,316.921664,257.299866,-46.396576,322.255024,260.826930,141.292268,328.201171,165.798353,-13.327422,334.089759,186.105287,208.329658,338.648453,149.326749,-11.541531,343.710374,173.338059,213.337641,291.610951,147.925042,-68.793094,303.350553,174.046960,184.207895,
0.000000,0.000000,0.000000,0.000000,0.000000,0.000000,0.000000,0.000000,0.000000,0.000000,0.000000,0.000000,0.000000,0.000000,0.000000,0.000000,0.000000,0.000000,0.000000,0.000000,0.000000,0.000000,0.000000,0.000000,0.000000,0.000000,0.000000,0.000000,0.000000,0.000000,0.000000,0.000000,0.000000,0.000000,0.000000,0.000000,0.000000,0.000000,0.000000,0.000000,0.000000,0.000000,0.000000,0.000000,0.000000,0.000000,0.000000,0.000000,0.000000,0.000000,0.000000,0.000000,295.369927,491.139567,-28.870650,298.889542,498.447145,-49.991695,299.491141,498.520643,-50.000124,300.090665,498.605457,-49.993300,299.432989,499.045971,-21.324093,300.512155,499.470714,-21.321870,301.612304,499.932753,-21.325034,309.317463,495.299221,-102.067473,312.157865,497.062184,27.063510,298.327524,484.640010,-43.691981,298.838274,485.003157,-6.108357,313.191354,456.855884,-158.949175,344.493153,462.564534,98.836150,279.186439,453.989879,-322.697968,341.165555,474.937049,271.541447,271.559995,501.399483,-437.265994,332.557910,506.125271,409.722439,270.485084,514.658468,-472.271712,332.898457,518.574582,434.202807,275.354243,516.387608,-470.060317,330.101559,517.922041,423.322992,276.778345,511.221579,-439.540358,325.955576,512.935079,407.892508,312.775819,340.940960,-86.517630,326.646404,343.054409,86.364018,316.818526,257.296965,-46.753140,321.999839,260.840856,141.523068,328.262923,165.712228,-15.476114,334.088198,186.219235,207.842948,338.679039,149.191824,-13.857493,343.730993,173.545976,212.655215,291.616579,147.744559,-70.770849,303.319766,174.114778,183.670301,
0.000000,0.000000,0.000000,0.000000,0.000000,0.000000,0.000000,0.000000,0.000000,0.000000,0.000000,0.000000,0.000000,0.000000,0.000000,0.000000,0.000000,0.000000,0.000000,0.000000,0.000000,0.000000,0.000000,0.000000,0.000000,0.000000,0.000000,0.000000,0.000000,0.000000,0.000000,0.000000,0.000000,0.000000,0.000000,0.000000,0.000000,0.000000,0.000000,0.000000,0.000000,0.000000,0.000000,0.000000,0.000000,0.000000,0.000000,0.000000,0.000000,0.000000,0.000000,0.000000,295.551592,491.189073,-28.122159,299.022301,498.460523,-49.277896,299.605986,498.529072,-49.285825,300.179930,498.611097,-49.278465,299.592796,499.081917,-20.778073,300.681064,499.511766,-20.777322,301.772875,499.978348,-20.781480,309.362046,495.308316,-101.756551,312.252845,497.115515,26.820503,298.462987,484.661937,-43.124344,299.018742,485.049780,-5.770671,313.061037,456.885756,-158.722933,344.596922,462.592836,98.330442,278.678648,454.475300,-319.928868,341.294658,474.852212,271.356591,272.978624,501.491192,-430.892334,332.595227,506.236625,410.756967,272.146936,514.566369,-464.926486,332.632780,518.570272,435.361789,276.847233,516.144974,-463.590101,329.798099,517.886734,424.604742,278.301730,510.949427,-433.433843,325.784535,512.905103,408.995964,312.787179,340.944463,-86.444174,326.799643,343.062691,86.287457,316.412904,257.315723,-47.177788,321.830613,260.908301,141.061141,328.224520,165.712648,-17.509407,334.103185,186.268370,206.243278,338.654848,149.129943,-16.010630,343.786790,173.660600,210.911935,291.594569,147.736735,-72.122769,303.388345,174.147890,182.489246,
0.000000,0.000000,0.000000,0.000000,0.000000,0.000000,0.000000,0.000000,0.000000,0.000000,0.000000,0.000000,0.000000,0.000000,0.000000,0.000000,0.000000,0.000000,0.000000,0.000000,0.000000,0.000000,0.000000,0.000000,0.000000,0.000000,0.000000,0.000000,0.000000,0.000000,0.000000,0.000000,0.000000,0.000000,0.000000,0.000000,0.000000,0.000000,0.000000,0.000000,0.000000,0.000000,0.000000,0.000000,0.000000,0.000000,0.000000,0.000000,0.000000,0.000000,0.000000,0.000000,295.733257,491.238579,-27.373668,299.155060,498.473901,-48.564097,299.720832,498.537501,-48.571526,300.269195,498.616738,-48.563630,299.752603,499.117862,-20.232053,300.849974,499.552818,-20.232773,301.933446,500.023943,-20.237926,309.406629,495.317412,-101.445628,312.347826,497.168847,26.577496,298.598449,484.683863,-42.556706,299.199211,485.096403,-5.432984,312.930720,456.915627,-158.496690,344.700690,462.621137,97.824733,278.170856,454.960721,-317.159767,341.423760,474.767375,271.171736,274.397253,501.582900,-424.518674,332.632543,506.347978,411.791495,273.808789,514.474270,-457.581259,332.367103,518.565961,436.520770,278.340223,515.902340,-457.119885,329.494639,517.851427,425.886491,279.825116,510.677275,-427.327328,325.613495,512.875127,410.099420,312.798539,340.947967,-86.370718,326.952882,343.070972,86.210897,316.007281,257.334482,-47.602435,321.661387,260.975745,140.599215,328.186117,165.713068,-19.542700,334.118171,186.317504,204.643608,338.630657,149.068061,-18.163766,343.842587,173.775224,209.168655,291.572558,147.728911,-73.474689,303.456925,174.181001,181.308191,
0.000000,0.000000,0.000000,0.000000,0.000000,0.000000,0.000000,0.000000,0.000000,0.000000,0.000000,0.000000,0.000000,0.000000,0.000000,0.000000,0.000000,0.000000,0.000000,0.000000,0.000000,0.000000,0.000000,0.000000,0.000000,0.000000,0.000000,0.000000,0.000000,0.000000,0.000000,0.000000,0.000000,0.000000,0.000000,0.000000,0.000000,0.000000,0.000000,0.000000,0.000000,0.000000,0.000000,0.000000,0.000000,0.000000,0.000000,0.000000,0.000000,0.000000,0.000000,0.000000,295.914922,491.288086,-26.625177,299.287819,498.487278,-47.850299,299.835678,498.545929,-47.857227,300.358459,498.622378,-47.848795,299.912409,499.153808,-19.686034,301.018883,499.593871,-19.688224,302.094017,500.069538,-19.694372,309.451213,495.326507,-101.134706,312.442806,497.222178,26.334489,298.733911,484.705790,-41.989069,299.379679,485.143025,-5.095298,312.800402,456.945499,-158.270448,344.804459,462.649438,97.319024,277.663065,455.446142,-314.390667,341.552862,474.682538,270.986880,275.815882,501.674609,-418.145014,332.669859,506.459332,412.826023,275.470642,514.382170,-450.236032,332.101425,518.561651,437.679752,279.833213,515.659706,-450.649669,329.191179,517.816121,427.168241,281.348501,510.405123,-421.220812,325.442454,512.845150,411.202877,312.809898,340.951471,-86.297262,327.106121,343.079254,86.134336,315.601659,257.353241,-48.027083,321.492161,261.043190,140.137288,328.147714,165.713489,-21.575993,334.133158,186.366639,203.043939,338.606466,149.006180,-20.316903,343.898384,173.889849,207.425375,291.550548,147.721087,-74.826609,303.525504,174.214112,180.127136,
0.000000,0.000000,0.000000,0.000000,0.000000,0.000000,0.000000,0.000000,0.000000,0.000000,0.000000,0.000000,0.000000,0.000000,0.000000,0.000000,0.000000,0.000000,0.000000,0.000000,0.000000,0.000000,0.000000,0.000000,0.000000,0.000000,0.000000,0.000000,0.000000,0.000000,0.000000,0.000000,0.000000,0.000000,0.000000,0.000000,0.000000,0.000000,0.000000,0.000000,0.000000,0.000000,0.000000,0.000000,0.000000,0.000000,0.000000,0.000000,0.000000,0.000000,0.000000,0.000000,296.096586,491.337592,-25.876685,299.420578,498.500656,-47.136500,299.950524,498.554358,-47.142928,300.447724,498.628018,-47.133960,300.072216,499.189754,-19.140014,301.187792,499.634923,-19.143676,302.254588,500.115133,-19.150818,309.495796,495.335603,-100.823783,312.537787,497.275510,26.091482,298.869374,484.727717,-41.421432,299.560147,485.189648,-4.757611,312.670085,456.975371,-158.044205,344.908227,462.677740,96.813316,277.155273,455.931563,-311.621567,341.681964,474.597702,270.802025,277.234512,501.766317,-411.771354,332.707175,506.570685,413.860551,277.132494,514.290071,-442.890806,331.835748,518.557341,438.838734,281.326204,515.417072,-444.179453,328.887719,517.780814,428.449991,282.871887,510.132972,-415.114297,325.271413,512.815174,412.306333,312.821258,340.954975,-86.223806,327.259360,343.087536,86.057776,315.196036,257.371999,-48.451730,321.322935,261.110634,139.675361,328.109312,165.713909,-23.609286,334.148144,186.415774,201.444269,338.582275,148.944299,-22.470040,343.954181,174.004473,205.682095,291.528537,147.713263,-76.178529,303.594084,174.247224,178.946082,
0.000000,0.000000,0.000000,0.000000,0.000000,0.000000,0.000000,0.000000,0.000000,0.000000,0.000000,0.000000,0.000000,0.000000,0.000000,0.000000,0.000000,0.000000,0.000000,0.000000,0.000000,0.000000,0.000000,0.000000,0.000000,0.000000,0.000000,0.000000,0.000000,0.000000,0.000000,0.000000,0.000000,0.000000,0.000000,0.000000,0.000000,0.000000,0.000000,0.000000,0.000000,0.000000,0.000000,0.000000,0.000000,0.000000,0.000000,0.000000,0.000000,0.000000,0.000000,0.000000,296.370907,491.422272,-24.172192,299.635272,498.532799,-45.527505,300.148457,498.581532,-45.531806,300.617542,498.654287,-45.521874,300.318171,499.255223,-17.817734,301.452857,499.709550,-17.823282,302.519509,500.202108,-17.831584,309.604957,495.384559,-99.916963,312.721045,497.383170,25.915604,299.094618,484.768609,-39.986912,299.844850,485.261230,-3.706304,312.590219,457.053967,-157.211812,345.055088,462.768240,96.301638,276.552615,456.284430,-306.306690,341.678837,474.225002,270.833877,278.268974,501.619950,-400.091597,332.145044,506.138060,416.025121,278.330602,513.953167,-429.816017,331.178154,517.965052,441.296490,282.491138,514.972011,-431.900802,328.403744,517.133801,431.043741,284.044136,509.657138,-403.544260,324.993534,512.263210,414.588949,312.865421,340.982316,-85.934861,327.551019,343.125435,85.768529,314.470131,257.402078,-48.968825,321.227675,261.226116,138.571648,327.955761,165.785792,-26.044817,334.181864,186.410293,198.667864,338.494045,148.938855,-25.025111,344.045033,174.043906,202.801762,291.477246,147.836445,-77.529584,303.775648,174.256249,177.094347,
0.000000,0.000000,0.000000,0.000000,0.000000,0.000000,0.000000,0.000000,0.000000,0.000000,0.000000,0.000000,0.000000,0.000000,0.000000,0.000000,0.000000,0.000000,0.000000,0.000000,0.000000,0.000000,0.000000,0.000000,0.000000,0.000000,0.000000,0.000000,0.000000,0.000000,0.000000,0.000000,0.000000,0.000000,0.000000,0.000000,0.000000,0.000000,0.000000,0.000000,0.000000,0.000000,0.000000,0.000000,0.000000,0.000000,0.000000,0.000000,0.000000,0.000000,0.000000,0.000000,296.645227,491.506953,-22.467698,299.849966,498.564941,-43.918510,300.346389,498.608706,-43.920684,300.787360,498.680555,-43.909788,300.564126,499.320693,-16.495454,301.717922,499.784177,-16.502889,302.784431,500.289083,-16.512349,309.714119,495.433515,-99.010142,312.904304,497.490830,25.739725,299.319862,484.809500,-38.552392,300.129552,485.332812,-2.654996,312.510353,457.132562,-156.379420,345.201949,462.858740,95.789961,275.949957,456.637297,-300.991814,341.675709,473.852302,270.865730,279.303437,501.473584,-388.411840,331.582914,505.705435,418.189692,279.528710,513.616263,-416.741228,330.520560,517.372763,443.754245,283.656072,514.526950,-419.622151,327.919768,516.486788,433.637491,285.216386,509.181305,-391.974224,324.715656,511.711245,416.871565,312.909585,341.009658,-85.645916,327.842679,343.163335,85.479282,313.744225,257.432157,-49.485919,321.132414,261.341599,137.467936,327.802210,165.857676,-28.480349,334.215583,186.404811,195.891459,338.405815,148.933410,-27.580182,344.135884,174.083339,199.921428,291.425956,147.959628,-78.880639,303.957213,174.265274,175.242613,
0.000000,0.000000,0.000000,0.000000,0.000000,0.000000,0.000000,0.000000,0.000000,0.000000,0.000000,0.000000,0.000000,0.000000,0.000000,0.000000,0.000000,0.000000,0.000000,0.000000,0.000000,0.000000,0.000000,0.000000,0.000000,0.000000,0.000000,0.000000,0.000000,0.000000,0.000000,0.000000,0.000000,0.000000,0.000000,0.000000,0.000000,0.000000,0.000000,0.000000,0.000000,0.000000,0.000000,0.000000,0.000000,0.000000,0.000000,0.000000,0.000000,0.000000,0.000000,0.000000,296.919547,491.591633,-20.763204,300.064660,498.597084,-42.309515,300.544322,498.635879,-42.309563,300.957178,498.706823,-42.297702,300.810081,499.386163,-15.173174,301.982987,499.858804,-15.182495,303.049352,500.376057,-15.193115,309.823280,495.482471,-98.103322,313.087563,497.598490,25.563846,299.545106,484.850392,-37.117872,300.414255,485.404394,-1.603689,312.430487,457.211158,-155.547027,345.348810,462.949240,95.278284,275.347298,456.990164,-295.676937,341.672582,473.479602,270.897583,280.337899,501.327217,-376.732083,331.020783,505.272809,420.354263,280.726818,513.279359,-403.666439,329.862966,516.780473,446.212001,284.821007,514.081889,-407.343500,327.435793,515.839775,436.231240,286.388635,508.705471,-380.404187,324.437777,511.159281,419.154181,312.953748,341.037000,-85.356971,328.134338,343.201234,85.190036,313.018320,257.462236,-50.003014,321.037154,261.457081,136.364223,327.648659,165.929559,-30.915881,334.249303,186.399330,193.115054,338.317585,148.927966,-30.135253,344.226735,174.122773,197.041095,291.374665,148.082811,-80.231695,304.138777,174.274299,173.390878,
0.000000,0.000000,0.000000,0.000000,0.000000,0.000000,0.000000,0.000000,0.000000,0.000000,0.000000,0.000000,0.000000,0.000000,0.000000,0.000000,0.000000,0.000000,0.000000,0.000000,0.000000,0.000000,0.000000,0.000000,0.000000,0.000000,0.000000,0.000000,0.000000,0.000000,0.000000,0.000000,0.000000,0.000000,0.000000,0.000000,0.000000,0.000000,0.000000,0.000000,0.000000,0.000000,0.000000,0.000000,0.000000,0.000000,0.000000,0.000000,0.000000,0.000000,0.000000,0.000000,297.193868,491.676314,-19.058710,300.279354,498.629226,-40.700521,300.742254,498.663053,-40.698441,301.126995,498.733091,-40.685616,301.056036,499.451633,-13.850894,302.248052,499.933431,-13.862102,303.314273,500.463032,-13.873881,309.932442,495.531427,-97.196501,313.270822,497.706150,25.387968,299.770350,484.891283,-35.683352,300.698958,485.475977,-0.552381,312.350622,457.289753,-154.714634,345.495671,463.039741,94.766606,274.744640,457.343031,-290.362061,341.669454,473.106902,270.929436,281.372362,501.180850,-365.052326,330.458652,504.840184,422.518833,281.924926,512.942455,-390.591651,329.205372,516.188184,448.669756,285.985941,513.636829,-395.064849,326.951817,515.192762,438.824990,287.560884,508.229638,-368.834151,324.159899,510.607316,421.436797,312.997911,341.064341,-85.068026,328.425998,343.239134,84.900789,312.292415,257.492315,-50.520109,320.941893,261.572563,135.260510,327.495108,166.001443,-33.351413,334.283022,186.393849,190.338649,338.229355,148.922521,-32.690324,344.317587,174.162206,194.160761,291.323374,148.205993,-81.582750,304.320342,174.283324,171.539144,
0.000000,0.000000,0.000000,0.000000,0.000000,0.000000,0.000000,0.000000,0.000000,0.000000,0.000000,0.000000,0.000000,0.000000,0.000000,0.000000,0.000000,0.000000,0.000000,0.000000,0.000000,0.000000,0.000000,0.000000,0.000000,0.000000,0.000000,0.000000,0.000000,0.000000,0.000000,0.000000,0.000000,0.000000,0.000000,0.000000,0.000000,0.000000,0.000000,0.000000,0.000000,0.000000,0.000000,0.000000,0.000000,0.000000,0.000000,0.000000,0.000000,0.000000,0.000000,0.000000,297.529279,491.789938,-16.604249,300.554571,498.681953,-38.417088,301.004874,498.711957,-38.412037,301.364593,498.784177,-38.398431,301.358664,499.546996,-11.894561,302.576218,500.041536,-11.907727,303.648153,500.591452,-11.920758,310.108405,495.629444,-95.837685,313.515729,497.871444,25.203905,300.065077,484.946122,-33.551802,301.054976,485.561466,1.125868,312.324414,457.422654,-153.436277,345.666615,463.194371,94.455685,274.061963,457.589115,-283.070226,341.572343,472.375561,271.791344,282.010738,500.815451,-349.600048,329.525627,503.825803,426.787468,282.650692,512.378008,-373.577093,328.390642,514.962831,453.382663,286.830209,512.976605,-378.395217,326.425638,513.858084,443.701418,288.401842,507.543770,-353.179149,323.854662,509.410543,425.872179,313.073528,341.114193,-84.587580,328.821918,343.304714,84.423003,311.189364,257.527136,-51.183741,320.896597,261.714597,133.369965,327.175436,166.108019,-36.113979,334.312826,186.310596,186.309634,338.025780,148.899331,-35.561674,344.425209,174.110017,190.056389,291.203232,148.447363,-82.873247,304.643658,174.261072,168.781651,
0.000000,0.000000,0.000000,0.000000,0.000000,0.000000,0.000000,0.000000,0.000000,0.000000,0.000000,0.000000,0.000000,0.000000,0.000000,0.000000,0.000000,0.000000,0.000000,0.000000,0.000000,0.000000,0.000000,0.000000,0.000000,0.000000,0.000000,0.000000,0.000000,0.000000,0.000000,0.000000,0.000000,0.000000,0.000000,0.000000,0.000000,0.000000,0.000000,0.000000,0.000000,0.000000,0.000000,0.000000,0.000000,0.000000,0.000000,0.000000,0.000000,0.000000,0.000000,0.000000,297.864690,491.903563,-14.149787,300.829788,498.734679,-36.133655,301.267494,498.760862,-36.125633,301.602191,498.835263,-36.111246,301.661293,499.642359,-9.938228,302.904383,500.149641,-9.953352,303.982034,500.719871,-9.967636,310.284368,495.727460,-94.478868,313.760637,498.036738,25.019843,300.359803,485.000961,-31.420251,301.410994,485.646955,2.804118,312.298207,457.555555,-152.157920,345.837558,463.349002,94.144765,273.379286,457.835199,-275.778392,341.475231,471.644220,272.653252,282.649114,500.450052,-334.147770,328.592602,502.811423,431.056102,283.376459,511.813561,-356.562536,327.575913,513.737478,458.095570,287.674477,512.316382,-361.725585,325.899458,512.523406,448.577845,289.242800,506.857903,-337.524147,323.549424,508.213771,430.307561,313.149145,341.164045,-84.107134,329.217839,343.370294,83.945216,310.086313,257.561956,-51.847373,320.851300,261.856631,131.479420,326.855763,166.214596,-38.876545,334.342631,186.227343,182.280620,337.822205,148.876141,-38.433023,344.532831,174.057829,185.952016,291.083090,148.688733,-84.163745,304.966975,174.238820,166.024157,
0.000000,0.000000,0.000000,0.000000,0.000000,0.000000,0.000000,0.000000,0.000000,0.000000,0.000000,0.000000,0.000000,0.000000,0.000000,0.000000,0.000000,0.000000,0.000000,0.000000,0.000000,0.000000,0.000000,0.000000,0.000000,0.000000,0.000000,0.000000,0.000000,0.000000,0.000000,0.000000,0.000000,0.000000,0.000000,0.000000,0.000000,0.000000,0.000000,0.000000,0.000000,0.000000,0.000000,0.000000,0.000000,0.000000,0.000000,0.000000,0.000000,0.000000,0.000000,0.000000,298.200101,492.017188,-11.695325,301.105005,498.787405,-33.850222,301.530114,498.809767,-33.839229,301.839789,498.886349,-33.824061,301.963921,499.737722,-7.981894,303.232549,500.257746,-7.998977,304.315914,500.848291,-8.014513,310.460331,495.825477,-93.120051,314.005544,498.202031,24.835781,300.654530,485.055800,-29.288701,301.767013,485.732444,4.482368,312.272000,457.688456,-150.879562,346.008502,463.503633,93.833844,272.696609,458.081283,-268.486557,341.378120,470.912879,273.515160,283.287489,500.084653,-318.695492,327.659577,501.797042,435.324737,284.102225,511.249114,-339.547979,326.761183,512.512125,462.808478,288.518744,511.656159,-345.055953,325.373278,511.188728,453.454273,290.083758,506.172035,-321.869145,323.244187,507.016998,434.742943,313.224762,341.213898,-83.626688,329.613760,343.435875,83.467430,308.983262,257.596777,-52.511006,320.806003,261.998665,129.588875,326.536091,166.321173,-41.639111,334.372435,186.144089,178.251605,337.618630,148.852951,-41.304373,344.640454,174.005640,181.847644,290.962948,148.930102,-85.454242,305.290291,174.216568,163.266664,
0.000000,0.000000,0.000000,0.000000,0.000000,0.000000,0.000000,0.000000,0.000000,0.000000,0.000000,0.000000,0.000000,0.000000,0.000000,0.000000,0.000000,0.000000,0.000000,0.000000,0.000000,0.000000,0.000000,0.000000,0.000000,0.000000,0.000000,0.000000,0.000000,0.000000,0.000000,0.000000,0.000000,0.000000,0.000000,0.000000,0.000000,0.000000,0.000000,0.000000,0.000000,0.000000,0.000000,0.000000,0.000000,0.000000,0.000000,0.000000,0.000000,0.000000,0.000000,0.000000,298.535513,492.130812,-9.240864,301.380223,498.840131,-31.566789,301.792734,498.858671,-31.552825,302.077387,498.937435,-31.536876,302.266549,499.833085,-6.025561,303.560715,500.365852,-6.044602,304.649794,500.976711,-6.061390,310.636294,495.923493,-91.761234,314.250452,498.367325,24.651718,300.949257,485.110638,-27.157151,302.123031,485.817933,6.160617,312.245793,457.821357,-149.601205,346.179445,463.658264,93.522923,272.013932,458.327367,-261.194723,341.281009,470.181538,274.377068,283.925865,499.719254,-303.243214,326.726552,500.782661,439.593371,284.827991,510.684667,-322.533422,325.946453,511.286772,467.521385,289.363012,510.995936,-328.386321,324.847099,509.854049,458.330701,290.924716,505.486167,-306.214143,322.938949,505.820225,439.178326,313.300379,341.263750,-83.146241,330.009680,343.501455,82.989644,307.880212,257.631597,-53.174638,320.760706,262.140699,127.698330,326.216418,166.427749,-44.401677,334.402239,186.060836,174.222591,337.415055,148.829761,-44.175723,344.748076,173.953451,177.743272,290.842806,149.171472,-86.744739,305.613607,174.194316,160.509171,
0.000000,0.000000,0.000000,0.000000,0.000000,0.000000,0.000000,0.000000,0.000000,0.000000,0.000000,0.000000,0.000000,0.000000,0.000000,0.000000,0.000000,0.000000,0.000000,0.000000,0.000000,0.000000,0.000000,0.000000,0.000000,0.000000,0.000000,0.000000,0.000000,0.000000,0.000000,0.000000,0.000000,0.000000,0.000000,0.000000,0.000000,0.000000,0.000000,0.000000,0.000000,0.000000,0.000000,0.000000,0.000000,0.000000,0.000000,0.000000,0.000000,0.000000,0.000000,0.000000,298.535002,492.144832,-6.578388,301.377526,498.865748,-28.756954,301.795839,498.878819,-28.739881,302.072559,498.956630,-28.724226,302.260610,499.873228,-3.710621,303.554496,500.405861,-3.727351,304.647094,501.020371,-3.746272,310.532505,495.977036,-88.261997,314.229210,498.416703,25.768109,300.946109,485.115067,-24.210517,302.135381,485.838075,8.448731,312.105604,457.864987,-146.225330,346.160758,463.736051,93.385853,272.150358,458.940782,-257.227753,344.195183,470.906252,267.963319,284.322683,499.518262,-298.379911,328.498057,501.815444,425.917736,285.322922,510.426100,-317.525819,327.493356,512.337468,452.549610,290.017083,510.568703,-322.377795,325.488334,510.857327,442.958734,291.524963,505.164520,-300.908952,323.709951,506.598954,425.160787,313.510411,341.310181,-82.871432,330.631181,343.572077,82.720036,306.730805,257.686606,-57.849175,320.895742,262.335272,125.108973,325.693043,166.704920,-53.016695,334.727259,185.771101,166.981453,337.135754,149.391523,-53.082173,344.923792,173.780893,169.930549,290.976385,149.140395,-94.056362,305.947265,173.863128,153.080258,
0.000000,0.000000,0.000000,0.000000,0.000000,0.000000,0.000000,0.000000,0.000000,0.000000,0.000000,0.000000,0.000000,0.000000,0.000000,0.000000,0.000000,0.000000,0.000000,0.000000,0.000000,0.000000,0.000000,0.000000,0.000000,0.000000,0.000000,0.000000,0.000000,0.000000,0.000000,0.000000,0.000000,0.000000,0.000000,0.000000,0.000000,0.000000,0.000000,0.000000,0.000000,0.000000,0.000000,0.000000,0.000000,0.000000,0.000000,0.000000,0.000000,0.000000,0.000000,0.000000,298.534492,492.158852,-3.915913,301.374828,498.891366,-25.947119,301.798945,498.898967,-25.926937,302.067731,498.975826,-25.911576,302.254672,499.913371,-1.395680,303.548277,500.445870,-1.410100,304.644394,501.064030,-1.431153,310.428717,496.030580,-84.762760,314.207969,498.466080,26.884499,300.942962,485.119496,-21.263884,302.147731,485.858218,10.736844,311.965415,457.908618,-142.849455,346.142071,463.813837,93.248782,272.286783,459.554198,-253.260783,347.109357,471.630966,261.549570,284.719502,499.317270,-293.516609,330.269562,502.848226,412.242100,285.817854,510.167532,-312.518216,329.040260,513.388165,437.577835,290.671154,510.141471,-316.369269,326.129570,511.860605,427.586766,292.125211,504.842872,-295.603762,324.480952,507.377683,411.143249,313.720444,341.356612,-82.596622,331.252682,343.642698,82.450428,305.581399,257.741615,-62.523712,321.030777,262.529844,122.519616,325.169667,166.982090,-61.631712,335.052279,185.481365,159.740315,336.856453,149.953286,-61.988623,345.099507,173.608336,162.117826,291.109964,149.109318,-101.367984,306.280922,173.531939,145.651345,
0.000000,0.000000,0.000000,0.000000,0.000000,0.000000,0.000000,0.000000,0.000000,0.000000,0.000000,0.000000,0.000000,0.000000,0.000000,0.000000,0.000000,0.000000,0.000000,0.000000,0.000000,0.000000,0.000000,0.000000,0.000000,0.000000,0.000000,0.000000,0.000000,0.000000,0.000000,0.000000,0.000000,0.000000,0.000000,0.000000,0.000000,0.000000,0.000000,0.000000,0.000000,0.000000,0.000000,0.000000,0.000000,0.000000,0.000000,0.000000,0.000000,0.000000,0.000000,0.000000,298.533981,492.172871,-1.253438,301.372131,498.916984,-23.137285,301.802051,498.919114,-23.113993,302.062904,498.995022,-23.098926,302.248734,499.953514,0.919260,303.542057,500.485879,0.907151,304.641695,501.107689,0.883965,310.324928,496.084123,-81.263523,314.186728,498.515457,28.000889,300.939814,485.123925,-18.317251,302.160080,485.878361,13.024958,311.825226,457.952249,-139.473580,346.123383,463.891624,93.111712,272.423209,460.167613,-249.293813,350.023531,472.355679,255.135822,285.116320,499.116279,-288.653306,332.041067,503.881009,398.566465,286.312785,509.908965,-307.510614,330.587163,514.438861,422.606060,291.325225,509.714239,-310.360743,326.770805,512.863882,412.214799,292.725459,504.521224,-290.298571,325.251953,508.156411,397.125710,313.930477,341.403043,-82.321812,331.874183,343.713320,82.180820,304.431993,257.796624,-67.198249,321.165813,262.724416,119.930259,324.646291,167.259261,-70.246729,335.377299,185.191629,152.499178,336.577152,150.515049,-70.895073,345.275223,173.435778,154.305104,291.243543,149.078240,-108.679607,306.614579,173.200751,138.222432,
0.000000,0.000000,0.000000,0.000000,0.000000,0.000000,0.000000,0.000000,0.000000,0.000000,0.000000,0.000000,0.000000,0.000000,0.000000,0.000000,0.000000,0.000000,0.000000,0.000000,0.000000,0.000000,0.000000,0.000000,0.000000,0.000000,0.000000,0.000000,0.000000,0.000000,0.000000,0.000000,0.000000,0.000000,0.000000,0.000000,0.000000,0.000000,0.000000,0.000000,0.000000,0.000000,0.000000,0.000000,0.000000,0.000000,0.000000,0.000000,0.000000,0.000000,0.000000,0.000000,298.533471,492.186891,1.409037,301.369434,498.942601,-20.327450,301.805157,498.939262,-20.301049,302.058076,499.014217,-20.286276,302.242795,499.993657,3.234201,303.535838,500.525888,3.224402,304.638995,501.151349,3.199084,310.221139,496.137666,-77.764286,314.165486,498.564835,29.117279,300.936666,485.128353,-15.370618,302.172430,485.898503,15.313071,311.685037,457.995880,-136.097705,346.104696,463.969411,92.974642,272.559634,460.781029,-245.326844,352.937705,473.080393,248.722073,285.513138,498.915287,-283.790004,333.812572,504.913791,384.890830,286.807716,509.650397,-302.503011,332.134067,515.489557,407.634285,291.979296,509.287006,-304.352217,327.412040,513.867160,396.842832,293.325707,504.199576,-284.993380,326.022955,508.935140,383.108171,314.140509,341.449474,-82.047003,332.495684,343.783942,81.911212,303.282587,257.851633,-71.872786,321.300849,262.918989,117.340902,324.122915,167.536431,-78.861747,335.702320,184.901894,145.258040,336.297851,151.076811,-79.801523,345.450939,173.263220,146.492381,291.377123,149.047163,-115.991230,306.948236,172.869562,130.793519,
0.000000,0.000000,0.000000,0.000000,0.000000,0.000000,0.000000,0.000000,0.000000,0.000000,0.000000,0.000000,0.000000,0.000000,0.000000,0.000000,0.000000,0.000000,0.000000,0.000000,0.000000,0.000000,0.000000,0.000000,0.000000,0.000000,0.000000,0.000000,0.000000,0.000000,0.000000,0.000000,0.000000,0.000000,0.000000,0.000000,0.000000,0.000000,0.000000,0.000000,0.000000,0.000000,0.000000,0.000000,0.000000,0.000000,0.000000,0.000000,0.000000,0.000000,0.000000,0.000000,298.629625,492.212254,3.025605,301.419024,498.952891,-18.609112,301.840123,498.944469,-18.580745,302.067362,499.016436,-18.565805,302.316615,500.015726,4.645972,303.608587,500.548609,4.637332,304.715230,501.176061,4.611385,310.093680,496.164197,-75.658977,314.186259,498.591942,29.631029,300.982719,485.159405,-13.606051,302.256736,485.947618,16.669452,311.494517,458.014332,-134.126374,346.106656,464.033093,92.000343,272.566879,461.166390,-242.994287,354.727854,473.588315,242.750084,285.700709,498.808313,-282.587407,334.753617,505.633231,372.989056,287.023277,509.516431,-301.461523,332.923819,516.237068,394.796881,292.269272,509.068444,-302.857589,327.836000,514.648327,383.615390,293.589600,504.040719,-283.679533,326.581924,509.650983,370.921489,314.330432,341.460936,-81.801026,333.018882,343.828362,81.669244,302.665509,257.896685,-74.348194,321.584521,263.072856,116.320720,323.656537,167.802865,-83.383338,335.916287,184.722443,142.155000,335.860932,151.625341,-84.482403,345.440769,173.068945,143.121181,291.223183,149.070546,-119.833515,307.254515,172.648504,127.528442,
0.000000,0.000000,0.000000,0.000000,0.000000,0.000000,0.000000,0.000000,0.000000,0.000000,0.000000,0.000000,0.000000,0.000000,0.000000,0.000000,0.000000,0.000000,0.000000,0.000000,0.000000,0.000000,0.000000,0.000000,0.000000,0.000000,0.000000,0.000000,0.000000,0.000000,0.000000,0.000000,0.000000,0.000000,0.000000,0.000000,0.000000,0.000000,0.000000,0.000000,0.000000,0.000000,0.000000,0.000000,0.000000,0.000000,0.000000,0.000000,0.000000,0.000000,0.000000,0.000000,298.725778,492.237617,4.642173,301.468615,498.963181,-16.890774,301.875090,498.949677,-16.860441,302.076648,499.018656,-16.845335,302.390436,500.037795,6.057743,303.681336,500.571330,6.050263,304.791466,501.200773,6.023686,309.966221,496.190728,-73.553668,314.207031,498.619049,30.144779,301.028772,485.190457,-11.841485,302.341041,485.996733,18.025832,311.303997,458.032785,-132.155044,346.108616,464.096775,91.026044,272.574124,461.551751,-240.661730,356.518004,474.096238,236.778096,285.888281,498.701339,-281.384810,335.694661,506.352671,361.087282,287.238837,509.382464,-300.420035,333.713571,516.984579,381.959477,292.559249,508.849881,-301.362960,328.259960,515.429495,370.387947,293.853493,503.881863,-282.365686,327.140893,510.366826,358.734807,314.520355,341.472399,-81.555050,333.542079,343.872782,81.427277,302.048432,257.941737,-76.823602,321.868193,263.226724,115.300538,323.190159,168.069298,-87.904929,336.130254,184.542993,139.051961,335.424014,152.173870,-89.163282,345.430600,172.874670,139.749981,291.069243,149.093929,-123.675800,307.560795,172.427447,124.263364,
0.000000,0.000000,0.000000,0.000000,0.000000,0.000000,0.000000,0.000000,0.000000,0.000000,0.000000,0.000000,0.000000,0.000000,0.000000,0.000000,0.000000,0.000000,0.000000,0.000000,0.000000,0.000000,0.000000,0.000000,0.000000,0.000000,0.000000,0.000000,0.000000,0.000000,0.000000,0.000000,0.000000,0.000000,0.000000,0.000000,0.000000,0.000000,0.000000,0.000000,0.000000,0.000000,0.000000,0.000000,0.000000,0.000000,0.000000,0.000000,0.000000,0.000000,0.000000,0.000000,298.821932,492.262980,6.258741,301.518205,498.973470,-15.172435,301.910056,498.954884,-15.140137,302.085935,499.020875,-15.124865,302.464256,500.059863,7.469514,303.754085,500.594050,7.463193,304.867701,501.225484,7.435987,309.838761,496.217258,-71.448360,314.227803,498.646156,30.658529,301.074826,485.221509,-10.076918,302.425346,486.045848,19.382213,311.113478,458.051237,-130.183713,346.110577,464.160456,90.051745,272.581368,461.937112,-238.329174,358.308153,474.604161,230.806107,286.075852,498.594365,-280.182213,336.635706,507.072111,349.185508,287.454398,509.248497,-299.378546,334.503323,517.732091,369.122072,292.849225,508.631318,-299.868332,328.683920,516.210662,357.160505,294.117386,503.723007,-281.051839,327.699862,511.082669,346.548124,314.710278,341.483862,-81.309074,334.065277,343.917202,81.185310,301.431354,257.986789,-79.299010,322.151865,263.380591,114.280357,322.723781,168.335732,-92.426520,336.344221,184.363542,135.948921,334.987095,152.722400,-93.844162,345.420431,172.680395,136.378781,290.915303,149.117312,-127.518086,307.867074,172.206389,120.998286,
0.000000,0.000000,0.000000,0.000000,0.000000,0.000000,0.000000,0.000000,0.000000,0.000000,0.000000,0.000000,0.000000,0.000000,0.000000,0.000000,0.000000,0.000000,0.000000,0.000000,0.000000,0.000000,0.000000,0.000000,0.000000,0.000000,0.000000,0.000000,0.000000,0.000000,0.000000,0.000000,0.000000,0.000000,0.000000,0.000000,0.000000,0.000000,0.000000,0.000000,0.000000,0.000000,0.000000,0.000000,0.000000,0.000000,0.000000,0.000000,0.000000,0.000000,0.000000,0.000000,298.918085,492.288344,7.875309,301.567795,498.983760,-13.454097,301.945023,498.960091,-13.419833,302.095221,499.023094,-13.404394,302.538077,500.081932,8.881284,303.826834,500.616771,8.876123,304.943937,501.250196,8.848287,309.711302,496.243789,-69.343051,314.248576,498.673264,31.172279,301.120879,485.252561,-8.312352,302.509652,486.094963,20.738593,310.922958,458.069690,-128.212383,346.112537,464.224138,89.077446,272.588613,462.322474,-235.996617,360.098303,475.112084,224.834118,286.263424,498.487391,-278.979616,337.576751,507.791551,337.283735,287.669959,509.114531,-298.337058,335.293074,518.479602,356.284668,293.139202,508.412756,-298.373704,329.107879,516.991830,343.933063,294.381279,503.564151,-279.737992,328.258830,511.798512,334.361442,314.900201,341.495324,-81.063097,334.588475,343.961622,80.943342,300.814277,258.031841,-81.774417,322.435537,263.534459,113.260175,322.257404,168.602165,-96.948111,336.558188,184.184092,132.845882,334.550176,153.270930,-98.525041,345.410262,172.486120,133.007581,290.761364,149.140694,-131.360371,308.173353,171.985332,117.733208,
0.000000,0.000000,0.000000,0.000000,0.000000,0.000000,0.000000,0.000000,0.000000,0.000000,0.000000,0.000000,0.000000,0.000000,0.000000,0.000000,0.000000,0.000000,0.000000,0.000000,0.000000,0.000000,0.000000,0.000000,0.000000,0.000000,0.000000,0.000000,0.000000,0.000000,0.000000,0.000000,0.000000,0.000000,0.000000,0.000000,0.000000,0.000000,0.000000,0.000000,0.000000,0.000000,0.000000,0.000000,0.000000,0.000000,0.000000,0.000000,0.000000,0.000000,0.000000,0.000000,299.079338,492.318820,8.239936,301.648260,498.980541,-13.048013,301.993450,498.953344,-13.013709,302.105848,499.012527,-12.998256,302.662181,500.086295,9.247679,303.945496,500.622107,9.242870,305.063716,501.256026,9.215979,309.562396,496.252507,-68.775572,314.284732,498.681406,31.008077,301.195834,485.305219,-7.899704,302.632994,486.161999,21.076562,310.685314,458.068546,-127.805783,346.116135,464.275646,87.472644,272.481525,462.505552,-235.867292,360.802673,475.332438,219.917237,286.229829,498.493477,-282.971300,337.915888,508.159873,328.129843,287.597552,509.122426,-303.051478,335.560455,518.878843,346.538012,293.072473,508.390128,-302.810427,329.452875,517.474928,333.820823,294.328662,503.561735,-283.794045,328.685245,512.328649,324.979222,315.068664,341.470491,-80.869942,334.979210,343.977904,80.753161,300.672666,258.060357,-82.104787,322.843843,263.626136,113.664122,321.797050,168.821091,-97.301071,336.638455,184.091770,133.805066,333.904335,153.732044,-98.894695,345.195925,172.253697,133.990919,290.280335,149.205717,-131.673625,308.481022,171.867214,118.396886,
0.000000,0.000000,0.000000,0.000000,0.000000,0.000000,0.000000,0.000000,0.000000,0.000000,0.000000,0.000000,0.000000,0.000000,0.000000,0.000000,0.000000,0.000000,0.000000,0.000000,0.000000,0.000000,0.000000,0.000000,0.000000,0.000000,0.000000,0.000000,0.000000,0.000000,0.000000,0.000000,0.000000,0.000000,0.000000,0.000000,0.000000,0.000000,0.000000,0.000000,0.000000,0.000000,0.000000,0.000000,0.000000,0.000000,0.000000,0.000000,0.000000,0.000000,0.000000,0.000000,299.240591,492.349296,8.604562,301.728725,498.977321,-12.641929,302.041878,498.946597,-12.607586,302.116476,499.001960,-12.592118,302.786285,500.090658,9.614073,304.064158,500.627444,9.609616,305.183495,501.261856,9.583671,309.413490,496.261225,-68.208093,314.320888,498.689548,30.843874,301.270790,485.357876,-7.487057,302.756336,486.229034,21.414531,310.447670,458.067403,-127.399182,346.119732,464.327155,85.867841,272.374438,462.688630,-235.737967,361.507044,475.552792,215.000355,286.196234,498.499564,-286.962984,338.255025,508.528194,318.975952,287.525146,509.130321,-307.765898,335.827836,519.278085,336.791357,293.005744,508.367500,-307.247150,329.797870,517.958026,323.708584,294.276045,503.559318,-287.850097,329.111660,512.858787,315.597003,315.237127,341.445658,-80.676786,335.369945,343.994185,80.562981,300.531054,258.088872,-82.435156,323.252150,263.717813,114.068069,321.336697,169.040017,-97.654031,336.718721,183.999448,134.764251,333.258494,154.193158,-99.264349,344.981587,172.021273,134.974257,289.799306,149.270740,-131.986879,308.788690,171.749097,119.060564,
0.000000,0.000000,0.000000,0.000000,0.000000,0.000000,0.000000,0.000000,0.000000,0.000000,0.000000,0.000000,0.000000,0.000000,0.000000,0.000000,0.000000,0.000000,0.000000,0.000000,0.000000,0.000000,0.000000,0.000000,0.000000,0.000000,0.000000,0.000000,0.000000,0.000000,0.000000,0.000000,0.000000,0.000000,0.000000,0.000000,0.000000,0.000000,0.000000,0.000000,0.000000,0.000000,0.000000,0.000000,0.000000,0.000000,0.000000,0.000000,0.000000,0.000000,0.000000,0.000000,299.401843,492.379772,8.969189,301.809191,498.974102,-12.235844,302.090305,498.939851,-12.201462,302.127103,498.991392,-12.185979,302.910389,500.095021,9.980467,304.182820,500.632780,9.976363,305.303273,501.267686,9.951362,309.264584,496.269943,-67.640613,314.357045,498.697691,30.679672,301.345746,485.410534,-7.074410,302.879678,486.296069,21.752501,310.210027,458.066259,-126.992582,346.123330,464.378663,84.263039,272.267350,462.871708,-235.608642,362.211415,475.773145,210.083473,286.162639,498.505650,-290.954669,338.594162,508.896515,309.822061,287.452739,509.138217,-312.480318,336.095217,519.677326,327.044701,292.939015,508.344872,-311.683873,330.142866,518.441124,313.596345,294.223428,503.556901,-291.906150,329.538075,513.388925,306.214783,315.405590,341.420825,-80.483630,335.760680,344.010467,80.372800,300.389443,258.117388,-82.765525,323.660456,263.809490,114.472016,320.876344,169.258944,-98.006992,336.798987,183.907127,135.723435,332.612652,154.654272,-99.634002,344.767250,171.788849,135.957594,289.318277,149.335763,-132.300132,309.096359,171.630979,119.724242,
0.000000,0.000000,0.000000,0.000000,0.000000,0.000000,0.000000,0.000000,0.000000,0.000000,0.000000,0.000000,0.000000,0.000000,0.000000,0.000000,0.000000,0.000000,0.000000,0.000000,0.000000,0.000000,0.000000,0.000000,0.000000,0.000000,0.000000,0.000000,0.000000,0.000000,0.000000,0.000000,0.000000,0.000000,0.000000,0.000000,0.000000,0.000000,0.000000,0.000000,0.000000,0.000000,0.000000,0.000000,0.000000,0.000000,0.000000,0.000000,0.000000,0.000000,0.000000,0.000000,299.563096,492.410248,9.333815,301.889656,498.970882,-11.829760,302.138733,498.933104,-11.795338,302.137731,498.980825,-11.779841,303.034494,500.099384,10.346861,304.301482,500.638116,10.343109,305.423052,501.273516,10.319054,309.115678,496.278660,-67.073134,314.393201,498.705833,30.515469,301.420701,485.463191,-6.661762,303.003020,486.363105,22.090470,309.972383,458.065115,-126.585982,346.126928,464.430172,82.658237,272.160262,463.054787,-235.479317,362.915786,475.993499,205.166592,286.129043,498.511737,-294.946353,338.933300,509.264836,300.668170,287.380332,509.146112,-317.194738,336.362598,520.076568,317.298046,292.872286,508.322244,-316.120596,330.487861,518.924222,303.484105,294.170811,503.554485,-295.962202,329.964490,513.919062,296.832563,315.574054,341.395992,-80.290475,336.151415,344.026748,80.182619,300.247831,258.145904,-83.095894,324.068762,263.901167,114.875963,320.415990,169.477870,-98.359952,336.879253,183.814805,136.682620,331.966811,155.115386,-100.003656,344.552913,171.556425,136.940932,288.837248,149.400786,-132.613386,309.404027,171.512862,120.387920,
0.000000,0.000000,0.000000,0.000000,0.000000,0.000000,0.000000,0.000000,0.000000,0.000000,0.000000,0.000000,0.000000,0.000000,0.000000,0.000000,0.000000,0.000000,0.000000,0.000000,0.000000,0.000000,0.000000,0.000000,0.000000,0.000000,0.000000,0.000000,0.000000,0.000000,0.000000,0.000000,0.000000,0.000000,0.000000,0.000000,0.000000,0.000000,0.000000,0.000000,0.000000,0.000000,0.000000,0.000000,0.000000,0.000000,0.000000,0.000000,0.000000,0.000000,0.000000,0.000000,299.746165,492.434223,8.353984,301.966278,498.949963,-12.847665,302.168929,498.909471,-12.815288,302.122830,498.952780,-12.800037,303.172245,500.081098,9.618434,304.432874,500.620793,9.614191,305.552467,501.254475,9.592403,308.925544,496.267887,-68.196466,314.428385,498.693419,29.800803,301.492242,485.521701,-7.699821,303.128847,486.429212,21.386287,309.701158,458.057110,-127.862001,346.121938,464.480071,80.771120,272.017581,463.046113,-238.598197,362.544664,475.895774,202.076821,285.869690,498.604830,-306.998336,338.712882,509.205407,295.422723,287.008139,509.268754,-330.708681,336.134068,520.044782,311.786407,292.450107,508.451699,-329.465203,330.734940,518.985369,297.724956,293.797199,503.672917,-308.264845,330.231279,514.174361,291.427776,315.709356,341.343527,-80.178996,336.392988,344.018599,80.072616,300.561555,258.157730,-81.478266,324.584741,263.920652,116.215886,319.941697,169.617687,-94.732290,336.816466,183.790598,140.998593,331.095398,155.437209,-96.265829,344.132553,171.271676,141.524661,287.968056,149.510490,-129.779408,309.733688,171.492889,124.087435,
0.000000,0.000000,0.000000,0.000000,0.000000,0.000000,0.000000,0.000000,0.000000,0.000000,0.000000,0.000000,0.000000,0.000000,0.000000,0.000000,0.000000,0.000000,0.000000,0.000000,0.000000,0.000000,0.000000,0.000000,0.000000,0.000000,0.000000,0.000000,0.000000,0.000000,0.000000,0.000000,0.000000,0.000000,0.000000,0.000000,0.000000,0.000000,0.000000,0.000000,0.000000,0.000000,0.000000,0.000000,0.000000,0.000000,0.000000,0.000000,0.000000,0.000000,0.000000,0.000000,299.929233,492.458198,7.374152,302.042900,498.929044,-13.865569,302.199125,498.885838,-13.835237,302.107928,498.924736,-13.820233,303.309996,500.062812,8.890008,304.564267,500.603470,8.885273,305.681881,501.235434,8.865752,308.735410,496.257113,-69.319797,314.463570,498.681005,29.086137,301.563783,485.580210,-8.737881,303.254675,486.495318,20.682105,309.429933,458.049105,-129.138020,346.116948,464.529971,78.884002,271.874901,463.037439,-241.717076,362.173542,475.798049,198.987049,285.610336,498.697923,-319.050320,338.492465,509.145977,290.177276,286.635945,509.391397,-344.222623,335.905538,520.012996,306.274769,292.027929,508.581153,-342.809809,330.982019,519.046515,291.965806,293.423587,503.791350,-320.567487,330.498068,514.429659,286.022989,315.844658,341.291062,-80.067516,336.634561,344.010450,79.962613,300.875279,258.169556,-79.860639,325.100720,263.940137,117.555810,319.467404,169.757505,-91.104628,336.753678,183.766390,145.314567,330.223985,155.759033,-92.528002,343.712193,170.986926,146.108391,287.098864,149.620194,-126.945430,310.063348,171.472916,127.786949,
0.000000,0.000000,0.000000,0.000000,0.000000,0.000000,0.000000,0.000000,0.000000,0.000000,0.000000,0.000000,0.000000,0.000000,0.000000,0.000000,0.000000,0.000000,0.000000,0.000000,0.000000,0.000000,0.000000,0.000000,0.000000,0.000000,0.000000,0.000000,0.000000,0.000000,0.000000,0.000000,0.000000,0.000000,0.000000,0.000000,0.000000,0.000000,0.000000,0.000000,0.000000,0.000000,0.000000,0.000000,0.000000,0.000000,0.000000,0.000000,0.000000,0.000000,0.000000,0.000000,300.112301,492.482173,6.394320,302.119522,498.908125,-14.883473,302.229321,498.862205,-14.855187,302.093027,498.896691,-14.840429,303.447747,500.044526,8.161581,304.695659,500.586147,8.156355,305.811295,501.216393,8.139102,308.545276,496.246340,-70.443128,314.498754,498.668591,28.371470,301.635323,485.638720,-9.775940,303.380503,486.561425,19.977923,309.158708,458.041100,-130.414040,346.111959,464.579870,76.996884,271.732221,463.028765,-244.835956,361.802420,475.700323,195.897278,285.350982,498.791016,-331.102303,338.272047,509.086547,284.931828,286.263752,509.514039,-357.736566,335.677007,519.981210,300.763130,291.605751,508.710608,-356.154415,331.229098,519.107662,286.206657,293.049975,503.909782,-332.870130,330.764856,514.684958,280.618203,315.979961,341.238596,-79.956037,336.876134,344.002301,79.852611,301.189003,258.181383,-78.243011,325.616698,263.959622,118.895734,318.993111,169.897323,-87.476965,336.690891,183.742183,149.630541,329.352571,156.080856,-88.790174,343.291834,170.702176,150.692120,286.229672,149.729899,-124.111452,310.393009,171.452943,131.486464,
0.000000,0.000000,0.000000,0.000000,0.000000,0.000000,0.000000,0.000000,0.000000,0.000000,0.000000,0.000000,0.000000,0.000000,0.000000,0.000000,0.000000,0.000000,0.000000,0.000000,0.000000,0.000000,0.000000,0.000000,0.000000,0.000000,0.000000,0.000000,0.000000,0.000000,0.000000,0.000000,0.000000,0.000000,0.000000,0.000000,0.000000,0.000000,0.000000,0.000000,0.000000,0.000000,0.000000,0.000000,0.000000,0.000000,0.000000,0.000000,0.000000,0.000000,0.000000,0.000000,300.295370,492.506147,5.414489,302.196145,498.887205,-15.901377,302.259517,498.838572,-15.875136,302.078126,498.868646,-15.860625,303.585499,500.026240,7.433154,304.827051,500.568824,7.427437,305.940710,501.197352,7.412451,308.355142,496.235566,-71.566460,314.533938,498.656177,27.656804,301.706864,485.697229,-10.813999,303.506331,486.627532,19.273741,308.887484,458.033095,-131.690059,346.106969,464.629770,75.109767,271.589540,463.020091,-247.954835,361.431299,475.602598,192.807507,285.091628,498.884109,-343.154287,338.051630,509.027117,279.686381,285.891558,509.636682,-371.250509,335.448477,519.949424,295.251492,291.183572,508.840062,-369.499021,331.476177,519.168808,280.447507,292.676363,504.028215,-345.172772,331.031645,514.940256,275.213416,316.115263,341.186131,-79.844558,337.117708,343.994151,79.742608,301.502728,258.193209,-76.625383,326.132677,263.979108,120.235658,318.518818,170.037140,-83.849303,336.628103,183.717975,153.946515,328.481158,156.402680,-85.052347,342.871474,170.417427,155.275849,285.360480,149.839603,-121.277474,310.722670,171.432970,135.185979,
0.000000,0.000000,0.000000,0.000000,0.000000,0.000000,0.000000,0.000000,0.000000,0.000000,0.000000,0.000000,0.000000,0.000000,0.000000,0.000000,0.000000,0.000000,0.000000,0.000000,0.000000,0.000000,0.000000,0.000000,0.000000,0.000000,0.000000,0.000000,0.000000,0.000000,0.000000,0.000000,0.000000,0.000000,0.000000,0.000000,0.000000,0.000000,0.000000,0.000000,0.000000,0.000000,0.000000,0.000000,0.000000,0.000000,0.000000,0.000000,0.000000,0.000000,0.000000,0.000000,300.255666,492.433073,5.999803,302.124789,498.749151,-15.540757,302.167789,498.693063,-15.512474,301.957903,498.716880,-15.496909,303.553757,499.899262,7.576338,304.816958,500.445035,7.570932,305.944816,501.075424,7.551958,308.067187,496.182767,-71.625752,314.499226,498.582978,26.674796,301.612343,485.656666,-10.422967,303.464224,486.580259,19.443587,308.287272,457.994911,-131.500282,346.147329,464.594423,73.327665,271.498766,463.225835,-249.720208,361.914032,475.717141,189.262316,284.909514,498.975787,-346.522005,338.455602,509.052443,274.339498,285.606712,509.603115,-375.071847,335.678484,520.026367,289.629286,290.907263,508.810781,-373.079852,331.736245,519.364125,274.363410,292.419118,504.070943,-348.513170,331.327872,514.903718,269.716006,316.093414,341.004138,-79.804518,337.096793,343.931595,79.700726,301.625957,258.134347,-75.240117,326.260202,263.968805,121.612896,318.481244,169.992731,-82.501655,336.606346,183.673988,156.514683,328.360225,156.245784,-83.824011,342.846867,170.366881,157.955146,285.115456,149.848942,-120.569940,310.988671,171.517421,137.469212,
0.000000,0.000000,0.000000,0.000000,0.000000,0.000000,0.000000,0.000000,0.000000,0.000000,0.000000,0.000000,0.000000,0.000000,0.000000,0.000000,0.000000,0.000000,0.000000,0.000000,0.000000,0.000000,0.000000,0.000000,0.000000,0.000000,0.000000,0.000000,0.000000,0.000000,0.000000,0.000000,0.000000,0.000000,0.000000,0.000000,0.000000,0.000000,0.000000,0.000000,0.000000,0.000000,0.000000,0.000000,0.000000,0.000000,0.000000,0.000000,0.000000,0.000000,0.000000,0.000000,300.215962,492.359999,6.585117,302.053433,498.611097,-15.180137,302.076062,498.547555,-15.149811,301.837680,498.565113,-15.133192,303.522014,499.772284,7.719521,304.806865,500.321247,7.714427,305.948923,500.953495,7.691465,307.779231,496.129968,-71.685045,314.464514,498.509779,25.692788,301.517822,485.616103,-10.031935,303.422117,486.532986,19.613432,307.687059,457.956728,-131.310506,346.187688,464.559075,71.545564,271.407992,463.431579,-251.485580,362.396765,475.831685,185.717125,284.727399,499.067465,-349.889723,338.859574,509.077769,268.992614,285.321866,509.569548,-378.893185,335.908491,520.103309,284.007080,290.630954,508.781500,-376.660683,331.996313,519.559442,268.279312,292.161874,504.113671,-351.853568,331.624099,514.867180,264.218596,316.071564,340.822145,-79.764478,337.075879,343.869039,79.658844,301.749186,258.075486,-73.854851,326.387726,263.958502,122.990134,318.443670,169.948321,-81.154007,336.584589,183.630001,159.082852,328.239291,156.088889,-82.595675,342.822260,170.316336,160.634443,284.870431,149.858281,-119.862406,311.254672,171.601872,139.752445,
0.000000,0.000000,0.000000,0.000000,0.000000,0.000000,0.000000,0.000000,0.000000,0.000000,0.000000,0.000000,0.000000,0.000000,0.000000,0.000000,0.000000,0.000000,0.000000,0.000000,0.000000,0.000000,0.000000,0.000000,0.000000,0.000000,0.000000,0.000000,0.000000,0.000000,0.000000,0.000000,0.000000,0.000000,0.000000,0.000000,0.000000,0.000000,0.000000,0.000000,0.000000,0.000000,0.000000,0.000000,0.000000,0.000000,0.000000,0.000000,0.000000,0.000000,0.000000,0.000000,300.176258,492.286925,7.170430,301.982078,498.473043,-14.819517,301.984335,498.402046,-14.787149,301.717457,498.413347,-14.769476,303.490272,499.645306,7.862705,304.796773,500.197458,7.857922,305.953029,500.831567,7.830972,307.491275,496.077169,-71.744338,314.429802,498.436581,24.710779,301.423300,485.575539,-9.640903,303.380010,486.485713,19.783278,307.086847,457.918545,-131.120730,346.228048,464.523728,69.763463,271.317218,463.637323,-253.250953,362.879498,475.946229,182.171934,284.545284,499.159143,-353.257441,339.263546,509.103095,263.645730,285.037020,509.535982,-382.714523,336.138498,520.180252,278.384874,290.354645,508.752219,-380.241514,332.256381,519.754759,262.195214,291.904629,504.156399,-355.193966,331.920326,514.830642,258.721187,316.049714,340.640152,-79.724438,337.054964,343.806483,79.616962,301.872415,258.016625,-72.469585,326.515251,263.948200,124.367373,318.406097,169.903911,-79.806359,336.562833,183.586014,161.651020,328.118357,155.931993,-81.367339,342.797653,170.265791,163.313740,284.625406,149.867619,-119.154872,311.520673,171.686322,142.035678,
0.000000,0.000000,0.000000,0.000000,0.000000,0.000000,0.000000,0.000000,0.000000,0.000000,0.000000,0.000000,0.000000,0.000000,0.000000,0.000000,0.000000,0.000000,0.000000,0.000000,0.000000,0.000000,0.000000,0.000000,0.000000,0.000000,0.000000,0.000000,0.000000,0.000000,0.000000,0.000000,0.000000,0.000000,0.000000,0.000000,0.000000,0.000000,0.000000,0.000000,0.000000,0.000000,0.000000,0.000000,0.000000,0.000000,0.000000,0.000000,0.000000,0.000000,0.000000,0.000000,300.136554,492.213851,7.755744,301.910722,498.334989,-14.458896,301.892608,498.256538,-14.424487,301.597234,498.261580,-14.405759,303.458530,499.518328,8.005889,304.786680,500.073670,8.001416,305.957136,500.709638,7.970479,307.203319,496.024370,-71.803631,314.395090,498.363382,23.728771,301.328779,485.534976,-9.249871,303.337904,486.438440,19.953123,306.486635,457.880362,-130.930953,346.268408,464.488380,67.981362,271.226444,463.843067,-255.016325,363.362231,476.060773,178.626744,284.363169,499.250821,-356.625158,339.667518,509.128421,258.298846,284.752173,509.502415,-386.535861,336.368505,520.257195,272.762668,290.078335,508.722938,-383.822344,332.516449,519.950076,256.111116,291.647385,504.199127,-358.534364,332.216553,514.794104,253.223777,316.027865,340.458159,-79.684398,337.034050,343.743927,79.575081,301.995644,257.957763,-71.084319,326.642775,263.937897,125.744611,318.368523,169.859501,-78.458711,336.541076,183.542027,164.219189,327.997424,155.775098,-80.139003,342.773046,170.215245,165.993036,284.380381,149.876958,-118.447338,311.786674,171.770773,144.318911,
0.000000,0.000000,0.000000,0.000000,0.000000,0.000000,0.000000,0.000000,0.000000,0.000000,0.000000,0.000000,0.000000,0.000000,0.000000,0.000000,0.000000,0.000000,0.000000,0.000000,0.000000,0.000000,0.000000,0.000000,0.000000,0.000000,0.000000,0.000000,0.000000,0.000000,0.000000,0.000000,0.000000,0.000000,0.000000,0.000000,0.000000,0.000000,0.000000,0.000000,0.000000,0.000000,0.000000,0.000000,0.000000,0.000000,0.000000,0.000000,0.000000,0.000000,0.000000,0.000000,300.073204,492.324531,7.526558,301.848275,498.430619,-14.862472,301.819859,498.347239,-14.826554,301.507088,498.348545,-14.807216,303.417400,499.609650,7.447355,304.755184,500.159592,7.443506,305.932592,500.783315,7.409094,307.024568,496.119057,-72.435500,314.374461,498.405720,22.656595,301.231105,485.649542,-9.575971,303.277461,486.544175,19.465141,306.123280,457.934552,-131.458641,346.254636,464.500759,66.683369,271.311369,464.084716,-258.787365,363.588291,476.113356,176.447559,284.303289,499.313379,-362.835006,339.768963,509.096046,254.663984,284.657254,509.497994,-393.253407,336.421531,520.247139,268.770456,289.947832,508.730737,-390.402665,332.633345,519.943849,252.087932,291.518011,504.242502,-364.775890,332.265699,514.653166,249.514078,316.020488,340.333298,-79.670066,337.013660,343.707729,79.559950,302.110947,257.902840,-69.588210,326.717490,263.927445,128.297685,318.327674,169.758205,-77.101320,336.545931,183.589302,168.719644,327.935599,155.548555,-78.968695,342.798928,170.249875,170.694037,284.218754,149.879117,-117.657308,311.902573,171.935803,148.737894,
0.000000,0.000000,0.000000,0.000000,0.000000,0.000000,0.000000,0.000000,0.000000,0.000000,0.000000,0.000000,0.000000,0.000000,0.000000,0.000000,0.000000,0.000000,0.000000,0.000000,0.000000,0.000000,0.000000,0.000000,0.000000,0.000000,0.000000,0.000000,0.000000,0.000000,0.000000,0.000000,0.000000,0.000000,0.000000,0.000000,0.000000,0.000000,0.000000,0.000000,0.000000,0.000000,0.000000,0.000000,0.000000,0.000000,0.000000,0.000000,0.000000,0.000000,0.000000,0.000000,300.009854,492.435210,7.297372,301.785827,498.526249,-15.266047,301.747111,498.437939,-15.228622,301.416941,498.435510,-15.208674,303.376270,499.700973,6.888822,304.723688,500.245515,6.885596,305.908047,500.856993,6.847709,306.845818,496.213743,-73.067370,314.353833,498.448058,21.584420,301.133431,485.764109,-9.902071,303.217019,486.649910,18.977160,305.759925,457.988742,-131.986329,346.240864,464.513138,65.385376,271.396295,464.326365,-262.558404,363.814351,476.165939,174.268374,284.243410,499.375938,-369.044854,339.870409,509.063671,251.029123,284.562335,509.493573,-399.970952,336.474556,520.237083,264.778243,289.817328,508.738535,-396.982986,332.750240,519.937622,248.064748,291.388638,504.285876,-371.017416,332.314846,514.512227,245.804380,316.013112,340.208437,-79.655735,336.993271,343.671530,79.544819,302.226250,257.847916,-68.092102,326.792204,263.916993,130.850759,318.286824,169.656908,-75.743930,336.550787,183.636578,173.220100,327.873775,155.322012,-77.798386,342.824810,170.284504,175.395037,284.057127,149.881277,-116.867278,312.018471,172.100833,153.156877,
0.000000,0.000000,0.000000,0.000000,0.000000,0.000000,0.000000,0.000000,0.000000,0.000000,0.000000,0.000000,0.000000,0.000000,0.000000,0.000000,0.000000,0.000000,0.000000,0.000000,0.000000,0.000000,0.000000,0.000000,0.000000,0.000000,0.000000,0.000000,0.000000,0.000000,0.000000,0.000000,0.000000,0.000000,0.000000,0.000000,0.000000,0.000000,0.000000,0.000000,0.000000,0.000000,0.000000,0.000000,0.000000,0.000000,0.000000,0.000000,0.000000,0.000000,0.000000,0.000000,299.946504,492.545890,7.068186,301.723380,498.621879,-15.669622,301.674362,498.528640,-15.630690,301.326795,498.522475,-15.610131,303.335139,499.792295,6.330288,304.692193,500.331438,6.327686,305.883503,500.930670,6.286324,306.667068,496.308430,-73.699240,314.333204,498.490396,20.512244,301.035757,485.878675,-10.228170,303.156576,486.755645,18.489178,305.396570,458.042931,-132.514017,346.227093,464.525518,64.087383,271.481220,464.568014,-266.329444,364.040411,476.218522,172.089189,284.183530,499.438497,-375.254702,339.971855,509.031296,247.394262,284.467415,509.489153,-406.688497,336.527582,520.227027,260.786031,289.686825,508.746333,-403.563307,332.867136,519.931395,244.041564,291.259264,504.329251,-377.258942,332.363993,514.371288,242.094681,316.005736,340.083576,-79.641404,336.972881,343.635332,79.529689,302.341553,257.792992,-66.595993,326.866919,263.906540,133.403833,318.245975,169.555611,-74.386539,336.555643,183.683853,177.720555,327.811951,155.095469,-76.628077,342.850693,170.319133,180.096038,283.895500,149.883436,-116.077248,312.134369,172.265863,157.575860,
0.000000,0.000000,0.000000,0.000000,0.000000,0.000000,0.000000,0.000000,0.000000,0.000000,0.000000,0.000000,0.000000,0.000000,0.000000,0.000000,0.000000,0.000000,0.000000,0.000000,0.000000,0.000000,0.000000,0.000000,0.000000,0.000000,0.000000,0.000000,0.000000,0.000000,0.000000,0.000000,0.000000,0.000000,0.000000,0.000000,0.000000,0.000000,0.000000,0.000000,0.000000,0.000000,0.000000,0.000000,0.000000,0.000000,0.000000,0.000000,0.000000,0.000000,0.000000,0.000000,299.883154,492.656570,6.839000,301.660933,498.717509,-16.073197,301.601614,498.619341,-16.032758,301.236648,498.609440,-16.011588,303.294009,499.883618,5.771755,304.660697,500.417360,5.769776,305.858959,501.004347,5.724939,306.488318,496.403117,-74.331110,314.312576,498.532734,19.440068,300.938083,485.993241,-10.554270,303.096134,486.861379,18.001197,305.033215,458.097121,-133.041705,346.213321,464.537897,62.789390,271.566146,464.809663,-270.100483,364.266471,476.271105,169.910004,284.123650,499.501055,-381.464550,340.073301,508.998922,243.759400,284.372496,509.484732,-413.406043,336.580608,520.216970,256.793819,289.556321,508.754131,-410.143628,332.984032,519.925169,240.018380,291.129891,504.372625,-383.500468,332.413139,514.230349,238.384982,315.998359,339.958715,-79.627073,336.952492,343.599133,79.514558,302.456857,257.738069,-65.099885,326.941633,263.896088,135.956907,318.205125,169.454314,-73.029148,336.560499,183.731129,182.221010,327.750127,154.868926,-75.457768,342.876575,170.353763,184.797038,283.733873,149.885595,-115.287218,312.250267,172.430893,161.994843,
0.000000,0.000000,0.000000,0.000000,0.000000,0.000000,0.000000,0.000000,0.000000,0.000000,0.000000,0.000000,0.000000,0.000000,0.000000,0.000000,0.000000,0.000000,0.000000,0.000000,0.000000,0.000000,0.000000,0.000000,0.000000,0.000000,0.000000,0.000000,0.000000,0.000000,0.000000,0.000000,0.000000,0.000000,0.000000,0.000000,0.000000,0.000000,0.000000,0.000000,0.000000,0.000000,0.000000,0.000000,0.000000,0.000000,0.000000,0.000000,0.000000,0.000000,0.000000,0.000000,299.752875,492.939390,5.702797,301.572676,499.042633,-17.352702,301.516151,498.941320,-17.311448,301.149708,498.930446,-17.290222,303.206854,500.188298,4.462059,304.574615,500.707719,4.460980,305.771855,501.267641,4.412930,306.398992,496.643611,-75.688537,314.289675,498.689017,18.405214,300.804939,486.247184,-11.696288,302.980804,487.101273,16.831648,304.920259,458.256418,-134.404746,346.135193,464.608567,62.323693,271.905511,465.097748,-276.922163,364.246143,476.231217,169.868828,284.181414,499.508441,-393.382546,339.914574,508.832214,242.997123,284.455684,509.482342,-426.063409,336.483112,520.037157,255.575868,289.572880,508.755156,-422.699970,332.938803,519.593516,239.293996,291.123903,504.381056,-395.519812,332.188133,513.895876,237.635964,315.993756,339.899650,-79.667306,336.915928,343.593000,79.554571,302.544103,257.686929,-63.689976,326.946575,263.875485,139.197665,318.141035,169.264529,-71.850023,336.582615,183.850652,187.948318,327.730763,154.520860,-74.549231,342.951092,170.459389,190.765596,283.594570,149.883616,-114.796491,312.236666,172.671707,167.656657,
0.000000,0.000000,0.000000,0.000000,0.000000,0.000000,0.000000,0.000000,0.000000,0.000000,0.000000,0.000000,0.000000,0.000000,0.000000,0.000000,0.000000,0.000000,0.000000,0.000000,0.000000,0.000000,0.000000,0.000000,0.000000,0.000000,0.000000,0.000000,0.000000,0.000000,0.000000,0.000000,0.000000,0.000000,0.000000,0.000000,0.000000,0.000000,0.000000,0.000000,0.000000,0.000000,0.000000,0.000000,0.000000,0.000000,0.000000,0.000000,0.000000,0.000000,0.000000,0.000000,299.622596,493.222209,4.566594,301.484419,499.367757,-18.632207,301.430689,499.263298,-18.590139,301.062768,499.251451,-18.568856,303.119699,500.492978,3.152364,304.488533,500.998079,3.152184,305.684752,501.530935,3.100920,306.309666,496.884105,-77.045965,314.266774,498.845300,17.370359,300.671796,486.501126,-12.838306,302.865475,487.341167,15.662100,304.807304,458.415715,-135.767788,346.057065,464.679238,61.857996,272.244876,465.385833,-283.743842,364.225816,476.191330,169.827652,284.239177,499.515827,-405.300542,339.755846,508.665507,242.234846,284.538873,509.479952,-438.720776,336.385617,519.857344,254.357917,289.589438,508.756181,-435.256313,332.893574,519.261862,238.569612,291.117916,504.389487,-407.539156,331.963127,513.561403,236.886947,315.989152,339.840584,-79.707540,336.879364,343.586867,79.594583,302.631350,257.635790,-62.280068,326.951517,263.854881,142.438422,318.076945,169.074744,-70.670898,336.604731,183.970176,193.675625,327.711399,154.172795,-73.640695,343.025608,170.565016,196.734154,283.455267,149.881637,-114.305764,312.223064,172.912521,173.318471,
0.000000,0.000000,0.000000,0.000000,0.000000,0.000000,0.000000,0.000000,0.000000,0.000000,0.000000,0.000000,0.000000,0.000000,0.000000,0.000000,0.000000,0.000000,0.000000,0.000000,0.000000,0.000000,0.000000,0.000000,0.000000,0.000000,0.000000,0.000000,0.000000,0.000000,0.000000,0.000000,0.000000,0.000000,0.000000,0.000000,0.000000,0.000000,0.000000,0.000000,0.000000,0.000000,0.000000,0.000000,0.000000,0.000000,0.000000,0.000000,0.000000,0.000000,0.000000,0.000000,299.492316,493.505029,3.430391,301.396162,499.692881,-19.911712,301.345227,499.585277,-19.868830,300.975828,499.572457,-19.847490,303.032543,500.797657,1.842669,304.402452,501.288438,1.843388,305.597649,501.794229,1.788911,306.220341,497.124599,-78.403392,314.243873,499.001583,16.335505,300.538652,486.755068,-13.980325,302.750146,487.581060,14.492552,304.694348,458.575012,-137.130830,345.978936,464.749909,61.392299,272.584241,465.673918,-290.565522,364.205488,476.151442,169.786476,284.296941,499.523212,-417.218538,339.597119,508.498799,241.472569,284.622061,509.477562,-451.378143,336.288121,519.677531,253.139966,289.605997,508.757206,-447.812655,332.848345,518.930209,237.845228,291.111929,504.397917,-419.558500,331.738121,513.226930,236.137929,315.984548,339.781518,-79.747773,336.842800,343.580734,79.634595,302.718597,257.584650,-60.870159,326.956460,263.834278,145.679180,318.012855,168.884959,-69.491773,336.626847,184.089699,199.402932,327.692035,153.824729,-72.732158,343.100125,170.670642,202.702713,283.315964,149.879658,-113.815037,312.209463,173.153335,178.980285,
0.000000,0.000000,0.000000,0.000000,0.000000,0.000000,0.000000,0.000000,0.000000,0.000000,0.000000,0.000000,0.000000,0.000000,0.000000,0.000000,0.000000,0.000000,0.000000,0.000000,0.000000,0.000000,0.000000,0.000000,0.000000,0.000000,0.000000,0.000000,0.000000,0.000000,0.000000,0.000000,0.000000,0.000000,0.000000,0.000000,0.000000,0.000000,0.000000,0.000000,0.000000,0.000000,0.000000,0.000000,0.000000,0.000000,0.000000,0.000000,0.000000,0.000000,0.000000,0.000000,299.362037,493.787848,2.294188,301.307904,500.018004,-21.191216,301.259764,499.907255,-21.147521,300.888887,499.893462,-21.126123,302.945388,501.102337,0.532973,304.316370,501.578797,0.534592,305.510546,502.057523,0.476901,306.131015,497.365093,-79.760819,314.220972,499.157865,15.300650,300.405508,487.009011,-15.122343,302.634817,487.820954,13.323004,304.581392,458.734309,-138.493871,345.900808,464.820579,60.926602,272.923606,465.962003,-297.387201,364.185161,476.111554,169.745301,284.354704,499.530598,-429.136534,339.438392,508.332092,240.710291,284.705249,509.475172,-464.035510,336.190626,519.497718,251.922016,289.622555,508.758232,-460.368998,332.803116,518.598556,237.120844,291.105942,504.406348,-431.577844,331.513115,512.892457,235.388912,315.979944,339.722453,-79.788007,336.806236,343.574600,79.674607,302.805844,257.533511,-59.460251,326.961402,263.813675,148.919938,317.948765,168.695174,-68.312648,336.648963,184.209223,205.130240,327.672671,153.476664,-71.823621,343.174642,170.776269,208.671271,283.176661,149.877679,-113.324310,312.195862,173.394149,184.642099,
0.000000,0.000000,0.000000,0.000000,0.000000,0.000000,0.000000,0.000000,0.000000,0.000000,0.000000,0.000000,0.000000,0.000000,0.000000,0.000000,0.000000,0.000000,0.000000,0.000000,0.000000,0.000000,0.000000,0.000000,0.000000,0.000000,0.000000,0.000000,0.000000,0.000000,0.000000,0.000000,0.000000,0.000000,0.000000,0.000000,0.000000,0.000000,0.000000,0.000000,0.000000,0.000000,0.000000,0.000000,0.000000,0.000000,0.000000,0.000000,0.000000,0.000000,0.000000,0.000000,299.089532,494.107096,0.501909,301.135322,500.446478,-23.139389,301.106650,500.333938,-23.095216,300.753662,500.327342,-23.074394,302.747187,501.501814,-1.289650,304.113319,501.958455,-1.287169,305.285684,502.398521,-1.348326,306.096274,497.672394,-81.809819,314.165208,499.337698,14.503652,300.180982,487.266944,-16.880703,302.387680,488.066648,11.718401,304.726379,458.993980,-140.478965,345.697712,464.949907,61.378721,273.560372,466.265781,-306.925200,363.971485,475.981963,171.336494,284.534527,499.469205,-446.414797,339.017380,508.099016,241.504018,284.954741,509.461829,-482.219062,335.928506,519.242326,252.015652,289.751767,508.749253,-478.501916,332.521475,517.969636,238.297134,291.189179,504.375669,-449.023927,330.948571,512.414393,236.269869,315.983137,339.736253,-79.870367,336.750584,343.601330,79.757909,302.875055,257.488888,-58.411692,326.906903,263.779870,152.063626,317.858711,168.415971,-68.009004,336.690038,184.413013,210.633431,327.699113,153.033102,-71.947862,343.299591,170.957467,214.374633,283.048260,149.834352,-113.891268,312.062284,173.689670,189.892267,
0.000000,0.000000,0.000000,0.000000,0.000000,0.000000,0.000000,0.000000,0.000000,0.000000,0.000000,0.000000,0.000000,0.000000,0.000000,0.000000,0.000000,0.000000,0.000000,0.000000,0.000000,0.000000,0.000000,0.000000,0.000000,0.000000,0.000000,0.000000,0.000000,0.000000,0.000000,0.000000,0.000000,0.000000,0.000000,0.000000,0.000000,0.000000,0.000000,0.000000,0.000000,0.000000,0.000000,0.000000,0.000000,0.000000,0.000000,0.000000,0.000000,0.000000,0.000000,0.000000,298.817027,494.426343,-1.290369,300.962740,500.874952,-25.087562,300.953535,500.760622,-25.042912,300.618437,500.761223,-25.022665,302.548987,501.901290,-3.112273,303.910267,502.338114,-3.108931,305.060822,502.739519,-3.173552,306.061533,497.979695,-83.858819,314.109445,499.517530,13.706653,299.956456,487.524876,-18.639062,302.140543,488.312342,10.113799,304.871366,459.253651,-142.464059,345.494615,465.079235,61.830841,274.197137,466.569559,-316.463199,363.757810,475.852373,172.927687,284.714350,499.407811,-463.693061,338.596369,507.865941,242.297745,285.204234,509.448485,-500.402614,335.666386,518.986933,252.109288,289.880979,508.740275,-496.634835,332.239834,517.340717,239.473423,291.272416,504.344989,-466.470011,330.384028,511.936329,237.150826,315.986330,339.750052,-79.952728,336.694932,343.628059,79.841210,302.944267,257.444265,-57.363134,326.852404,263.746066,155.207314,317.768656,168.136769,-67.705359,336.731114,184.616802,216.136622,327.725555,152.589541,-72.072103,343.424540,171.138666,220.077996,282.919859,149.791025,-114.458226,311.928706,173.985192,195.142435,
0.000000,0.000000,0.000000,0.000000,0.000000,0.000000,0.000000,0.000000,0.000000,0.000000,0.000000,0.000000,0.000000,0.000000,0.000000,0.000000,0.000000,0.000000,0.000000,0.000000,0.000000,0.000000,0.000000,0.000000,0.000000,0.000000,0.000000,0.000000,0.000000,0.000000,0.000000,0.000000,0.000000,0.000000,0.000000,0.000000,0.000000,0.000000,0.000000,0.000000,0.000000,0.000000,0.000000,0.000000,0.000000,0.000000,0.000000,0.000000,0.000000,0.000000,0.000000,0.000000,298.544523,494.745590,-3.082647,300.790158,501.303426,-27.035734,300.800421,501.187305,-26.990608,300.483213,501.195104,-26.970936,302.350786,502.300766,-4.934896,303.707216,502.717772,-4.930692,304.835960,503.080516,-4.998779,306.026793,498.286996,-85.907819,314.053681,499.697362,12.909654,299.731930,487.782809,-20.397422,301.893406,488.558037,8.509196,305.016353,459.513322,-144.449152,345.291519,465.208563,62.282960,274.833902,466.873336,-326.001198,363.544134,475.722782,174.518880,284.894173,499.346418,-480.971324,338.175358,507.632866,243.091472,285.453726,509.435142,-518.586167,335.404266,518.731541,252.202924,290.010190,508.731296,-514.767753,331.958193,516.711797,240.649712,291.355653,504.314309,-483.916094,329.819484,511.458266,238.031783,315.989522,339.763852,-80.035089,336.639280,343.654789,79.924512,303.013479,257.399643,-56.314576,326.797906,263.712261,158.351002,317.678602,167.857567,-67.401715,336.772189,184.820592,221.639814,327.751997,152.145979,-72.196344,343.549490,171.319864,225.781358,282.791458,149.747698,-115.025184,311.795128,174.280713,200.392602,
0.000000,0.000000,0.000000,0.000000,0.000000,0.000000,0.000000,0.000000,0.000000,0.000000,0.000000,0.000000,0.000000,0.000000,0.000000,0.000000,0.000000,0.000000,0.000000,0.000000,0.000000,0.000000,0.000000,0.000000,0.000000,0.000000,0.000000,0.000000,0.000000,0.000000,0.000000,0.000000,0.000000,0.000000,0.000000,0.000000,0.000000,0.000000,0.000000,0.000000,0.000000,0.000000,0.000000,0.000000,0.000000,0.000000,0.000000,0.000000,0.000000,0.000000,0.000000,0.000000,298.272018,495.064837,-4.874926,300.617576,501.731900,-28.983907,300.647306,501.613988,-28.938304,300.347988,501.628984,-28.919208,302.152585,502.700242,-6.757519,303.504165,503.097431,-6.752454,304.611098,503.421514,-6.824006,305.992052,498.594297,-87.956819,313.997918,499.877195,12.112656,299.507404,488.040742,-22.155781,301.646270,488.803731,6.904594,305.161340,459.772994,-146.434246,345.088423,465.337891,62.735079,275.470668,467.177114,-335.539196,363.330459,475.593191,176.110073,285.073996,499.285024,-498.249588,337.754346,507.399790,243.885199,285.703218,509.421798,-536.769719,335.142146,518.476149,252.296560,290.139402,508.722317,-532.900672,331.676552,516.082877,241.826002,291.438890,504.283630,-501.362178,329.254940,510.980202,238.912740,315.992715,339.777652,-80.117449,336.583628,343.681518,80.007814,303.082690,257.355020,-55.266018,326.743407,263.678456,161.494690,317.588547,167.578364,-67.098071,336.813264,185.024381,227.143005,327.778439,151.702418,-72.320586,343.674439,171.501063,231.484721,282.663056,149.704370,-115.592142,311.661550,174.576235,205.642770,
0.000000,0.000000,0.000000,0.000000,0.000000,0.000000,0.000000,0.000000,0.000000,0.000000,0.000000,0.000000,0.000000,0.000000,0.000000,0.000000,0.000000,0.000000,0.000000,0.000000,0.000000,0.000000,0.000000,0.000000,0.000000,0.000000,0.000000,0.000000,0.000000,0.000000,0.000000,0.000000,0.000000,0.000000,0.000000,0.000000,0.000000,0.000000,0.000000,0.000000,0.000000,0.000000,0.000000,0.000000,0.000000,0.000000,0.000000,0.000000,0.000000,0.000000,0.000000,0.000000,297.718513,495.032558,-8.073459,300.448917,501.825270,-32.035064,300.548380,501.679043,-31.990794,300.339208,501.658963,-31.971000,301.895911,502.856640,-9.340272,303.259674,503.260651,-9.336052,304.448992,503.600022,-9.404105,306.154013,498.373795,-90.835303,314.018516,499.927591,11.373577,298.994803,487.890892,-25.341922,301.048388,488.697927,4.352093,305.518945,459.727317,-149.742183,345.013095,465.393412,62.987697,276.797348,467.361586,-340.420447,361.486329,475.829948,183.172536,285.402297,499.154948,-505.233307,336.741524,507.109056,260.191478,285.879299,509.281549,-544.276259,334.395046,518.051637,270.814260,290.352518,508.589823,-540.277680,330.927539,515.744199,260.036848,291.671878,504.147274,-508.365000,328.650230,510.757791,255.657641,315.980698,339.773806,-80.491069,336.556410,343.665584,80.379673,303.313470,257.375650,-54.877734,326.605653,263.648748,161.883493,317.563933,167.233088,-64.047708,336.771438,185.046729,229.563210,327.747530,151.298098,-68.688130,343.615423,171.753830,234.075275,282.640868,149.885388,-113.684787,311.588202,174.548486,207.642074,
0.000000,0.000000,0.000000,0.000000,0.000000,0.000000,0.000000,0.000000,0.000000,0.000000,0.000000,0.000000,0.000000,0.000000,0.000000,0.000000,0.000000,0.000000,0.000000,0.000000,0.000000,0.000000,0.000000,0.000000,0.000000,0.000000,0.000000,0.000000,0.000000,0.000000,0.000000,0.000000,0.000000,0.000000,0.000000,0.000000,0.000000,0.000000,0.000000,0.000000,0.000000,0.000000,0.000000,0.000000,0.000000,0.000000,0.000000,0.000000,0.000000,0.000000,0.000000,0.000000,297.165009,495.000279,-11.271993,300.280259,501.918641,-35.086220,300.449454,501.744099,-35.043283,300.330428,501.688942,-35.022792,301.639238,503.013039,-11.923026,303.015183,503.423871,-11.919651,304.286886,503.778530,-11.984204,306.315975,498.153292,-93.713788,314.039114,499.977988,10.634499,298.482202,487.741043,-28.528064,300.450507,488.592123,1.799593,305.876550,459.681641,-153.050121,344.937768,465.448933,63.240315,278.124029,467.546058,-345.301698,359.642199,476.066705,190.234998,285.730598,499.024872,-512.217027,335.728702,506.818321,276.497757,286.055380,509.141299,-551.782799,333.647946,517.627125,289.331959,290.565633,508.457329,-547.654689,330.178526,515.405521,278.247695,291.904866,504.010918,-515.367822,328.045521,510.535379,272.402542,315.968681,339.769960,-80.864688,336.529192,343.649650,80.751532,303.544250,257.396280,-54.489451,326.467900,263.619040,162.272297,317.539319,166.887812,-60.997345,336.729611,185.069077,231.983416,327.716620,150.893778,-65.055674,343.556407,172.006597,236.665828,282.618681,150.066405,-111.777432,311.514854,174.520738,209.641378,
0.000000,0.000000,0.000000,0.000000,0.000000,0.000000,0.000000,0.000000,0.000000,0.000000,0.000000,0.000000,0.000000,0.000000,0.000000,0.000000,0.000000,0.000000,0.000000,0.000000,0.000000,0.000000,0.000000,0.000000,0.000000,0.000000,0.000000,0.000000,0.000000,0.000000,0.000000,0.000000,0.000000,0.000000,0.000000,0.000000,0.000000,0.000000,0.000000,0.000000,0.000000,0.000000,0.000000,0.000000,0.000000,0.000000,0.000000,0.000000,0.000000,0.000000,0.000000,0.000000,296.611504,494.967999,-14.470527,300.111600,502.012012,-38.137377,300.350527,501.809154,-38.095773,300.321649,501.718921,-38.074584,301.382564,503.169437,-14.505779,302.770692,503.587090,-14.503250,304.124780,503.957038,-14.564303,306.477936,497.932790,-96.592273,314.059713,500.028385,9.895420,297.969601,487.591194,-31.714206,299.852626,488.486320,-0.752908,306.234154,459.635964,-156.358058,344.862441,465.504455,63.492932,279.450710,467.730530,-350.182949,357.798069,476.303461,197.297460,286.058899,498.894796,-519.200746,334.715879,506.527586,292.804036,286.231461,509.001049,-559.289340,332.900845,517.202613,307.849659,290.778749,508.324835,-555.031697,329.429513,515.066843,296.458542,292.137854,503.874562,-522.370644,327.440811,510.312968,289.147444,315.956664,339.766114,-81.238307,336.501974,343.633715,81.123391,303.775030,257.416910,-54.101168,326.330146,263.589332,162.661100,317.514704,166.542535,-57.946982,336.687785,185.091425,234.403621,327.685711,150.489458,-61.423218,343.497391,172.259363,239.256382,282.596493,150.247422,-109.870077,311.441506,174.492989,211.640682,
0.000000,0.000000,0.000000,0.000000,0.000000,0.000000,0.000000,0.000000,0.000000,0.000000,0.000000,0.000000,0.000000,0.000000,0.000000,0.000000,0.000000,0.000000,0.000000,0.000000,0.000000,0.000000,0.000000,0.000000,0.000000,0.000000,0.000000,0.000000,0.000000,0.000000,0.000000,0.000000,0.000000,0.000000,0.000000,0.000000,0.000000,0.000000,0.000000,0.000000,0.000000,0.000000,0.000000,0.000000,0.000000,0.000000,0.000000,0.000000,0.000000,0.000000,0.000000,0.000000,296.058000,494.935720,-17.669061,299.942941,502.105382,-41.188534,300.251601,501.874210,-41.148263,300.312869,501.748900,-41.126377,301.125890,503.325835,-17.088532,302.526201,503.750310,-17.086849,303.962674,504.135546,-17.144402,306.639898,497.712287,-99.470757,314.080311,500.078781,9.156341,297.457000,487.441344,-34.900347,299.254745,488.380516,-3.305409,306.591759,459.590287,-159.665995,344.787114,465.559976,63.745550,280.777391,467.915002,-355.064200,355.953939,476.540218,204.359922,286.387200,498.764720,-526.184466,333.703057,506.236852,309.110315,286.407542,508.860800,-566.795880,332.153745,516.778101,326.367358,290.991865,508.192341,-562.408706,328.680501,514.728165,314.669388,292.370842,503.738206,-529.373467,326.836101,510.090556,305.892345,315.944647,339.762268,-81.611926,336.474756,343.617781,81.495249,304.005810,257.437540,-53.712885,326.192393,263.559624,163.049903,317.490090,166.197259,-54.896619,336.645958,185.113773,236.823826,327.654801,150.085138,-57.790762,343.438375,172.512130,241.846935,282.574305,150.428439,-107.962721,311.368158,174.465241,213.639986,
0.000000,0.000000,0.000000,0.000000,0.000000,0.000000,0.000000,0.000000,0.000000,0.000000,0.000000,0.000000,0.000000,0.000000,0.000000,0.000000,0.000000,0.000000,0.000000,0.000000,0.000000,0.000000,0.000000,0.000000,0.000000,0.000000,0.000000,0.000000,0.000000,0.000000,0.000000,0.000000,0.000000,0.000000,0.000000,0.000000,0.000000,0.000000,0.000000,0.000000,0.000000,0.000000,0.000000,0.000000,0.000000,0.000000,0.000000,0.000000,0.000000,0.000000,0.000000,0.000000,295.754305,495.222019,-22.328252,299.917351,502.500956,-45.666386,300.275771,502.257438,-45.628549,300.391280,502.107827,-45.607503,301.025754,503.732214,-21.093186,302.423468,504.150542,-21.091810,303.922208,504.535441,-21.146864,306.887130,497.770377,-103.257638,314.132629,500.349756,7.480716,297.196271,487.630050,-39.351366,298.945109,488.562675,-7.135410,307.220698,459.597216,-163.602944,344.442633,465.686141,63.770736,282.196035,467.879776,-360.103226,353.629102,476.643121,210.764777,286.943181,498.620599,-532.482848,332.524212,505.969494,323.611413,286.870198,508.743531,-573.607912,331.180967,516.381952,342.600402,291.436664,508.096950,-569.228080,327.902431,514.537315,330.789851,292.833139,503.614474,-535.731350,326.145832,509.988668,320.762415,315.980520,339.758039,-82.081316,336.189756,343.610230,81.965239,304.228658,257.454861,-52.881955,326.037444,263.537943,164.746262,317.487703,165.886645,-51.177243,336.628792,185.126696,241.585861,327.663329,149.733703,-53.504634,343.459098,172.692527,246.920531,282.573995,150.353280,-104.821962,311.283798,174.436552,218.471697,
0.000000,0.000000,0.000000,0.000000,0.000000,0.000000,0.000000,0.000000,0.000000,0.000000,0.000000,0.000000,0.000000,0.000000,0.000000,0.000000,0.000000,0.000000,0.000000,0.000000,0.000000,0.000000,0.000000,0.000000,0.000000,0.000000,0.000000,0.000000,0.000000,0.000000,0.000000,0.000000,0.000000,0.000000,0.000000,0.000000,0.000000,0.000000,0.000000,0.000000,0.000000,0.000000,0.000000,0.000000,0.000000,0.000000,0.000000,0.000000,0.000000,0.000000,0.000000,0.000000,295.450611,495.508317,-26.987444,299.891762,502.896531,-50.144238,300.299940,502.640666,-50.108835,300.469691,502.466754,-50.088629,300.925618,504.138593,-25.097839,302.320736,504.550774,-25.096771,303.881742,504.935336,-25.149327,307.134363,497.828467,-107.044519,314.184948,500.620731,5.805090,296.935542,487.818756,-43.802384,298.635473,488.744834,-10.965412,307.849638,459.604145,-167.539892,344.098151,465.812306,63.795922,283.614678,467.844549,-365.142252,351.304264,476.746025,217.169633,287.499162,498.476478,-538.781230,331.345368,505.702136,338.112511,287.332854,508.626262,-580.419944,330.208188,515.985803,358.833445,291.881463,508.001560,-576.047453,327.124362,514.346466,346.910313,293.295436,503.490743,-542.089234,325.455564,509.886780,335.632484,316.016392,339.753811,-82.550706,335.904756,343.602680,82.435228,304.451507,257.472182,-52.051026,325.882496,263.516262,166.442622,317.485316,165.576030,-47.457868,336.611626,185.139620,246.347895,327.671857,149.382267,-49.218506,343.479821,172.872924,251.994127,282.573684,150.278121,-101.681204,311.199437,174.407863,223.303407,
0.000000,0.000000,0.000000,0.000000,0.000000,0.000000,0.000000,0.000000,0.000000,0.000000,0.000000,0.000000,0.000000,0.000000,0.000000,0.000000,0.000000,0.000000,0.000000,0.000000,0.000000,0.000000,0.000000,0.000000,0.000000,0.000000,0.000000,0.000000,0.000000,0.000000,0.000000,0.000000,0.000000,0.000000,0.000000,0.000000,0.000000,0.000000,0.000000,0.000000,0.000000,0.000000,0.000000,0.000000,0.000000,0.000000,0.000000,0.000000,0.000000,0.000000,0.000000,0.000000,295.146916,495.794616,-31.646635,299.866172,503.292105,-54.622090,300.324110,503.023895,-54.589121,300.548101,502.825682,-54.569756,300.825481,504.544971,-29.102493,302.218004,504.951006,-29.101731,303.841276,505.335231,-29.151789,307.381596,497.886557,-110.831399,314.237267,500.891706,4.129465,296.674812,488.007462,-48.253402,298.325836,488.926993,-14.795414,308.478578,459.611074,-171.476841,343.753670,465.938470,63.821109,285.033322,467.809322,-370.181278,348.979427,476.848928,223.574488,288.055142,498.332357,-545.079613,330.166523,505.434778,352.613609,287.795510,508.508993,-587.231976,329.235410,515.589653,375.066488,292.326262,507.906169,-582.866827,326.346292,514.155617,363.030776,293.757732,503.367011,-548.447117,324.765295,509.784892,350.502553,316.052264,339.749582,-83.020096,335.619757,343.595129,82.905218,304.674355,257.489503,-51.220096,325.727547,263.494581,168.138981,317.482929,165.265416,-43.738492,336.594460,185.152543,251.109930,327.680386,149.030831,-44.932378,343.500543,173.053321,257.067723,282.573374,150.202962,-98.540445,311.115077,174.379174,228.135118,
0.000000,0.000000,0.000000,0.000000,0.000000,0.000000,0.000000,0.000000,0.000000,0.000000,0.000000,0.000000,0.000000,0.000000,0.000000,0.000000,0.000000,0.000000,0.000000,0.000000,0.000000,0.000000,0.000000,0.000000,0.000000,0.000000,0.000000,0.000000,0.000000,0.000000,0.000000,0.000000,0.000000,0.000000,0.000000,0.000000,0.000000,0.000000,0.000000,0.000000,0.000000,0.000000,0.000000,0.000000,0.000000,0.000000,0.000000,0.000000,0.000000,0.000000,0.000000,0.000000,294.843222,496.080914,-36.305826,299.840582,503.687679,-59.099942,300.348280,503.407123,-59.069407,300.626512,503.184609,-59.050882,300.725345,504.951350,-33.107146,302.115271,505.351238,-33.106692,303.800810,505.735127,-33.154252,307.628828,497.944647,-114.618280,314.289585,501.162681,2.453839,296.414083,488.196168,-52.704421,298.016200,489.109151,-18.625416,309.107517,459.618002,-175.413789,343.409189,466.064635,63.846295,286.451965,467.774095,-375.220304,346.654590,476.951832,229.979343,288.611123,498.188236,-551.377995,328.987679,505.167420,367.114707,288.258165,508.391724,-594.044008,328.262632,515.193504,391.299532,292.771061,507.810778,-589.686201,325.568223,513.964768,379.151238,294.220029,503.243279,-554.805000,324.075026,509.683004,365.372623,316.088136,339.745353,-83.489486,335.334757,343.587578,83.375207,304.897203,257.506824,-50.389167,325.572598,263.472899,169.835341,317.480542,164.954801,-40.019117,336.577293,185.165466,255.871964,327.688914,148.679395,-40.646251,343.521266,173.233718,262.141319,282.573064,150.127804,-95.399686,311.030716,174.350484,232.966828,
0.000000,0.000000,0.000000,0.000000,0.000000,0.000000,0.000000,0.000000,0.000000,0.000000,0.000000,0.000000,0.000000,0.000000,0.000000,0.000000,0.000000,0.000000,0.000000,0.000000,0.000000,0.000000,0.000000,0.000000,0.000000,0.000000,0.000000,0.000000,0.000000,0.000000,0.000000,0.000000,0.000000,0.000000,0.000000,0.000000,0.000000,0.000000,0.000000,0.000000,0.000000,0.000000,0.000000,0.000000,0.000000,0.000000,0.000000,0.000000,0.000000,0.000000,0.000000,0.000000,294.714042,496.550079,-42.174733,299.899547,504.259314,-64.797227,300.440607,503.981952,-64.769872,300.740623,503.751319,-64.753803,300.716725,505.489147,-38.295466,302.091914,505.873345,-38.295094,303.806784,506.244496,-38.341670,307.926493,498.202329,-119.279571,314.343034,501.563839,0.042201,296.349314,488.588043,-58.220738,297.917888,489.450915,-23.486406,310.015335,459.672803,-179.766447,342.734942,466.261810,63.729570,288.005531,467.488425,-380.082785,343.902084,476.923650,235.220951,289.399200,498.016464,-556.643160,327.640702,504.991403,378.494044,288.995592,508.284451,-599.747894,327.050073,514.919896,403.785244,293.413134,507.749260,-595.548494,324.686809,513.949906,391.783190,294.877472,503.128004,-560.166866,323.233814,509.751583,377.037154,316.176922,339.747812,-84.042209,334.789063,343.591209,83.931474,305.122140,257.523569,-49.390742,325.410786,263.456195,172.054504,317.497659,164.677920,-36.327945,336.586487,185.180983,261.524860,327.740225,148.406869,-36.477457,343.623525,173.346319,268.165204,282.583208,149.759259,-91.783905,310.944866,174.299778,238.976467,
0.000000,0.000000,0.000000,0.000000,0.000000,0.000000,0.000000,0.000000,0.000000,0.000000,0.000000,0.000000,0.000000,0.000000,0.000000,0.000000,0.000000,0.000000,0.000000,0.000000,0.000000,0.000000,0.000000,0.000000,0.000000,0.000000,0.000000,0.000000,0.000000,0.000000,0.000000,0.000000,0.000000,0.000000,0.000000,0.000000,0.000000,0.000000,0.000000,0.000000,0.000000,0.000000,0.000000,0.000000,0.000000,0.000000,0.000000,0.000000,0.000000,0.000000,0.000000,0.000000,294.584861,497.019244,-48.043641,299.958511,504.830949,-70.494512,300.532935,504.556781,-70.470336,300.854733,504.318030,-70.456724,300.708106,506.026945,-43.483786,302.068558,506.395452,-43.483497,303.812759,506.753865,-43.529089,308.224157,498.460011,-123.940863,314.396482,501.964996,-2.369437,296.284544,488.979919,-63.737056,297.819576,489.792678,-28.347396,310.923153,459.727604,-184.119105,342.060695,466.458984,63.612846,289.559098,467.202756,-384.945265,341.149578,476.895469,240.462560,290.187278,497.844691,-561.908325,326.293724,504.815387,389.873380,289.733019,508.177178,-605.451781,325.837514,514.646288,416.270956,294.055207,507.687741,-601.410788,323.805396,513.935045,404.415141,295.534915,503.012730,-565.528732,322.392602,509.820162,388.701684,316.265707,339.750270,-84.594932,334.243368,343.594839,84.487742,305.347077,257.540314,-48.392317,325.248974,263.439491,174.273666,317.514775,164.401038,-32.636772,336.595680,185.196500,267.177756,327.791536,148.134344,-32.308664,343.725785,173.458920,274.189089,282.593353,149.390714,-88.168124,310.859016,174.249072,244.986106,
0.000000,0.000000,0.000000,0.000000,0.000000,0.000000,0.000000,0.000000,0.000000,0.000000,0.000000,0.000000,0.000000,0.000000,0.000000,0.000000,0.000000,0.000000,0.000000,0.000000,0.000000,0.000000,0.000000,0.000000,0.000000,0.000000,0.000000,0.000000,0.000000,0.000000,0.000000,0.000000,0.000000,0.000000,0.000000,0.000000,0.000000,0.000000,0.000000,0.000000,0.000000,0.000000,0.000000,0.000000,0.000000,0.000000,0.000000,0.000000,0.000000,0.000000,0.000000,0.000000,294.455681,497.488409,-53.912548,300.017476,505.402583,-76.191797,300.625262,505.131609,-76.170801,300.968843,504.884740,-76.159645,300.699486,506.564743,-48.672106,302.045201,506.917558,-48.671899,303.818734,507.263235,-48.716508,308.521822,498.717694,-128.602154,314.449931,502.366154,-4.781075,296.219775,489.371794,-69.253373,297.721263,490.134442,-33.208387,311.830971,459.782405,-188.471763,341.386448,466.656158,63.496122,291.112664,466.917087,-389.807746,338.397073,476.867287,245.704168,290.975355,497.672919,-567.173489,324.946747,504.639370,401.252717,290.470446,508.069906,-611.155668,324.624955,514.372680,428.756669,294.697280,507.626223,-607.273081,322.923982,513.920184,417.047092,296.192358,502.897455,-570.890598,321.551390,509.888742,400.366215,316.354493,339.752728,-85.147655,333.697673,343.598469,85.044009,305.572015,257.557059,-47.393891,325.087161,263.422786,176.492829,317.531892,164.124157,-28.945600,336.604874,185.212016,272.830652,327.842847,147.861819,-28.139871,343.828044,173.571522,280.212973,282.603498,149.022169,-84.552343,310.773165,174.198365,250.995745,
0.000000,0.000000,0.000000,0.000000,0.000000,0.000000,0.000000,0.000000,0.000000,0.000000,0.000000,0.000000,0.000000,0.000000,0.000000,0.000000,0.000000,0.000000,0.000000,0.000000,0.000000,0.000000,0.000000,0.000000,0.000000,0.000000,0.000000,0.000000,0.000000,0.000000,0.000000,0.000000,0.000000,0.000000,0.000000,0.000000,0.000000,0.000000,0.000000,0.000000,0.000000,0.000000,0.000000,0.000000,0.000000,0.000000,0.000000,0.000000,0.000000,0.000000,0.000000,0.000000,294.326501,497.957574,-59.781455,300.076440,505.974218,-81.889082,300.717589,505.706438,-81.871266,301.082953,505.451451,-81.862566,300.690866,507.102540,-53.860426,302.021844,507.439665,-53.860301,303.824708,507.772604,-53.903927,308.819486,498.975376,-133.263445,314.503380,502.767312,-7.192714,296.155005,489.763670,-74.769691,297.622951,490.476205,-38.069377,312.738789,459.837205,-192.824422,340.712201,466.853333,63.379397,292.666231,466.631417,-394.670226,335.644567,476.839106,250.945776,291.763432,497.501147,-572.438654,323.599770,504.463354,412.632054,291.207873,507.962633,-616.859555,323.412396,514.099072,441.242381,295.339353,507.564704,-613.135375,322.042569,513.905323,429.679043,296.849801,502.782181,-576.252464,320.710178,509.957321,412.030746,316.443278,339.755187,-85.700378,333.151979,343.602100,85.600276,305.796952,257.573804,-46.395466,324.925349,263.406082,178.711992,317.549008,163.847275,-25.254427,336.614067,185.227533,278.483548,327.894159,147.589293,-23.971077,343.930303,173.684123,286.236858,282.613642,148.653623,-80.936562,310.687315,174.147659,257.005385,
0.000000,0.000000,0.000000,0.000000,0.000000,0.000000,0.000000,0.000000,0.000000,0.000000,0.000000,0.000000,0.000000,0.000000,0.000000,0.000000,0.000000,0.000000,0.000000,0.000000,0.000000,0.000000,0.000000,0.000000,0.000000,0.000000,0.000000,0.000000,0.000000,0.000000,0.000000,0.000000,0.000000,0.000000,0.000000,0.000000,0.000000,0.000000,0.000000,0.000000,0.000000,0.000000,0.000000,0.000000,0.000000,0.000000,0.000000,0.000000,0.000000,0.000000,0.000000,0.000000,294.307417,498.463384,-66.777443,300.174458,506.569089,-88.682235,300.837090,506.321281,-88.668447,301.201010,506.080897,-88.663604,300.723693,507.631805,-60.130692,302.030174,507.949292,-60.130603,303.816600,508.260984,-60.174714,309.169067,499.358603,-138.630603,314.528601,503.179559,-10.432278,296.239356,490.242208,-81.238909,297.683714,490.877807,-43.878096,313.948073,459.922942,-197.228687,339.645912,467.135427,63.344696,294.394870,465.908348,-398.707297,332.467809,476.682176,254.800107,292.797472,497.136201,-575.927174,321.973461,504.387224,420.232203,292.213268,507.746394,-620.674998,321.773092,514.061932,449.341835,296.155832,507.414116,-617.201581,320.913003,514.101346,438.089900,297.683797,502.557621,-579.838037,319.642733,510.157553,419.801121,316.585964,339.770389,-86.338976,332.305540,343.622691,86.245657,306.055935,257.593785,-45.583276,324.756903,263.397025,180.761532,317.589539,163.603101,-22.381765,336.655002,185.238479,283.704113,328.007950,147.381347,-20.771148,344.122367,173.701814,291.786943,282.636610,147.953870,-77.801911,310.607727,174.069614,262.703624,
0.000000,0.000000,0.000000,0.000000,0.000000,0.000000,0.000000,0.000000,0.000000,0.000000,0.000000,0.000000,0.000000,0.000000,0.000000,0.000000,0.000000,0.000000,0.000000,0.000000,0.000000,0.000000,0.000000,0.000000,0.000000,0.000000,0.000000,0.000000,0.000000,0.000000,0.000000,0.000000,0.000000,0.000000,0.000000,0.000000,0.000000,0.000000,0.000000,0.000000,0.000000,0.000000,0.000000,0.000000,0.000000,0.000000,0.000000,0.000000,0.000000,0.000000,0.000000,0.000000,294.288334,498.969193,-73.773432,300.272476,507.163960,-95.475389,300.956591,506.936123,-95.465627,301.319067,506.710343,-95.464642,300.756520,508.161071,-66.400958,302.038505,508.458920,-66.400904,303.808492,508.749364,-66.445502,309.518648,499.741829,-143.997760,314.553822,503.591806,-13.671842,296.323706,490.720746,-87.708128,297.744477,491.279408,-49.686814,315.157357,460.008679,-201.632953,338.579623,467.417522,63.309994,296.123508,465.185279,-402.744368,329.291050,476.525245,258.654438,293.831512,496.771256,-579.415694,320.347152,504.311094,427.832352,293.218662,507.530155,-624.490440,320.133787,514.024793,457.441288,296.972311,507.263529,-621.267787,319.783438,514.297369,446.500757,298.517794,502.333060,-583.423610,318.575288,510.357784,427.571495,316.728649,339.785590,-86.977575,331.459102,343.643282,86.891038,306.314919,257.613766,-44.771086,324.588456,263.387969,182.811073,317.630070,163.358927,-19.509102,336.695938,185.249424,288.924678,328.121742,147.173400,-17.571218,344.314431,173.719505,297.337028,282.659578,147.254117,-74.667260,310.528138,173.991568,268.401864,
0.000000,0.000000,0.000000,0.000000,0.000000,0.000000,0.000000,0.000000,0.000000,0.000000,0.000000,0.000000,0.000000,0.000000,0.000000,0.000000,0.000000,0.000000,0.000000,0.000000,0.000000,0.000000,0.000000,0.000000,0.000000,0.000000,0.000000,0.000000,0.000000,0.000000,0.000000,0.000000,0.000000,0.000000,0.000000,0.000000,0.000000,0.000000,0.000000,0.000000,0.000000,0.000000,0.000000,0.000000,0.000000,0.000000,0.000000,0.000000,0.000000,0.000000,0.000000,0.000000,294.269250,499.475003,-80.769420,300.370494,507.758831,-102.268543,301.076092,507.550966,-102.262808,301.437124,507.339789,-102.265679,300.789347,508.690336,-72.671224,302.046835,508.968547,-72.671206,303.800384,509.237744,-72.716289,309.868229,500.125056,-149.364917,314.579043,504.004053,-16.911407,296.408056,491.199284,-94.177346,297.805240,491.681009,-55.495533,316.366641,460.094415,-206.037219,337.513334,467.699617,63.275293,297.852147,464.462210,-406.781439,326.114292,476.368315,262.508770,294.865552,496.406311,-582.904214,318.720843,504.234964,435.432501,294.224056,507.313916,-628.305883,318.494482,513.987654,465.540742,297.788790,507.112941,-625.333993,318.653873,514.493391,454.911613,299.351790,502.108500,-587.009183,317.507843,510.558015,435.341869,316.871335,339.800792,-87.616173,330.612664,343.663873,87.536420,306.573902,257.633747,-43.958897,324.420010,263.378913,184.860613,317.670601,163.114753,-16.636440,336.736873,185.260370,294.145243,328.235533,146.965454,-14.371289,344.506495,173.737196,302.887112,282.682546,146.554364,-71.532609,310.448550,173.913522,274.100104,
0.000000,0.000000,0.000000,0.000000,0.000000,0.000000,0.000000,0.000000,0.000000,0.000000,0.000000,0.000000,0.000000,0.000000,0.000000,0.000000,0.000000,0.000000,0.000000,0.000000,0.000000,0.000000,0.000000,0.000000,0.000000,0.000000,0.000000,0.000000,0.000000,0.000000,0.000000,0.000000,0.000000,0.000000,0.000000,0.000000,0.000000,0.000000,0.000000,0.000000,0.000000,0.000000,0.000000,0.000000,0.000000,0.000000,0.000000,0.000000,0.000000,0.000000,0.000000,0.000000,294.250166,499.980813,-87.765409,300.468512,508.353702,-109.061696,301.195593,508.165809,-109.059989,301.555181,507.969235,-109.066717,300.822173,509.219601,-78.941491,302.055165,509.478174,-78.941507,303.792276,509.726124,-78.987077,310.217810,500.508283,-154.732074,314.604264,504.416300,-20.150971,296.492406,491.677822,-100.646565,297.866003,492.082611,-61.304251,317.575926,460.180152,-210.441485,336.447045,467.981711,63.240591,299.580786,463.739140,-410.818510,322.937533,476.211384,266.363101,295.899592,496.041366,-586.392734,317.094534,504.158834,443.032650,295.229450,507.097677,-632.121325,316.855177,513.950515,473.640195,298.605268,506.962353,-629.400199,317.524308,514.689414,463.322470,300.185786,501.883939,-590.594756,316.440398,510.758247,443.112244,317.014021,339.815994,-88.254772,329.766226,343.684464,88.181801,306.832886,257.653728,-43.146707,324.251564,263.369856,186.910154,317.711132,162.870579,-13.763777,336.777808,185.271316,299.365808,328.349324,146.757507,-11.171359,344.698558,173.754887,308.437197,282.705514,145.854611,-68.397958,310.368961,173.835477,279.798343,
0.000000,0.000000,0.000000,0.000000,0.000000,0.000000,0.000000,0.000000,0.000000,0.000000,0.000000,0.000000,0.000000,0.000000,0.000000,0.000000,0.000000,0.000000,0.000000,0.000000,0.000000,0.000000,0.000000,0.000000,0.000000,0.000000,0.000000,0.000000,0.000000,0.000000,0.000000,0.000000,0.000000,0.000000,0.000000,0.000000,0.000000,0.000000,0.000000,0.000000,0.000000,0.000000,0.000000,0.000000,0.000000,0.000000,0.000000,0.000000,0.000000,0.000000,0.000000,0.000000,294.262071,499.886081,-85.478275,300.522717,508.235338,-106.304236,301.293380,508.046747,-106.304187,301.779424,507.860042,-106.311443,300.853142,509.094372,-76.352488,302.080441,509.356772,-76.352602,303.789484,509.615136,-76.397003,310.641430,500.347249,-151.205053,314.628752,504.158892,-18.568662,296.518276,491.586442,-98.179820,297.824618,491.962619,-59.011935,318.652712,460.128747,-207.551193,334.660134,467.689039,65.607251,301.763259,462.852160,-407.070001,320.098567,476.008650,265.223354,297.119509,495.176314,-580.248982,314.767149,503.904881,436.383791,296.012230,506.195231,-625.298336,314.340270,514.053073,466.263111,299.238740,506.358361,-622.133099,314.755253,514.611545,455.623775,300.705374,501.316642,-584.183235,313.990594,510.561228,436.111113,317.037216,339.781978,-88.607723,328.378997,343.653455,88.540043,307.025490,257.641665,-47.722117,323.830136,263.319591,185.880346,317.841124,162.751082,-21.485968,336.748228,185.303685,293.250928,328.651462,146.777493,-19.261171,344.737799,173.906777,301.982046,282.737876,145.457657,-78.006187,310.252387,173.779513,273.000395,
0.000000,0.000000,0.000000,0.000000,0.000000,0.000000,0.000000,0.000000,0.000000,0.000000,0.000000,0.000000,0.000000,0.000000,0.000000,0.000000,0.000000,0.000000,0.000000,0.000000,0.000000,0.000000,0.000000,0.000000,0.000000,0.000000,0.000000,0.000000,0.000000,0.000000,0.000000,0.000000,0.000000,0.000000,0.000000,0.000000,0.000000,0.000000,0.000000,0.000000,0.000000,0.000000,0.000000,0.000000,0.000000,0.000000,0.000000,0.000000,0.000000,0.000000,0.000000,0.000000,294.273975,499.791348,-83.191142,300.576921,508.116975,-103.546775,301.391167,507.927684,-103.548386,302.003667,507.750849,-103.556169,300.884110,508.969143,-73.763484,302.105717,509.235369,-73.763697,303.786692,509.504149,-73.806928,311.065050,500.186215,-147.678031,314.653239,503.901484,-16.986353,296.544145,491.495062,-95.713076,297.783233,491.842628,-56.719618,319.729498,460.077342,-204.660902,332.873224,467.396367,67.973910,303.945733,461.965181,-403.321492,317.259602,475.805916,264.083608,298.339425,494.311262,-574.105231,312.439764,503.650929,429.734931,296.795010,505.292784,-618.475347,311.825363,514.155631,458.886026,299.872213,505.754370,-614.866000,311.986197,514.533676,447.925080,301.224962,500.749344,-577.771713,311.540789,510.364208,429.109983,317.060411,339.747962,-88.960674,326.991769,343.622446,88.898285,307.218094,257.629601,-52.297528,323.408708,263.269325,184.850538,317.971116,162.631584,-29.208160,336.718647,185.336055,287.136048,328.953599,146.797480,-27.350984,344.777040,174.058667,295.526896,282.770237,145.060704,-87.614416,310.135813,173.723550,266.202446,
0.000000,0.000000,0.000000,0.000000,0.000000,0.000000,0.000000,0.000000,0.000000,0.000000,0.000000,0.000000,0.000000,0.000000,0.000000,0.000000,0.000000,0.000000,0.000000,0.000000,0.000000,0.000000,0.000000,0.000000,0.000000,0.000000,0.000000,0.000000,0.000000,0.000000,0.000000,0.000000,0.000000,0.000000,0.000000,0.000000,0.000000,0.000000,0.000000,0.000000,0.000000,0.000000,0.000000,0.000000,0.000000,0.000000,0.000000,0.000000,0.000000,0.000000,0.000000,0.000000,294.285879,499.696616,-80.904009,300.631126,507.998612,-100.789314,301.488953,507.808622,-100.792584,302.227910,507.641657,-100.800896,300.915078,508.843914,-71.174481,302.130993,509.113967,-71.174793,303.783900,509.393161,-71.216854,311.488671,500.025181,-144.151010,314.677727,503.644075,-15.404044,296.570015,491.403682,-93.246332,297.741848,491.722637,-54.427301,320.806284,460.025938,-201.770611,331.086314,467.103696,70.340569,306.128206,461.078201,-399.572983,314.420636,475.603181,262.943862,299.559342,493.446210,-567.961480,310.112379,503.396977,423.086072,297.577790,504.390338,-611.652359,309.310456,514.258189,451.508941,300.505685,505.150379,-607.598901,309.217142,514.455807,440.226385,301.744550,500.182046,-571.360192,309.090985,510.167189,422.108853,317.083607,339.713947,-89.313624,325.604540,343.591438,89.256527,307.410697,257.617538,-56.872938,322.987281,263.219060,183.820730,318.101108,162.512087,-36.930351,336.689066,185.368424,281.021169,329.255737,146.817466,-35.440796,344.816281,174.210557,289.071745,282.802598,144.663751,-97.222644,310.019240,173.667586,259.404497,
0.000000,0.000000,0.000000,0.000000,0.000000,0.000000,0.000000,0.000000,0.000000,0.000000,0.000000,0.000000,0.000000,0.000000,0.000000,0.000000,0.000000,0.000000,0.000000,0.000000,0.000000,0.000000,0.000000,0.000000,0.000000,0.000000,0.000000,0.000000,0.000000,0.000000,0.000000,0.000000,0.000000,0.000000,0.000000,0.000000,0.000000,0.000000,0.000000,0.000000,0.000000,0.000000,0.000000,0.000000,0.000000,0.000000,0.000000,0.000000,0.000000,0.000000,0.000000,0.000000,294.297783,499.601884,-78.616875,300.685330,507.880248,-98.031854,301.586740,507.689560,-98.036782,302.452153,507.532464,-98.045622,300.946046,508.718686,-68.585478,302.156269,508.992564,-68.585888,303.781109,509.282173,-68.626779,311.912291,499.864147,-140.623989,314.702214,503.386667,-13.821735,296.595885,491.312302,-90.779588,297.700463,491.602646,-52.134984,321.883070,459.974533,-198.880320,329.299404,466.811024,72.707229,308.310680,460.191221,-395.824474,311.581670,475.400447,261.804116,300.779258,492.581159,-561.817728,307.784994,503.143024,416.437212,298.360570,503.487891,-604.829370,306.795549,514.360747,444.131857,301.139157,504.546387,-600.331802,306.448086,514.377939,432.527690,302.264138,499.614748,-564.948671,306.641180,509.970170,415.107723,317.106802,339.679931,-89.666575,324.217312,343.560429,89.614769,307.603301,257.605475,-61.448349,322.565853,263.168794,182.790923,318.231100,162.392590,-44.652542,336.659486,185.400793,274.906289,329.557874,146.837452,-43.530608,344.855521,174.362447,282.616594,282.834959,144.266798,-106.830873,309.902666,173.611623,252.606548,
0.000000,0.000000,0.000000,0.000000,0.000000,0.000000,0.000000,0.000000,0.000000,0.000000,0.000000,0.000000,0.000000,0.000000,0.000000,0.000000,0.000000,0.000000,0.000000,0.000000,0.000000,0.000000,0.000000,0.000000,0.000000,0.000000,0.000000,0.000000,0.000000,0.000000,0.000000,0.000000,0.000000,0.000000,0.000000,0.000000,0.000000,0.000000,0.000000,0.000000,0.000000,0.000000,0.000000,0.000000,0.000000,0.000000,0.000000,0.000000,0.000000,0.000000,0.000000,0.000000,294.197276,499.341318,-77.066834,300.518932,507.583013,-96.318217,301.463380,507.411312,-96.323489,302.414809,507.276423,-96.332853,300.713794,508.371403,-66.983661,301.897713,508.642628,-66.983727,303.478490,508.939034,-67.024401,312.118642,499.728197,-138.615635,314.463292,503.122209,-12.443278,296.626912,491.064530,-89.174709,297.610548,491.287706,-50.675731,322.785859,459.973730,-197.416717,327.984187,466.492695,74.087199,309.877491,460.461426,-394.303803,309.904536,475.533867,260.656428,302.014594,492.717577,-558.342551,306.627808,503.216061,411.280114,299.449137,503.440861,-600.882371,305.629862,514.421224,438.371595,302.013575,504.641237,-596.046042,305.123378,514.395717,426.698334,303.022327,499.821741,-561.255254,305.420560,510.037928,409.711059,317.172977,339.638523,-89.941082,323.220699,343.493623,89.893705,307.692861,257.581286,-64.931736,322.220250,263.101522,181.484567,318.281775,162.313943,-50.297304,336.593206,185.438428,270.598739,329.707370,146.861033,-49.448498,344.836844,174.472566,278.077053,282.825763,144.016418,-113.620191,309.731140,173.548441,247.621718,
0.000000,0.000000,0.000000,0.000000,0.000000,0.000000,0.000000,0.000000,0.000000,0.000000,0.000000,0.000000,0.000000,0.000000,0.000000,0.000000,0.000000,0.000000,0.000000,0.000000,0.000000,0.000000,0.000000,0.000000,0.000000,0.000000,0.000000,0.000000,0.000000,0.000000,0.000000,0.000000,0.000000,0.000000,0.000000,0.000000,0.000000,0.000000,0.000000,0.000000,0.000000,0.000000,0.000000,0.000000,0.000000,0.000000,0.000000,0.000000,0.000000,0.000000,0.000000,0.000000,294.096768,499.080752,-75.516792,300.352534,507.285777,-94.604580,301.340021,507.133064,-94.610195,302.377466,507.020382,-94.620085,300.481542,508.024121,-65.381845,301.639156,508.292691,-65.381566,303.175871,508.595894,-65.422024,312.324993,499.592247,-136.607282,314.224370,502.857751,-11.064821,296.657939,490.816758,-87.569830,297.520632,490.972767,-49.216477,323.688649,459.972927,-195.953115,326.668969,466.174367,75.467168,311.444301,460.731631,-392.783132,308.227403,475.667287,259.508740,303.249930,492.853995,-554.867374,305.470622,503.289098,406.123016,300.537704,503.393832,-596.935373,304.464175,514.481700,432.611333,302.887994,504.736087,-591.760283,303.798669,514.413496,420.868978,303.780517,500.028734,-557.561838,304.199941,510.105687,404.314394,317.239152,339.597115,-90.215589,322.224085,343.426817,90.172641,307.782420,257.557097,-68.415124,321.874646,263.034250,180.178211,318.332451,162.235296,-55.942066,336.526926,185.476063,266.291190,329.856866,146.884613,-55.366389,344.818167,174.582686,273.537512,282.816568,143.766038,-120.409509,309.559615,173.485259,242.636888,
0.000000,0.000000,0.000000,0.000000,0.000000,0.000000,0.000000,0.000000,0.000000,0.000000,0.000000,0.000000,0.000000,0.000000,0.000000,0.000000,0.000000,0.000000,0.000000,0.000000,0.000000,0.000000,0.000000,0.000000,0.000000,0.000000,0.000000,0.000000,0.000000,0.000000,0.000000,0.000000,0.000000,0.000000,0.000000,0.000000,0.000000,0.000000,0.000000,0.000000,0.000000,0.000000,0.000000,0.000000,0.000000,0.000000,0.000000,0.000000,0.000000,0.000000,0.000000,0.000000,293.996260,498.820185,-73.966751,300.186136,506.988542,-92.890943,301.216662,506.854816,-92.896901,302.340122,506.764342,-92.907316,300.249290,507.676839,-63.780028,301.380600,507.942755,-63.779406,302.873252,508.252754,-63.819646,312.531344,499.456297,-134.598929,313.985449,502.593293,-9.686363,296.688967,490.568986,-85.964952,297.430717,490.657827,-47.757224,324.591438,459.972125,-194.489513,325.353752,465.856038,76.847138,313.011112,461.001837,-391.262461,306.550270,475.800706,258.361052,304.485266,492.990414,-551.392197,304.313436,503.362134,400.965917,301.626271,503.346802,-592.988375,303.298488,514.542177,426.851071,303.762412,504.830937,-587.474524,302.473960,514.431275,415.039621,304.538706,500.235727,-553.868422,302.979321,510.173445,398.917730,317.305327,339.555707,-90.490096,321.227472,343.360011,90.451576,307.871980,257.532908,-71.898512,321.529043,262.966977,178.871855,318.383127,162.156650,-61.586828,336.460646,185.513697,261.983641,330.006361,146.908193,-61.284279,344.799490,174.692805,268.997972,282.807372,143.515657,-127.198828,309.388089,173.422078,237.652058,
0.000000,0.000000,0.000000,0.000000,0.000000,0.000000,0.000000,0.000000,0.000000,0.000000,0.000000,0.000000,0.000000,0.000000,0.000000,0.000000,0.000000,0.000000,0.000000,0.000000,0.000000,0.000000,0.000000,0.000000,0.000000,0.000000,0.000000,0.000000,0.000000,0.000000,0.000000,0.000000,0.000000,0.000000,0.000000,0.000000,0.000000,0.000000,0.000000,0.000000,0.000000,0.000000,0.000000,0.000000,0.000000,0.000000,0.000000,0.000000,0.000000,0.000000,0.000000,0.000000,293.895753,498.559619,-72.416709,300.019738,506.691306,-91.177306,301.093302,506.576568,-91.183607,302.302778,506.508301,-91.194548,300.017039,507.329557,-62.178212,301.122044,507.592819,-62.177245,302.570633,507.909614,-62.217268,312.737695,499.320347,-132.590575,313.746527,502.328835,-8.307906,296.719994,490.321215,-84.360073,297.340802,490.342888,-46.297970,325.494228,459.971322,-193.025910,324.038535,465.537710,78.227108,314.577923,461.272042,-389.741789,304.873137,475.934126,257.213364,305.720602,493.126832,-547.917020,303.156250,503.435171,395.808819,302.714838,503.299772,-589.041376,302.132801,514.602653,421.090809,304.636830,504.925786,-583.188764,301.149251,514.449053,409.210265,305.296895,500.442720,-550.175005,301.758701,510.241204,393.521065,317.371501,339.514299,-90.764602,320.230859,343.293205,90.730512,307.961539,257.508719,-75.381899,321.183440,262.899705,177.565499,318.433803,162.078003,-67.231590,336.394365,185.551332,257.676091,330.155857,146.931773,-67.202169,344.780813,174.802925,264.458431,282.798176,143.265277,-133.988146,309.216564,173.358896,232.667228,
0.000000,0.000000,0.000000,0.000000,0.000000,0.000000,0.000000,0.000000,0.000000,0.000000,0.000000,0.000000,0.000000,0.000000,0.000000,0.000000,0.000000,0.000000,0.000000,0.000000,0.000000,0.000000,0.000000,0.000000,0.000000,0.000000,0.000000,0.000000,0.000000,0.000000,0.000000,0.000000,0.000000,0.000000,0.000000,0.000000,0.000000,0.000000,0.000000,0.000000,0.000000,0.000000,0.000000,0.000000,0.000000,0.000000,0.000000,0.000000,0.000000,0.000000,0.000000,0.000000,293.618416,497.986998,-71.521125,299.587237,506.062375,-90.383928,300.707812,505.987547,-90.389359,301.972095,505.960364,-90.400606,299.471496,506.620269,-61.461862,300.531966,506.879994,-61.460285,301.907663,507.203859,-61.501000,312.728262,499.135433,-131.932345,313.214838,501.938233,-7.225214,296.709339,489.800544,-83.504662,297.150108,489.733233,-45.588520,326.245609,460.004185,-192.624894,323.132734,465.207636,78.844322,315.569219,462.512475,-389.800092,304.361252,476.406036,255.833704,306.985224,494.099199,-546.366989,303.058064,503.843742,391.486055,304.102388,503.989196,-587.190069,302.129369,514.734976,416.308441,305.729326,505.596536,-581.045338,301.124082,514.597375,404.517664,306.275093,501.306260,-548.419418,301.691977,510.534924,389.040249,317.481643,339.471554,-90.963207,319.584812,343.196381,90.932978,307.980011,257.476217,-78.126995,320.913892,262.818098,175.290170,318.409074,162.039182,-71.589230,336.296768,185.587067,253.852680,330.172407,146.944615,-71.799668,344.712486,174.844159,260.410411,282.749792,143.123647,-138.914706,308.997838,173.283174,228.006189,
0.000000,0.000000,0.000000,0.000000,0.000000,0.000000,0.000000,0.000000,0.000000,0.000000,0.000000,0.000000,0.000000,0.000000,0.000000,0.000000,0.000000,0.000000,0.000000,0.000000,0.000000,0.000000,0.000000,0.000000,0.000000,0.000000,0.000000,0.000000,0.000000,0.000000,0.000000,0.000000,0.000000,0.000000,0.000000,0.000000,0.000000,0.000000,0.000000,0.000000,0.000000,0.000000,0.000000,0.000000,0.000000,0.000000,0.000000,0.000000,0.000000,0.000000,0.000000,0.000000,293.341079,497.414377,-70.625540,299.154736,505.433444,-89.590550,300.322323,505.398527,-89.595111,301.641412,505.412428,-89.606665,298.925954,505.910982,-60.745512,299.941889,506.167169,-60.743326,301.244694,506.498104,-60.784731,312.718828,498.950519,-131.274115,312.683149,501.547632,-6.142522,296.698684,489.279874,-82.649250,296.959414,489.123579,-44.879069,326.996991,460.037047,-192.223878,322.226934,464.877562,79.461536,316.560516,463.752908,-389.858395,303.849367,476.877946,254.454044,308.249846,495.071566,-544.816959,302.959878,504.252313,387.163291,305.489938,504.678620,-585.338762,302.125938,514.867299,411.526074,306.821822,506.267285,-578.901911,301.098912,514.745697,399.825063,307.253291,502.169800,-546.663831,301.625253,510.828645,384.559432,317.591784,339.428810,-91.161812,318.938765,343.099557,91.135444,307.998483,257.443715,-80.872090,320.644344,262.736490,173.014841,318.384345,162.000361,-75.946869,336.199171,185.622803,250.029269,330.188958,146.957457,-76.397166,344.644160,174.885393,256.362391,282.701408,142.982017,-143.841266,308.779112,173.207451,223.345149,
0.000000,0.000000,0.000000,0.000000,0.000000,0.000000,0.000000,0.000000,0.000000,0.000000,0.000000,0.000000,0.000000,0.000000,0.000000,0.000000,0.000000,0.000000,0.000000,0.000000,0.000000,0.000000,0.000000,0.000000,0.000000,0.000000,0.000000,0.000000,0.000000,0.000000,0.000000,0.000000,0.000000,0.000000,0.000000,0.000000,0.000000,0.000000,0.000000,0.000000,0.000000,0.000000,0.000000,0.000000,0.000000,0.000000,0.000000,0.000000,0.000000,0.000000,0.000000,0.000000,293.063741,496.841756,-69.729956,298.722235,504.804513,-88.797173,299.936833,504.809506,-88.800862,301.310729,504.864492,-88.812723,298.380412,505.201695,-60.029162,299.351811,505.454345,-60.026367,300.581724,505.792349,-60.068463,312.709395,498.765605,-130.615885,312.151460,501.157030,-5.059829,296.688029,488.759203,-81.793839,296.768720,488.513924,-44.169619,327.748372,460.069910,-191.822863,321.321133,464.547488,80.078750,317.551813,464.993341,-389.916698,303.337482,477.349855,253.074385,309.514468,496.043933,-543.266929,302.861692,504.660885,382.840527,306.877488,505.368044,-583.487455,302.122506,514.999622,406.743707,307.914318,506.938034,-576.758485,301.073743,514.894019,395.132462,308.231489,503.033340,-544.908244,301.558528,511.122366,380.078615,317.701925,339.386065,-91.360417,318.292719,343.002734,91.337910,308.016955,257.411212,-83.617185,320.374796,262.654883,170.739512,318.359615,161.961540,-80.304509,336.101573,185.658539,246.205858,330.205509,146.970299,-80.994664,344.575833,174.926628,252.314371,282.653023,142.840387,-148.767826,308.560387,173.131729,218.684110,
0.000000,0.000000,0.000000,0.000000,0.000000,0.000000,0.000000,0.000000,0.000000,0.000000,0.000000,0.000000,0.000000,0.000000,0.000000,0.000000,0.000000,0.000000,0.000000,0.000000,0.000000,0.000000,0.000000,0.000000,0.000000,0.000000,0.000000,0.000000,0.000000,0.000000,0.000000,0.000000,0.000000,0.000000,0.000000,0.000000,0.000000,0.000000,0.000000,0.000000,0.000000,0.000000,0.000000,0.000000,0.000000,0.000000,0.000000,0.000000,0.000000,0.000000,0.000000,0.000000,292.786404,496.269134,-68.834371,298.289734,504.175581,-88.003795,299.551343,504.220486,-88.006614,300.980046,504.316555,-88.018782,297.834870,504.492408,-59.312812,298.761734,504.741520,-59.309407,299.918755,505.086593,-59.352194,312.699961,498.580691,-129.957655,311.619771,500.766428,-3.977137,296.677374,488.238533,-80.938428,296.578026,487.904270,-43.460168,328.499754,460.102773,-191.421847,320.415332,464.217413,80.695964,318.543110,466.233774,-389.975001,302.825597,477.821765,251.694725,310.779090,497.016301,-541.716899,302.763506,505.069456,378.517763,308.265038,506.057469,-581.636148,302.119074,515.131945,401.961340,309.006814,507.608783,-574.615058,301.048573,515.042341,390.439861,309.209687,503.896880,-543.152658,301.491804,511.416086,375.597798,317.812067,339.343320,-91.559022,317.646672,342.905910,91.540375,308.035427,257.378710,-86.362281,320.105247,262.573275,168.464182,318.334886,161.922718,-84.662148,336.003976,185.694274,242.382447,330.222059,146.983142,-85.592162,344.507506,174.967862,248.266351,282.604639,142.698758,-153.694386,308.341661,173.056007,214.023071,
0.000000,0.000000,0.000000,0.000000,0.000000,0.000000,0.000000,0.000000,0.000000,0.000000,0.000000,0.000000,0.000000,0.000000,0.000000,0.000000,0.000000,0.000000,0.000000,0.000000,0.000000,0.000000,0.000000,0.000000,0.000000,0.000000,0.000000,0.000000,0.000000,0.000000,0.000000,0.000000,0.000000,0.000000,0.000000,0.000000,0.000000,0.000000,0.000000,0.000000,0.000000,0.000000,0.000000,0.000000,0.000000,0.000000,0.000000,0.000000,0.000000,0.000000,0.000000,0.000000,292.359900,495.392027,-68.151902,297.618512,503.202049,-87.676409,298.933575,503.302877,-87.677135,300.382429,503.456072,-87.690651,297.004718,503.418513,-59.111257,297.885015,503.663220,-59.107048,298.955578,504.014357,-59.150648,312.493453,498.330448,-130.185125,310.833033,500.233973,-2.821780,296.630287,487.455332,-80.299113,296.313387,487.018504,-43.212459,329.089379,460.168114,-192.013388,319.968978,463.875309,80.966360,318.991001,468.222547,-392.984434,303.666940,478.435508,250.701802,312.058502,498.570182,-545.951949,303.796075,505.693884,376.087371,309.910010,507.294185,-585.990081,303.248266,515.269536,399.355241,310.251955,508.662684,-578.521383,302.291439,515.286288,388.321013,310.379654,505.204560,-547.154430,302.586776,511.828854,373.233620,317.960305,339.318673,-91.717754,317.338957,342.805014,91.702481,307.997644,257.345023,-88.312549,319.882243,262.488834,164.778225,318.235039,161.932295,-87.487467,335.861352,185.726849,238.100866,330.118176,147.010987,-88.586113,344.373419,174.926091,243.666330,282.527733,142.695290,-156.386991,308.063135,172.976495,208.723872,
0.000000,0.000000,0.000000,0.000000,0.000000,0.000000,0.000000,0.000000,0.000000,0.000000,0.000000,0.000000,0.000000,0.000000,0.000000,0.000000,0.000000,0.000000,0.000000,0.000000,0.000000,0.000000,0.000000,0.000000,0.000000,0.000000,0.000000,0.000000,0.000000,0.000000,0.000000,0.000000,0.000000,0.000000,0.000000,0.000000,0.000000,0.000000,0.000000,0.000000,0.000000,0.000000,0.000000,0.000000,0.000000,0.000000,0.000000,0.000000,0.000000,0.000000,0.000000,0.000000,291.933397,494.514920,-67.469432,296.947291,502.228517,-87.349023,298.315808,502.385268,-87.347655,299.784812,502.595589,-87.362520,296.174567,502.344618,-58.909701,297.008297,502.584919,-58.904690,297.992402,502.942120,-58.949102,312.286945,498.080205,-130.412596,310.046294,499.701518,-1.666424,296.583199,486.672131,-79.659799,296.048747,486.132739,-42.964750,329.679005,460.233456,-192.604930,319.522624,463.533205,81.236755,319.438892,470.211319,-395.993867,304.508283,479.049250,249.708879,313.337913,500.124064,-550.187000,304.828644,506.318312,373.656978,311.554982,508.530901,-590.344015,304.377457,515.407128,396.749142,311.497097,509.716585,-582.427708,303.534304,515.530236,386.202166,311.549622,506.512239,-551.156202,303.681749,512.241621,370.869443,318.108543,339.294026,-91.876487,317.031242,342.704117,91.864587,307.959861,257.311335,-90.262818,319.659240,262.404393,161.092267,318.135191,161.941872,-90.312785,335.718727,185.759424,233.819285,330.014294,147.038832,-91.580064,344.239331,174.884321,239.066309,282.450827,142.691823,-159.079596,307.784610,172.896983,203.424674,
0.000000,0.000000,0.000000,0.000000,0.000000,0.000000,0.000000,0.000000,0.000000,0.000000,0.000000,0.000000,0.000000,0.000000,0.000000,0.000000,0.000000,0.000000,0.000000,0.000000,0.000000,0.000000,0.000000,0.000000,0.000000,0.000000,0.000000,0.000000,0.000000,0.000000,0.000000,0.000000,0.000000,0.000000,0.000000,0.000000,0.000000,0.000000,0.000000,0.000000,0.000000,0.000000,0.000000,0.000000,0.000000,0.000000,0.000000,0.000000,0.000000,0.000000,0.000000,0.000000,291.506893,493.637813,-66.786963,296.276069,501.254984,-87.021636,297.698041,501.467659,-87.018175,299.187196,501.735106,-87.034389,295.344415,501.270722,-58.708146,296.131578,501.506619,-58.702331,297.029225,501.869883,-58.747555,312.080436,497.829963,-130.640067,309.259556,499.169063,-0.511067,296.536112,485.888930,-79.020485,295.784108,485.246973,-42.717041,330.268631,460.298797,-193.196472,319.076269,463.191100,81.507151,319.886783,472.200092,-399.003299,305.349627,479.662993,248.715956,314.617325,501.677946,-554.422051,305.861214,506.942741,371.226585,313.199953,509.767617,-594.697949,305.506649,515.544719,394.143044,312.742238,510.770486,-586.334033,304.777169,515.774183,384.083318,312.719589,507.819919,-555.157974,304.776721,512.654388,368.505266,318.256781,339.269378,-92.035220,316.723526,342.603221,92.026692,307.922078,257.277647,-92.213087,319.436236,262.319952,157.406309,318.035344,161.951449,-93.138104,335.576103,185.791999,229.537704,329.910411,147.066677,-94.574014,344.105243,174.842550,234.466287,282.373921,142.688356,-161.772200,307.506084,172.817470,198.125476,
0.000000,0.000000,0.000000,0.000000,0.000000,0.000000,0.000000,0.000000,0.000000,0.000000,0.000000,0.000000,0.000000,0.000000,0.000000,0.000000,0.000000,0.000000,0.000000,0.000000,0.000000,0.000000,0.000000,0.000000,0.000000,0.000000,0.000000,0.000000,0.000000,0.000000,0.000000,0.000000,0.000000,0.000000,0.000000,0.000000,0.000000,0.000000,0.000000,0.000000,0.000000,0.000000,0.000000,0.000000,0.000000,0.000000,0.000000,0.000000,0.000000,0.000000,0.000000,0.000000,291.080389,492.760706,-66.104493,295.604847,500.281452,-86.694250,297.080273,500.550049,-86.688696,298.589579,500.874623,-86.706259,294.514263,500.196827,-58.506590,295.254859,500.428318,-58.499972,296.066049,500.797646,-58.546009,311.873928,497.579720,-130.867537,308.472817,498.636608,0.644290,296.489025,485.105729,-78.381170,295.519468,484.361208,-42.469331,330.858257,460.364139,-193.788014,318.629915,462.848996,81.777547,320.334674,474.188865,-402.012732,306.190970,480.276735,247.723033,315.896736,503.231827,-558.657102,306.893783,507.567169,368.796193,314.844925,511.004333,-599.051883,306.635840,515.682310,391.536945,313.987380,511.824386,-590.240357,306.020035,516.018131,381.964470,313.889557,509.127598,-559.159747,305.871693,513.067155,366.141088,318.405019,339.244731,-92.193952,316.415811,342.502324,92.188798,307.884295,257.243960,-94.163356,319.213232,262.235511,153.720352,317.935496,161.961026,-95.963423,335.433478,185.824574,225.256123,329.806528,147.094523,-97.567965,343.971156,174.800780,229.866266,282.297015,142.684889,-164.464805,307.227558,172.737958,192.826277,
0.000000,0.000000,0.000000,0.000000,0.000000,0.000000,0.000000,0.000000,0.000000,0.000000,0.000000,0.000000,0.000000,0.000000,0.000000,0.000000,0.000000,0.000000,0.000000,0.000000,0.000000,0.000000,0.000000,0.000000,0.000000,0.000000,0.000000,0.000000,0.000000,0.000000,0.000000,0.000000,0.000000,0.000000,0.000000,0.000000,0.000000,0.000000,0.000000,0.000000,0.000000,0.000000,0.000000,0.000000,0.000000,0.000000,0.000000,0.000000,0.000000,0.000000,0.000000,0.000000,290.816425,491.480060,-79.370203,295.308701,498.894732,-97.654673,296.823428,499.212061,-97.653317,298.405872,499.610315,-97.676883,294.021762,498.740692,-70.090530,294.596368,498.950365,-70.077641,295.244648,499.295029,-70.124757,311.643229,496.988647,-132.577692,307.326881,497.608830,-5.206367,296.435254,483.948760,-88.209408,295.184459,483.304336,-52.460007,331.180520,460.146138,-188.177866,317.477151,462.572018,79.967362,325.927963,473.537065,-387.865487,305.334006,480.542595,245.915353,318.224373,502.797492,-531.551630,305.781986,507.648449,364.838981,316.352711,510.692454,-569.412713,305.396141,515.898264,387.354657,315.271658,511.557763,-559.787265,304.893155,516.001013,376.832548,315.385245,508.824932,-531.349858,305.002890,512.915736,361.840229,318.534038,339.126643,-91.107626,315.649718,342.261588,91.125433,308.071324,257.238189,-98.160432,318.783671,262.159628,150.499415,318.029149,161.984486,-104.554382,334.956804,185.834817,223.169529,329.837157,146.951569,-106.598668,343.620854,174.873450,227.605394,282.302729,142.533173,-173.416766,306.723352,172.725139,190.969920,
0.000000,0.000000,0.000000,0.000000,0.000000,0.000000,0.000000,0.000000,0.000000,0.000000,0.000000,0.000000,0.000000,0.000000,0.000000,0.000000,0.000000,0.000000,0.000000,0.000000,0.000000,0.000000,0.000000,0.000000,0.000000,0.000000,0.000000,0.000000,0.000000,0.000000,0.000000,0.000000,0.000000,0.000000,0.000000,0.000000,0.000000,0.000000,0.000000,0.000000,0.000000,0.000000,0.000000,0.000000,0.000000,0.000000,0.000000,0.000000,0.000000,0.000000,0.000000,0.000000,290.552460,490.199414,-92.635913,295.012554,497.508013,-108.615096,296.566584,497.874072,-108.617938,298.222166,498.346007,-108.647508,293.529261,497.284558,-81.674470,293.937876,497.472412,-81.655311,294.423247,497.792412,-81.703504,311.412529,496.397574,-134.287847,306.180945,496.581052,-11.057024,296.381484,482.791790,-98.037646,294.849450,482.247464,-62.450682,331.502784,459.928138,-182.567718,316.324387,462.295040,78.157178,331.521252,472.885266,-373.718243,304.477042,480.808455,244.107673,320.552010,502.363157,-504.446157,304.670189,507.729729,360.881770,317.860496,510.380576,-539.773543,304.156442,516.114217,383.172370,316.555936,511.291140,-529.334173,303.766276,515.983895,371.700625,316.880934,508.522265,-503.539970,304.134086,512.764317,357.539369,318.663056,339.008554,-90.021299,314.883624,342.020852,90.062069,308.258352,257.232418,-102.157508,318.354110,262.083744,147.278479,318.122802,162.007946,-113.145342,334.480131,185.845059,221.082934,329.867786,146.808616,-115.629370,343.270552,174.946120,225.344522,282.308444,142.381458,-182.368727,306.219146,172.712320,189.113563,
0.000000,0.000000,0.000000,0.000000,0.000000,0.000000,0.000000,0.000000,0.000000,0.000000,0.000000,0.000000,0.000000,0.000000,0.000000,0.000000,0.000000,0.000000,0.000000,0.000000,0.000000,0.000000,0.000000,0.000000,0.000000,0.000000,0.000000,0.000000,0.000000,0.000000,0.000000,0.000000,0.000000,0.000000,0.000000,0.000000,0.000000,0.000000,0.000000,0.000000,0.000000,0.000000,0.000000,0.000000,0.000000,0.000000,0.000000,0.000000,0.000000,0.000000,0.000000,0.000000,290.288496,488.918768,-105.901622,294.716407,496.121293,-119.575519,296.309739,496.536083,-119.582560,298.038459,497.081699,-119.618132,293.036760,495.828423,-93.258410,293.279384,495.994458,-93.232980,293.601845,496.289795,-93.282252,311.181830,495.806501,-135.998001,305.035009,495.553275,-16.907681,296.327713,481.634821,-107.865884,294.514441,481.190592,-72.441357,331.825047,459.710137,-176.957571,315.171623,462.018063,76.346994,337.114542,472.233466,-359.570998,303.620078,481.074315,242.299994,322.879646,501.928821,-477.340685,303.558392,507.811008,356.924559,319.368282,510.068698,-510.134374,302.916742,516.330171,378.990082,317.840214,511.024517,-498.881081,302.639397,515.966777,366.568702,318.376622,508.219599,-475.730081,303.265282,512.612897,353.238510,318.792075,338.890466,-88.934972,314.117530,341.780116,88.998704,308.445381,257.226648,-106.154584,317.924549,262.007860,144.057543,318.216455,162.031406,-121.736301,334.003457,185.855302,218.996340,329.898415,146.665662,-124.660073,342.920250,175.018789,223.083650,282.314158,142.229742,-191.320688,305.714940,172.699500,187.257206,
0.000000,0.000000,0.000000,0.000000,0.000000,0.000000,0.000000,0.000000,0.000000,0.000000,0.000000,0.000000,0.000000,0.000000,0.000000,0.000000,0.000000,0.000000,0.000000,0.000000,0.000000,0.000000,0.000000,0.000000,0.000000,0.000000,0.000000,0.000000,0.000000,0.000000,0.000000,0.000000,0.000000,0.000000,0.000000,0.000000,0.000000,0.000000,0.000000,0.000000,0.000000,0.000000,0.000000,0.000000,0.000000,0.000000,0.000000,0.000000,0.000000,0.000000,0.000000,0.000000,290.024532,487.638122,-119.167332,294.420260,494.734573,-130.535942,296.052895,495.198095,-130.547181,297.854753,495.817391,-130.588757,292.544259,494.372288,-104.842349,292.620892,494.516505,-104.810650,292.780444,494.787178,-104.861000,310.951131,495.215428,-137.708156,303.889073,494.525497,-22.758338,296.273942,480.477852,-117.694121,294.179432,480.133719,-82.432032,332.147310,459.492136,-171.347423,314.018859,461.741085,74.536810,342.707831,471.581667,-345.423753,302.763114,481.340175,240.492314,325.207283,501.494486,-450.235213,302.446595,507.892288,352.967347,320.876068,509.756819,-480.495204,301.677043,516.546125,374.807795,319.124492,510.757894,-468.427988,301.512518,515.949659,361.436780,319.872311,507.916932,-447.920193,302.396478,512.461478,348.937650,318.921094,338.772378,-87.848645,313.351437,341.539380,87.935340,308.632410,257.220877,-110.151660,317.494989,261.931977,140.836606,318.310107,162.054865,-130.327261,333.526784,185.865544,216.909746,329.929043,146.522709,-133.690775,342.569948,175.091459,220.822777,282.319872,142.078027,-200.272650,305.210734,172.686681,185.400849,
0.000000,0.000000,0.000000,0.000000,0.000000,0.000000,0.000000,0.000000,0.000000,0.000000,0.000000,0.000000,0.000000,0.000000,0.000000,0.000000,0.000000,0.000000,0.000000,0.000000,0.000000,0.000000,0.000000,0.000000,0.000000,0.000000,0.000000,0.000000,0.000000,0.000000,0.000000,0.000000,0.000000,0.000000,0.000000,0.000000,0.000000,0.000000,0.000000,0.000000,0.000000,0.000000,0.000000,0.000000,0.000000,0.000000,0.000000,0.000000,0.000000,0.000000,0.000000,0.000000,289.954123,486.797880,-125.192056,294.298680,493.866871,-135.413485,295.969807,494.371655,-135.423316,297.851070,495.039938,-135.470745,292.228475,493.447075,-110.281342,292.208144,493.581027,-110.247624,292.261585,493.836730,-110.296328,310.941115,494.838646,-135.708850,303.109839,493.874379,-23.993994,296.369176,479.754883,-121.805444,293.978475,479.468008,-87.332230,332.743634,459.359662,-164.181430,312.574975,461.599721,75.727262,347.461268,470.914519,-329.523944,300.063930,481.705012,239.874848,327.493363,501.363192,-422.649411,300.742620,508.135039,349.494735,322.629038,509.682464,-450.801151,300.284159,516.936732,370.755728,320.660977,510.688227,-438.423478,300.366481,516.118968,357.558313,321.444461,507.787858,-419.885368,301.318916,512.544011,345.459970,319.200807,338.681448,-86.977822,312.531517,341.309787,87.077015,308.837783,257.208196,-113.598425,317.128590,261.820549,137.894870,318.372169,162.065893,-136.768876,333.248342,185.861775,214.031352,329.937076,146.374333,-140.455729,342.362399,175.157365,217.809541,282.337840,141.947087,-207.574130,304.924714,172.551639,181.973219,
0.000000,0.000000,0.000000,0.000000,0.000000,0.000000,0.000000,0.000000,0.000000,0.000000,0.000000,0.000000,0.000000,0.000000,0.000000,0.000000,0.000000,0.000000,0.000000,0.000000,0.000000,0.000000,0.000000,0.000000,0.000000,0.000000,0.000000,0.000000,0.000000,0.000000,0.000000,0.000000,0.000000,0.000000,0.000000,0.000000,0.000000,0.000000,0.000000,0.000000,0.000000,0.000000,0.000000,0.000000,0.000000,0.000000,0.000000,0.000000,0.000000,0.000000,0.000000,0.000000,289.883714,485.957637,-131.216781,294.177100,492.999169,-140.291029,295.886719,493.545215,-140.299451,297.847387,494.262486,-140.352733,291.912692,492.521861,-115.720335,291.795396,492.645549,-115.684598,291.742726,492.886282,-115.731656,310.931099,494.461865,-133.709544,302.330605,493.223261,-25.229650,296.464409,479.031914,-125.916768,293.777517,478.802296,-92.232428,333.339958,459.227187,-157.015437,311.131090,461.458357,76.917714,352.214705,470.247371,-313.624135,297.364746,482.069850,239.257381,329.779443,501.231898,-395.063610,299.038645,508.377789,346.022123,324.382009,509.608109,-421.107098,298.891276,517.327340,366.703662,322.197463,510.618560,-408.418968,299.220444,516.288278,353.679847,323.016611,507.658784,-391.850544,300.241354,512.626544,341.982289,319.480521,338.590518,-86.106998,311.711598,341.080194,86.218691,309.043155,257.195515,-117.045189,316.762191,261.709122,134.953134,318.434230,162.076921,-143.210491,332.969901,185.858006,211.152958,329.945109,146.225957,-147.220683,342.154849,175.223272,214.796304,282.355808,141.816148,-214.875611,304.638694,172.416596,178.545588,
0.000000,0.000000,0.000000,0.000000,0.000000,0.000000,0.000000,0.000000,0.000000,0.000000,0.000000,0.000000,0.000000,0.000000,0.000000,0.000000,0.000000,0.000000,0.000000,0.000000,0.000000,0.000000,0.000000,0.000000,0.000000,0.000000,0.000000,0.000000,0.000000,0.000000,0.000000,0.000000,0.000000,0.000000,0.000000,0.000000,0.000000,0.000000,0.000000,0.000000,0.000000,0.000000,0.000000,0.000000,0.000000,0.000000,0.000000,0.000000,0.000000,0.000000,0.000000,0.000000,289.813305,485.117394,-137.241506,294.055519,492.131467,-145.168573,295.803631,492.718776,-145.175586,297.843705,493.485034,-145.234721,291.596909,491.596648,-121.159327,291.382648,491.710071,-121.121573,291.223867,491.935834,-121.166983,310.921082,494.085084,-131.710238,301.551371,492.572143,-26.465306,296.559642,478.308946,-130.028091,293.576560,478.136584,-97.132627,333.936281,459.094713,-149.849445,309.687206,461.316993,78.108167,356.968141,469.580223,-297.724325,294.665563,482.434687,238.639914,332.065523,501.100604,-367.477808,297.334669,508.620540,342.549511,326.134979,509.533754,-391.413045,297.498392,517.717948,362.651596,323.733948,510.548892,-378.414457,298.074408,516.457587,349.801380,324.588762,507.529710,-363.815720,299.163792,512.709077,338.504608,319.760235,338.499589,-85.236174,310.891678,340.850600,85.360367,309.248527,257.182835,-120.491954,316.395793,261.597695,132.011398,318.496291,162.087948,-149.652106,332.691460,185.854236,208.274564,329.953142,146.077581,-153.985636,341.947300,175.289178,211.783067,282.373776,141.685209,-222.177092,304.352674,172.281553,175.117958,
0.000000,0.000000,0.000000,0.000000,0.000000,0.000000,0.000000,0.000000,0.000000,0.000000,0.000000,0.000000,0.000000,0.000000,0.000000,0.000000,0.000000,0.000000,0.000000,0.000000,0.000000,0.000000,0.000000,0.000000,0.000000,0.000000,0.000000,0.000000,0.000000,0.000000,0.000000,0.000000,0.000000,0.000000,0.000000,0.000000,0.000000,0.000000,0.000000,0.000000,0.000000,0.000000,0.000000,0.000000,0.000000,0.000000,0.000000,0.000000,0.000000,0.000000,0.000000,0.000000,289.742896,484.277152,-143.266231,293.933939,491.263765,-150.046117,295.720543,491.892336,-150.051721,297.840022,492.707581,-150.116709,291.281125,490.671434,-126.598320,290.969899,490.774594,-126.558547,290.705007,490.985385,-126.602311,310.911066,493.708302,-129.710933,300.772137,491.921024,-27.700961,296.654876,477.585977,-134.139414,293.375603,477.470872,-102.032825,334.532605,458.962239,-142.683452,308.243322,461.175629,79.298619,361.721578,468.913074,-281.824516,291.966379,482.799525,238.022448,334.351603,500.969310,-339.892007,295.630694,508.863290,339.076899,327.887949,509.459399,-361.718992,296.105509,518.108555,358.599530,325.270433,510.479225,-348.409947,296.928371,516.626896,345.922914,326.160912,507.400636,-335.780895,298.086230,512.791610,335.026927,320.039949,338.408659,-84.365351,310.071758,340.621007,84.502042,309.453900,257.170154,-123.938719,316.029394,261.486268,129.069662,318.558352,162.098976,-156.093721,332.413018,185.850467,205.396170,329.961175,145.929206,-160.750590,341.739750,175.355085,208.769830,282.391744,141.554269,-229.478573,304.066655,172.146511,171.690328,
0.000000,0.000000,0.000000,0.000000,0.000000,0.000000,0.000000,0.000000,0.000000,0.000000,0.000000,0.000000,0.000000,0.000000,0.000000,0.000000,0.000000,0.000000,0.000000,0.000000,0.000000,0.000000,0.000000,0.000000,0.000000,0.000000,0.000000,0.000000,0.000000,0.000000,0.000000,0.000000,0.000000,0.000000,0.000000,0.000000,0.000000,0.000000,0.000000,0.000000,0.000000,0.000000,0.000000,0.000000,0.000000,0.000000,0.000000,0.000000,0.000000,0.000000,0.000000,0.000000,289.893705,483.884882,-141.608628,294.014307,490.902175,-148.386514,295.841065,491.559629,-148.385093,298.042768,492.396333,-148.457044,291.170740,490.274539,-125.521693,290.847775,490.379004,-125.484225,290.548834,490.583240,-125.522832,311.140443,493.529448,-123.537744,300.397323,491.630856,-23.953187,296.904363,477.307377,-132.000452,293.335530,477.214924,-101.554484,335.392641,458.914104,-133.891585,306.558348,461.169594,83.905645,365.667271,468.008689,-265.544297,287.612955,483.066682,239.213902,336.581631,500.886623,-315.685810,293.406295,509.147834,337.146923,329.844543,509.433405,-336.079605,294.529809,518.607239,355.876058,326.993695,510.413766,-322.761437,295.731672,516.947714,344.734901,327.781285,507.232746,-311.340665,296.807711,513.001179,333.573217,320.464488,338.364322,-83.746060,309.185778,340.428502,83.884868,309.692449,257.157691,-126.778637,315.696647,261.350798,125.965472,318.589108,162.106145,-160.140794,332.319100,185.831425,200.783668,329.959124,145.801149,-164.966639,341.658842,175.400108,203.960706,282.432632,141.473518,-234.758375,303.986221,171.897995,165.729475,
0.000000,0.000000,0.000000,0.000000,0.000000,0.000000,0.000000,0.000000,0.000000,0.000000,0.000000,0.000000,0.000000,0.000000,0.000000,0.000000,0.000000,0.000000,0.000000,0.000000,0.000000,0.000000,0.000000,0.000000,0.000000,0.000000,0.000000,0.000000,0.000000,0.000000,0.000000,0.000000,0.000000,0.000000,0.000000,0.000000,0.000000,0.000000,0.000000,0.000000,0.000000,0.000000,0.000000,0.000000,0.000000,0.000000,0.000000,0.000000,0.000000,0.000000,0.000000,0.000000,290.044515,483.492612,-139.951026,294.094676,490.540586,-146.726911,295.961586,491.226922,-146.718465,298.245514,492.085086,-146.797380,291.060355,489.877643,-124.445066,290.725650,489.983414,-124.409904,290.392661,490.181094,-124.443353,311.369819,493.350594,-117.364555,300.022509,491.340687,-20.205412,297.153851,477.028776,-129.861490,293.295458,476.958977,-101.076143,336.252677,458.865969,-125.099718,304.873373,461.163558,88.512672,369.612963,467.104304,-249.264079,283.259531,483.333840,240.405357,338.811658,500.803935,-291.479614,291.181896,509.432378,335.216947,331.801137,509.407412,-310.440219,292.954109,519.105923,353.152587,328.716956,510.348307,-297.112928,294.534974,517.268533,343.546889,329.401657,507.064857,-286.900434,295.529192,513.210748,332.119507,320.889027,338.319984,-83.126770,308.299797,340.235997,83.267693,309.930997,257.145227,-129.618556,315.363901,261.215329,122.861281,318.619864,162.113313,-164.187866,332.225181,185.812382,196.171167,329.957072,145.673092,-169.182689,341.577934,175.445132,199.151582,282.473520,141.392766,-240.038178,303.905788,171.649480,159.768621,
0.000000,0.000000,0.000000,0.000000,0.000000,0.000000,0.000000,0.000000,0.000000,0.000000,0.000000,0.000000,0.000000,0.000000,0.000000,0.000000,0.000000,0.000000,0.000000,0.000000,0.000000,0.000000,0.000000,0.000000,0.000000,0.000000,0.000000,0.000000,0.000000,0.000000,0.000000,0.000000,0.000000,0.000000,0.000000,0.000000,0.000000,0.000000,0.000000,0.000000,0.000000,0.000000,0.000000,0.000000,0.000000,0.000000,0.000000,0.000000,0.000000,0.000000,0.000000,0.000000,290.195324,483.100342,-138.293424,294.175044,490.178996,-145.067308,296.082108,490.894215,-145.051837,298.448260,491.773838,-145.137715,290.949970,489.480747,-123.368439,290.603525,489.587824,-123.335582,290.236487,489.778948,-123.363874,311.599196,493.171739,-111.191367,299.647695,491.050518,-16.457637,297.403338,476.750176,-127.722528,293.255386,476.703029,-100.597802,337.112714,458.817834,-116.307851,303.188399,461.157523,93.119698,373.558655,466.199919,-232.983860,278.906108,483.600997,241.596812,341.041685,500.721248,-267.273417,288.957497,509.716922,333.286971,333.757730,509.381418,-284.800833,291.378410,519.604607,350.429116,330.440217,510.282847,-271.464418,293.338275,517.589351,342.358877,331.022030,506.896968,-262.460204,294.250673,513.420318,330.665797,321.313567,338.275647,-82.507479,307.413816,340.043492,82.650518,310.169546,257.132764,-132.458475,315.031154,261.079860,119.757091,318.650620,162.120481,-168.234939,332.131262,185.793340,191.558666,329.955021,145.545035,-173.398739,341.497025,175.490155,194.342458,282.514408,141.312015,-245.317981,303.825354,171.400964,153.807768,
0.000000,0.000000,0.000000,0.000000,0.000000,0.000000,0.000000,0.000000,0.000000,0.000000,0.000000,0.000000,0.000000,0.000000,0.000000,0.000000,0.000000,0.000000,0.000000,0.000000,0.000000,0.000000,0.000000,0.000000,0.000000,0.000000,0.000000,0.000000,0.000000,0.000000,0.000000,0.000000,0.000000,0.000000,0.000000,0.000000,0.000000,0.000000,0.000000,0.000000,0.000000,0.000000,0.000000,0.000000,0.000000,0.000000,0.000000,0.000000,0.000000,0.000000,0.000000,0.000000,290.346134,482.708072,-136.635822,294.255412,489.817406,-143.407705,296.202629,490.561508,-143.385209,298.651006,491.462590,-143.478050,290.839585,489.083852,-122.291812,290.481400,489.192234,-122.261261,290.080314,489.376802,-122.284395,311.828572,492.992885,-105.018178,299.272881,490.760350,-12.709862,297.652826,476.471576,-125.583566,293.215313,476.447081,-100.119462,337.972750,458.769699,-107.515985,301.503424,461.151488,97.726724,377.504348,465.295535,-216.703642,274.552684,483.868155,242.788266,343.271713,500.638561,-243.067221,286.733098,510.001466,331.356995,335.714324,509.355424,-259.161446,289.802710,520.103291,347.705645,332.163478,510.217388,-245.815909,292.141577,517.910170,341.170865,332.642403,506.729078,-238.019974,292.972154,513.629887,329.212087,321.738106,338.231310,-81.888188,306.527836,339.850987,82.033343,310.408095,257.120301,-135.298394,314.698407,260.944391,116.652900,318.681377,162.127650,-172.282011,332.037343,185.774297,186.946164,329.952969,145.416978,-177.614788,341.416117,175.535178,189.533333,282.555297,141.231264,-250.597784,303.744921,171.152449,147.846915,
0.000000,0.000000,0.000000,0.000000,0.000000,0.000000,0.000000,0.000000,0.000000,0.000000,0.000000,0.000000,0.000000,0.000000,0.000000,0.000000,0.000000,0.000000,0.000000,0.000000,0.000000,0.000000,0.000000,0.000000,0.000000,0.000000,0.000000,0.000000,0.000000,0.000000,0.000000,0.000000,0.000000,0.000000,0.000000,0.000000,0.000000,0.000000,0.000000,0.000000,0.000000,0.000000,0.000000,0.000000,0.000000,0.000000,0.000000,0.000000,0.000000,0.000000,0.000000,0.000000,290.730265,482.771859,-127.254331,294.517310,489.952630,-134.950421,296.509687,490.707411,-134.915550,299.033716,491.599761,-135.018208,290.889201,489.216421,-114.760335,290.609908,489.338385,-114.736470,290.264940,489.525310,-114.749229,312.278709,493.003880,-94.385245,299.308120,490.840955,-3.495467,298.035860,476.651136,-116.747194,293.318090,476.617365,-94.273776,339.086605,458.799242,-97.232395,299.636963,461.256250,105.910900,380.670574,464.191939,-202.244616,268.962622,483.987374,245.966658,345.462122,500.588285,-227.228928,284.134695,510.347965,330.639057,337.861693,509.375545,-242.982276,288.136283,520.683886,345.805874,334.028477,510.145407,-229.678137,290.962562,518.401034,342.609759,334.297254,506.517474,-222.127426,291.565029,513.983925,329.628904,322.316117,338.230316,-81.615478,305.516705,339.700603,81.753206,310.688982,257.107948,-137.721688,314.355027,260.772598,112.986383,318.690170,162.090191,-174.334497,332.086037,185.698523,179.924332,329.937090,145.236443,-179.682557,341.428331,175.523819,182.194243,282.594524,141.168485,-253.941742,303.755522,170.724395,138.451188,
0.000000,0.000000,0.000000,0.000000,0.000000,0.000000,0.000000,0.000000,0.000000,0.000000,0.000000,0.000000,0.000000,0.000000,0.000000,0.000000,0.000000,0.000000,0.000000,0.000000,0.000000,0.000000,0.000000,0.000000,0.000000,0.000000,0.000000,0.000000,0.000000,0.000000,0.000000,0.000000,0.000000,0.000000,0.000000,0.000000,0.000000,0.000000,0.000000,0.000000,0.000000,0.000000,0.000000,0.000000,0.000000,0.000000,0.000000,0.000000,0.000000,0.000000,0.000000,0.000000,291.114397,482.835647,-117.872840,294.779207,490.087853,-126.493136,296.816745,490.853315,-126.445891,299.416426,491.736931,-126.558366,290.938817,489.348989,-107.228857,290.738415,489.484535,-107.211678,290.449566,489.673817,-107.214063,312.728847,493.014875,-83.752312,299.343360,490.921560,5.718927,298.418895,476.830697,-107.910822,293.420867,476.787649,-88.428091,340.200461,458.828784,-86.948805,297.770502,461.361012,114.095075,383.836801,463.088343,-187.785591,263.372560,484.106593,249.145049,347.652531,500.538010,-211.390636,281.536291,510.694464,329.921118,340.009061,509.395667,-226.803106,286.469856,521.264480,343.906102,335.893475,510.073425,-213.540365,289.783548,518.891898,344.048654,335.952104,506.305869,-206.234879,290.157903,514.337962,330.045720,322.894128,338.229322,-81.342767,304.505574,339.550220,81.473069,310.969870,257.095594,-140.144981,314.011648,260.600805,109.319866,318.698964,162.052733,-176.386983,332.134732,185.622749,172.902501,329.921211,145.055909,-181.750326,341.440546,175.512459,174.855153,282.633752,141.105706,-257.285699,303.766122,170.296342,129.055461,
0.000000,0.000000,0.000000,0.000000,0.000000,0.000000,0.000000,0.000000,0.000000,0.000000,0.000000,0.000000,0.000000,0.000000,0.000000,0.000000,0.000000,0.000000,0.000000,0.000000,0.000000,0.000000,0.000000,0.000000,0.000000,0.000000,0.000000,0.000000,0.000000,0.000000,0.000000,0.000000,0.000000,0.000000,0.000000,0.000000,0.000000,0.000000,0.000000,0.000000,0.000000,0.000000,0.000000,0.000000,0.000000,0.000000,0.000000,0.000000,0.000000,0.000000,0.000000,0.000000,291.498528,482.899435,-108.491348,295.041105,490.223077,-118.035852,297.123803,490.999218,-117.976232,299.799135,491.874101,-118.098524,290.988433,489.481558,-99.697380,290.866922,489.630686,-99.686887,290.634192,489.822325,-99.678897,313.178984,493.025869,-73.119379,299.378599,491.002165,14.933322,298.801929,477.010257,-99.074450,293.523644,476.957932,-82.582406,341.314317,458.858327,-76.665215,295.904040,461.465774,122.279250,387.003028,461.984747,-173.326565,257.782499,484.225812,252.323440,349.842940,500.487734,-195.552343,278.937888,511.040963,329.203180,342.156430,509.415789,-210.623936,284.803429,521.845075,342.006331,337.758474,510.001444,-197.402594,288.604533,519.382761,345.487549,337.606955,506.094265,-190.342332,288.750778,514.692000,330.462537,323.472138,338.228327,-81.070056,303.494443,339.399836,81.192931,311.250758,257.083241,-142.568275,313.668268,260.429012,105.653349,318.707758,162.015275,-178.439468,332.183426,185.546975,165.880669,329.905332,144.875375,-183.818095,341.452760,175.501100,167.516062,282.672980,141.042927,-260.629657,303.776723,169.868288,119.659734,
0.000000,0.000000,0.000000,0.000000,0.000000,0.000000,0.000000,0.000000,0.000000,0.000000,0.000000,0.000000,0.000000,0.000000,0.000000,0.000000,0.000000,0.000000,0.000000,0.000000,0.000000,0.000000,0.000000,0.000000,0.000000,0.000000,0.000000,0.000000,0.000000,0.000000,0.000000,0.000000,0.000000,0.000000,0.000000,0.000000,0.000000,0.000000,0.000000,0.000000,0.000000,0.000000,0.000000,0.000000,0.000000,0.000000,0.000000,0.000000,0.000000,0.000000,0.000000,0.000000,291.882660,482.963223,-99.109857,295.303003,490.358300,-109.578567,297.430861,491.145121,-109.506572,300.181845,492.011271,-109.638682,291.038049,489.614127,-92.165902,290.995429,489.776836,-92.162096,290.818818,489.970832,-92.143731,313.629121,493.036864,-62.486446,299.413838,491.082770,24.147716,299.184964,477.189817,-90.238079,293.626421,477.128216,-76.736721,342.428172,458.887870,-66.381626,294.037579,461.570535,130.463425,390.169254,460.881151,-158.867540,252.192437,484.345031,255.501832,352.033350,500.437458,-179.714050,276.339484,511.387462,328.485241,344.303799,509.435911,-194.444766,283.137001,522.425669,340.106560,339.623473,509.929462,-181.264822,287.425519,519.873625,346.926444,339.261806,505.882660,-174.449784,287.343653,515.046038,330.879353,324.050149,338.227333,-80.797345,302.483312,339.249452,80.912794,311.531646,257.070888,-144.991568,313.324889,260.257219,101.986832,318.716552,161.977817,-180.491954,332.232121,185.471201,158.858837,329.889453,144.694840,-185.885863,341.464974,175.489740,160.176972,282.712208,140.980148,-263.973614,303.787324,169.440235,110.264007,
0.000000,0.000000,0.000000,0.000000,0.000000,0.000000,0.000000,0.000000,0.000000,0.000000,0.000000,0.000000,0.000000,0.000000,0.000000,0.000000,0.000000,0.000000,0.000000,0.000000,0.000000,0.000000,0.000000,0.000000,0.000000,0.000000,0.000000,0.000000,0.000000,0.000000,0.000000,0.000000,0.000000,0.000000,0.000000,0.000000,0.000000,0.000000,0.000000,0.000000,0.000000,0.000000,0.000000,0.000000,0.000000,0.000000,0.000000,0.000000,0.000000,0.000000,0.000000,0.000000,293.061233,482.972012,-94.777899,296.657666,490.403681,-102.845288,298.959207,491.154889,-102.782439,301.824091,491.981248,-102.905997,291.928057,489.701169,-84.875203,291.589544,489.864257,-84.866988,291.069061,490.058833,-84.861311,314.781847,492.855443,-55.891401,299.405442,491.118693,27.826036,300.231785,477.127127,-84.232740,294.184822,477.182502,-68.844419,343.267941,458.779846,-58.528175,292.591700,461.576181,131.886644,392.754355,460.581910,-148.903601,250.027145,484.240445,249.401754,353.884786,500.332009,-168.068110,275.191473,511.597704,317.169927,346.172892,509.458830,-182.265919,282.423286,522.549493,327.231157,341.376459,509.826776,-168.322925,286.819029,520.087582,336.038634,340.957467,505.706363,-162.501140,286.647040,515.267264,320.168488,324.560396,338.398800,-79.406514,301.453586,339.268134,79.509948,312.135582,257.096774,-141.581898,312.299522,259.841351,93.013614,319.254768,162.877496,-171.626433,331.679281,184.900141,144.603139,330.042707,145.542781,-176.669067,341.102464,174.741737,145.401148,283.400298,141.245222,-258.674632,302.634791,168.231736,93.031537,
0.000000,0.000000,0.000000,0.000000,0.000000,0.000000,0.000000,0.000000,0.000000,0.000000,0.000000,0.000000,0.000000,0.000000,0.000000,0.000000,0.000000,0.000000,0.000000,0.000000,0.000000,0.000000,0.000000,0.000000,0.000000,0.000000,0.000000,0.000000,0.000000,0.000000,0.000000,0.000000,0.000000,0.000000,0.000000,0.000000,0.000000,0.000000,0.000000,0.000000,0.000000,0.000000,0.000000,0.000000,0.000000,0.000000,0.000000,0.000000,0.000000,0.000000,0.000000,0.000000,294.239806,482.980801,-90.445941,298.012330,490.449062,-96.112008,300.487553,491.164657,-96.058306,303.466337,491.951224,-96.173313,292.818064,489.788210,-77.584504,292.183660,489.951678,-77.571881,291.319303,490.146835,-77.578890,315.934573,492.674021,-49.296357,299.397046,491.154616,31.504356,301.278605,477.064436,-78.227401,294.743223,477.236787,-60.952116,344.107710,458.671822,-50.674723,291.145821,461.581826,133.309863,395.339455,460.282670,-138.939661,247.861853,484.135858,243.301675,355.736223,500.226560,-156.422170,274.043461,511.807946,305.854613,348.041986,509.481748,-170.087072,281.709571,522.673316,314.355755,343.129446,509.724089,-155.381029,286.212540,520.301539,325.150823,342.653129,505.530066,-150.552496,285.950428,515.488491,309.457622,325.070643,338.570267,-78.015682,300.423860,339.286815,78.107101,312.739519,257.122660,-138.172228,311.274155,259.425482,84.040396,319.792984,163.777175,-162.760912,331.126442,184.329081,130.347441,330.195961,146.390722,-167.452271,340.739953,173.993734,130.625324,284.088387,141.510297,-253.375650,301.482258,167.023236,75.799067,
0.000000,0.000000,0.000000,0.000000,0.000000,0.000000,0.000000,0.000000,0.000000,0.000000,0.000000,0.000000,0.000000,0.000000,0.000000,0.000000,0.000000,0.000000,0.000000,0.000000,0.000000,0.000000,0.000000,0.000000,0.000000,0.000000,0.000000,0.000000,0.000000,0.000000,0.000000,0.000000,0.000000,0.000000,0.000000,0.000000,0.000000,0.000000,0.000000,0.000000,0.000000,0.000000,0.000000,0.000000,0.000000,0.000000,0.000000,0.000000,0.000000,0.000000,0.000000,0.000000,295.418379,482.989590,-86.113983,299.366993,490.494443,-89.378728,302.015898,491.174425,-89.334172,305.108583,491.921201,-89.440628,293.708072,489.875252,-70.293805,292.777775,490.039099,-70.276773,291.569545,490.234836,-70.296469,317.087300,492.492599,-42.701313,299.388650,491.190539,35.182676,302.325426,477.001745,-72.222063,295.301625,477.291073,-53.059813,344.947480,458.563798,-42.821272,289.699942,461.587472,134.733082,397.924556,459.983429,-128.975722,245.696561,484.031272,237.201597,357.587659,500.121111,-144.776229,272.895450,512.018188,294.539298,349.911079,509.504667,-157.908225,280.995855,522.797140,301.480352,344.882432,509.621403,-142.439133,285.606051,520.515497,314.263013,344.348791,505.353768,-138.603852,285.253816,515.709718,298.746756,325.580890,338.741734,-76.624851,299.394135,339.305496,76.704255,313.343455,257.148546,-134.762558,310.248788,259.009614,75.067177,320.331200,164.676854,-153.895391,330.573602,183.758022,116.091742,330.349215,147.238663,-158.235476,340.377443,173.245731,115.849501,284.776477,141.775372,-248.076668,300.329725,165.814737,58.566597,
0.000000,0.000000,0.000000,0.000000,0.000000,0.000000,0.000000,0.000000,0.000000,0.000000,0.000000,0.000000,0.000000,0.000000,0.000000,0.000000,0.000000,0.000000,0.000000,0.000000,0.000000,0.000000,0.000000,0.000000,0.000000,0.000000,0.000000,0.000000,0.000000,0.000000,0.000000,0.000000,0.000000,0.000000,0.000000,0.000000,0.000000,0.000000,0.000000,0.000000,0.000000,0.000000,0.000000,0.000000,0.000000,0.000000,0.000000,0.000000,0.000000,0.000000,0.000000,0.000000,296.596952,482.998379,-81.782026,300.721657,490.539824,-82.645449,303.544244,491.184193,-82.610039,306.750829,491.891178,-82.707944,294.598080,489.962294,-63.003105,293.371890,490.126520,-62.981666,291.819787,490.322838,-63.014048,318.240026,492.311178,-36.106268,299.380254,491.226462,38.860995,303.372247,476.939054,-66.216724,295.860026,477.345358,-45.167511,345.787249,458.455775,-34.967821,288.254063,461.593117,136.156301,400.509656,459.684189,-119.011783,243.531269,483.926686,231.101519,359.439096,500.015661,-133.130289,271.747438,512.228430,283.223984,351.780173,509.527586,-145.729378,280.282140,522.920963,288.604950,346.635419,509.518716,-129.497237,284.999561,520.729454,303.375203,346.044452,505.177471,-126.655208,284.557204,515.930944,288.035890,326.091138,338.913201,-75.234019,298.364409,339.324178,75.301409,313.947392,257.174432,-131.352888,309.223421,258.593746,66.093959,320.869417,165.576533,-145.029870,330.020763,183.186962,101.836044,330.502469,148.086604,-149.018680,340.014932,172.497727,101.073677,285.464567,142.040446,-242.777686,299.177191,164.606238,41.334127,
0.000000,0.000000,0.000000,0.000000,0.000000,0.000000,0.000000,0.000000,0.000000,0.000000,0.000000,0.000000,0.000000,0.000000,0.000000,0.000000,0.000000,0.000000,0.000000,0.000000,0.000000,0.000000,0.000000,0.000000,0.000000,0.000000,0.000000,0.000000,0.000000,0.000000,0.000000,0.000000,0.000000,0.000000,0.000000,0.000000,0.000000,0.000000,0.000000,0.000000,0.000000,0.000000,0.000000,0.000000,0.000000,0.000000,0.000000,0.000000,0.000000,0.000000,0.000000,0.000000,297.625369,482.955930,-80.312443,301.927620,490.545321,-79.573194,304.869689,491.165118,-79.542554,308.147853,491.835655,-79.633841,295.447582,490.003265,-59.796013,293.999754,490.176125,-59.772818,292.208209,490.378990,-59.807882,319.139155,492.142383,-31.810073,299.350671,491.233035,39.942458,304.334447,476.791034,-63.596202,296.420372,477.292874,-41.592554,346.392239,458.373211,-28.911759,287.109380,461.616998,135.916181,402.236665,459.401653,-111.323316,241.264238,483.855926,224.259735,360.976390,499.844959,-125.897710,270.785055,512.312699,272.543997,353.416018,509.545003,-138.288333,279.665876,522.969822,276.796920,348.209259,509.420463,-121.694471,284.496793,520.782972,292.612052,347.530579,504.976203,-119.325333,283.978050,515.992831,277.662897,326.485151,339.081596,-73.852146,297.742953,339.347462,73.911808,314.376546,257.179880,-129.619431,308.476026,258.320861,62.000406,321.165133,165.983084,-140.679650,329.741265,182.945774,96.512233,330.543266,148.495445,-144.606709,339.890180,172.232208,95.640266,285.916656,142.223372,-241.158814,298.796253,163.836703,34.595151,
0.000000,0.000000,0.000000,0.000000,0.000000,0.000000,0.000000,0.000000,0.000000,0.000000,0.000000,0.000000,0.000000,0.000000,0.000000,0.000000,0.000000,0.000000,0.000000,0.000000,0.000000,0.000000,0.000000,0.000000,0.000000,0.000000,0.000000,0.000000,0.000000,0.000000,0.000000,0.000000,0.000000,0.000000,0.000000,0.000000,0.000000,0.000000,0.000000,0.000000,0.000000,0.000000,0.000000,0.000000,0.000000,0.000000,0.000000,0.000000,0.000000,0.000000,0.000000,0.000000,298.653786,482.913481,-78.842861,303.133583,490.550819,-76.500939,306.195135,491.146044,-76.475070,309.544877,491.780132,-76.559738,296.297085,490.044235,-56.588921,294.627617,490.225729,-56.563970,292.596630,490.435143,-56.601716,320.038285,491.973588,-27.513878,299.321089,491.239607,41.023922,305.296648,476.643015,-60.975681,296.980718,477.240390,-38.017597,346.997230,458.290648,-22.855697,285.964698,461.640878,135.676060,403.963673,459.119117,-103.634849,238.997206,483.785166,217.417951,362.513685,499.674256,-118.665132,269.822673,512.396968,261.864010,355.051863,509.562420,-130.847289,279.049612,523.018681,264.988890,349.783099,509.322209,-113.891706,283.994024,520.836489,281.848901,349.016706,504.774935,-111.995459,283.398895,516.054717,267.289904,326.879165,339.249991,-72.470273,297.121498,339.370746,72.522207,314.805701,257.185328,-127.885974,307.728630,258.047975,57.906854,321.460850,166.389634,-136.329431,329.461766,182.704585,91.188421,330.584063,148.904287,-140.194739,339.765428,171.966688,90.206854,286.368746,142.406297,-239.539943,298.415314,163.067168,27.856175,
0.000000,0.000000,0.000000,0.000000,0.000000,0.000000,0.000000,0.000000,0.000000,0.000000,0.000000,0.000000,0.000000,0.000000,0.000000,0.000000,0.000000,0.000000,0.000000,0.000000,0.000000,0.000000,0.000000,0.000000,0.000000,0.000000,0.000000,0.000000,0.000000,0.000000,0.000000,0.000000,0.000000,0.000000,0.000000,0.000000,0.000000,0.000000,0.000000,0.000000,0.000000,0.000000,0.000000,0.000000,0.000000,0.000000,0.000000,0.000000,0.000000,0.000000,0.000000,0.000000,299.682203,482.871032,-77.373278,304.339546,490.556316,-73.428684,307.520580,491.126970,-73.407585,310.941901,491.724609,-73.485635,297.146588,490.085206,-53.381829,295.255481,490.275334,-53.355122,292.985052,490.491296,-53.395550,320.937414,491.804794,-23.217682,299.291506,491.246180,42.105385,306.258848,476.494995,-58.355159,297.541064,477.187907,-34.442640,347.602220,458.208084,-16.799634,284.820015,461.664758,135.435940,405.690681,458.836581,-95.946382,236.730175,483.714405,210.576167,364.050979,499.503554,-111.432553,268.860290,512.481237,251.184023,356.687708,509.579837,-123.406244,278.433348,523.067541,253.180860,351.356940,509.223956,-106.088941,283.491256,520.890007,271.085750,350.502832,504.573667,-104.665585,282.819741,516.116604,256.916911,327.273178,339.418386,-71.088400,296.500042,339.394030,71.132606,315.234855,257.190776,-126.152517,306.981234,257.775090,53.813301,321.756567,166.796185,-131.979211,329.182268,182.463396,85.864609,330.624861,149.313128,-135.782768,339.640677,171.701168,84.773443,286.820835,142.589223,-237.921072,298.034375,162.297633,21.117199,
0.000000,0.000000,0.000000,0.000000,0.000000,0.000000,0.000000,0.000000,0.000000,0.000000,0.000000,0.000000,0.000000,0.000000,0.000000,0.000000,0.000000,0.000000,0.000000,0.000000,0.000000,0.000000,0.000000,0.000000,0.000000,0.000000,0.000000,0.000000,0.000000,0.000000,0.000000,0.000000,0.000000,0.000000,0.000000,0.000000,0.000000,0.000000,0.000000,0.000000,0.000000,0.000000,0.000000,0.000000,0.000000,0.000000,0.000000,0.000000,0.000000,0.000000,0.000000,0.000000,300.710619,482.828584,-75.903696,305.545509,490.561813,-70.356429,308.846026,491.107895,-70.340100,312.338926,491.669086,-70.411531,297.996090,490.126177,-50.174737,295.883344,490.324938,-50.146274,293.373473,490.547449,-50.189383,321.836543,491.635999,-18.921487,299.261923,491.252752,43.186848,307.221049,476.346975,-55.734637,298.101410,477.135423,-30.867683,348.207211,458.125521,-10.743572,283.675332,461.688639,135.195819,407.417689,458.554046,-88.257915,234.463143,483.643645,203.734383,365.588274,499.332852,-104.199974,267.897907,512.565506,240.504037,358.323552,509.597254,-115.965199,277.817083,523.116400,241.372829,352.930780,509.125703,-98.286175,282.988487,520.943525,260.322598,351.988959,504.372399,-97.335711,282.240587,516.178490,246.543918,327.667192,339.586782,-69.706527,295.878587,339.417314,69.743006,315.664010,257.196224,-124.419059,306.233838,257.502205,49.719748,322.052284,167.202735,-127.628992,328.902770,182.222208,80.540798,330.665658,149.721969,-131.370798,339.515925,171.435649,79.340032,287.272925,142.772148,-236.302201,297.653436,161.528098,14.378223,
0.000000,0.000000,0.000000,0.000000,0.000000,0.000000,0.000000,0.000000,0.000000,0.000000,0.000000,0.000000,0.000000,0.000000,0.000000,0.000000,0.000000,0.000000,0.000000,0.000000,0.000000,0.000000,0.000000,0.000000,0.000000,0.000000,0.000000,0.000000,0.000000,0.000000,0.000000,0.000000,0.000000,0.000000,0.000000,0.000000,0.000000,0.000000,0.000000,0.000000,0.000000,0.000000,0.000000,0.000000,0.000000,0.000000,0.000000,0.000000,0.000000,0.000000,0.000000,0.000000,301.600984,482.742982,-77.254927,306.582352,490.518127,-70.684664,309.951498,491.044856,-70.668996,313.464263,491.570277,-70.737485,298.759691,490.122223,-51.112020,296.504965,490.338579,-51.084511,293.878188,490.574103,-51.118592,322.463444,491.471753,-16.638279,299.216787,491.239798,42.154643,308.077922,476.127418,-56.051807,298.645666,476.992636,-31.621266,348.567529,458.061756,-6.619050,282.891449,461.706222,133.452934,408.314884,458.326241,-85.046523,232.511974,483.556452,196.328909,366.827862,499.080701,-106.369056,267.267572,512.543963,230.128778,359.713300,509.606924,-118.667507,277.390359,523.064129,230.127276,354.280436,509.021152,-100.777278,282.657785,520.855140,249.620560,353.251806,504.141261,-99.577695,281.851241,516.098469,236.355353,327.953617,339.748856,-68.428660,295.606312,339.450234,68.462539,315.927545,257.181127,-124.552036,305.720128,257.360019,50.105989,322.114843,167.075390,-128.194030,328.854704,182.269432,83.473650,330.590256,149.618915,-132.164276,339.595413,171.617112,82.514954,287.464434,142.840709,-238.449273,297.929539,161.131462,17.231090,
0.000000,0.000000,0.000000,0.000000,0.000000,0.000000,0.000000,0.000000,0.000000,0.000000,0.000000,0.000000,0.000000,0.000000,0.000000,0.000000,0.000000,0.000000,0.000000,0.000000,0.000000,0.000000,0.000000,0.000000,0.000000,0.000000,0.000000,0.000000,0.000000,0.000000,0.000000,0.000000,0.000000,0.000000,0.000000,0.000000,0.000000,0.000000,0.000000,0.000000,0.000000,0.000000,0.000000,0.000000,0.000000,0.000000,0.000000,0.000000,0.000000,0.000000,0.000000,0.000000,302.491348,482.657380,-78.606157,307.619196,490.474442,-71.012899,311.056970,490.981818,-70.997892,314.589600,491.471467,-71.063438,299.523291,490.118269,-52.049304,297.126585,490.352220,-52.022748,294.382903,490.600758,-52.047801,323.090344,491.307508,-14.355071,299.171652,491.226844,41.122439,308.934795,475.907862,-56.368978,299.189922,476.849850,-32.374849,348.927848,457.997991,-2.494527,282.107566,461.723805,131.710048,409.212078,458.098436,-81.835130,230.560805,483.469259,188.923435,368.067449,498.828550,-108.538137,266.637237,512.522420,219.753519,361.103048,509.616594,-121.369815,276.963634,523.011858,218.881723,355.630092,508.916602,-103.268381,282.327084,520.766754,238.918521,354.514653,503.910122,-101.819680,281.461895,516.018447,226.166789,328.240043,339.910930,-67.150792,295.334037,339.483154,67.182072,316.191081,257.166029,-124.685013,305.206419,257.217834,50.492229,322.177403,166.948044,-128.759068,328.806638,182.316656,86.406502,330.514853,149.515860,-132.957754,339.674902,171.798576,85.689877,287.655943,142.909269,-240.596345,298.205643,160.734826,20.083957,
0.000000,0.000000,0.000000,0.000000,0.000000,0.000000,0.000000,0.000000,0.000000,0.000000,0.000000,0.000000,0.000000,0.000000,0.000000,0.000000,0.000000,0.000000,0.000000,0.000000,0.000000,0.000000,0.000000,0.000000,0.000000,0.000000,0.000000,0.000000,0.000000,0.000000,0.000000,0.000000,0.000000,0.000000,0.000000,0.000000,0.000000,0.000000,0.000000,0.000000,0.000000,0.000000,0.000000,0.000000,0.000000,0.000000,0.000000,0.000000,0.000000,0.000000,0.000000,0.000000,303.381712,482.571778,-79.957388,308.656039,490.430757,-71.341134,312.162442,490.918779,-71.326787,315.714938,491.372658,-71.389392,300.286891,490.114315,-52.986588,297.748206,490.365861,-52.960986,294.887617,490.627412,-52.977010,323.717244,491.143262,-12.071862,299.126516,491.213890,40.090234,309.791668,475.688305,-56.686148,299.734177,476.707064,-33.128433,349.288167,457.934226,1.629995,281.323682,461.741389,129.967163,410.109273,457.870631,-78.623738,228.609636,483.382066,181.517961,369.307037,498.576399,-110.707218,266.006901,512.500878,209.378261,362.492796,509.626264,-124.072122,276.536909,522.959587,207.636170,356.979748,508.812051,-105.759483,281.996382,520.678369,228.216482,355.777500,503.678984,-104.061664,281.072549,515.938426,215.978224,328.526468,340.073005,-65.872925,295.061763,339.516074,65.901605,316.454616,257.150932,-124.817989,304.692709,257.075649,50.878470,322.239963,166.820699,-129.324106,328.758572,182.363880,89.339354,330.439451,149.412806,-133.751233,339.754390,171.980039,88.864799,287.847452,142.977830,-242.743418,298.481746,160.338191,22.936823,
0.000000,0.000000,0.000000,0.000000,0.000000,0.000000,0.000000,0.000000,0.000000,0.000000,0.000000,0.000000,0.000000,0.000000,0.000000,0.000000,0.000000,0.000000,0.000000,0.000000,0.000000,0.000000,0.000000,0.000000,0.000000,0.000000,0.000000,0.000000,0.000000,0.000000,0.000000,0.000000,0.000000,0.000000,0.000000,0.000000,0.000000,0.000000,0.000000,0.000000,0.000000,0.000000,0.000000,0.000000,0.000000,0.000000,0.000000,0.000000,0.000000,0.000000,0.000000,0.000000,304.272077,482.486176,-81.308619,309.692882,490.387071,-71.669370,313.267915,490.855740,-71.655683,316.840275,491.273849,-71.715345,301.050492,490.110360,-53.923871,298.369826,490.379502,-53.899223,295.392332,490.654067,-53.906218,324.344145,490.979017,-9.788654,299.081380,491.200936,39.058030,310.648542,475.468749,-57.003319,300.278433,476.564278,-33.882016,349.648485,457.870461,5.754518,280.539799,461.758972,128.224277,411.006467,457.642826,-75.412345,226.658467,483.294873,174.112487,370.546624,498.324247,-112.876299,265.376566,512.479335,199.003002,363.882544,509.635934,-126.774430,276.110185,522.907316,196.390618,358.329404,508.707501,-108.250586,281.665680,520.589983,217.514443,357.040347,503.447845,-106.303649,280.683203,515.858404,205.789659,328.812894,340.235079,-64.595057,294.789488,339.548994,64.621138,316.718151,257.135834,-124.950966,304.178999,256.933464,51.264711,322.302522,166.693353,-129.889144,328.710506,182.411104,92.272206,330.364049,149.309751,-134.544711,339.833879,172.161503,92.039721,288.038961,143.046391,-244.890490,298.757849,159.941555,25.789690,
0.000000,0.000000,0.000000,0.000000,0.000000,0.000000,0.000000,0.000000,0.000000,0.000000,0.000000,0.000000,0.000000,0.000000,0.000000,0.000000,0.000000,0.000000,0.000000,0.000000,0.000000,0.000000,0.000000,0.000000,0.000000,0.000000,0.000000,0.000000,0.000000,0.000000,0.000000,0.000000,0.000000,0.000000,0.000000,0.000000,0.000000,0.000000,0.000000,0.000000,0.000000,0.000000,0.000000,0.000000,0.000000,0.000000,0.000000,0.000000,0.000000,0.000000,0.000000,0.000000,304.995339,482.336795,-84.693563,310.528598,490.278262,-74.424092,314.126806,490.734336,-74.407375,317.666859,491.121067,-74.467470,301.701374,490.043544,-58.131771,298.948805,490.339305,-58.110819,295.975795,490.634608,-58.098456,324.687017,490.810660,-8.893239,299.015697,491.163019,37.063408,311.355687,475.177794,-59.339364,300.778150,476.321235,-38.097062,349.781737,457.815294,8.523918,280.127419,461.770342,126.304063,411.184368,457.460772,-75.177132,225.105528,483.192589,169.193011,371.496546,497.996376,-121.734763,265.090834,512.389151,193.492270,365.037647,509.645284,-136.721312,275.887201,522.780056,190.484653,359.456787,508.615729,-118.179998,281.522080,520.376070,211.648191,358.089698,503.187499,-115.387504,280.500441,515.659666,200.375985,328.998144,340.371985,-63.620079,294.837796,339.582261,63.649369,316.809533,257.102638,-127.235263,303.899612,256.910103,56.084370,322.139873,166.018650,-136.124686,328.879457,182.741663,103.256651,330.164302,148.653103,-141.211218,340.112285,172.821909,103.660898,287.962874,142.979091,-250.942627,299.646694,159.961382,38.391219,
0.000000,0.000000,0.000000,0.000000,0.000000,0.000000,0.000000,0.000000,0.000000,0.000000,0.000000,0.000000,0.000000,0.000000,0.000000,0.000000,0.000000,0.000000,0.000000,0.000000,0.000000,0.000000,0.000000,0.000000,0.000000,0.000000,0.000000,0.000000,0.000000,0.000000,0.000000,0.000000,0.000000,0.000000,0.000000,0.000000,0.000000,0.000000,0.000000,0.000000,0.000000,0.000000,0.000000,0.000000,0.000000,0.000000,0.000000,0.000000,0.000000,0.000000,0.000000,0.000000,305.718602,482.187413,-88.078507,311.364315,490.169453,-77.178815,314.985697,490.612932,-77.159066,318.493443,490.968285,-77.219595,302.352257,489.976728,-62.339670,299.527784,490.299108,-62.322416,296.559258,490.615149,-62.290693,325.029890,490.642304,-7.997825,298.950014,491.125102,35.068787,312.062832,474.886839,-61.675409,301.277868,476.078192,-42.312107,349.914988,457.760127,11.293319,279.715040,461.781711,124.383850,411.362268,457.278717,-74.941919,223.552590,483.090305,164.273536,372.446469,497.668505,-130.593227,264.805101,512.298967,187.981538,366.192749,509.654635,-146.668194,275.664218,522.652796,184.578688,360.584170,508.523958,-128.109410,281.378480,520.162157,205.781940,359.139049,502.927153,-124.471359,280.317679,515.460928,194.962310,329.183395,340.508891,-62.645101,294.886104,339.615527,62.677600,316.900914,257.069442,-129.519561,303.620224,256.886743,60.904029,321.977224,165.343946,-142.360229,329.048407,183.072221,114.241096,329.964555,147.996455,-147.877726,340.390691,173.482315,115.282074,287.886787,142.911791,-256.994763,300.535539,159.981210,50.992747,
0.000000,0.000000,0.000000,0.000000,0.000000,0.000000,0.000000,0.000000,0.000000,0.000000,0.000000,0.000000,0.000000,0.000000,0.000000,0.000000,0.000000,0.000000,0.000000,0.000000,0.000000,0.000000,0.000000,0.000000,0.000000,0.000000,0.000000,0.000000,0.000000,0.000000,0.000000,0.000000,0.000000,0.000000,0.000000,0.000000,0.000000,0.000000,0.000000,0.000000,0.000000,0.000000,0.000000,0.000000,0.000000,0.000000,0.000000,0.000000,0.000000,0.000000,0.000000,0.000000,306.441865,482.038031,-91.463451,312.200031,490.060643,-79.933537,315.844588,490.491529,-79.910758,319.320027,490.815503,-79.971720,303.003140,489.909912,-66.547569,300.106764,490.258910,-66.534012,297.142721,490.595691,-66.482930,325.372763,490.473948,-7.102410,298.884331,491.087185,33.074166,312.769978,474.595885,-64.011454,301.777585,475.835149,-46.527153,350.048240,457.704960,14.062720,279.302660,461.793081,122.463636,411.540169,457.096662,-74.706707,221.999652,482.988021,159.354061,373.396391,497.340634,-139.451691,264.519369,512.208783,182.470806,367.347852,509.663985,-156.615076,275.441234,522.525536,178.672723,361.711553,508.432187,-138.038822,281.234880,519.948244,199.915688,360.188400,502.666807,-133.555214,280.134916,515.262191,189.548636,329.368645,340.645798,-61.670122,294.934412,339.648794,61.705831,316.992295,257.036246,-131.803858,303.340837,256.863383,65.723688,321.814574,164.669242,-148.595771,329.217358,183.402780,125.225540,329.764809,147.339807,-154.544234,340.669098,174.142722,126.903250,287.810700,142.844492,-263.046900,301.424384,160.001037,63.594275,
0.000000,0.000000,0.000000,0.000000,0.000000,0.000000,0.000000,0.000000,0.000000,0.000000,0.000000,0.000000,0.000000,0.000000,0.000000,0.000000,0.000000,0.000000,0.000000,0.000000,0.000000,0.000000,0.000000,0.000000,0.000000,0.000000,0.000000,0.000000,0.000000,0.000000,0.000000,0.000000,0.000000,0.000000,0.000000,0.000000,0.000000,0.000000,0.000000,0.000000,0.000000,0.000000,0.000000,0.000000,0.000000,0.000000,0.000000,0.000000,0.000000,0.000000,0.000000,0.000000,307.165128,481.888650,-94.848396,313.035747,489.951834,-82.688259,316.703480,490.370125,-82.662449,320.146611,490.662721,-82.723845,303.654023,489.843096,-70.755469,300.685743,490.218713,-70.745608,297.726184,490.576232,-70.675167,325.715635,490.305592,-6.206995,298.818649,491.049268,31.079544,313.477123,474.304930,-66.347499,302.277303,475.592106,-50.742199,350.181491,457.649793,16.832120,278.890280,461.804450,120.543423,411.718069,456.914608,-74.471494,220.446713,482.885737,154.434586,374.346313,497.012763,-148.310154,264.233637,512.118598,176.960074,368.502954,509.673336,-166.561958,275.218251,522.398275,172.766758,362.838936,508.340416,-147.968234,281.091280,519.734330,194.049436,361.237751,502.406461,-142.639070,279.952154,515.063453,184.134961,329.553896,340.782704,-60.695144,294.982720,339.682060,60.734062,317.083676,257.003050,-134.088156,303.061450,256.840023,70.543348,321.651925,163.994539,-154.831314,329.386309,183.733338,136.209985,329.565062,146.683159,-161.210741,340.947504,174.803128,138.524427,287.734613,142.777192,-269.099036,302.313229,160.020865,76.195803,
0.000000,0.000000,0.000000,0.000000,0.000000,0.000000,0.000000,0.000000,0.000000,0.000000,0.000000,0.000000,0.000000,0.000000,0.000000,0.000000,0.000000,0.000000,0.000000,0.000000,0.000000,0.000000,0.000000,0.000000,0.000000,0.000000,0.000000,0.000000,0.000000,0.000000,0.000000,0.000000,0.000000,0.000000,0.000000,0.000000,0.000000,0.000000,0.000000,0.000000,0.000000,0.000000,0.000000,0.000000,0.000000,0.000000,0.000000,0.000000,0.000000,0.000000,0.000000,0.000000,307.873787,481.895558,-98.733415,313.840257,489.923367,-85.551172,317.408982,490.320432,-85.520014,320.732998,490.583531,-85.578448,304.340924,489.830807,-75.405130,301.283635,490.207357,-75.398279,298.199872,490.558989,-75.330577,326.138322,490.133209,-7.991692,298.814524,490.942679,26.748946,314.043516,474.194316,-68.569952,302.750553,475.486309,-55.532471,350.127626,457.577952,14.762309,278.651964,461.812163,114.412348,411.706171,456.718258,-78.114064,220.041705,482.719413,136.739676,374.646703,496.683331,-153.359921,264.348597,511.899024,149.743318,368.948637,509.532275,-172.231389,275.569951,522.014385,143.686583,363.235098,507.973851,-153.789543,281.427125,519.200786,165.683253,361.650402,501.956653,-147.861700,280.225023,514.402136,156.940194,329.698055,340.899343,-59.605765,294.839823,339.710384,59.640638,317.187770,256.976805,-131.612159,302.999095,256.727667,69.742262,321.560466,163.812908,-148.853128,329.396911,184.099653,132.793722,329.427526,146.497271,-154.758938,341.029978,175.479776,136.305803,287.798872,142.703956,-263.362086,302.703824,160.402478,75.006228,
0.000000,0.000000,0.000000,0.000000,0.000000,0.000000,0.000000,0.000000,0.000000,0.000000,0.000000,0.000000,0.000000,0.000000,0.000000,0.000000,0.000000,0.000000,0.000000,0.000000,0.000000,0.000000,0.000000,0.000000,0.000000,0.000000,0.000000,0.000000,0.000000,0.000000,0.000000,0.000000,0.000000,0.000000,0.000000,0.000000,0.000000,0.000000,0.000000,0.000000,0.000000,0.000000,0.000000,0.000000,0.000000,0.000000,0.000000,0.000000,0.000000,0.000000,0.000000,0.000000,308.582446,481.902466,-102.618434,314.644768,489.894900,-88.414085,318.114485,490.270739,-88.377579,321.319386,490.504342,-88.433052,305.027824,489.818518,-80.054792,301.881527,490.196001,-80.050950,298.673560,490.541746,-79.985987,326.561010,489.960825,-9.776389,298.810399,490.836090,22.418348,314.609909,474.083702,-70.792405,303.223803,475.380512,-60.322744,350.073761,457.506111,12.692497,278.413647,461.819875,108.281273,411.694272,456.521907,-81.756633,219.636696,482.553088,119.044765,374.947093,496.353898,-158.409688,264.463558,511.679449,122.526561,369.394320,509.391213,-177.900820,275.921651,521.630494,114.606407,363.631259,507.607285,-159.610852,281.762970,518.667241,137.317070,362.063054,501.506844,-153.084331,280.497892,513.740820,129.745427,329.842214,341.015982,-58.516386,294.696927,339.738708,58.547213,317.291864,256.950560,-129.136161,302.936740,256.615311,68.941176,321.469007,163.631277,-142.874943,329.407513,184.465968,129.377460,329.289989,146.311382,-148.307136,341.112453,176.156423,134.087179,287.863131,142.630720,-257.625136,303.094420,160.784091,73.816653,
0.000000,0.000000,0.000000,0.000000,0.000000,0.000000,0.000000,0.000000,0.000000,0.000000,0.000000,0.000000,0.000000,0.000000,0.000000,0.000000,0.000000,0.000000,0.000000,0.000000,0.000000,0.000000,0.000000,0.000000,0.000000,0.000000,0.000000,0.000000,0.000000,0.000000,0.000000,0.000000,0.000000,0.000000,0.000000,0.000000,0.000000,0.000000,0.000000,0.000000,0.000000,0.000000,0.000000,0.000000,0.000000,0.000000,0.000000,0.000000,0.000000,0.000000,0.000000,0.000000,309.291106,481.909374,-106.503454,315.449278,489.866432,-91.276998,318.819988,490.221046,-91.235143,321.905774,490.425153,-91.287655,305.714725,489.806228,-84.704454,302.479419,490.184645,-84.703620,299.147248,490.524503,-84.641398,326.983697,489.788442,-11.561087,298.806275,490.729500,18.087750,315.176303,473.973088,-73.014859,303.697054,475.274714,-65.113017,350.019896,457.434270,10.622686,278.175331,461.827587,102.150198,411.682374,456.325557,-85.399203,219.231687,482.386764,101.349854,375.247483,496.024466,-163.459456,264.578518,511.459875,95.309804,369.840003,509.250152,-183.570251,276.273350,521.246603,85.526232,364.027421,507.240720,-165.432161,282.098815,518.133696,108.950887,362.475705,501.057036,-158.306961,280.770761,513.079503,102.550660,329.986373,341.132621,-57.427006,294.554030,339.767032,57.453789,317.395958,256.924315,-126.660164,302.874385,256.502955,68.140090,321.377548,163.449646,-136.896758,329.418115,184.832283,125.961197,329.152453,146.125494,-141.855333,341.194927,176.833071,131.868555,287.927390,142.557483,-251.888187,303.485015,161.165705,72.627077,
0.000000,0.000000,0.000000,0.000000,0.000000,0.000000,0.000000,0.000000,0.000000,0.000000,0.000000,0.000000,0.000000,0.000000,0.000000,0.000000,0.000000,0.000000,0.000000,0.000000,0.000000,0.000000,0.000000,0.000000,0.000000,0.000000,0.000000,0.000000,0.000000,0.000000,0.000000,0.000000,0.000000,0.000000,0.000000,0.000000,0.000000,0.000000,0.000000,0.000000,0.000000,0.000000,0.000000,0.000000,0.000000,0.000000,0.000000,0.000000,0.000000,0.000000,0.000000,0.000000,309.999765,481.916282,-110.388473,316.253788,489.837965,-94.139910,319.525490,490.171353,-94.092708,322.492162,490.345963,-94.142258,306.401626,489.793939,-89.354115,303.077311,490.173288,-89.356291,299.620936,490.507260,-89.296808,327.406384,489.616059,-13.345784,298.802150,490.622911,13.757152,315.742696,473.862473,-75.237312,304.170304,475.168917,-69.903289,349.966031,457.362429,8.552874,277.937015,461.835299,96.019124,411.670476,456.129206,-89.041773,218.826678,482.220439,83.654943,375.547873,495.695033,-168.509223,264.693478,511.240300,68.093047,370.285686,509.109091,-189.239682,276.625050,520.862712,56.446057,364.423583,506.874154,-171.253470,282.434660,517.600152,80.584704,362.888356,500.607228,-163.529591,281.043629,512.418186,75.355893,330.130532,341.249260,-56.337627,294.411134,339.795356,56.360364,317.500052,256.898069,-124.184167,302.812030,256.390599,67.339005,321.286089,163.268016,-130.918573,329.428718,185.198598,122.544934,329.014917,145.939605,-135.403530,341.277401,177.509718,129.649932,287.991649,142.484247,-246.151237,303.875611,161.547318,71.437502,
0.000000,0.000000,0.000000,0.000000,0.000000,0.000000,0.000000,0.000000,0.000000,0.000000,0.000000,0.000000,0.000000,0.000000,0.000000,0.000000,0.000000,0.000000,0.000000,0.000000,0.000000,0.000000,0.000000,0.000000,0.000000,0.000000,0.000000,0.000000,0.000000,0.000000,0.000000,0.000000,0.000000,0.000000,0.000000,0.000000,0.000000,0.000000,0.000000,0.000000,0.000000,0.000000,0.000000,0.000000,0.000000,0.000000,0.000000,0.000000,0.000000,0.000000,0.000000,0.000000,310.709528,481.792277,-113.314488,316.933847,489.702223,-96.737308,320.129647,490.013869,-96.686686,323.026543,490.164528,-96.734863,307.097823,489.694492,-92.983367,303.732137,490.079909,-92.987776,300.213392,490.420171,-92.930499,327.779287,489.415336,-14.479486,298.842515,490.521164,9.681616,316.287301,473.683519,-77.411978,304.747977,475.003588,-73.492603,349.858567,457.263519,8.101001,277.788344,461.836095,90.618361,411.316778,455.811254,-90.425357,218.694305,482.060887,68.820100,375.777449,495.300340,-172.195261,264.921731,510.987359,44.972251,370.667403,508.852636,-193.384813,276.914122,520.474790,31.873456,364.747136,506.507752,-175.508888,282.681406,517.126288,56.464680,363.180212,500.213367,-167.361153,281.274576,511.876181,52.218040,330.226642,341.363368,-55.194781,294.333406,339.824510,55.216964,317.610775,256.877632,-122.792907,302.790181,256.305545,66.368264,321.176341,163.206101,-127.760679,329.454430,185.530826,122.836060,328.869028,145.884930,-132.189655,341.335430,177.926120,130.412309,288.041197,142.457859,-243.962374,304.167208,161.888636,71.697516,
0.000000,0.000000,0.000000,0.000000,0.000000,0.000000,0.000000,0.000000,0.000000,0.000000,0.000000,0.000000,0.000000,0.000000,0.000000,0.000000,0.000000,0.000000,0.000000,0.000000,0.000000,0.000000,0.000000,0.000000,0.000000,0.000000,0.000000,0.000000,0.000000,0.000000,0.000000,0.000000,0.000000,0.000000,0.000000,0.000000,0.000000,0.000000,0.000000,0.000000,0.000000,0.000000,0.000000,0.000000,0.000000,0.000000,0.000000,0.000000,0.000000,0.000000,0.000000,0.000000,311.419291,481.668272,-116.240503,317.613906,489.566480,-99.334705,320.733804,489.856384,-99.280664,323.560924,489.983092,-99.327468,307.794019,489.595045,-96.612619,304.386962,489.986529,-96.619261,300.805848,490.333082,-96.564190,328.152190,489.214613,-15.613188,298.882880,490.419418,5.606079,316.831907,473.504564,-79.586643,305.325650,474.838258,-77.081917,349.751103,457.164610,7.649127,277.639674,461.836892,85.217599,410.963080,455.493301,-91.808942,218.561932,481.901335,53.985256,376.007025,494.905647,-175.881300,265.149984,510.734418,21.851455,371.049119,508.596181,-197.529943,277.203193,520.086868,7.300854,365.070688,506.141350,-179.764305,282.928151,516.652424,32.344656,363.472068,499.819506,-171.192715,281.505523,511.334176,29.080188,330.322752,341.477477,-54.051935,294.255678,339.853663,54.073565,317.721499,256.857194,-121.401648,302.768331,256.220490,65.397524,321.066594,163.144186,-124.602785,329.480143,185.863055,123.127185,328.723139,145.830255,-128.975779,341.393458,178.342521,131.174686,288.090744,142.431470,-241.773512,304.458806,162.229954,71.957530,
0.000000,0.000000,0.000000,0.000000,0.000000,0.000000,0.000000,0.000000,0.000000,0.000000,0.000000,0.000000,0.000000,0.000000,0.000000,0.000000,0.000000,0.000000,0.000000,0.000000,0.000000,0.000000,0.000000,0.000000,0.000000,0.000000,0.000000,0.000000,0.000000,0.000000,0.000000,0.000000,0.000000,0.000000,0.000000,0.000000,0.000000,0.000000,0.000000,0.000000,0.000000,0.000000,0.000000,0.000000,0.000000,0.000000,0.000000,0.000000,0.000000,0.000000,0.000000,0.000000,312.129054,481.544267,-119.166518,318.293964,489.430738,-101.932103,321.337960,489.698899,-101.874641,324.095305,489.801657,-101.920073,308.490215,489.495598,-100.241870,305.041788,489.893149,-100.250746,301.398303,490.245994,-100.197880,328.525093,489.013891,-16.746890,298.923245,490.317671,1.530543,317.376512,473.325610,-81.761309,305.903323,474.672929,-80.671230,349.643639,457.065700,7.197254,277.491004,461.837688,79.816837,410.609383,455.175348,-93.192526,218.429559,481.741783,39.150412,376.236601,494.510954,-179.567339,265.378236,510.481478,-1.269341,371.430836,508.339726,-201.675073,277.492264,519.698946,-17.271747,365.394241,505.774948,-184.019723,283.174897,516.178560,8.224632,363.763924,499.425645,-175.024277,281.736470,510.792171,5.942335,330.418861,341.591586,-52.909088,294.177950,339.882816,52.930165,317.832222,256.836757,-120.010388,302.746481,256.135436,64.426783,320.956846,163.082271,-121.444891,329.505856,186.195283,123.418311,328.577250,145.775579,-125.761904,341.451487,178.758923,131.937062,288.140292,142.405081,-239.584650,304.750403,162.571272,72.217544,
0.000000,0.000000,0.000000,0.000000,0.000000,0.000000,0.000000,0.000000,0.000000,0.000000,0.000000,0.000000,0.000000,0.000000,0.000000,0.000000,0.000000,0.000000,0.000000,0.000000,0.000000,0.000000,0.000000,0.000000,0.000000,0.000000,0.000000,0.000000,0.000000,0.000000,0.000000,0.000000,0.000000,0.000000,0.000000,0.000000,0.000000,0.000000,0.000000,0.000000,0.000000,0.000000,0.000000,0.000000,0.000000,0.000000,0.000000,0.000000,0.000000,0.000000,0.000000,0.000000,312.838817,481.420262,-122.092533,318.974023,489.294995,-104.529500,321.942117,489.541415,-104.468619,324.629686,489.620221,-104.512679,309.186412,489.396152,-103.871122,305.696614,489.799769,-103.882231,301.990759,490.158905,-103.831571,328.897996,488.813168,-17.880592,298.963611,490.215924,-2.544993,317.921118,473.146655,-83.935974,306.480997,474.507599,-84.260544,349.536174,456.966790,6.745381,277.342333,461.838485,74.416074,410.255685,454.857395,-94.576111,218.297185,481.582231,24.315569,376.466176,494.116261,-183.253377,265.606489,510.228537,-24.390137,371.812552,508.083271,-205.820203,277.781335,519.311024,-41.844348,365.717794,505.408546,-188.275140,283.421642,515.704697,-15.895392,364.055780,499.031784,-178.855838,281.967417,510.250166,-17.195517,330.514971,341.705694,-51.766242,294.100222,339.911970,51.786765,317.942945,256.816319,-118.619129,302.724631,256.050382,63.456042,320.847099,163.020356,-118.286997,329.531568,186.527511,123.709436,328.431360,145.720904,-122.548029,341.509515,179.175324,132.699439,288.189840,142.378693,-237.395788,305.042001,162.912590,72.477557,
0.000000,0.000000,0.000000,0.000000,0.000000,0.000000,0.000000,0.000000,0.000000,0.000000,0.000000,0.000000,0.000000,0.000000,0.000000,0.000000,0.000000,0.000000,0.000000,0.000000,0.000000,0.000000,0.000000,0.000000,0.000000,0.000000,0.000000,0.000000,0.000000,0.000000,0.000000,0.000000,0.000000,0.000000,0.000000,0.000000,0.000000,0.000000,0.000000,0.000000,0.000000,0.000000,0.000000,0.000000,0.000000,0.000000,0.000000,0.000000,0.000000,0.000000,0.000000,0.000000,313.520635,481.144717,-123.272443,319.497622,489.036035,-105.887380,322.418320,489.261738,-105.825426,325.084994,489.325853,-105.869401,309.865089,489.191610,-105.606203,306.371975,489.606491,-105.618804,302.664438,489.985356,-105.571196,329.209316,488.575446,-17.738105,299.043471,490.113584,-5.214218,318.399535,472.899499,-85.144034,307.134645,474.272783,-85.781822,349.392715,456.830611,8.487863,277.294013,461.832450,71.071061,409.670708,454.408860,-92.199815,218.519816,481.430792,15.390481,376.632980,493.662036,-182.863410,265.960589,509.979400,-38.855174,372.141754,507.718849,-205.542255,278.021979,518.945212,-57.132265,365.970650,505.061384,-188.109108,283.594324,515.306890,-30.994581,364.236624,498.694532,-178.566343,282.173217,509.850664,-31.685993,330.569445,341.798425,-50.768812,294.059064,339.932662,50.792954,318.053762,256.804137,-118.597495,302.743922,255.980754,62.269272,320.727011,163.064695,-118.704641,329.557976,186.820574,127.502879,328.268974,145.755744,-123.239662,341.537775,179.363439,136.280738,288.217662,142.377656,-238.894135,305.190300,163.257177,74.343979,
0.000000,0.000000,0.000000,0.000000,0.000000,0.000000,0.000000,0.000000,0.000000,0.000000,0.000000,0.000000,0.000000,0.000000,0.000000,0.000000,0.000000,0.000000,0.000000,0.000000,0.000000,0.000000,0.000000,0.000000,0.000000,0.000000,0.000000,0.000000,0.000000,0.000000,0.000000,0.000000,0.000000,0.000000,0.000000,0.000000,0.000000,0.000000,0.000000,0.000000,0.000000,0.000000,0.000000,0.000000,0.000000,0.000000,0.000000,0.000000,0.000000,0.000000,0.000000,0.000000,314.202452,480.869171,-124.452354,320.021222,488.777076,-107.245259,322.894523,488.982061,-107.182232,325.540301,489.031485,-107.226123,310.543765,488.987068,-107.341285,307.047336,489.413214,-107.355376,303.338116,489.811807,-107.310821,329.520636,488.337724,-17.595617,299.123332,490.011243,-7.883442,318.877952,472.652343,-86.352094,307.788293,474.037966,-87.303099,349.249257,456.694431,10.230346,277.245692,461.826414,67.726048,409.085730,453.960324,-89.823519,218.742447,481.279354,6.465394,376.799784,493.207811,-182.473443,266.314689,509.730264,-53.320211,372.470956,507.354428,-205.264306,278.262624,518.579400,-72.420181,366.223505,504.714222,-187.943075,283.767005,514.909082,-46.093771,364.417468,498.357281,-178.276848,282.379016,509.451162,-46.176469,330.623918,341.891155,-49.771382,294.017906,339.953355,49.799143,318.164580,256.791954,-118.575860,302.763213,255.911126,61.082502,320.606923,163.109034,-119.122285,329.584383,187.113638,131.296321,328.106588,145.790584,-123.931294,341.566035,179.551554,139.862036,288.245484,142.376620,-240.392481,305.338599,163.601764,76.210400,
0.000000,0.000000,0.000000,0.000000,0.000000,0.000000,0.000000,0.000000,0.000000,0.000000,0.000000,0.000000,0.000000,0.000000,0.000000,0.000000,0.000000,0.000000,0.000000,0.000000,0.000000,0.000000,0.000000,0.000000,0.000000,0.000000,0.000000,0.000000,0.000000,0.000000,0.000000,0.000000,0.000000,0.000000,0.000000,0.000000,0.000000,0.000000,0.000000,0.000000,0.000000,0.000000,0.000000,0.000000,0.000000,0.000000,0.000000,0.000000,0.000000,0.000000,0.000000,0.000000,314.884270,480.593626,-125.632265,320.544821,488.518117,-108.603139,323.370725,488.702384,-108.539039,325.995609,488.737117,-108.582846,311.222442,488.782526,-109.076366,307.722697,489.219936,-109.091949,304.011795,489.638258,-109.050446,329.831957,488.100003,-17.453130,299.203193,489.908903,-10.552666,319.356370,472.405186,-87.560155,308.441941,473.803150,-88.824376,349.105798,456.558252,11.972829,277.197371,461.820379,64.381035,408.500753,453.511788,-87.447223,218.965078,481.127916,-2.459693,376.966587,492.753586,-182.083476,266.668789,509.481127,-67.785249,372.800158,506.990006,-204.986358,278.503268,518.213588,-87.708097,366.476361,504.367060,-187.777043,283.939686,514.511275,-61.192960,364.598312,498.020030,-177.987353,282.584816,509.051661,-60.666945,330.678392,341.983886,-48.773952,293.976748,339.974048,48.805332,318.275397,256.779772,-118.554226,302.782504,255.841499,59.895731,320.486835,163.153373,-119.539930,329.610791,187.406701,135.089764,327.944202,145.825424,-124.622927,341.594295,179.739669,143.443334,288.273306,142.375583,-241.890828,305.486898,163.946352,78.076821,
0.000000,0.000000,0.000000,0.000000,0.000000,0.000000,0.000000,0.000000,0.000000,0.000000,0.000000,0.000000,0.000000,0.000000,0.000000,0.000000,0.000000,0.000000,0.000000,0.000000,0.000000,0.000000,0.000000,0.000000,0.000000,0.000000,0.000000,0.000000,0.000000,0.000000,0.000000,0.000000,0.000000,0.000000,0.000000,0.000000,0.000000,0.000000,0.000000,0.000000,0.000000,0.000000,0.000000,0.000000,0.000000,0.000000,0.000000,0.000000,0.000000,0.000000,0.000000,0.000000,315.566088,480.318081,-126.812175,321.068421,488.259157,-109.961018,323.846928,488.422707,-109.895845,326.450917,488.442749,-109.939568,311.901119,488.577984,-110.811448,308.398058,489.026659,-110.828522,304.685474,489.464709,-110.790071,330.143277,487.862281,-17.310643,299.283054,489.806562,-13.221890,319.834787,472.158030,-88.768215,309.095589,473.568333,-90.345654,348.962339,456.422072,13.715311,277.149051,461.814343,61.036022,407.915776,453.063253,-85.070928,219.187709,480.976478,-11.384780,377.133391,492.299361,-181.693509,267.022889,509.231990,-82.250286,373.129360,506.625585,-204.708409,278.743912,517.847776,-102.996014,366.729217,504.019898,-187.611010,284.112368,514.113468,-76.292150,364.779156,497.682779,-177.697858,282.790616,508.652159,-75.157421,330.732866,342.076616,-47.776523,293.935590,339.994741,47.811521,318.386214,256.767589,-118.532592,302.801795,255.771871,58.708961,320.366747,163.197712,-119.957574,329.637198,187.699764,138.883206,327.781815,145.860264,-125.314560,341.622555,179.927783,147.024632,288.301127,142.374547,-243.389175,305.635197,164.290939,79.943242,
0.000000,0.000000,0.000000,0.000000,0.000000,0.000000,0.000000,0.000000,0.000000,0.000000,0.000000,0.000000,0.000000,0.000000,0.000000,0.000000,0.000000,0.000000,0.000000,0.000000,0.000000,0.000000,0.000000,0.000000,0.000000,0.000000,0.000000,0.000000,0.000000,0.000000,0.000000,0.000000,0.000000,0.000000,0.000000,0.000000,0.000000,0.000000,0.000000,0.000000,0.000000,0.000000,0.000000,0.000000,0.000000,0.000000,0.000000,0.000000,0.000000,0.000000,0.000000,0.000000,316.254400,479.916154,-126.074154,321.470963,487.893958,-109.730259,324.238799,488.037785,-109.666100,326.863621,488.053199,-109.710789,312.603007,488.286874,-110.371741,309.138040,488.752336,-110.389110,305.480590,489.224775,-110.354418,330.427340,487.599412,-15.490388,299.429654,489.715813,-13.937049,320.268295,471.870495,-88.685122,309.860567,473.292612,-89.549919,348.788549,456.259158,17.782927,277.223356,461.803586,60.504010,407.082245,452.525516,-78.651599,219.780456,480.843256,-12.805804,377.252831,491.811000,-176.784834,267.470243,509.003640,-85.538793,373.428190,506.165086,-199.547455,278.902515,517.515298,-106.340839,366.953027,503.708842,-182.608131,284.177440,513.804415,-79.719284,364.898189,497.419448,-172.859365,282.939276,508.407381,-78.455447,330.744349,342.143905,-47.125643,293.935882,340.009460,47.168524,318.482973,256.769201,-120.205641,302.857978,255.729878,57.635903,320.249792,163.360715,-124.254241,329.648714,187.965027,146.202944,327.619875,145.988690,-130.152100,341.608771,179.947586,153.595192,288.304225,142.396692,-248.350213,305.603525,164.679721,83.911944,
0.000000,0.000000,0.000000,0.000000,0.000000,0.000000,0.000000,0.000000,0.000000,0.000000,0.000000,0.000000,0.000000,0.000000,0.000000,0.000000,0.000000,0.000000,0.000000,0.000000,0.000000,0.000000,0.000000,0.000000,0.000000,0.000000,0.000000,0.000000,0.000000,0.000000,0.000000,0.000000,0.000000,0.000000,0.000000,0.000000,0.000000,0.000000,0.000000,0.000000,0.000000,0.000000,0.000000,0.000000,0.000000,0.000000,0.000000,0.000000,0.000000,0.000000,0.000000,0.000000,316.942713,479.514227,-125.336134,321.873505,487.528759,-109.499500,324.630670,487.652862,-109.436355,327.276324,487.663648,-109.482010,313.304896,487.995764,-109.932034,309.878023,488.478013,-109.949698,306.275706,488.984842,-109.918765,330.711404,487.336544,-13.670133,299.576253,489.625063,-14.652207,320.701803,471.582959,-88.602030,310.625545,473.016891,-88.754184,348.614759,456.096244,21.850542,277.297660,461.792828,59.971998,406.248714,451.987780,-72.232270,220.373203,480.710034,-14.226827,377.372271,491.322639,-171.876159,267.917597,508.775290,-88.827300,373.727020,505.704587,-194.386502,279.061117,517.182821,-109.685665,367.176837,503.397786,-177.605251,284.242512,513.495362,-83.146418,365.017221,497.156118,-168.020873,283.087936,508.162603,-81.753474,330.755832,342.211194,-46.474763,293.936175,340.024180,46.525527,318.579732,256.770812,-121.878690,302.914161,255.687886,56.562846,320.132837,163.523718,-128.550909,329.660230,188.230289,153.522681,327.457934,146.117116,-134.989640,341.594988,179.967388,160.165751,288.307322,142.418836,-253.311251,305.571852,165.068503,87.880647,
0.000000,0.000000,0.000000,0.000000,0.000000,0.000000,0.000000,0.000000,0.000000,0.000000,0.000000,0.000000,0.000000,0.000000,0.000000,0.000000,0.000000,0.000000,0.000000,0.000000,0.000000,0.000000,0.000000,0.000000,0.000000,0.000000,0.000000,0.000000,0.000000,0.000000,0.000000,0.000000,0.000000,0.000000,0.000000,0.000000,0.000000,0.000000,0.000000,0.000000,0.000000,0.000000,0.000000,0.000000,0.000000,0.000000,0.000000,0.000000,0.000000,0.000000,0.000000,0.000000,317.631026,479.112300,-124.598113,322.276047,487.163559,-109.268741,325.022540,487.267939,-109.206610,327.689028,487.274097,-109.253232,314.006784,487.704654,-109.492328,310.618005,488.203690,-109.510286,307.070822,488.744908,-109.483112,330.995468,487.073676,-11.849879,299.722853,489.534313,-15.367366,321.135311,471.295423,-88.518938,311.390523,472.741170,-87.958450,348.440969,455.933330,25.918157,277.371965,461.782070,59.439986,405.415183,451.450044,-65.812942,220.965950,480.576813,-15.647851,377.491711,490.834278,-166.967484,268.364952,508.546939,-92.115807,374.025850,505.244088,-189.225548,279.219720,516.850343,-113.030491,367.400647,503.086731,-172.602372,284.307583,513.186308,-86.573552,365.136254,496.892787,-163.182380,283.236595,507.917825,-85.051500,330.767316,342.278482,-45.823884,293.936467,340.038899,45.882530,318.676490,256.772423,-123.551739,302.970344,255.645893,55.489788,320.015883,163.686721,-132.847577,329.671745,188.495551,160.842418,327.295994,146.245543,-139.827179,341.581204,179.987190,166.736311,288.310420,142.440981,-258.272289,305.540180,165.457285,91.849349,
0.000000,0.000000,0.000000,0.000000,0.000000,0.000000,0.000000,0.000000,0.000000,0.000000,0.000000,0.000000,0.000000,0.000000,0.000000,0.000000,0.000000,0.000000,0.000000,0.000000,0.000000,0.000000,0.000000,0.000000,0.000000,0.000000,0.000000,0.000000,0.000000,0.000000,0.000000,0.000000,0.000000,0.000000,0.000000,0.000000,0.000000,0.000000,0.000000,0.000000,0.000000,0.000000,0.000000,0.000000,0.000000,0.000000,0.000000,0.000000,0.000000,0.000000,0.000000,0.000000,318.319338,478.710374,-123.860092,322.678589,486.798360,-109.037981,325.414411,486.883016,-108.976865,328.101732,486.884547,-109.024453,314.708673,487.413544,-109.052621,311.357988,487.929367,-109.070874,307.865938,488.504975,-109.047459,331.279531,486.810807,-10.029624,299.869453,489.443564,-16.082524,321.568820,471.007887,-88.435846,312.155500,472.465449,-87.162715,348.267180,455.770416,29.985773,277.446270,461.771313,58.907974,404.581652,450.912308,-59.393613,221.558697,480.443591,-17.068875,377.611151,490.345916,-162.058809,268.812306,508.318589,-95.404315,374.324680,504.783589,-184.064595,279.378322,516.517865,-116.375317,367.624457,502.775675,-167.599492,284.372655,512.877255,-90.000686,365.255287,496.629457,-158.343887,283.385255,507.673047,-88.349526,330.778799,342.345771,-45.173004,293.936760,340.053618,45.239533,318.773249,256.774035,-125.224789,303.026527,255.603900,54.416731,319.898928,163.849724,-137.144244,329.683261,188.760813,168.162155,327.134053,146.373969,-144.664719,341.567420,180.006993,173.306870,288.313518,142.463125,-263.233328,305.508507,165.846067,95.818051,
0.000000,0.000000,0.000000,0.000000,0.000000,0.000000,0.000000,0.000000,0.000000,0.000000,0.000000,0.000000,0.000000,0.000000,0.000000,0.000000,0.000000,0.000000,0.000000,0.000000,0.000000,0.000000,0.000000,0.000000,0.000000,0.000000,0.000000,0.000000,0.000000,0.000000,0.000000,0.000000,0.000000,0.000000,0.000000,0.000000,0.000000,0.000000,0.000000,0.000000,0.000000,0.000000,0.000000,0.000000,0.000000,0.000000,0.000000,0.000000,0.000000,0.000000,0.000000,0.000000,318.633164,478.338244,-122.827874,322.966646,486.435244,-107.048708,325.737865,486.510079,-106.982929,328.390604,486.512287,-107.028569,315.116389,487.111967,-107.584945,311.813384,487.659364,-107.601284,308.341393,488.246441,-107.580213,331.493705,486.488802,-7.061923,300.164690,489.250427,-14.612063,321.807407,470.666350,-85.661857,312.554661,472.132194,-85.833755,348.171303,455.598449,32.819419,277.500064,461.766258,59.713367,403.943124,450.554615,-55.647555,222.182589,480.342545,-19.435683,377.430020,490.028405,-158.083521,269.095053,508.153154,-99.671956,374.378822,504.419150,-179.806973,280.188937,516.340102,-120.706578,367.728485,502.524923,-163.459464,284.918149,512.706661,-94.135067,365.308951,496.403062,-154.403030,283.814272,507.467988,-92.544401,330.847741,342.360339,-44.697130,294.011905,340.021990,44.766908,318.852283,256.785710,-125.588095,303.083929,255.566027,55.955618,319.895934,163.848299,-139.768914,329.784067,188.797485,166.528365,327.134537,146.373886,-147.332378,341.642216,180.178204,171.747087,288.378562,142.463454,-264.519895,305.480778,166.078623,94.831948,
0.000000,0.000000,0.000000,0.000000,0.000000,0.000000,0.000000,0.000000,0.000000,0.000000,0.000000,0.000000,0.000000,0.000000,0.000000,0.000000,0.000000,0.000000,0.000000,0.000000,0.000000,0.000000,0.000000,0.000000,0.000000,0.000000,0.000000,0.000000,0.000000,0.000000,0.000000,0.000000,0.000000,0.000000,0.000000,0.000000,0.000000,0.000000,0.000000,0.000000,0.000000,0.000000,0.000000,0.000000,0.000000,0.000000,0.000000,0.000000,0.000000,0.000000,0.000000,0.000000,318.946989,477.966114,-121.795657,323.254702,486.072127,-105.059435,326.061320,486.137141,-104.988993,328.679477,486.140027,-105.032686,315.524105,486.810390,-106.117269,312.268779,487.389361,-106.131693,308.816848,487.987907,-106.112967,331.707880,486.166797,-4.094222,300.459927,489.057290,-13.141602,322.045994,470.324812,-82.887868,312.953822,471.798940,-84.504795,348.075426,455.426482,35.653066,277.553859,461.761202,60.518761,403.304597,450.196923,-51.901497,222.806480,480.241500,-21.802490,377.248889,489.710893,-154.108234,269.377800,507.987719,-103.939598,374.432965,504.054712,-175.549351,280.999552,516.162339,-125.037839,367.832513,502.274171,-159.319435,285.463643,512.536068,-98.269447,365.362615,496.176666,-150.462173,284.243289,507.262928,-96.739275,330.916683,342.374907,-44.221256,294.087051,339.990362,44.294284,318.931317,256.797386,-125.951402,303.141331,255.528155,57.494505,319.892940,163.846874,-142.393583,329.884873,188.834157,164.894575,327.135020,146.373802,-150.000036,341.717012,180.349416,170.187303,288.443606,142.463783,-265.806462,305.453049,166.311178,93.845845,
0.000000,0.000000,0.000000,0.000000,0.000000,0.000000,0.000000,0.000000,0.000000,0.000000,0.000000,0.000000,0.000000,0.000000,0.000000,0.000000,0.000000,0.000000,0.000000,0.000000,0.000000,0.000000,0.000000,0.000000,0.000000,0.000000,0.000000,0.000000,0.000000,0.000000,0.000000,0.000000,0.000000,0.000000,0.000000,0.000000,0.000000,0.000000,0.000000,0.000000,0.000000,0.000000,0.000000,0.000000,0.000000,0.000000,0.000000,0.000000,0.000000,0.000000,0.000000,0.000000,319.260814,477.593984,-120.763440,323.542758,485.709011,-103.070161,326.384774,485.764203,-102.995058,328.968350,485.767767,-103.036803,315.931820,486.508813,-104.649593,312.724175,487.119358,-104.662103,309.292303,487.729374,-104.645722,331.922054,485.844792,-1.126521,300.755164,488.864153,-11.671141,322.284580,469.983275,-80.113879,313.352982,471.465685,-83.175835,347.979549,455.254516,38.486713,277.607653,461.756147,61.324155,402.666070,449.839231,-48.155439,223.430371,480.140454,-24.169298,377.067757,489.393382,-150.132947,269.660548,507.822284,-108.207239,374.487107,503.690273,-171.291730,281.810166,515.984577,-129.369101,367.936541,502.023419,-155.179406,286.009136,512.365474,-102.403827,365.416279,495.950271,-146.521316,284.672306,507.057869,-100.934150,330.985625,342.389475,-43.745382,294.162196,339.958735,43.821660,319.010351,256.809062,-126.314709,303.198733,255.490282,59.033392,319.889946,163.845449,-145.018252,329.985679,188.870829,163.260785,327.135504,146.373719,-152.667694,341.791808,180.520628,168.627520,288.508650,142.464112,-267.093029,305.425321,166.543733,92.859742,
0.000000,0.000000,0.000000,0.000000,0.000000,0.000000,0.000000,0.000000,0.000000,0.000000,0.000000,0.000000,0.000000,0.000000,0.000000,0.000000,0.000000,0.000000,0.000000,0.000000,0.000000,0.000000,0.000000,0.000000,0.000000,0.000000,0.000000,0.000000,0.000000,0.000000,0.000000,0.000000,0.000000,0.000000,0.000000,0.000000,0.000000,0.000000,0.000000,0.000000,0.000000,0.000000,0.000000,0.000000,0.000000,0.000000,0.000000,0.000000,0.000000,0.000000,0.000000,0.000000,319.574640,477.221854,-119.731223,323.830815,485.345895,-101.080888,326.708229,485.391266,-101.001122,329.257223,485.395507,-101.040919,316.339536,486.207236,-103.181917,313.179571,486.849355,-103.192512,309.767757,487.470840,-103.178476,332.136228,485.522788,1.841180,301.050400,488.671016,-10.200680,322.523167,469.641737,-77.339890,313.752143,471.132430,-81.846876,347.883672,455.082549,41.320359,277.661448,461.751092,62.129549,402.027543,449.481539,-44.409381,224.054262,480.039409,-26.536105,376.886626,489.075870,-146.157659,269.943295,507.656849,-112.474881,374.541250,503.325834,-167.034108,282.620781,515.806814,-133.700362,368.040569,501.772667,-151.039378,286.554630,512.194880,-106.538208,365.469943,495.723875,-142.580458,285.101323,506.852810,-105.129025,331.054567,342.404043,-43.269509,294.237342,339.927107,43.349035,319.089385,256.820738,-126.678016,303.256135,255.452409,60.572279,319.886952,163.844025,-147.642921,330.086484,188.907501,161.626995,327.135987,146.373635,-155.335352,341.866604,180.691840,167.067736,288.573694,142.464441,-268.379596,305.397592,166.776289,91.873639,
0.000000,0.000000,0.000000,0.000000,0.000000,0.000000,0.000000,0.000000,0.000000,0.000000,0.000000,0.000000,0.000000,0.000000,0.000000,0.000000,0.000000,0.000000,0.000000,0.000000,0.000000,0.000000,0.000000,0.000000,0.000000,0.000000,0.000000,0.000000,0.000000,0.000000,0.000000,0.000000,0.000000,0.000000,0.000000,0.000000,0.000000,0.000000,0.000000,0.000000,0.000000,0.000000,0.000000,0.000000,0.000000,0.000000,0.000000,0.000000,0.000000,0.000000,0.000000,0.000000,319.816752,476.866497,-118.689482,324.070629,485.025338,-99.638424,326.933407,485.060329,-99.556304,329.464753,485.063748,-99.595294,316.639761,485.926911,-102.220625,313.513861,486.591151,-102.231695,310.124959,487.229302,-102.219571,332.261209,485.232888,3.772691,301.329877,488.490508,-9.527839,322.703163,469.316723,-75.453680,314.030495,470.828697,-80.878200,347.817442,454.912185,43.406804,277.714971,461.763275,62.336377,401.599658,449.092538,-41.434026,224.556451,479.962173,-28.265383,376.712372,488.739865,-142.858887,270.490307,507.487343,-115.160413,374.519622,502.998886,-163.545879,283.428823,515.614978,-136.424762,368.029784,501.515149,-147.631781,287.175025,511.963962,-109.191652,365.401359,495.469554,-139.303949,285.619009,506.624559,-107.790056,331.091648,342.446638,-42.749861,294.282300,339.906268,42.832343,319.155981,256.850411,-127.006877,303.309046,255.426617,61.418872,319.879062,163.827490,-149.321359,330.176028,188.986519,160.893584,327.130277,146.368843,-157.072030,341.943525,180.812885,166.314182,288.634886,142.467997,-269.501375,305.430441,166.997198,91.377098,
0.000000,0.000000,0.000000,0.000000,0.000000,0.000000,0.000000,0.000000,0.000000,0.000000,0.000000,0.000000,0.000000,0.000000,0.000000,0.000000,0.000000,0.000000,0.000000,0.000000,0.000000,0.000000,0.000000,0.000000,0.000000,0.000000,0.000000,0.000000,0.000000,0.000000,0.000000,0.000000,0.000000,0.000000,0.000000,0.000000,0.000000,0.000000,0.000000,0.000000,0.000000,0.000000,0.000000,0.000000,0.000000,0.000000,0.000000,0.000000,0.000000,0.000000,0.000000,0.000000,320.058865,476.511141,-117.647741,324.310442,484.704781,-98.195960,327.158585,484.729392,-98.111487,329.672284,484.731990,-98.149668,316.939986,485.646587,-101.259333,313.848150,486.332948,-101.270879,310.482161,486.987763,-101.260666,332.386189,484.942989,5.704201,301.609353,488.310000,-8.854998,322.883159,468.991708,-73.567470,314.308846,470.524964,-79.909524,347.751212,454.741822,45.493250,277.768493,461.775459,62.543204,401.171774,448.703537,-38.458671,225.058641,479.884936,-29.994662,376.538119,488.403861,-139.560114,271.037320,507.317837,-117.845945,374.497994,502.671938,-160.057649,284.236866,515.423142,-139.149161,368.018998,501.257631,-144.224185,287.795420,511.733044,-111.845097,365.332776,495.215232,-136.027439,286.136696,506.396308,-110.451088,331.128729,342.489232,-42.230214,294.327257,339.885429,42.315651,319.222578,256.880085,-127.335738,303.361957,255.400825,62.265465,319.871172,163.810956,-150.999797,330.265572,189.065538,160.160173,327.124567,146.364051,-158.808708,342.020446,180.933930,165.560628,288.696078,142.471554,-270.623155,305.463291,167.218107,90.880557,
0.000000,0.000000,0.000000,0.000000,0.000000,0.000000,0.000000,0.000000,0.000000,0.000000,0.000000,0.000000,0.000000,0.000000,0.000000,0.000000,0.000000,0.000000,0.000000,0.000000,0.000000,0.000000,0.000000,0.000000,0.000000,0.000000,0.000000,0.000000,0.000000,0.000000,0.000000,0.000000,0.000000,0.000000,0.000000,0.000000,0.000000,0.000000,0.000000,0.000000,0.000000,0.000000,0.000000,0.000000,0.000000,0.000000,0.000000,0.000000,0.000000,0.000000,0.000000,0.000000,320.300977,476.155784,-116.606000,324.550256,484.384224,-96.753496,327.383762,484.398456,-96.666669,329.879814,484.400232,-96.704043,317.240210,485.366262,-100.298040,314.182439,486.074745,-100.310062,310.839362,486.746224,-100.301761,332.511169,484.653090,7.635712,301.888829,488.129493,-8.182157,323.063154,468.666694,-71.681259,314.587198,470.221231,-78.940849,347.684982,454.571458,47.579695,277.822016,461.787642,62.750032,400.743889,448.314536,-35.483316,225.560830,479.807700,-31.723940,376.363865,488.067856,-136.261341,271.584332,507.148331,-120.531478,374.476366,502.344989,-156.569420,285.044908,515.231306,-141.873561,368.008213,501.000113,-140.816588,288.415814,511.502126,-114.498542,365.264192,494.960911,-132.750930,286.654383,506.168058,-113.112119,331.165810,342.531826,-41.710567,294.372215,339.864591,41.798958,319.289175,256.909758,-127.664599,303.414867,255.375032,63.112058,319.863282,163.794421,-152.678235,330.355116,189.144556,159.426761,327.118857,146.359258,-160.545385,342.097366,181.054975,164.807075,288.757270,142.475110,-271.744934,305.496141,167.439016,90.384016,
0.000000,0.000000,0.000000,0.000000,0.000000,0.000000,0.000000,0.000000,0.000000,0.000000,0.000000,0.000000,0.000000,0.000000,0.000000,0.000000,0.000000,0.000000,0.000000,0.000000,0.000000,0.000000,0.000000,0.000000,0.000000,0.000000,0.000000,0.000000,0.000000,0.000000,0.000000,0.000000,0.000000,0.000000,0.000000,0.000000,0.000000,0.000000,0.000000,0.000000,0.000000,0.000000,0.000000,0.000000,0.000000,0.000000,0.000000,0.000000,0.000000,0.000000,0.000000,0.000000,320.543090,475.800428,-115.564259,324.790070,484.063667,-95.311032,327.608940,484.067519,-95.221852,330.087345,484.068474,-95.258417,317.540435,485.085937,-99.336748,314.516728,485.816541,-99.349245,311.196564,486.504685,-99.342856,332.636150,484.363191,9.567222,302.168306,487.948985,-7.509316,323.243150,468.341680,-69.795049,314.865550,469.917498,-77.972173,347.618753,454.401095,49.666140,277.875539,461.799826,62.956860,400.316004,447.925535,-32.507961,226.063019,479.730464,-33.453218,376.189611,487.731851,-132.962568,272.131345,506.978825,-123.217010,374.454738,502.018041,-153.081190,285.852951,515.039470,-144.597961,367.997428,500.742595,-137.408992,289.036209,511.271208,-117.151986,365.195609,494.706589,-129.474420,287.172070,505.939807,-115.773151,331.202891,342.574421,-41.190919,294.417173,339.843752,41.282266,319.355772,256.939431,-127.993460,303.467778,255.349240,63.958651,319.855393,163.777887,-154.356673,330.444660,189.223574,158.693350,327.113146,146.354466,-162.282063,342.174287,181.176020,164.053521,288.818462,142.478667,-272.866713,305.528990,167.659925,89.887474,
0.000000,0.000000,0.000000,0.000000,0.000000,0.000000,0.000000,0.000000,0.000000,0.000000,0.000000,0.000000,0.000000,0.000000,0.000000,0.000000,0.000000,0.000000,0.000000,0.000000,0.000000,0.000000,0.000000,0.000000,0.000000,0.000000,0.000000,0.000000,0.000000,0.000000,0.000000,0.000000,0.000000,0.000000,0.000000,0.000000,0.000000,0.000000,0.000000,0.000000,0.000000,0.000000,0.000000,0.000000,0.000000,0.000000,0.000000,0.000000,0.000000,0.000000,0.000000,0.000000,320.747930,475.487003,-114.341167,325.017044,483.802647,-94.066256,327.779463,483.795529,-93.976772,330.250002,483.794967,-94.013431,317.773900,484.845392,-98.601222,314.773996,485.588990,-98.616129,311.475726,486.300218,-98.611080,332.706262,484.117250,10.864120,302.459265,487.793292,-7.086342,323.385834,468.061011,-68.472070,315.058447,469.671869,-77.114806,347.587834,454.242870,51.136160,277.951065,461.831358,63.322373,400.081488,447.546608,-30.020156,226.458619,479.687139,-32.950660,376.037643,487.402748,-129.897608,272.910029,506.822229,-121.799662,374.379482,501.740472,-149.902426,286.624806,514.844786,-143.057093,367.913481,500.495178,-134.318430,289.697960,510.992662,-115.673274,365.053978,494.441652,-126.434318,287.746434,505.700585,-114.355266,331.206757,342.640977,-40.828632,294.436824,339.836189,40.922730,319.395778,256.992640,-128.612934,303.511950,255.347736,64.442693,319.856081,163.758654,-155.392366,330.507355,189.356302,158.884295,327.118185,146.349036,-163.328159,342.241057,181.306873,164.276537,288.872804,142.483279,-273.599188,305.585745,167.910112,90.376369,
0.000000,0.000000,0.000000,0.000000,0.000000,0.000000,0.000000,0.000000,0.000000,0.000000,0.000000,0.000000,0.000000,0.000000,0.000000,0.000000,0.000000,0.000000,0.000000,0.000000,0.000000,0.000000,0.000000,0.000000,0.000000,0.000000,0.000000,0.000000,0.000000,0.000000,0.000000,0.000000,0.000000,0.000000,0.000000,0.000000,0.000000,0.000000,0.000000,0.000000,0.000000,0.000000,0.000000,0.000000,0.000000,0.000000,0.000000,0.000000,0.000000,0.000000,0.000000,0.000000,320.952771,475.173579,-113.118075,325.244017,483.541627,-92.821481,327.949986,483.523540,-92.731693,330.412659,483.521460,-92.768446,318.007365,484.604847,-97.865695,315.031265,485.361439,-97.883013,311.754889,486.095750,-97.879304,332.776375,483.871309,12.161019,302.750224,487.637599,-6.663368,323.528518,467.780341,-67.149091,315.251344,469.426239,-76.257439,347.556914,454.084644,52.606181,278.026592,461.862890,63.687886,399.846971,447.167681,-27.532351,226.854219,479.643814,-32.448102,375.885676,487.073646,-126.832647,273.688714,506.665633,-120.382314,374.304226,501.462903,-146.723663,287.396662,514.650101,-141.516226,367.829534,500.247760,-131.227869,290.359711,510.714116,-114.194562,364.912347,494.176715,-123.394216,288.320797,505.461363,-112.937381,331.210622,342.707534,-40.466345,294.456475,339.828627,40.563194,319.435785,257.045850,-129.232407,303.556121,255.346232,64.926735,319.856770,163.739420,-156.428058,330.570050,189.489031,159.075240,327.123224,146.343606,-164.374256,342.307826,181.437726,164.499553,288.927146,142.487892,-274.331662,305.642500,168.160300,90.865263,
0.000000,0.000000,0.000000,0.000000,0.000000,0.000000,0.000000,0.000000,0.000000,0.000000,0.000000,0.000000,0.000000,0.000000,0.000000,0.000000,0.000000,0.000000,0.000000,0.000000,0.000000,0.000000,0.000000,0.000000,0.000000,0.000000,0.000000,0.000000,0.000000,0.000000,0.000000,0.000000,0.000000,0.000000,0.000000,0.000000,0.000000,0.000000,0.000000,0.000000,0.000000,0.000000,0.000000,0.000000,0.000000,0.000000,0.000000,0.000000,0.000000,0.000000,0.000000,0.000000,321.157611,474.860154,-111.894982,325.470991,483.280607,-91.576705,328.120508,483.251550,-91.486613,330.575317,483.247953,-91.523460,318.240829,484.364302,-97.130169,315.288533,485.133888,-97.149898,312.034051,485.891283,-97.147528,332.846488,483.625368,13.457917,303.041183,487.481905,-6.240394,323.671201,467.499672,-65.826113,315.444241,469.180610,-75.400072,347.525995,453.926419,54.076201,278.102119,461.894422,64.053399,399.612455,446.788753,-25.044546,227.249819,479.600490,-31.945543,375.733708,486.744543,-123.767687,274.467398,506.509038,-118.964966,374.228971,501.185334,-143.544899,288.168517,514.455417,-139.975358,367.745586,500.000343,-128.137307,291.021461,510.435570,-112.715850,364.770716,493.911778,-120.354114,288.895161,505.222141,-111.519497,331.214488,342.774090,-40.104057,294.476125,339.821064,40.203659,319.475792,257.099059,-129.851881,303.600292,255.344728,65.410777,319.857458,163.720187,-157.463750,330.632745,189.621759,159.266185,327.128263,146.338176,-165.420352,342.374595,181.568579,164.722570,288.981488,142.492504,-275.064137,305.699254,168.410488,91.354157,
0.000000,0.000000,0.000000,0.000000,0.000000,0.000000,0.000000,0.000000,0.000000,0.000000,0.000000,0.000000,0.000000,0.000000,0.000000,0.000000,0.000000,0.000000,0.000000,0.000000,0.000000,0.000000,0.000000,0.000000,0.000000,0.000000,0.000000,0.000000,0.000000,0.000000,0.000000,0.000000,0.000000,0.000000,0.000000,0.000000,0.000000,0.000000,0.000000,0.000000,0.000000,0.000000,0.000000,0.000000,0.000000,0.000000,0.000000,0.000000,0.000000,0.000000,0.000000,0.000000,321.362451,474.546730,-110.671890,325.697964,483.019587,-90.331929,328.291031,482.979561,-90.241534,330.737974,482.974446,-90.278474,318.474294,484.123756,-96.394642,315.545802,484.906337,-96.416782,312.313213,485.686815,-96.415752,332.916601,483.379428,14.754815,303.332143,487.326212,-5.817420,323.813885,467.219003,-64.503134,315.637137,468.934980,-74.542705,347.495076,453.768193,55.546221,278.177645,461.925955,64.418912,399.377939,446.409826,-22.556741,227.645418,479.557165,-31.442985,375.581740,486.415441,-120.702726,275.246083,506.352442,-117.547618,374.153715,500.907765,-140.366136,288.940372,514.260733,-138.434491,367.661639,499.752925,-125.046746,291.683212,510.157024,-111.237138,364.629085,493.646841,-117.314011,289.469524,504.982920,-110.101612,331.218354,342.840647,-39.741770,294.495776,339.813501,39.844123,319.515799,257.152268,-130.471355,303.644463,255.343224,65.894819,319.858147,163.700953,-158.499443,330.695440,189.754487,159.457130,327.133302,146.332746,-166.466448,342.441365,181.699432,164.945586,289.035829,142.497117,-275.796611,305.756009,168.660676,91.843051,
0.000000,0.000000,0.000000,0.000000,0.000000,0.000000,0.000000,0.000000,0.000000,0.000000,0.000000,0.000000,0.000000,0.000000,0.000000,0.000000,0.000000,0.000000,0.000000,0.000000,0.000000,0.000000,0.000000,0.000000,0.000000,0.000000,0.000000,0.000000,0.000000,0.000000,0.000000,0.000000,0.000000,0.000000,0.000000,0.000000,0.000000,0.000000,0.000000,0.000000,0.000000,0.000000,0.000000,0.000000,0.000000,0.000000,0.000000,0.000000,0.000000,0.000000,0.000000,0.000000,321.528411,474.301790,-109.331022,325.902652,482.825051,-89.333738,328.404865,482.775109,-89.245103,330.850591,482.766963,-89.283039,318.638345,483.935199,-95.887683,315.723695,484.726721,-95.913886,312.510598,485.537113,-95.913438,332.939818,483.186854,15.374649,303.629188,487.209495,-5.684710,323.919907,467.010305,-63.796910,315.749548,468.767676,-73.825879,347.499515,453.639480,56.351456,278.271553,461.978391,64.829261,399.344184,446.052067,-20.698697,227.931751,479.552715,-28.877440,375.451804,486.113762,-117.887008,276.231444,506.216521,-112.107483,374.023934,500.688211,-137.457647,289.652353,514.076922,-132.672773,367.507378,499.525143,-122.235548,292.364404,509.852343,-105.706190,364.428877,493.385168,-114.521771,290.084277,504.736886,-104.702024,331.188986,342.938315,-39.490027,294.484437,339.822458,39.594701,319.528219,257.234343,-131.235765,303.677864,255.369066,65.685158,319.863736,163.677985,-158.383043,330.713437,189.928606,159.099106,327.143571,146.323849,-166.280232,342.489306,181.831373,164.588481,289.077587,142.500137,-275.389551,305.815753,168.917809,91.688653,
0.000000,0.000000,0.000000,0.000000,0.000000,0.000000,0.000000,0.000000,0.000000,0.000000,0.000000,0.000000,0.000000,0.000000,0.000000,0.000000,0.000000,0.000000,0.000000,0.000000,0.000000,0.000000,0.000000,0.000000,0.000000,0.000000,0.000000,0.000000,0.000000,0.000000,0.000000,0.000000,0.000000,0.000000,0.000000,0.000000,0.000000,0.000000,0.000000,0.000000,0.000000,0.000000,0.000000,0.000000,0.000000,0.000000,0.000000,0.000000,0.000000,0.000000,0.000000,0.000000,321.694371,474.056850,-107.990153,326.107341,482.630515,-88.335546,328.518700,482.570658,-88.248672,330.963208,482.559481,-88.287604,318.802396,483.746641,-95.380724,315.901589,484.547105,-95.410990,312.707983,485.387410,-95.411125,332.963036,482.994280,15.994484,303.926233,487.092778,-5.552000,324.025930,466.801606,-63.090686,315.861959,468.600371,-73.109053,347.503954,453.510767,57.156691,278.365461,462.030827,65.239610,399.310429,445.694308,-18.840653,228.218084,479.548265,-26.311894,375.321868,485.812083,-115.071290,277.216805,506.080600,-106.667349,373.894154,500.468657,-134.549159,290.364334,513.893112,-126.911054,367.353117,499.297360,-119.424350,293.045595,509.547662,-100.175242,364.228669,493.123494,-111.729530,290.699030,504.490853,-99.302435,331.159619,343.035984,-39.238284,294.473099,339.831414,39.345278,319.540638,257.316418,-132.000175,303.711264,255.394908,65.475497,319.869326,163.655016,-158.266644,330.731434,190.102724,158.741082,327.153839,146.314953,-166.094015,342.537246,181.963315,164.231376,289.119345,142.503157,-274.982492,305.875496,169.174943,91.534255,
0.000000,0.000000,0.000000,0.000000,0.000000,0.000000,0.000000,0.000000,0.000000,0.000000,0.000000,0.000000,0.000000,0.000000,0.000000,0.000000,0.000000,0.000000,0.000000,0.000000,0.000000,0.000000,0.000000,0.000000,0.000000,0.000000,0.000000,0.000000,0.000000,0.000000,0.000000,0.000000,0.000000,0.000000,0.000000,0.000000,0.000000,0.000000,0.000000,0.000000,0.000000,0.000000,0.000000,0.000000,0.000000,0.000000,0.000000,0.000000,0.000000,0.000000,0.000000,0.000000,321.860330,473.811909,-106.649285,326.312029,482.435979,-87.337354,328.632534,482.366207,-87.252241,331.075826,482.351998,-87.292169,318.966446,483.558084,-94.873765,316.079483,484.367488,-94.908094,312.905368,485.237708,-94.908811,332.986253,482.801706,16.614318,304.223279,486.976061,-5.419289,324.131952,466.592907,-62.384462,315.974369,468.433066,-72.392227,347.508394,453.382053,57.961926,278.459369,462.083264,65.649959,399.276675,445.336549,-16.982609,228.504416,479.543815,-23.746349,375.191931,485.510403,-112.255573,278.202166,505.944679,-101.227214,373.764374,500.249103,-131.640670,291.076314,513.709301,-121.149336,367.198855,499.069577,-116.613153,293.726787,509.242980,-94.644294,364.028461,492.861820,-108.937289,291.313782,504.244820,-93.902846,331.130251,343.133652,-38.986541,294.461760,339.840370,39.095855,319.553058,257.398494,-132.764585,303.744664,255.420751,65.265836,319.874915,163.632048,-158.150244,330.749431,190.276843,158.383058,327.164108,146.306056,-165.907798,342.585187,182.095257,163.874271,289.161103,142.506177,-274.575432,305.935240,169.432076,91.379857,
0.000000,0.000000,0.000000,0.000000,0.000000,0.000000,0.000000,0.000000,0.000000,0.000000,0.000000,0.000000,0.000000,0.000000,0.000000,0.000000,0.000000,0.000000,0.000000,0.000000,0.000000,0.000000,0.000000,0.000000,0.000000,0.000000,0.000000,0.000000,0.000000,0.000000,0.000000,0.000000,0.000000,0.000000,0.000000,0.000000,0.000000,0.000000,0.000000,0.000000,0.000000,0.000000,0.000000,0.000000,0.000000,0.000000,0.000000,0.000000,0.000000,0.000000,0.000000,0.000000,322.026290,473.566969,-105.308417,326.516718,482.241443,-86.339162,328.746369,482.161755,-86.255810,331.188443,482.144515,-86.296734,319.130497,483.369526,-94.366807,316.257377,484.187872,-94.405198,313.102752,485.088005,-94.406497,333.009471,482.609132,17.234152,304.520324,486.859344,-5.286579,324.237974,466.384209,-61.678238,316.086780,468.265761,-71.675401,347.512833,453.253340,58.767161,278.553277,462.135700,66.060308,399.242920,444.978790,-15.124566,228.790749,479.539364,-21.180803,375.061995,485.208724,-109.439855,279.187527,505.808758,-95.787080,373.634593,500.029548,-128.732182,291.788295,513.525491,-115.387618,367.044594,498.841794,-113.801955,294.407978,508.938299,-89.113346,363.828253,492.600147,-106.145048,291.928535,503.998786,-88.503257,331.100883,343.231320,-38.734798,294.450422,339.849327,38.846433,319.565477,257.480569,-133.528995,303.778065,255.446593,65.056175,319.880504,163.609079,-158.033844,330.767428,190.450961,158.025034,327.174376,146.297159,-165.721582,342.633128,182.227199,163.517166,289.202861,142.509197,-274.168372,305.994984,169.689210,91.225458,
0.000000,0.000000,0.000000,0.000000,0.000000,0.000000,0.000000,0.000000,0.000000,0.000000,0.000000,0.000000,0.000000,0.000000,0.000000,0.000000,0.000000,0.000000,0.000000,0.000000,0.000000,0.000000,0.000000,0.000000,0.000000,0.000000,0.000000,0.000000,0.000000,0.000000,0.000000,0.000000,0.000000,0.000000,0.000000,0.000000,0.000000,0.000000,0.000000,0.000000,0.000000,0.000000,0.000000,0.000000,0.000000,0.000000,0.000000,0.000000,0.000000,0.000000,0.000000,0.000000,321.977521,473.500913,-104.909834,326.489445,482.106930,-86.122065,328.730286,482.029554,-86.040418,331.165926,482.009049,-86.081942,319.076350,483.284184,-93.886672,316.186894,484.117608,-93.923328,313.047508,485.020032,-93.924397,333.010921,482.508698,16.608341,304.578701,486.790559,-4.818333,324.218743,466.322098,-61.546596,316.043660,468.195652,-71.168296,347.466526,453.176390,58.259844,278.570204,462.142953,66.415059,399.039023,444.820788,-15.980537,228.923713,479.534407,-18.319678,375.057626,485.078973,-110.656086,279.358646,505.739225,-90.385788,373.640700,499.875054,-129.947676,291.956330,513.443152,-109.561144,367.017438,498.717500,-115.002533,294.580650,508.875651,-83.423763,363.821896,492.520026,-107.366641,292.111562,503.908361,-83.101532,331.088984,343.245050,-38.659536,294.440893,339.847682,38.771247,319.601236,257.509693,-132.199896,303.796614,255.437368,64.923267,319.840367,163.665576,-156.545069,330.781121,190.440876,157.558155,327.112479,146.342014,-164.197419,342.639146,182.311732,163.039029,289.250178,142.549550,-272.630388,305.976288,169.739298,90.832031,
0.000000,0.000000,0.000000,0.000000,0.000000,0.000000,0.000000,0.000000,0.000000,0.000000,0.000000,0.000000,0.000000,0.000000,0.000000,0.000000,0.000000,0.000000,0.000000,0.000000,0.000000,0.000000,0.000000,0.000000,0.000000,0.000000,0.000000,0.000000,0.000000,0.000000,0.000000,0.000000,0.000000,0.000000,0.000000,0.000000,0.000000,0.000000,0.000000,0.000000,0.000000,0.000000,0.000000,0.000000,0.000000,0.000000,0.000000,0.000000,0.000000,0.000000,0.000000,0.000000,321.928751,473.434857,-104.511252,326.462171,481.972418,-85.904968,328.714203,481.897352,-85.825026,331.143409,481.873583,-85.867150,319.022203,483.198841,-93.406538,316.116411,484.047345,-93.441458,312.992264,484.952059,-93.442297,333.012372,482.408264,15.982530,304.637078,486.721774,-4.350087,324.199512,466.259987,-61.414955,316.000541,468.125543,-70.661191,347.420219,453.099440,57.752526,278.587131,462.150206,66.769810,398.835127,444.662785,-16.836508,229.056677,479.529451,-15.458554,375.053257,484.949222,-111.872317,279.529766,505.669692,-84.984497,373.646806,499.720559,-131.163171,292.124366,513.360813,-103.734669,366.990282,498.593206,-116.203112,294.753322,508.813003,-77.734180,363.815539,492.439905,-108.588235,292.294590,503.817935,-77.699806,331.077085,343.258780,-38.584275,294.431364,339.846038,38.696060,319.636994,257.538817,-130.870796,303.815163,255.428143,64.790359,319.800229,163.722073,-155.056293,330.794815,190.430791,157.091276,327.050582,146.386869,-162.673256,342.645164,182.396265,162.560892,289.297494,142.589903,-271.092404,305.957592,169.789386,90.438604,
0.000000,0.000000,0.000000,0.000000,0.000000,0.000000,0.000000,0.000000,0.000000,0.000000,0.000000,0.000000,0.000000,0.000000,0.000000,0.000000,0.000000,0.000000,0.000000,0.000000,0.000000,0.000000,0.000000,0.000000,0.000000,0.000000,0.000000,0.000000,0.000000,0.000000,0.000000,0.000000,0.000000,0.000000,0.000000,0.000000,0.000000,0.000000,0.000000,0.000000,0.000000,0.000000,0.000000,0.000000,0.000000,0.000000,0.000000,0.000000,0.000000,0.000000,0.000000,0.000000,321.879982,473.368801,-104.112670,326.434898,481.837905,-85.687871,328.698120,481.765150,-85.609633,331.120892,481.738116,-85.652358,318.968056,483.113498,-92.926403,316.045928,483.977081,-92.959588,312.937020,484.884086,-92.960197,333.013822,482.307829,15.356719,304.695455,486.652988,-3.881841,324.180281,466.197876,-61.283313,315.957421,468.055434,-70.154086,347.373912,453.022490,57.245208,278.604059,462.157458,67.124561,398.631230,444.504783,-17.692479,229.189641,479.524494,-12.597429,375.048888,484.819471,-113.088548,279.700886,505.600158,-79.583205,373.652912,499.566065,-132.378665,292.292402,513.278474,-97.908195,366.963126,498.468911,-117.403690,294.925993,508.750355,-72.044596,363.809181,492.359785,-109.809829,292.477617,503.727509,-72.298081,331.065186,343.272510,-38.509014,294.421834,339.844394,38.620874,319.672752,257.567941,-129.541696,303.833713,255.418918,64.657451,319.760091,163.778570,-153.567518,330.808508,190.420705,156.624396,326.988685,146.431724,-161.149093,342.651182,182.480799,162.082755,289.344810,142.630256,-269.554420,305.938896,169.839474,90.045177,
0.000000,0.000000,0.000000,0.000000,0.000000,0.000000,0.000000,0.000000,0.000000,0.000000,0.000000,0.000000,0.000000,0.000000,0.000000,0.000000,0.000000,0.000000,0.000000,0.000000,0.000000,0.000000,0.000000,0.000000,0.000000,0.000000,0.000000,0.000000,0.000000,0.000000,0.000000,0.000000,0.000000,0.000000,0.000000,0.000000,0.000000,0.000000,0.000000,0.000000,0.000000,0.000000,0.000000,0.000000,0.000000,0.000000,0.000000,0.000000,0.000000,0.000000,0.000000,0.000000,321.831213,473.302744,-103.714087,326.407624,481.703393,-85.470774,328.682037,481.632949,-85.394241,331.098375,481.602650,-85.437566,318.913909,483.028155,-92.446268,315.975445,483.906817,-92.477718,312.881776,484.816113,-92.478097,333.015273,482.207395,14.730907,304.753832,486.584203,-3.413595,324.161050,466.135765,-61.151671,315.914302,467.985325,-69.646982,347.327605,452.945540,56.737890,278.620986,462.164711,67.479313,398.427334,444.346781,-18.548450,229.322605,479.519537,-9.736305,375.044519,484.689719,-114.304778,279.872006,505.530625,-74.181913,373.659018,499.411570,-133.594160,292.460438,513.196135,-92.081720,366.935971,498.344617,-118.604268,295.098665,508.687707,-66.355013,363.802824,492.279664,-111.031423,292.660644,503.637084,-66.896356,331.053287,343.286240,-38.433752,294.412305,339.842750,38.545688,319.708510,257.597065,-128.212597,303.852262,255.409693,64.524543,319.719953,163.835066,-152.078742,330.822201,190.410620,156.157517,326.926788,146.476579,-159.624930,342.657200,182.565332,161.604617,289.392127,142.670609,-268.016436,305.920201,169.889562,89.651750,
0.000000,0.000000,0.000000,0.000000,0.000000,0.000000,0.000000,0.000000,0.000000,0.000000,0.000000,0.000000,0.000000,0.000000,0.000000,0.000000,0.000000,0.000000,0.000000,0.000000,0.000000,0.000000,0.000000,0.000000,0.000000,0.000000,0.000000,0.000000,0.000000,0.000000,0.000000,0.000000,0.000000,0.000000,0.000000,0.000000,0.000000,0.000000,0.000000,0.000000,0.000000,0.000000,0.000000,0.000000,0.000000,0.000000,0.000000,0.000000,0.000000,0.000000,0.000000,0.000000,321.841937,473.239619,-103.943682,326.437519,481.613029,-85.853791,328.712038,481.544439,-85.777723,331.132295,481.516607,-85.821241,318.926583,482.956627,-92.645808,315.981106,483.834399,-92.676615,312.895731,484.742502,-92.676433,333.062985,482.139175,14.131241,304.833367,486.517323,-3.684788,324.186260,466.071187,-61.508381,315.929656,467.924737,-69.825942,347.300427,452.882762,56.124280,278.644052,462.169658,67.224807,398.349276,444.282995,-19.610284,229.352717,479.541001,-9.499068,375.116902,484.588829,-115.673623,279.985833,505.468620,-73.573587,373.722058,499.299125,-135.053417,292.571808,513.112066,-91.411775,366.976640,498.240960,-120.021126,295.214629,508.617508,-65.662230,363.842189,492.197314,-112.392692,292.777710,503.574993,-66.269633,331.045989,343.289407,-38.465137,294.416333,339.837049,38.576611,319.733258,257.611635,-127.055001,303.870165,255.401208,64.367352,319.699574,163.876470,-150.675533,330.824386,190.430012,155.989307,326.898563,146.510406,-158.183979,342.666551,182.598340,161.409641,289.430909,142.700411,-266.649664,305.883378,169.892970,89.498871,
0.000000,0.000000,0.000000,0.000000,0.000000,0.000000,0.000000,0.000000,0.000000,0.000000,0.000000,0.000000,0.000000,0.000000,0.000000,0.000000,0.000000,0.000000,0.000000,0.000000,0.000000,0.000000,0.000000,0.000000,0.000000,0.000000,0.000000,0.000000,0.000000,0.000000,0.000000,0.000000,0.000000,0.000000,0.000000,0.000000,0.000000,0.000000,0.000000,0.000000,0.000000,0.000000,0.000000,0.000000,0.000000,0.000000,0.000000,0.000000,0.000000,0.000000,0.000000,0.000000,321.852662,473.176494,-104.173278,326.467413,481.522666,-86.236807,328.742039,481.455930,-86.161205,331.166216,481.430564,-86.204917,318.939257,482.885099,-92.845348,315.986767,483.761980,-92.875513,312.909686,484.668890,-92.874768,333.110697,482.070954,13.531574,304.912902,486.450443,-3.955981,324.211469,466.006609,-61.865091,315.945009,467.864150,-70.004902,347.273249,452.819984,55.510671,278.667118,462.174606,66.970300,398.271219,444.219210,-20.672118,229.382829,479.562466,-9.261832,375.189284,484.487939,-117.042467,280.099661,505.406614,-72.965261,373.785097,499.186679,-136.512675,292.683179,513.027998,-90.741830,367.017310,498.137302,-121.437983,295.330592,508.547309,-64.969448,363.881554,492.114965,-113.753962,292.894775,503.512903,-65.642910,331.038690,343.292574,-38.496523,294.420361,339.831348,38.607535,319.758005,257.626205,-125.897406,303.888068,255.392724,64.210162,319.679194,163.917874,-149.272323,330.826571,190.449404,155.821097,326.870338,146.544233,-156.743028,342.675902,182.631348,161.214664,289.469691,142.730213,-265.282893,305.846556,169.896379,89.345992,
0.000000,0.000000,0.000000,0.000000,0.000000,0.000000,0.000000,0.000000,0.000000,0.000000,0.000000,0.000000,0.000000,0.000000,0.000000,0.000000,0.000000,0.000000,0.000000,0.000000,0.000000,0.000000,0.000000,0.000000,0.000000,0.000000,0.000000,0.000000,0.000000,0.000000,0.000000,0.000000,0.000000,0.000000,0.000000,0.000000,0.000000,0.000000,0.000000,0.000000,0.000000,0.000000,0.000000,0.000000,0.000000,0.000000,0.000000,0.000000,0.000000,0.000000,0.000000,0.000000,321.863386,473.113369,-104.402873,326.497307,481.432302,-86.619824,328.772039,481.367421,-86.544687,331.200136,481.344521,-86.588593,318.951931,482.813571,-93.044888,315.992428,483.689561,-93.074410,312.923641,484.595279,-93.073103,333.158409,482.002734,12.931907,304.992437,486.383563,-4.227174,324.236679,465.942030,-62.221801,315.960363,467.803563,-70.183863,347.246071,452.757206,54.897061,278.690185,462.179553,66.715794,398.193161,444.155424,-21.733952,229.412941,479.583931,-9.024596,375.261667,484.387048,-118.411312,280.213489,505.344608,-72.356934,373.848137,499.074234,-137.971932,292.794550,512.943930,-90.071884,367.057979,498.033645,-122.854841,295.446555,508.477110,-64.276665,363.920919,492.032615,-115.115232,293.011841,503.450812,-65.016188,331.031392,343.295741,-38.527908,294.424389,339.825647,38.638458,319.782753,257.640776,-124.739810,303.905971,255.384240,64.052971,319.658815,163.959279,-147.869113,330.828756,190.468795,155.652886,326.842113,146.578060,-155.302077,342.685253,182.664356,161.019688,289.508472,142.760015,-263.916122,305.809734,169.899788,89.193114,
0.000000,0.000000,0.000000,0.000000,0.000000,0.000000,0.000000,0.000000,0.000000,0.000000,0.000000,0.000000,0.000000,0.000000,0.000000,0.000000,0.000000,0.000000,0.000000,0.000000,0.000000,0.000000,0.000000,0.000000,0.000000,0.000000,0.000000,0.000000,0.000000,0.000000,0.000000,0.000000,0.000000,0.000000,0.000000,0.000000,0.000000,0.000000,0.000000,0.000000,0.000000,0.000000,0.000000,0.000000,0.000000,0.000000,0.000000,0.000000,0.000000,0.000000,0.000000,0.000000,321.874111,473.050244,-104.632468,326.527201,481.341938,-87.002841,328.802040,481.278911,-86.928168,331.234057,481.258478,-86.972268,318.964605,482.742043,-93.244428,315.998089,483.617143,-93.273307,312.937596,484.521667,-93.271438,333.206121,481.934513,12.332240,305.071972,486.316682,-4.498367,324.261889,465.877452,-62.578511,315.975717,467.742975,-70.362823,347.218893,452.694428,54.283452,278.713251,462.184500,66.461288,398.115104,444.091638,-22.795786,229.443053,479.605395,-8.787359,375.334050,484.286158,-119.780156,280.327316,505.282603,-71.748608,373.911176,498.961788,-139.431190,292.905921,512.859862,-89.401939,367.098649,497.929987,-124.271698,295.562519,508.406911,-63.583882,363.960285,491.950266,-116.476502,293.128906,503.388722,-64.389465,331.024093,343.298908,-38.559293,294.428417,339.819946,38.669381,319.807501,257.655346,-123.582214,303.923873,255.375755,63.895781,319.638435,164.000683,-146.465903,330.830941,190.488187,155.484676,326.813888,146.611886,-153.861127,342.694604,182.697364,160.824711,289.547254,142.789817,-262.549350,305.772912,169.903197,89.040235,
0.000000,0.000000,0.000000,0.000000,0.000000,0.000000,0.000000,0.000000,0.000000,0.000000,0.000000,0.000000,0.000000,0.000000,0.000000,0.000000,0.000000,0.000000,0.000000,0.000000,0.000000,0.000000,0.000000,0.000000,0.000000,0.000000,0.000000,0.000000,0.000000,0.000000,0.000000,0.000000,0.000000,0.000000,0.000000,0.000000,0.000000,0.000000,0.000000,0.000000,0.000000,0.000000,0.000000,0.000000,0.000000,0.000000,0.000000,0.000000,0.000000,0.000000,0.000000,0.000000,321.942720,473.016601,-105.553817,326.604819,481.302671,-88.034866,328.876091,481.242685,-87.959435,331.319249,481.229631,-88.003323,319.041446,482.696538,-94.126444,316.077541,483.559852,-94.155490,313.017013,484.460111,-94.152541,333.308067,481.907916,11.716266,305.167268,486.265869,-5.549396,324.332190,465.838031,-63.477096,316.054513,467.712130,-71.257082,347.210892,452.663195,53.515191,278.738833,462.188697,65.483675,398.170279,444.133164,-24.205694,229.367636,479.658245,-11.342860,375.482929,484.234650,-121.317044,280.358856,505.235889,-76.013340,374.030252,498.900028,-141.095020,292.936940,512.787787,-93.932939,367.209991,497.856501,-125.867164,295.599859,508.350653,-67.967820,364.059843,491.879566,-117.988901,293.163722,503.359126,-68.634957,331.021376,343.298661,-38.650509,294.440319,339.813431,38.759370,319.820240,257.660693,-122.450447,303.939098,255.371069,63.383156,319.634136,164.025958,-144.638912,330.803768,190.524735,154.141809,326.813816,146.631856,-151.961657,342.698611,182.670128,159.356204,289.571768,142.806419,-260.603563,305.697047,169.837593,87.499177,
0.000000,0.000000,0.000000,0.000000,0.000000,0.000000,0.000000,0.000000,0.000000,0.000000,0.000000,0.000000,0.000000,0.000000,0.000000,0.000000,0.000000,0.000000,0.000000,0.000000,0.000000,0.000000,0.000000,0.000000,0.000000,0.000000,0.000000,0.000000,0.000000,0.000000,0.000000,0.000000,0.000000,0.000000,0.000000,0.000000,0.000000,0.000000,0.000000,0.000000,0.000000,0.000000,0.000000,0.000000,0.000000,0.000000,0.000000,0.000000,0.000000,0.000000,0.000000,0.000000,322.011330,472.982959,-106.475165,326.682436,481.263403,-89.066892,328.950142,481.206459,-88.990702,331.404440,481.200784,-89.034377,319.118286,482.651032,-95.008460,316.156992,483.502561,-95.037673,313.096429,484.398555,-95.033645,333.410013,481.881318,11.100293,305.262564,486.215056,-6.600425,324.402490,465.798611,-64.375682,316.133309,467.681286,-72.151340,347.202891,452.631963,52.746929,278.764416,462.192894,64.506061,398.225453,444.174689,-25.615602,229.292219,479.711095,-13.898361,375.631809,484.183141,-122.853933,280.390396,505.189175,-80.278073,374.149329,498.838267,-142.758850,292.967958,512.715712,-98.463940,367.321333,497.783015,-127.462629,295.637198,508.294396,-72.351758,364.159402,491.808867,-119.501300,293.198538,503.329530,-72.880449,331.018659,343.298415,-38.741724,294.452222,339.806916,38.849358,319.832980,257.666039,-121.318679,303.954323,255.366383,62.870531,319.629838,164.051234,-142.811922,330.776595,190.561284,152.798942,326.813743,146.651826,-150.062187,342.702617,182.642892,157.887697,289.596281,142.823021,-258.657775,305.621182,169.771989,85.958120,
0.000000,0.000000,0.000000,0.000000,0.000000,0.000000,0.000000,0.000000,0.000000,0.000000,0.000000,0.000000,0.000000,0.000000,0.000000,0.000000,0.000000,0.000000,0.000000,0.000000,0.000000,0.000000,0.000000,0.000000,0.000000,0.000000,0.000000,0.000000,0.000000,0.000000,0.000000,0.000000,0.000000,0.000000,0.000000,0.000000,0.000000,0.000000,0.000000,0.000000,0.000000,0.000000,0.000000,0.000000,0.000000,0.000000,0.000000,0.000000,0.000000,0.000000,0.000000,0.000000,322.079940,472.949316,-107.396513,326.760053,481.224136,-90.098918,329.024193,481.170233,-90.021969,331.489631,481.171938,-90.065431,319.195127,482.605527,-95.890476,316.236444,483.445270,-95.919855,313.175845,484.336999,-95.914749,333.511959,481.854720,10.484319,305.357861,486.164243,-7.651454,324.472791,465.759190,-65.274267,316.212105,467.650441,-73.045599,347.194890,452.600731,51.978668,278.789999,462.197091,63.528448,398.280628,444.216214,-27.025511,229.216801,479.763944,-16.453862,375.780688,484.131632,-124.390821,280.421936,505.142461,-84.542805,374.268405,498.776506,-144.422680,292.998976,512.643637,-102.994940,367.432676,497.709528,-129.058095,295.674538,508.238138,-76.735696,364.258960,491.738167,-121.013700,293.233353,503.299934,-77.125941,331.015942,343.298168,-38.832940,294.464124,339.800401,38.939347,319.845719,257.671386,-120.186911,303.969548,255.361696,62.357906,319.625539,164.076510,-140.984932,330.749422,190.597832,151.456075,326.813671,146.671796,-148.162717,342.706623,182.615657,156.419190,289.620795,142.839624,-256.711987,305.545317,169.706385,84.417062,
0.000000,0.000000,0.000000,0.000000,0.000000,0.000000,0.000000,0.000000,0.000000,0.000000,0.000000,0.000000,0.000000,0.000000,0.000000,0.000000,0.000000,0.000000,0.000000,0.000000,0.000000,0.000000,0.000000,0.000000,0.000000,0.000000,0.000000,0.000000,0.000000,0.000000,0.000000,0.000000,0.000000,0.000000,0.000000,0.000000,0.000000,0.000000,0.000000,0.000000,0.000000,0.000000,0.000000,0.000000,0.000000,0.000000,0.000000,0.000000,0.000000,0.000000,0.000000,0.000000,322.148550,472.915674,-108.317862,326.837671,481.184868,-91.130943,329.098244,481.134006,-91.053236,331.574823,481.143091,-91.096486,319.271968,482.560022,-96.772492,316.315895,483.387979,-96.802038,313.255261,484.275444,-96.795852,333.613905,481.828122,9.868345,305.453157,486.113430,-8.702483,324.543092,465.719769,-66.172853,316.290900,467.619596,-73.939857,347.186889,452.569498,51.210406,278.815581,462.201288,62.550834,398.335803,444.257740,-28.435419,229.141384,479.816794,-19.009363,375.929568,484.080124,-125.927709,280.453476,505.095747,-88.807538,374.387481,498.714745,-146.086509,293.029995,512.571562,-107.525941,367.544018,497.636042,-130.653560,295.711878,508.181881,-81.119634,364.358518,491.667468,-122.526099,293.268169,503.270338,-81.371433,331.013225,343.297922,-38.924156,294.476026,339.793887,39.029336,319.858458,257.676733,-119.055144,303.984773,255.357010,61.845281,319.621241,164.101785,-139.157941,330.722249,190.634381,150.113208,326.813599,146.691765,-146.263247,342.710629,182.588421,154.950683,289.645308,142.856226,-254.766199,305.469452,169.640782,82.876004,
0.000000,0.000000,0.000000,0.000000,0.000000,0.000000,0.000000,0.000000,0.000000,0.000000,0.000000,0.000000,0.000000,0.000000,0.000000,0.000000,0.000000,0.000000,0.000000,0.000000,0.000000,0.000000,0.000000,0.000000,0.000000,0.000000,0.000000,0.000000,0.000000,0.000000,0.000000,0.000000,0.000000,0.000000,0.000000,0.000000,0.000000,0.000000,0.000000,0.000000,0.000000,0.000000,0.000000,0.000000,0.000000,0.000000,0.000000,0.000000,0.000000,0.000000,0.000000,0.000000,322.257046,472.918826,-110.256542,326.954373,481.192935,-93.180864,329.207798,481.146090,-93.101285,331.703828,481.165940,-93.144048,319.399434,482.540337,-98.657658,316.453688,483.349145,-98.688038,313.384286,484.230141,-98.679988,333.769088,481.840500,8.883655,305.553159,486.082941,-10.823204,324.653961,465.711290,-68.027166,316.418360,467.621008,-75.867554,347.193998,452.562841,49.948919,278.842752,462.201519,60.652142,398.535650,444.390910,-30.593712,228.962936,479.904856,-24.180521,376.142161,484.081067,-128.082608,280.435878,505.064874,-97.447414,374.543838,498.704891,-148.409348,292.977158,512.517625,-116.705375,367.697220,497.594103,-132.852967,295.670281,508.149705,-90.102504,364.496449,491.612391,-124.629021,293.224086,503.270253,-90.017607,331.013937,343.290249,-39.117251,294.493790,339.786913,39.220170,319.858404,257.673023,-117.786019,304.002586,255.359716,61.132974,319.622893,164.112561,-136.452183,330.664000,190.744779,147.623932,326.837564,146.695069,-143.423291,342.712081,182.550703,152.234421,289.642553,142.856316,-251.716792,305.374093,169.559870,80.034805,
0.000000,0.000000,0.000000,0.000000,0.000000,0.000000,0.000000,0.000000,0.000000,0.000000,0.000000,0.000000,0.000000,0.000000,0.000000,0.000000,0.000000,0.000000,0.000000,0.000000,0.000000,0.000000,0.000000,0.000000,0.000000,0.000000,0.000000,0.000000,0.000000,0.000000,0.000000,0.000000,0.000000,0.000000,0.000000,0.000000,0.000000,0.000000,0.000000,0.000000,0.000000,0.000000,0.000000,0.000000,0.000000,0.000000,0.000000,0.000000,0.000000,0.000000,0.000000,0.000000,322.365543,472.921978,-112.195221,327.071076,481.201002,-95.230785,329.317353,481.158175,-95.149335,331.832832,481.188790,-95.191610,319.526901,482.520652,-100.542823,316.591480,483.310312,-100.574038,313.513311,484.184838,-100.564124,333.924270,481.852879,7.898964,305.653161,486.052452,-12.943925,324.764831,465.702810,-69.881480,316.545820,467.622420,-77.795252,347.201108,452.556183,48.687432,278.869922,462.201750,58.753449,398.735498,444.524080,-32.752005,228.784488,479.992918,-29.351680,376.354754,484.082009,-130.237507,280.418281,505.034002,-106.087290,374.700196,498.695038,-150.732187,292.924321,512.463689,-125.884809,367.850422,497.552165,-135.052374,295.628685,508.117530,-99.085374,364.634379,491.557315,-126.731942,293.180003,503.270168,-98.663782,331.014648,343.282575,-39.310346,294.511553,339.779939,39.411004,319.858350,257.669314,-116.516895,304.020400,255.362422,60.420668,319.624545,164.123336,-133.746424,330.605752,190.855177,145.134656,326.861530,146.698373,-140.583335,342.713533,182.512985,149.518160,289.639797,142.856406,-248.667384,305.278733,169.478958,77.193605,
0.000000,0.000000,0.000000,0.000000,0.000000,0.000000,0.000000,0.000000,0.000000,0.000000,0.000000,0.000000,0.000000,0.000000,0.000000,0.000000,0.000000,0.000000,0.000000,0.000000,0.000000,0.000000,0.000000,0.000000,0.000000,0.000000,0.000000,0.000000,0.000000,0.000000,0.000000,0.000000,0.000000,0.000000,0.000000,0.000000,0.000000,0.000000,0.000000,0.000000,0.000000,0.000000,0.000000,0.000000,0.000000,0.000000,0.000000,0.000000,0.000000,0.000000,0.000000,0.000000,322.474039,472.925131,-114.133901,327.187778,481.209069,-97.280705,329.426907,481.170259,-97.197384,331.961837,481.211640,-97.239173,319.654367,482.500967,-102.427989,316.729272,483.271478,-102.460038,313.642336,484.139535,-102.448260,334.079452,481.865257,6.914274,305.753163,486.021963,-15.064646,324.875700,465.694331,-71.735793,316.673280,467.623832,-79.722949,347.208217,452.549526,47.425945,278.897093,462.201981,56.854757,398.935345,444.657250,-34.910298,228.606040,480.080980,-34.522839,376.567347,484.082952,-132.392406,280.400684,505.003129,-114.727166,374.856554,498.685184,-153.055026,292.871484,512.409752,-135.064242,368.003623,497.510226,-137.251781,295.587088,508.085354,-108.068244,364.772310,491.502239,-128.834864,293.135920,503.270084,-107.309956,331.015360,343.274902,-39.503441,294.529316,339.772965,39.601839,319.858295,257.665604,-115.247770,304.038213,255.365128,59.708362,319.626197,164.134111,-131.040666,330.547503,190.965574,142.645380,326.885495,146.701676,-137.743379,342.714985,182.475267,146.801899,289.637042,142.856496,-245.617977,305.183374,169.398047,74.352406,
0.000000,0.000000,0.000000,0.000000,0.000000,0.000000,0.000000,0.000000,0.000000,0.000000,0.000000,0.000000,0.000000,0.000000,0.000000,0.000000,0.000000,0.000000,0.000000,0.000000,0.000000,0.000000,0.000000,0.000000,0.000000,0.000000,0.000000,0.000000,0.000000,0.000000,0.000000,0.000000,0.000000,0.000000,0.000000,0.000000,0.000000,0.000000,0.000000,0.000000,0.000000,0.000000,0.000000,0.000000,0.000000,0.000000,0.000000,0.000000,0.000000,0.000000,0.000000,0.000000,322.582535,472.928283,-116.072581,327.304481,481.217136,-99.330626,329.536462,481.182343,-99.245434,332.090841,481.234490,-99.286735,319.781833,482.481283,-104.313155,316.867064,483.232644,-104.346037,313.771362,484.094232,-104.332396,334.234634,481.877635,5.929584,305.853165,485.991474,-17.185367,324.986570,465.685851,-73.590107,316.800740,467.625244,-81.650647,347.215327,452.542868,46.164458,278.924264,462.202211,54.956064,399.135192,444.790420,-37.068591,228.427592,480.169042,-39.693997,376.779940,484.083895,-134.547305,280.383086,504.972257,-123.367042,375.012912,498.675331,-155.377864,292.818647,512.355815,-144.243676,368.156825,497.468288,-139.451188,295.545492,508.053179,-117.051114,364.910240,491.447162,-130.937786,293.091837,503.269999,-115.956131,331.016072,343.267229,-39.696535,294.547079,339.765991,39.792673,319.858241,257.661895,-113.978645,304.056026,255.367834,58.996056,319.627849,164.144886,-128.334907,330.489254,191.075972,140.156105,326.909461,146.704980,-134.903423,342.716437,182.437549,144.085637,289.634287,142.856586,-242.568570,305.088014,169.317135,71.511206,
0.000000,0.000000,0.000000,0.000000,0.000000,0.000000,0.000000,0.000000,0.000000,0.000000,0.000000,0.000000,0.000000,0.000000,0.000000,0.000000,0.000000,0.000000,0.000000,0.000000,0.000000,0.000000,0.000000,0.000000,0.000000,0.000000,0.000000,0.000000,0.000000,0.000000,0.000000,0.000000,0.000000,0.000000,0.000000,0.000000,0.000000,0.000000,0.000000,0.000000,0.000000,0.000000,0.000000,0.000000,0.000000,0.000000,0.000000,0.000000,0.000000,0.000000,0.000000,0.000000,322.608145,472.925420,-118.089670,327.309638,481.250641,-101.539520,329.587154,481.218799,-101.455722,332.121460,481.273927,-101.497869,319.837909,482.504478,-106.214336,316.924606,483.251512,-106.245771,313.830114,484.105680,-106.230799,334.391863,481.902366,3.055524,305.903396,486.002892,-18.984501,325.047043,465.713645,-76.081327,316.904257,467.634120,-83.655853,347.407274,452.498983,43.349212,278.936970,462.214050,53.624121,399.982093,444.766033,-40.552276,228.037836,480.300216,-38.502702,377.198138,484.104432,-137.763576,280.162720,504.973034,-119.180320,375.294838,498.690857,-158.709648,292.791016,512.356347,-139.696341,368.470280,497.473336,-142.681726,295.532443,508.064535,-112.432643,365.295914,491.447468,-134.104524,293.086538,503.288028,-111.691828,331.035052,343.265755,-39.730634,294.554926,339.762891,39.826204,319.884688,257.665331,-112.923981,304.060023,255.342859,56.834808,319.640849,164.202965,-125.818691,330.405350,190.684186,135.097731,326.903428,146.733753,-132.226325,342.670271,182.077708,138.687116,289.670386,142.871074,-239.568533,304.849486,169.056063,66.015582,
0.000000,0.000000,0.000000,0.000000,0.000000,0.000000,0.000000,0.000000,0.000000,0.000000,0.000000,0.000000,0.000000,0.000000,0.000000,0.000000,0.000000,0.000000,0.000000,0.000000,0.000000,0.000000,0.000000,0.000000,0.000000,0.000000,0.000000,0.000000,0.000000,0.000000,0.000000,0.000000,0.000000,0.000000,0.000000,0.000000,0.000000,0.000000,0.000000,0.000000,0.000000,0.000000,0.000000,0.000000,0.000000,0.000000,0.000000,0.000000,0.000000,0.000000,0.000000,0.000000,322.633754,472.922557,-120.106760,327.314796,481.284146,-103.748415,329.637846,481.255255,-103.666009,332.152078,481.313365,-103.709003,319.893984,482.527673,-108.115517,316.982148,483.270379,-108.145505,313.888866,484.117129,-108.129201,334.549091,481.927096,0.181464,305.953627,486.014310,-20.783635,325.107517,465.741438,-78.572547,317.007773,467.642996,-85.661059,347.599221,452.455098,40.533965,278.949677,462.225888,52.292178,400.828995,444.741645,-44.035961,227.648079,480.431390,-37.311407,377.616336,484.124970,-140.979847,279.942353,504.973811,-114.993598,375.576763,498.706384,-162.041432,292.763384,512.356879,-135.149005,368.783735,497.478384,-145.912264,295.519394,508.075892,-107.814171,365.681588,491.447773,-137.271262,293.081238,503.306058,-107.427526,331.054033,343.264280,-39.764732,294.562773,339.759790,39.859736,319.911135,257.668768,-111.869317,304.064020,255.317884,54.673561,319.653849,164.261044,-123.302475,330.321445,190.292399,130.039357,326.897394,146.762525,-129.549227,342.624106,181.717868,133.288594,289.706485,142.885563,-236.568496,304.610958,168.794990,60.519958,
0.000000,0.000000,0.000000,0.000000,0.000000,0.000000,0.000000,0.000000,0.000000,0.000000,0.000000,0.000000,0.000000,0.000000,0.000000,0.000000,0.000000,0.000000,0.000000,0.000000,0.000000,0.000000,0.000000,0.000000,0.000000,0.000000,0.000000,0.000000,0.000000,0.000000,0.000000,0.000000,0.000000,0.000000,0.000000,0.000000,0.000000,0.000000,0.000000,0.000000,0.000000,0.000000,0.000000,0.000000,0.000000,0.000000,0.000000,0.000000,0.000000,0.000000,0.000000,0.000000,322.659363,472.919695,-122.123850,327.319954,481.317650,-105.957309,329.688538,481.291711,-105.876297,332.182696,481.352803,-105.920137,319.950060,482.550869,-110.016699,317.039690,483.289247,-110.045238,313.947619,484.128578,-110.027604,334.706320,481.951826,-2.692597,306.003858,486.025728,-22.582769,325.167990,465.769231,-81.063767,317.111290,467.651872,-87.666265,347.791168,452.411212,37.718719,278.962384,462.237727,50.960235,401.675896,444.717258,-47.519646,227.258323,480.562563,-36.120111,378.034534,484.145507,-144.196118,279.721987,504.974589,-110.806876,375.858689,498.721911,-165.373216,292.735753,512.357410,-130.601669,369.097190,497.483432,-149.142801,295.506345,508.087248,-103.195700,366.067262,491.448078,-140.438000,293.075938,503.324087,-103.163223,331.073014,343.262806,-39.798830,294.570620,339.756690,39.893267,319.937582,257.672205,-110.814653,304.068017,255.292909,52.512313,319.666848,164.319122,-120.786259,330.237541,189.900613,124.980983,326.891361,146.791298,-126.872129,342.577940,181.358027,127.890072,289.742584,142.900051,-233.568459,304.372430,168.533918,55.024334,
0.000000,0.000000,0.000000,0.000000,0.000000,0.000000,0.000000,0.000000,0.000000,0.000000,0.000000,0.000000,0.000000,0.000000,0.000000,0.000000,0.000000,0.000000,0.000000,0.000000,0.000000,0.000000,0.000000,0.000000,0.000000,0.000000,0.000000,0.000000,0.000000,0.000000,0.000000,0.000000,0.000000,0.000000,0.000000,0.000000,0.000000,0.000000,0.000000,0.000000,0.000000,0.000000,0.000000,0.000000,0.000000,0.000000,0.000000,0.000000,0.000000,0.000000,0.000000,0.000000,322.684973,472.916832,-124.140939,327.325111,481.351155,-108.166203,329.739230,481.328168,-108.086585,332.213314,481.392241,-108.131271,320.006135,482.574064,-111.917880,317.097232,483.308114,-111.944972,314.006371,484.140027,-111.926007,334.863549,481.976556,-5.566657,306.054089,486.037146,-24.381903,325.228464,465.797025,-83.554987,317.214806,467.660748,-89.671471,347.983115,452.367327,34.903472,278.975091,462.249565,49.628292,402.522798,444.692870,-51.003332,226.868567,480.693737,-34.928816,378.452732,484.166044,-147.412388,279.501620,504.975366,-106.620154,376.140615,498.737438,-168.705000,292.708121,512.357942,-126.054333,369.410645,497.488480,-152.373339,295.493296,508.098605,-98.577229,366.452936,491.448384,-143.604738,293.070638,503.342117,-98.898920,331.091995,343.261331,-39.832928,294.578467,339.753590,39.926798,319.964030,257.675641,-109.759988,304.072014,255.267934,50.351066,319.679848,164.377201,-118.270043,330.153637,189.508826,119.922609,326.885328,146.820070,-124.195032,342.531774,180.998186,122.491550,289.778684,142.914540,-230.568422,304.133901,168.272845,49.528710,
0.000000,0.000000,0.000000,0.000000,0.000000,0.000000,0.000000,0.000000,0.000000,0.000000,0.000000,0.000000,0.000000,0.000000,0.000000,0.000000,0.000000,0.000000,0.000000,0.000000,0.000000,0.000000,0.000000,0.000000,0.000000,0.000000,0.000000,0.000000,0.000000,0.000000,0.000000,0.000000,0.000000,0.000000,0.000000,0.000000,0.000000,0.000000,0.000000,0.000000,0.000000,0.000000,0.000000,0.000000,0.000000,0.000000,0.000000,0.000000,0.000000,0.000000,0.000000,0.000000,322.657825,472.946375,-124.928966,327.309496,481.383280,-109.087133,329.749207,481.361607,-109.008525,332.223243,481.425759,-109.053584,320.015771,482.601308,-112.565913,317.109274,483.331635,-112.591889,314.015931,484.157180,-112.572156,334.950509,481.998281,-7.256942,306.081355,486.044272,-24.905924,325.235439,465.818871,-84.712635,317.216114,467.678287,-90.426764,348.189933,452.312475,32.925850,278.988288,462.244501,49.189380,403.308717,444.677789,-53.220087,226.539881,480.810629,-32.256550,378.857052,484.186018,-148.561712,279.144356,504.992157,-100.979380,376.400542,498.751019,-169.747599,292.514876,512.385274,-120.018310,369.694872,497.490972,-153.314313,295.382049,508.157908,-92.511517,366.807276,491.449326,-144.680582,292.957661,503.407312,-93.194658,331.110603,343.204579,-39.992185,294.590115,339.720709,40.083085,319.986936,257.664525,-109.233255,304.109422,255.245371,48.799098,319.765487,164.398290,-117.065376,330.114245,189.146120,116.418273,326.962056,146.838616,-122.894425,342.472554,180.544662,118.759633,289.859242,142.964332,-228.974948,303.875674,167.967858,45.808740,
0.000000,0.000000,0.000000,0.000000,0.000000,0.000000,0.000000,0.000000,0.000000,0.000000,0.000000,0.000000,0.000000,0.000000,0.000000,0.000000,0.000000,0.000000,0.000000,0.000000,0.000000,0.000000,0.000000,0.000000,0.000000,0.000000,0.000000,0.000000,0.000000,0.000000,0.000000,0.000000,0.000000,0.000000,0.000000,0.000000,0.000000,0.000000,0.000000,0.000000,0.000000,0.000000,0.000000,0.000000,0.000000,0.000000,0.000000,0.000000,0.000000,0.000000,0.000000,0.000000,322.630677,472.975917,-125.716992,327.293880,481.415405,-110.008063,329.759183,481.395047,-109.930465,332.233172,481.459277,-109.975897,320.025407,482.628551,-113.213946,317.121316,483.355156,-113.238806,314.025490,484.174333,-113.218305,335.037469,482.020007,-8.947227,306.108621,486.051399,-25.429944,325.242415,465.840718,-85.870282,317.217421,467.695826,-91.182056,348.396750,452.257623,30.948227,279.001485,462.239436,48.750467,404.094637,444.662708,-55.436842,226.211196,480.927521,-29.584284,379.261373,484.205992,-149.711035,278.787093,505.008949,-95.338606,376.660469,498.764599,-170.790198,292.321631,512.412607,-113.982286,369.979099,497.493463,-154.255286,295.270802,508.217210,-86.445805,367.161616,491.450269,-145.756425,292.844685,503.472507,-87.490396,331.129211,343.147827,-40.151441,294.601763,339.687828,40.239372,320.009842,257.653408,-108.706521,304.146830,255.222808,47.247131,319.851126,164.419378,-115.860709,330.074853,188.783413,112.913937,327.038784,146.857162,-121.593818,342.413335,180.091137,115.027716,289.939800,143.014124,-227.381474,303.617447,167.662870,42.088770,
0.000000,0.000000,0.000000,0.000000,0.000000,0.000000,0.000000,0.000000,0.000000,0.000000,0.000000,0.000000,0.000000,0.000000,0.000000,0.000000,0.000000,0.000000,0.000000,0.000000,0.000000,0.000000,0.000000,0.000000,0.000000,0.000000,0.000000,0.000000,0.000000,0.000000,0.000000,0.000000,0.000000,0.000000,0.000000,0.000000,0.000000,0.000000,0.000000,0.000000,0.000000,0.000000,0.000000,0.000000,0.000000,0.000000,0.000000,0.000000,0.000000,0.000000,0.000000,0.000000,322.603529,473.005460,-126.505018,327.278265,481.447530,-110.928992,329.769159,481.428487,-110.852405,332.243101,481.492795,-110.898210,320.035044,482.655795,-113.861979,317.133358,483.378677,-113.885723,314.035050,484.191486,-113.864454,335.124430,482.041732,-10.637512,306.135887,486.058526,-25.953965,325.249390,465.862565,-87.027929,317.218729,467.713365,-91.937349,348.603567,452.202771,28.970605,279.014682,462.234372,48.311555,404.880556,444.647626,-57.653598,225.882511,481.044413,-26.912018,379.665693,484.225966,-150.860359,278.429829,505.025740,-89.697832,376.920397,498.778180,-171.832797,292.128386,512.439939,-107.946263,370.263327,497.495954,-155.196260,295.159554,508.276513,-80.380092,367.515957,491.451211,-146.832269,292.731708,503.537702,-81.786133,331.147819,343.091076,-40.310697,294.613411,339.654946,40.395659,320.032747,257.642291,-108.179788,304.184238,255.200245,45.695164,319.936765,164.440467,-114.656043,330.035461,188.420707,109.409601,327.115513,146.875708,-120.293211,342.354115,179.637612,111.295798,290.020358,143.063916,-225.788000,303.359221,167.357882,38.368800,
0.000000,0.000000,0.000000,0.000000,0.000000,0.000000,0.000000,0.000000,0.000000,0.000000,0.000000,0.000000,0.000000,0.000000,0.000000,0.000000,0.000000,0.000000,0.000000,0.000000,0.000000,0.000000,0.000000,0.000000,0.000000,0.000000,0.000000,0.000000,0.000000,0.000000,0.000000,0.000000,0.000000,0.000000,0.000000,0.000000,0.000000,0.000000,0.000000,0.000000,0.000000,0.000000,0.000000,0.000000,0.000000,0.000000,0.000000,0.000000,0.000000,0.000000,0.000000,0.000000,322.576381,473.035003,-127.293044,327.262649,481.479654,-111.849922,329.779135,481.461927,-111.774346,332.253030,481.526314,-111.820523,320.044680,482.683039,-114.510012,317.145400,483.402198,-114.532640,314.044610,484.208639,-114.510603,335.211390,482.063458,-12.327797,306.163153,486.065653,-26.477986,325.256366,465.884411,-88.185577,317.220037,467.730904,-92.692641,348.810385,452.147919,26.992983,279.027879,462.229307,47.872642,405.666476,444.632545,-59.870353,225.553826,481.161305,-24.239752,380.070014,484.245941,-152.009682,278.072565,505.042531,-84.057057,377.180324,498.791761,-172.875396,291.935141,512.467271,-101.910239,370.547554,497.498445,-156.137234,295.048307,508.335816,-74.314380,367.870297,491.452154,-147.908113,292.618731,503.602897,-76.081871,331.166427,343.034324,-40.469953,294.625059,339.622065,40.551945,320.055653,257.631174,-107.653054,304.221646,255.177682,44.143197,320.022404,164.461555,-113.451376,329.996070,188.058001,105.905265,327.192241,146.894254,-118.992604,342.294895,179.184087,107.563881,290.100916,143.113707,-224.194526,303.100994,167.052895,34.648830,
0.000000,0.000000,0.000000,0.000000,0.000000,0.000000,0.000000,0.000000,0.000000,0.000000,0.000000,0.000000,0.000000,0.000000,0.000000,0.000000,0.000000,0.000000,0.000000,0.000000,0.000000,0.000000,0.000000,0.000000,0.000000,0.000000,0.000000,0.000000,0.000000,0.000000,0.000000,0.000000,0.000000,0.000000,0.000000,0.000000,0.000000,0.000000,0.000000,0.000000,0.000000,0.000000,0.000000,0.000000,0.000000,0.000000,0.000000,0.000000,0.000000,0.000000,0.000000,0.000000,322.478477,473.104263,-127.177585,327.217623,481.506638,-111.851773,329.739849,481.488377,-111.776935,332.234812,481.548413,-111.823145,319.994336,482.714129,-114.225570,317.096492,483.433702,-114.247273,313.989125,484.235694,-114.224763,335.227083,482.079532,-13.186717,306.156398,486.072745,-26.016750,325.205321,465.906095,-88.423504,317.104358,467.759620,-92.516161,349.028006,452.075129,25.514411,279.040638,462.204124,48.128788,406.402853,444.613103,-61.220489,225.288710,481.267742,-19.909436,380.447674,484.268422,-151.542026,277.611554,505.075886,-76.464315,377.399498,498.804618,-172.083247,291.572779,512.527550,-93.833016,370.773741,497.499756,-155.213977,294.838548,508.453205,-66.323638,368.171482,491.457707,-147.332455,292.401429,503.712274,-68.466117,331.183510,342.918281,-40.796416,294.638493,339.559758,40.872768,320.074232,257.605671,-107.491066,304.297731,255.161125,43.356264,320.170553,164.447282,-113.103272,329.999474,187.781067,103.983215,327.347616,146.899764,-118.586521,342.225411,178.686640,105.524344,290.212933,143.195490,-223.483012,302.842616,166.757696,32.792551,
0.000000,0.000000,0.000000,0.000000,0.000000,0.000000,0.000000,0.000000,0.000000,0.000000,0.000000,0.000000,0.000000,0.000000,0.000000,0.000000,0.000000,0.000000,0.000000,0.000000,0.000000,0.000000,0.000000,0.000000,0.000000,0.000000,0.000000,0.000000,0.000000,0.000000,0.000000,0.000000,0.000000,0.000000,0.000000,0.000000,0.000000,0.000000,0.000000,0.000000,0.000000,0.000000,0.000000,0.000000,0.000000,0.000000,0.000000,0.000000,0.000000,0.000000,0.000000,0.000000,322.380574,473.173523,-127.062127,327.172596,481.533621,-111.853624,329.700562,481.514828,-111.779525,332.216594,481.570512,-111.825767,319.943992,482.745219,-113.941127,317.047584,483.465206,-113.961905,313.933640,484.262749,-113.938922,335.242777,482.095607,-14.045637,306.149643,486.079837,-25.555514,325.154276,465.927778,-88.661432,316.988679,467.788336,-92.339681,349.245627,452.002339,24.035839,279.053397,462.178941,48.384934,407.139231,444.593661,-62.570625,225.023595,481.374180,-15.579119,380.825334,484.290902,-151.074369,277.150544,505.109242,-68.871573,377.618672,498.817475,-171.291098,291.210417,512.587828,-85.755792,370.999928,497.501067,-154.290721,294.628790,508.570594,-58.332896,368.472667,491.463259,-146.756796,292.184126,503.821651,-60.850363,331.200592,342.802239,-41.122879,294.651928,339.497451,41.193591,320.092811,257.580168,-107.329079,304.373816,255.144569,42.569330,320.318701,164.433008,-112.755167,330.002877,187.504133,102.061165,327.502991,146.905274,-118.180438,342.155926,178.189193,103.484807,290.324949,143.277272,-222.771498,302.584239,166.462498,30.936272,
0.000000,0.000000,0.000000,0.000000,0.000000,0.000000,0.000000,0.000000,0.000000,0.000000,0.000000,0.000000,0.000000,0.000000,0.000000,0.000000,0.000000,0.000000,0.000000,0.000000,0.000000,0.000000,0.000000,0.000000,0.000000,0.000000,0.000000,0.000000,0.000000,0.000000,0.000000,0.000000,0.000000,0.000000,0.000000,0.000000,0.000000,0.000000,0.000000,0.000000,0.000000,0.000000,0.000000,0.000000,0.000000,0.000000,0.000000,0.000000,0.000000,0.000000,0.000000,0.000000,322.282670,473.242783,-126.946668,327.127569,481.560605,-111.855475,329.661276,481.541279,-111.782115,332.198375,481.592610,-111.828388,319.893648,482.776309,-113.656685,316.998676,483.496710,-113.676537,313.878155,484.289804,-113.653082,335.258470,482.111681,-14.904556,306.142887,486.086929,-25.094278,325.103231,465.949462,-88.899359,316.873000,467.817053,-92.163202,349.463248,451.929549,22.557267,279.066156,462.153757,48.641081,407.875608,444.574219,-63.920761,224.758480,481.480617,-11.248803,381.202994,484.313383,-150.606712,276.689533,505.142597,-61.278831,377.837846,498.830333,-170.498949,290.848056,512.648106,-77.678569,371.226115,497.502378,-153.367464,294.419031,508.687984,-50.342155,368.773852,491.468812,-146.181138,291.966823,503.931028,-53.234609,331.217674,342.686196,-41.449342,294.665363,339.435144,41.514414,320.111390,257.554666,-107.167091,304.449901,255.128012,41.782397,320.466850,164.418734,-112.407063,330.006281,187.227199,100.139115,327.658366,146.910785,-117.774355,342.086442,177.691746,101.445270,290.436965,143.359054,-222.059984,302.325861,166.167299,29.079993,
0.000000,0.000000,0.000000,0.000000,0.000000,0.000000,0.000000,0.000000,0.000000,0.000000,0.000000,0.000000,0.000000,0.000000,0.000000,0.000000,0.000000,0.000000,0.000000,0.000000,0.000000,0.000000,0.000000,0.000000,0.000000,0.000000,0.000000,0.000000,0.000000,0.000000,0.000000,0.000000,0.000000,0.000000,0.000000,0.000000,0.000000,0.000000,0.000000,0.000000,0.000000,0.000000,0.000000,0.000000,0.000000,0.000000,0.000000,0.000000,0.000000,0.000000,0.000000,0.000000,322.184766,473.312043,-126.831209,327.082542,481.587588,-111.857326,329.621989,481.567730,-111.784705,332.180157,481.614709,-111.831010,319.843305,482.807399,-113.372243,316.949768,483.528214,-113.391169,313.822670,484.316860,-113.367241,335.274163,482.127755,-15.763476,306.136132,486.094022,-24.633042,325.052187,465.971145,-89.137287,316.757321,467.845769,-91.986722,349.680869,451.856759,21.078695,279.078915,462.128574,48.897227,408.611986,444.554777,-65.270897,224.493364,481.587054,-6.918487,381.580654,484.335864,-150.139056,276.228522,505.175952,-53.686089,378.057020,498.843190,-169.706800,290.485694,512.708384,-69.601345,371.452301,497.503689,-152.444208,294.209273,508.805373,-42.351413,369.075037,491.474365,-145.605480,291.749521,504.040405,-45.618854,331.234757,342.570154,-41.775805,294.678797,339.372836,41.835237,320.129969,257.529163,-107.005104,304.525986,255.111456,40.995463,320.614998,164.404461,-112.058958,330.009685,186.950265,98.217065,327.813741,146.916295,-117.368272,342.016958,177.194299,99.405733,290.548982,143.440836,-221.348470,302.067484,165.872101,27.223715,
0.000000,0.000000,0.000000,0.000000,0.000000,0.000000,0.000000,0.000000,0.000000,0.000000,0.000000,0.000000,0.000000,0.000000,0.000000,0.000000,0.000000,0.000000,0.000000,0.000000,0.000000,0.000000,0.000000,0.000000,0.000000,0.000000,0.000000,0.000000,0.000000,0.000000,0.000000,0.000000,0.000000,0.000000,0.000000,0.000000,0.000000,0.000000,0.000000,0.000000,0.000000,0.000000,0.000000,0.000000,0.000000,0.000000,0.000000,0.000000,0.000000,0.000000,0.000000,0.000000,322.019502,473.424494,-126.273677,327.011617,481.603117,-111.410921,329.533916,481.580060,-111.338638,332.141953,481.618466,-111.384667,319.732761,482.840778,-112.551583,316.834532,483.567686,-112.570144,313.697393,484.353809,-112.545911,335.217215,482.140883,-16.376489,306.090055,486.104773,-23.628798,324.950272,465.991610,-88.911408,316.519793,467.883668,-91.299734,349.897434,451.763144,19.415678,279.084005,462.089563,49.413303,409.291042,444.543750,-66.700995,224.300138,481.686660,-1.803236,381.921154,484.358653,-149.325612,275.678847,505.219421,-45.690972,378.203427,498.855121,-168.501647,289.952660,512.799836,-61.143733,371.582035,497.507855,-151.026806,293.895470,508.976985,-34.124150,369.290709,491.482466,-144.663118,291.426258,504.185760,-37.670742,331.242316,342.392436,-42.373216,294.686575,339.284000,42.424551,320.136107,257.488536,-107.224825,304.671753,255.102560,41.560332,320.811835,164.347304,-112.499712,330.069369,186.847660,99.603430,328.046396,146.900199,-117.779918,341.940690,176.748077,100.915194,290.640393,143.542296,-221.562976,301.867224,165.686776,29.081447,
0.000000,0.000000,0.000000,0.000000,0.000000,0.000000,0.000000,0.000000,0.000000,0.000000,0.000000,0.000000,0.000000,0.000000,0.000000,0.000000,0.000000,0.000000,0.000000,0.000000,0.000000,0.000000,0.000000,0.000000,0.000000,0.000000,0.000000,0.000000,0.000000,0.000000,0.000000,0.000000,0.000000,0.000000,0.000000,0.000000,0.000000,0.000000,0.000000,0.000000,0.000000,0.000000,0.000000,0.000000,0.000000,0.000000,0.000000,0.000000,0.000000,0.000000,0.000000,0.000000,321.854237,473.536945,-125.716146,326.940692,481.618645,-110.964516,329.445843,481.592390,-110.892571,332.103749,481.622222,-110.938323,319.622218,482.874158,-111.730923,316.719297,483.607158,-111.749118,313.572116,484.390758,-111.724581,335.160267,482.154011,-16.989502,306.043979,486.115525,-22.624554,324.848357,466.012075,-88.685530,316.282265,467.921568,-90.612746,350.113999,451.669528,17.752661,279.089095,462.050551,49.929380,409.970099,444.532723,-68.131093,224.106913,481.786265,3.312015,382.261654,484.381442,-148.512168,275.129172,505.262890,-37.695855,378.349834,498.867052,-167.296495,289.419627,512.891287,-52.686121,371.711769,497.512021,-149.609404,293.581667,509.148597,-25.896887,369.506381,491.490566,-143.720755,291.102994,504.331115,-29.722630,331.249876,342.214718,-42.970627,294.694354,339.195164,43.013865,320.142244,257.447908,-107.444546,304.817520,255.093665,42.125201,321.008673,164.290147,-112.940466,330.129053,186.745055,100.989795,328.279051,146.884104,-118.191563,341.864422,176.301855,102.424654,290.731804,143.643757,-221.777482,301.666965,165.501451,30.939179,
0.000000,0.000000,0.000000,0.000000,0.000000,0.000000,0.000000,0.000000,0.000000,0.000000,0.000000,0.000000,0.000000,0.000000,0.000000,0.000000,0.000000,0.000000,0.000000,0.000000,0.000000,0.000000,0.000000,0.000000,0.000000,0.000000,0.000000,0.000000,0.000000,0.000000,0.000000,0.000000,0.000000,0.000000,0.000000,0.000000,0.000000,0.000000,0.000000,0.000000,0.000000,0.000000,0.000000,0.000000,0.000000,0.000000,0.000000,0.000000,0.000000,0.000000,0.000000,0.000000,321.688973,473.649396,-125.158614,326.869767,481.634173,-110.518110,329.357770,481.604720,-110.446503,332.065545,481.625978,-110.491980,319.511675,482.907537,-110.910264,316.604062,483.646630,-110.928093,313.446838,484.427708,-110.903251,335.103318,482.167139,-17.602515,305.997902,486.126276,-21.620310,324.746442,466.032540,-88.459651,316.044736,467.959467,-89.925758,350.330564,451.575913,16.089643,279.094184,462.011539,50.445456,410.649156,444.521695,-69.561190,223.913687,481.885871,8.427265,382.602154,484.404231,-147.698724,274.579497,505.306359,-29.700739,378.496241,498.878982,-166.091342,288.886593,512.982739,-44.228509,371.841502,497.516186,-148.192002,293.267864,509.320209,-17.669625,369.722053,491.498667,-142.778393,290.779731,504.476470,-21.774517,331.257436,342.037000,-43.568038,294.702132,339.106327,43.603179,320.148382,257.407281,-107.664267,304.963287,255.084770,42.690069,321.205510,164.232990,-113.381220,330.188737,186.642450,102.376160,328.511706,146.868008,-118.603209,341.788154,175.855633,103.934115,290.823215,143.745217,-221.991987,301.466706,165.316126,32.796911,
0.000000,0.000000,0.000000,0.000000,0.000000,0.000000,0.000000,0.000000,0.000000,0.000000,0.000000,0.000000,0.000000,0.000000,0.000000,0.000000,0.000000,0.000000,0.000000,0.000000,0.000000,0.000000,0.000000,0.000000,0.000000,0.000000,0.000000,0.000000,0.000000,0.000000,0.000000,0.000000,0.000000,0.000000,0.000000,0.000000,0.000000,0.000000,0.000000,0.000000,0.000000,0.000000,0.000000,0.000000,0.000000,0.000000,0.000000,0.000000,0.000000,0.000000,0.000000,0.000000,321.523709,473.761847,-124.601082,326.798843,481.649702,-110.071705,329.269697,481.617050,-110.000436,332.027341,481.629734,-110.045637,319.401132,482.940916,-110.089604,316.488827,483.686102,-110.107068,313.321561,484.464657,-110.081921,335.046370,482.180266,-18.215528,305.951825,486.137027,-20.616066,324.644527,466.053005,-88.233772,315.807208,467.997366,-89.238770,350.547129,451.482297,14.426626,279.099274,461.972528,50.961533,411.328213,444.510668,-70.991288,223.720461,481.985476,13.542516,382.942655,484.427020,-146.885281,274.029822,505.349828,-21.705622,378.642648,498.890913,-164.886189,288.353559,513.074190,-35.770896,371.971236,497.520352,-146.774601,292.954061,509.491821,-9.442362,369.937725,491.506768,-141.836030,290.456468,504.621825,-13.826405,331.264996,341.859282,-44.165448,294.709910,339.017491,44.192493,320.154520,257.366654,-107.883988,305.109053,255.075874,43.254938,321.402347,164.175832,-113.821974,330.248420,186.539845,103.762525,328.744361,146.851913,-119.014854,341.711887,175.409411,105.443576,290.914626,143.846677,-222.206493,301.266447,165.130800,34.654643,
0.000000,0.000000,0.000000,0.000000,0.000000,0.000000,0.000000,0.000000,0.000000,0.000000,0.000000,0.000000,0.000000,0.000000,0.000000,0.000000,0.000000,0.000000,0.000000,0.000000,0.000000,0.000000,0.000000,0.000000,0.000000,0.000000,0.000000,0.000000,0.000000,0.000000,0.000000,0.000000,0.000000,0.000000,0.000000,0.000000,0.000000,0.000000,0.000000,0.000000,0.000000,0.000000,0.000000,0.000000,0.000000,0.000000,0.000000,0.000000,0.000000,0.000000,0.000000,0.000000,321.145756,473.968296,-125.779282,326.645106,481.787488,-111.342520,329.142511,481.753380,-111.272854,331.865460,481.744273,-111.318193,319.063159,483.055352,-111.176981,316.115528,483.791464,-111.188352,312.936168,484.545054,-111.158362,335.063982,482.179826,-20.022357,305.832141,486.133861,-19.646602,324.451076,466.132007,-89.772925,315.389007,468.080814,-90.128011,350.695070,451.460748,11.495029,279.138107,461.923870,53.895772,411.782731,444.448241,-74.707991,223.623916,482.100798,24.098992,383.000080,484.470780,-152.349738,273.519852,505.391292,-5.731618,378.720474,498.940574,-171.195037,287.708026,513.174344,-19.008540,372.020601,497.492169,-153.279353,292.484169,509.639357,6.541478,369.986844,491.516656,-147.413983,290.000237,504.709241,1.965554,331.298107,341.825542,-45.690344,294.788643,339.017599,45.715693,320.180245,257.314905,-107.829851,305.286962,255.096128,46.158621,321.575237,164.168261,-113.004594,330.237521,186.342084,108.152391,328.928236,146.863649,-118.101100,341.654006,175.495906,109.938155,291.102280,144.048769,-221.681681,301.318087,165.137796,39.263619,
0.000000,0.000000,0.000000,0.000000,0.000000,0.000000,0.000000,0.000000,0.000000,0.000000,0.000000,0.000000,0.000000,0.000000,0.000000,0.000000,0.000000,0.000000,0.000000,0.000000,0.000000,0.000000,0.000000,0.000000,0.000000,0.000000,0.000000,0.000000,0.000000,0.000000,0.000000,0.000000,0.000000,0.000000,0.000000,0.000000,0.000000,0.000000,0.000000,0.000000,0.000000,0.000000,0.000000,0.000000,0.000000,0.000000,0.000000,0.000000,0.000000,0.000000,0.000000,0.000000,320.767804,474.174746,-126.957482,326.491369,481.925275,-112.613335,329.015326,481.889709,-112.545272,331.703579,481.858811,-112.590750,318.725186,483.169788,-112.264357,315.742229,483.896827,-112.269636,312.550774,484.625452,-112.234804,335.081594,482.179386,-21.829187,305.712457,486.130694,-18.677138,324.257625,466.211008,-91.312078,314.970806,468.164262,-91.017251,350.843011,451.439198,8.563432,279.176940,461.875211,56.830012,412.237249,444.385813,-78.424693,223.527370,482.216119,34.655467,383.057505,484.514539,-157.814195,273.009882,505.432756,10.242386,378.798301,498.990235,-177.503885,287.062492,513.274498,-2.246184,372.069965,497.463986,-159.784106,292.014277,509.786893,22.525318,370.035964,491.526544,-152.991936,289.544006,504.796657,17.757514,331.331217,341.791802,-47.215240,294.867377,339.017706,47.238893,320.205971,257.263157,-107.775714,305.464870,255.116382,49.062305,321.748127,164.160689,-112.187214,330.226622,186.144324,112.542257,329.112111,146.875386,-117.187346,341.596126,175.582402,114.432735,291.289934,144.250861,-221.156868,301.369727,165.144792,43.872596,
0.000000,0.000000,0.000000,0.000000,0.000000,0.000000,0.000000,0.000000,0.000000,0.000000,0.000000,0.000000,0.000000,0.000000,0.000000,0.000000,0.000000,0.000000,0.000000,0.000000,0.000000,0.000000,0.000000,0.000000,0.000000,0.000000,0.000000,0.000000,0.000000,0.000000,0.000000,0.000000,0.000000,0.000000,0.000000,0.000000,0.000000,0.000000,0.000000,0.000000,0.000000,0.000000,0.000000,0.000000,0.000000,0.000000,0.000000,0.000000,0.000000,0.000000,0.000000,0.000000,320.389852,474.381195,-128.135682,326.337632,482.063061,-113.884149,328.888140,482.026039,-113.817690,331.541697,481.973349,-113.863307,318.387213,483.284223,-113.351734,315.368930,484.002190,-113.350920,312.165381,484.705849,-113.311245,335.099206,482.178947,-23.636016,305.592773,486.127528,-17.707674,324.064174,466.290010,-92.851232,314.552605,468.247709,-91.906491,350.990951,451.417648,5.631835,279.215772,461.826553,59.764251,412.691767,444.323386,-82.141396,223.430825,482.331441,45.211943,383.114930,484.558299,-163.278653,272.499911,505.474220,26.216390,378.876128,499.039896,-183.812734,286.416959,513.374652,14.516173,372.119330,497.435804,-166.288858,291.544385,509.934429,38.509159,370.085084,491.536432,-158.569890,289.087775,504.884073,33.549473,331.364328,341.758062,-48.740136,294.946110,339.017814,48.762092,320.231696,257.211408,-107.721576,305.642779,255.136635,51.965988,321.921018,164.153117,-111.369834,330.215722,185.946564,116.932123,329.295986,146.887123,-116.273591,341.538246,175.668897,118.927314,291.477588,144.452952,-220.632056,301.421367,165.151787,48.481573,
0.000000,0.000000,0.000000,0.000000,0.000000,0.000000,0.000000,0.000000,0.000000,0.000000,0.000000,0.000000,0.000000,0.000000,0.000000,0.000000,0.000000,0.000000,0.000000,0.000000,0.000000,0.000000,0.000000,0.000000,0.000000,0.000000,0.000000,0.000000,0.000000,0.000000,0.000000,0.000000,0.000000,0.000000,0.000000,0.000000,0.000000,0.000000,0.000000,0.000000,0.000000,0.000000,0.000000,0.000000,0.000000,0.000000,0.000000,0.000000,0.000000,0.000000,0.000000,0.000000,320.011900,474.587644,-129.313882,326.183896,482.200848,-115.154964,328.760955,482.162369,-115.090108,331.379816,482.087888,-115.135864,318.049240,483.398659,-114.439111,314.995631,484.107552,-114.432204,311.779988,484.786247,-114.387686,335.116818,482.178507,-25.442845,305.473089,486.124361,-16.738210,323.870723,466.369012,-94.390385,314.134404,468.331157,-92.795732,351.138892,451.396099,2.700237,279.254605,461.777895,62.698491,413.146285,444.260959,-85.858098,223.334280,482.446762,55.768418,383.172356,484.602058,-168.743110,271.989941,505.515684,42.190393,378.953955,499.089557,-190.121582,285.771425,513.474806,31.278529,372.168695,497.407621,-172.793611,291.074492,510.081966,54.492999,370.134203,491.546320,-164.147843,288.631544,504.971488,49.341432,331.397438,341.724322,-50.265032,295.024843,339.017922,50.285292,320.257422,257.159659,-107.667439,305.820687,255.156889,54.869671,322.093908,164.145545,-110.552454,330.204823,185.748804,121.321990,329.479862,146.898859,-115.359837,341.480365,175.755392,123.421894,291.665242,144.655044,-220.107244,301.473007,165.158783,53.090550,
0.000000,0.000000,0.000000,0.000000,0.000000,0.000000,0.000000,0.000000,0.000000,0.000000,0.000000,0.000000,0.000000,0.000000,0.000000,0.000000,0.000000,0.000000,0.000000,0.000000,0.000000,0.000000,0.000000,0.000000,0.000000,0.000000,0.000000,0.000000,0.000000,0.000000,0.000000,0.000000,0.000000,0.000000,0.000000,0.000000,0.000000,0.000000,0.000000,0.000000,0.000000,0.000000,0.000000,0.000000,0.000000,0.000000,0.000000,0.000000,0.000000,0.000000,0.000000,0.000000,319.534100,474.790778,-129.320591,325.854780,482.390017,-115.348748,328.486731,482.351782,-115.286009,331.105168,482.265364,-115.332850,317.587336,483.555853,-114.252278,314.532436,484.252250,-114.241039,311.344273,484.909808,-114.194704,335.034111,482.258990,-26.340018,305.374272,486.169977,-15.128790,323.581902,466.472287,-94.833761,313.690749,468.457235,-92.510614,351.257235,451.411214,0.958524,279.368910,461.789015,66.206548,413.398391,444.301796,-87.606570,223.284783,482.545423,66.073749,383.121596,484.769332,-170.639524,271.573144,505.648649,57.538277,378.845487,499.259304,-192.098995,285.191841,513.670742,47.602169,372.087901,497.500757,-174.771686,290.586695,510.357196,70.230357,370.067950,491.647097,-165.997825,288.191612,505.239559,64.581961,331.413321,341.613843,-51.561731,295.139528,339.001000,51.582684,320.229400,257.078478,-108.426424,305.960530,255.156137,56.668090,322.202557,164.130207,-111.418509,330.189199,185.569747,123.159424,329.617348,146.882769,-116.192150,341.427210,175.752569,125.256666,291.766663,144.755305,-220.803237,301.507537,165.138220,55.151033,
0.000000,0.000000,0.000000,0.000000,0.000000,0.000000,0.000000,0.000000,0.000000,0.000000,0.000000,0.000000,0.000000,0.000000,0.000000,0.000000,0.000000,0.000000,0.000000,0.000000,0.000000,0.000000,0.000000,0.000000,0.000000,0.000000,0.000000,0.000000,0.000000,0.000000,0.000000,0.000000,0.000000,0.000000,0.000000,0.000000,0.000000,0.000000,0.000000,0.000000,0.000000,0.000000,0.000000,0.000000,0.000000,0.000000,0.000000,0.000000,0.000000,0.000000,0.000000,0.000000,319.056300,474.993912,-129.327299,325.525664,482.579186,-115.542531,328.212508,482.541196,-115.481909,330.830520,482.442840,-115.529836,317.125432,483.713047,-114.065446,314.069241,484.396947,-114.049874,310.908559,485.033370,-114.001722,334.951403,482.339474,-27.237192,305.275454,486.215593,-13.519370,323.293081,466.575562,-95.277138,313.247094,468.583313,-92.225496,351.375578,451.426330,-0.783190,279.483214,461.800136,69.714605,413.650496,444.342634,-89.355041,223.235285,482.644084,76.379080,383.070835,484.936607,-172.535939,271.156347,505.781615,72.886160,378.737019,499.429051,-194.076409,284.612258,513.866678,63.925810,372.007108,497.593892,-176.749760,290.098898,510.632427,85.967714,370.001697,491.747873,-167.847808,287.751681,505.507630,79.822490,331.429203,341.503364,-52.858429,295.254213,338.984078,52.880075,320.201378,256.997297,-109.185409,306.100374,255.155384,58.466509,322.311207,164.114870,-112.284564,330.173575,185.390690,124.996859,329.754834,146.866680,-117.024462,341.374055,175.749746,127.091439,291.868085,144.855567,-221.499229,301.542067,165.117656,57.211517,
0.000000,0.000000,0.000000,0.000000,0.000000,0.000000,0.000000,0.000000,0.000000,0.000000,0.000000,0.000000,0.000000,0.000000,0.000000,0.000000,0.000000,0.000000,0.000000,0.000000,0.000000,0.000000,0.000000,0.000000,0.000000,0.000000,0.000000,0.000000,0.000000,0.000000,0.000000,0.000000,0.000000,0.000000,0.000000,0.000000,0.000000,0.000000,0.000000,0.000000,0.000000,0.000000,0.000000,0.000000,0.000000,0.000000,0.000000,0.000000,0.000000,0.000000,0.000000,0.000000,318.578500,475.197046,-129.334008,325.196548,482.768355,-115.736315,327.938284,482.730609,-115.677809,330.555872,482.620317,-115.726822,316.663529,483.870241,-113.878613,313.606046,484.541644,-113.858709,310.472844,485.156932,-113.808740,334.868696,482.419958,-28.134365,305.176637,486.261209,-11.909950,323.004259,466.678837,-95.720515,312.803439,468.709390,-91.940378,351.493921,451.441445,-2.524903,279.597519,461.811257,73.222663,413.902602,444.383471,-91.103512,223.185788,482.742745,86.684411,383.020075,485.103881,-174.432353,270.739551,505.914581,88.234044,378.628551,499.598798,-196.053823,284.032674,514.062614,80.249450,371.926315,497.687027,-178.727835,289.611101,510.907658,101.705072,369.935444,491.848649,-169.697791,287.311749,505.775701,95.063020,331.445086,341.392885,-54.155128,295.368897,338.967156,54.177467,320.173355,256.916116,-109.944394,306.240217,255.154632,60.264927,322.419857,164.099532,-113.150619,330.157952,185.211633,126.834293,329.892321,146.850590,-117.856775,341.320900,175.746922,128.926211,291.969506,144.955828,-222.195222,301.576598,165.097093,59.272000,
0.000000,0.000000,0.000000,0.000000,0.000000,0.000000,0.000000,0.000000,0.000000,0.000000,0.000000,0.000000,0.000000,0.000000,0.000000,0.000000,0.000000,0.000000,0.000000,0.000000,0.000000,0.000000,0.000000,0.000000,0.000000,0.000000,0.000000,0.000000,0.000000,0.000000,0.000000,0.000000,0.000000,0.000000,0.000000,0.000000,0.000000,0.000000,0.000000,0.000000,0.000000,0.000000,0.000000,0.000000,0.000000,0.000000,0.000000,0.000000,0.000000,0.000000,0.000000,0.000000,318.100700,475.400180,-129.340717,324.867433,482.957525,-115.930099,327.664060,482.920023,-115.873710,330.281224,482.797793,-115.923808,316.201625,484.027436,-113.691780,313.142851,484.686342,-113.667544,310.037129,485.280494,-113.615758,334.785989,482.500442,-29.031538,305.077819,486.306826,-10.300530,322.715438,466.782111,-96.163891,312.359784,468.835468,-91.655260,351.612264,451.456560,-4.266617,279.711824,461.822377,76.730720,414.154707,444.424309,-92.851983,223.136291,482.841406,96.989742,382.969315,485.271156,-176.328768,270.322754,506.047546,103.581927,378.520084,499.768546,-198.031237,283.453090,514.258550,96.573090,371.845522,497.780163,-180.705909,289.123304,511.182889,117.442430,369.869191,491.949425,-171.547774,286.871818,506.043772,110.303549,331.460968,341.282406,-55.451827,295.483582,338.950234,55.474858,320.145333,256.834935,-110.703379,306.380060,255.153879,62.063346,322.528506,164.084194,-114.016674,330.142328,185.032576,128.671728,330.029807,146.834500,-118.689088,341.267745,175.744099,130.760984,292.070927,145.056089,-222.891215,301.611128,165.076530,61.332484,
0.000000,0.000000,0.000000,0.000000,0.000000,0.000000,0.000000,0.000000,0.000000,0.000000,0.000000,0.000000,0.000000,0.000000,0.000000,0.000000,0.000000,0.000000,0.000000,0.000000,0.000000,0.000000,0.000000,0.000000,0.000000,0.000000,0.000000,0.000000,0.000000,0.000000,0.000000,0.000000,0.000000,0.000000,0.000000,0.000000,0.000000,0.000000,0.000000,0.000000,0.000000,0.000000,0.000000,0.000000,0.000000,0.000000,0.000000,0.000000,0.000000,0.000000,0.000000,0.000000,317.526447,475.603472,-128.637347,324.366451,483.191762,-115.517674,327.243275,483.155388,-115.463785,329.901970,483.031284,-115.515949,315.615571,484.225832,-112.626996,312.584382,484.870359,-112.600557,309.546346,485.447213,-112.549853,334.601587,482.664554,-29.604514,304.994568,486.404918,-8.493403,322.338396,466.908604,-95.967405,311.885813,469.002183,-90.617049,351.689150,451.505453,-5.501942,279.894369,461.899568,80.377467,414.196621,444.581187,-93.578804,223.142161,482.927029,106.170813,382.799870,485.559746,-175.928333,270.014214,506.265564,116.754097,378.193308,500.058176,-197.098962,282.937901,514.548496,110.797203,371.596159,497.998651,-179.527390,288.612069,511.581950,131.244796,369.655207,492.139027,-170.954584,286.446551,506.484293,123.413514,331.451626,341.092804,-56.624069,295.626775,338.919179,56.650397,320.055449,256.723583,-112.292449,306.512843,255.133775,63.343268,322.559095,164.053570,-116.498461,330.135464,184.960778,129.682859,330.119537,146.782013,-121.190672,341.222796,175.747105,131.792566,292.034053,145.042208,-224.852072,301.686818,165.128492,62.694794,
0.000000,0.000000,0.000000,0.000000,0.000000,0.000000,0.000000,0.000000,0.000000,0.000000,0.000000,0.000000,0.000000,0.000000,0.000000,0.000000,0.000000,0.000000,0.000000,0.000000,0.000000,0.000000,0.000000,0.000000,0.000000,0.000000,0.000000,0.000000,0.000000,0.000000,0.000000,0.000000,0.000000,0.000000,0.000000,0.000000,0.000000,0.000000,0.000000,0.000000,0.000000,0.000000,0.000000,0.000000,0.000000,0.000000,0.000000,0.000000,0.000000,0.000000,0.000000,0.000000,316.952195,475.806763,-127.933977,323.865470,483.426000,-115.105250,326.822489,483.390754,-115.053861,329.522716,483.264775,-115.108090,315.029517,484.424227,-111.562212,312.025914,485.054376,-111.533569,309.055562,485.613931,-111.483948,334.417185,482.828666,-30.177489,304.911316,486.503010,-6.686276,321.961355,467.035097,-95.770918,311.411841,469.168897,-89.578837,351.766035,451.554346,-6.737267,280.076915,461.976758,84.024214,414.238535,444.738064,-94.305624,223.148032,483.012652,115.351884,382.630425,485.848337,-175.527897,269.705673,506.483581,129.926267,377.866532,500.347807,-196.166686,282.422711,514.838442,125.021316,371.346796,498.217139,-178.348872,288.100834,511.981012,145.047162,369.441223,492.328629,-170.361394,286.021285,506.924815,136.523480,331.442284,340.903201,-57.796312,295.769967,338.888124,57.825936,319.965564,256.612231,-113.881520,306.645625,255.113671,64.623190,322.589684,164.022945,-118.980248,330.128600,184.888980,130.693991,330.209268,146.729526,-123.692257,341.177846,175.750110,132.824149,291.997178,145.028327,-226.812929,301.762507,165.180454,64.057103,
0.000000,0.000000,0.000000,0.000000,0.000000,0.000000,0.000000,0.000000,0.000000,0.000000,0.000000,0.000000,0.000000,0.000000,0.000000,0.000000,0.000000,0.000000,0.000000,0.000000,0.000000,0.000000,0.000000,0.000000,0.000000,0.000000,0.000000,0.000000,0.000000,0.000000,0.000000,0.000000,0.000000,0.000000,0.000000,0.000000,0.000000,0.000000,0.000000,0.000000,0.000000,0.000000,0.000000,0.000000,0.000000,0.000000,0.000000,0.000000,0.000000,0.000000,0.000000,0.000000,316.377942,476.010055,-127.230608,323.364488,483.660238,-114.692825,326.401703,483.626120,-114.643936,329.143462,483.498265,-114.700232,314.443464,484.622623,-110.497428,311.467445,485.238393,-110.466582,308.564778,485.780650,-110.418042,334.232784,482.992778,-30.750465,304.828065,486.601103,-4.879149,321.584313,467.161590,-95.574432,310.937870,469.335611,-88.540625,351.842921,451.603239,-7.972592,280.259460,462.053949,87.670961,414.280450,444.894942,-95.032445,223.153902,483.098275,124.532955,382.460979,486.136928,-175.127462,269.397133,506.701599,143.098437,377.539756,500.637437,-195.234411,281.907521,515.128388,139.245429,371.097432,498.435627,-177.170353,287.589599,512.380073,158.849528,369.227239,492.518231,-169.768205,285.596018,507.365336,149.633445,331.432941,340.713599,-58.968554,295.913160,338.857068,59.001474,319.875680,256.500878,-115.470590,306.778408,255.093566,65.903112,322.620273,163.992320,-121.462034,330.121736,184.817182,131.705122,330.298998,146.677040,-126.193841,341.132897,175.753116,133.855731,291.960303,145.014445,-228.773786,301.838197,165.232417,65.419413,
0.000000,0.000000,0.000000,0.000000,0.000000,0.000000,0.000000,0.000000,0.000000,0.000000,0.000000,0.000000,0.000000,0.000000,0.000000,0.000000,0.000000,0.000000,0.000000,0.000000,0.000000,0.000000,0.000000,0.000000,0.000000,0.000000,0.000000,0.000000,0.000000,0.000000,0.000000,0.000000,0.000000,0.000000,0.000000,0.000000,0.000000,0.000000,0.000000,0.000000,0.000000,0.000000,0.000000,0.000000,0.000000,0.000000,0.000000,0.000000,0.000000,0.000000,0.000000,0.000000,315.803690,476.213347,-126.527238,322.863507,483.894476,-114.280401,325.980918,483.861486,-114.234012,328.764208,483.731756,-114.292373,313.857410,484.821019,-109.432643,310.908976,485.422410,-109.399594,308.073994,485.947368,-109.352137,334.048382,483.156891,-31.323441,304.744814,486.699195,-3.072022,321.207271,467.288083,-95.377945,310.463898,469.502325,-87.502414,351.919806,451.652132,-9.207918,280.442006,462.131139,91.317708,414.322364,445.051820,-95.759266,223.159773,483.183897,133.714026,382.291534,486.425518,-174.727027,269.088592,506.919616,156.270607,377.212980,500.927068,-194.302135,281.392332,515.418334,153.469542,370.848069,498.654115,-175.991834,287.078364,512.779135,172.651894,369.013254,492.707832,-169.175015,285.170751,507.805858,162.743411,331.423599,340.523996,-60.140796,296.056353,338.826013,60.177013,319.785795,256.389526,-117.059660,306.911191,255.073462,67.183034,322.650861,163.961696,-123.943821,330.114873,184.745384,132.716254,330.388728,146.624553,-128.695426,341.087947,175.756121,134.887313,291.923428,145.000564,-230.734643,301.913886,165.284379,66.781723,
0.000000,0.000000,0.000000,0.000000,0.000000,0.000000,0.000000,0.000000,0.000000,0.000000,0.000000,0.000000,0.000000,0.000000,0.000000,0.000000,0.000000,0.000000,0.000000,0.000000,0.000000,0.000000,0.000000,0.000000,0.000000,0.000000,0.000000,0.000000,0.000000,0.000000,0.000000,0.000000,0.000000,0.000000,0.000000,0.000000,0.000000,0.000000,0.000000,0.000000,0.000000,0.000000,0.000000,0.000000,0.000000,0.000000,0.000000,0.000000,0.000000,0.000000,0.000000,0.000000,315.131740,476.437458,-125.666835,322.188548,484.188354,-113.759167,325.410225,484.156623,-113.714660,328.275839,484.034222,-113.775854,313.146939,485.078918,-108.073494,310.252763,485.665101,-108.040587,307.535265,486.176453,-107.997356,333.744623,483.413215,-32.165674,304.677530,486.863100,-1.568452,320.736366,467.452262,-94.946172,309.953578,469.730980,-86.266144,351.926990,451.739669,-10.598244,280.686396,462.279809,94.453449,414.047308,445.350222,-96.105561,223.148525,483.250951,141.089203,382.036401,486.834198,-172.321948,268.884164,507.213685,166.632738,376.666862,501.335717,-190.812777,280.934719,515.790963,164.996764,370.429756,498.997930,-172.041606,286.547772,513.279736,183.917407,368.652662,492.979865,-166.488810,284.756265,508.403555,173.095504,331.388559,340.251356,-61.211059,296.232963,338.780705,61.253334,319.622714,256.246343,-119.506284,307.089644,255.028538,68.262369,322.612255,163.895609,-128.098578,330.125003,184.782894,133.781308,330.433400,146.529009,-132.928952,341.040044,175.679506,136.047484,291.710049,144.862869,-234.082315,302.004439,165.362759,68.326810,
0.000000,0.000000,0.000000,0.000000,0.000000,0.000000,0.000000,0.000000,0.000000,0.000000,0.000000,0.000000,0.000000,0.000000,0.000000,0.000000,0.000000,0.000000,0.000000,0.000000,0.000000,0.000000,0.000000,0.000000,0.000000,0.000000,0.000000,0.000000,0.000000,0.000000,0.000000,0.000000,0.000000,0.000000,0.000000,0.000000,0.000000,0.000000,0.000000,0.000000,0.000000,0.000000,0.000000,0.000000,0.000000,0.000000,0.000000,0.000000,0.000000,0.000000,0.000000,0.000000,314.459791,476.661570,-124.806432,321.513590,484.482233,-113.237934,324.839532,484.451760,-113.195307,327.787469,484.336687,-113.259335,312.436468,485.336816,-106.714346,309.596549,485.907793,-106.681580,306.996535,486.405538,-106.642575,333.440863,483.669540,-33.007907,304.610247,487.027004,-0.064882,320.265460,467.616441,-94.514398,309.443257,469.959634,-85.029874,351.934174,451.827207,-11.988570,280.930787,462.428480,97.589190,413.772253,445.648624,-96.451857,223.137277,483.318005,148.464381,381.781268,487.242878,-169.916870,268.679735,507.507754,176.994868,376.120745,501.744367,-187.323419,280.477105,516.163591,176.523985,370.011443,499.341746,-168.091377,286.017180,513.780337,195.182920,368.292070,493.251898,-163.802606,284.341778,509.001253,183.447598,331.353519,339.978716,-62.281322,296.409574,338.735396,62.329655,319.459633,256.103159,-121.952909,307.268097,254.983614,69.341704,322.573649,163.829521,-132.253336,330.135133,184.820403,134.846363,330.478071,146.433464,-137.162478,340.992140,175.602891,137.207655,291.496670,144.725173,-237.429986,302.094992,165.441139,69.871897,
0.000000,0.000000,0.000000,0.000000,0.000000,0.000000,0.000000,0.000000,0.000000,0.000000,0.000000,0.000000,0.000000,0.000000,0.000000,0.000000,0.000000,0.000000,0.000000,0.000000,0.000000,0.000000,0.000000,0.000000,0.000000,0.000000,0.000000,0.000000,0.000000,0.000000,0.000000,0.000000,0.000000,0.000000,0.000000,0.000000,0.000000,0.000000,0.000000,0.000000,0.000000,0.000000,0.000000,0.000000,0.000000,0.000000,0.000000,0.000000,0.000000,0.000000,0.000000,0.000000,313.787841,476.885682,-123.946029,320.838632,484.776111,-112.716700,324.268839,484.746897,-112.675955,327.299100,484.639153,-112.742816,311.725997,485.594714,-105.355197,308.940335,486.150484,-105.322573,306.457805,486.634623,-105.287794,333.137104,483.925864,-33.850140,304.542964,487.190909,1.438688,319.794555,467.780620,-94.082625,308.932936,470.188289,-83.793604,351.941358,451.914744,-13.378897,281.175177,462.577150,100.724932,413.497197,445.947026,-96.798153,223.126030,483.385059,155.839558,381.526135,487.651558,-167.511791,268.475307,507.801823,187.356999,375.574627,502.153017,-183.834061,280.019492,516.536219,188.051207,369.593129,499.685562,-164.141148,285.486587,514.280938,206.448432,367.931478,493.523931,-161.116402,283.927292,509.598951,193.799692,331.318479,339.706076,-63.351584,296.586185,338.690088,63.405976,319.296552,255.959975,-124.399533,307.446550,254.938690,70.421039,322.535043,163.763434,-136.408093,330.145263,184.857913,135.911417,330.522743,146.337920,-141.396005,340.944236,175.526275,138.367826,291.283291,144.587478,-240.777657,302.185545,165.519519,71.416984,
0.000000,0.000000,0.000000,0.000000,0.000000,0.000000,0.000000,0.000000,0.000000,0.000000,0.000000,0.000000,0.000000,0.000000,0.000000,0.000000,0.000000,0.000000,0.000000,0.000000,0.000000,0.000000,0.000000,0.000000,0.000000,0.000000,0.000000,0.000000,0.000000,0.000000,0.000000,0.000000,0.000000,0.000000,0.000000,0.000000,0.000000,0.000000,0.000000,0.000000,0.000000,0.000000,0.000000,0.000000,0.000000,0.000000,0.000000,0.000000,0.000000,0.000000,0.000000,0.000000,313.115892,477.109793,-123.085627,320.163674,485.069989,-112.195466,323.698147,485.042035,-112.156603,326.810731,484.941619,-112.226297,311.015526,485.852612,-103.996048,308.284122,486.393176,-103.963566,305.919075,486.863708,-103.933013,332.833345,484.182189,-34.692373,304.475680,487.354813,2.942258,319.323650,467.944799,-93.650851,308.422616,470.416944,-82.557334,351.948542,452.002282,-14.769223,281.419568,462.725820,103.860673,413.222142,446.245428,-97.144449,223.114782,483.452112,163.214736,381.271002,488.060237,-165.106713,268.270878,508.095892,197.719129,375.028509,502.561667,-180.344702,279.561879,516.908847,199.578428,369.174816,500.029377,-160.190919,284.955995,514.781539,217.713945,367.570886,493.795963,-158.430197,283.512805,510.196649,204.151786,331.283439,339.433436,-64.421847,296.762795,338.644779,64.482297,319.133472,255.816792,-126.846157,307.625004,254.893766,71.500374,322.496437,163.697347,-140.562850,330.155393,184.895423,136.976471,330.567414,146.242375,-145.629531,340.896332,175.449660,139.527997,291.069913,144.449782,-244.125329,302.276099,165.597899,72.962071,
0.000000,0.000000,0.000000,0.000000,0.000000,0.000000,0.000000,0.000000,0.000000,0.000000,0.000000,0.000000,0.000000,0.000000,0.000000,0.000000,0.000000,0.000000,0.000000,0.000000,0.000000,0.000000,0.000000,0.000000,0.000000,0.000000,0.000000,0.000000,0.000000,0.000000,0.000000,0.000000,0.000000,0.000000,0.000000,0.000000,0.000000,0.000000,0.000000,0.000000,0.000000,0.000000,0.000000,0.000000,0.000000,0.000000,0.000000,0.000000,0.000000,0.000000,0.000000,0.000000,312.539319,477.436811,-125.151009,319.486404,485.385647,-114.995485,323.023201,485.390203,-114.953858,326.210709,485.321183,-115.025078,310.529134,486.104198,-106.041726,307.936954,486.630129,-106.007478,305.673843,487.084484,-105.988403,332.529430,484.485412,-39.418170,304.458931,487.491817,2.074583,318.879433,468.334799,-96.294765,308.115381,470.810158,-84.407005,352.034127,452.117020,-20.388054,281.796067,462.872260,102.377439,413.628477,446.681261,-105.323865,224.475717,483.693071,162.188643,380.018803,488.521317,-170.529169,268.196938,508.445035,194.368280,373.614703,502.926153,-186.642390,279.466475,517.275451,196.095712,367.844826,500.416126,-166.222982,284.890685,515.135759,213.312269,366.218708,494.098651,-163.772432,283.508227,510.601432,200.361907,330.984270,339.338288,-65.048073,297.028291,338.671789,65.123534,318.722139,255.815980,-128.919182,308.191217,255.168427,76.487791,322.489161,163.795101,-143.695388,330.345049,185.273593,146.622187,330.568630,146.241472,-148.844013,341.083677,175.845859,149.553922,290.727768,144.471867,-247.730241,302.702150,166.154834,83.292798,
0.000000,0.000000,0.000000,0.000000,0.000000,0.000000,0.000000,0.000000,0.000000,0.000000,0.000000,0.000000,0.000000,0.000000,0.000000,0.000000,0.000000,0.000000,0.000000,0.000000,0.000000,0.000000,0.000000,0.000000,0.000000,0.000000,0.000000,0.000000,0.000000,0.000000,0.000000,0.000000,0.000000,0.000000,0.000000,0.000000,0.000000,0.000000,0.000000,0.000000,0.000000,0.000000,0.000000,0.000000,0.000000,0.000000,0.000000,0.000000,0.000000,0.000000,0.000000,0.000000,311.962747,477.763828,-127.216392,318.809135,485.701306,-117.795504,322.348254,485.738371,-117.751113,325.610687,485.700746,-117.823860,310.042743,486.355783,-108.087404,307.589786,486.867082,-108.051391,305.428610,487.305259,-108.043793,332.225515,484.788634,-44.143967,304.442183,487.628821,1.206909,318.435216,468.724799,-98.938680,307.808146,471.203372,-86.256677,352.119711,452.231759,-26.006885,282.172566,463.018699,100.894206,414.034811,447.117093,-113.503280,225.836652,483.934029,161.162550,378.766603,488.982398,-175.951624,268.122998,508.794177,191.017431,372.200896,503.290639,-192.940078,279.371072,517.642056,192.612995,366.514837,500.802874,-172.255044,284.825376,515.489978,208.910592,364.866530,494.401338,-169.114667,283.503649,511.006216,196.572027,330.685101,339.243139,-65.674298,297.293786,338.698799,65.764772,318.310807,255.815168,-130.992207,308.757430,255.443089,81.475209,322.481885,163.892856,-146.827925,330.534706,185.651763,156.267902,330.569845,146.240569,-152.058495,341.271021,176.242059,159.579847,290.385623,144.493951,-251.335153,303.128201,166.711768,93.623524,
0.000000,0.000000,0.000000,0.000000,0.000000,0.000000,0.000000,0.000000,0.000000,0.000000,0.000000,0.000000,0.000000,0.000000,0.000000,0.000000,0.000000,0.000000,0.000000,0.000000,0.000000,0.000000,0.000000,0.000000,0.000000,0.000000,0.000000,0.000000,0.000000,0.000000,0.000000,0.000000,0.000000,0.000000,0.000000,0.000000,0.000000,0.000000,0.000000,0.000000,0.000000,0.000000,0.000000,0.000000,0.000000,0.000000,0.000000,0.000000,0.000000,0.000000,0.000000,0.000000,311.386175,478.090846,-129.281775,318.131866,486.016964,-120.595523,321.673308,486.086539,-120.548368,325.010666,486.080310,-120.622641,309.556352,486.607368,-110.133082,307.242618,487.104034,-110.095303,305.183378,487.526035,-110.099183,331.921600,485.091857,-48.869764,304.425434,487.765825,0.339234,317.991000,469.114799,-101.582594,307.500911,471.596587,-88.106349,352.205296,452.346497,-31.625715,282.549065,463.165139,99.410973,414.441146,447.552926,-121.682696,227.197587,484.174988,160.136457,377.514404,489.443478,-181.374080,268.049058,509.143320,187.666581,370.787090,503.655125,-199.237766,279.275669,518.008660,189.130279,365.184847,501.189623,-178.287107,284.760067,515.844197,204.508916,363.514353,494.704025,-174.456902,283.499071,511.410999,192.782148,330.385932,339.147990,-66.300524,297.559281,338.725808,66.406009,317.899474,255.814356,-133.065232,309.323643,255.717750,86.462627,322.474609,163.990611,-149.960463,330.724362,186.029933,165.913617,330.571061,146.239665,-155.272977,341.458366,176.638258,169.605772,290.043479,144.516035,-254.940065,303.554252,167.268703,103.954250,
0.000000,0.000000,0.000000,0.000000,0.000000,0.000000,0.000000,0.000000,0.000000,0.000000,0.000000,0.000000,0.000000,0.000000,0.000000,0.000000,0.000000,0.000000,0.000000,0.000000,0.000000,0.000000,0.000000,0.000000,0.000000,0.000000,0.000000,0.000000,0.000000,0.000000,0.000000,0.000000,0.000000,0.000000,0.000000,0.000000,0.000000,0.000000,0.000000,0.000000,0.000000,0.000000,0.000000,0.000000,0.000000,0.000000,0.000000,0.000000,0.000000,0.000000,0.000000,0.000000,310.809603,478.417863,-131.347157,317.454596,486.332623,-123.395542,320.998362,486.434707,-123.345622,324.410644,486.459874,-123.421423,309.069960,486.858954,-112.178760,306.895450,487.340987,-112.139216,304.938145,487.746811,-112.154573,331.617685,485.395079,-53.595561,304.408685,487.902829,-0.528441,317.546783,469.504799,-104.226508,307.193676,471.989801,-89.956020,352.290880,452.461236,-37.244546,282.925564,463.311578,97.927740,414.847481,447.988758,-129.862112,228.558522,484.415946,159.110365,376.262205,489.904558,-186.796536,267.975118,509.492462,184.315732,369.373283,504.019611,-205.535454,279.180265,518.375264,185.647563,363.854857,501.576372,-184.319169,284.694757,516.198416,200.107239,362.162175,495.006712,-179.799138,283.494493,511.815783,188.992269,330.086763,339.052841,-66.926750,297.824776,338.752818,67.047247,317.488142,255.813544,-135.138257,309.889855,255.992411,91.450044,322.467333,164.088365,-153.093001,330.914019,186.408104,175.559333,330.572276,146.238762,-158.487459,341.645711,177.034458,179.631697,289.701334,144.538119,-258.544977,303.980303,167.825638,114.284976,
0.000000,0.000000,0.000000,0.000000,0.000000,0.000000,0.000000,0.000000,0.000000,0.000000,0.000000,0.000000,0.000000,0.000000,0.000000,0.000000,0.000000,0.000000,0.000000,0.000000,0.000000,0.000000,0.000000,0.000000,0.000000,0.000000,0.000000,0.000000,0.000000,0.000000,0.000000,0.000000,0.000000,0.000000,0.000000,0.000000,0.000000,0.000000,0.000000,0.000000,0.000000,0.000000,0.000000,0.000000,0.000000,0.000000,0.000000,0.000000,0.000000,0.000000,0.000000,0.000000,310.072567,478.621651,-130.903716,316.551494,486.522605,-123.772257,320.038130,486.653812,-123.722061,323.442069,486.709503,-123.798859,308.445290,486.993961,-111.738809,306.400093,487.464991,-111.698770,304.533651,487.860371,-111.722027,331.037715,485.623726,-56.106555,304.365633,487.981643,0.112831,316.829383,469.818444,-104.745209,306.756562,472.269096,-89.466749,352.169669,452.537733,-40.998631,283.528311,463.382707,98.603029,414.243974,448.421469,-135.354915,230.235183,484.642404,162.258616,374.742459,490.302604,-190.256531,268.015222,509.778542,187.851833,367.743883,504.350526,-209.345906,279.164180,518.699290,189.492665,362.308991,501.986516,-188.196879,284.675375,516.545755,203.267893,360.664283,495.392650,-183.241800,283.507391,512.181727,192.246740,329.813341,338.993591,-67.688021,298.137747,338.772007,67.816217,317.110191,255.822613,-136.607110,310.192315,256.224396,94.381932,322.422335,164.145668,-155.834383,331.018159,186.672840,179.809097,330.570284,146.251640,-161.288593,341.735464,177.402149,183.970359,289.422762,144.556769,-260.833411,304.242170,168.330253,119.372220,
0.000000,0.000000,0.000000,0.000000,0.000000,0.000000,0.000000,0.000000,0.000000,0.000000,0.000000,0.000000,0.000000,0.000000,0.000000,0.000000,0.000000,0.000000,0.000000,0.000000,0.000000,0.000000,0.000000,0.000000,0.000000,0.000000,0.000000,0.000000,0.000000,0.000000,0.000000,0.000000,0.000000,0.000000,0.000000,0.000000,0.000000,0.000000,0.000000,0.000000,0.000000,0.000000,0.000000,0.000000,0.000000,0.000000,0.000000,0.000000,0.000000,0.000000,0.000000,0.000000,309.335532,478.825439,-130.460275,315.648392,486.712588,-124.148973,319.077898,486.872917,-124.098499,322.473493,486.959133,-124.176295,307.820620,487.128968,-111.298858,305.904735,487.588994,-111.258324,304.129157,487.973930,-111.289480,330.457744,485.852373,-58.617548,304.322582,488.060456,0.754103,316.111983,470.132090,-105.263911,306.319447,472.548390,-88.977477,352.048457,452.614230,-44.752716,284.131057,463.453835,99.278318,413.640468,448.854180,-140.847718,231.911843,484.868861,165.406867,373.222714,490.700650,-193.716525,268.055325,510.064621,191.387934,366.114483,504.681440,-213.156359,279.148095,519.023316,193.337766,360.763125,502.396661,-192.074588,284.655993,516.893093,206.428548,359.166392,495.778588,-186.684462,283.520289,512.547671,195.501211,329.539919,338.934340,-68.449291,298.450718,338.791197,68.585187,316.732240,255.831681,-138.075962,310.494774,256.456380,97.313820,322.377337,164.202971,-158.575765,331.122299,186.937577,184.058861,330.568292,146.264519,-164.089726,341.825217,177.769839,188.309020,289.144191,144.575419,-263.121846,304.504037,168.834869,124.459464,
0.000000,0.000000,0.000000,0.000000,0.000000,0.000000,0.000000,0.000000,0.000000,0.000000,0.000000,0.000000,0.000000,0.000000,0.000000,0.000000,0.000000,0.000000,0.000000,0.000000,0.000000,0.000000,0.000000,0.000000,0.000000,0.000000,0.000000,0.000000,0.000000,0.000000,0.000000,0.000000,0.000000,0.000000,0.000000,0.000000,0.000000,0.000000,0.000000,0.000000,0.000000,0.000000,0.000000,0.000000,0.000000,0.000000,0.000000,0.000000,0.000000,0.000000,0.000000,0.000000,308.598496,479.029226,-130.016835,314.745290,486.902571,-124.525688,318.117666,487.092023,-124.474937,321.504917,487.208762,-124.553731,307.195949,487.263975,-110.858907,305.409378,487.712998,-110.817878,303.724663,488.087490,-110.856934,329.877773,486.081020,-61.128542,304.279531,488.139270,1.395375,315.394584,470.445735,-105.782612,305.882333,472.827684,-88.488205,351.927246,452.690728,-48.506800,284.733803,463.524964,99.953607,413.036962,449.286891,-146.340522,233.588504,485.095319,168.555118,371.702968,491.098696,-197.176520,268.095429,510.350701,194.924034,364.485083,505.012355,-216.966811,279.132009,519.347343,197.182868,359.217259,502.806806,-195.952298,284.636611,517.240432,209.589202,357.668501,496.164525,-190.127124,283.533186,512.913615,198.755682,329.266497,338.875089,-69.210562,298.763690,338.810386,69.354158,316.354289,255.840750,-139.544814,310.797233,256.688365,100.245707,322.332340,164.260274,-161.317147,331.226439,187.202313,188.308625,330.566300,146.277397,-166.890860,341.914970,178.137530,192.647682,288.865619,144.594069,-265.410280,304.765904,169.339485,129.546708,
0.000000,0.000000,0.000000,0.000000,0.000000,0.000000,0.000000,0.000000,0.000000,0.000000,0.000000,0.000000,0.000000,0.000000,0.000000,0.000000,0.000000,0.000000,0.000000,0.000000,0.000000,0.000000,0.000000,0.000000,0.000000,0.000000,0.000000,0.000000,0.000000,0.000000,0.000000,0.000000,0.000000,0.000000,0.000000,0.000000,0.000000,0.000000,0.000000,0.000000,0.000000,0.000000,0.000000,0.000000,0.000000,0.000000,0.000000,0.000000,0.000000,0.000000,0.000000,0.000000,307.861461,479.233014,-129.573394,313.842187,487.092554,-124.902403,317.157434,487.311128,-124.851375,320.536342,487.458391,-124.931167,306.571279,487.398982,-110.418956,304.914020,487.837002,-110.377432,303.320169,488.201050,-110.424387,329.297802,486.309667,-63.639535,304.236479,488.218083,2.036647,314.677184,470.759380,-106.301313,305.445218,473.106979,-87.998934,351.806034,452.767225,-52.260885,285.336549,463.596092,100.628896,412.433456,449.719602,-151.833325,235.265165,485.321776,171.703369,370.183223,491.496742,-200.636514,268.135532,510.636780,198.460135,362.855683,505.343269,-220.777264,279.115924,519.671369,201.027970,357.671392,503.216951,-199.830008,284.617229,517.587770,212.749856,356.170609,496.550463,-193.569787,283.546084,513.279559,202.010153,328.993075,338.815838,-69.971833,299.076661,338.829575,70.123128,315.976338,255.849818,-141.013667,311.099692,256.920349,103.177595,322.287342,164.317577,-164.058530,331.330579,187.467050,192.558389,330.564307,146.290275,-169.691993,342.004724,178.505221,196.986344,288.587048,144.612718,-267.698715,305.027772,169.844101,134.633952,
0.000000,0.000000,0.000000,0.000000,0.000000,0.000000,0.000000,0.000000,0.000000,0.000000,0.000000,0.000000,0.000000,0.000000,0.000000,0.000000,0.000000,0.000000,0.000000,0.000000,0.000000,0.000000,0.000000,0.000000,0.000000,0.000000,0.000000,0.000000,0.000000,0.000000,0.000000,0.000000,0.000000,0.000000,0.000000,0.000000,0.000000,0.000000,0.000000,0.000000,0.000000,0.000000,0.000000,0.000000,0.000000,0.000000,0.000000,0.000000,0.000000,0.000000,0.000000,0.000000,306.962718,479.334234,-127.174175,312.711142,487.171432,-123.353213,315.908571,487.414989,-123.303392,319.194702,487.591046,-123.383443,305.808062,487.435711,-108.076963,304.268001,487.867411,-108.036431,302.763537,488.226604,-108.087951,328.424112,486.472322,-64.529179,304.167527,488.252042,3.685601,313.680958,471.011139,-105.099378,304.872191,473.293657,-85.725754,351.449783,452.810348,-54.811613,286.159146,463.597320,102.813012,410.713331,450.174675,-155.280642,237.185066,485.528202,178.344330,368.428928,491.830527,-202.426254,268.285534,510.850797,208.248860,361.009655,505.639748,-222.453088,279.172339,519.941489,211.603526,355.909269,503.650467,-201.938247,284.647855,517.905937,222.870979,354.528127,497.013257,-195.463034,283.572573,513.591389,211.681666,328.744927,338.788572,-70.890625,299.442018,338.840824,71.042466,315.620434,255.867106,-141.905815,311.191128,257.104188,104.371862,322.213489,164.314253,-166.465995,331.357435,187.620401,192.292428,330.561804,146.310275,-172.142449,341.985725,178.758953,196.569521,288.333842,144.618262,-268.792622,305.099159,170.250290,135.358664,
0.000000,0.000000,0.000000,0.000000,0.000000,0.000000,0.000000,0.000000,0.000000,0.000000,0.000000,0.000000,0.000000,0.000000,0.000000,0.000000,0.000000,0.000000,0.000000,0.000000,0.000000,0.000000,0.000000,0.000000,0.000000,0.000000,0.000000,0.000000,0.000000,0.000000,0.000000,0.000000,0.000000,0.000000,0.000000,0.000000,0.000000,0.000000,0.000000,0.000000,0.000000,0.000000,0.000000,0.000000,0.000000,0.000000,0.000000,0.000000,0.000000,0.000000,0.000000,0.000000,306.063975,479.435454,-124.774956,311.580096,487.250311,-121.804024,314.659708,487.518851,-121.755410,317.853063,487.723702,-121.835718,305.044846,487.472441,-105.734969,303.621983,487.897820,-105.695429,302.206905,488.252157,-105.751515,327.550422,486.634977,-65.418823,304.098575,488.286000,5.334556,312.684732,471.262898,-103.897442,304.299164,473.480335,-83.452575,351.093532,452.853471,-57.362342,286.981744,463.598548,104.997128,408.993206,450.629749,-158.727959,239.104966,485.734627,184.985291,366.674633,492.164312,-204.215993,268.435536,511.064813,218.037584,359.163628,505.936227,-224.128912,279.228754,520.211610,222.179083,354.147147,504.083983,-204.046487,284.678481,518.224104,232.992103,352.885646,497.476051,-197.356282,283.599062,513.903218,221.353180,328.496778,338.761305,-71.809417,299.807376,338.852072,71.961804,315.264529,255.884394,-142.797963,311.282564,257.288028,105.566129,322.139636,164.310929,-168.873461,331.384292,187.773752,192.026466,330.559301,146.330274,-174.592904,341.966727,179.012685,196.152698,288.080636,144.623806,-269.886529,305.170547,170.656480,136.083377,
0.000000,0.000000,0.000000,0.000000,0.000000,0.000000,0.000000,0.000000,0.000000,0.000000,0.000000,0.000000,0.000000,0.000000,0.000000,0.000000,0.000000,0.000000,0.000000,0.000000,0.000000,0.000000,0.000000,0.000000,0.000000,0.000000,0.000000,0.000000,0.000000,0.000000,0.000000,0.000000,0.000000,0.000000,0.000000,0.000000,0.000000,0.000000,0.000000,0.000000,0.000000,0.000000,0.000000,0.000000,0.000000,0.000000,0.000000,0.000000,0.000000,0.000000,0.000000,0.000000,305.165232,479.536675,-122.375738,310.449050,487.329190,-120.254834,313.410845,487.622713,-120.207428,316.511423,487.856357,-120.287993,304.281629,487.509170,-103.392976,302.975964,487.928229,-103.354428,301.650272,488.277711,-103.415080,326.676732,486.797632,-66.308468,304.029624,488.319959,6.983511,311.688505,471.514657,-102.695507,303.726138,473.667014,-81.179395,350.737280,452.896593,-59.913070,287.804341,463.599776,107.181244,407.273081,451.084822,-162.175275,241.024867,485.941052,191.626252,364.920339,492.498097,-206.005733,268.585538,511.278829,227.826309,357.317600,506.232706,-225.804736,279.285170,520.481731,232.754639,352.385024,504.517499,-206.154727,284.709107,518.542271,243.113226,351.243164,497.938844,-199.249529,283.625551,514.215048,231.024693,328.248630,338.734039,-72.728209,300.172733,338.863320,72.881143,314.908625,255.901682,-143.690111,311.374000,257.471867,106.760396,322.065783,164.307605,-171.280927,331.411149,187.927103,191.760505,330.556798,146.350273,-177.043359,341.947729,179.266417,195.735875,287.827431,144.629350,-270.980436,305.241935,171.062669,136.808089,
0.000000,0.000000,0.000000,0.000000,0.000000,0.000000,0.000000,0.000000,0.000000,0.000000,0.000000,0.000000,0.000000,0.000000,0.000000,0.000000,0.000000,0.000000,0.000000,0.000000,0.000000,0.000000,0.000000,0.000000,0.000000,0.000000,0.000000,0.000000,0.000000,0.000000,0.000000,0.000000,0.000000,0.000000,0.000000,0.000000,0.000000,0.000000,0.000000,0.000000,0.000000,0.000000,0.000000,0.000000,0.000000,0.000000,0.000000,0.000000,0.000000,0.000000,0.000000,0.000000,304.266489,479.637895,-119.976519,309.318004,487.408068,-118.705645,312.161982,487.726574,-118.659446,315.169784,487.989012,-118.740269,303.518412,487.545899,-101.050983,302.329945,487.958638,-101.013426,301.093640,488.303264,-101.078644,325.803042,486.960288,-67.198112,303.960672,488.353917,8.632466,310.692279,471.766416,-101.493571,303.153111,473.853692,-78.906216,350.381029,452.939716,-62.463798,288.626938,463.601003,109.365360,405.552956,451.539896,-165.622592,242.944768,486.147477,198.267214,363.166044,492.831882,-207.795472,268.735540,511.492845,237.615034,355.471573,506.529184,-227.480560,279.341585,520.751851,243.330195,350.622901,504.951015,-208.262967,284.739733,518.860438,253.234349,349.600682,498.401638,-201.142777,283.652040,514.526878,240.696206,328.000482,338.706772,-73.647001,300.538090,338.874569,73.800481,314.552721,255.918971,-144.582259,311.465436,257.655707,107.954662,321.991930,164.304281,-173.688393,331.438006,188.080455,191.494544,330.554294,146.370272,-179.493814,341.928730,179.520149,195.319052,287.574225,144.634893,-272.074343,305.313322,171.468859,137.532802,
0.000000,0.000000,0.000000,0.000000,0.000000,0.000000,0.000000,0.000000,0.000000,0.000000,0.000000,0.000000,0.000000,0.000000,0.000000,0.000000,0.000000,0.000000,0.000000,0.000000,0.000000,0.000000,0.000000,0.000000,0.000000,0.000000,0.000000,0.000000,0.000000,0.000000,0.000000,0.000000,0.000000,0.000000,0.000000,0.000000,0.000000,0.000000,0.000000,0.000000,0.000000,0.000000,0.000000,0.000000,0.000000,0.000000,0.000000,0.000000,0.000000,0.000000,0.000000,0.000000,303.214533,479.679870,-115.153167,307.963743,487.409490,-114.646832,310.626134,487.746374,-114.602256,313.442907,488.032051,-114.682312,302.630815,487.525020,-96.345103,301.559748,487.937778,-96.310868,300.423179,488.284735,-96.376985,324.624407,487.066850,-66.515638,303.914227,488.365734,11.817248,309.404024,472.001047,-97.979088,302.446180,473.984349,-74.441188,349.815387,452.971687,-64.103170,289.640618,463.527873,113.410903,402.545567,451.993728,-166.399081,244.808118,486.372179,209.266293,361.121632,493.119185,-205.757046,268.894395,511.653748,255.382775,353.359951,506.782811,-224.697362,279.496727,520.965257,262.474392,348.641699,505.413807,-206.455732,284.882127,519.149157,272.355216,347.795011,498.942109,-199.364923,283.715723,514.790515,258.596518,327.809189,338.711359,-74.897115,300.939711,338.871635,75.042834,314.229672,255.934010,-144.544985,311.364650,257.747082,107.360946,321.885592,164.234903,-174.922157,331.385383,188.089670,186.707334,330.551243,146.432350,-180.706641,341.778714,179.583442,190.155176,287.323200,144.635462,-271.164979,305.181928,171.722012,133.691723,
0.000000,0.000000,0.000000,0.000000,0.000000,0.000000,0.000000,0.000000,0.000000,0.000000,0.000000,0.000000,0.000000,0.000000,0.000000,0.000000,0.000000,0.000000,0.000000,0.000000,0.000000,0.000000,0.000000,0.000000,0.000000,0.000000,0.000000,0.000000,0.000000,0.000000,0.000000,0.000000,0.000000,0.000000,0.000000,0.000000,0.000000,0.000000,0.000000,0.000000,0.000000,0.000000,0.000000,0.000000,0.000000,0.000000,0.000000,0.000000,0.000000,0.000000,0.000000,0.000000,302.162577,479.721845,-110.329815,306.609482,487.410912,-110.588019,309.090285,487.766173,-110.545066,311.716030,488.075089,-110.624355,301.743218,487.504140,-91.639223,300.789551,487.916917,-91.608309,299.752717,488.266206,-91.675326,323.445773,487.173413,-65.833164,303.867783,488.377550,15.002029,308.115768,472.235678,-94.464605,301.739250,474.115006,-69.976161,349.249745,453.003658,-65.742543,290.654298,463.454743,117.456446,399.538178,452.447560,-167.175569,246.671469,486.596881,220.265373,359.077219,493.406489,-203.718620,269.053251,511.814650,273.150516,351.248329,507.036438,-221.914164,279.651870,521.178663,281.618589,346.660497,505.876598,-204.648497,285.024522,519.437877,291.476083,345.989340,499.482580,-197.587069,283.779407,515.054151,276.496831,327.617896,338.715946,-76.147229,301.341332,338.868702,76.285187,313.906622,255.949049,-144.507710,311.263865,257.838457,106.767229,321.779254,164.165526,-176.155922,331.332759,188.098886,181.920124,330.548192,146.494427,-181.919468,341.628698,179.646735,184.991300,287.072176,144.636031,-270.255615,305.050533,171.975165,129.850643,
0.000000,0.000000,0.000000,0.000000,0.000000,0.000000,0.000000,0.000000,0.000000,0.000000,0.000000,0.000000,0.000000,0.000000,0.000000,0.000000,0.000000,0.000000,0.000000,0.000000,0.000000,0.000000,0.000000,0.000000,0.000000,0.000000,0.000000,0.000000,0.000000,0.000000,0.000000,0.000000,0.000000,0.000000,0.000000,0.000000,0.000000,0.000000,0.000000,0.000000,0.000000,0.000000,0.000000,0.000000,0.000000,0.000000,0.000000,0.000000,0.000000,0.000000,0.000000,0.000000,301.110621,479.763821,-105.506464,305.255221,487.412334,-106.529206,307.554436,487.785972,-106.487876,309.989153,488.118128,-106.566399,300.855621,487.483260,-86.933342,300.019354,487.896057,-86.905751,299.082256,488.247677,-86.973668,322.267139,487.279976,-65.150691,303.821338,488.389367,18.186811,306.827513,472.470309,-90.950123,301.032320,474.245663,-65.511134,348.684102,453.035628,-67.381915,291.667978,463.381613,121.501990,396.530790,452.901392,-167.952058,248.534819,486.821583,231.264452,357.032807,493.693792,-201.680194,269.212106,511.975553,290.918258,349.136707,507.290064,-219.130966,279.807013,521.392069,300.762785,344.679294,506.339389,-202.841262,285.166917,519.726597,310.596950,344.183669,500.023052,-195.809215,283.843090,515.317787,294.397143,327.426603,338.720533,-77.397343,301.742954,338.865768,77.527540,313.583573,255.964088,-144.470435,311.163079,257.929832,106.173512,321.672915,164.096149,-177.389686,331.280136,188.108101,177.132914,330.545140,146.556505,-183.132295,341.478682,179.710029,179.827424,286.821152,144.636600,-269.346252,304.919138,172.228318,126.009564,
0.000000,0.000000,0.000000,0.000000,0.000000,0.000000,0.000000,0.000000,0.000000,0.000000,0.000000,0.000000,0.000000,0.000000,0.000000,0.000000,0.000000,0.000000,0.000000,0.000000,0.000000,0.000000,0.000000,0.000000,0.000000,0.000000,0.000000,0.000000,0.000000,0.000000,0.000000,0.000000,0.000000,0.000000,0.000000,0.000000,0.000000,0.000000,0.000000,0.000000,0.000000,0.000000,0.000000,0.000000,0.000000,0.000000,0.000000,0.000000,0.000000,0.000000,0.000000,0.000000,300.058665,479.805796,-100.683112,303.900960,487.413756,-102.470392,306.018587,487.805772,-102.430686,308.262277,488.161167,-102.508442,299.968025,487.462381,-82.227462,299.249157,487.875197,-82.203193,298.411794,488.229149,-82.272009,321.088505,487.386539,-64.468217,303.774893,488.401183,21.371593,305.539257,472.704940,-87.435640,300.325389,474.376319,-61.046106,348.118460,453.067599,-69.021287,292.681658,463.308482,125.547533,393.523401,453.355224,-168.728546,250.398170,487.046285,242.263531,354.988395,493.981095,-199.641768,269.370961,512.136456,308.685999,347.025086,507.543691,-216.347768,279.962156,521.605474,319.906982,342.698092,506.802180,-201.034028,285.309311,520.015316,329.717817,342.377998,500.563523,-194.031362,283.906773,515.581424,312.297455,327.235310,338.725120,-78.647457,302.144575,338.862835,78.769893,313.260524,255.979127,-144.433160,311.062293,258.021207,105.579796,321.566577,164.026772,-178.623450,331.227513,188.117317,172.345704,330.542089,146.618582,-184.345122,341.328666,179.773322,174.663548,286.570127,144.637169,-268.436888,304.787743,172.481471,122.168485,
0.000000,0.000000,0.000000,0.000000,0.000000,0.000000,0.000000,0.000000,0.000000,0.000000,0.000000,0.000000,0.000000,0.000000,0.000000,0.000000,0.000000,0.000000,0.000000,0.000000,0.000000,0.000000,0.000000,0.000000,0.000000,0.000000,0.000000,0.000000,0.000000,0.000000,0.000000,0.000000,0.000000,0.000000,0.000000,0.000000,0.000000,0.000000,0.000000,0.000000,0.000000,0.000000,0.000000,0.000000,0.000000,0.000000,0.000000,0.000000,0.000000,0.000000,0.000000,0.000000,299.474784,479.781812,-108.660743,303.207177,487.391303,-110.388262,305.359860,487.824068,-110.352048,307.630901,488.235071,-110.428969,299.118160,487.367995,-90.029930,298.337323,487.762720,-90.003154,297.455060,488.101784,-90.069262,320.315856,487.678553,-71.550341,303.325284,488.355652,14.892791,305.248598,472.764756,-95.151577,299.892325,474.320021,-68.390005,347.201381,453.040297,-76.132855,294.135325,463.223963,120.079799,389.781399,453.814516,-182.035582,254.311459,486.834634,244.143613,353.076736,494.223232,-219.814987,270.474960,511.964160,318.034008,345.273323,507.714960,-237.087107,279.773044,521.469198,331.071343,341.077786,506.985302,-222.262151,285.021800,519.929481,339.126219,340.924934,500.801752,-214.551379,283.794178,515.470476,321.345260,326.489002,338.705215,-78.733119,302.821882,338.925532,78.850961,312.814661,256.002162,-145.047619,311.394965,258.266893,108.873095,321.491722,163.910172,-181.157619,331.295688,188.199907,176.648177,330.541705,146.421088,-186.984801,341.400260,179.689069,179.118385,286.241275,144.533003,-269.787869,304.904010,172.681158,129.811137,
0.000000,0.000000,0.000000,0.000000,0.000000,0.000000,0.000000,0.000000,0.000000,0.000000,0.000000,0.000000,0.000000,0.000000,0.000000,0.000000,0.000000,0.000000,0.000000,0.000000,0.000000,0.000000,0.000000,0.000000,0.000000,0.000000,0.000000,0.000000,0.000000,0.000000,0.000000,0.000000,0.000000,0.000000,0.000000,0.000000,0.000000,0.000000,0.000000,0.000000,0.000000,0.000000,0.000000,0.000000,0.000000,0.000000,0.000000,0.000000,0.000000,0.000000,0.000000,0.000000,298.890903,479.757829,-116.638374,302.513395,487.368851,-118.306131,304.701133,487.842364,-118.273409,306.999526,488.308975,-118.349496,298.268295,487.273610,-97.832397,297.425489,487.650242,-97.803116,296.498325,487.974419,-97.866515,319.543206,487.970568,-78.632464,302.875675,488.310120,8.413990,304.957939,472.824573,-102.867515,299.459262,474.263723,-75.733904,346.284303,453.012995,-83.244424,295.588992,463.139444,114.612066,386.039396,454.273808,-195.342617,258.224748,486.622982,246.023694,351.165077,494.465368,-239.988205,271.578959,511.791863,327.382018,343.521561,507.886230,-257.826446,279.583932,521.332921,342.235704,339.457480,507.168424,-243.490274,284.734288,519.843646,348.534621,339.471870,501.039981,-235.071397,283.681583,515.359529,330.393065,325.742693,338.685310,-78.818781,303.499189,338.988230,78.932028,312.368798,256.025197,-145.662077,311.727637,258.512579,112.166394,321.416867,163.793573,-183.691788,331.363862,188.282496,180.950650,330.541321,146.223593,-189.624481,341.471855,179.604815,183.573222,285.912423,144.428836,-271.138851,305.020276,172.880844,137.453789,
0.000000,0.000000,0.000000,0.000000,0.000000,0.000000,0.000000,0.000000,0.000000,0.000000,0.000000,0.000000,0.000000,0.000000,0.000000,0.000000,0.000000,0.000000,0.000000,0.000000,0.000000,0.000000,0.000000,0.000000,0.000000,0.000000,0.000000,0.000000,0.000000,0.000000,0.000000,0.000000,0.000000,0.000000,0.000000,0.000000,0.000000,0.000000,0.000000,0.000000,0.000000,0.000000,0.000000,0.000000,0.000000,0.000000,0.000000,0.000000,0.000000,0.000000,0.000000,0.000000,298.307021,479.733846,-124.616006,301.819613,487.346398,-126.224000,304.042406,487.860660,-126.194771,306.368151,488.382880,-126.270022,297.418430,487.179225,-105.634865,296.513655,487.537765,-105.603077,295.541590,487.847055,-105.663769,318.770557,488.262582,-85.714588,302.426066,488.264589,1.935189,304.667279,472.884390,-110.583452,299.026198,474.207425,-83.077803,345.367224,452.985693,-90.355992,297.042659,463.054925,109.144332,382.297394,454.733100,-208.649653,262.138038,486.411331,247.903776,349.253418,494.707505,-260.161423,272.682957,511.619567,336.730027,341.769798,508.057499,-278.565785,279.394820,521.196645,353.400065,337.837174,507.351546,-264.718397,284.446776,519.757810,357.943023,338.018806,501.278210,-255.591415,283.568987,515.248581,339.440870,324.996385,338.665406,-78.904444,304.176497,339.050927,79.013096,311.922935,256.048232,-146.276536,312.060309,258.758265,115.459693,321.342012,163.676974,-186.225957,331.432037,188.365085,185.253123,330.540938,146.026099,-192.264160,341.543449,179.520562,188.028059,285.583571,144.324669,-272.489832,305.136542,173.080531,145.096441,
0.000000,0.000000,0.000000,0.000000,0.000000,0.000000,0.000000,0.000000,0.000000,0.000000,0.000000,0.000000,0.000000,0.000000,0.000000,0.000000,0.000000,0.000000,0.000000,0.000000,0.000000,0.000000,0.000000,0.000000,0.000000,0.000000,0.000000,0.000000,0.000000,0.000000,0.000000,0.000000,0.000000,0.000000,0.000000,0.000000,0.000000,0.000000,0.000000,0.000000,0.000000,0.000000,0.000000,0.000000,0.000000,0.000000,0.000000,0.000000,0.000000,0.000000,0.000000,0.000000,297.723140,479.709862,-132.593637,301.125830,487.323946,-134.141869,303.383679,487.878956,-134.116132,305.736776,488.456784,-134.190549,296.568565,487.084839,-113.437332,295.601821,487.425287,-113.403039,294.584856,487.719690,-113.461022,317.997907,488.554597,-92.796712,301.976456,488.219057,-4.543613,304.376620,472.944206,-118.299390,298.593134,474.151126,-90.421702,344.450145,452.958391,-97.467560,298.496326,462.970406,103.676598,378.555392,455.192392,-221.956688,266.051327,486.199680,249.783857,347.341759,494.949642,-280.334641,273.786956,511.447271,346.078037,340.018036,508.228768,-299.305124,279.205708,521.060368,364.564426,336.216868,507.534669,-285.946520,284.159264,519.671975,367.351425,336.565742,501.516439,-276.111433,283.456392,515.137633,348.488675,324.250077,338.645501,-78.990106,304.853804,339.113624,79.094164,311.477073,256.071267,-146.890994,312.392980,259.003951,118.752992,321.267158,163.560375,-188.760126,331.500212,188.447675,189.555596,330.540554,145.828605,-194.903839,341.615043,179.436308,192.482896,285.254719,144.220503,-273.840814,305.252809,173.280217,152.739093,
0.000000,0.000000,0.000000,0.000000,0.000000,0.000000,0.000000,0.000000,0.000000,0.000000,0.000000,0.000000,0.000000,0.000000,0.000000,0.000000,0.000000,0.000000,0.000000,0.000000,0.000000,0.000000,0.000000,0.000000,0.000000,0.000000,0.000000,0.000000,0.000000,0.000000,0.000000,0.000000,0.000000,0.000000,0.000000,0.000000,0.000000,0.000000,0.000000,0.000000,0.000000,0.000000,0.000000,0.000000,0.000000,0.000000,0.000000,0.000000,0.000000,0.000000,0.000000,0.000000,297.054727,479.858097,-133.596979,300.420013,487.475448,-136.059175,302.661800,488.051243,-136.038085,305.001314,488.662204,-136.110280,295.914310,487.187450,-114.829272,294.964137,487.510274,-114.794038,293.970907,487.796023,-114.850383,317.206220,488.863883,-97.111434,301.694423,488.319765,-7.677838,303.869316,473.136417,-120.499697,298.160981,474.220300,-91.781642,343.596266,453.091629,-103.650343,299.842929,462.894506,99.830652,374.663611,456.107709,-234.735611,269.642463,486.296753,249.088905,345.173221,495.418873,-300.441997,275.563895,511.439327,348.424428,338.075544,508.484567,-320.452626,280.029069,520.981875,367.668661,334.475476,507.897852,-307.345248,284.646917,519.655487,368.889416,334.943222,501.914915,-296.505316,284.096944,515.160856,350.369815,323.659132,338.657040,-79.238329,305.350927,339.241162,79.335384,311.120732,256.111391,-145.992494,312.603928,259.213656,121.016377,321.173863,163.499186,-187.961211,331.563419,188.525415,191.892553,330.538619,145.795160,-194.031789,341.699424,179.408420,194.932676,284.947182,144.070658,-271.663459,305.342317,173.424571,156.881559,
0.000000,0.000000,0.000000,0.000000,0.000000,0.000000,0.000000,0.000000,0.000000,0.000000,0.000000,0.000000,0.000000,0.000000,0.000000,0.000000,0.000000,0.000000,0.000000,0.000000,0.000000,0.000000,0.000000,0.000000,0.000000,0.000000,0.000000,0.000000,0.000000,0.000000,0.000000,0.000000,0.000000,0.000000,0.000000,0.000000,0.000000,0.000000,0.000000,0.000000,0.000000,0.000000,0.000000,0.000000,0.000000,0.000000,0.000000,0.000000,0.000000,0.000000,0.000000,0.000000,296.386314,480.006332,-134.600321,299.714195,487.626949,-137.976481,301.939921,488.223529,-137.960038,304.265853,488.867624,-138.030012,295.260054,487.290060,-116.221211,294.326454,487.595260,-116.185038,293.356959,487.872355,-116.239745,316.414532,489.173170,-101.426156,301.412391,488.420472,-10.812064,303.362012,473.328628,-122.700003,297.728829,474.289473,-93.141581,342.742387,453.224866,-109.833125,301.189533,462.818605,95.984707,370.771831,457.023025,-247.514535,273.233599,486.393826,248.393952,343.004683,495.888104,-320.549353,277.340833,511.431384,350.770818,336.133053,508.740365,-341.600128,280.852429,520.903381,370.772897,332.734084,508.261035,-328.743976,285.134569,519.638999,370.427406,333.320701,502.313390,-316.899198,284.737496,515.184078,352.250955,323.068187,338.668579,-79.486553,305.848051,339.368700,79.576604,310.764391,256.151515,-145.093995,312.814875,259.423360,123.279762,321.080569,163.437997,-187.162297,331.626626,188.603155,194.229511,330.536683,145.761716,-193.159739,341.783806,179.380532,197.382456,284.639645,143.920814,-269.486103,305.431825,173.568924,161.024026,
0.000000,0.000000,0.000000,0.000000,0.000000,0.000000,0.000000,0.000000,0.000000,0.000000,0.000000,0.000000,0.000000,0.000000,0.000000,0.000000,0.000000,0.000000,0.000000,0.000000,0.000000,0.000000,0.000000,0.000000,0.000000,0.000000,0.000000,0.000000,0.000000,0.000000,0.000000,0.000000,0.000000,0.000000,0.000000,0.000000,0.000000,0.000000,0.000000,0.000000,0.000000,0.000000,0.000000,0.000000,0.000000,0.000000,0.000000,0.000000,0.000000,0.000000,0.000000,0.000000,295.717900,480.154566,-135.603663,299.008378,487.778451,-139.893787,301.218042,488.395816,-139.881990,303.530391,489.073043,-139.949743,294.605798,487.392671,-117.613151,293.688771,487.680246,-117.576038,292.743011,487.948687,-117.629106,315.622845,489.482457,-105.740879,301.130358,488.521179,-13.946290,302.854709,473.520839,-124.900310,297.296677,474.358647,-94.501521,341.888508,453.358103,-116.015908,302.536136,462.742705,92.138761,366.880051,457.938342,-260.293458,276.824735,486.490899,247.698999,340.836145,496.357334,-340.656710,279.117771,511.423440,353.117209,334.190561,508.996163,-362.747630,281.675790,520.824888,373.877132,330.992693,508.624219,-350.142704,285.622222,519.622510,371.965397,331.698181,502.711866,-337.293080,285.378048,515.207300,354.132095,322.477242,338.680118,-79.734776,306.345174,339.496237,79.817824,310.408050,256.191638,-144.195495,313.025823,259.633065,125.543146,320.987274,163.376808,-186.363382,331.689833,188.680894,196.566468,330.534748,145.728272,-192.287688,341.868187,179.352644,199.832236,284.332108,143.770969,-267.308748,305.521334,173.713278,165.166493,
0.000000,0.000000,0.000000,0.000000,0.000000,0.000000,0.000000,0.000000,0.000000,0.000000,0.000000,0.000000,0.000000,0.000000,0.000000,0.000000,0.000000,0.000000,0.000000,0.000000,0.000000,0.000000,0.000000,0.000000,0.000000,0.000000,0.000000,0.000000,0.000000,0.000000,0.000000,0.000000,0.000000,0.000000,0.000000,0.000000,0.000000,0.000000,0.000000,0.000000,0.000000,0.000000,0.000000,0.000000,0.000000,0.000000,0.000000,0.000000,0.000000,0.000000,0.000000,0.000000,295.049487,480.302801,-136.607005,298.302560,487.929952,-141.811093,300.496163,488.568102,-141.803943,302.794929,489.278463,-141.869474,293.951542,487.495281,-119.005091,293.051087,487.765233,-118.967038,292.129062,488.025020,-119.018467,314.831157,489.791744,-110.055601,300.848325,488.621886,-17.080515,302.347405,473.713050,-127.100616,296.864524,474.427820,-95.861460,341.034629,453.491340,-122.198691,303.882739,462.666805,88.292815,362.988270,458.853659,-273.072381,280.415871,486.587972,247.004047,338.667607,496.826565,-360.764066,280.894710,511.415496,355.463599,332.248070,509.251962,-383.895132,282.499151,520.746394,376.981368,329.251301,508.987402,-371.541432,286.109875,519.606022,373.503387,330.075661,503.110342,-357.686963,286.018600,515.230523,356.013235,321.886296,338.691657,-79.983000,306.842297,339.623775,80.059044,310.051710,256.231762,-143.296995,313.236770,259.842769,127.806531,320.893980,163.315619,-185.564467,331.753040,188.758634,198.903425,330.532813,145.694828,-191.415638,341.952568,179.324755,202.282015,284.024571,143.621125,-265.131393,305.610842,173.857631,169.308959,
0.000000,0.000000,0.000000,0.000000,0.000000,0.000000,0.000000,0.000000,0.000000,0.000000,0.000000,0.000000,0.000000,0.000000,0.000000,0.000000,0.000000,0.000000,0.000000,0.000000,0.000000,0.000000,0.000000,0.000000,0.000000,0.000000,0.000000,0.000000,0.000000,0.000000,0.000000,0.000000,0.000000,0.000000,0.000000,0.000000,0.000000,0.000000,0.000000,0.000000,0.000000,0.000000,0.000000,0.000000,0.000000,0.000000,0.000000,0.000000,0.000000,0.000000,0.000000,0.000000,294.305037,480.666577,-130.167702,297.589436,488.289055,-137.144117,299.712778,488.925560,-137.141699,301.943207,489.642757,-137.203339,293.507061,487.835556,-113.524658,292.714038,488.090009,-113.488075,291.896209,488.348973,-113.538603,314.009207,490.128202,-111.652154,300.782276,488.891545,-16.342021,301.610254,474.082413,-123.193381,296.435292,474.659059,-90.829500,340.269598,453.807339,-127.744688,305.093510,462.595066,86.421257,358.776068,460.201396,-284.697850,283.385063,487.032079,244.599468,336.186623,497.540669,-378.647650,283.243542,511.590855,352.534763,330.065882,509.583873,-403.126404,284.361211,520.722875,373.863665,327.386002,509.536551,-390.964760,287.434453,519.658605,369.210241,328.265085,503.669886,-375.833023,287.435903,515.393835,352.539467,321.482296,338.734509,-80.567585,307.143114,339.809912,80.633063,309.795699,256.278505,-140.532819,313.344794,259.972173,128.989639,320.778616,163.304414,-180.592683,331.809082,188.798774,199.269343,330.529289,145.860391,-186.144908,342.027469,179.276752,202.735170,283.715164,143.433734,-258.616957,305.661289,173.892042,169.747980,
0.000000,0.000000,0.000000,0.000000,0.000000,0.000000,0.000000,0.000000,0.000000,0.000000,0.000000,0.000000,0.000000,0.000000,0.000000,0.000000,0.000000,0.000000,0.000000,0.000000,0.000000,0.000000,0.000000,0.000000,0.000000,0.000000,0.000000,0.000000,0.000000,0.000000,0.000000,0.000000,0.000000,0.000000,0.000000,0.000000,0.000000,0.000000,0.000000,0.000000,0.000000,0.000000,0.000000,0.000000,0.000000,0.000000,0.000000,0.000000,0.000000,0.000000,0.000000,0.000000,293.560586,481.030352,-123.728399,296.876312,488.648158,-132.477141,298.929393,489.283019,-132.479456,301.091485,490.007050,-132.537204,293.062580,488.175831,-108.044225,292.376989,488.414784,-108.009112,291.663355,488.672926,-108.058738,313.187256,490.464660,-113.248706,300.716227,489.161203,-15.603528,300.873104,474.451776,-119.286147,296.006060,474.890299,-85.797540,339.504568,454.123337,-133.290686,306.304281,462.523327,84.549700,354.563865,461.549133,-296.323319,286.354256,487.476185,242.194890,333.705638,498.254773,-396.531234,285.592374,511.766214,349.605928,327.883694,509.915784,-422.357675,286.223271,520.699355,370.745961,325.520702,510.085699,-410.388088,288.759031,519.711188,364.917095,326.454510,504.229429,-393.979083,288.853205,515.557148,349.065698,321.078296,338.777361,-81.152171,307.443931,339.996049,81.207083,309.539688,256.325249,-137.768642,313.452818,260.101577,130.172746,320.663252,163.293209,-175.620900,331.865125,188.838914,199.635261,330.525766,146.025955,-180.874178,342.102371,179.228749,203.188324,283.405758,143.246343,-252.102522,305.711736,173.926452,170.187001,
0.000000,0.000000,0.000000,0.000000,0.000000,0.000000,0.000000,0.000000,0.000000,0.000000,0.000000,0.000000,0.000000,0.000000,0.000000,0.000000,0.000000,0.000000,0.000000,0.000000,0.000000,0.000000,0.000000,0.000000,0.000000,0.000000,0.000000,0.000000,0.000000,0.000000,0.000000,0.000000,0.000000,0.000000,0.000000,0.000000,0.000000,0.000000,0.000000,0.000000,0.000000,0.000000,0.000000,0.000000,0.000000,0.000000,0.000000,0.000000,0.000000,0.000000,0.000000,0.000000,292.816136,481.394127,-117.289096,296.163188,489.007261,-127.810165,298.146007,489.640477,-127.817212,300.239762,490.371343,-127.871069,292.618099,488.516106,-102.563792,292.039940,488.739560,-102.530149,291.430502,488.996879,-102.578874,312.365306,490.801119,-114.845259,300.650178,489.430862,-14.865034,300.135953,474.821139,-115.378912,295.576828,475.121538,-80.765580,338.739537,454.439336,-138.836684,307.515051,462.451587,82.678142,350.351662,462.896870,-307.948788,289.323448,487.920292,239.790311,331.224653,498.968877,-414.414817,287.941206,511.941572,346.677092,325.701506,510.247695,-441.588947,288.085332,520.675836,367.628258,323.655402,510.634848,-429.811416,290.083610,519.763772,360.623949,324.643934,504.788973,-412.125144,290.270508,515.720460,345.591930,320.674295,338.820213,-81.736756,307.744748,340.182186,81.781102,309.283678,256.371992,-135.004465,313.560842,260.230981,131.355853,320.547888,163.282004,-170.649116,331.921167,188.879054,200.001179,330.522242,146.191518,-175.603448,342.177273,179.180745,203.641478,283.096352,143.058953,-245.588087,305.762184,173.960862,170.626022,
0.000000,0.000000,0.000000,0.000000,0.000000,0.000000,0.000000,0.000000,0.000000,0.000000,0.000000,0.000000,0.000000,0.000000,0.000000,0.000000,0.000000,0.000000,0.000000,0.000000,0.000000,0.000000,0.000000,0.000000,0.000000,0.000000,0.000000,0.000000,0.000000,0.000000,0.000000,0.000000,0.000000,0.000000,0.000000,0.000000,0.000000,0.000000,0.000000,0.000000,0.000000,0.000000,0.000000,0.000000,0.000000,0.000000,0.000000,0.000000,0.000000,0.000000,0.000000,0.000000,292.071685,481.757903,-110.849793,295.450064,489.366365,-123.143189,297.362622,489.997936,-123.154968,299.388040,490.735636,-123.204934,292.173618,488.856381,-97.083359,291.702891,489.064336,-97.051186,291.197649,489.320832,-97.099009,311.543356,491.137577,-116.441811,300.584130,489.700521,-14.126540,299.398802,475.190503,-111.471677,295.147596,475.352777,-75.733620,337.974506,454.755334,-144.382681,308.725822,462.379848,80.806584,346.139460,464.244607,-319.574257,292.292641,488.364398,237.385733,328.743668,499.682981,-432.298401,290.290039,512.116931,343.748256,323.519318,510.579606,-460.820218,289.947392,520.652316,364.510555,321.790102,511.183996,-449.234743,291.408188,519.816355,356.330803,322.833359,505.348517,-430.271204,291.687811,515.883773,342.118161,320.270295,338.863065,-82.321342,308.045565,340.368323,82.355121,309.027667,256.418735,-132.240289,313.668867,260.360385,132.538961,320.432524,163.270799,-165.677332,331.977209,188.919194,200.367097,330.518718,146.357081,-170.332718,342.252174,179.132742,204.094633,282.786945,142.871562,-239.073652,305.812631,173.995273,171.065043,
0.000000,0.000000,0.000000,0.000000,0.000000,0.000000,0.000000,0.000000,0.000000,0.000000,0.000000,0.000000,0.000000,0.000000,0.000000,0.000000,0.000000,0.000000,0.000000,0.000000,0.000000,0.000000,0.000000,0.000000,0.000000,0.000000,0.000000,0.000000,0.000000,0.000000,0.000000,0.000000,0.000000,0.000000,0.000000,0.000000,0.000000,0.000000,0.000000,0.000000,0.000000,0.000000,0.000000,0.000000,0.000000,0.000000,0.000000,0.000000,0.000000,0.000000,0.000000,0.000000,291.245561,482.296950,-96.537283,294.741129,489.888995,-111.063603,296.516087,490.496985,-111.078353,298.391854,491.216120,-111.122610,291.940666,489.397201,-84.239533,291.628769,489.600922,-84.211357,291.279084,489.877426,-84.258613,310.678105,491.491603,-115.214215,300.721972,490.156358,-9.011264,298.366883,475.738624,-100.467301,294.698443,475.733962,-63.798104,337.297628,455.285719,-149.138542,309.689915,462.309584,80.807954,341.439583,466.632342,-329.201105,294.386687,489.451294,232.696333,325.944339,500.773701,-445.436464,293.187154,512.541327,333.862838,321.174813,511.161508,-475.462136,293.071534,520.655952,353.324243,319.896865,512.012661,-464.055469,293.812828,519.920984,344.065195,320.923628,506.122007,-443.648914,294.060334,516.182917,331.448238,320.085664,338.947779,-83.412226,308.053330,340.625373,83.431504,308.891195,256.474375,-127.509150,313.663885,260.394215,131.544180,320.288799,163.400997,-156.127306,332.018161,188.899884,197.138124,330.507571,146.852234,-160.240766,342.285566,179.039992,200.838598,282.497401,142.723187,-228.065484,305.828139,173.862890,165.418344,
0.000000,0.000000,0.000000,0.000000,0.000000,0.000000,0.000000,0.000000,0.000000,0.000000,0.000000,0.000000,0.000000,0.000000,0.000000,0.000000,0.000000,0.000000,0.000000,0.000000,0.000000,0.000000,0.000000,0.000000,0.000000,0.000000,0.000000,0.000000,0.000000,0.000000,0.000000,0.000000,0.000000,0.000000,0.000000,0.000000,0.000000,0.000000,0.000000,0.000000,0.000000,0.000000,0.000000,0.000000,0.000000,0.000000,0.000000,0.000000,0.000000,0.000000,0.000000,0.000000,290.419437,482.835998,-82.224772,294.032195,490.411625,-98.984018,295.669551,490.996034,-99.001739,297.395667,491.696603,-99.040286,291.707714,489.938021,-71.395708,291.554648,490.137509,-71.371528,291.360519,490.434021,-71.418217,309.812854,491.845630,-113.986620,300.859815,490.612196,-3.895988,297.334963,476.286746,-89.462925,294.249291,476.115146,-51.862588,336.620749,455.816105,-153.894402,310.654008,462.239320,80.809324,336.739706,469.020076,-338.827953,296.480733,490.538189,228.006934,323.145009,501.864420,-458.574526,296.084270,512.965723,323.977419,318.830308,511.743410,-490.104054,296.195675,520.659588,342.137931,318.003627,512.841325,-478.876195,296.217468,520.025612,331.799587,319.013897,506.895496,-457.026624,296.432857,516.482060,320.778314,319.901034,339.032493,-84.503111,308.061094,340.882423,84.507888,308.754723,256.530015,-122.778012,313.658903,260.428045,130.549399,320.145074,163.531195,-146.577279,332.059112,188.880574,193.909151,330.496424,147.347388,-150.148815,342.318957,178.947241,197.582564,282.207857,142.574811,-217.057316,305.843647,173.730508,159.771645,
0.000000,0.000000,0.000000,0.000000,0.000000,0.000000,0.000000,0.000000,0.000000,0.000000,0.000000,0.000000,0.000000,0.000000,0.000000,0.000000,0.000000,0.000000,0.000000,0.000000,0.000000,0.000000,0.000000,0.000000,0.000000,0.000000,0.000000,0.000000,0.000000,0.000000,0.000000,0.000000,0.000000,0.000000,0.000000,0.000000,0.000000,0.000000,0.000000,0.000000,0.000000,0.000000,0.000000,0.000000,0.000000,0.000000,0.000000,0.000000,0.000000,0.000000,0.000000,0.000000,289.593313,483.375045,-67.912261,293.323260,490.934255,-86.904432,294.823016,491.495083,-86.925124,296.399481,492.177087,-86.957961,291.474762,490.478841,-58.551882,291.480526,490.674096,-58.531699,291.441954,490.990615,-58.577821,308.947603,492.199656,-112.759024,300.997657,491.068033,1.219287,296.303044,476.834868,-78.458549,293.800138,476.496331,-39.927073,335.943870,456.346490,-158.650263,311.618101,462.169055,80.810693,332.039828,471.407811,-348.454800,298.574779,491.625084,223.317535,320.345679,502.955139,-471.712588,298.981386,513.390119,314.092001,316.485803,512.325312,-504.745972,299.319816,520.663223,330.951618,316.110390,513.669989,-493.696921,298.622108,520.130241,319.533979,317.104166,507.668986,-470.404334,298.805380,516.781204,310.108391,319.716404,339.117207,-85.593995,308.068859,341.139473,85.584271,308.618251,256.585655,-118.046873,313.653921,260.461875,129.554618,320.001348,163.661392,-137.027253,332.100064,188.861264,190.680179,330.485277,147.842541,-140.056863,342.352348,178.854491,194.326529,281.918312,142.426436,-206.049148,305.859155,173.598126,154.124947,
0.000000,0.000000,0.000000,0.000000,0.000000,0.000000,0.000000,0.000000,0.000000,0.000000,0.000000,0.000000,0.000000,0.000000,0.000000,0.000000,0.000000,0.000000,0.000000,0.000000,0.000000,0.000000,0.000000,0.000000,0.000000,0.000000,0.000000,0.000000,0.000000,0.000000,0.000000,0.000000,0.000000,0.000000,0.000000,0.000000,0.000000,0.000000,0.000000,0.000000,0.000000,0.000000,0.000000,0.000000,0.000000,0.000000,0.000000,0.000000,0.000000,0.000000,0.000000,0.000000,288.767189,483.914092,-53.599750,292.614325,491.456886,-74.824847,293.976481,491.994132,-74.848510,295.403294,492.657570,-74.875637,291.241810,491.019661,-45.708057,291.406405,491.210682,-45.691870,291.523389,491.547210,-45.737425,308.082351,492.553683,-111.531429,301.135499,491.523870,6.334563,295.271124,477.382989,-67.454174,293.350986,476.877515,-27.991557,335.266992,456.876876,-163.406123,312.582193,462.098791,80.812063,327.339951,473.795546,-358.081648,300.668825,492.711980,218.628136,317.546349,504.045859,-484.850651,301.878502,513.814516,304.206582,314.141298,512.907214,-519.387890,302.443957,520.666859,319.765306,314.217153,514.498654,-508.517647,301.026748,520.234869,307.268371,315.194436,508.442476,-483.782043,301.177902,517.080348,299.438467,319.531774,339.201921,-86.684880,308.076624,341.396523,86.660654,308.481779,256.641295,-113.315735,313.648940,260.495705,128.559838,319.857623,163.791590,-127.477227,332.141015,188.841953,187.451206,330.474130,148.337694,-129.964912,342.385739,178.761740,191.070495,281.628768,142.278061,-195.040981,305.874663,173.465743,148.478248,
0.000000,0.000000,0.000000,0.000000,0.000000,0.000000,0.000000,0.000000,0.000000,0.000000,0.000000,0.000000,0.000000,0.000000,0.000000,0.000000,0.000000,0.000000,0.000000,0.000000,0.000000,0.000000,0.000000,0.000000,0.000000,0.000000,0.000000,0.000000,0.000000,0.000000,0.000000,0.000000,0.000000,0.000000,0.000000,0.000000,0.000000,0.000000,0.000000,0.000000,0.000000,0.000000,0.000000,0.000000,0.000000,0.000000,0.000000,0.000000,0.000000,0.000000,0.000000,0.000000,289.081247,484.949772,-58.291761,293.020029,492.612400,-79.300854,294.420755,493.081160,-79.322569,295.923222,493.665136,-79.350410,291.647277,492.306081,-50.323720,291.971579,492.502243,-50.310754,292.052253,492.839276,-50.356346,308.528618,492.832092,-116.122141,302.096580,492.136069,4.122196,295.351198,478.215582,-71.428528,293.411377,477.711005,-32.595672,334.011060,457.137565,-168.463351,313.682172,462.119045,78.301110,325.394155,473.981996,-362.593087,300.056815,491.464535,222.948797,315.640843,504.130915,-491.688847,301.300830,513.693472,316.071186,312.584295,512.395056,-527.015171,301.893542,520.788976,332.599315,312.880870,513.849554,-517.133246,300.870397,520.358507,321.758282,313.668541,508.540016,-491.200183,301.012503,517.160239,312.246150,319.091314,339.291590,-86.996803,309.027413,341.584586,86.964635,308.130299,256.660185,-106.389102,313.702793,260.618167,134.005400,319.880453,163.703283,-115.888385,332.180141,188.936614,197.727428,330.546114,148.011036,-117.791518,342.508266,178.654721,201.970915,281.490237,142.233022,-181.983944,305.776663,173.653174,162.381302,
0.000000,0.000000,0.000000,0.000000,0.000000,0.000000,0.000000,0.000000,0.000000,0.000000,0.000000,0.000000,0.000000,0.000000,0.000000,0.000000,0.000000,0.000000,0.000000,0.000000,0.000000,0.000000,0.000000,0.000000,0.000000,0.000000,0.000000,0.000000,0.000000,0.000000,0.000000,0.000000,0.000000,0.000000,0.000000,0.000000,0.000000,0.000000,0.000000,0.000000,0.000000,0.000000,0.000000,0.000000,0.000000,0.000000,0.000000,0.000000,0.000000,0.000000,0.000000,0.000000,289.395305,485.985452,-62.983773,293.425732,493.767915,-83.776862,294.865030,494.168187,-83.796628,296.443151,494.672701,-83.825184,292.052744,493.592502,-54.939383,292.536754,493.793803,-54.929637,292.581117,494.131342,-54.975267,308.974885,493.110502,-120.712853,303.057660,492.748268,1.909828,295.431271,479.048175,-75.402883,293.471768,478.544496,-37.199787,332.755128,457.398253,-173.520578,314.782151,462.139299,75.790157,323.448359,474.168447,-367.104526,299.444804,490.217091,227.269458,313.735337,504.215971,-498.527043,300.723159,513.572428,327.935790,311.027291,511.882897,-534.642452,301.343127,520.911093,345.433323,311.544587,513.200453,-525.748845,300.714046,520.482145,336.248194,312.142646,508.637557,-498.618322,300.847104,517.240129,325.053833,318.650854,339.381258,-87.308725,309.978203,341.772648,87.268616,307.778819,256.679075,-99.462469,313.756646,260.740629,139.450962,319.903283,163.614976,-104.299542,332.219266,189.031275,208.003649,330.618098,147.684377,-105.618124,342.630793,178.547701,212.871335,281.351706,142.187984,-168.926907,305.678662,173.840605,176.284356,
0.000000,0.000000,0.000000,0.000000,0.000000,0.000000,0.000000,0.000000,0.000000,0.000000,0.000000,0.000000,0.000000,0.000000,0.000000,0.000000,0.000000,0.000000,0.000000,0.000000,0.000000,0.000000,0.000000,0.000000,0.000000,0.000000,0.000000,0.000000,0.000000,0.000000,0.000000,0.000000,0.000000,0.000000,0.000000,0.000000,0.000000,0.000000,0.000000,0.000000,0.000000,0.000000,0.000000,0.000000,0.000000,0.000000,0.000000,0.000000,0.000000,0.000000,0.000000,0.000000,289.709363,487.021132,-67.675785,293.831436,494.923430,-88.252870,295.309305,495.255215,-88.270687,296.963079,495.680267,-88.299957,292.458211,494.878922,-59.555046,293.101929,495.085363,-59.548521,293.109980,495.423408,-59.594189,309.421152,493.388912,-125.303565,304.018740,493.360466,-0.302540,295.511345,479.880769,-79.377238,293.532160,479.377986,-41.803902,331.499196,457.658942,-178.577805,315.882130,462.159553,73.279203,321.502563,474.354897,-371.615965,298.832794,488.969647,231.590119,311.829831,504.301027,-505.365239,300.145488,513.451385,339.800393,309.470288,511.370738,-542.269733,300.792712,521.033210,358.267332,310.208304,512.551353,-534.364444,300.557696,520.605782,350.738105,310.616751,508.735097,-506.036461,300.681705,517.320020,337.861516,318.210394,339.470927,-87.620648,310.928992,341.960710,87.572597,307.427338,256.697965,-92.535836,313.810499,260.863090,144.896525,319.926114,163.526669,-92.710700,332.258391,189.125935,218.279871,330.690082,147.357719,-93.444731,342.753319,178.440681,223.771755,281.213176,142.142945,-155.869871,305.580661,174.028036,190.187409,
0.000000,0.000000,0.000000,0.000000,0.000000,0.000000,0.000000,0.000000,0.000000,0.000000,0.000000,0.000000,0.000000,0.000000,0.000000,0.000000,0.000000,0.000000,0.000000,0.000000,0.000000,0.000000,0.000000,0.000000,0.000000,0.000000,0.000000,0.000000,0.000000,0.000000,0.000000,0.000000,0.000000,0.000000,0.000000,0.000000,0.000000,0.000000,0.000000,0.000000,0.000000,0.000000,0.000000,0.000000,0.000000,0.000000,0.000000,0.000000,0.000000,0.000000,0.000000,0.000000,290.023421,488.056812,-72.367796,294.237140,496.078945,-92.728877,295.753579,496.342243,-92.744746,297.483007,496.687832,-92.774730,292.863678,496.165342,-64.170709,293.667104,496.376923,-64.167404,293.638844,496.715475,-64.213110,309.867419,493.667322,-129.894277,304.979820,493.972665,-2.514907,295.591418,480.713362,-83.351593,293.592551,480.211476,-46.408017,330.243264,457.919631,-183.635032,316.982108,462.179807,70.768250,319.556767,474.541347,-376.127404,298.220783,487.722202,235.910780,309.924325,504.386083,-512.203435,299.567817,513.330341,351.664997,307.913285,510.858579,-549.897014,300.242297,521.155327,371.101340,308.872021,511.902253,-542.980043,300.401345,520.729420,365.228017,309.090855,508.832638,-513.454600,300.516306,517.399911,350.669199,317.769934,339.560595,-87.932571,311.879782,342.148773,87.876579,307.075858,256.716855,-85.609202,313.864353,260.985552,150.342087,319.948944,163.438362,-81.121858,332.297517,189.220596,228.556092,330.762066,147.031060,-81.271337,342.875846,178.333662,234.672174,281.074645,142.097906,-142.812834,305.482661,174.215466,204.090463,
0.000000,0.000000,0.000000,0.000000,0.000000,0.000000,0.000000,0.000000,0.000000,0.000000,0.000000,0.000000,0.000000,0.000000,0.000000,0.000000,0.000000,0.000000,0.000000,0.000000,0.000000,0.000000,0.000000,0.000000,0.000000,0.000000,0.000000,0.000000,0.000000,0.000000,0.000000,0.000000,0.000000,0.000000,0.000000,0.000000,0.000000,0.000000,0.000000,0.000000,0.000000,0.000000,0.000000,0.000000,0.000000,0.000000,0.000000,0.000000,0.000000,0.000000,0.000000,0.000000,290.314557,488.832665,-73.612416,294.568037,496.907178,-94.458554,296.120987,497.123522,-94.472695,297.892886,497.415881,-94.501461,293.267347,497.068837,-65.851014,294.261510,497.273818,-65.849303,294.323022,497.598670,-65.895509,310.082363,493.853291,-132.518042,305.789743,494.360139,-4.799843,295.705395,481.261853,-85.059930,293.688237,480.796379,-48.254889,328.827760,457.991981,-186.256198,318.433443,462.208277,68.674011,317.140817,473.820828,-378.453044,299.196409,486.476047,237.455260,308.223598,504.143102,-517.757045,299.539622,512.862160,358.869169,306.485282,510.367221,-556.150277,300.262219,521.029569,379.301915,307.714851,511.430953,-549.856590,300.527300,520.638472,372.994713,307.837033,508.721568,-519.416298,300.586152,517.272903,357.960534,317.169025,339.557238,-87.883180,313.114015,342.236848,87.825879,306.758083,256.730039,-79.261232,314.154032,261.084188,154.248323,319.927388,163.486681,-70.761009,332.414121,189.231270,236.207357,330.775677,147.006236,-70.451128,343.005130,178.182241,242.711981,281.079472,142.299447,-130.819900,305.581890,174.377360,213.562623,
0.000000,0.000000,0.000000,0.000000,0.000000,0.000000,0.000000,0.000000,0.000000,0.000000,0.000000,0.000000,0.000000,0.000000,0.000000,0.000000,0.000000,0.000000,0.000000,0.000000,0.000000,0.000000,0.000000,0.000000,0.000000,0.000000,0.000000,0.000000,0.000000,0.000000,0.000000,0.000000,0.000000,0.000000,0.000000,0.000000,0.000000,0.000000,0.000000,0.000000,0.000000,0.000000,0.000000,0.000000,0.000000,0.000000,0.000000,0.000000,0.000000,0.000000,0.000000,0.000000,290.605692,489.608518,-74.857035,294.898934,497.735411,-96.188230,296.488395,497.904802,-96.200644,298.302765,498.143930,-96.228192,293.671016,497.972333,-67.531319,294.855915,498.170713,-67.531202,295.007200,498.481865,-67.577908,310.297306,494.039260,-135.141806,306.599666,494.747612,-7.084779,295.819371,481.810344,-86.768267,293.783922,481.381281,-50.101761,327.412256,458.064332,-188.877364,319.884778,462.236746,66.579772,314.724866,473.100308,-380.778684,300.172035,485.229892,238.999740,306.522871,503.900120,-523.310654,299.511426,512.393980,366.073342,305.057280,509.875862,-562.403539,300.282141,520.903811,387.502490,306.557681,510.959653,-556.733137,300.653254,520.547524,380.761409,306.583210,508.610498,-525.377995,300.655999,517.145896,365.251869,316.568116,339.553882,-87.833788,314.348248,342.324924,87.775179,306.440309,256.743224,-72.913261,314.443712,261.182824,158.154559,319.905832,163.535000,-60.400159,332.530725,189.241943,243.858621,330.789289,146.981412,-59.630919,343.134413,178.030819,250.751788,281.084299,142.500988,-118.826966,305.681120,174.539254,223.034782,
0.000000,0.000000,0.000000,0.000000,0.000000,0.000000,0.000000,0.000000,0.000000,0.000000,0.000000,0.000000,0.000000,0.000000,0.000000,0.000000,0.000000,0.000000,0.000000,0.000000,0.000000,0.000000,0.000000,0.000000,0.000000,0.000000,0.000000,0.000000,0.000000,0.000000,0.000000,0.000000,0.000000,0.000000,0.000000,0.000000,0.000000,0.000000,0.000000,0.000000,0.000000,0.000000,0.000000,0.000000,0.000000,0.000000,0.000000,0.000000,0.000000,0.000000,0.000000,0.000000,290.896828,490.384370,-76.101654,295.229831,498.563644,-97.917907,296.855803,498.686081,-97.928593,298.712644,498.871979,-97.954922,294.074685,498.875829,-69.211624,295.450321,499.067608,-69.213101,295.691377,499.365060,-69.260307,310.512250,494.225229,-137.765571,307.409590,495.135086,-9.369714,295.933347,482.358836,-88.476604,293.879608,481.966183,-51.948633,325.996752,458.136683,-191.498530,321.336112,462.265216,64.485533,312.308915,472.379789,-383.104324,301.147661,483.983737,240.544220,304.822144,503.657139,-528.864263,299.483231,511.925799,373.277515,303.629278,509.384504,-568.656801,300.302063,520.778053,395.703064,305.400511,510.488352,-563.609684,300.779209,520.456576,388.528105,305.329387,508.499428,-531.339693,300.725845,517.018888,372.543203,315.967208,339.550525,-87.784397,315.582482,342.413000,87.724479,306.122534,256.756408,-66.565290,314.733391,261.281460,162.060795,319.884276,163.583318,-50.039310,332.647329,189.252617,251.509886,330.802900,146.956588,-48.810710,343.263697,177.879398,258.791595,281.089126,142.702530,-106.834032,305.780349,174.701148,232.506942,
0.000000,0.000000,0.000000,0.000000,0.000000,0.000000,0.000000,0.000000,0.000000,0.000000,0.000000,0.000000,0.000000,0.000000,0.000000,0.000000,0.000000,0.000000,0.000000,0.000000,0.000000,0.000000,0.000000,0.000000,0.000000,0.000000,0.000000,0.000000,0.000000,0.000000,0.000000,0.000000,0.000000,0.000000,0.000000,0.000000,0.000000,0.000000,0.000000,0.000000,0.000000,0.000000,0.000000,0.000000,0.000000,0.000000,0.000000,0.000000,0.000000,0.000000,0.000000,0.000000,291.187964,491.160223,-77.346274,295.560728,499.391877,-99.647583,297.223212,499.467361,-99.656542,299.122523,499.600027,-99.681653,294.478354,499.779325,-70.891929,296.044727,499.964502,-70.895000,296.375555,500.248255,-70.942706,310.727194,494.411198,-140.389335,308.219513,495.522559,-11.654650,296.047324,482.907327,-90.184941,293.975294,482.551085,-53.795505,324.581248,458.209033,-194.119695,322.787447,462.293686,62.391294,309.892965,471.659270,-385.429964,302.123287,482.737581,242.088699,303.121417,503.414157,-534.417873,299.455035,511.457618,380.481688,302.201275,508.893145,-574.910064,300.321985,520.652295,403.903639,304.243341,510.017052,-570.486231,300.905164,520.365628,396.294801,304.075564,508.388358,-537.301390,300.795692,516.891880,379.834538,315.366299,339.547169,-87.735005,316.816715,342.501076,87.673779,305.804759,256.769593,-60.217319,315.023070,261.380096,165.967031,319.862720,163.631637,-39.678460,332.763933,189.263291,259.161150,330.816512,146.931764,-37.990501,343.392981,177.727977,266.831401,281.093954,142.904071,-94.841098,305.879578,174.863042,241.979101,
0.000000,0.000000,0.000000,0.000000,0.000000,0.000000,0.000000,0.000000,0.000000,0.000000,0.000000,0.000000,0.000000,0.000000,0.000000,0.000000,0.000000,0.000000,0.000000,0.000000,0.000000,0.000000,0.000000,0.000000,0.000000,0.000000,0.000000,0.000000,0.000000,0.000000,0.000000,0.000000,0.000000,0.000000,0.000000,0.000000,0.000000,0.000000,0.000000,0.000000,0.000000,0.000000,0.000000,0.000000,0.000000,0.000000,0.000000,0.000000,0.000000,0.000000,0.000000,0.000000,291.450540,491.635979,-74.712938,295.828314,499.848755,-97.802601,297.512110,499.899311,-97.808206,299.394149,500.005876,-97.830018,294.881980,500.262778,-69.145855,296.630656,500.438753,-69.149011,297.148240,500.707600,-69.197277,310.697776,494.495122,-140.940174,308.866186,495.702535,-13.508092,296.130281,483.173323,-88.637660,294.083433,482.875278,-52.373477,323.005475,458.124672,-194.151448,324.479292,462.327685,60.612308,306.839608,470.639358,-384.724638,304.433347,481.788471,240.281804,301.619570,502.974880,-536.165146,299.952704,510.708036,381.344074,300.979654,508.596465,-577.116184,301.135625,520.250844,405.624109,303.361254,509.817103,-572.996525,301.556560,520.043069,395.196957,303.182712,508.121555,-539.286117,301.279254,516.553716,379.768278,314.637367,339.461336,-87.494237,318.237646,342.501478,87.437963,305.539898,256.779349,-54.346725,315.538493,261.439633,167.236329,319.790486,163.908001,-30.140229,332.950090,189.168128,262.563606,330.765717,147.339357,-28.100935,343.496991,177.507522,270.298032,281.263870,143.428754,-83.755613,306.180160,174.942549,244.638092,
0.000000,0.000000,0.000000,0.000000,0.000000,0.000000,0.000000,0.000000,0.000000,0.000000,0.000000,0.000000,0.000000,0.000000,0.000000,0.000000,0.000000,0.000000,0.000000,0.000000,0.000000,0.000000,0.000000,0.000000,0.000000,0.000000,0.000000,0.000000,0.000000,0.000000,0.000000,0.000000,0.000000,0.000000,0.000000,0.000000,0.000000,0.000000,0.000000,0.000000,0.000000,0.000000,0.000000,0.000000,0.000000,0.000000,0.000000,0.000000,0.000000,0.000000,0.000000,0.000000,291.713116,492.111735,-72.079602,296.095900,500.305632,-95.957618,297.801008,500.331261,-95.959871,299.665775,500.411725,-95.978383,295.285606,500.746231,-67.399782,297.216586,500.913003,-67.403022,297.920925,501.166945,-67.451848,310.668358,494.579047,-141.491013,309.512859,495.882511,-15.361534,296.213239,483.439318,-87.090379,294.191572,483.199471,-50.951449,321.429702,458.040310,-194.183201,326.171137,462.361684,58.833322,303.786250,469.619447,-384.019312,306.743406,480.839360,238.474908,300.117723,502.535603,-537.912419,300.450374,509.958455,382.206460,299.758032,508.299785,-579.322305,301.949265,519.849392,407.344580,302.479167,509.617153,-575.506819,302.207957,519.720509,394.099113,302.289861,507.854752,-541.270845,301.762816,516.215551,379.702018,313.908435,339.375504,-87.253469,319.658578,342.501881,87.202146,305.275037,256.789105,-48.476132,316.053916,261.499170,168.505627,319.718252,164.184364,-20.601998,333.136247,189.072964,265.966062,330.714921,147.746949,-18.211369,343.601000,177.287066,273.764662,281.433786,143.953437,-72.670129,306.480741,175.022056,247.297083,
0.000000,0.000000,0.000000,0.000000,0.000000,0.000000,0.000000,0.000000,0.000000,0.000000,0.000000,0.000000,0.000000,0.000000,0.000000,0.000000,0.000000,0.000000,0.000000,0.000000,0.000000,0.000000,0.000000,0.000000,0.000000,0.000000,0.000000,0.000000,0.000000,0.000000,0.000000,0.000000,0.000000,0.000000,0.000000,0.000000,0.000000,0.000000,0.000000,0.000000,0.000000,0.000000,0.000000,0.000000,0.000000,0.000000,0.000000,0.000000,0.000000,0.000000,0.000000,0.000000,291.975693,492.587492,-69.446265,296.363486,500.762510,-94.112636,298.089906,500.763211,-94.111536,299.937401,500.817574,-94.126748,295.689231,501.229684,-65.653709,297.802515,501.387254,-65.657033,298.693609,501.626290,-65.706419,310.638940,494.662972,-142.041852,310.159532,496.062486,-17.214975,296.296196,483.705314,-85.543099,294.299712,483.523664,-49.529422,319.853930,457.955949,-194.214954,327.862982,462.395682,57.054337,300.732893,468.599536,-383.313985,309.053466,479.890250,236.668012,298.615877,502.096326,-539.659692,300.948043,509.208873,383.068846,298.536411,508.003105,-581.528425,302.762905,519.447941,409.065051,301.597080,509.417204,-578.017113,302.859354,519.397949,393.001268,301.397010,507.587950,-543.255572,302.246378,515.877386,379.635758,313.179503,339.289672,-87.012701,321.079509,342.502284,86.966330,305.010176,256.798860,-42.605538,316.569339,261.558708,169.774926,319.646018,164.460728,-11.063767,333.322404,188.977801,269.368518,330.664126,148.154542,-8.321802,343.705010,177.066611,277.231293,281.603703,144.478120,-61.584645,306.781323,175.101563,249.956074,
0.000000,0.000000,0.000000,0.000000,0.000000,0.000000,0.000000,0.000000,0.000000,0.000000,0.000000,0.000000,0.000000,0.000000,0.000000,0.000000,0.000000,0.000000,0.000000,0.000000,0.000000,0.000000,0.000000,0.000000,0.000000,0.000000,0.000000,0.000000,0.000000,0.000000,0.000000,0.000000,0.000000,0.000000,0.000000,0.000000,0.000000,0.000000,0.000000,0.000000,0.000000,0.000000,0.000000,0.000000,0.000000,0.000000,0.000000,0.000000,0.000000,0.000000,0.000000,0.000000,292.238269,493.063248,-66.812929,296.631072,501.219387,-92.267654,298.378804,501.195162,-92.263200,300.209028,501.223422,-92.275113,296.092857,501.713137,-63.907635,298.388445,501.861504,-63.911043,299.466294,502.085635,-63.960990,310.609523,494.746896,-142.592691,310.806206,496.242462,-19.068417,296.379153,483.971310,-83.995818,294.407851,483.847857,-48.107394,318.278157,457.871587,-194.246707,329.554828,462.429681,55.275351,297.679536,467.579624,-382.608659,311.363525,478.941139,234.861117,297.114030,501.657049,-541.406965,301.445712,508.459291,383.931232,297.314789,507.706425,-583.734546,303.576545,519.046489,410.785521,300.714993,509.217254,-580.527406,303.510750,519.075390,391.903424,300.504159,507.321147,-545.240299,302.729940,515.539221,379.569499,312.450571,339.203839,-86.771932,322.500441,342.502687,86.730514,304.745315,256.808616,-36.734944,317.084762,261.618245,171.044224,319.573784,164.737091,-1.525536,333.508561,188.882638,272.770974,330.613330,148.562134,1.567764,343.809020,176.846156,280.697923,281.773619,145.002803,-50.499160,307.081904,175.181070,252.615064,
0.000000,0.000000,0.000000,0.000000,0.000000,0.000000,0.000000,0.000000,0.000000,0.000000,0.000000,0.000000,0.000000,0.000000,0.000000,0.000000,0.000000,0.000000,0.000000,0.000000,0.000000,0.000000,0.000000,0.000000,0.000000,0.000000,0.000000,0.000000,0.000000,0.000000,0.000000,0.000000,0.000000,0.000000,0.000000,0.000000,0.000000,0.000000,0.000000,0.000000,0.000000,0.000000,0.000000,0.000000,0.000000,0.000000,0.000000,0.000000,0.000000,0.000000,0.000000,0.000000,292.423398,493.169020,-59.418246,296.815089,501.253166,-85.487011,298.523510,501.219015,-85.476909,300.238562,501.241701,-85.483981,296.459846,501.724541,-57.663643,298.898325,501.859780,-57.664981,300.239656,502.069012,-57.714423,310.169940,494.723742,-139.880422,311.221887,496.219326,-19.718479,296.398370,483.920064,-77.806348,294.458388,483.865368,-42.351514,316.438337,457.631509,-190.602009,331.454722,462.435328,54.089253,293.815183,466.675839,-377.371177,315.208150,478.445989,228.081283,295.739293,501.130687,-536.481064,302.665914,507.416617,373.995956,296.288786,507.716791,-578.770252,305.400739,518.298484,401.182937,300.055495,509.324266,-575.387024,304.839248,518.426909,376.990800,299.947064,506.932167,-540.281242,303.734398,514.910775,367.549513,311.574447,339.035743,-86.350608,324.086650,342.419546,86.317880,304.532782,256.808614,-32.692334,317.788032,261.636123,168.674354,319.438905,165.233626,4.377958,333.769122,188.673389,268.938868,330.483212,149.439334,7.546235,343.874916,176.561512,276.435252,282.118152,145.881881,-43.536858,307.647580,175.173238,245.534901,
0.000000,0.000000,0.000000,0.000000,0.000000,0.000000,0.000000,0.000000,0.000000,0.000000,0.000000,0.000000,0.000000,0.000000,0.000000,0.000000,0.000000,0.000000,0.000000,0.000000,0.000000,0.000000,0.000000,0.000000,0.000000,0.000000,0.000000,0.000000,0.000000,0.000000,0.000000,0.000000,0.000000,0.000000,0.000000,0.000000,0.000000,0.000000,0.000000,0.000000,0.000000,0.000000,0.000000,0.000000,0.000000,0.000000,0.000000,0.000000,0.000000,0.000000,0.000000,0.000000,292.608527,493.274792,-52.023562,296.999107,501.286945,-78.706368,298.668216,501.242869,-78.690618,300.268096,501.259980,-78.692849,296.826835,501.735946,-51.419650,299.408206,501.858056,-51.418919,301.013018,502.052390,-51.467855,309.730357,494.700589,-137.168152,311.637569,496.196190,-20.368542,296.417586,483.868817,-71.616878,294.508925,483.882880,-36.595634,314.598516,457.391430,-186.957311,333.354617,462.440975,52.903155,289.950831,465.772054,-372.133695,319.052776,477.950839,221.301449,294.364555,500.604325,-531.555162,303.886116,506.373943,364.060681,295.262782,507.727157,-573.805957,307.224934,517.550479,391.580354,299.395998,509.431277,-570.246642,306.167746,517.778429,362.078175,299.389970,506.543186,-535.322186,304.738856,514.282329,355.529528,310.698324,338.867647,-85.929283,325.672859,342.336406,85.905247,304.320249,256.808612,-28.649724,318.491302,261.654002,166.304484,319.304027,165.730161,10.281453,334.029684,188.464141,265.106763,330.353094,150.316533,13.524706,343.940812,176.276867,272.172581,282.462685,146.760960,-36.574555,308.213257,175.165405,238.454738,
0.000000,0.000000,0.000000,0.000000,0.000000,0.000000,0.000000,0.000000,0.000000,0.000000,0.000000,0.000000,0.000000,0.000000,0.000000,0.000000,0.000000,0.000000,0.000000,0.000000,0.000000,0.000000,0.000000,0.000000,0.000000,0.000000,0.000000,0.000000,0.000000,0.000000,0.000000,0.000000,0.000000,0.000000,0.000000,0.000000,0.000000,0.000000,0.000000,0.000000,0.000000,0.000000,0.000000,0.000000,0.000000,0.000000,0.000000,0.000000,0.000000,0.000000,0.000000,0.000000,292.793656,493.380564,-44.628878,297.183124,501.320725,-71.925725,298.812922,501.266723,-71.904326,300.297631,501.278259,-71.901716,297.193825,501.747351,-45.175657,299.918087,501.856333,-45.172857,301.786380,502.035767,-45.221288,309.290775,494.677435,-134.455882,312.053250,496.173054,-21.018604,296.436803,483.817571,-65.427408,294.559462,483.900391,-30.839754,312.758695,457.151352,-183.312613,335.254511,462.446621,51.717057,286.086478,464.868269,-366.896213,322.897401,477.455689,214.521616,292.989818,500.077963,-526.629261,305.106318,505.331269,354.125405,294.236779,507.737522,-568.841663,309.049128,516.802474,381.977770,298.736500,509.538289,-565.106259,307.496243,517.129948,347.165550,298.832875,506.154206,-530.363129,305.743315,513.653883,343.509543,309.822200,338.699551,-85.507959,327.259068,342.253265,85.492614,304.107717,256.808610,-24.607114,319.194571,261.671881,163.934614,319.169149,166.226696,16.184947,334.290245,188.254892,261.274657,330.222976,151.193733,19.503177,344.006708,175.992222,267.909909,282.807218,147.640039,-29.612253,308.778933,175.157573,231.374574,
0.000000,0.000000,0.000000,0.000000,0.000000,0.000000,0.000000,0.000000,0.000000,0.000000,0.000000,0.000000,0.000000,0.000000,0.000000,0.000000,0.000000,0.000000,0.000000,0.000000,0.000000,0.000000,0.000000,0.000000,0.000000,0.000000,0.000000,0.000000,0.000000,0.000000,0.000000,0.000000,0.000000,0.000000,0.000000,0.000000,0.000000,0.000000,0.000000,0.000000,0.000000,0.000000,0.000000,0.000000,0.000000,0.000000,0.000000,0.000000,0.000000,0.000000,0.000000,0.000000,292.978785,493.486337,-37.234195,297.367141,501.354504,-65.145082,298.957628,501.290576,-65.118035,300.327165,501.296538,-65.110584,297.560814,501.758755,-38.931665,300.427968,501.854609,-38.926795,302.559742,502.019145,-38.974720,308.851192,494.654281,-131.743612,312.468931,496.149918,-21.668666,296.456019,483.766324,-59.237938,294.609999,483.917903,-25.083874,310.918875,456.911273,-179.667915,337.154405,462.452268,50.530959,282.222126,463.964484,-361.658732,326.742026,476.960539,207.741782,291.615080,499.551601,-521.703360,306.326520,504.288595,344.190130,293.210775,507.747888,-563.877368,310.873323,516.054469,372.375186,298.077002,509.645300,-559.965877,308.824741,516.481468,332.252926,298.275780,505.765226,-525.404073,306.747773,513.025437,331.489558,308.946076,338.531455,-85.086634,328.845277,342.170125,85.079980,303.895184,256.808608,-20.564503,319.897841,261.689759,161.564743,319.034270,166.723230,22.088442,334.550807,188.045643,257.442552,330.092858,152.070932,25.481649,344.072604,175.707578,263.647238,283.151750,148.519117,-22.649950,309.344610,175.149741,224.294411,
0.000000,0.000000,0.000000,0.000000,0.000000,0.000000,0.000000,0.000000,0.000000,0.000000,0.000000,0.000000,0.000000,0.000000,0.000000,0.000000,0.000000,0.000000,0.000000,0.000000,0.000000,0.000000,0.000000,0.000000,0.000000,0.000000,0.000000,0.000000,0.000000,0.000000,0.000000,0.000000,0.000000,0.000000,0.000000,0.000000,0.000000,0.000000,0.000000,0.000000,0.000000,0.000000,0.000000,0.000000,0.000000,0.000000,0.000000,0.000000,0.000000,0.000000,0.000000,0.000000,293.238894,493.044028,-21.941035,297.174424,500.944728,-49.483873,298.520727,500.841810,-49.460680,299.572960,500.825396,-49.449501,297.670420,501.378799,-25.714885,300.504517,501.471267,-25.706863,302.590973,501.638062,-25.753960,307.210861,494.517146,-118.497589,312.349799,496.037857,-17.515836,296.443398,483.625571,-43.952545,295.031220,483.855199,-12.951402,308.092665,456.913366,-169.181573,338.002166,462.540451,45.188798,278.075724,465.335473,-332.967130,333.739382,477.545132,186.819163,289.707660,500.028052,-474.222534,310.061434,504.508647,305.192143,291.526450,508.598712,-513.228268,312.814394,515.897316,328.455865,296.264913,510.002571,-510.316603,310.588385,515.962214,292.171067,296.529560,505.992941,-477.803142,308.753778,512.539774,293.461043,308.274904,338.619882,-82.376633,329.300972,342.201804,82.334833,303.894020,256.821358,-21.930980,320.304419,261.724017,155.951695,318.993565,167.201333,15.322180,334.658821,187.890203,240.811003,330.011158,152.850077,18.223505,344.054280,175.467467,246.382341,283.635218,149.009882,-28.053529,309.843211,175.011955,209.673476,
0.000000,0.000000,0.000000,0.000000,0.000000,0.000000,0.000000,0.000000,0.000000,0.000000,0.000000,0.000000,0.000000,0.000000,0.000000,0.000000,0.000000,0.000000,0.000000,0.000000,0.000000,0.000000,0.000000,0.000000,0.000000,0.000000,0.000000,0.000000,0.000000,0.000000,0.000000,0.000000,0.000000,0.000000,0.000000,0.000000,0.000000,0.000000,0.000000,0.000000,0.000000,0.000000,0.000000,0.000000,0.000000,0.000000,0.000000,0.000000,0.000000,0.000000,0.000000,0.000000,293.499003,492.601720,-6.647874,296.981706,500.534952,-33.822665,298.083826,500.393044,-33.803325,298.818754,500.354254,-33.788418,297.780026,500.998843,-12.498106,300.581065,501.087926,-12.486932,302.622203,501.256980,-12.533199,305.570530,494.380010,-105.251566,312.230666,495.925796,-13.363005,296.430776,483.484819,-28.667152,295.452441,483.792496,-0.818930,305.266455,456.915460,-158.695230,338.849926,462.628634,39.846637,273.929323,466.706461,-304.275528,340.736738,478.129726,165.896544,287.800239,500.504502,-426.741709,313.796349,504.728699,266.194157,289.842124,509.449536,-462.579168,314.755464,515.740162,284.536545,294.452824,510.359843,-460.667329,312.352029,515.442961,252.089209,294.783340,506.220656,-430.202212,310.759784,512.054112,255.432528,307.603732,338.708308,-79.666632,329.756667,342.233484,79.589687,303.892857,256.834109,-23.297457,320.710997,261.758275,150.338647,318.952860,167.679435,8.555919,334.766836,187.734763,224.179454,329.929459,153.629222,10.965361,344.035956,175.227356,229.117443,284.118686,149.500646,-33.457108,310.341811,174.874170,195.052542,
0.000000,0.000000,0.000000,0.000000,0.000000,0.000000,0.000000,0.000000,0.000000,0.000000,0.000000,0.000000,0.000000,0.000000,0.000000,0.000000,0.000000,0.000000,0.000000,0.000000,0.000000,0.000000,0.000000,0.000000,0.000000,0.000000,0.000000,0.000000,0.000000,0.000000,0.000000,0.000000,0.000000,0.000000,0.000000,0.000000,0.000000,0.000000,0.000000,0.000000,0.000000,0.000000,0.000000,0.000000,0.000000,0.000000,0.000000,0.000000,0.000000,0.000000,0.000000,0.000000,293.759112,492.159412,8.645286,296.788989,500.125176,-18.161456,297.646925,499.944278,-18.145970,298.064549,499.883111,-18.127335,297.889632,500.618888,0.718674,300.657614,500.704584,0.733000,302.653434,500.875897,0.687562,303.930199,494.242875,-92.005543,312.111534,495.813735,-9.210174,296.418154,483.344066,-13.381759,295.873662,483.729792,11.313543,302.440245,456.917553,-148.208887,339.697687,462.716816,34.504476,269.782922,468.077450,-275.583926,347.734094,478.714319,144.973925,285.892818,500.980952,-379.260883,317.531263,504.948750,227.196171,288.157798,510.300359,-411.930069,316.696535,515.583008,240.617225,292.640734,510.717114,-411.018055,314.115673,514.923708,212.007350,293.037120,506.448371,-382.601282,312.765790,511.568449,217.404013,306.932560,338.796735,-76.956630,330.212362,342.265163,76.844540,303.891694,256.846859,-24.663933,321.117575,261.792532,144.725599,318.912155,168.157537,1.789657,334.874850,187.579322,207.547905,329.847759,154.408367,3.707217,344.017632,174.987245,211.852546,284.602155,149.991411,-38.860687,310.840412,174.736384,180.431608,
0.000000,0.000000,0.000000,0.000000,0.000000,0.000000,0.000000,0.000000,0.000000,0.000000,0.000000,0.000000,0.000000,0.000000,0.000000,0.000000,0.000000,0.000000,0.000000,0.000000,0.000000,0.000000,0.000000,0.000000,0.000000,0.000000,0.000000,0.000000,0.000000,0.000000,0.000000,0.000000,0.000000,0.000000,0.000000,0.000000,0.000000,0.000000,0.000000,0.000000,0.000000,0.000000,0.000000,0.000000,0.000000,0.000000,0.000000,0.000000,0.000000,0.000000,0.000000,0.000000,294.019221,491.717103,23.938446,296.596271,499.715401,-2.500247,297.210024,499.495512,-2.488615,297.310344,499.411969,-2.466252,297.999237,500.238932,13.935453,300.734162,500.321243,13.952931,302.684665,500.494815,13.908323,302.289868,494.105739,-78.759520,311.992401,495.701674,-5.057343,296.405533,483.203313,1.903635,296.294883,483.667088,23.446015,299.614035,456.919646,-137.722544,340.545447,462.804999,29.162315,265.636520,469.448438,-246.892324,354.731451,479.298913,124.051305,283.985398,501.457402,-331.780057,321.266178,505.168802,188.198184,286.473473,511.151183,-361.280969,318.637605,515.425855,196.697905,290.828645,511.074386,-361.368782,315.879317,514.404455,171.925492,291.290899,506.676087,-335.000352,314.771795,511.082786,179.375498,306.261388,338.885161,-74.246629,330.668057,342.296843,74.099393,303.890530,256.859609,-26.030410,321.524153,261.826790,139.112550,318.871450,168.635639,-4.976604,334.982865,187.423882,190.916356,329.766060,155.187511,-3.550927,343.999308,174.747135,194.587648,285.085623,150.482175,-44.264266,311.339013,174.598599,165.810673,
0.000000,0.000000,0.000000,0.000000,0.000000,0.000000,0.000000,0.000000,0.000000,0.000000,0.000000,0.000000,0.000000,0.000000,0.000000,0.000000,0.000000,0.000000,0.000000,0.000000,0.000000,0.000000,0.000000,0.000000,0.000000,0.000000,0.000000,0.000000,0.000000,0.000000,0.000000,0.000000,0.000000,0.000000,0.000000,0.000000,0.000000,0.000000,0.000000,0.000000,0.000000,0.000000,0.000000,0.000000,0.000000,0.000000,0.000000,0.000000,0.000000,0.000000,0.000000,0.000000,294.475350,491.644778,34.905853,296.552971,499.549033,8.213049,297.066771,499.310667,8.221748,296.998193,499.214526,8.246923,298.359255,500.102628,23.122326,301.100830,500.188677,23.141690,303.076570,500.364117,23.096169,301.365100,494.056717,-69.924365,312.189123,495.671894,-2.666356,296.444249,483.292842,12.400272,296.889398,483.787274,31.913750,297.424212,456.949505,-130.997896,341.194382,462.897843,25.259514,262.210134,470.173258,-228.222123,359.828090,479.562151,110.037828,282.532302,501.812930,-301.962770,324.274376,505.335869,164.129780,285.186820,511.763229,-329.499124,320.551723,515.395727,169.868988,289.544196,511.323012,-330.377693,317.651195,514.156374,147.667990,290.011148,506.831302,-305.144990,316.791553,510.807241,156.078035,305.706294,338.848589,-72.194349,331.042715,342.273417,72.025974,303.840567,256.813153,-24.881473,321.896896,261.865023,137.916857,318.857651,169.051974,-7.522477,335.104281,187.348282,184.030959,329.714258,155.750386,-6.345690,343.994084,174.604939,187.492414,285.436027,150.788276,-45.183411,311.641306,174.576232,160.867806,
0.000000,0.000000,0.000000,0.000000,0.000000,0.000000,0.000000,0.000000,0.000000,0.000000,0.000000,0.000000,0.000000,0.000000,0.000000,0.000000,0.000000,0.000000,0.000000,0.000000,0.000000,0.000000,0.000000,0.000000,0.000000,0.000000,0.000000,0.000000,0.000000,0.000000,0.000000,0.000000,0.000000,0.000000,0.000000,0.000000,0.000000,0.000000,0.000000,0.000000,0.000000,0.000000,0.000000,0.000000,0.000000,0.000000,0.000000,0.000000,0.000000,0.000000,0.000000,0.000000,294.931479,491.572452,45.873260,296.509671,499.382665,18.926346,296.923517,499.125821,18.932110,296.686042,499.017082,18.960098,298.719273,499.966324,32.309199,301.467497,500.056110,32.330448,303.468476,500.233419,32.284015,300.440332,494.007695,-61.089209,312.385845,495.642114,-0.275369,296.482965,483.382372,22.896910,297.483914,483.907460,40.381484,295.234388,456.979364,-124.273248,341.843317,462.990687,21.356712,258.783748,470.898077,-209.551921,364.924729,479.825390,96.024351,281.079205,502.168457,-272.145482,327.282575,505.502936,140.061375,283.900167,512.375275,-297.717279,322.465840,515.365600,143.040071,288.259746,511.571638,-299.386605,319.423072,513.908293,123.410488,288.731397,506.986518,-275.289629,318.811311,510.531695,132.780572,305.151199,338.812016,-70.142069,331.417373,342.249991,69.952555,303.790605,256.766696,-23.732536,322.269638,261.903257,136.721163,318.843853,169.468309,-10.068350,335.225697,187.272682,177.145561,329.662457,156.313261,-9.140453,343.988861,174.462743,180.397179,285.786431,151.094376,-46.102556,311.943599,174.553864,155.924939,
0.000000,0.000000,0.000000,0.000000,0.000000,0.000000,0.000000,0.000000,0.000000,0.000000,0.000000,0.000000,0.000000,0.000000,0.000000,0.000000,0.000000,0.000000,0.000000,0.000000,0.000000,0.000000,0.000000,0.000000,0.000000,0.000000,0.000000,0.000000,0.000000,0.000000,0.000000,0.000000,0.000000,0.000000,0.000000,0.000000,0.000000,0.000000,0.000000,0.000000,0.000000,0.000000,0.000000,0.000000,0.000000,0.000000,0.000000,0.000000,0.000000,0.000000,0.000000,0.000000,295.387608,491.500127,56.840667,296.466372,499.216297,29.639642,296.780264,498.940975,29.642472,296.373891,498.819638,29.673273,299.079291,499.830020,41.496072,301.834164,499.923544,41.519206,303.860381,500.102721,41.471862,299.515565,493.958673,-52.254053,312.582567,495.612334,2.115618,296.521682,483.471901,33.393548,298.078429,484.027645,48.849218,293.044565,457.009222,-117.548600,342.492252,463.083531,17.453911,255.357363,471.622896,-190.881720,370.021368,480.088629,82.010874,279.626109,502.523985,-242.328195,330.290774,505.670002,115.992971,282.613515,512.987322,-265.935434,324.379957,515.335472,116.211154,286.975297,511.820264,-268.395517,321.194949,513.660212,99.152986,287.451646,507.141733,-245.434268,320.831068,510.256149,109.483109,304.596105,338.775444,-68.089789,331.792030,342.226565,67.879137,303.740642,256.720239,-22.583598,322.642380,261.941490,135.525469,318.830054,169.884643,-12.614223,335.347113,187.197082,170.260163,329.610655,156.876135,-11.935216,343.983637,174.320547,173.301945,286.136835,151.400477,-47.021701,312.245892,174.531497,150.982072,
0.000000,0.000000,0.000000,0.000000,0.000000,0.000000,0.000000,0.000000,0.000000,0.000000,0.000000,0.000000,0.000000,0.000000,0.000000,0.000000,0.000000,0.000000,0.000000,0.000000,0.000000,0.000000,0.000000,0.000000,0.000000,0.000000,0.000000,0.000000,0.000000,0.000000,0.000000,0.000000,0.000000,0.000000,0.000000,0.000000,0.000000,0.000000,0.000000,0.000000,0.000000,0.000000,0.000000,0.000000,0.000000,0.000000,0.000000,0.000000,0.000000,0.000000,0.000000,0.000000,295.843736,491.427801,67.808074,296.423072,499.049930,40.352938,296.637010,498.756129,40.352834,296.061739,498.622195,40.386448,299.439309,499.693716,50.682945,302.200831,499.790978,50.707964,304.252287,499.972023,50.659708,298.590797,493.909651,-43.418898,312.779289,495.582554,4.506606,296.560398,483.561431,43.890185,298.672945,484.147831,57.316952,290.854742,457.039081,-110.823951,343.141188,463.176376,13.551110,251.930977,472.347716,-172.211518,375.118007,480.351868,67.997397,278.173013,502.879512,-212.510907,333.298972,505.837069,91.924566,281.326862,513.599368,-234.153590,326.294074,515.305345,89.382237,285.690848,512.068890,-237.404429,322.966826,513.412131,74.895484,286.171894,507.296948,-215.578906,322.850826,509.980604,86.185646,304.041010,338.738871,-66.037508,332.166688,342.203139,65.805718,303.690679,256.673782,-21.434661,323.015122,261.979723,134.329776,318.816256,170.300978,-15.160096,335.468529,187.121482,163.374766,329.558853,157.439010,-14.729979,343.978413,174.178351,166.206710,286.487239,151.706577,-47.940846,312.548185,174.509130,146.039205,
0.000000,0.000000,0.000000,0.000000,0.000000,0.000000,0.000000,0.000000,0.000000,0.000000,0.000000,0.000000,0.000000,0.000000,0.000000,0.000000,0.000000,0.000000,0.000000,0.000000,0.000000,0.000000,0.000000,0.000000,0.000000,0.000000,0.000000,0.000000,0.000000,0.000000,0.000000,0.000000,0.000000,0.000000,0.000000,0.000000,0.000000,0.000000,0.000000,0.000000,0.000000,0.000000,0.000000,0.000000,0.000000,0.000000,0.000000,0.000000,0.000000,0.000000,0.000000,0.000000,296.446997,491.655570,75.333119,296.508932,499.075227,47.479323,296.721721,498.776437,47.477875,296.087804,498.633080,47.512848,300.013146,499.749059,56.911452,302.790044,499.855857,56.937734,304.917037,500.039593,56.887950,298.215790,493.943709,-37.804426,313.224124,495.639442,5.907635,296.617730,483.846496,50.984640,299.370699,484.404933,63.184901,289.197525,457.097701,-106.773960,343.558836,463.240000,11.365303,249.051018,472.841884,-162.061528,378.514061,480.450668,59.271500,277.102469,503.223328,-197.490319,335.777123,505.939460,78.329869,280.427120,514.085004,-218.115727,328.398075,515.331383,74.800772,284.881544,512.244481,-221.787105,324.898596,513.340913,61.512099,285.333397,507.413220,-200.502301,324.991516,509.836051,73.023105,303.582825,338.577512,-64.653770,332.438889,342.128737,64.412327,303.591331,256.561789,-19.120916,323.316132,262.019373,136.549205,318.817398,170.647671,-16.297698,335.608199,187.117474,163.249766,329.522034,157.822805,-16.041813,343.973450,174.138914,166.125013,286.714107,151.859267,-47.591289,312.717913,174.597228,147.848419,
0.000000,0.000000,0.000000,0.000000,0.000000,0.000000,0.000000,0.000000,0.000000,0.000000,0.000000,0.000000,0.000000,0.000000,0.000000,0.000000,0.000000,0.000000,0.000000,0.000000,0.000000,0.000000,0.000000,0.000000,0.000000,0.000000,0.000000,0.000000,0.000000,0.000000,0.000000,0.000000,0.000000,0.000000,0.000000,0.000000,0.000000,0.000000,0.000000,0.000000,0.000000,0.000000,0.000000,0.000000,0.000000,0.000000,0.000000,0.000000,0.000000,0.000000,0.000000,0.000000,297.050257,491.883340,82.858165,296.594793,499.100525,54.605707,296.806433,498.796744,54.602915,296.113868,498.643965,54.639247,300.586983,499.804402,63.139959,303.379257,499.920736,63.167504,305.581787,500.107162,63.116192,297.840782,493.977766,-32.189955,313.668959,495.696329,7.308664,296.675062,484.131562,58.079094,300.068453,484.662036,69.052850,287.540308,457.156321,-102.723969,343.976485,463.303624,9.179496,246.171059,473.336053,-151.911538,381.910115,480.549469,50.545603,276.031926,503.567143,-182.469731,338.255273,506.041851,64.735172,279.527378,514.570640,-202.077863,330.502076,515.357422,60.219308,284.072240,512.420072,-206.169780,326.830365,513.269695,48.128714,284.494899,507.529491,-185.425695,327.132207,509.691498,59.860563,303.124639,338.416153,-63.270032,332.711089,342.054336,63.018936,303.491983,256.449796,-16.807172,323.617141,262.059022,138.768635,318.818540,170.994365,-17.435300,335.747868,187.113466,163.124767,329.485214,158.206600,-17.353646,343.968486,174.099477,166.043316,286.940974,152.011958,-47.241733,312.887641,174.685327,149.657634,
0.000000,0.000000,0.000000,0.000000,0.000000,0.000000,0.000000,0.000000,0.000000,0.000000,0.000000,0.000000,0.000000,0.000000,0.000000,0.000000,0.000000,0.000000,0.000000,0.000000,0.000000,0.000000,0.000000,0.000000,0.000000,0.000000,0.000000,0.000000,0.000000,0.000000,0.000000,0.000000,0.000000,0.000000,0.000000,0.000000,0.000000,0.000000,0.000000,0.000000,0.000000,0.000000,0.000000,0.000000,0.000000,0.000000,0.000000,0.000000,0.000000,0.000000,0.000000,0.000000,297.653517,492.111109,90.383211,296.680653,499.125822,61.732092,296.891144,498.817051,61.727956,296.139932,498.654850,61.765647,301.160820,499.859745,69.368466,303.968470,499.985615,69.397274,306.246538,500.174732,69.344434,297.465775,494.011824,-26.575483,314.113793,495.753217,8.709693,296.732394,484.416628,65.173549,300.766207,484.919138,74.920799,285.883091,457.214940,-98.673977,344.394133,463.367248,6.993689,243.291100,473.830221,-141.761548,385.306168,480.648269,41.819706,274.961383,503.910959,-167.449143,340.733424,506.144243,51.140475,278.627636,515.056276,-186.040000,332.606076,515.383461,45.637844,283.262937,512.595663,-190.552455,328.762135,513.198478,34.745329,283.656401,507.645762,-170.349090,329.272897,509.546946,46.698022,302.666454,338.254793,-61.886293,332.983289,341.979934,61.625545,303.392634,256.337803,-14.493427,323.918151,262.098672,140.988064,318.819683,171.341059,-18.572902,335.887537,187.109458,162.999768,329.448395,158.590395,-18.665480,343.963523,174.060040,165.961620,287.167841,152.164648,-46.892176,313.057369,174.773425,151.466848,
0.000000,0.000000,0.000000,0.000000,0.000000,0.000000,0.000000,0.000000,0.000000,0.000000,0.000000,0.000000,0.000000,0.000000,0.000000,0.000000,0.000000,0.000000,0.000000,0.000000,0.000000,0.000000,0.000000,0.000000,0.000000,0.000000,0.000000,0.000000,0.000000,0.000000,0.000000,0.000000,0.000000,0.000000,0.000000,0.000000,0.000000,0.000000,0.000000,0.000000,0.000000,0.000000,0.000000,0.000000,0.000000,0.000000,0.000000,0.000000,0.000000,0.000000,0.000000,0.000000,298.256778,492.338878,97.908256,296.766513,499.151120,68.858477,296.975856,498.837358,68.852996,296.165996,498.665736,68.892046,301.734658,499.915088,75.596973,304.557683,500.050494,75.627044,306.911288,500.242301,75.572676,297.090767,494.045881,-20.961012,314.558628,495.810104,10.110722,296.789726,484.701693,72.268003,301.463962,485.176241,80.788748,284.225875,457.273560,-94.623986,344.811782,463.430872,4.807882,240.411140,474.324390,-131.611558,388.702222,480.747069,33.093808,273.890839,504.254774,-152.428556,343.211574,506.246634,37.545778,277.727894,515.541912,-170.002137,334.710077,515.409500,31.056379,282.453633,512.771254,-174.935131,330.693904,513.127260,21.361944,282.817904,507.762033,-155.272484,331.413587,509.402393,33.535481,302.208268,338.093434,-60.502555,333.255490,341.905532,60.232154,303.293286,256.225810,-12.179682,324.219160,262.138321,143.207494,318.820825,171.687753,-19.710504,336.027207,187.105450,162.874768,329.411575,158.974190,-19.977314,343.958559,174.020604,165.879923,287.394708,152.317338,-46.542619,313.227097,174.861524,153.276062,
0.000000,0.000000,0.000000,0.000000,0.000000,0.000000,0.000000,0.000000,0.000000,0.000000,0.000000,0.000000,0.000000,0.000000,0.000000,0.000000,0.000000,0.000000,0.000000,0.000000,0.000000,0.000000,0.000000,0.000000,0.000000,0.000000,0.000000,0.000000,0.000000,0.000000,0.000000,0.000000,0.000000,0.000000,0.000000,0.000000,0.000000,0.000000,0.000000,0.000000,0.000000,0.000000,0.000000,0.000000,0.000000,0.000000,0.000000,0.000000,0.000000,0.000000,0.000000,0.000000,298.967778,492.889643,102.527293,296.957529,499.392440,72.956223,297.245232,499.073552,72.951084,296.498036,498.882084,72.989822,302.490972,500.198794,79.391358,305.338232,500.343959,79.422048,307.816381,500.534597,79.365992,297.175906,494.152911,-18.133413,315.233908,495.964758,10.813524,296.839713,485.189903,76.455322,302.224465,485.578998,84.508466,283.101281,457.361666,-93.096389,344.998962,463.458563,4.220248,238.031697,474.572612,-130.225487,390.526565,480.722941,27.938868,273.176596,504.543374,-152.751680,345.236617,506.248610,30.350128,277.209973,515.892964,-170.191867,337.009755,515.438212,24.256231,282.125723,512.852041,-175.076284,332.776026,513.164676,14.725192,282.416146,507.813694,-155.466279,333.678816,509.328487,26.492859,301.829268,337.790258,-59.737960,333.445061,341.762953,59.466602,303.121547,256.035801,-8.866253,324.421403,262.173922,148.720184,318.834536,171.926130,-19.256626,336.194354,187.182764,168.841000,329.386537,159.107365,-19.592896,343.952116,174.088603,172.139114,287.487531,152.323921,-44.917672,313.314894,175.085695,161.944595,
0.000000,0.000000,0.000000,0.000000,0.000000,0.000000,0.000000,0.000000,0.000000,0.000000,0.000000,0.000000,0.000000,0.000000,0.000000,0.000000,0.000000,0.000000,0.000000,0.000000,0.000000,0.000000,0.000000,0.000000,0.000000,0.000000,0.000000,0.000000,0.000000,0.000000,0.000000,0.000000,0.000000,0.000000,0.000000,0.000000,0.000000,0.000000,0.000000,0.000000,0.000000,0.000000,0.000000,0.000000,0.000000,0.000000,0.000000,0.000000,0.000000,0.000000,0.000000,0.000000,299.678778,493.440408,107.146330,297.148545,499.633761,77.053968,297.514608,499.309746,77.049172,296.830076,499.098432,77.087598,303.247287,500.482500,83.185744,306.118781,500.637424,83.217053,308.721475,500.826893,83.159308,297.261045,494.259942,-15.305813,315.909188,496.119411,11.516325,296.889699,485.678113,80.642640,302.984969,485.981755,88.228184,281.976688,457.449773,-91.568791,345.186142,463.486254,3.632613,235.652253,474.820834,-128.839416,392.350909,480.698813,22.783928,272.462354,504.831974,-153.074804,347.261659,506.250587,23.154477,276.692052,516.244016,-170.381597,339.309432,515.466925,17.456083,281.797814,512.932828,-175.217437,334.858148,513.202091,8.088440,282.014388,507.865354,-155.660074,335.944045,509.254582,19.450237,301.450268,337.487083,-58.973365,333.634631,341.620374,58.701051,302.949808,255.845793,-5.552824,324.623645,262.209523,154.232874,318.848246,172.164507,-18.802747,336.361501,187.260079,174.807231,329.361498,159.240541,-19.208479,343.945673,174.156602,178.398305,287.580354,152.330504,-43.292725,313.402690,175.309866,170.613128,
0.000000,0.000000,0.000000,0.000000,0.000000,0.000000,0.000000,0.000000,0.000000,0.000000,0.000000,0.000000,0.000000,0.000000,0.000000,0.000000,0.000000,0.000000,0.000000,0.000000,0.000000,0.000000,0.000000,0.000000,0.000000,0.000000,0.000000,0.000000,0.000000,0.000000,0.000000,0.000000,0.000000,0.000000,0.000000,0.000000,0.000000,0.000000,0.000000,0.000000,0.000000,0.000000,0.000000,0.000000,0.000000,0.000000,0.000000,0.000000,0.000000,0.000000,0.000000,0.000000,300.389778,493.991173,111.765367,297.339560,499.875082,81.151714,297.783984,499.545941,81.147259,297.162117,499.314780,81.185374,304.003602,500.766206,86.980129,306.899330,500.930888,87.012057,309.626568,501.119189,86.952624,297.346184,494.366973,-12.478214,316.584467,496.274064,12.219126,296.939686,486.166324,84.829959,303.745472,486.384512,91.947902,280.852094,457.537879,-90.041194,345.373322,463.513945,3.044979,233.272809,475.069057,-127.453345,394.175252,480.674685,17.628987,271.748111,505.120574,-153.397928,349.286701,506.252563,15.958826,276.174132,516.595069,-170.571327,341.609110,515.495638,10.655935,281.469904,513.013614,-175.358590,336.940271,513.239507,1.451688,281.612630,507.917015,-155.853868,338.209274,509.180676,12.407615,301.071267,337.183907,-58.208770,333.824202,341.477794,57.935499,302.778070,255.655784,-2.239395,324.825888,262.245124,159.745564,318.861957,172.402885,-18.348869,336.528649,187.337394,180.773462,329.336459,159.373716,-18.824062,343.939230,174.224602,184.657496,287.673177,152.337087,-41.667778,313.490487,175.534037,179.281661,
0.000000,0.000000,0.000000,0.000000,0.000000,0.000000,0.000000,0.000000,0.000000,0.000000,0.000000,0.000000,0.000000,0.000000,0.000000,0.000000,0.000000,0.000000,0.000000,0.000000,0.000000,0.000000,0.000000,0.000000,0.000000,0.000000,0.000000,0.000000,0.000000,0.000000,0.000000,0.000000,0.000000,0.000000,0.000000,0.000000,0.000000,0.000000,0.000000,0.000000,0.000000,0.000000,0.000000,0.000000,0.000000,0.000000,0.000000,0.000000,0.000000,0.000000,0.000000,0.000000,301.100779,494.541938,116.384404,297.530576,500.116402,85.249459,298.053360,499.782135,85.245347,297.494157,499.531128,85.283150,304.759917,501.049913,90.774515,307.679878,501.224353,90.807062,310.531662,501.411485,90.745940,297.431323,494.474003,-9.650614,317.259747,496.428718,12.921928,296.989672,486.654534,89.017277,304.505976,486.787269,95.667620,279.727501,457.625985,-88.513597,345.560502,463.541636,2.457344,230.893365,475.317279,-126.067274,395.999595,480.650557,12.474047,271.033868,505.409173,-153.721052,351.311743,506.254540,8.763175,275.656211,516.946121,-170.761057,343.908788,515.524350,3.855786,281.141994,513.094401,-175.499743,339.022393,513.276922,-5.185064,281.210872,507.968675,-156.047663,340.474504,509.106770,5.364993,300.692267,336.880732,-57.444175,334.013773,341.335215,57.169948,302.606331,255.465776,1.074034,325.028130,262.280725,165.258254,318.875668,172.641262,-17.894990,336.695796,187.414709,186.739694,329.311421,159.506892,-18.439644,343.932787,174.292601,190.916687,287.766000,152.343670,-40.042832,313.578283,175.758208,187.950194,
0.000000,0.000000,0.000000,0.000000,0.000000,0.000000,0.000000,0.000000,0.000000,0.000000,0.000000,0.000000,0.000000,0.000000,0.000000,0.000000,0.000000,0.000000,0.000000,0.000000,0.000000,0.000000,0.000000,0.000000,0.000000,0.000000,0.000000,0.000000,0.000000,0.000000,0.000000,0.000000,0.000000,0.000000,0.000000,0.000000,0.000000,0.000000,0.000000,0.000000,0.000000,0.000000,0.000000,0.000000,0.000000,0.000000,0.000000,0.000000,0.000000,0.000000,0.000000,0.000000,301.870675,494.553728,127.414943,297.943985,500.174956,96.412688,298.070691,499.850725,96.410757,297.407184,499.602390,96.446678,305.485319,501.087137,101.475719,308.426807,501.266994,101.512900,311.317410,501.456274,101.456482,297.159171,494.627881,1.277303,317.989933,496.491536,21.909289,297.538341,486.709034,99.921406,305.352848,486.805751,105.974612,278.761836,457.712759,-81.050320,345.862540,463.475741,7.228106,228.693834,475.415675,-126.691260,397.881838,480.178140,4.638818,270.016574,505.483218,-164.048433,352.483856,506.213874,-14.532531,275.202404,517.304092,-183.167452,344.884780,515.409385,-21.589219,280.658997,513.240969,-186.807854,340.104716,513.064461,-29.296035,280.571711,507.978270,-166.369195,341.524844,508.827280,-17.761992,300.354262,336.745435,-57.026720,334.155449,341.192686,56.752501,302.457446,255.447129,-1.070219,325.010694,262.264754,162.193997,318.869892,172.685488,-23.244912,336.783222,187.228217,178.947642,329.272032,159.369723,-24.345061,343.899742,174.050958,182.410154,287.736754,152.064578,-44.353892,313.804617,175.538418,177.950816,
0.000000,0.000000,0.000000,0.000000,0.000000,0.000000,0.000000,0.000000,0.000000,0.000000,0.000000,0.000000,0.000000,0.000000,0.000000,0.000000,0.000000,0.000000,0.000000,0.000000,0.000000,0.000000,0.000000,0.000000,0.000000,0.000000,0.000000,0.000000,0.000000,0.000000,0.000000,0.000000,0.000000,0.000000,0.000000,0.000000,0.000000,0.000000,0.000000,0.000000,0.000000,0.000000,0.000000,0.000000,0.000000,0.000000,0.000000,0.000000,0.000000,0.000000,0.000000,0.000000,302.640570,494.565517,138.445481,298.357395,500.233510,107.575917,298.088022,499.919315,107.576166,297.320212,499.673651,107.610206,306.210722,501.124362,112.176924,309.173735,501.309635,112.218737,312.103158,501.501064,112.167024,296.887019,494.781759,12.205220,318.720119,496.554354,30.896650,298.087010,486.763534,110.825534,306.199720,486.824233,116.281603,277.796171,457.799533,-73.587044,346.164578,463.409847,11.998868,226.494303,475.514071,-127.315247,399.764081,479.705724,-3.196410,268.999279,505.557263,-174.375813,353.655968,506.173207,-37.828236,274.748596,517.662064,-195.573847,345.860771,515.294420,-47.034225,280.175999,513.387536,-198.115964,341.187040,512.851999,-53.407006,279.932550,507.987865,-176.690727,342.575185,508.547790,-40.888976,300.016258,336.610138,-56.609264,334.297124,341.050158,56.335054,302.308561,255.428483,-3.214472,324.993257,262.248783,159.129740,318.864116,172.729714,-28.594833,336.870647,187.041724,171.155590,329.232643,159.232554,-30.250478,343.866698,173.809314,173.903621,287.707509,151.785486,-48.664952,314.030951,175.318629,167.951439,
0.000000,0.000000,0.000000,0.000000,0.000000,0.000000,0.000000,0.000000,0.000000,0.000000,0.000000,0.000000,0.000000,0.000000,0.000000,0.000000,0.000000,0.000000,0.000000,0.000000,0.000000,0.000000,0.000000,0.000000,0.000000,0.000000,0.000000,0.000000,0.000000,0.000000,0.000000,0.000000,0.000000,0.000000,0.000000,0.000000,0.000000,0.000000,0.000000,0.000000,0.000000,0.000000,0.000000,0.000000,0.000000,0.000000,0.000000,0.000000,0.000000,0.000000,0.000000,0.000000,303.410466,494.577307,149.476020,298.770804,500.292064,118.739146,298.105353,499.987906,118.741576,297.233239,499.744913,118.773733,306.936125,501.161586,122.878129,309.920664,501.352276,122.924575,312.888906,501.545853,122.877566,296.614867,494.935637,23.133137,319.450305,496.617172,39.884011,298.635679,486.818035,121.729662,307.046593,486.842715,126.588595,276.830507,457.886308,-66.123768,346.466616,463.343952,16.769630,224.294772,475.612467,-127.939233,401.646324,479.233307,-11.031638,267.981984,505.631308,-184.703193,354.828081,506.132540,-61.123942,274.294789,518.020035,-207.980242,346.836763,515.179455,-72.479231,279.693001,513.534103,-209.424075,342.269363,512.639538,-77.517977,279.293388,507.997461,-187.012259,343.625525,508.268300,-64.015960,299.678253,336.474841,-56.191808,334.438800,340.907630,55.917608,302.159677,255.409836,-5.358724,324.975821,262.232812,156.065484,318.858340,172.773939,-33.944754,336.958073,186.855232,163.363538,329.193254,159.095385,-36.155894,343.833653,173.567671,165.397088,287.678264,151.506395,-52.976012,314.257285,175.098839,157.952062,
0.000000,0.000000,0.000000,0.000000,0.000000,0.000000,0.000000,0.000000,0.000000,0.000000,0.000000,0.000000,0.000000,0.000000,0.000000,0.000000,0.000000,0.000000,0.000000,0.000000,0.000000,0.000000,0.000000,0.000000,0.000000,0.000000,0.000000,0.000000,0.000000,0.000000,0.000000,0.000000,0.000000,0.000000,0.000000,0.000000,0.000000,0.000000,0.000000,0.000000,0.000000,0.000000,0.000000,0.000000,0.000000,0.000000,0.000000,0.000000,0.000000,0.000000,0.000000,0.000000,304.180362,494.589096,160.506559,299.184213,500.350618,129.902375,298.122684,500.056496,129.906986,297.146266,499.816174,129.937261,307.661528,501.198811,133.579334,310.667592,501.394917,133.630413,313.674654,501.590642,133.588108,296.342715,495.089515,34.061054,320.180491,496.679990,48.871372,299.184348,486.872535,132.633790,307.893465,486.861197,136.895586,275.864842,457.973082,-58.660491,346.768654,463.278057,21.540392,222.095241,475.710863,-128.563220,403.528567,478.760890,-18.866866,266.964690,505.705353,-195.030573,356.000193,506.091874,-84.419648,273.840981,518.378006,-220.386638,347.812755,515.064490,-97.924237,279.210003,513.680671,-220.732186,343.351687,512.427076,-101.628948,278.654227,508.007056,-197.333791,344.675866,507.988810,-87.142945,299.340248,336.339544,-55.774353,334.580476,340.765101,55.500161,302.010792,255.391190,-7.502977,324.958385,262.216841,153.001227,318.852563,172.818165,-39.294675,337.045498,186.668739,155.571486,329.153865,158.958216,-42.061311,343.800609,173.326027,156.890555,287.649018,151.227303,-57.287072,314.483619,174.879049,147.952684,
0.000000,0.000000,0.000000,0.000000,0.000000,0.000000,0.000000,0.000000,0.000000,0.000000,0.000000,0.000000,0.000000,0.000000,0.000000,0.000000,0.000000,0.000000,0.000000,0.000000,0.000000,0.000000,0.000000,0.000000,0.000000,0.000000,0.000000,0.000000,0.000000,0.000000,0.000000,0.000000,0.000000,0.000000,0.000000,0.000000,0.000000,0.000000,0.000000,0.000000,0.000000,0.000000,0.000000,0.000000,0.000000,0.000000,0.000000,0.000000,0.000000,0.000000,0.000000,0.000000,304.922127,494.594268,167.169877,299.731488,500.391790,136.617670,298.379905,500.119062,136.623264,297.231488,499.897092,136.652215,308.363292,501.206816,139.999288,311.360813,501.399628,140.054045,314.376204,501.590878,140.014125,296.255437,495.247896,40.651457,320.807599,496.691896,54.252214,299.819622,486.939203,139.226853,308.648840,486.886634,143.111211,275.240729,458.036137,-54.151048,346.999521,463.145756,24.437136,220.671239,475.971230,-129.401706,404.602073,478.250022,-23.138718,266.391707,505.818669,-201.951015,356.925777,505.934286,-97.293572,273.641754,518.638431,-228.069613,348.608511,514.866961,-112.031405,278.952405,513.836335,-227.978396,344.192860,512.147442,-115.118165,278.316348,508.078075,-204.206772,345.446799,507.659416,-99.966048,299.090720,336.271894,-55.426574,334.640041,340.656606,55.154612,301.940488,255.392150,-9.005152,324.977428,262.215340,151.041102,318.836124,172.829586,-42.958402,337.094169,186.525692,151.256937,329.104530,158.881994,-46.034434,343.762480,173.151267,152.156447,287.637101,151.077367,-60.418212,314.663511,174.728796,141.820601,
0.000000,0.000000,0.000000,0.000000,0.000000,0.000000,0.000000,0.000000,0.000000,0.000000,0.000000,0.000000,0.000000,0.000000,0.000000,0.000000,0.000000,0.000000,0.000000,0.000000,0.000000,0.000000,0.000000,0.000000,0.000000,0.000000,0.000000,0.000000,0.000000,0.000000,0.000000,0.000000,0.000000,0.000000,0.000000,0.000000,0.000000,0.000000,0.000000,0.000000,0.000000,0.000000,0.000000,0.000000,0.000000,0.000000,0.000000,0.000000,0.000000,0.000000,0.000000,0.000000,305.663893,494.599439,173.833196,300.278763,500.432963,143.332964,298.637126,500.181629,143.339541,297.316710,499.978010,143.367169,309.065056,501.214822,146.419242,312.054033,501.404340,146.477677,315.077755,501.591114,146.440141,296.168160,495.406276,47.241860,321.434706,496.703802,59.633056,300.454896,487.005870,145.819916,309.404216,486.912072,149.326835,274.616616,458.099192,-49.641604,347.230389,463.013455,27.333880,219.247237,476.231596,-130.240193,405.675579,477.739153,-27.410571,265.818725,505.931985,-208.871456,357.851360,505.776697,-110.167496,273.442527,518.898855,-235.752589,349.404267,514.669431,-126.138573,278.694808,513.991999,-235.224606,345.034034,511.867808,-128.607382,277.978468,508.149094,-211.079752,346.217733,507.330023,-112.789152,298.841192,336.204244,-55.078794,334.699605,340.548112,54.809063,301.870184,255.393110,-10.507327,324.996472,262.213838,149.080976,318.819685,172.841007,-46.622130,337.142840,186.382646,146.942388,329.055196,158.805771,-50.007557,343.724351,172.976507,147.422339,287.625183,150.927432,-63.549351,314.843402,174.578543,135.688518,
0.000000,0.000000,0.000000,0.000000,0.000000,0.000000,0.000000,0.000000,0.000000,0.000000,0.000000,0.000000,0.000000,0.000000,0.000000,0.000000,0.000000,0.000000,0.000000,0.000000,0.000000,0.000000,0.000000,0.000000,0.000000,0.000000,0.000000,0.000000,0.000000,0.000000,0.000000,0.000000,0.000000,0.000000,0.000000,0.000000,0.000000,0.000000,0.000000,0.000000,0.000000,0.000000,0.000000,0.000000,0.000000,0.000000,0.000000,0.000000,0.000000,0.000000,0.000000,0.000000,306.405659,494.604611,180.496514,300.826038,500.474135,150.048259,298.894347,500.244195,150.055819,297.401933,500.058927,150.082123,309.766820,501.222827,152.839195,312.747254,501.409052,152.901310,315.779306,501.591350,152.866158,296.080882,495.564657,53.832263,322.061813,496.715708,65.013899,301.090169,487.072537,152.412979,310.159591,486.937509,155.542460,273.992503,458.162247,-45.132161,347.461256,462.881154,30.230624,217.823235,476.491963,-131.078680,406.749085,477.228285,-31.682423,265.245743,506.045301,-215.791898,358.776944,505.619109,-123.041421,273.243300,519.159280,-243.435564,350.200023,514.471902,-140.245741,278.437210,514.147664,-242.470816,345.875208,511.588174,-142.096598,277.640589,508.220113,-217.952733,346.988666,507.000629,-125.612256,298.591665,336.136595,-54.731015,334.759170,340.439617,54.463514,301.799880,255.394069,-12.009502,325.015516,262.212337,147.120851,318.803246,172.852428,-50.285857,337.191511,186.239599,142.627839,329.005861,158.729548,-53.980679,343.686222,172.801747,142.688231,287.613265,150.777496,-66.680490,315.023294,174.428290,129.556434,
0.000000,0.000000,0.000000,0.000000,0.000000,0.000000,0.000000,0.000000,0.000000,0.000000,0.000000,0.000000,0.000000,0.000000,0.000000,0.000000,0.000000,0.000000,0.000000,0.000000,0.000000,0.000000,0.000000,0.000000,0.000000,0.000000,0.000000,0.000000,0.000000,0.000000,0.000000,0.000000,0.000000,0.000000,0.000000,0.000000,0.000000,0.000000,0.000000,0.000000,0.000000,0.000000,0.000000,0.000000,0.000000,0.000000,0.000000,0.000000,0.000000,0.000000,0.000000,0.000000,307.147424,494.609783,187.159833,301.373313,500.515308,156.763554,299.151568,500.306761,156.772097,297.487155,500.139845,156.797076,310.468584,501.230833,159.259149,313.440474,501.413763,159.324942,316.480857,501.591587,159.292175,295.993604,495.723038,60.422665,322.688921,496.727614,70.394741,301.725443,487.139205,159.006042,310.914966,486.962947,161.758084,273.368390,458.225303,-40.622717,347.692123,462.748853,33.127368,216.399233,476.752330,-131.917167,407.822591,476.717417,-35.954275,264.672761,506.158616,-222.712340,359.702527,505.461520,-135.915345,273.044072,519.419705,-251.118540,350.995779,514.274372,-154.352909,278.179612,514.303328,-249.717027,346.716382,511.308540,-155.585815,277.302709,508.291132,-224.825714,347.759600,506.671236,-138.435360,298.342137,336.068945,-54.383236,334.818735,340.331123,54.117965,301.729576,255.395029,-13.511677,325.034560,262.210835,145.160726,318.786807,172.863849,-53.949585,337.240182,186.096552,138.313290,328.956526,158.653325,-57.953802,343.648093,172.626987,137.954123,287.601347,150.627560,-69.811630,315.203185,174.278037,123.424351,
0.000000,0.000000,0.000000,0.000000,0.000000,0.000000,0.000000,0.000000,0.000000,0.000000,0.000000,0.000000,0.000000,0.000000,0.000000,0.000000,0.000000,0.000000,0.000000,0.000000,0.000000,0.000000,0.000000,0.000000,0.000000,0.000000,0.000000,0.000000,0.000000,0.000000,0.000000,0.000000,0.000000,0.000000,0.000000,0.000000,0.000000,0.000000,0.000000,0.000000,0.000000,0.000000,0.000000,0.000000,0.000000,0.000000,0.000000,0.000000,0.000000,0.000000,0.000000,0.000000,307.821669,494.631238,189.992284,302.030449,500.563456,159.589186,299.605379,500.374038,159.597612,297.712333,500.227553,159.621609,311.115367,501.246335,161.922096,314.048776,501.411687,161.990592,317.065709,501.573728,161.958344,296.001588,495.875815,63.109366,323.195282,496.699706,72.460795,302.421361,487.225647,161.783087,311.538355,487.004077,164.333896,273.085846,458.265364,-38.914843,347.852638,462.543433,34.031273,215.704849,477.159372,-133.213862,408.216235,476.209607,-38.379375,264.517838,506.267700,-226.772855,360.458521,505.151271,-142.442150,273.094337,519.574409,-254.561707,351.617094,513.940786,-161.588376,278.153662,514.446320,-253.286051,347.306866,510.893504,-162.580761,277.261598,508.397909,-228.741788,348.254732,506.231593,-144.969586,298.163362,336.051914,-54.055735,334.816017,340.239460,53.792126,301.714848,255.403116,-14.536898,325.063049,262.218338,144.182869,318.757332,172.803790,-55.743909,337.259323,186.006682,136.807077,328.894045,158.566508,-59.781309,343.603140,172.523786,136.319791,287.596249,150.614083,-71.756160,315.387267,174.222927,121.266798,
0.000000,0.000000,0.000000,0.000000,0.000000,0.000000,0.000000,0.000000,0.000000,0.000000,0.000000,0.000000,0.000000,0.000000,0.000000,0.000000,0.000000,0.000000,0.000000,0.000000,0.000000,0.000000,0.000000,0.000000,0.000000,0.000000,0.000000,0.000000,0.000000,0.000000,0.000000,0.000000,0.000000,0.000000,0.000000,0.000000,0.000000,0.000000,0.000000,0.000000,0.000000,0.000000,0.000000,0.000000,0.000000,0.000000,0.000000,0.000000,0.000000,0.000000,0.000000,0.000000,308.495913,494.652693,192.824735,302.687584,500.611605,162.414818,300.059190,500.441314,162.423127,297.937511,500.315262,162.446141,311.762150,501.261837,164.585043,314.657078,501.409610,164.656242,317.650561,501.555870,164.624514,296.009571,496.028592,65.796067,323.701643,496.671798,74.526850,303.117278,487.312090,164.560133,312.161744,487.045208,166.909709,272.803302,458.305426,-37.206969,348.013153,462.338013,34.935178,215.010465,477.566414,-134.510556,408.609878,475.701797,-40.804475,264.362916,506.376783,-230.833370,361.214515,504.841022,-148.968954,273.144601,519.729113,-258.004873,352.238408,513.607199,-168.823843,278.127713,514.589312,-256.855075,347.897350,510.478467,-169.575708,277.220486,508.504686,-232.657862,348.749864,505.791950,-151.503812,297.984587,336.034883,-53.728234,334.813299,340.147798,53.466287,301.700119,255.411203,-15.562119,325.091538,262.225841,143.205012,318.727858,172.743731,-57.538234,337.278464,185.916812,135.300864,328.831563,158.479692,-61.608816,343.558186,172.420586,134.685458,287.591152,150.600606,-73.700691,315.571349,174.167818,119.109245,
0.000000,0.000000,0.000000,0.000000,0.000000,0.000000,0.000000,0.000000,0.000000,0.000000,0.000000,0.000000,0.000000,0.000000,0.000000,0.000000,0.000000,0.000000,0.000000,0.000000,0.000000,0.000000,0.000000,0.000000,0.000000,0.000000,0.000000,0.000000,0.000000,0.000000,0.000000,0.000000,0.000000,0.000000,0.000000,0.000000,0.000000,0.000000,0.000000,0.000000,0.000000,0.000000,0.000000,0.000000,0.000000,0.000000,0.000000,0.000000,0.000000,0.000000,0.000000,0.000000,309.170157,494.674148,195.657186,303.344720,500.659753,165.240451,300.513001,500.508590,165.248642,298.162689,500.402970,165.270673,312.408933,501.277340,167.247990,315.265380,501.407533,167.321891,318.235412,501.538012,167.290684,296.017555,496.181369,68.482768,324.208005,496.643890,76.592904,303.813195,487.398533,167.337178,312.785133,487.086339,169.485521,272.520757,458.345488,-35.499096,348.173668,462.132592,35.839082,214.316080,477.973456,-135.807251,409.003522,475.193987,-43.229574,264.207994,506.485866,-234.893886,361.970510,504.530773,-155.495759,273.194865,519.883817,-261.448040,352.859722,513.273613,-176.059309,278.101763,514.732304,-260.424099,348.487834,510.063430,-176.570654,277.179374,508.611463,-236.573936,349.244996,505.352306,-158.038037,297.805812,336.017852,-53.400733,334.810581,340.056135,53.140448,301.685391,255.419290,-16.587340,325.120028,262.233345,142.227155,318.698383,172.683672,-59.332558,337.297605,185.826942,133.794651,328.769081,158.392875,-63.436323,343.513233,172.317385,133.051126,287.586054,150.587128,-75.645221,315.755432,174.112708,116.951693,
0.000000,0.000000,0.000000,0.000000,0.000000,0.000000,0.000000,0.000000,0.000000,0.000000,0.000000,0.000000,0.000000,0.000000,0.000000,0.000000,0.000000,0.000000,0.000000,0.000000,0.000000,0.000000,0.000000,0.000000,0.000000,0.000000,0.000000,0.000000,0.000000,0.000000,0.000000,0.000000,0.000000,0.000000,0.000000,0.000000,0.000000,0.000000,0.000000,0.000000,0.000000,0.000000,0.000000,0.000000,0.000000,0.000000,0.000000,0.000000,0.000000,0.000000,0.000000,0.000000,309.844401,494.695603,198.489637,304.001855,500.707901,168.066083,300.966812,500.575867,168.074157,298.387866,500.490678,168.095205,313.055716,501.292842,169.910936,315.873681,501.405457,169.987541,318.820264,501.520154,169.956853,296.025538,496.334146,71.169469,324.714366,496.615982,78.658958,304.509112,487.484976,170.114224,313.408522,487.127470,172.061333,272.238213,458.385550,-33.791222,348.334183,461.927172,36.742987,213.621696,478.380498,-137.103946,409.397166,474.686177,-45.654674,264.053072,506.594950,-238.954401,362.726504,504.220525,-162.022563,273.245129,520.038521,-264.891207,353.481036,512.940026,-183.294776,278.075814,514.875296,-263.993123,349.078318,509.648394,-183.565600,277.138262,508.718240,-240.490010,349.740128,504.912663,-164.572263,297.627037,336.000821,-53.073232,334.807862,339.964472,52.814608,301.670662,255.427376,-17.612561,325.148517,262.240848,141.249299,318.668908,172.623613,-61.126882,337.316746,185.737072,132.288437,328.706600,158.306058,-65.263830,343.468280,172.214185,131.416794,287.580956,150.573651,-77.589752,315.939514,174.057598,114.794140,
0.000000,0.000000,0.000000,0.000000,0.000000,0.000000,0.000000,0.000000,0.000000,0.000000,0.000000,0.000000,0.000000,0.000000,0.000000,0.000000,0.000000,0.000000,0.000000,0.000000,0.000000,0.000000,0.000000,0.000000,0.000000,0.000000,0.000000,0.000000,0.000000,0.000000,0.000000,0.000000,0.000000,0.000000,0.000000,0.000000,0.000000,0.000000,0.000000,0.000000,0.000000,0.000000,0.000000,0.000000,0.000000,0.000000,0.000000,0.000000,0.000000,0.000000,0.000000,0.000000,310.435642,494.722795,198.358822,304.755933,500.750832,167.902948,301.613470,500.627729,167.910021,298.770483,500.559530,167.930434,313.632165,501.310990,169.691692,316.382499,501.391237,169.770262,319.272680,501.477334,169.738304,296.135121,496.456118,70.847893,325.086471,496.539235,78.105408,305.243166,487.563544,169.935407,313.883921,487.167658,171.823971,272.298349,458.392062,-34.283654,348.426420,461.653368,35.998686,213.620201,478.930610,-138.676863,409.168463,474.215731,-46.120434,264.323648,506.694832,-240.021432,363.303648,503.748461,-162.624531,273.540426,520.118997,-264.022678,353.926528,512.453057,-184.170369,278.286823,515.015828,-263.870123,349.406600,509.087140,-184.471884,277.395365,508.867308,-241.341540,349.959866,504.347978,-165.209173,297.508812,336.020972,-52.795761,334.747027,339.879768,52.537016,301.705137,255.444836,-17.808730,325.174954,262.258570,141.312747,318.627618,172.510737,-60.679699,337.314836,185.709528,133.037701,328.639385,158.237705,-64.612502,343.413044,172.177336,132.263069,287.586466,150.730721,-77.920485,316.130859,174.100522,116.334519,
0.000000,0.000000,0.000000,0.000000,0.000000,0.000000,0.000000,0.000000,0.000000,0.000000,0.000000,0.000000,0.000000,0.000000,0.000000,0.000000,0.000000,0.000000,0.000000,0.000000,0.000000,0.000000,0.000000,0.000000,0.000000,0.000000,0.000000,0.000000,0.000000,0.000000,0.000000,0.000000,0.000000,0.000000,0.000000,0.000000,0.000000,0.000000,0.000000,0.000000,0.000000,0.000000,0.000000,0.000000,0.000000,0.000000,0.000000,0.000000,0.000000,0.000000,0.000000,0.000000,311.026884,494.749988,198.228008,305.510011,500.793763,167.739813,302.260129,500.679591,167.745884,299.153100,500.628381,167.765663,314.208615,501.329138,169.472448,316.891316,501.377017,169.552982,319.725097,501.434513,169.519754,296.244703,496.578090,70.526317,325.458575,496.462488,77.551859,305.977220,487.642112,169.756590,314.359321,487.207846,171.586609,272.358485,458.398575,-34.776086,348.518657,461.379564,35.254386,213.618706,479.480722,-140.249780,408.939761,473.745284,-46.586194,264.594223,506.794714,-241.088463,363.880791,503.276397,-163.226498,273.835724,520.199473,-263.154149,354.372019,511.966087,-185.045963,278.497833,515.156359,-263.747123,349.734882,508.525887,-185.378167,277.652468,509.016377,-242.193069,350.179604,503.783292,-165.846082,297.390587,336.041123,-52.518291,334.686193,339.795064,52.259423,301.739613,255.462296,-18.004898,325.201392,262.276292,141.376195,318.586328,172.397861,-60.232515,337.312925,185.681984,133.786964,328.572170,158.169352,-63.961175,343.357809,172.140487,133.109344,287.591975,150.887790,-78.251218,316.322204,174.143445,117.874899,
0.000000,0.000000,0.000000,0.000000,0.000000,0.000000,0.000000,0.000000,0.000000,0.000000,0.000000,0.000000,0.000000,0.000000,0.000000,0.000000,0.000000,0.000000,0.000000,0.000000,0.000000,0.000000,0.000000,0.000000,0.000000,0.000000,0.000000,0.000000,0.000000,0.000000,0.000000,0.000000,0.000000,0.000000,0.000000,0.000000,0.000000,0.000000,0.000000,0.000000,0.000000,0.000000,0.000000,0.000000,0.000000,0.000000,0.000000,0.000000,0.000000,0.000000,0.000000,0.000000,311.618125,494.777180,198.097194,306.264089,500.836693,167.576678,302.906787,500.731453,167.581748,299.535717,500.697232,167.600893,314.785064,501.347286,169.253205,317.400133,501.362797,169.335703,320.177513,501.391693,169.301204,296.354286,496.700061,70.204741,325.830680,496.385741,76.998309,306.711273,487.720680,169.577773,314.834721,487.248035,171.349247,272.418621,458.405088,-35.268518,348.610894,461.105760,34.510085,213.617211,480.030834,-141.822698,408.711058,473.274838,-47.051954,264.864798,506.894596,-242.155495,364.457935,502.804334,-163.828465,274.131021,520.279949,-262.285619,354.817511,511.479118,-185.921556,278.708843,515.296890,-263.624123,350.063165,507.964633,-186.284450,277.909571,509.165445,-243.044598,350.399341,503.218607,-166.482992,297.272361,336.061274,-52.240820,334.625358,339.710360,51.981831,301.774088,255.479756,-18.201066,325.227829,262.294014,141.439644,318.545037,172.284985,-59.785331,337.311015,185.654440,134.536227,328.504955,158.100999,-63.309847,343.302573,172.103638,133.955619,287.597484,151.044860,-78.581952,316.513549,174.186368,119.415278,
0.000000,0.000000,0.000000,0.000000,0.000000,0.000000,0.000000,0.000000,0.000000,0.000000,0.000000,0.000000,0.000000,0.000000,0.000000,0.000000,0.000000,0.000000,0.000000,0.000000,0.000000,0.000000,0.000000,0.000000,0.000000,0.000000,0.000000,0.000000,0.000000,0.000000,0.000000,0.000000,0.000000,0.000000,0.000000,0.000000,0.000000,0.000000,0.000000,0.000000,0.000000,0.000000,0.000000,0.000000,0.000000,0.000000,0.000000,0.000000,0.000000,0.000000,0.000000,0.000000,312.209366,494.804373,197.966380,307.018167,500.879624,167.413543,303.553446,500.783316,167.417611,299.918334,500.766084,167.436122,315.361513,501.365434,169.033961,317.908951,501.348577,169.118424,320.629929,501.348873,169.082654,296.463868,496.822033,69.883166,326.202785,496.308995,76.444759,307.445327,487.799249,169.398956,315.310121,487.288223,171.111885,272.478757,458.411600,-35.760950,348.703131,460.831956,33.765784,213.615717,480.580946,-143.395615,408.482356,472.804391,-47.517714,265.135374,506.994478,-243.222526,365.035079,502.332270,-164.430433,274.426318,520.360425,-261.417090,355.263003,510.992148,-186.797150,278.919853,515.437421,-263.501123,350.391447,507.403380,-187.190734,278.166673,509.314513,-243.896128,350.619079,502.653921,-167.119902,297.154136,336.081425,-51.963349,334.564523,339.625655,51.704238,301.808563,255.497216,-18.397235,325.254267,262.311737,141.503092,318.503747,172.172109,-59.338147,337.309104,185.626895,135.285490,328.437740,158.032646,-62.658519,343.247337,172.066789,134.801893,287.602993,151.201929,-78.912685,316.704893,174.229292,120.955658,
0.000000,0.000000,0.000000,0.000000,0.000000,0.000000,0.000000,0.000000,0.000000,0.000000,0.000000,0.000000,0.000000,0.000000,0.000000,0.000000,0.000000,0.000000,0.000000,0.000000,0.000000,0.000000,0.000000,0.000000,0.000000,0.000000,0.000000,0.000000,0.000000,0.000000,0.000000,0.000000,0.000000,0.000000,0.000000,0.000000,0.000000,0.000000,0.000000,0.000000,0.000000,0.000000,0.000000,0.000000,0.000000,0.000000,0.000000,0.000000,0.000000,0.000000,0.000000,0.000000,312.385449,494.742210,196.720445,307.284295,500.820210,166.122353,303.842504,500.725820,166.126054,300.198511,500.719696,166.143587,315.508598,501.271579,167.677383,318.025900,501.206790,167.761731,320.728966,501.154525,167.726225,296.513815,496.884667,68.671146,326.157074,496.054615,75.090152,307.704882,487.730013,168.195413,315.465597,487.227990,169.812365,272.182592,458.639730,-36.575381,348.409326,460.570688,33.279577,213.806631,481.088167,-144.412193,407.943525,471.685798,-50.680430,265.487062,507.063521,-245.807560,365.047318,501.872392,-170.317404,274.620301,520.393075,-266.929960,355.342558,510.650251,-193.310941,279.148335,515.444910,-268.933920,350.357972,507.101024,-193.563250,278.272110,509.322511,-247.054607,350.574292,502.273552,-173.049472,297.053588,336.011951,-51.781981,334.515757,339.532681,51.525173,301.780446,255.504838,-18.315001,325.251037,262.336629,141.340532,318.483078,172.200039,-57.268636,337.368442,185.652016,137.975395,328.431304,157.874193,-60.722095,343.209468,172.082029,137.764802,287.607809,151.344947,-77.038157,316.798508,174.276941,123.487735,
0.000000,0.000000,0.000000,0.000000,0.000000,0.000000,0.000000,0.000000,0.000000,0.000000,0.000000,0.000000,0.000000,0.000000,0.000000,0.000000,0.000000,0.000000,0.000000,0.000000,0.000000,0.000000,0.000000,0.000000,0.000000,0.000000,0.000000,0.000000,0.000000,0.000000,0.000000,0.000000,0.000000,0.000000,0.000000,0.000000,0.000000,0.000000,0.000000,0.000000,0.000000,0.000000,0.000000,0.000000,0.000000,0.000000,0.000000,0.000000,0.000000,0.000000,0.000000,0.000000,312.561532,494.680047,195.474511,307.550423,500.760796,164.831162,304.131562,500.668325,164.834497,300.478688,500.673309,164.851052,315.655683,501.177724,166.320806,318.142850,501.065003,166.405039,320.828002,500.960177,166.369796,296.563762,496.947301,67.459126,326.111364,495.800236,73.735544,307.964437,487.660778,166.991869,315.621073,487.167756,168.512845,271.886428,458.867860,-37.389812,348.115521,460.309421,32.793371,213.997546,481.595387,-145.428771,407.404694,470.567205,-53.843146,265.838750,507.132564,-248.392593,365.059558,501.412513,-176.204375,274.814283,520.425725,-272.442829,355.422114,510.308354,-199.824732,279.376817,515.452399,-274.366716,350.324498,506.798668,-199.935767,278.377548,509.330509,-250.213087,350.529504,501.893183,-178.979043,296.953041,335.942478,-51.600613,334.466991,339.439708,51.346107,301.752328,255.512461,-18.232767,325.247807,262.361522,141.177973,318.462408,172.227969,-55.199124,337.427780,185.677136,140.665299,328.424868,157.715740,-58.785670,343.171599,172.097269,140.727710,287.612624,151.487964,-75.163629,316.892122,174.324590,126.019812,
0.000000,0.000000,0.000000,0.000000,0.000000,0.000000,0.000000,0.000000,0.000000,0.000000,0.000000,0.000000,0.000000,0.000000,0.000000,0.000000,0.000000,0.000000,0.000000,0.000000,0.000000,0.000000,0.000000,0.000000,0.000000,0.000000,0.000000,0.000000,0.000000,0.000000,0.000000,0.000000,0.000000,0.000000,0.000000,0.000000,0.000000,0.000000,0.000000,0.000000,0.000000,0.000000,0.000000,0.000000,0.000000,0.000000,0.000000,0.000000,0.000000,0.000000,0.000000,0.000000,312.737615,494.617884,194.228576,307.816551,500.701383,163.539972,304.420620,500.610830,163.542940,300.758864,500.626921,163.558516,315.802767,501.083870,164.964229,318.259799,500.923217,165.048347,320.927039,500.765830,165.013367,296.613709,497.009935,66.247106,326.065654,495.545856,72.380937,308.223992,487.591543,165.788326,315.776549,487.107522,167.213324,271.590263,459.095990,-38.204243,347.821715,460.048153,32.307164,214.188460,482.102608,-146.445349,406.865863,469.448612,-57.005862,266.190439,507.201607,-250.977627,365.071797,500.952635,-182.091346,275.008265,520.458375,-277.955699,355.501669,509.966456,-206.338523,279.605300,515.459888,-279.799513,350.291024,506.496312,-206.308284,278.482985,509.338507,-253.371567,350.484717,501.512814,-184.908614,296.852493,335.873004,-51.419245,334.418225,339.346734,51.167041,301.724210,255.520084,-18.150533,325.244577,262.386415,141.015413,318.441739,172.255899,-53.129613,337.487117,185.702256,143.355203,328.418432,157.557286,-56.849246,343.133729,172.112508,143.690619,287.617440,151.630982,-73.289102,316.985737,174.372238,128.551889,
0.000000,0.000000,0.000000,0.000000,0.000000,0.000000,0.000000,0.000000,0.000000,0.000000,0.000000,0.000000,0.000000,0.000000,0.000000,0.000000,0.000000,0.000000,0.000000,0.000000,0.000000,0.000000,0.000000,0.000000,0.000000,0.000000,0.000000,0.000000,0.000000,0.000000,0.000000,0.000000,0.000000,0.000000,0.000000,0.000000,0.000000,0.000000,0.000000,0.000000,0.000000,0.000000,0.000000,0.000000,0.000000,0.000000,0.000000,0.000000,0.000000,0.000000,0.000000,0.000000,312.913697,494.555721,192.982642,308.082679,500.641969,162.248781,304.709678,500.553335,162.251383,301.039041,500.580534,162.265981,315.949852,500.990015,163.607652,318.376748,500.781430,163.691655,321.026075,500.571482,163.656938,296.663656,497.072569,65.035086,326.019943,495.291477,71.026329,308.483547,487.522307,164.584783,315.932025,487.047288,165.913804,271.294098,459.324120,-39.018674,347.527910,459.786886,31.820957,214.379375,482.609828,-147.461927,406.327033,468.330019,-60.168579,266.542127,507.270650,-253.562661,365.084037,500.492757,-187.978317,275.202247,520.491026,-283.468569,355.581225,509.624559,-212.852314,279.833782,515.467377,-285.232310,350.257550,506.193956,-212.680801,278.588422,509.346504,-256.530047,350.439929,501.132445,-190.838185,296.751946,335.803531,-51.237877,334.369459,339.253760,50.987976,301.696092,255.527706,-18.068299,325.241347,262.411308,140.852854,318.421070,172.283829,-51.060101,337.546455,185.727376,146.045108,328.411996,157.398833,-54.912821,343.095860,172.127748,146.653527,287.622255,151.773999,-71.414574,317.079351,174.419887,131.083966,
0.000000,0.000000,0.000000,0.000000,0.000000,0.000000,0.000000,0.000000,0.000000,0.000000,0.000000,0.000000,0.000000,0.000000,0.000000,0.000000,0.000000,0.000000,0.000000,0.000000,0.000000,0.000000,0.000000,0.000000,0.000000,0.000000,0.000000,0.000000,0.000000,0.000000,0.000000,0.000000,0.000000,0.000000,0.000000,0.000000,0.000000,0.000000,0.000000,0.000000,0.000000,0.000000,0.000000,0.000000,0.000000,0.000000,0.000000,0.000000,0.000000,0.000000,0.000000,0.000000,313.026275,494.487778,191.264917,308.278177,500.588751,160.531713,304.927780,500.518468,160.534241,301.246104,500.563703,160.548215,316.041504,500.862403,161.865364,318.436568,500.617938,161.948445,321.063808,500.372149,161.914083,296.686192,497.147624,63.510462,325.944637,495.074784,69.493541,308.666097,487.494199,162.940303,316.011145,487.001790,164.226386,271.098717,459.538345,-39.814172,347.276615,459.608112,31.052168,214.811631,483.085907,-147.613770,405.603140,467.603862,-61.810267,266.866811,507.391551,-254.624936,364.957316,500.180188,-190.180648,275.406105,520.496783,-286.009625,355.517691,509.419048,-215.217560,280.033559,515.463371,-287.643262,350.137470,506.012663,-215.123310,278.730069,509.352699,-257.878581,350.311817,500.908404,-193.104396,296.691834,335.774102,-51.036626,334.311679,339.196976,50.791020,301.687237,255.532874,-18.842603,325.243262,262.431223,139.729919,318.404093,172.265617,-49.781206,337.571976,185.731596,147.535682,328.382795,157.255129,-53.548863,343.064335,172.124358,148.374112,287.619997,151.822413,-70.467554,317.136030,174.446232,132.518588,
0.000000,0.000000,0.000000,0.000000,0.000000,0.000000,0.000000,0.000000,0.000000,0.000000,0.000000,0.000000,0.000000,0.000000,0.000000,0.000000,0.000000,0.000000,0.000000,0.000000,0.000000,0.000000,0.000000,0.000000,0.000000,0.000000,0.000000,0.000000,0.000000,0.000000,0.000000,0.000000,0.000000,0.000000,0.000000,0.000000,0.000000,0.000000,0.000000,0.000000,0.000000,0.000000,0.000000,0.000000,0.000000,0.000000,0.000000,0.000000,0.000000,0.000000,0.000000,0.000000,313.138853,494.419836,189.547192,308.473675,500.535534,158.814646,305.145882,500.483602,158.817099,301.453167,500.546873,158.830450,316.133156,500.734790,160.123076,318.496387,500.454446,160.205236,321.101540,500.172817,160.171229,296.708728,497.222679,61.985838,325.869331,494.858092,67.960752,308.848647,487.466091,161.295824,316.090264,486.956293,162.538968,270.903336,459.752570,-40.609670,347.025320,459.429338,30.283380,215.243887,483.561986,-147.765613,404.879248,466.877704,-63.451956,267.191494,507.512452,-255.687211,364.830595,499.867620,-192.382978,275.609962,520.502541,-288.550682,355.454158,509.213536,-217.582806,280.233337,515.459364,-290.054214,350.017390,505.831370,-217.565820,278.871717,509.358894,-259.227115,350.183705,500.684364,-195.370606,296.631722,335.744672,-50.835375,334.253899,339.140192,50.594065,301.678381,255.538043,-19.616907,325.245177,262.451139,138.606984,318.387115,172.247406,-48.502311,337.597496,185.735816,149.026256,328.353594,157.111425,-52.184904,343.032809,172.120968,150.094697,287.617738,151.870827,-69.520534,317.192710,174.472577,133.953211,
0.000000,0.000000,0.000000,0.000000,0.000000,0.000000,0.000000,0.000000,0.000000,0.000000,0.000000,0.000000,0.000000,0.000000,0.000000,0.000000,0.000000,0.000000,0.000000,0.000000,0.000000,0.000000,0.000000,0.000000,0.000000,0.000000,0.000000,0.000000,0.000000,0.000000,0.000000,0.000000,0.000000,0.000000,0.000000,0.000000,0.000000,0.000000,0.000000,0.000000,0.000000,0.000000,0.000000,0.000000,0.000000,0.000000,0.000000,0.000000,0.000000,0.000000,0.000000,0.000000,313.251431,494.351893,187.829467,308.669173,500.482317,157.097578,305.363984,500.448735,157.099957,301.660230,500.530042,157.112684,316.224808,500.607178,158.380787,318.556207,500.290955,158.462026,321.139273,499.973484,158.428375,296.731264,497.297734,60.461214,325.794025,494.641399,66.427964,309.031197,487.437983,159.651344,316.169384,486.910795,160.851550,270.707954,459.966795,-41.405168,346.774025,459.250565,29.514591,215.676144,484.038065,-147.917456,404.155355,466.151547,-65.093645,267.516178,507.633353,-256.749487,364.703875,499.555052,-194.585309,275.813820,520.508298,-291.091738,355.390625,509.008024,-219.948052,280.433115,515.455358,-292.465166,349.897310,505.650078,-220.008329,279.013365,509.365088,-260.575649,350.055593,500.460323,-197.636817,296.571610,335.715243,-50.634123,334.196119,339.083409,50.397110,301.669526,255.543211,-20.391211,325.247091,262.471054,137.484049,318.370138,172.229194,-47.223416,337.623016,185.740037,150.516830,328.324392,156.967721,-50.820946,343.001284,172.117578,151.815281,287.615479,151.919241,-68.573514,317.249389,174.498922,135.387833,
0.000000,0.000000,0.000000,0.000000,0.000000,0.000000,0.000000,0.000000,0.000000,0.000000,0.000000,0.000000,0.000000,0.000000,0.000000,0.000000,0.000000,0.000000,0.000000,0.000000,0.000000,0.000000,0.000000,0.000000,0.000000,0.000000,0.000000,0.000000,0.000000,0.000000,0.000000,0.000000,0.000000,0.000000,0.000000,0.000000,0.000000,0.000000,0.000000,0.000000,0.000000,0.000000,0.000000,0.000000,0.000000,0.000000,0.000000,0.000000,0.000000,0.000000,0.000000,0.000000,313.364008,494.283950,186.111742,308.864672,500.429100,155.380510,305.582086,500.413868,155.382815,301.867294,500.513211,155.394918,316.316461,500.479566,156.638499,318.616026,500.127463,156.718817,321.177006,499.774151,156.685520,296.753800,497.372790,58.936590,325.718719,494.424707,64.895176,309.213748,487.409874,158.006864,316.248503,486.865297,159.164132,270.512573,460.181020,-42.200666,346.522731,459.071791,28.745802,216.108400,484.514144,-148.069299,403.431463,465.425389,-66.735334,267.840862,507.754254,-257.811762,364.577154,499.242483,-196.787639,276.017677,520.514056,-293.632794,355.327092,508.802513,-222.313298,280.632892,515.451351,-294.876118,349.777230,505.468785,-222.450839,279.155012,509.371283,-261.924184,349.927481,500.236283,-199.903028,296.511499,335.685814,-50.432872,334.138339,339.026625,50.200154,301.660671,255.548379,-21.165515,325.249006,262.490970,136.361115,318.353161,172.210983,-45.944521,337.648537,185.744257,152.007404,328.295191,156.824017,-49.456987,342.969758,172.114188,153.535866,287.613221,151.967655,-67.626494,317.306068,174.525268,136.822455,
0.000000,0.000000,0.000000,0.000000,0.000000,0.000000,0.000000,0.000000,0.000000,0.000000,0.000000,0.000000,0.000000,0.000000,0.000000,0.000000,0.000000,0.000000,0.000000,0.000000,0.000000,0.000000,0.000000,0.000000,0.000000,0.000000,0.000000,0.000000,0.000000,0.000000,0.000000,0.000000,0.000000,0.000000,0.000000,0.000000,0.000000,0.000000,0.000000,0.000000,0.000000,0.000000,0.000000,0.000000,0.000000,0.000000,0.000000,0.000000,0.000000,0.000000,0.000000,0.000000,313.397599,494.199680,184.789828,308.976622,500.369885,154.138460,305.725490,500.381506,154.141200,302.018726,500.500290,154.153040,316.337327,500.313344,155.385316,318.604150,499.936912,155.464142,321.137698,499.562965,155.431368,296.755262,497.435065,57.994787,325.600307,494.236677,63.879391,309.296786,487.395243,156.781602,316.235264,486.817899,157.915453,270.419087,460.370785,-42.375967,346.316021,458.980246,28.039066,216.745271,484.955476,-147.174421,402.580025,465.125972,-66.743408,268.145978,507.922043,-257.217721,364.302212,499.068071,-195.727612,276.226951,520.524413,-293.130149,355.119089,508.716060,-221.041827,280.809276,515.446060,-294.250388,349.559032,505.397741,-221.368949,279.334317,509.382208,-261.355134,349.716452,500.153778,-198.897440,296.481619,335.682992,-50.241489,334.075712,338.996157,50.013847,301.664706,255.553339,-22.444258,325.244568,262.507122,134.336841,318.341095,172.165293,-45.084138,337.648718,185.736726,151.745789,328.251638,156.724121,-48.332276,342.941118,172.086960,153.394959,287.607675,151.955554,-67.179793,317.328884,174.533199,136.883025,
0.000000,0.000000,0.000000,0.000000,0.000000,0.000000,0.000000,0.000000,0.000000,0.000000,0.000000,0.000000,0.000000,0.000000,0.000000,0.000000,0.000000,0.000000,0.000000,0.000000,0.000000,0.000000,0.000000,0.000000,0.000000,0.000000,0.000000,0.000000,0.000000,0.000000,0.000000,0.000000,0.000000,0.000000,0.000000,0.000000,0.000000,0.000000,0.000000,0.000000,0.000000,0.000000,0.000000,0.000000,0.000000,0.000000,0.000000,0.000000,0.000000,0.000000,0.000000,0.000000,313.431190,494.115411,183.467915,309.088572,500.310671,152.896410,305.868895,500.349143,152.899584,302.170159,500.487368,152.911162,316.358193,500.147123,154.132133,318.592274,499.746360,154.209468,321.098390,499.351780,154.177216,296.756724,497.497340,57.052984,325.481895,494.048646,62.863606,309.379825,487.380612,155.556341,316.222024,486.770501,156.666775,270.325602,460.560550,-42.551268,346.109312,458.888702,27.332329,217.382142,485.396808,-146.279544,401.728586,464.826555,-66.751482,268.451094,508.089833,-256.623680,364.027270,498.893659,-194.667585,276.436226,520.534770,-292.627504,354.911087,508.629608,-219.770356,280.985660,515.440769,-293.624658,349.340834,505.326697,-220.287059,279.513622,509.393134,-260.786085,349.505422,500.071273,-197.891852,296.451739,335.680171,-50.050106,334.013085,338.965690,49.827539,301.668742,255.558299,-23.723001,325.240130,262.523275,132.312568,318.329029,172.119604,-44.223755,337.648899,185.729195,151.484174,328.208086,156.624224,-47.207564,342.912479,172.059732,153.254051,287.602128,151.943453,-66.733093,317.351701,174.541130,136.943594,
0.000000,0.000000,0.000000,0.000000,0.000000,0.000000,0.000000,0.000000,0.000000,0.000000,0.000000,0.000000,0.000000,0.000000,0.000000,0.000000,0.000000,0.000000,0.000000,0.000000,0.000000,0.000000,0.000000,0.000000,0.000000,0.000000,0.000000,0.000000,0.000000,0.000000,0.000000,0.000000,0.000000,0.000000,0.000000,0.000000,0.000000,0.000000,0.000000,0.000000,0.000000,0.000000,0.000000,0.000000,0.000000,0.000000,0.000000,0.000000,0.000000,0.000000,0.000000,0.000000,313.464781,494.031142,182.146001,309.200522,500.251456,151.654360,306.012299,500.316781,151.657969,302.321591,500.474447,151.669284,316.379059,499.980901,152.878949,318.580397,499.555809,152.954794,321.059082,499.140594,152.923064,296.758187,497.559615,56.111181,325.363483,493.860616,61.847821,309.462863,487.365981,154.331079,316.208784,486.723103,155.418096,270.232116,460.750315,-42.726569,345.902603,458.797157,26.625592,218.019012,485.838140,-145.384667,400.877148,464.527137,-66.759556,268.756210,508.257622,-256.029639,363.752328,498.719246,-193.607558,276.645500,520.545127,-292.124859,354.703084,508.543156,-218.498885,281.162044,515.435478,-292.998928,349.122636,505.255653,-219.205169,279.692927,509.404059,-260.217035,349.294392,499.988768,-196.886265,296.421860,335.677349,-49.858724,333.950458,338.935223,49.641231,301.672777,255.563258,-25.001744,325.235691,262.539428,130.288294,318.316963,172.073914,-43.363371,337.649080,185.721664,151.222559,328.164533,156.524328,-46.082853,342.883839,172.032504,153.113144,287.596582,151.931352,-66.286392,317.374517,174.549061,137.004163,
0.000000,0.000000,0.000000,0.000000,0.000000,0.000000,0.000000,0.000000,0.000000,0.000000,0.000000,0.000000,0.000000,0.000000,0.000000,0.000000,0.000000,0.000000,0.000000,0.000000,0.000000,0.000000,0.000000,0.000000,0.000000,0.000000,0.000000,0.000000,0.000000,0.000000,0.000000,0.000000,0.000000,0.000000,0.000000,0.000000,0.000000,0.000000,0.000000,0.000000,0.000000,0.000000,0.000000,0.000000,0.000000,0.000000,0.000000,0.000000,0.000000,0.000000,0.000000,0.000000,313.498372,493.946873,180.824088,309.312472,500.192242,150.412310,306.155703,500.284419,150.416353,302.473024,500.461526,150.427406,316.399926,499.814680,151.625766,318.568521,499.365258,151.700120,321.019774,498.929408,151.668912,296.759649,497.621890,55.169378,325.245071,493.672585,60.832036,309.545902,487.351349,153.105817,316.195544,486.675706,154.169418,270.138630,460.940080,-42.901870,345.695894,458.705612,25.918855,218.655883,486.279472,-144.489789,400.025710,464.227720,-66.767630,269.061327,508.425412,-255.435598,363.477385,498.544834,-192.547531,276.854774,520.555484,-291.622214,354.495081,508.456704,-217.227414,281.338428,515.430187,-292.373198,348.904438,505.184609,-218.123279,279.872232,509.414984,-259.647986,349.083362,499.906263,-195.880677,296.391980,335.674527,-49.667341,333.887830,338.904755,49.454923,301.676813,255.568218,-26.280488,325.231253,262.555581,128.264021,318.304897,172.028225,-42.502988,337.649261,185.714133,150.960944,328.120980,156.424431,-44.958141,342.855199,172.005276,152.972236,287.591036,151.919250,-65.839691,317.397333,174.556993,137.064732,
0.000000,0.000000,0.000000,0.000000,0.000000,0.000000,0.000000,0.000000,0.000000,0.000000,0.000000,0.000000,0.000000,0.000000,0.000000,0.000000,0.000000,0.000000,0.000000,0.000000,0.000000,0.000000,0.000000,0.000000,0.000000,0.000000,0.000000,0.000000,0.000000,0.000000,0.000000,0.000000,0.000000,0.000000,0.000000,0.000000,0.000000,0.000000,0.000000,0.000000,0.000000,0.000000,0.000000,0.000000,0.000000,0.000000,0.000000,0.000000,0.000000,0.000000,0.000000,0.000000,313.445727,493.855401,179.912079,309.336393,500.132410,149.666337,306.220640,500.253844,149.671437,302.566091,500.448582,149.682883,316.346480,499.619594,150.881775,318.483785,499.155308,150.953899,320.904892,498.713159,150.923202,296.742033,497.664648,54.839958,325.086781,493.514429,60.355053,309.524896,487.345864,152.320149,316.086494,486.628650,153.380314,270.144943,461.101113,-42.440077,345.534219,458.700422,25.435145,219.442835,486.690291,-142.347903,399.050490,464.329330,-64.549711,269.343361,508.625690,-252.754906,363.035064,498.517583,-186.840455,277.068247,520.572971,-287.691546,354.125790,508.487464,-210.928896,281.491558,515.429419,-288.368308,348.559781,505.222027,-212.138546,280.084251,509.431121,-256.757276,348.761534,499.962044,-190.239023,296.389070,335.670596,-49.593572,333.825972,338.883430,49.386166,301.682439,255.563485,-27.953445,325.223769,262.564186,125.761757,318.299145,171.962020,-42.093070,337.632043,185.702425,149.642939,328.071704,156.381504,-44.127995,342.852311,171.955770,151.730135,287.549775,151.849907,-65.930293,317.364443,174.558101,136.417213,
0.000000,0.000000,0.000000,0.000000,0.000000,0.000000,0.000000,0.000000,0.000000,0.000000,0.000000,0.000000,0.000000,0.000000,0.000000,0.000000,0.000000,0.000000,0.000000,0.000000,0.000000,0.000000,0.000000,0.000000,0.000000,0.000000,0.000000,0.000000,0.000000,0.000000,0.000000,0.000000,0.000000,0.000000,0.000000,0.000000,0.000000,0.000000,0.000000,0.000000,0.000000,0.000000,0.000000,0.000000,0.000000,0.000000,0.000000,0.000000,0.000000,0.000000,0.000000,0.000000,313.393081,493.763929,179.000071,309.360313,500.072578,148.920365,306.285577,500.223269,148.926520,302.659158,500.435638,148.938360,316.293034,499.424509,150.137783,318.399049,498.945358,150.207679,320.790011,498.496909,150.177492,296.724417,497.707406,54.510537,324.928490,493.356273,59.878070,309.503891,487.340378,151.534481,315.977443,486.581595,152.591210,270.151256,461.262147,-41.978283,345.372544,458.695232,24.951435,220.229786,487.101110,-140.206017,398.075270,464.430940,-62.331792,269.625394,508.825968,-250.074214,362.592743,498.490333,-181.133379,277.281720,520.590458,-283.760878,353.756498,508.518224,-204.630378,281.644689,515.428652,-284.363419,348.215124,505.259446,-206.153814,280.296271,509.447258,-253.866566,348.439705,500.017825,-184.597369,296.386160,335.666665,-49.519803,333.764113,338.862105,49.317410,301.688066,255.558752,-29.626403,325.216285,262.572791,123.259493,318.293393,171.895816,-41.683152,337.614824,185.690716,148.324933,328.022427,156.338577,-43.297849,342.849423,171.906264,150.488035,287.508513,151.780563,-66.020894,317.331554,174.559210,135.769694,
0.000000,0.000000,0.000000,0.000000,0.000000,0.000000,0.000000,0.000000,0.000000,0.000000,0.000000,0.000000,0.000000,0.000000,0.000000,0.000000,0.000000,0.000000,0.000000,0.000000,0.000000,0.000000,0.000000,0.000000,0.000000,0.000000,0.000000,0.000000,0.000000,0.000000,0.000000,0.000000,0.000000,0.000000,0.000000,0.000000,0.000000,0.000000,0.000000,0.000000,0.000000,0.000000,0.000000,0.000000,0.000000,0.000000,0.000000,0.000000,0.000000,0.000000,0.000000,0.000000,313.340436,493.672457,178.088062,309.384233,500.012747,148.174393,306.350514,500.192694,148.181603,302.752225,500.422693,148.193837,316.239588,499.229423,149.393792,318.314312,498.735408,149.461459,320.675130,498.280659,149.431782,296.706801,497.750165,54.181116,324.770199,493.198118,59.401087,309.482886,487.334893,150.748813,315.868393,486.534540,151.802105,270.157569,461.423181,-41.516490,345.210869,458.690042,24.467724,221.016738,487.511929,-138.064131,397.100051,464.532550,-60.113873,269.907428,509.026246,-247.393522,362.150421,498.463083,-175.426303,277.495193,520.607945,-279.830210,353.387207,508.548984,-198.331861,281.797819,515.427884,-280.358529,347.870467,505.296865,-200.169081,280.508290,509.463396,-250.975856,348.117877,500.073606,-178.955714,296.383250,335.662735,-49.446033,333.702255,338.840780,49.248653,301.693692,255.554018,-31.299361,325.208800,262.581396,120.757229,318.287642,171.829611,-41.273234,337.597606,185.679008,147.006928,327.973150,156.295650,-42.467703,342.846535,171.856758,149.245934,287.467251,151.711219,-66.111495,317.298664,174.560318,135.122175,
0.000000,0.000000,0.000000,0.000000,0.000000,0.000000,0.000000,0.000000,0.000000,0.000000,0.000000,0.000000,0.000000,0.000000,0.000000,0.000000,0.000000,0.000000,0.000000,0.000000,0.000000,0.000000,0.000000,0.000000,0.000000,0.000000,0.000000,0.000000,0.000000,0.000000,0.000000,0.000000,0.000000,0.000000,0.000000,0.000000,0.000000,0.000000,0.000000,0.000000,0.000000,0.000000,0.000000,0.000000,0.000000,0.000000,0.000000,0.000000,0.000000,0.000000,0.000000,0.000000,313.287791,493.580985,177.176053,309.408154,499.952915,147.428421,306.415452,500.162119,147.436687,302.845293,500.409749,147.449314,316.186142,499.034337,148.649800,318.229576,498.525458,148.715239,320.560248,498.064410,148.686071,296.689185,497.792923,53.851696,324.611908,493.039962,58.924104,309.461881,487.329407,149.963145,315.759342,486.487484,151.013001,270.163883,461.584214,-41.054697,345.049194,458.684852,23.984014,221.803690,487.922748,-135.922245,396.124831,464.634160,-57.895954,270.189462,509.226524,-244.712831,361.708100,498.435832,-169.719227,277.708666,520.625432,-275.899542,353.017915,508.579744,-192.033343,281.950950,515.427117,-276.353640,347.525810,505.334283,-194.184348,280.720310,509.479533,-248.085146,347.796048,500.129387,-173.314060,296.380341,335.658804,-49.372264,333.640396,338.819454,49.179896,301.699318,255.549285,-32.972318,325.201316,262.590002,118.254965,318.281890,171.763407,-40.863316,337.580387,185.667300,145.688923,327.923873,156.252723,-41.637557,342.843647,171.807252,148.003833,287.425989,151.641876,-66.202096,317.265774,174.561426,134.474656,
0.000000,0.000000,0.000000,0.000000,0.000000,0.000000,0.000000,0.000000,0.000000,0.000000,0.000000,0.000000,0.000000,0.000000,0.000000,0.000000,0.000000,0.000000,0.000000,0.000000,0.000000,0.000000,0.000000,0.000000,0.000000,0.000000,0.000000,0.000000,0.000000,0.000000,0.000000,0.000000,0.000000,0.000000,0.000000,0.000000,0.000000,0.000000,0.000000,0.000000,0.000000,0.000000,0.000000,0.000000,0.000000,0.000000,0.000000,0.000000,0.000000,0.000000,0.000000,0.000000,313.250074,493.558366,176.590957,309.420137,499.908911,147.090592,306.463367,500.128106,147.100033,302.922457,500.391441,147.113419,316.144495,498.942121,148.208144,318.185312,498.412613,148.270009,320.511490,497.934408,148.241226,296.698774,497.801889,54.161031,324.582453,492.963056,58.683773,309.468949,487.316333,149.586570,315.729903,486.465834,150.469668,270.080687,461.620570,-39.701690,344.716552,458.695135,24.055847,222.204532,488.122530,-130.845432,395.864976,464.692333,-54.528671,270.328256,509.311976,-234.618727,361.366886,498.378612,-161.225632,277.773332,520.680228,-264.766573,352.737232,508.611589,-182.292616,282.031733,515.481076,-265.286648,347.341571,505.387745,-184.431594,280.810550,509.538094,-237.900372,347.609211,500.182780,-164.598639,296.247926,335.817063,-48.438915,333.598653,338.920831,48.253318,301.791124,255.607297,-33.581971,325.282929,262.615257,113.343046,318.262974,171.756272,-40.712591,337.522167,185.626217,139.670067,327.830454,156.321092,-41.250564,342.656936,171.802177,141.990489,287.603344,151.699476,-64.715002,317.459358,174.537196,128.418790,
0.000000,0.000000,0.000000,0.000000,0.000000,0.000000,0.000000,0.000000,0.000000,0.000000,0.000000,0.000000,0.000000,0.000000,0.000000,0.000000,0.000000,0.000000,0.000000,0.000000,0.000000,0.000000,0.000000,0.000000,0.000000,0.000000,0.000000,0.000000,0.000000,0.000000,0.000000,0.000000,0.000000,0.000000,0.000000,0.000000,0.000000,0.000000,0.000000,0.000000,0.000000,0.000000,0.000000,0.000000,0.000000,0.000000,0.000000,0.000000,0.000000,0.000000,0.000000,0.000000,313.212358,493.535748,176.005861,309.432120,499.864907,146.752764,306.511282,500.094093,146.763379,302.999621,500.373133,146.777525,316.102847,498.849905,147.766487,318.141048,498.299769,147.824778,320.462732,497.804407,147.796381,296.708364,497.810854,54.470365,324.552998,492.886150,58.443441,309.476017,487.303260,149.209996,315.700464,486.444184,149.926335,269.997491,461.656926,-38.348683,344.383911,458.705418,24.127680,222.605375,488.322312,-125.768620,395.605120,464.750505,-51.161388,270.467051,509.397429,-224.524623,361.025671,498.321391,-152.732037,277.837998,520.735024,-253.633605,352.456550,508.643433,-172.551890,282.112517,515.535036,-254.219657,347.157331,505.441207,-174.678839,280.900791,509.596655,-227.715597,347.422373,500.236173,-155.883217,296.115512,335.975323,-47.505566,333.556909,339.022208,47.326740,301.882930,255.665309,-34.191623,325.364542,262.640513,108.431127,318.244059,171.749137,-40.561866,337.463947,185.585133,133.651211,327.737035,156.389462,-40.863570,342.470224,171.797103,135.977144,287.780698,151.757077,-63.227908,317.652942,174.512965,122.362924,
0.000000,0.000000,0.000000,0.000000,0.000000,0.000000,0.000000,0.000000,0.000000,0.000000,0.000000,0.000000,0.000000,0.000000,0.000000,0.000000,0.000000,0.000000,0.000000,0.000000,0.000000,0.000000,0.000000,0.000000,0.000000,0.000000,0.000000,0.000000,0.000000,0.000000,0.000000,0.000000,0.000000,0.000000,0.000000,0.000000,0.000000,0.000000,0.000000,0.000000,0.000000,0.000000,0.000000,0.000000,0.000000,0.000000,0.000000,0.000000,0.000000,0.000000,0.000000,0.000000,313.174642,493.513129,175.420764,309.444103,499.820903,146.414936,306.559198,500.060081,146.426725,303.076785,500.354824,146.441631,316.061199,498.757689,147.324830,318.096784,498.186925,147.379548,320.413974,497.674405,147.351536,296.717954,497.819820,54.779700,324.523542,492.809244,58.203110,309.483085,487.290186,148.833421,315.671024,486.422534,149.383002,269.914295,461.693281,-36.995675,344.051269,458.715700,24.199513,223.006218,488.522094,-120.691808,395.345265,464.808677,-47.794105,270.605845,509.482881,-214.430519,360.684457,498.264170,-144.238442,277.902663,520.789821,-242.500636,352.175867,508.675278,-162.811163,282.193301,515.588996,-243.152665,346.973092,505.494669,-164.926084,280.991032,509.655216,-217.530822,347.235536,500.289566,-147.167796,295.983097,336.133583,-46.572216,333.515165,339.123585,46.400163,301.974736,255.723321,-34.801276,325.446155,262.665768,103.519207,318.225144,171.742002,-40.411140,337.405727,185.544050,127.632355,327.643616,156.457831,-40.476576,342.283512,171.792028,129.963799,287.958052,151.814677,-61.740815,317.846526,174.488735,116.307058,
0.000000,0.000000,0.000000,0.000000,0.000000,0.000000,0.000000,0.000000,0.000000,0.000000,0.000000,0.000000,0.000000,0.000000,0.000000,0.000000,0.000000,0.000000,0.000000,0.000000,0.000000,0.000000,0.000000,0.000000,0.000000,0.000000,0.000000,0.000000,0.000000,0.000000,0.000000,0.000000,0.000000,0.000000,0.000000,0.000000,0.000000,0.000000,0.000000,0.000000,0.000000,0.000000,0.000000,0.000000,0.000000,0.000000,0.000000,0.000000,0.000000,0.000000,0.000000,0.000000,313.136925,493.490510,174.835668,309.456086,499.776899,146.077108,306.607113,500.026068,146.090071,303.153948,500.336516,146.105737,316.019552,498.665472,146.883173,318.052519,498.074081,146.934318,320.365216,497.544403,146.906691,296.727544,497.828785,55.089035,324.494087,492.732338,57.962778,309.490153,487.277113,148.456846,315.641585,486.400883,148.839669,269.831099,461.729637,-35.642668,343.718628,458.725983,24.271345,223.407061,488.721876,-115.614996,395.085410,464.866849,-44.426822,270.744639,509.568334,-204.336415,360.343243,498.206950,-135.744847,277.967329,520.844617,-231.367667,351.895184,508.707122,-153.070436,282.274085,515.642956,-232.085674,346.788852,505.548131,-155.173329,281.081272,509.713777,-207.346048,347.048698,500.342959,-138.452374,295.850683,336.291842,-45.638867,333.473422,339.224962,45.473585,302.066541,255.781334,-35.410929,325.527769,262.691024,98.607288,318.206229,171.734868,-40.260415,337.347507,185.502966,121.613499,327.550197,156.526201,-40.089582,342.096801,171.786953,123.950454,288.135407,151.872278,-60.253721,318.040110,174.464504,110.251192,
0.000000,0.000000,0.000000,0.000000,0.000000,0.000000,0.000000,0.000000,0.000000,0.000000,0.000000,0.000000,0.000000,0.000000,0.000000,0.000000,0.000000,0.000000,0.000000,0.000000,0.000000,0.000000,0.000000,0.000000,0.000000,0.000000,0.000000,0.000000,0.000000,0.000000,0.000000,0.000000,0.000000,0.000000,0.000000,0.000000,0.000000,0.000000,0.000000,0.000000,0.000000,0.000000,0.000000,0.000000,0.000000,0.000000,0.000000,0.000000,0.000000,0.000000,0.000000,0.000000,313.090328,493.476729,174.455616,309.443855,499.746012,145.858038,306.617319,500.006359,145.871440,303.183092,500.331201,145.887094,315.977617,498.606357,146.590419,318.006689,498.005931,146.639702,320.320152,497.466337,146.612522,296.716987,497.845296,55.332334,324.439375,492.692295,57.835881,309.468568,487.292129,148.228462,315.595639,486.393747,148.493608,269.732627,461.770932,-34.671129,343.387417,458.745554,23.995599,223.734336,488.849156,-112.700020,394.744837,464.953024,-43.102370,270.847165,509.664265,-198.837946,360.079214,498.147468,-131.988747,278.016187,520.896862,-225.299032,351.641054,508.728846,-148.562497,282.335559,515.691715,-226.020186,346.574097,505.591099,-150.646539,281.156757,509.782260,-201.783491,346.827524,500.378222,-134.533315,295.736139,336.488917,-44.725973,333.365630,339.370051,44.565029,302.175710,255.843105,-35.653141,325.570472,262.731400,95.014723,318.213428,171.723251,-39.551912,337.297049,185.480819,116.930271,327.481696,156.521049,-39.213034,341.917996,171.811000,119.200492,288.472404,152.126246,-58.580625,318.299142,174.438650,105.545725,
0.000000,0.000000,0.000000,0.000000,0.000000,0.000000,0.000000,0.000000,0.000000,0.000000,0.000000,0.000000,0.000000,0.000000,0.000000,0.000000,0.000000,0.000000,0.000000,0.000000,0.000000,0.000000,0.000000,0.000000,0.000000,0.000000,0.000000,0.000000,0.000000,0.000000,0.000000,0.000000,0.000000,0.000000,0.000000,0.000000,0.000000,0.000000,0.000000,0.000000,0.000000,0.000000,0.000000,0.000000,0.000000,0.000000,0.000000,0.000000,0.000000,0.000000,0.000000,0.000000,313.043731,493.462948,174.075564,309.431625,499.715125,145.638967,306.627524,499.986650,145.652810,303.212235,500.325886,145.668451,315.935682,498.547241,146.297665,317.960859,497.937781,146.345086,320.275087,497.388271,146.318354,296.706430,497.861806,55.575633,324.384662,492.652251,57.708984,309.446983,487.307145,148.000079,315.549694,486.386611,148.147547,269.634155,461.812227,-33.699589,343.056206,458.765125,23.719853,224.061612,488.976436,-109.785044,394.404265,465.039199,-41.777918,270.949690,509.760195,-193.339477,359.815184,498.087987,-128.232648,278.065045,520.949107,-219.230397,351.386924,508.750570,-144.054557,282.397032,515.740475,-219.954699,346.359342,505.634066,-146.119748,281.232243,509.850744,-196.220934,346.606350,500.413485,-130.614255,295.621594,336.685992,-43.813080,333.257839,339.515141,43.656473,302.284878,255.904875,-35.895352,325.613175,262.771776,91.422157,318.220627,171.711635,-38.843410,337.246591,185.458673,112.247043,327.413194,156.515897,-38.336487,341.739191,171.835047,114.450530,288.809402,152.380215,-56.907529,318.558174,174.412795,100.840258,
0.000000,0.000000,0.000000,0.000000,0.000000,0.000000,0.000000,0.000000,0.000000,0.000000,0.000000,0.000000,0.000000,0.000000,0.000000,0.000000,0.000000,0.000000,0.000000,0.000000,0.000000,0.000000,0.000000,0.000000,0.000000,0.000000,0.000000,0.000000,0.000000,0.000000,0.000000,0.000000,0.000000,0.000000,0.000000,0.000000,0.000000,0.000000,0.000000,0.000000,0.000000,0.000000,0.000000,0.000000,0.000000,0.000000,0.000000,0.000000,0.000000,0.000000,0.000000,0.000000,312.997133,493.449167,173.695512,309.419394,499.684238,145.419897,306.637730,499.966940,145.434180,303.241378,500.320572,145.449808,315.893748,498.488125,146.004911,317.915029,497.869631,146.050470,320.230022,497.310205,146.024185,296.695873,497.878316,55.818932,324.329950,492.612207,57.582087,309.425399,487.322160,147.771695,315.503748,486.379475,147.801486,269.535683,461.853522,-32.728050,342.724994,458.784696,23.444106,224.388888,489.103717,-106.870068,394.063692,465.125374,-40.453467,271.052215,509.856126,-187.841008,359.551155,498.028506,-124.476548,278.113903,521.001353,-213.161761,351.132793,508.772293,-139.546618,282.458506,515.789235,-213.889212,346.144587,505.677034,-141.592958,281.307728,509.919228,-190.658377,346.385175,500.448748,-126.695196,295.507050,336.883066,-42.900187,333.150047,339.660230,42.747917,302.394047,255.966646,-36.137564,325.655878,262.812152,87.829592,318.227826,171.700018,-38.134907,337.196133,185.436526,107.563815,327.344692,156.510746,-37.459939,341.560387,171.859094,109.700568,289.146400,152.634183,-55.234432,318.817206,174.386941,96.134791,
0.000000,0.000000,0.000000,0.000000,0.000000,0.000000,0.000000,0.000000,0.000000,0.000000,0.000000,0.000000,0.000000,0.000000,0.000000,0.000000,0.000000,0.000000,0.000000,0.000000,0.000000,0.000000,0.000000,0.000000,0.000000,0.000000,0.000000,0.000000,0.000000,0.000000,0.000000,0.000000,0.000000,0.000000,0.000000,0.000000,0.000000,0.000000,0.000000,0.000000,0.000000,0.000000,0.000000,0.000000,0.000000,0.000000,0.000000,0.000000,0.000000,0.000000,0.000000,0.000000,312.950536,493.435386,173.315459,309.407163,499.653351,145.200826,306.647935,499.947231,145.215550,303.270521,500.315257,145.231165,315.851813,498.429009,145.712157,317.869199,497.801481,145.755854,320.184958,497.232138,145.730016,296.685316,497.894827,56.062231,324.275238,492.572163,57.455190,309.403814,487.337176,147.543312,315.457803,486.372339,147.455425,269.437211,461.894817,-31.756510,342.393783,458.804267,23.168360,224.716164,489.230997,-103.955092,393.723119,465.211548,-39.129015,271.154741,509.952057,-182.342539,359.287126,497.969024,-120.720448,278.162762,521.053598,-207.093126,350.878663,508.794017,-135.038678,282.519979,515.837994,-207.823725,345.929832,505.720001,-137.066168,281.383213,509.987712,-185.095820,346.164001,500.484011,-122.776136,295.392505,337.080141,-41.987293,333.042256,339.805320,41.839361,302.503215,256.028417,-36.379776,325.698581,262.852528,84.237027,318.235025,171.688402,-37.426404,337.145675,185.414380,102.880587,327.276191,156.505594,-36.583391,341.381582,171.883141,104.950606,289.483398,152.888151,-53.561336,319.076237,174.361087,91.429325,
0.000000,0.000000,0.000000,0.000000,0.000000,0.000000,0.000000,0.000000,0.000000,0.000000,0.000000,0.000000,0.000000,0.000000,0.000000,0.000000,0.000000,0.000000,0.000000,0.000000,0.000000,0.000000,0.000000,0.000000,0.000000,0.000000,0.000000,0.000000,0.000000,0.000000,0.000000,0.000000,0.000000,0.000000,0.000000,0.000000,0.000000,0.000000,0.000000,0.000000,0.000000,0.000000,0.000000,0.000000,0.000000,0.000000,0.000000,0.000000,0.000000,0.000000,0.000000,0.000000,312.887808,493.439567,173.154545,309.366237,499.640961,145.121574,306.616661,499.941109,145.136115,303.248908,500.319004,145.151240,315.806065,498.412739,145.588393,317.820639,497.785686,145.631772,320.145054,497.212796,145.606264,296.656607,497.912145,56.269055,324.198496,492.570194,57.463527,309.349045,487.375951,147.483495,315.391899,486.381958,147.327471,269.321367,461.936780,-31.149541,342.064451,458.832252,22.706009,224.915339,489.290010,-103.001664,393.305593,465.300013,-39.255017,271.217482,510.044065,-181.009370,359.081123,497.916289,-120.317153,278.194594,521.105823,-205.704503,350.634266,508.803773,-134.373197,282.562283,515.887362,-206.417266,345.656220,505.750688,-136.386899,281.439000,510.066599,-183.751404,345.880609,500.497895,-122.289170,295.292568,337.288314,-41.202601,332.874033,339.976947,41.055731,302.618446,256.084462,-36.144323,325.705681,262.904240,82.387163,318.269741,171.679266,-36.192078,337.110918,185.418744,100.228786,327.241234,156.440083,-35.272607,341.233551,171.937870,102.224326,289.947612,153.341760,-51.739220,319.378874,174.345199,88.740222,
0.000000,0.000000,0.000000,0.000000,0.000000,0.000000,0.000000,0.000000,0.000000,0.000000,0.000000,0.000000,0.000000,0.000000,0.000000,0.000000,0.000000,0.000000,0.000000,0.000000,0.000000,0.000000,0.000000,0.000000,0.000000,0.000000,0.000000,0.000000,0.000000,0.000000,0.000000,0.000000,0.000000,0.000000,0.000000,0.000000,0.000000,0.000000,0.000000,0.000000,0.000000,0.000000,0.000000,0.000000,0.000000,0.000000,0.000000,0.000000,0.000000,0.000000,0.000000,0.000000,312.825080,493.443748,172.993630,309.325311,499.628571,145.042321,306.585387,499.934986,145.056681,303.227295,500.322751,145.071316,315.760317,498.396468,145.464628,317.772079,497.769892,145.507689,320.105150,497.193455,145.482512,296.627899,497.929464,56.475879,324.121753,492.568225,57.471863,309.294275,487.414725,147.423678,315.325996,486.391578,147.199517,269.205523,461.978743,-30.542572,341.735119,458.860236,22.243658,225.114514,489.349023,-102.048236,392.888067,465.388478,-39.381018,271.280224,510.136074,-179.676201,358.875121,497.863553,-119.913858,278.226426,521.158047,-204.315880,350.389869,508.813529,-133.707715,282.604586,515.936729,-205.010806,345.382608,505.781375,-135.707630,281.494787,510.145487,-182.406988,345.597217,500.511778,-121.802204,295.192631,337.496487,-40.417909,332.705810,340.148575,40.272100,302.733677,256.140506,-35.908869,325.712780,262.955951,80.537300,318.304457,171.670131,-34.957753,337.076162,185.423109,97.576985,327.206277,156.374573,-33.961824,341.085520,171.992598,99.498046,290.411825,153.795369,-49.917103,319.681510,174.329312,86.051119,
0.000000,0.000000,0.000000,0.000000,0.000000,0.000000,0.000000,0.000000,0.000000,0.000000,0.000000,0.000000,0.000000,0.000000,0.000000,0.000000,0.000000,0.000000,0.000000,0.000000,0.000000,0.000000,0.000000,0.000000,0.000000,0.000000,0.000000,0.000000,0.000000,0.000000,0.000000,0.000000,0.000000,0.000000,0.000000,0.000000,0.000000,0.000000,0.000000,0.000000,0.000000,0.000000,0.000000,0.000000,0.000000,0.000000,0.000000,0.000000,0.000000,0.000000,0.000000,0.000000,312.762352,493.447929,172.832715,309.284385,499.616181,144.963068,306.554113,499.928863,144.977246,303.205682,500.326499,144.991391,315.714569,498.380198,145.340863,317.723519,497.754097,145.383606,320.065246,497.174113,145.358760,296.599190,497.946783,56.682703,324.045011,492.566255,57.480199,309.239506,487.453499,147.363862,315.260093,486.401198,147.071563,269.089678,462.020706,-29.935603,341.405786,458.888221,21.781307,225.313690,489.408036,-101.094808,392.470541,465.476943,-39.507019,271.342966,510.228082,-178.343032,358.669119,497.810817,-119.510563,278.258258,521.210272,-202.927257,350.145471,508.823284,-133.042234,282.646889,515.986096,-203.604346,345.108996,505.812062,-135.028361,281.550574,510.224374,-181.062572,345.313825,500.525662,-121.315239,295.092694,337.704660,-39.633217,332.537587,340.320203,39.488470,302.848909,256.196551,-35.673416,325.719880,263.007663,78.687437,318.339173,171.660996,-33.723427,337.041405,185.427473,94.925184,327.171320,156.309062,-32.651041,340.937489,172.047327,96.771766,290.876038,154.248978,-48.094987,319.984147,174.313425,83.362016,
0.000000,0.000000,0.000000,0.000000,0.000000,0.000000,0.000000,0.000000,0.000000,0.000000,0.000000,0.000000,0.000000,0.000000,0.000000,0.000000,0.000000,0.000000,0.000000,0.000000,0.000000,0.000000,0.000000,0.000000,0.000000,0.000000,0.000000,0.000000,0.000000,0.000000,0.000000,0.000000,0.000000,0.000000,0.000000,0.000000,0.000000,0.000000,0.000000,0.000000,0.000000,0.000000,0.000000,0.000000,0.000000,0.000000,0.000000,0.000000,0.000000,0.000000,0.000000,0.000000,312.699624,493.452109,172.671800,309.243459,499.603791,144.883816,306.522839,499.922741,144.897812,303.184069,500.330246,144.911466,315.668821,498.363928,145.217099,317.674960,497.738302,145.259523,320.025342,497.154771,145.235008,296.570481,497.964102,56.889527,323.968269,492.564286,57.488536,309.184737,487.492273,147.304045,315.194190,486.410818,146.943608,268.973834,462.062669,-29.328634,341.076454,458.916206,21.318955,225.512865,489.467049,-100.141380,392.053015,465.565408,-39.633021,271.405707,510.320091,-177.009864,358.463116,497.758081,-119.107268,278.290090,521.262496,-201.538634,349.901074,508.833040,-132.376752,282.689193,516.035464,-202.197887,344.835384,505.842749,-134.349091,281.606361,510.303262,-179.718156,345.030433,500.539545,-120.828273,294.992757,337.912832,-38.848524,332.369364,340.491831,38.704839,302.964140,256.252596,-35.437962,325.726980,263.059375,76.837574,318.373889,171.651861,-32.489101,337.006649,185.431838,92.273382,327.136364,156.243552,-31.340257,340.789458,172.102055,94.045486,291.340252,154.702588,-46.272870,320.286784,174.297538,80.672913,
0.000000,0.000000,0.000000,0.000000,0.000000,0.000000,0.000000,0.000000,0.000000,0.000000,0.000000,0.000000,0.000000,0.000000,0.000000,0.000000,0.000000,0.000000,0.000000,0.000000,0.000000,0.000000,0.000000,0.000000,0.000000,0.000000,0.000000,0.000000,0.000000,0.000000,0.000000,0.000000,0.000000,0.000000,0.000000,0.000000,0.000000,0.000000,0.000000,0.000000,0.000000,0.000000,0.000000,0.000000,0.000000,0.000000,0.000000,0.000000,0.000000,0.000000,0.000000,0.000000,312.621952,493.470385,172.747007,309.179686,499.606871,144.963766,306.456431,499.927910,144.977028,303.118011,500.341015,144.989834,315.621201,498.384992,145.262726,317.624187,497.768424,145.306583,319.988890,497.188369,145.282248,296.536769,497.979769,57.037571,323.868689,492.597141,57.693902,309.100123,487.550224,147.434615,315.105339,486.434129,147.032517,268.839583,462.104511,-29.217032,340.756472,458.961262,20.669697,225.585198,489.471075,-101.514282,391.558449,465.697141,-41.169854,271.434855,510.403195,-180.731356,358.289471,497.717420,-121.608506,278.307593,521.315573,-205.749016,349.640321,508.829715,-135.270373,282.717481,516.085271,-206.365338,344.481600,505.859187,-137.251516,281.647982,510.386935,-183.483550,344.668542,500.533500,-123.380264,294.903484,338.118663,-38.236445,332.140276,340.677054,38.089774,303.069886,256.293219,-34.675587,325.696935,263.112944,76.887650,318.435389,171.635166,-30.844116,336.991262,185.460647,91.957784,327.150501,156.070967,-29.730909,340.679797,172.182766,93.666169,291.904861,155.314323,-44.529838,320.616351,174.287508,80.306440,
0.000000,0.000000,0.000000,0.000000,0.000000,0.000000,0.000000,0.000000,0.000000,0.000000,0.000000,0.000000,0.000000,0.000000,0.000000,0.000000,0.000000,0.000000,0.000000,0.000000,0.000000,0.000000,0.000000,0.000000,0.000000,0.000000,0.000000,0.000000,0.000000,0.000000,0.000000,0.000000,0.000000,0.000000,0.000000,0.000000,0.000000,0.000000,0.000000,0.000000,0.000000,0.000000,0.000000,0.000000,0.000000,0.000000,0.000000,0.000000,0.000000,0.000000,0.000000,0.000000,312.544280,493.488660,172.822214,309.115913,499.609950,145.043717,306.390022,499.933079,145.056243,303.051954,500.351785,145.068202,315.573581,498.406057,145.308353,317.573414,497.798546,145.353644,319.952438,497.221968,145.329487,296.503058,497.995437,57.185615,323.769109,492.629996,57.899268,309.015509,487.608174,147.565185,315.016488,486.457439,147.121426,268.705332,462.146354,-29.105430,340.436490,459.006319,20.020438,225.657530,489.475101,-102.887185,391.063882,465.828875,-42.706687,271.464002,510.486299,-184.452848,358.115825,497.676760,-124.109745,278.325097,521.368649,-209.959398,349.379567,508.826391,-138.163993,282.745769,516.135078,-210.532790,344.127817,505.875624,-140.153941,281.689603,510.470609,-187.248944,344.306650,500.527455,-125.932256,294.814211,338.324494,-37.624366,331.911189,340.862276,37.474709,303.175633,256.333843,-33.913213,325.666890,263.166513,76.937726,318.496890,171.618471,-29.199131,336.975876,185.489457,91.642186,327.164638,155.898382,-28.121561,340.570136,172.263478,93.286853,292.469469,155.926058,-42.786806,320.945919,174.277479,79.939968,
0.000000,0.000000,0.000000,0.000000,0.000000,0.000000,0.000000,0.000000,0.000000,0.000000,0.000000,0.000000,0.000000,0.000000,0.000000,0.000000,0.000000,0.000000,0.000000,0.000000,0.000000,0.000000,0.000000,0.000000,0.000000,0.000000,0.000000,0.000000,0.000000,0.000000,0.000000,0.000000,0.000000,0.000000,0.000000,0.000000,0.000000,0.000000,0.000000,0.000000,0.000000,0.000000,0.000000,0.000000,0.000000,0.000000,0.000000,0.000000,0.000000,0.000000,0.000000,0.000000,312.466608,493.506935,172.897420,309.052141,499.613029,145.123667,306.323613,499.938249,145.135458,302.985896,500.362554,145.146571,315.525961,498.427121,145.353980,317.522641,497.828668,145.400704,319.915987,497.255566,145.376727,296.469346,498.011105,57.333659,323.669529,492.662850,58.104633,308.930894,487.666124,147.695755,314.927636,486.480749,147.210335,268.571080,462.188196,-28.993828,340.116508,459.051376,19.371179,225.729863,489.479127,-104.260087,390.569315,465.960608,-44.243520,271.493150,510.569402,-188.174340,357.942179,497.636100,-126.610984,278.342600,521.421725,-214.169780,349.118814,508.823066,-141.057614,282.774057,516.184885,-214.700242,343.774033,505.892061,-143.056366,281.731224,510.554283,-191.014338,343.944758,500.521410,-128.484248,294.724938,338.530325,-37.012287,331.682101,341.047498,36.859643,303.281380,256.374467,-33.150838,325.636845,263.220081,76.987803,318.558391,171.601776,-27.554147,336.960490,185.518266,91.326587,327.178775,155.725797,-26.512214,340.460475,172.344189,92.907537,293.034078,156.537793,-41.043774,321.275487,174.267450,79.573495,
0.000000,0.000000,0.000000,0.000000,0.000000,0.000000,0.000000,0.000000,0.000000,0.000000,0.000000,0.000000,0.000000,0.000000,0.000000,0.000000,0.000000,0.000000,0.000000,0.000000,0.000000,0.000000,0.000000,0.000000,0.000000,0.000000,0.000000,0.000000,0.000000,0.000000,0.000000,0.000000,0.000000,0.000000,0.000000,0.000000,0.000000,0.000000,0.000000,0.000000,0.000000,0.000000,0.000000,0.000000,0.000000,0.000000,0.000000,0.000000,0.000000,0.000000,0.000000,0.000000,312.388935,493.525211,172.972627,308.988368,499.616108,145.203618,306.257204,499.943418,145.214674,302.919839,500.373324,145.224939,315.478341,498.448186,145.399608,317.471868,497.858790,145.447764,319.879535,497.289165,145.423966,296.435634,498.026772,57.481703,323.569949,492.695705,58.309999,308.846280,487.724075,147.826325,314.838785,486.504060,147.299243,268.436829,462.230038,-28.882226,339.796527,459.096432,18.721921,225.802195,489.483153,-105.632990,390.074748,466.092342,-45.780353,271.522298,510.652506,-191.895832,357.768534,497.595439,-129.112222,278.360103,521.474801,-218.380162,348.858061,508.819741,-143.951234,282.802345,516.234693,-218.867694,343.420249,505.908499,-145.958790,281.772844,510.637956,-194.779733,343.582866,500.515365,-131.036239,294.635665,338.736155,-36.400208,331.453013,341.232721,36.244578,303.387126,256.415090,-32.388463,325.606800,263.273650,77.037879,318.619892,171.585081,-25.909162,336.945104,185.547075,91.010989,327.192912,155.553213,-24.902866,340.350814,172.424901,92.528220,293.598687,157.149528,-39.300742,321.605054,174.257420,79.207022,
0.000000,0.000000,0.000000,0.000000,0.000000,0.000000,0.000000,0.000000,0.000000,0.000000,0.000000,0.000000,0.000000,0.000000,0.000000,0.000000,0.000000,0.000000,0.000000,0.000000,0.000000,0.000000,0.000000,0.000000,0.000000,0.000000,0.000000,0.000000,0.000000,0.000000,0.000000,0.000000,0.000000,0.000000,0.000000,0.000000,0.000000,0.000000,0.000000,0.000000,0.000000,0.000000,0.000000,0.000000,0.000000,0.000000,0.000000,0.000000,0.000000,0.000000,0.000000,0.000000,312.206200,493.538935,171.922115,308.839668,499.622679,144.131090,306.134063,499.956558,144.143065,302.822392,500.392919,144.153936,315.273610,498.457834,144.417799,317.250281,497.867958,144.466033,319.646459,497.303723,144.442672,296.329068,498.049619,56.826459,323.258617,492.718153,57.382633,308.691330,487.742149,146.842603,314.626356,486.507498,146.446583,268.314092,462.224943,-29.524199,339.504517,459.144242,18.590529,225.723195,489.476268,-107.482528,389.808422,465.962669,-45.971620,271.585845,510.699482,-194.404677,357.450651,497.664745,-129.208269,278.434322,521.551525,-221.383303,348.417641,508.875226,-144.328394,282.839198,516.278683,-221.697184,342.954827,505.967266,-146.530052,281.795900,510.679821,-197.328200,343.140865,500.573415,-131.306736,294.631187,338.842680,-37.030219,331.268981,341.374292,36.873417,303.463931,256.516341,-31.995491,325.606654,263.343649,78.879193,318.605369,171.695961,-24.583107,336.890363,185.638012,94.381217,327.090103,155.851060,-23.410303,340.298755,172.500694,96.064029,293.535024,157.237702,-37.634818,321.269010,174.319603,82.876573,
0.000000,0.000000,0.000000,0.000000,0.000000,0.000000,0.000000,0.000000,0.000000,0.000000,0.000000,0.000000,0.000000,0.000000,0.000000,0.000000,0.000000,0.000000,0.000000,0.000000,0.000000,0.000000,0.000000,0.000000,0.000000,0.000000,0.000000,0.000000,0.000000,0.000000,0.000000,0.000000,0.000000,0.000000,0.000000,0.000000,0.000000,0.000000,0.000000,0.000000,0.000000,0.000000,0.000000,0.000000,0.000000,0.000000,0.000000,0.000000,0.000000,0.000000,0.000000,0.000000,312.023465,493.552660,170.871603,308.690967,499.629250,143.058563,306.010922,499.969697,143.071457,302.724945,500.412514,143.082932,315.068880,498.467483,143.435990,317.028693,497.877125,143.484303,319.413384,497.318282,143.461378,296.222502,498.072467,56.171216,322.947284,492.740601,56.455267,308.536380,487.760224,145.858881,314.413927,486.510936,145.593922,268.191355,462.219847,-30.166173,339.212507,459.192053,18.459137,225.644194,489.469383,-109.332066,389.542096,465.832996,-46.162887,271.649392,510.746457,-196.913521,357.132768,497.734050,-129.304316,278.508541,521.628248,-224.386444,347.977220,508.930711,-144.705554,282.876051,516.322673,-224.526674,342.489405,506.026033,-147.101314,281.818955,510.721686,-199.876667,342.698864,500.631465,-131.577233,294.626708,338.949204,-37.660230,331.084949,341.515863,37.502257,303.540736,256.617591,-31.602520,325.606509,263.413649,80.720506,318.590846,171.806842,-23.257052,336.835621,185.728949,97.751446,326.987293,156.148908,-21.917741,340.246697,172.576488,99.599838,293.471360,157.325876,-35.968893,320.932965,174.381785,86.546124,
0.000000,0.000000,0.000000,0.000000,0.000000,0.000000,0.000000,0.000000,0.000000,0.000000,0.000000,0.000000,0.000000,0.000000,0.000000,0.000000,0.000000,0.000000,0.000000,0.000000,0.000000,0.000000,0.000000,0.000000,0.000000,0.000000,0.000000,0.000000,0.000000,0.000000,0.000000,0.000000,0.000000,0.000000,0.000000,0.000000,0.000000,0.000000,0.000000,0.000000,0.000000,0.000000,0.000000,0.000000,0.000000,0.000000,0.000000,0.000000,0.000000,0.000000,0.000000,0.000000,311.840730,493.566384,169.821091,308.542267,499.635821,141.986035,305.887781,499.982837,141.999849,302.627499,500.432109,142.011929,314.864150,498.477131,142.454181,316.807105,497.886292,142.502572,319.180308,497.332840,142.480083,296.115935,498.095314,55.515972,322.635952,492.763050,55.527901,308.381430,487.778298,144.875159,314.201498,486.514374,144.741262,268.068617,462.214752,-30.808147,338.920497,459.239863,18.327745,225.565193,489.462498,-111.181604,389.275769,465.703322,-46.354154,271.712939,510.793433,-199.422366,356.814885,497.803355,-129.400362,278.582760,521.704971,-227.389585,347.536800,508.986196,-145.082714,282.912905,516.366662,-227.356165,342.023983,506.084800,-147.672576,281.842011,510.763551,-202.425135,342.256863,500.689515,-131.847730,294.622229,339.055729,-38.290241,330.900916,341.657434,38.131096,303.617542,256.718842,-31.209548,325.606364,263.483648,82.561820,318.576324,171.917722,-21.930996,336.780880,185.819886,101.121674,326.884484,156.446756,-20.425179,340.194639,172.652281,103.135647,293.407697,157.414049,-34.302969,320.596921,174.443967,90.215676,
0.000000,0.000000,0.000000,0.000000,0.000000,0.000000,0.000000,0.000000,0.000000,0.000000,0.000000,0.000000,0.000000,0.000000,0.000000,0.000000,0.000000,0.000000,0.000000,0.000000,0.000000,0.000000,0.000000,0.000000,0.000000,0.000000,0.000000,0.000000,0.000000,0.000000,0.000000,0.000000,0.000000,0.000000,0.000000,0.000000,0.000000,0.000000,0.000000,0.000000,0.000000,0.000000,0.000000,0.000000,0.000000,0.000000,0.000000,0.000000,0.000000,0.000000,0.000000,0.000000,311.657995,493.580109,168.770579,308.393566,499.642392,140.913508,305.764640,499.995977,140.928241,302.530052,500.451704,140.940926,314.659420,498.486780,141.472372,316.585517,497.895459,141.520841,318.947232,497.347398,141.498789,296.009369,498.118161,54.860729,322.324620,492.785498,54.600535,308.226479,487.796373,143.891436,313.989069,486.517812,143.888601,267.945880,462.209656,-31.450121,338.628488,459.287673,18.196353,225.486193,489.455613,-113.031142,389.009443,465.573649,-46.545421,271.776486,510.840408,-201.931211,356.497003,497.872660,-129.496409,278.656980,521.781694,-230.392725,347.096380,509.041682,-145.459873,282.949758,516.410652,-230.185655,341.558561,506.143567,-148.243838,281.865066,510.805416,-204.973602,341.814862,500.747565,-132.118227,294.617751,339.162254,-38.920252,330.716884,341.799006,38.759936,303.694347,256.820092,-30.816576,325.606219,263.553647,84.403133,318.561801,172.028602,-20.604941,336.726139,185.910824,104.491902,326.781675,156.744604,-18.932617,340.142580,172.728074,106.671456,293.344033,157.502223,-32.637044,320.260876,174.506149,93.885227,
0.000000,0.000000,0.000000,0.000000,0.000000,0.000000,0.000000,0.000000,0.000000,0.000000,0.000000,0.000000,0.000000,0.000000,0.000000,0.000000,0.000000,0.000000,0.000000,0.000000,0.000000,0.000000,0.000000,0.000000,0.000000,0.000000,0.000000,0.000000,0.000000,0.000000,0.000000,0.000000,0.000000,0.000000,0.000000,0.000000,0.000000,0.000000,0.000000,0.000000,0.000000,0.000000,0.000000,0.000000,0.000000,0.000000,0.000000,0.000000,0.000000,0.000000,0.000000,0.000000,311.475004,493.599494,168.676941,308.216619,499.656035,140.782164,305.601933,500.013659,140.797057,302.386874,500.472797,140.810091,314.458751,498.505837,141.391925,316.377369,497.917764,141.440954,318.735617,497.375371,141.418780,295.848976,498.139552,54.777113,322.068079,492.819332,54.324959,308.058353,487.819711,143.753829,313.800884,486.533691,143.827716,267.847879,462.206159,-31.603413,338.436496,459.324850,18.125519,225.273476,489.423142,-114.190803,388.844453,465.715819,-46.878699,271.692724,510.866969,-203.972616,356.311622,497.971961,-130.709582,278.608789,521.826368,-232.737754,346.836456,509.104314,-146.878091,282.857510,516.438360,-232.439718,341.270902,506.197357,-149.691161,281.782121,510.834134,-207.041005,341.539467,500.796920,-133.391318,294.625535,339.259748,-39.217415,330.606303,341.922122,39.055801,303.730464,256.893888,-30.860837,325.592950,263.610030,85.300584,318.516853,172.088551,-21.051894,336.653952,185.967572,105.277163,326.666699,156.959756,-19.416684,340.058448,172.757554,107.425711,293.189031,157.376704,-33.093646,320.259056,174.478156,94.668128,
0.000000,0.000000,0.000000,0.000000,0.000000,0.000000,0.000000,0.000000,0.000000,0.000000,0.000000,0.000000,0.000000,0.000000,0.000000,0.000000,0.000000,0.000000,0.000000,0.000000,0.000000,0.000000,0.000000,0.000000,0.000000,0.000000,0.000000,0.000000,0.000000,0.000000,0.000000,0.000000,0.000000,0.000000,0.000000,0.000000,0.000000,0.000000,0.000000,0.000000,0.000000,0.000000,0.000000,0.000000,0.000000,0.000000,0.000000,0.000000,0.000000,0.000000,0.000000,0.000000,311.292013,493.618879,168.583302,308.039673,499.669677,140.650820,305.439225,500.031341,140.665874,302.243696,500.493890,140.679255,314.258083,498.524894,141.311477,316.169221,497.940069,141.361067,318.524002,497.403343,141.338772,295.688582,498.160943,54.693497,321.811538,492.853166,54.049384,307.890227,487.843050,143.616221,313.612700,486.549571,143.766831,267.749878,462.202663,-31.756705,338.244505,459.362026,18.054685,225.060759,489.390671,-115.350463,388.679463,465.857990,-47.211977,271.608962,510.893530,-206.014021,356.126241,498.071262,-131.922754,278.560598,521.871042,-235.082782,346.576531,509.166947,-148.296309,282.765261,516.466068,-234.693781,340.983243,506.251148,-151.138485,281.699175,510.862852,-209.108408,341.264071,500.846276,-134.664409,294.633320,339.357242,-39.514578,330.495721,342.045239,39.351667,303.766581,256.967684,-30.905099,325.579681,263.666413,86.198034,318.471906,172.148499,-21.498846,336.581765,186.024321,106.062424,326.551724,157.174908,-19.900751,339.974315,172.787033,108.179966,293.034029,157.251186,-33.550248,320.257236,174.450162,95.451029,
0.000000,0.000000,0.000000,0.000000,0.000000,0.000000,0.000000,0.000000,0.000000,0.000000,0.000000,0.000000,0.000000,0.000000,0.000000,0.000000,0.000000,0.000000,0.000000,0.000000,0.000000,0.000000,0.000000,0.000000,0.000000,0.000000,0.000000,0.000000,0.000000,0.000000,0.000000,0.000000,0.000000,0.000000,0.000000,0.000000,0.000000,0.000000,0.000000,0.000000,0.000000,0.000000,0.000000,0.000000,0.000000,0.000000,0.000000,0.000000,0.000000,0.000000,0.000000,0.000000,311.109022,493.638265,168.489663,307.862726,499.683320,140.519476,305.276518,500.049024,140.534690,302.100518,500.514983,140.548420,314.057415,498.543951,141.231030,315.961073,497.962374,141.281180,318.312386,497.431316,141.258763,295.528188,498.182335,54.609881,321.554997,492.887000,53.773808,307.722101,487.866389,143.478614,313.424516,486.565450,143.705946,267.651878,462.199166,-31.909997,338.052513,459.399202,17.983852,224.848043,489.358201,-116.510124,388.514473,466.000160,-47.545255,271.525200,510.920092,-208.055426,355.940861,498.170563,-133.135927,278.512407,521.915716,-237.427811,346.316607,509.229580,-149.714527,282.673013,516.493776,-236.947844,340.695584,506.304938,-152.585808,281.616229,510.891570,-211.175811,340.988676,500.895631,-135.937499,294.641104,339.454736,-39.811742,330.385139,342.168355,39.647533,303.802698,257.041480,-30.949360,325.566412,263.722796,87.095485,318.426958,172.208447,-21.945799,336.509579,186.081070,106.847685,326.436748,157.390059,-20.384818,339.890183,172.816512,108.934222,292.879026,157.125667,-34.006849,320.255415,174.422168,96.233930,
0.000000,0.000000,0.000000,0.000000,0.000000,0.000000,0.000000,0.000000,0.000000,0.000000,0.000000,0.000000,0.000000,0.000000,0.000000,0.000000,0.000000,0.000000,0.000000,0.000000,0.000000,0.000000,0.000000,0.000000,0.000000,0.000000,0.000000,0.000000,0.000000,0.000000,0.000000,0.000000,0.000000,0.000000,0.000000,0.000000,0.000000,0.000000,0.000000,0.000000,0.000000,0.000000,0.000000,0.000000,0.000000,0.000000,0.000000,0.000000,0.000000,0.000000,0.000000,0.000000,310.926032,493.657650,168.396025,307.685780,499.696962,140.388132,305.113810,500.066706,140.403506,301.957340,500.536075,140.417584,313.856746,498.563008,141.150582,315.752925,497.984679,141.201292,318.100771,497.459289,141.178755,295.367795,498.203726,54.526265,321.298455,492.920834,53.498233,307.553975,487.889727,143.341006,313.236331,486.581330,143.645061,267.553877,462.195670,-32.063289,337.860522,459.436378,17.913018,224.635326,489.325730,-117.669785,388.349483,466.142330,-47.878533,271.441438,510.946653,-210.096831,355.755480,498.269864,-134.349100,278.464217,521.960390,-239.772839,346.056682,509.292213,-151.132744,282.580764,516.521484,-239.201907,340.407924,506.358729,-154.033131,281.533283,510.920288,-213.243214,340.713281,500.944987,-137.210590,294.648889,339.552230,-40.108905,330.274558,342.291472,39.943398,303.838816,257.115276,-30.993621,325.553143,263.779179,87.992936,318.382010,172.268395,-22.392751,336.437392,186.137819,107.632946,326.321773,157.605211,-20.868885,339.806050,172.845991,109.688477,292.724024,157.000148,-34.463451,320.253595,174.394175,97.016831,
0.000000,0.000000,0.000000,0.000000,0.000000,0.000000,0.000000,0.000000,0.000000,0.000000,0.000000,0.000000,0.000000,0.000000,0.000000,0.000000,0.000000,0.000000,0.000000,0.000000,0.000000,0.000000,0.000000,0.000000,0.000000,0.000000,0.000000,0.000000,0.000000,0.000000,0.000000,0.000000,0.000000,0.000000,0.000000,0.000000,0.000000,0.000000,0.000000,0.000000,0.000000,0.000000,0.000000,0.000000,0.000000,0.000000,0.000000,0.000000,0.000000,0.000000,0.000000,0.000000,310.743972,493.678829,169.276243,307.486436,499.714648,141.217357,304.917881,500.086636,141.232202,301.774742,500.556627,141.246492,313.662082,498.585963,141.971898,315.558733,498.013684,142.023859,317.908908,497.494892,142.000607,295.166722,498.221202,54.991971,321.095898,492.962803,53.936245,307.376013,487.913748,144.071334,313.069402,486.606586,144.374708,267.479578,462.192983,-31.858695,337.776020,459.471579,17.902439,224.290151,489.280954,-118.504351,388.285742,466.597322,-48.314201,271.216557,510.947817,-212.560157,355.676931,498.404492,-136.231127,278.296312,521.973887,-242.378748,345.951165,509.360881,-153.308664,282.364569,516.532742,-241.795426,340.276713,506.405574,-156.090688,281.349868,510.930241,-215.721221,340.588209,500.987099,-139.093139,294.664993,339.627254,-40.117632,330.236994,342.383189,39.949929,303.818698,257.151923,-31.425860,325.525210,263.812468,88.103761,318.305905,172.267370,-24.727876,336.351429,186.158314,106.138015,326.210180,157.690952,-23.465252,339.697439,172.824458,107.984461,292.450863,156.619422,-37.270684,320.569325,174.271896,95.219348,
0.000000,0.000000,0.000000,0.000000,0.000000,0.000000,0.000000,0.000000,0.000000,0.000000,0.000000,0.000000,0.000000,0.000000,0.000000,0.000000,0.000000,0.000000,0.000000,0.000000,0.000000,0.000000,0.000000,0.000000,0.000000,0.000000,0.000000,0.000000,0.000000,0.000000,0.000000,0.000000,0.000000,0.000000,0.000000,0.000000,0.000000,0.000000,0.000000,0.000000,0.000000,0.000000,0.000000,0.000000,0.000000,0.000000,0.000000,0.000000,0.000000,0.000000,0.000000,0.000000,310.561912,493.700009,170.156462,307.287092,499.732334,142.046582,304.721952,500.106566,142.060897,301.592144,500.577178,142.075399,313.467417,498.608918,142.793214,315.364541,498.042688,142.846426,317.717044,497.530495,142.822460,294.965649,498.238678,55.457677,320.893340,493.004773,54.374256,307.198050,487.937768,144.801661,312.902472,486.631842,145.104355,267.405280,462.190297,-31.654102,337.691519,459.506779,17.891860,223.944976,489.236178,-119.338917,388.222000,467.052315,-48.749869,270.991675,510.948982,-215.023483,355.598383,498.539119,-138.113155,278.128408,521.987384,-244.984657,345.845647,509.429548,-155.484583,282.148373,516.544000,-244.388946,340.145501,506.452418,-158.148245,281.166452,510.940194,-218.199228,340.463137,501.029211,-140.975687,294.681097,339.702277,-40.126359,330.199430,342.474907,39.956460,303.798581,257.188569,-31.858098,325.497276,263.845756,88.214586,318.229800,172.266344,-27.063001,336.265466,186.178808,104.643085,326.098587,157.776692,-26.061619,339.588829,172.802924,106.280445,292.177702,156.238697,-40.077917,320.885055,174.149617,93.421865,
0.000000,0.000000,0.000000,0.000000,0.000000,0.000000,0.000000,0.000000,0.000000,0.000000,0.000000,0.000000,0.000000,0.000000,0.000000,0.000000,0.000000,0.000000,0.000000,0.000000,0.000000,0.000000,0.000000,0.000000,0.000000,0.000000,0.000000,0.000000,0.000000,0.000000,0.000000,0.000000,0.000000,0.000000,0.000000,0.000000,0.000000,0.000000,0.000000,0.000000,0.000000,0.000000,0.000000,0.000000,0.000000,0.000000,0.000000,0.000000,0.000000,0.000000,0.000000,0.000000,310.379853,493.721188,171.036681,307.087749,499.750019,142.875807,304.526022,500.126495,142.889592,301.409546,500.597729,142.904306,313.272752,498.631873,143.614530,315.170350,498.071693,143.668993,317.525181,497.566098,143.644313,294.764576,498.256154,55.923383,320.690782,493.046742,54.812268,307.020088,487.961789,145.531989,312.735542,486.657098,145.834001,267.330981,462.187610,-31.449508,337.607017,459.541980,17.881281,223.599800,489.191403,-120.173484,388.158259,467.507307,-49.185537,270.766794,510.950146,-217.486809,355.519834,498.673746,-139.995183,277.960504,522.000880,-247.590566,345.740129,509.498216,-157.660503,281.932178,516.555258,-246.982466,340.014289,506.499263,-160.205801,280.983037,510.950147,-220.677236,340.338066,501.071323,-142.858235,294.697201,339.777300,-40.135087,330.161865,342.566625,39.962991,303.778463,257.225216,-32.290337,325.469342,263.879045,88.325412,318.153695,172.265319,-29.398126,336.179503,186.199303,103.148154,325.986995,157.862433,-28.657986,339.480218,172.781391,104.576428,291.904540,155.857971,-42.885149,321.200785,174.027339,91.624382,
0.000000,0.000000,0.000000,0.000000,0.000000,0.000000,0.000000,0.000000,0.000000,0.000000,0.000000,0.000000,0.000000,0.000000,0.000000,0.000000,0.000000,0.000000,0.000000,0.000000,0.000000,0.000000,0.000000,0.000000,0.000000,0.000000,0.000000,0.000000,0.000000,0.000000,0.000000,0.000000,0.000000,0.000000,0.000000,0.000000,0.000000,0.000000,0.000000,0.000000,0.000000,0.000000,0.000000,0.000000,0.000000,0.000000,0.000000,0.000000,0.000000,0.000000,0.000000,0.000000,310.197793,493.742368,171.916900,306.888405,499.767705,143.705032,304.330093,500.146425,143.718287,301.226948,500.618280,143.733214,313.078087,498.654828,144.435847,314.976158,498.100697,144.491559,317.333318,497.601702,144.466165,294.563504,498.273630,56.389089,320.488225,493.088712,55.250280,306.842125,487.985810,146.262316,312.568613,486.682353,146.563648,267.256682,462.184924,-31.244915,337.522516,459.577180,17.870702,223.254625,489.146627,-121.008050,388.094518,467.962300,-49.621204,270.541913,510.951310,-219.950136,355.441285,498.808373,-141.877211,277.792600,522.014377,-250.196474,345.634611,509.566884,-159.836422,281.715982,516.566516,-249.575986,339.883077,506.546108,-162.263358,280.799621,510.960101,-223.155243,340.212994,501.113435,-144.740784,294.713305,339.852324,-40.143814,330.124301,342.658342,39.969523,303.758346,257.261862,-32.722576,325.441409,263.912333,88.436237,318.077590,172.264293,-31.733251,336.093540,186.219797,101.653224,325.875402,157.948173,-31.254354,339.371607,172.759857,102.872412,291.631379,155.477245,-45.692382,321.516514,173.905060,89.826898,
0.000000,0.000000,0.000000,0.000000,0.000000,0.000000,0.000000,0.000000,0.000000,0.000000,0.000000,0.000000,0.000000,0.000000,0.000000,0.000000,0.000000,0.000000,0.000000,0.000000,0.000000,0.000000,0.000000,0.000000,0.000000,0.000000,0.000000,0.000000,0.000000,0.000000,0.000000,0.000000,0.000000,0.000000,0.000000,0.000000,0.000000,0.000000,0.000000,0.000000,0.000000,0.000000,0.000000,0.000000,0.000000,0.000000,0.000000,0.000000,0.000000,0.000000,0.000000,0.000000,310.012902,493.766790,173.931908,306.663015,499.789793,145.691755,304.095376,500.169572,145.704057,301.000101,500.639746,145.719204,312.889984,498.682185,146.375752,314.798584,498.137392,146.432848,317.165419,497.646564,146.406044,294.315475,498.289541,57.573812,320.350256,493.143355,56.673347,306.650104,488.013806,148.024128,312.422918,486.719153,148.270718,267.200335,462.180360,-30.589725,337.543990,459.613342,18.153109,222.802343,489.098738,-120.970712,388.135452,468.744471,-49.391076,270.183719,510.930445,-221.739646,355.464948,498.980716,-142.643479,277.512588,522.002357,-251.858810,345.674588,509.637813,-160.824345,281.390280,516.563142,-251.357798,339.904794,506.581631,-163.037682,280.536326,510.952207,-224.959008,340.235266,501.149281,-145.445592,294.742607,339.909868,-39.942190,330.148011,342.720954,39.765112,303.684240,257.263373,-33.737566,325.394039,263.912603,87.689145,317.973531,172.212799,-36.181319,335.995174,186.175856,97.813309,325.773730,157.916622,-36.204336,339.236049,172.658268,98.661165,291.263084,154.850101,-51.215134,322.192264,173.649325,85.346640,
0.000000,0.000000,0.000000,0.000000,0.000000,0.000000,0.000000,0.000000,0.000000,0.000000,0.000000,0.000000,0.000000,0.000000,0.000000,0.000000,0.000000,0.000000,0.000000,0.000000,0.000000,0.000000,0.000000,0.000000,0.000000,0.000000,0.000000,0.000000,0.000000,0.000000,0.000000,0.000000,0.000000,0.000000,0.000000,0.000000,0.000000,0.000000,0.000000,0.000000,0.000000,0.000000,0.000000,0.000000,0.000000,0.000000,0.000000,0.000000,0.000000,0.000000,0.000000,0.000000,309.828010,493.791212,175.946917,306.437625,499.811880,147.678479,303.860659,500.192719,147.689826,300.773253,500.661212,147.705194,312.701881,498.709542,148.315657,314.621011,498.174087,148.374136,316.997521,497.691426,148.345923,294.067446,498.305451,58.758535,320.212288,493.197998,58.096414,306.458083,488.041802,149.785940,312.277224,486.755952,149.977789,267.143988,462.175797,-29.934534,337.565465,459.649503,18.435517,222.350060,489.050848,-120.933374,388.176387,469.526642,-49.160948,269.825525,510.909580,-223.529157,355.488611,499.153059,-143.409746,277.232576,521.990337,-253.521146,345.714565,509.708742,-161.812269,281.064578,516.559768,-253.139610,339.926510,506.617153,-163.812006,280.273031,510.944313,-226.762773,340.257538,501.185126,-146.150401,294.771909,339.967412,-39.740566,330.171721,342.783566,39.560701,303.610135,257.264883,-34.752556,325.346669,263.912873,86.942054,317.869472,172.161304,-40.629387,335.896808,186.131915,93.973394,325.672058,157.885071,-41.154318,339.100491,172.556680,94.449918,290.894788,154.222957,-56.737886,322.868014,173.393589,80.866381,
0.000000,0.000000,0.000000,0.000000,0.000000,0.000000,0.000000,0.000000,0.000000,0.000000,0.000000,0.000000,0.000000,0.000000,0.000000,0.000000,0.000000,0.000000,0.000000,0.000000,0.000000,0.000000,0.000000,0.000000,0.000000,0.000000,0.000000,0.000000,0.000000,0.000000,0.000000,0.000000,0.000000,0.000000,0.000000,0.000000,0.000000,0.000000,0.000000,0.000000,0.000000,0.000000,0.000000,0.000000,0.000000,0.000000,0.000000,0.000000,0.000000,0.000000,0.000000,0.000000,309.643119,493.815634,177.961926,306.212235,499.833968,149.665202,303.625942,500.215866,149.675596,300.546406,500.682677,149.691184,312.513779,498.736899,150.255562,314.443437,498.210782,150.315425,316.829622,497.736288,150.285801,293.819417,498.321362,59.943257,320.074319,493.252642,59.519482,306.266062,488.069799,151.547752,312.131530,486.792752,151.684859,267.087641,462.171233,-29.279344,337.586940,459.685664,18.717924,221.897777,489.002959,-120.896037,388.217321,470.308814,-48.930819,269.467331,510.888715,-225.318668,355.512273,499.325401,-144.176013,276.952564,521.978317,-255.183482,345.754542,509.779671,-162.800192,280.738876,516.556394,-254.921422,339.948227,506.652676,-164.586330,280.009735,510.936420,-228.566538,340.279810,501.220972,-146.855209,294.801211,340.024956,-39.538942,330.195431,342.846178,39.356291,303.536030,257.266394,-35.767546,325.299299,263.913143,86.194962,317.765412,172.109809,-45.077456,335.798443,186.087974,90.133480,325.570386,157.853520,-46.104301,338.964933,172.455091,90.238671,290.526493,153.595813,-62.260638,323.543764,173.137854,76.386122,
0.000000,0.000000,0.000000,0.000000,0.000000,0.000000,0.000000,0.000000,0.000000,0.000000,0.000000,0.000000,0.000000,0.000000,0.000000,0.000000,0.000000,0.000000,0.000000,0.000000,0.000000,0.000000,0.000000,0.000000,0.000000,0.000000,0.000000,0.000000,0.000000,0.000000,0.000000,0.000000,0.000000,0.000000,0.000000,0.000000,0.000000,0.000000,0.000000,0.000000,0.000000,0.000000,0.000000,0.000000,0.000000,0.000000,0.000000,0.000000,0.000000,0.000000,0.000000,0.000000,309.458227,493.840056,179.976934,305.986845,499.856056,151.651925,303.391224,500.239013,151.661365,300.319559,500.704143,151.677174,312.325676,498.764256,152.195467,314.265864,498.247477,152.256713,316.661724,497.781150,152.225680,293.571388,498.337273,61.127980,319.936351,493.307285,60.942549,306.074041,488.097795,153.309563,311.985835,486.829551,153.391929,267.031294,462.166670,-28.624154,337.608415,459.721825,19.000332,221.445495,488.955070,-120.858699,388.258256,471.090985,-48.700691,269.109137,510.867850,-227.108179,355.535936,499.497744,-144.942281,276.672552,521.966297,-256.845817,345.794519,509.850599,-163.788115,280.413173,516.553019,-256.703234,339.969943,506.688198,-165.360654,279.746440,510.928526,-230.370303,340.302082,501.256817,-147.560018,294.830513,340.082500,-39.337318,330.219140,342.908790,39.151880,303.461925,257.267904,-36.782536,325.251929,263.913412,85.447870,317.661353,172.058315,-49.525524,335.700077,186.044033,86.293565,325.468714,157.821968,-51.054283,338.829375,172.353502,86.027424,290.158197,152.968669,-67.783391,324.219514,172.882118,71.905863,
0.000000,0.000000,0.000000,0.000000,0.000000,0.000000,0.000000,0.000000,0.000000,0.000000,0.000000,0.000000,0.000000,0.000000,0.000000,0.000000,0.000000,0.000000,0.000000,0.000000,0.000000,0.000000,0.000000,0.000000,0.000000,0.000000,0.000000,0.000000,0.000000,0.000000,0.000000,0.000000,0.000000,0.000000,0.000000,0.000000,0.000000,0.000000,0.000000,0.000000,0.000000,0.000000,0.000000,0.000000,0.000000,0.000000,0.000000,0.000000,0.000000,0.000000,0.000000,0.000000,309.298710,493.880473,180.559253,305.785309,499.891163,151.979854,303.149456,500.284096,151.987969,300.081313,500.756487,152.003671,312.148935,498.810520,152.535515,314.092021,498.312234,152.599131,316.485164,497.865950,152.567739,293.283347,498.399265,60.825682,319.834670,493.390254,60.859624,305.911558,488.136274,153.675856,311.849212,486.887366,153.777419,267.005454,462.153034,-29.259655,337.609407,459.793752,18.476165,221.054059,488.799248,-122.894362,388.471085,471.351265,-51.087824,268.782649,510.835458,-231.010854,355.479215,499.719914,-150.190405,276.362988,521.926346,-261.093579,345.768803,509.938444,-169.476099,280.157387,516.540019,-260.805981,339.943897,506.737984,-170.963355,279.470563,510.922134,-234.254004,340.277316,501.334092,-152.837564,294.799369,340.076657,-38.884831,330.268854,342.901775,38.694895,303.446365,257.249760,-36.532717,325.219886,263.861080,85.427855,317.632617,171.960321,-49.329077,335.689715,185.905210,86.307835,325.461767,157.572457,-50.869740,338.801807,172.269729,85.991655,290.166347,152.863714,-67.573492,324.216788,172.762891,72.000720,
0.000000,0.000000,0.000000,0.000000,0.000000,0.000000,0.000000,0.000000,0.000000,0.000000,0.000000,0.000000,0.000000,0.000000,0.000000,0.000000,0.000000,0.000000,0.000000,0.000000,0.000000,0.000000,0.000000,0.000000,0.000000,0.000000,0.000000,0.000000,0.000000,0.000000,0.000000,0.000000,0.000000,0.000000,0.000000,0.000000,0.000000,0.000000,0.000000,0.000000,0.000000,0.000000,0.000000,0.000000,0.000000,0.000000,0.000000,0.000000,0.000000,0.000000,0.000000,0.000000,309.139193,493.920890,181.141571,305.583773,499.926270,152.307782,302.907688,500.329178,152.314573,299.843066,500.808830,152.330168,311.972194,498.856785,152.875563,313.918178,498.376990,152.941548,316.308604,497.950749,152.909798,292.995305,498.461257,60.523383,319.732990,493.473223,60.776700,305.749074,488.174754,154.042148,311.712589,486.945181,154.162910,266.979615,462.139398,-29.895157,337.610399,459.865680,17.951998,220.662624,488.643426,-124.930025,388.683915,471.611545,-53.474958,268.456160,510.803066,-234.913530,355.422494,499.942084,-155.438530,276.053425,521.886395,-265.341341,345.743087,510.026289,-175.164084,279.901601,516.527020,-264.908727,339.917851,506.787770,-176.566056,279.194686,510.915742,-238.137705,340.252550,501.411366,-158.115109,294.768225,340.070813,-38.432344,330.318568,342.894759,38.237909,303.430804,257.231616,-36.282898,325.187842,263.808747,85.407841,317.603880,171.862326,-49.132629,335.679352,185.766388,86.322105,325.454820,157.322946,-50.685197,338.774238,172.185955,85.955886,290.174496,152.758760,-67.363593,324.214063,172.643664,72.095577,
0.000000,0.000000,0.000000,0.000000,0.000000,0.000000,0.000000,0.000000,0.000000,0.000000,0.000000,0.000000,0.000000,0.000000,0.000000,0.000000,0.000000,0.000000,0.000000,0.000000,0.000000,0.000000,0.000000,0.000000,0.000000,0.000000,0.000000,0.000000,0.000000,0.000000,0.000000,0.000000,0.000000,0.000000,0.000000,0.000000,0.000000,0.000000,0.000000,0.000000,0.000000,0.000000,0.000000,0.000000,0.000000,0.000000,0.000000,0.000000,0.000000,0.000000,0.000000,0.000000,308.979676,493.961306,181.723889,305.382237,499.961378,152.635710,302.665919,500.374261,152.641177,299.604820,500.861174,152.656665,311.795453,498.903049,153.215611,313.744335,498.441747,153.283966,316.132045,498.035548,153.251857,292.707263,498.523249,60.221084,319.631309,493.556193,60.693776,305.586591,488.213233,154.408440,311.575967,487.002997,154.548400,266.953775,462.125762,-30.530659,337.611391,459.937607,17.427832,220.271188,488.487604,-126.965689,388.896745,471.871826,-55.862091,268.129672,510.770673,-238.816206,355.365774,500.164254,-160.686655,275.743862,521.846444,-269.589102,345.717371,510.114133,-180.852068,279.645815,516.514020,-269.011473,339.891806,506.837556,-182.168757,278.918809,510.909351,-242.021406,340.227784,501.488641,-163.392655,294.737082,340.064970,-37.979858,330.368281,342.887744,37.780924,303.415244,257.213473,-36.033079,325.155799,263.756415,85.387826,317.575144,171.764332,-48.936182,335.668990,185.627565,86.336376,325.447873,157.073435,-50.500653,338.746669,172.102182,85.920118,290.182645,152.653805,-67.153694,324.211338,172.524437,72.190434,
0.000000,0.000000,0.000000,0.000000,0.000000,0.000000,0.000000,0.000000,0.000000,0.000000,0.000000,0.000000,0.000000,0.000000,0.000000,0.000000,0.000000,0.000000,0.000000,0.000000,0.000000,0.000000,0.000000,0.000000,0.000000,0.000000,0.000000,0.000000,0.000000,0.000000,0.000000,0.000000,0.000000,0.000000,0.000000,0.000000,0.000000,0.000000,0.000000,0.000000,0.000000,0.000000,0.000000,0.000000,0.000000,0.000000,0.000000,0.000000,0.000000,0.000000,0.000000,0.000000,308.820158,494.001723,182.306207,305.180701,499.996485,152.963639,302.424151,500.419344,152.967781,299.366573,500.913517,152.983162,311.618711,498.949313,153.555659,313.570492,498.506503,153.626384,315.955485,498.120348,153.593916,292.419222,498.585242,59.918786,319.529629,493.639162,60.610851,305.424108,488.251713,154.774732,311.439344,487.060812,154.933891,266.927936,462.112126,-31.166160,337.612383,460.009535,16.903665,219.879753,488.331783,-129.001352,389.109575,472.132106,-58.249224,267.803184,510.738281,-242.718881,355.309053,500.386424,-165.934779,275.434299,521.806494,-273.836864,345.691655,510.201978,-186.540052,279.390029,516.501020,-273.114220,339.865760,506.887343,-187.771457,278.642932,510.902959,-245.905107,340.203018,501.565916,-168.670201,294.705938,340.059126,-37.527371,330.417995,342.880728,37.323939,303.399684,257.195329,-35.783261,325.123756,263.704082,85.367811,317.546408,171.666338,-48.739734,335.658627,185.488743,86.350646,325.440926,156.823924,-50.316110,338.719100,172.018409,85.884349,290.190795,152.548850,-66.943795,324.208613,172.405210,72.285291,
0.000000,0.000000,0.000000,0.000000,0.000000,0.000000,0.000000,0.000000,0.000000,0.000000,0.000000,0.000000,0.000000,0.000000,0.000000,0.000000,0.000000,0.000000,0.000000,0.000000,0.000000,0.000000,0.000000,0.000000,0.000000,0.000000,0.000000,0.000000,0.000000,0.000000,0.000000,0.000000,0.000000,0.000000,0.000000,0.000000,0.000000,0.000000,0.000000,0.000000,0.000000,0.000000,0.000000,0.000000,0.000000,0.000000,0.000000,0.000000,0.000000,0.000000,0.000000,0.000000,308.713421,494.030734,182.570448,305.034031,500.021741,153.022140,302.251905,500.449797,153.025734,299.194234,500.947556,153.041224,311.484400,498.986150,153.631080,313.435649,498.557848,153.703858,315.814837,498.187006,153.671434,292.213991,498.627100,59.501643,319.439536,493.699663,60.428126,305.319897,488.275940,154.872185,311.346806,487.102089,155.065765,266.925575,462.075058,-32.083503,337.681325,460.069844,16.621909,219.482592,488.141549,-131.439152,389.352520,472.399532,-60.635746,267.508652,510.681403,-246.523858,355.290123,500.568594,-170.842010,275.176944,521.753837,-277.917262,345.691278,510.288337,-191.815348,279.179940,516.470753,-277.072188,339.869878,506.937448,-192.981929,278.406531,510.879862,-249.686550,340.207153,501.631594,-173.601345,294.737019,340.053236,-37.444439,330.521122,342.874416,37.238014,303.385862,257.191455,-35.216799,325.102328,263.670701,86.029513,317.527588,171.641181,-48.928474,335.646591,185.464714,86.608324,325.429625,156.852298,-50.560277,338.709744,172.012369,86.096385,290.091251,152.425787,-67.151184,324.108355,172.373830,72.577728,
0.000000,0.000000,0.000000,0.000000,0.000000,0.000000,0.000000,0.000000,0.000000,0.000000,0.000000,0.000000,0.000000,0.000000,0.000000,0.000000,0.000000,0.000000,0.000000,0.000000,0.000000,0.000000,0.000000,0.000000,0.000000,0.000000,0.000000,0.000000,0.000000,0.000000,0.000000,0.000000,0.000000,0.000000,0.000000,0.000000,0.000000,0.000000,0.000000,0.000000,0.000000,0.000000,0.000000,0.000000,0.000000,0.000000,0.000000,0.000000,0.000000,0.000000,0.000000,0.000000,308.606683,494.059744,182.834688,304.887360,500.046997,153.080642,302.079658,500.480250,153.083686,299.021894,500.981594,153.099286,311.350089,499.022988,153.706501,313.300807,498.609192,153.781333,315.674189,498.253664,153.748952,292.008761,498.668958,59.084500,319.349442,493.760165,60.245400,305.215687,488.300167,154.969639,311.254268,487.143366,155.197639,266.923215,462.037990,-33.000845,337.750266,460.130154,16.340153,219.085431,487.951316,-133.876952,389.595465,472.666959,-63.022268,267.214120,510.624526,-250.328835,355.271192,500.750765,-175.749241,274.919589,521.701181,-281.997659,345.690902,510.374696,-197.090644,278.969851,516.440486,-281.030155,339.873995,506.987553,-198.192402,278.170130,510.856765,-253.467994,340.211288,501.697272,-178.532490,294.768100,340.047346,-37.361507,330.624250,342.868104,37.152089,303.372041,257.187581,-34.650336,325.080901,263.637321,86.691215,317.508769,171.616024,-49.117214,335.634555,185.440685,86.866001,325.418324,156.880673,-50.804444,338.700388,172.006330,86.308421,289.991707,152.302724,-67.358574,324.008098,172.342450,72.870166,
0.000000,0.000000,0.000000,0.000000,0.000000,0.000000,0.000000,0.000000,0.000000,0.000000,0.000000,0.000000,0.000000,0.000000,0.000000,0.000000,0.000000,0.000000,0.000000,0.000000,0.000000,0.000000,0.000000,0.000000,0.000000,0.000000,0.000000,0.000000,0.000000,0.000000,0.000000,0.000000,0.000000,0.000000,0.000000,0.000000,0.000000,0.000000,0.000000,0.000000,0.000000,0.000000,0.000000,0.000000,0.000000,0.000000,0.000000,0.000000,0.000000,0.000000,0.000000,0.000000,308.499946,494.088755,183.098929,304.740689,500.072253,153.139143,301.907412,500.510704,153.141639,298.849555,501.015633,153.157348,311.215778,499.059825,153.781922,313.165964,498.660537,153.858808,315.533540,498.320322,153.826469,291.803531,498.710817,58.667357,319.259349,493.820667,60.062675,305.111476,488.324393,155.067092,311.161731,487.184643,155.329512,266.920854,462.000922,-33.918188,337.819208,460.190463,16.058397,218.688270,487.761083,-136.314751,389.838410,472.934385,-65.408789,266.919588,510.567648,-254.133812,355.252262,500.932935,-180.656471,274.662234,521.648525,-286.078057,345.690525,510.461056,-202.365939,278.759762,516.410218,-284.988123,339.878113,507.037659,-203.402874,277.933729,510.833668,-257.249438,340.215424,501.762950,-183.463635,294.799180,340.041455,-37.278575,330.727377,342.861791,37.066164,303.358219,257.183708,-34.083874,325.059473,263.603940,87.352917,317.489949,171.590867,-49.305954,335.622518,185.416657,87.123679,325.407023,156.909047,-51.048610,338.691033,172.000290,86.520457,289.892163,152.179660,-67.565963,323.907841,172.311070,73.162603,
0.000000,0.000000,0.000000,0.000000,0.000000,0.000000,0.000000,0.000000,0.000000,0.000000,0.000000,0.000000,0.000000,0.000000,0.000000,0.000000,0.000000,0.000000,0.000000,0.000000,0.000000,0.000000,0.000000,0.000000,0.000000,0.000000,0.000000,0.000000,0.000000,0.000000,0.000000,0.000000,0.000000,0.000000,0.000000,0.000000,0.000000,0.000000,0.000000,0.000000,0.000000,0.000000,0.000000,0.000000,0.000000,0.000000,0.000000,0.000000,0.000000,0.000000,0.000000,0.000000,308.393208,494.117765,183.363169,304.594019,500.097510,153.197644,301.735166,500.541157,153.199591,298.677216,501.049672,153.215410,311.081466,499.096662,153.857343,313.031121,498.711881,153.936282,315.392892,498.386980,153.903987,291.598300,498.752675,58.250214,319.169255,493.881169,59.879950,305.007265,488.348620,155.164545,311.069193,487.225921,155.461386,266.918494,461.963854,-34.835531,337.888150,460.250773,15.776641,218.291110,487.570849,-138.752551,390.081355,473.201812,-67.795311,266.625056,510.510771,-257.938789,355.233332,501.115105,-185.563702,274.404879,521.595868,-290.158455,345.690148,510.547415,-207.641235,278.549673,516.379951,-288.946091,339.882231,507.087764,-208.613346,277.697328,510.810571,-261.030882,340.219559,501.828627,-188.394779,294.830261,340.035565,-37.195643,330.830504,342.855479,36.980239,303.344397,257.179834,-33.517412,325.038046,263.570559,88.014620,317.471130,171.565710,-49.494694,335.610482,185.392628,87.381357,325.395721,156.937422,-51.292777,338.681677,171.994250,86.732493,289.792619,152.056597,-67.773353,323.807583,172.279690,73.455041,
0.000000,0.000000,0.000000,0.000000,0.000000,0.000000,0.000000,0.000000,0.000000,0.000000,0.000000,0.000000,0.000000,0.000000,0.000000,0.000000,0.000000,0.000000,0.000000,0.000000,0.000000,0.000000,0.000000,0.000000,0.000000,0.000000,0.000000,0.000000,0.000000,0.000000,0.000000,0.000000,0.000000,0.000000,0.000000,0.000000,0.000000,0.000000,0.000000,0.000000,0.000000,0.000000,0.000000,0.000000,0.000000,0.000000,0.000000,0.000000,0.000000,0.000000,0.000000,0.000000,308.335488,494.136818,183.470265,304.498564,500.113273,153.183648,301.626875,500.557950,153.186088,298.565954,501.066862,153.202377,310.990144,499.124576,153.884963,312.937940,498.750805,153.965082,315.292369,498.437124,153.933128,291.469605,498.776750,57.887921,319.101354,493.923741,59.868892,304.957106,488.361889,155.156710,311.020721,487.252827,155.526536,266.933862,461.900666,-35.942003,338.023527,460.302400,15.970028,217.913575,487.355396,-141.045678,390.357842,473.490741,-69.413036,266.370287,510.432775,-260.550330,355.247572,501.259664,-188.345423,274.207338,521.536167,-292.867035,345.706200,510.628514,-210.558144,278.399721,516.334234,-291.608116,339.912993,507.133812,-211.538123,277.520993,510.771686,-263.625222,340.249615,501.883685,-191.192326,294.928444,340.034619,-37.560351,330.975302,342.852163,37.343768,303.334561,257.192244,-32.829081,325.022463,263.546206,89.286747,317.465430,171.623895,-50.293393,335.598146,185.455212,87.817649,325.386604,157.255801,-52.206968,338.688065,172.036901,87.143374,289.608407,151.924213,-68.762919,323.652264,172.296985,73.842667,
0.000000,0.000000,0.000000,0.000000,0.000000,0.000000,0.000000,0.000000,0.000000,0.000000,0.000000,0.000000,0.000000,0.000000,0.000000,0.000000,0.000000,0.000000,0.000000,0.000000,0.000000,0.000000,0.000000,0.000000,0.000000,0.000000,0.000000,0.000000,0.000000,0.000000,0.000000,0.000000,0.000000,0.000000,0.000000,0.000000,0.000000,0.000000,0.000000,0.000000,0.000000,0.000000,0.000000,0.000000,0.000000,0.000000,0.000000,0.000000,0.000000,0.000000,0.000000,0.000000,308.277767,494.155870,183.577360,304.403109,500.129036,153.169652,301.518585,500.574743,153.172584,298.454693,501.084053,153.189344,310.898821,499.152491,153.912582,312.844760,498.789729,153.993882,315.191845,498.487269,153.962269,291.340909,498.800824,57.525628,319.033454,493.966313,59.857834,304.906946,488.375157,155.148874,310.972250,487.279734,155.591685,266.949229,461.837479,-37.048475,338.158904,460.354028,16.163414,217.536040,487.139943,-143.338805,390.634329,473.779670,-71.030761,266.115518,510.354779,-263.161871,355.261812,501.404224,-191.127144,274.009797,521.476465,-295.575615,345.722251,510.709614,-213.475054,278.249769,516.288516,-294.270140,339.943755,507.179859,-214.462900,277.344658,510.732802,-266.219562,340.279671,501.938743,-193.989872,295.026627,340.033673,-37.925059,331.120099,342.848848,37.707296,303.324725,257.204653,-32.140750,325.006880,263.521853,90.558874,317.459731,171.682079,-51.092092,335.585810,185.517796,88.253942,325.377487,157.574181,-53.121160,338.694453,172.079552,87.554255,289.424195,151.791829,-69.752486,323.496944,172.314280,74.230294,
0.000000,0.000000,0.000000,0.000000,0.000000,0.000000,0.000000,0.000000,0.000000,0.000000,0.000000,0.000000,0.000000,0.000000,0.000000,0.000000,0.000000,0.000000,0.000000,0.000000,0.000000,0.000000,0.000000,0.000000,0.000000,0.000000,0.000000,0.000000,0.000000,0.000000,0.000000,0.000000,0.000000,0.000000,0.000000,0.000000,0.000000,0.000000,0.000000,0.000000,0.000000,0.000000,0.000000,0.000000,0.000000,0.000000,0.000000,0.000000,0.000000,0.000000,0.000000,0.000000,308.220046,494.174923,183.684456,304.307654,500.144800,153.155656,301.410295,500.591537,153.159080,298.343431,501.101243,153.176311,310.807499,499.180406,153.940201,312.751579,498.828652,154.022682,315.091321,498.537414,153.991409,291.212213,498.824899,57.163335,318.965553,494.008886,59.846776,304.856786,488.388425,155.141038,310.923778,487.306641,155.656835,266.964597,461.774291,-38.154947,338.294282,460.405655,16.356800,217.158506,486.924490,-145.631931,390.910816,474.068599,-72.648485,265.860748,510.276784,-265.773413,355.276052,501.548783,-193.908864,273.812256,521.416764,-298.284195,345.738302,510.790714,-216.391963,278.099818,516.242799,-296.932165,339.974517,507.225907,-217.387677,277.168323,510.693917,-268.813902,340.309727,501.993801,-196.787418,295.124811,340.032727,-38.289767,331.264896,342.845532,38.070825,303.314889,257.217063,-31.452418,324.991297,263.497499,91.831001,317.454031,171.740264,-51.890790,335.573475,185.580380,88.690234,325.368370,157.892560,-54.035351,338.700841,172.122203,87.965137,289.239982,151.659446,-70.742052,323.341624,172.331576,74.617920,
0.000000,0.000000,0.000000,0.000000,0.000000,0.000000,0.000000,0.000000,0.000000,0.000000,0.000000,0.000000,0.000000,0.000000,0.000000,0.000000,0.000000,0.000000,0.000000,0.000000,0.000000,0.000000,0.000000,0.000000,0.000000,0.000000,0.000000,0.000000,0.000000,0.000000,0.000000,0.000000,0.000000,0.000000,0.000000,0.000000,0.000000,0.000000,0.000000,0.000000,0.000000,0.000000,0.000000,0.000000,0.000000,0.000000,0.000000,0.000000,0.000000,0.000000,0.000000,0.000000,308.162325,494.193976,183.791551,304.212199,500.160563,153.141659,301.302004,500.608330,153.145577,298.232170,501.118433,153.163278,310.716177,499.208320,153.967820,312.658398,498.867576,154.051482,314.990798,498.587558,154.020550,291.083517,498.848973,56.801042,318.897652,494.051458,59.835718,304.806626,488.401693,155.133203,310.875306,487.333547,155.721984,266.979964,461.711104,-39.261419,338.429659,460.457283,16.550187,216.780971,486.709038,-147.925058,391.187303,474.357528,-74.266210,265.605979,510.198788,-268.384954,355.290292,501.693343,-196.690585,273.614715,521.357063,-300.992775,345.754353,510.871813,-219.308872,277.949866,516.197081,-299.594189,340.005279,507.271954,-220.312454,276.991988,510.655033,-271.408242,340.339783,502.048859,-199.584965,295.222994,340.031781,-38.654475,331.409694,342.842216,38.434353,303.305053,257.229472,-30.764087,324.975715,263.473146,93.103128,317.448332,171.798448,-52.689489,335.561139,185.642963,89.126527,325.359253,158.210939,-54.949542,338.707229,172.164854,88.376018,289.055770,151.527062,-71.731619,323.186304,172.348871,75.005547,
0.000000,0.000000,0.000000,0.000000,0.000000,0.000000,0.000000,0.000000,0.000000,0.000000,0.000000,0.000000,0.000000,0.000000,0.000000,0.000000,0.000000,0.000000,0.000000,0.000000,0.000000,0.000000,0.000000,0.000000,0.000000,0.000000,0.000000,0.000000,0.000000,0.000000,0.000000,0.000000,0.000000,0.000000,0.000000,0.000000,0.000000,0.000000,0.000000,0.000000,0.000000,0.000000,0.000000,0.000000,0.000000,0.000000,0.000000,0.000000,0.000000,0.000000,0.000000,0.000000,308.150558,494.202576,183.756733,304.165679,500.166042,153.068045,301.254869,500.611076,153.073931,298.179701,501.118878,153.092789,310.667330,499.226253,154.012595,312.607503,498.892998,154.096022,314.932034,498.620146,154.065502,291.030643,498.855702,56.478386,318.857750,494.075542,60.140812,304.805793,488.404004,155.007075,310.869382,487.346342,155.776921,267.013846,461.616624,-40.501958,338.620833,460.494214,17.478309,216.435083,486.474542,-149.555116,391.497323,474.643325,-74.322559,265.379165,510.099233,-268.905199,355.340965,501.805384,-195.812359,273.469789,521.288540,-301.372875,345.787889,510.949361,-218.212707,277.853009,516.134100,-300.033125,340.060782,507.314435,-219.348182,276.877438,510.598536,-271.919807,340.392524,502.094771,-198.718755,295.403794,340.032399,-39.623916,331.586916,342.839188,39.404456,303.299451,257.257865,-30.251928,324.965087,263.445406,95.336909,317.455550,171.949095,-53.997710,335.547436,185.776786,90.624526,325.352336,158.826706,-56.391662,338.727166,172.245234,89.840630,288.791055,151.403812,-73.370684,322.949795,172.404847,76.461986,
0.000000,0.000000,0.000000,0.000000,0.000000,0.000000,0.000000,0.000000,0.000000,0.000000,0.000000,0.000000,0.000000,0.000000,0.000000,0.000000,0.000000,0.000000,0.000000,0.000000,0.000000,0.000000,0.000000,0.000000,0.000000,0.000000,0.000000,0.000000,0.000000,0.000000,0.000000,0.000000,0.000000,0.000000,0.000000,0.000000,0.000000,0.000000,0.000000,0.000000,0.000000,0.000000,0.000000,0.000000,0.000000,0.000000,0.000000,0.000000,0.000000,0.000000,0.000000,0.000000,308.138790,494.211177,183.721914,304.119158,500.171520,152.994431,301.207733,500.613822,153.002285,298.127232,501.119323,153.022301,310.618483,499.244185,154.057369,312.556607,498.918419,154.140562,314.873269,498.652733,154.110454,290.977769,498.862431,56.155729,318.817847,494.099626,60.445906,304.804960,488.406314,154.880948,310.863458,487.359137,155.831859,267.047728,461.522144,-41.742498,338.812006,460.531145,18.406431,216.089195,486.240047,-151.185174,391.807343,474.929122,-74.378907,265.152350,509.999678,-269.425444,355.391639,501.917425,-194.934133,273.324864,521.220018,-301.752974,345.821424,511.026909,-217.116543,277.756151,516.071119,-300.472061,340.116286,507.356915,-218.383909,276.762888,510.542039,-272.431373,340.445266,502.140682,-197.852546,295.584594,340.033017,-40.593358,331.764138,342.836161,40.374559,303.293850,257.286257,-29.739768,324.954459,263.417665,97.570689,317.462769,172.099742,-55.305930,335.533734,185.910609,92.122525,325.345420,159.442472,-57.833781,338.747104,172.325615,91.305243,288.526340,151.280561,-75.009750,322.713285,172.460823,77.918424,
0.000000,0.000000,0.000000,0.000000,0.000000,0.000000,0.000000,0.000000,0.000000,0.000000,0.000000,0.000000,0.000000,0.000000,0.000000,0.000000,0.000000,0.000000,0.000000,0.000000,0.000000,0.000000,0.000000,0.000000,0.000000,0.000000,0.000000,0.000000,0.000000,0.000000,0.000000,0.000000,0.000000,0.000000,0.000000,0.000000,0.000000,0.000000,0.000000,0.000000,0.000000,0.000000,0.000000,0.000000,0.000000,0.000000,0.000000,0.000000,0.000000,0.000000,0.000000,0.000000,308.127022,494.219777,183.687096,304.072638,500.176999,152.920816,301.160597,500.616569,152.930640,298.074763,501.119767,152.951812,310.569636,499.262118,154.102144,312.505711,498.943841,154.185102,314.814505,498.685320,154.155406,290.924895,498.869160,55.833073,318.777945,494.123709,60.751000,304.804126,488.408624,154.754820,310.857533,487.371932,155.886796,267.081609,461.427665,-42.983037,339.003180,460.568076,19.334553,215.743306,486.005552,-152.815232,392.117363,475.214918,-74.435256,264.925535,509.900122,-269.945689,355.442312,502.029466,-194.055907,273.179938,521.151496,-302.133074,345.854960,511.104457,-216.020378,277.659294,516.008138,-300.910997,340.171790,507.399396,-217.419637,276.648339,510.485542,-272.942938,340.498007,502.186594,-196.986337,295.765393,340.033635,-41.562800,331.941361,342.833133,41.344661,303.288248,257.314649,-29.227609,324.943831,263.389924,99.804469,317.469988,172.250389,-56.614151,335.520031,186.044431,93.620525,325.338503,160.058239,-59.275901,338.767042,172.405995,92.769855,288.261626,151.157311,-76.648816,322.476776,172.516800,79.374863,
0.000000,0.000000,0.000000,0.000000,0.000000,0.000000,0.000000,0.000000,0.000000,0.000000,0.000000,0.000000,0.000000,0.000000,0.000000,0.000000,0.000000,0.000000,0.000000,0.000000,0.000000,0.000000,0.000000,0.000000,0.000000,0.000000,0.000000,0.000000,0.000000,0.000000,0.000000,0.000000,0.000000,0.000000,0.000000,0.000000,0.000000,0.000000,0.000000,0.000000,0.000000,0.000000,0.000000,0.000000,0.000000,0.000000,0.000000,0.000000,0.000000,0.000000,0.000000,0.000000,308.115255,494.228378,183.652278,304.026117,500.182478,152.847202,301.113462,500.619315,152.858994,298.022294,501.120212,152.881323,310.520789,499.280050,154.146919,312.454816,498.969262,154.229642,314.755741,498.717908,154.200358,290.872021,498.875889,55.510416,318.738042,494.147793,61.056094,304.803293,488.410934,154.628692,310.851609,487.384726,155.941733,267.115491,461.333185,-44.223577,339.194353,460.605007,20.262675,215.397418,485.771056,-154.445290,392.427383,475.500715,-74.491605,264.698720,509.800567,-270.465933,355.492985,502.141507,-193.177680,273.035013,521.082973,-302.513174,345.888496,511.182004,-214.924213,277.562436,515.945157,-301.349934,340.227293,507.441877,-216.455365,276.533789,510.429045,-273.454504,340.550749,502.232505,-196.120127,295.946193,340.034253,-42.532241,332.118583,342.830105,42.314764,303.282647,257.343041,-28.715450,324.933204,263.362183,102.038249,317.477206,172.401036,-57.922372,335.506329,186.178254,95.118524,325.331587,160.674005,-60.718021,338.786980,172.486376,94.234468,287.996911,151.034061,-78.287882,322.240267,172.572776,80.831302,
0.000000,0.000000,0.000000,0.000000,0.000000,0.000000,0.000000,0.000000,0.000000,0.000000,0.000000,0.000000,0.000000,0.000000,0.000000,0.000000,0.000000,0.000000,0.000000,0.000000,0.000000,0.000000,0.000000,0.000000,0.000000,0.000000,0.000000,0.000000,0.000000,0.000000,0.000000,0.000000,0.000000,0.000000,0.000000,0.000000,0.000000,0.000000,0.000000,0.000000,0.000000,0.000000,0.000000,0.000000,0.000000,0.000000,0.000000,0.000000,0.000000,0.000000,0.000000,0.000000,308.094642,494.240295,183.519583,303.999465,500.191071,152.501306,301.090220,500.626522,152.514025,298.006275,501.125739,152.537780,310.501891,499.295768,153.939905,312.441663,498.988651,154.022963,314.748415,498.739927,153.993489,290.888108,498.881170,54.689518,318.751264,494.171464,60.699685,304.786962,488.419833,154.319013,310.843554,487.402352,155.824751,267.134962,461.279180,-45.382161,339.341964,460.622809,20.363866,215.300280,485.653133,-154.256948,392.747308,475.550445,-72.630898,264.684611,509.766311,-269.939757,355.547542,502.207039,-190.911756,273.028006,521.067266,-302.040994,345.929737,511.200793,-212.704296,277.547710,515.939131,-300.841666,340.296604,507.446576,-214.186999,276.557911,510.422598,-272.902293,340.621839,502.242945,-193.866084,296.185955,339.978681,-43.390838,332.226642,342.782671,43.172384,303.309421,257.308352,-28.839840,324.880085,263.135792,106.287686,317.481132,172.390124,-57.759892,335.495731,186.180732,103.338735,325.361092,160.658930,-60.524852,338.876761,172.475398,103.081617,287.854687,151.017894,-78.325695,321.917407,172.570589,89.813208,
0.000000,0.000000,0.000000,0.000000,0.000000,0.000000,0.000000,0.000000,0.000000,0.000000,0.000000,0.000000,0.000000,0.000000,0.000000,0.000000,0.000000,0.000000,0.000000,0.000000,0.000000,0.000000,0.000000,0.000000,0.000000,0.000000,0.000000,0.000000,0.000000,0.000000,0.000000,0.000000,0.000000,0.000000,0.000000,0.000000,0.000000,0.000000,0.000000,0.000000,0.000000,0.000000,0.000000,0.000000,0.000000,0.000000,0.000000,0.000000,0.000000,0.000000,0.000000,0.000000,308.074030,494.252212,183.386888,303.972813,500.199664,152.155410,301.066979,500.633729,152.169056,297.990256,501.131266,152.194237,310.482994,499.311487,153.732892,312.428511,499.008040,153.816285,314.741089,498.761946,153.786620,290.904196,498.886452,53.868619,318.764485,494.195135,60.343276,304.770632,488.428732,154.009334,310.835498,487.419978,155.707768,267.154433,461.225175,-46.540746,339.489575,460.640610,20.465056,215.203142,485.535209,-154.068606,393.067233,475.600175,-70.770192,264.670502,509.732055,-269.413581,355.602100,502.272571,-188.645832,273.020999,521.051559,-301.568814,345.970978,511.219582,-210.484380,277.532983,515.933104,-300.333398,340.365914,507.451275,-211.918633,276.582033,510.416152,-272.350083,340.692929,502.253385,-191.612041,296.425717,339.923108,-44.249435,332.334702,342.735237,44.030005,303.336196,257.273662,-28.964230,324.826966,262.909401,110.537123,317.485057,172.379211,-57.597412,335.485132,186.183209,111.558947,325.390598,160.643856,-60.331684,338.966542,172.464421,111.928767,287.712464,151.001728,-78.363508,321.594548,172.568402,98.795114,
0.000000,0.000000,0.000000,0.000000,0.000000,0.000000,0.000000,0.000000,0.000000,0.000000,0.000000,0.000000,0.000000,0.000000,0.000000,0.000000,0.000000,0.000000,0.000000,0.000000,0.000000,0.000000,0.000000,0.000000,0.000000,0.000000,0.000000,0.000000,0.000000,0.000000,0.000000,0.000000,0.000000,0.000000,0.000000,0.000000,0.000000,0.000000,0.000000,0.000000,0.000000,0.000000,0.000000,0.000000,0.000000,0.000000,0.000000,0.000000,0.000000,0.000000,0.000000,0.000000,308.053417,494.264129,183.254193,303.946161,500.208257,151.809514,301.043737,500.640936,151.824087,297.974237,501.136794,151.850694,310.464097,499.327205,153.525878,312.415358,499.027429,153.609607,314.733763,498.783965,153.579751,290.920283,498.891734,53.047720,318.777707,494.218806,59.986866,304.754301,488.437631,153.699655,310.827443,487.437604,155.590785,267.173905,461.171169,-47.699330,339.637187,460.658412,20.566246,215.106004,485.417286,-153.880263,393.387158,475.649905,-68.909485,264.656393,509.697799,-268.887405,355.656657,502.338103,-186.379908,273.013993,521.035851,-301.096633,346.012218,511.238370,-208.264463,277.518257,515.927078,-299.825130,340.435224,507.455975,-209.650268,276.606155,510.409705,-271.797872,340.764018,502.263825,-189.357998,296.665479,339.867536,-45.108031,332.442761,342.687803,44.887625,303.362971,257.238972,-29.088620,324.773847,262.683009,114.786561,317.488982,172.368298,-57.434932,335.474534,186.185687,119.779158,325.420104,160.628781,-60.138516,339.056323,172.453443,120.775916,287.570240,150.985561,-78.401321,321.271689,172.566215,107.777020,
0.000000,0.000000,0.000000,0.000000,0.000000,0.000000,0.000000,0.000000,0.000000,0.000000,0.000000,0.000000,0.000000,0.000000,0.000000,0.000000,0.000000,0.000000,0.000000,0.000000,0.000000,0.000000,0.000000,0.000000,0.000000,0.000000,0.000000,0.000000,0.000000,0.000000,0.000000,0.000000,0.000000,0.000000,0.000000,0.000000,0.000000,0.000000,0.000000,0.000000,0.000000,0.000000,0.000000,0.000000,0.000000,0.000000,0.000000,0.000000,0.000000,0.000000,0.000000,0.000000,308.032804,494.276046,183.121498,303.919509,500.216850,151.463618,301.020495,500.648143,151.479118,297.958218,501.142321,151.507151,310.445200,499.342923,153.318865,312.402205,499.046818,153.402929,314.726437,498.805984,153.372883,290.936371,498.897016,52.226821,318.790929,494.242477,59.630457,304.737971,488.446530,153.389976,310.819388,487.455230,155.473802,267.193376,461.117164,-48.857914,339.784798,460.676214,20.667437,215.008866,485.299362,-153.691921,393.707084,475.699635,-67.048779,264.642284,509.663543,-268.361229,355.711214,502.403635,-184.113984,273.006986,521.020144,-300.624453,346.053459,511.257159,-206.044546,277.503530,515.921052,-299.316863,340.504534,507.460674,-207.381902,276.630277,510.403258,-271.245662,340.835108,502.274264,-187.103955,296.905240,339.811964,-45.966628,332.550821,342.640369,45.745246,303.389745,257.204283,-29.213010,324.720729,262.456618,119.035998,317.492907,172.357385,-57.272453,335.463935,186.188165,127.999369,325.449610,160.613707,-59.945348,339.146104,172.442466,129.623066,287.428017,150.969395,-78.439134,320.948830,172.564028,116.758926,
0.000000,0.000000,0.000000,0.000000,0.000000,0.000000,0.000000,0.000000,0.000000,0.000000,0.000000,0.000000,0.000000,0.000000,0.000000,0.000000,0.000000,0.000000,0.000000,0.000000,0.000000,0.000000,0.000000,0.000000,0.000000,0.000000,0.000000,0.000000,0.000000,0.000000,0.000000,0.000000,0.000000,0.000000,0.000000,0.000000,0.000000,0.000000,0.000000,0.000000,0.000000,0.000000,0.000000,0.000000,0.000000,0.000000,0.000000,0.000000,0.000000,0.000000,0.000000,0.000000,308.059576,494.273112,183.490749,303.938071,500.211317,151.813802,301.041281,500.641053,151.829405,297.983248,501.133436,151.857742,310.465466,499.346904,153.692880,312.425140,499.055689,153.777094,314.750025,498.818612,153.747072,290.967929,498.893226,52.473126,318.834519,494.259639,59.953507,304.766041,488.444511,153.744948,310.853971,487.459079,155.861553,267.248774,461.071422,-48.880958,339.966442,460.710089,21.009628,214.954350,485.211925,-153.575936,394.007113,475.776247,-66.313638,264.650621,509.629670,-268.350648,355.790778,502.467893,-183.488327,273.017161,520.999974,-300.633322,346.121633,511.281791,-205.492146,277.509214,515.911016,-299.272376,340.613000,507.478698,-206.732886,276.654307,510.394271,-271.207031,340.948575,502.298414,-186.460904,297.102782,339.769678,-46.335937,332.710918,342.609102,46.113764,303.419282,257.151943,-29.120648,324.716882,262.295431,121.024682,317.516574,172.314723,-58.272594,335.492329,186.172042,130.449035,325.500426,160.587325,-61.100289,339.267930,172.433098,132.305950,287.338785,150.909833,-79.739367,320.778774,172.541745,119.409276,
0.000000,0.000000,0.000000,0.000000,0.000000,0.000000,0.000000,0.000000,0.000000,0.000000,0.000000,0.000000,0.000000,0.000000,0.000000,0.000000,0.000000,0.000000,0.000000,0.000000,0.000000,0.000000,0.000000,0.000000,0.000000,0.000000,0.000000,0.000000,0.000000,0.000000,0.000000,0.000000,0.000000,0.000000,0.000000,0.000000,0.000000,0.000000,0.000000,0.000000,0.000000,0.000000,0.000000,0.000000,0.000000,0.000000,0.000000,0.000000,0.000000,0.000000,0.000000,0.000000,308.086347,494.270178,183.860000,303.956633,500.205784,152.163987,301.062067,500.633963,152.179692,298.008277,501.124550,152.208333,310.485732,499.350885,154.066895,312.448075,499.064561,154.151259,314.773613,498.831239,154.121262,290.999487,498.889436,52.719430,318.878108,494.276802,60.276557,304.794111,488.442492,154.099919,310.888555,487.462929,156.249304,267.304172,461.025679,-48.904002,340.148087,460.743964,21.351819,214.899833,485.124488,-153.459950,394.307143,475.852859,-65.578498,264.658957,509.595797,-268.340067,355.870342,502.532151,-182.862670,273.027335,520.979804,-300.642191,346.189808,511.306423,-204.939746,277.514899,515.900979,-299.227890,340.721466,507.496721,-206.083870,276.678337,510.385283,-271.168400,341.062042,502.322564,-185.817853,297.300323,339.727392,-46.705245,332.871015,342.577835,46.482282,303.448819,257.099603,-29.028286,324.713035,262.134244,123.013366,317.540240,172.272060,-59.272735,335.520724,186.155920,132.898701,325.551242,160.560943,-62.255230,339.389757,172.423731,134.988834,287.249554,150.850271,-81.039600,320.608719,172.519462,122.059626,
0.000000,0.000000,0.000000,0.000000,0.000000,0.000000,0.000000,0.000000,0.000000,0.000000,0.000000,0.000000,0.000000,0.000000,0.000000,0.000000,0.000000,0.000000,0.000000,0.000000,0.000000,0.000000,0.000000,0.000000,0.000000,0.000000,0.000000,0.000000,0.000000,0.000000,0.000000,0.000000,0.000000,0.000000,0.000000,0.000000,0.000000,0.000000,0.000000,0.000000,0.000000,0.000000,0.000000,0.000000,0.000000,0.000000,0.000000,0.000000,0.000000,0.000000,0.000000,0.000000,308.113118,494.267244,184.229252,303.975195,500.200252,152.514171,301.082853,500.626873,152.529978,298.033306,501.115665,152.558924,310.505998,499.354866,154.440910,312.471009,499.073432,154.525424,314.797201,498.843866,154.495452,291.031045,498.885646,52.965735,318.921698,494.293964,60.599606,304.822182,488.440472,154.454890,310.923139,487.466779,156.637055,267.359571,460.979937,-48.927046,340.329731,460.777840,21.694009,214.845317,485.037050,-153.343965,394.607172,475.929472,-64.843357,264.667294,509.561924,-268.329486,355.949905,502.596409,-182.237013,273.037509,520.959633,-300.651059,346.257982,511.331055,-204.387346,277.520583,515.890943,-299.183403,340.829932,507.514745,-205.434854,276.702367,510.376296,-271.129770,341.175509,502.346714,-185.174802,297.497865,339.685106,-47.074554,333.031113,342.546567,46.850800,303.478355,257.047263,-28.935925,324.709189,261.973056,125.002050,317.563906,172.229398,-60.272876,335.549118,186.139797,135.348367,325.602058,160.534561,-63.410171,339.511583,172.414363,137.671718,287.160322,150.790710,-82.339833,320.438664,172.497179,124.709975,
0.000000,0.000000,0.000000,0.000000,0.000000,0.000000,0.000000,0.000000,0.000000,0.000000,0.000000,0.000000,0.000000,0.000000,0.000000,0.000000,0.000000,0.000000,0.000000,0.000000,0.000000,0.000000,0.000000,0.000000,0.000000,0.000000,0.000000,0.000000,0.000000,0.000000,0.000000,0.000000,0.000000,0.000000,0.000000,0.000000,0.000000,0.000000,0.000000,0.000000,0.000000,0.000000,0.000000,0.000000,0.000000,0.000000,0.000000,0.000000,0.000000,0.000000,0.000000,0.000000,308.139889,494.264310,184.598503,303.993757,500.194719,152.864356,301.103639,500.619783,152.880265,298.058335,501.106780,152.909514,310.526264,499.358846,154.814924,312.493944,499.082304,154.899589,314.820789,498.856494,154.869642,291.062603,498.881857,53.212040,318.965288,494.311126,60.922656,304.850252,488.438453,154.809862,310.957722,487.470628,157.024806,267.414969,460.934194,-48.950090,340.511376,460.811715,22.036200,214.790800,484.949613,-153.227979,394.907202,476.006084,-64.108216,264.675631,509.528051,-268.318905,356.029469,502.660667,-181.611356,273.047683,520.939463,-300.659928,346.326156,511.355686,-203.834945,277.526267,515.880907,-299.138917,340.938397,507.532769,-204.785838,276.726397,510.367309,-271.091139,341.288975,502.370864,-184.531752,297.695406,339.642820,-47.443862,333.191210,342.515300,47.219318,303.507892,256.994923,-28.843563,324.705342,261.811869,126.990735,317.587572,172.186736,-61.273018,335.577513,186.123675,137.798032,325.652874,160.508179,-64.565111,339.633409,172.404996,140.354603,287.071091,150.731148,-83.640066,320.268608,172.474896,127.360325,
0.000000,0.000000,0.000000,0.000000,0.000000,0.000000,0.000000,0.000000,0.000000,0.000000,0.000000,0.000000,0.000000,0.000000,0.000000,0.000000,0.000000,0.000000,0.000000,0.000000,0.000000,0.000000,0.000000,0.000000,0.000000,0.000000,0.000000,0.000000,0.000000,0.000000,0.000000,0.000000,0.000000,0.000000,0.000000,0.000000,0.000000,0.000000,0.000000,0.000000,0.000000,0.000000,0.000000,0.000000,0.000000,0.000000,0.000000,0.000000,0.000000,0.000000,0.000000,0.000000,308.210980,494.246031,185.484932,304.055252,500.174269,153.923500,301.165651,500.598009,153.939122,298.122127,501.083585,153.967878,310.585179,499.350030,155.834925,312.553589,499.079577,155.919012,314.876926,498.858685,155.889078,291.108919,498.869433,54.510335,319.045051,494.321221,62.069648,304.917998,488.425517,155.816481,311.033426,487.460961,157.973803,267.507080,460.891542,-47.782531,340.716414,460.855650,22.878985,214.790926,484.898839,-152.665955,395.187327,476.084943,-63.706063,264.694606,509.494120,-267.926058,356.137302,502.728744,-181.091529,273.067840,520.913054,-300.193183,346.422321,511.387869,-203.295374,277.545319,515.865047,-298.631067,341.084116,507.564609,-204.152818,276.752054,510.353957,-270.670417,341.441584,502.410198,-183.969536,297.866242,339.610440,-47.480976,333.394100,342.497492,47.255854,303.540440,256.924633,-28.832490,324.749878,261.703471,127.069894,317.630778,172.121445,-63.335343,335.643833,186.073579,135.360245,325.725017,160.477872,-66.926065,339.785087,172.386277,137.728108,287.039018,150.646645,-86.070042,320.225229,172.422524,124.652742,
0.000000,0.000000,0.000000,0.000000,0.000000,0.000000,0.000000,0.000000,0.000000,0.000000,0.000000,0.000000,0.000000,0.000000,0.000000,0.000000,0.000000,0.000000,0.000000,0.000000,0.000000,0.000000,0.000000,0.000000,0.000000,0.000000,0.000000,0.000000,0.000000,0.000000,0.000000,0.000000,0.000000,0.000000,0.000000,0.000000,0.000000,0.000000,0.000000,0.000000,0.000000,0.000000,0.000000,0.000000,0.000000,0.000000,0.000000,0.000000,0.000000,0.000000,0.000000,0.000000,308.282071,494.227752,186.371361,304.116747,500.153818,154.982645,301.227663,500.576236,154.997978,298.185920,501.060390,155.026241,310.644095,499.341214,156.854925,312.613234,499.076850,156.938435,314.933063,498.860876,156.908515,291.155235,498.857009,55.808629,319.124814,494.331315,63.216641,304.985745,488.412580,156.823100,311.109130,487.451293,158.922800,267.599192,460.848890,-46.614972,340.921452,460.899584,23.721770,214.791052,484.848066,-152.103931,395.467452,476.163802,-63.303910,264.713580,509.460189,-267.533211,356.245136,502.796820,-180.571702,273.087996,520.886645,-299.726438,346.518486,511.420052,-202.755803,277.564372,515.849187,-298.123216,341.229835,507.596448,-203.519797,276.777711,510.340604,-270.249695,341.594192,502.449532,-183.407320,298.037077,339.578059,-47.518090,333.596991,342.479683,47.292390,303.572987,256.854342,-28.821418,324.794414,261.595072,127.149053,317.673983,172.056153,-65.397668,335.710154,186.023483,132.922457,325.797160,160.447565,-69.287018,339.936765,172.367559,135.101613,287.006945,150.562142,-88.500018,320.181850,172.370151,121.945158,
0.000000,0.000000,0.000000,0.000000,0.000000,0.000000,0.000000,0.000000,0.000000,0.000000,0.000000,0.000000,0.000000,0.000000,0.000000,0.000000,0.000000,0.000000,0.000000,0.000000,0.000000,0.000000,0.000000,0.000000,0.000000,0.000000,0.000000,0.000000,0.000000,0.000000,0.000000,0.000000,0.000000,0.000000,0.000000,0.000000,0.000000,0.000000,0.000000,0.000000,0.000000,0.000000,0.000000,0.000000,0.000000,0.000000,0.000000,0.000000,0.000000,0.000000,0.000000,0.000000,308.353162,494.209473,187.257789,304.178242,500.133368,156.041789,301.289675,500.554462,156.056835,298.249712,501.037195,156.084604,310.703011,499.332397,157.874926,312.672879,499.074122,157.957858,314.989200,498.863068,157.927951,291.201551,498.844586,57.106924,319.204577,494.341409,64.363634,305.053491,488.399643,157.829719,311.184834,487.441625,159.871797,267.691303,460.806237,-45.447414,341.126490,460.943519,24.564554,214.791177,484.797292,-151.541907,395.747577,476.242662,-62.901757,264.732555,509.426258,-267.140363,356.352969,502.864897,-180.051875,273.108152,520.860236,-299.259693,346.614651,511.452235,-202.216232,277.583424,515.833327,-297.615366,341.375554,507.628287,-202.886776,276.803369,510.327252,-269.828973,341.746800,502.488865,-182.845104,298.207912,339.545679,-47.555204,333.799881,342.461874,47.328926,303.605535,256.784051,-28.810345,324.838950,261.486674,127.228212,317.717189,171.990862,-67.459994,335.776475,185.973387,130.484669,325.869303,160.417258,-71.647971,340.088443,172.348840,132.475118,286.974872,150.477639,-90.929993,320.138472,172.317778,119.237575,
0.000000,0.000000,0.000000,0.000000,0.000000,0.000000,0.000000,0.000000,0.000000,0.000000,0.000000,0.000000,0.000000,0.000000,0.000000,0.000000,0.000000,0.000000,0.000000,0.000000,0.000000,0.000000,0.000000,0.000000,0.000000,0.000000,0.000000,0.000000,0.000000,0.000000,0.000000,0.000000,0.000000,0.000000,0.000000,0.000000,0.000000,0.000000,0.000000,0.000000,0.000000,0.000000,0.000000,0.000000,0.000000,0.000000,0.000000,0.000000,0.000000,0.000000,0.000000,0.000000,308.424253,494.191194,188.144218,304.239737,500.112917,157.100933,301.351687,500.532688,157.115692,298.313504,501.013999,157.142968,310.761926,499.323581,158.894926,312.732524,499.071395,158.977281,315.045338,498.865259,158.947387,291.247868,498.832162,58.405219,319.284340,494.351503,65.510626,305.121238,488.386706,158.836338,311.260538,487.431957,160.820795,267.783414,460.763585,-44.279855,341.331528,460.987453,25.407339,214.791303,484.746518,-150.979883,396.027702,476.321521,-62.499603,264.751529,509.392326,-266.747516,356.460802,502.932974,-179.532048,273.128309,520.833827,-298.792948,346.710815,511.484417,-201.676660,277.602476,515.817467,-297.107516,341.521273,507.660127,-202.253755,276.829026,510.313900,-269.408252,341.899408,502.528199,-182.282887,298.378747,339.513299,-47.592318,334.002771,342.444066,47.365463,303.638082,256.713760,-28.799273,324.883486,261.378276,127.307372,317.760394,171.925571,-69.522319,335.842795,185.923291,128.046881,325.941446,160.386951,-74.008924,340.240121,172.330122,129.848623,286.942799,150.393136,-93.359969,320.095093,172.265406,116.529992,
0.000000,0.000000,0.000000,0.000000,0.000000,0.000000,0.000000,0.000000,0.000000,0.000000,0.000000,0.000000,0.000000,0.000000,0.000000,0.000000,0.000000,0.000000,0.000000,0.000000,0.000000,0.000000,0.000000,0.000000,0.000000,0.000000,0.000000,0.000000,0.000000,0.000000,0.000000,0.000000,0.000000,0.000000,0.000000,0.000000,0.000000,0.000000,0.000000,0.000000,0.000000,0.000000,0.000000,0.000000,0.000000,0.000000,0.000000,0.000000,0.000000,0.000000,0.000000,0.000000,308.546204,494.156773,189.341789,304.353893,500.077914,158.624649,301.465131,500.497249,158.638871,298.426277,500.978433,158.664960,310.865675,499.301575,160.322510,312.833406,499.056465,160.403665,315.137234,498.856311,160.373796,291.315469,498.814009,60.480450,319.403336,494.353708,67.213588,305.235751,488.362502,160.260190,311.380180,487.407812,162.105778,267.911819,460.725763,-42.167811,341.550212,461.040273,26.572038,214.859173,484.729788,-150.114583,396.273754,476.401482,-62.423891,264.789196,509.360909,-265.997967,356.584844,503.008411,-179.067858,273.153794,520.801381,-297.876776,346.826492,511.527205,-201.111573,277.634023,515.795699,-296.147974,341.689784,507.708266,-201.614953,276.858371,510.296365,-268.621311,342.077200,502.583860,-181.760863,298.538109,339.489514,-47.332230,334.249393,342.438355,47.104901,303.667707,256.622781,-28.870347,324.975327,261.316019,125.772938,317.821484,171.812194,-72.001511,335.939639,185.854535,121.798217,326.031036,160.341229,-76.822120,340.409935,172.338548,122.925950,286.960918,150.294030,-96.128005,320.182391,172.189786,109.706865,
0.000000,0.000000,0.000000,0.000000,0.000000,0.000000,0.000000,0.000000,0.000000,0.000000,0.000000,0.000000,0.000000,0.000000,0.000000,0.000000,0.000000,0.000000,0.000000,0.000000,0.000000,0.000000,0.000000,0.000000,0.000000,0.000000,0.000000,0.000000,0.000000,0.000000,0.000000,0.000000,0.000000,0.000000,0.000000,0.000000,0.000000,0.000000,0.000000,0.000000,0.000000,0.000000,0.000000,0.000000,0.000000,0.000000,0.000000,0.000000,0.000000,0.000000,0.000000,0.000000,308.668155,494.122353,190.539359,304.468048,500.042910,160.148365,301.578574,500.461810,160.162050,298.539051,500.942866,160.186952,310.969424,499.279569,161.750095,312.934289,499.041536,161.830050,315.229130,498.847363,161.800205,291.383070,498.795855,62.555681,319.522331,494.355913,68.916550,305.350264,488.338298,161.684041,311.499823,487.383667,163.390761,268.040224,460.687942,-40.055766,341.768897,461.093093,27.736736,214.927043,484.713057,-149.249282,396.519807,476.481442,-62.348179,264.826863,509.329492,-265.248417,356.708886,503.083848,-178.603668,273.179278,520.768935,-296.960603,346.942170,511.569993,-200.546485,277.665570,515.773931,-295.188432,341.858294,507.756404,-200.976150,276.887715,510.278831,-267.834370,342.254992,502.639521,-181.238838,298.697470,339.465729,-47.072141,334.496015,342.432644,46.844339,303.697331,256.531801,-28.941421,325.067168,261.253763,124.238505,317.882573,171.698816,-74.480703,336.036482,185.785780,115.549553,326.120626,160.295506,-79.635316,340.579749,172.346974,116.003277,286.979037,150.194925,-98.896042,320.269689,172.114166,102.883738,
0.000000,0.000000,0.000000,0.000000,0.000000,0.000000,0.000000,0.000000,0.000000,0.000000,0.000000,0.000000,0.000000,0.000000,0.000000,0.000000,0.000000,0.000000,0.000000,0.000000,0.000000,0.000000,0.000000,0.000000,0.000000,0.000000,0.000000,0.000000,0.000000,0.000000,0.000000,0.000000,0.000000,0.000000,0.000000,0.000000,0.000000,0.000000,0.000000,0.000000,0.000000,0.000000,0.000000,0.000000,0.000000,0.000000,0.000000,0.000000,0.000000,0.000000,0.000000,0.000000,308.790106,494.087932,191.736930,304.582204,500.007906,161.672081,301.692018,500.426371,161.685230,298.651824,500.907300,161.708945,311.073173,499.257563,163.177679,313.035171,499.026606,163.256434,315.321026,498.838414,163.226614,291.450672,498.777701,64.630912,319.641327,494.358118,70.619511,305.464777,488.314093,163.107893,311.619465,487.359522,164.675745,268.168629,460.650121,-37.943722,341.987582,461.145912,28.901435,214.994913,484.696327,-148.383982,396.765860,476.561403,-62.272467,264.864530,509.298074,-264.498868,356.832928,503.159286,-178.139479,273.204763,520.736489,-296.044431,347.057847,511.612781,-199.981397,277.697117,515.752163,-294.228891,342.026805,507.804543,-200.337347,276.917060,510.261296,-267.047430,342.432784,502.695183,-180.716813,298.856832,339.441943,-46.812053,334.742637,342.426933,46.583778,303.726955,256.440822,-29.012495,325.159009,261.191507,122.704071,317.943663,171.585439,-76.959894,336.133325,185.717024,109.300888,326.210217,160.249784,-82.448512,340.749563,172.355400,109.080604,286.997156,150.095819,-101.664078,320.356987,172.038546,96.060612,
0.000000,0.000000,0.000000,0.000000,0.000000,0.000000,0.000000,0.000000,0.000000,0.000000,0.000000,0.000000,0.000000,0.000000,0.000000,0.000000,0.000000,0.000000,0.000000,0.000000,0.000000,0.000000,0.000000,0.000000,0.000000,0.000000,0.000000,0.000000,0.000000,0.000000,0.000000,0.000000,0.000000,0.000000,0.000000,0.000000,0.000000,0.000000,0.000000,0.000000,0.000000,0.000000,0.000000,0.000000,0.000000,0.000000,0.000000,0.000000,0.000000,0.000000,0.000000,0.000000,308.912057,494.053512,192.934501,304.696359,499.972903,163.195796,301.805462,500.390932,163.208409,298.764598,500.871734,163.230937,311.176922,499.235557,164.605264,313.136054,499.011676,164.682819,315.412922,498.829466,164.653023,291.518273,498.759548,66.706143,319.760322,494.360322,72.322473,305.579290,488.289889,164.531745,311.739107,487.335377,165.960728,268.297034,460.612300,-35.831678,342.206266,461.198732,30.066134,215.062783,484.679596,-147.518682,397.011913,476.641364,-62.196755,264.902197,509.266657,-263.749318,356.956970,503.234723,-177.675289,273.230248,520.704043,-295.128258,347.173524,511.655568,-199.416309,277.728663,515.730395,-293.269349,342.195315,507.852682,-199.698544,276.946404,510.243762,-266.260489,342.610575,502.750844,-180.194788,299.016193,339.418158,-46.551964,334.989258,342.421222,46.323216,303.756579,256.349843,-29.083569,325.250849,261.129250,121.169638,318.004752,171.472061,-79.439086,336.230168,185.648269,103.052224,326.299807,160.204062,-85.261708,340.919377,172.363826,102.157931,287.015275,149.996714,-104.432114,320.444285,171.962926,89.237485,
0.000000,0.000000,0.000000,0.000000,0.000000,0.000000,0.000000,0.000000,0.000000,0.000000,0.000000,0.000000,0.000000,0.000000,0.000000,0.000000,0.000000,0.000000,0.000000,0.000000,0.000000,0.000000,0.000000,0.000000,0.000000,0.000000,0.000000,0.000000,0.000000,0.000000,0.000000,0.000000,0.000000,0.000000,0.000000,0.000000,0.000000,0.000000,0.000000,0.000000,0.000000,0.000000,0.000000,0.000000,0.000000,0.000000,0.000000,0.000000,0.000000,0.000000,0.000000,0.000000,309.046163,494.048069,192.936235,304.829707,499.967097,163.155856,301.939247,500.385036,163.168374,298.894307,500.865997,163.190686,311.308951,499.232048,164.571090,313.271161,499.010579,164.648626,315.550987,498.832072,164.618790,291.608401,498.755837,66.652284,319.935413,494.363965,72.276370,305.718836,488.284405,164.509058,311.865201,487.334155,165.946714,268.430569,460.610947,-35.679850,342.373093,461.254451,30.085382,215.070379,484.675657,-147.329735,397.147137,476.759280,-61.799244,265.026611,509.267295,-263.049045,357.076233,503.273958,-177.364586,273.322426,520.680582,-294.282788,347.249776,511.680210,-199.069401,277.840822,515.713812,-292.322019,342.302029,507.878270,-199.391454,277.020263,510.238028,-265.485048,342.730663,502.788092,-179.895208,299.206086,339.410388,-46.572073,335.165248,342.415488,46.342795,303.849246,256.321060,-29.202128,325.343433,261.104966,121.954151,317.977904,171.145057,-78.731178,336.204437,185.791890,107.758216,326.302627,159.717204,-84.393629,340.920028,172.633408,106.904211,287.009170,149.967247,-103.847643,320.376826,172.080265,94.727671,
0.000000,0.000000,0.000000,0.000000,0.000000,0.000000,0.000000,0.000000,0.000000,0.000000,0.000000,0.000000,0.000000,0.000000,0.000000,0.000000,0.000000,0.000000,0.000000,0.000000,0.000000,0.000000,0.000000,0.000000,0.000000,0.000000,0.000000,0.000000,0.000000,0.000000,0.000000,0.000000,0.000000,0.000000,0.000000,0.000000,0.000000,0.000000,0.000000,0.000000,0.000000,0.000000,0.000000,0.000000,0.000000,0.000000,0.000000,0.000000,0.000000,0.000000,0.000000,0.000000,309.180268,494.042627,192.937970,304.963055,499.961292,163.115915,302.073033,500.379141,163.128338,299.024017,500.860260,163.150434,311.440979,499.228540,164.536917,313.406268,499.009481,164.614434,315.689053,498.834678,164.584557,291.698529,498.752127,66.598425,320.110505,494.367608,72.230267,305.858382,488.278920,164.486371,311.991295,487.332932,165.932699,268.564104,460.609595,-35.528022,342.539919,461.310170,30.104630,215.077976,484.671718,-147.140788,397.282361,476.877196,-61.401733,265.151024,509.267933,-262.348773,357.195496,503.313193,-177.053883,273.414603,520.657121,-293.437318,347.326029,511.704851,-198.722493,277.952980,515.697230,-291.374690,342.408742,507.903859,-199.084364,277.094121,510.232295,-264.709606,342.850751,502.825340,-179.595628,299.395979,339.402618,-46.592182,335.341238,342.409754,46.362375,303.941914,256.292277,-29.320686,325.436017,261.080682,122.738665,317.951056,170.818052,-78.023270,336.178706,185.935512,112.464207,326.305448,159.230346,-83.525550,340.920678,172.902991,111.650492,287.003065,149.937781,-103.263171,320.309367,172.197604,100.217856,
0.000000,0.000000,0.000000,0.000000,0.000000,0.000000,0.000000,0.000000,0.000000,0.000000,0.000000,0.000000,0.000000,0.000000,0.000000,0.000000,0.000000,0.000000,0.000000,0.000000,0.000000,0.000000,0.000000,0.000000,0.000000,0.000000,0.000000,0.000000,0.000000,0.000000,0.000000,0.000000,0.000000,0.000000,0.000000,0.000000,0.000000,0.000000,0.000000,0.000000,0.000000,0.000000,0.000000,0.000000,0.000000,0.000000,0.000000,0.000000,0.000000,0.000000,0.000000,0.000000,309.314374,494.037184,192.939705,305.096403,499.955487,163.075974,302.206819,500.373245,163.088303,299.153726,500.854523,163.110183,311.573008,499.225032,164.502744,313.541376,499.008384,164.580242,315.827118,498.837284,164.550324,291.788656,498.748416,66.544567,320.285596,494.371251,72.184164,305.997928,488.273436,164.463684,312.117390,487.331710,165.918685,268.697640,460.608242,-35.376194,342.706745,461.365889,30.123879,215.085572,484.667779,-146.951840,397.417585,476.995112,-61.004222,265.275438,509.268572,-261.648501,357.314759,503.352428,-176.743180,273.506781,520.633660,-292.591848,347.402282,511.729493,-198.375585,278.065139,515.680647,-290.427360,342.515455,507.929447,-198.777274,277.167980,510.226561,-263.934165,342.970838,502.862587,-179.296049,299.585872,339.394848,-46.612291,335.517227,342.404020,46.381954,304.034581,256.263495,-29.439245,325.528601,261.056397,123.523178,317.924208,170.491048,-77.315362,336.152974,186.079134,117.170199,326.308268,158.743488,-82.657472,340.921329,173.172574,116.396773,286.996960,149.908315,-102.678700,320.241908,172.314943,105.708042,
0.000000,0.000000,0.000000,0.000000,0.000000,0.000000,0.000000,0.000000,0.000000,0.000000,0.000000,0.000000,0.000000,0.000000,0.000000,0.000000,0.000000,0.000000,0.000000,0.000000,0.000000,0.000000,0.000000,0.000000,0.000000,0.000000,0.000000,0.000000,0.000000,0.000000,0.000000,0.000000,0.000000,0.000000,0.000000,0.000000,0.000000,0.000000,0.000000,0.000000,0.000000,0.000000,0.000000,0.000000,0.000000,0.000000,0.000000,0.000000,0.000000,0.000000,0.000000,0.000000,309.448479,494.031741,192.941440,305.229751,499.949682,163.036034,302.340604,500.367350,163.048268,299.283436,500.848786,163.069932,311.705036,499.221524,164.468571,313.676483,499.007287,164.546050,315.965183,498.839890,164.516091,291.878784,498.744705,66.490708,320.460687,494.374894,72.138061,306.137474,488.267951,164.440997,312.243484,487.330487,165.904671,268.831175,460.606890,-35.224366,342.873571,461.421609,30.143127,215.093168,484.663840,-146.762893,397.552808,477.113029,-60.606711,265.399851,509.269210,-260.948228,357.434022,503.391663,-176.432477,273.598959,520.610199,-291.746378,347.478534,511.754135,-198.028677,278.177298,515.664064,-289.480031,342.622169,507.955035,-198.470184,277.241838,510.220828,-263.158723,343.090926,502.899835,-178.996469,299.775766,339.387078,-46.632399,335.693217,342.398286,46.401533,304.127249,256.234712,-29.557804,325.621184,261.032113,124.307692,317.897360,170.164043,-76.607454,336.127243,186.222755,121.876191,326.311089,158.256631,-81.789393,340.921979,173.442157,121.143053,286.990855,149.878848,-102.094229,320.174449,172.432282,111.198227,
0.000000,0.000000,0.000000,0.000000,0.000000,0.000000,0.000000,0.000000,0.000000,0.000000,0.000000,0.000000,0.000000,0.000000,0.000000,0.000000,0.000000,0.000000,0.000000,0.000000,0.000000,0.000000,0.000000,0.000000,0.000000,0.000000,0.000000,0.000000,0.000000,0.000000,0.000000,0.000000,0.000000,0.000000,0.000000,0.000000,0.000000,0.000000,0.000000,0.000000,0.000000,0.000000,0.000000,0.000000,0.000000,0.000000,0.000000,0.000000,0.000000,0.000000,0.000000,0.000000,309.575612,494.033598,193.099662,305.358340,499.951852,163.198019,302.466976,500.369255,163.210037,299.404643,500.850625,163.231592,311.838367,499.227885,164.628158,313.812957,499.017138,164.705545,316.103729,498.853955,164.675475,291.986165,498.747338,66.687514,320.626636,494.391153,72.309046,306.257532,488.269286,164.610285,312.364170,487.338974,166.068538,268.975900,460.608958,-34.833091,343.030782,461.475415,30.329769,215.152139,484.657298,-146.145913,397.706374,477.226606,-60.072540,265.529349,509.267409,-260.062195,357.550050,503.422207,-175.988533,273.729500,520.594695,-290.756897,347.554848,511.774232,-197.517519,278.305094,515.652859,-288.474638,342.730925,507.975441,-198.009484,277.335635,510.216702,-262.246462,343.212496,502.930961,-178.566446,299.928159,339.383543,-46.585159,335.854880,342.396571,46.354542,304.272951,256.220230,-29.865121,325.705775,261.003837,124.336743,317.886118,169.941751,-76.624339,336.105034,186.282437,123.483505,326.317732,157.807204,-81.767686,340.931310,173.536755,122.780663,286.986408,149.846965,-102.302867,320.081084,172.492653,113.035659,
0.000000,0.000000,0.000000,0.000000,0.000000,0.000000,0.000000,0.000000,0.000000,0.000000,0.000000,0.000000,0.000000,0.000000,0.000000,0.000000,0.000000,0.000000,0.000000,0.000000,0.000000,0.000000,0.000000,0.000000,0.000000,0.000000,0.000000,0.000000,0.000000,0.000000,0.000000,0.000000,0.000000,0.000000,0.000000,0.000000,0.000000,0.000000,0.000000,0.000000,0.000000,0.000000,0.000000,0.000000,0.000000,0.000000,0.000000,0.000000,0.000000,0.000000,0.000000,0.000000,309.702744,494.035454,193.257884,305.486928,499.954022,163.360004,302.593348,500.371161,163.371806,299.525850,500.852465,163.393253,311.971699,499.234245,164.787745,313.949430,499.026990,164.865040,316.242275,498.868021,164.834860,292.093546,498.749971,66.884320,320.792585,494.407412,72.480031,306.377590,488.270620,164.779574,312.484857,487.347460,166.232405,269.120624,460.611027,-34.441816,343.187993,461.529222,30.516412,215.211109,484.650756,-145.528933,397.859940,477.340183,-59.538369,265.658847,509.265609,-259.176163,357.666078,503.452751,-175.544590,273.860041,520.579190,-289.767417,347.631162,511.794330,-197.006361,278.432891,515.641655,-287.469245,342.839682,507.995848,-197.548785,277.429433,510.212577,-261.334200,343.334067,502.962086,-178.136423,300.080553,339.380008,-46.537919,336.016544,342.394856,46.307551,304.418653,256.205747,-30.172439,325.790366,260.975561,124.365795,317.874875,169.719458,-76.641223,336.082825,186.342118,125.090818,326.324375,157.357777,-81.745980,340.940640,173.631353,124.418272,286.981961,149.815082,-102.511506,319.987718,172.553025,114.873091,
0.000000,0.000000,0.000000,0.000000,0.000000,0.000000,0.000000,0.000000,0.000000,0.000000,0.000000,0.000000,0.000000,0.000000,0.000000,0.000000,0.000000,0.000000,0.000000,0.000000,0.000000,0.000000,0.000000,0.000000,0.000000,0.000000,0.000000,0.000000,0.000000,0.000000,0.000000,0.000000,0.000000,0.000000,0.000000,0.000000,0.000000,0.000000,0.000000,0.000000,0.000000,0.000000,0.000000,0.000000,0.000000,0.000000,0.000000,0.000000,0.000000,0.000000,0.000000,0.000000,309.829877,494.037310,193.416106,305.615517,499.956192,163.521990,302.719720,500.373066,163.533575,299.647058,500.854305,163.554913,312.105030,499.240606,164.947332,314.085904,499.036842,165.024535,316.380821,498.882087,164.994245,292.200927,498.752603,67.081126,320.958534,494.423672,72.651016,306.497648,488.271955,164.948862,312.605543,487.355947,166.396272,269.265348,460.613096,-34.050541,343.345203,461.583029,30.703054,215.270079,484.644214,-144.911953,398.013506,477.453760,-59.004198,265.788346,509.263809,-258.290130,357.782106,503.483295,-175.100646,273.990582,520.563686,-288.777936,347.707476,511.814427,-196.495202,278.560687,515.630451,-286.463852,342.948439,508.016254,-197.088086,277.523230,510.208451,-260.421939,343.455637,502.993212,-177.706401,300.232946,339.376473,-46.490679,336.178207,342.393141,46.260560,304.564355,256.191265,-30.479756,325.874956,260.947285,124.394846,317.863633,169.497165,-76.658108,336.060616,186.401800,126.698132,326.331019,156.908350,-81.724273,340.949970,173.725951,126.055881,286.977513,149.783199,-102.720144,319.894352,172.613396,116.710523,
0.000000,0.000000,0.000000,0.000000,0.000000,0.000000,0.000000,0.000000,0.000000,0.000000,0.000000,0.000000,0.000000,0.000000,0.000000,0.000000,0.000000,0.000000,0.000000,0.000000,0.000000,0.000000,0.000000,0.000000,0.000000,0.000000,0.000000,0.000000,0.000000,0.000000,0.000000,0.000000,0.000000,0.000000,0.000000,0.000000,0.000000,0.000000,0.000000,0.000000,0.000000,0.000000,0.000000,0.000000,0.000000,0.000000,0.000000,0.000000,0.000000,0.000000,0.000000,0.000000,309.957009,494.039167,193.574328,305.744105,499.958362,163.683975,302.846092,500.374972,163.695344,299.768265,500.856145,163.716574,312.238361,499.246966,165.106919,314.222378,499.046693,165.184030,316.519367,498.896152,165.153630,292.308308,498.755236,67.277932,321.124483,494.439931,72.822002,306.617706,488.273289,165.118151,312.726229,487.364433,166.560139,269.410073,460.615165,-33.659266,343.502414,461.636836,30.889697,215.329049,484.637671,-144.294973,398.167071,477.567337,-58.470028,265.917844,509.262008,-257.404097,357.898134,503.513839,-174.656702,274.121124,520.548181,-287.788455,347.783789,511.834525,-195.984044,278.688484,515.619246,-285.458459,343.057196,508.036660,-196.627387,277.617027,510.204326,-259.509677,343.577207,503.024337,-177.276378,300.385340,339.372938,-46.443439,336.339871,342.391426,46.213569,304.710056,256.176783,-30.787073,325.959547,260.919009,124.423897,317.852391,169.274872,-76.674993,336.038407,186.461481,128.305446,326.337662,156.458923,-81.702567,340.959300,173.820549,127.693491,286.973066,149.751316,-102.928783,319.800986,172.673767,118.547955,
0.000000,0.000000,0.000000,0.000000,0.000000,0.000000,0.000000,0.000000,0.000000,0.000000,0.000000,0.000000,0.000000,0.000000,0.000000,0.000000,0.000000,0.000000,0.000000,0.000000,0.000000,0.000000,0.000000,0.000000,0.000000,0.000000,0.000000,0.000000,0.000000,0.000000,0.000000,0.000000,0.000000,0.000000,0.000000,0.000000,0.000000,0.000000,0.000000,0.000000,0.000000,0.000000,0.000000,0.000000,0.000000,0.000000,0.000000,0.000000,0.000000,0.000000,0.000000,0.000000,310.083709,494.047527,193.683001,305.877662,499.968871,163.803498,302.975255,500.385697,163.814671,299.891189,500.867501,163.836002,312.379179,499.262802,165.221864,314.364745,499.066890,165.298916,316.661604,498.920974,165.268359,292.439468,498.767115,67.450349,321.284350,494.467985,72.942102,306.725367,488.281092,165.244999,312.844326,487.381669,166.676627,269.565567,460.622397,-33.274661,343.640263,461.687557,31.065054,215.452495,484.625906,-143.392722,398.324811,477.675429,-57.792651,266.060481,509.260341,-256.357867,357.998867,503.539234,-174.029326,274.285375,520.540836,-286.681150,347.851686,511.853133,-195.270290,278.831045,515.613336,-284.406675,343.153534,508.054368,-195.991301,277.732823,510.201992,-258.476468,343.686302,503.050484,-176.675268,300.515467,339.372328,-46.363842,336.488148,342.392369,46.134891,304.902858,256.173863,-31.284006,326.035067,260.880095,123.993419,317.855099,169.131833,-76.771353,336.012316,186.452537,127.890659,326.344248,156.035437,-81.773463,340.965595,173.776657,127.235630,286.963310,149.727356,-103.138849,319.685714,172.684013,117.975023,
0.000000,0.000000,0.000000,0.000000,0.000000,0.000000,0.000000,0.000000,0.000000,0.000000,0.000000,0.000000,0.000000,0.000000,0.000000,0.000000,0.000000,0.000000,0.000000,0.000000,0.000000,0.000000,0.000000,0.000000,0.000000,0.000000,0.000000,0.000000,0.000000,0.000000,0.000000,0.000000,0.000000,0.000000,0.000000,0.000000,0.000000,0.000000,0.000000,0.000000,0.000000,0.000000,0.000000,0.000000,0.000000,0.000000,0.000000,0.000000,0.000000,0.000000,0.000000,0.000000,310.210408,494.055886,193.791674,306.011219,499.979381,163.923021,303.104418,500.396423,163.933997,300.014113,500.878856,163.955430,312.519997,499.278639,165.336810,314.507113,499.087086,165.413802,316.803841,498.945796,165.383087,292.570629,498.778994,67.622766,321.444216,494.496039,73.062202,306.833027,488.288896,165.371848,312.962422,487.398905,166.793116,269.721061,460.629629,-32.890057,343.778111,461.738278,31.240411,215.575941,484.614141,-142.490472,398.482552,477.783522,-57.115275,266.203119,509.258674,-255.311638,358.099599,503.564629,-173.401949,274.449625,520.533490,-285.573845,347.919583,511.871740,-194.556535,278.973607,515.607426,-283.354892,343.249873,508.072076,-195.355216,277.848618,510.199657,-257.443259,343.795397,503.076631,-176.074158,300.645593,339.371717,-46.284245,336.636424,342.393311,46.056214,305.095660,256.170943,-31.780939,326.110587,260.841180,123.562940,317.857806,168.988794,-76.867713,335.986225,186.443592,127.475872,326.350834,155.611950,-81.844359,340.971890,173.732766,126.777769,286.953555,149.703395,-103.348916,319.570441,172.694259,117.402091,
0.000000,0.000000,0.000000,0.000000,0.000000,0.000000,0.000000,0.000000,0.000000,0.000000,0.000000,0.000000,0.000000,0.000000,0.000000,0.000000,0.000000,0.000000,0.000000,0.000000,0.000000,0.000000,0.000000,0.000000,0.000000,0.000000,0.000000,0.000000,0.000000,0.000000,0.000000,0.000000,0.000000,0.000000,0.000000,0.000000,0.000000,0.000000,0.000000,0.000000,0.000000,0.000000,0.000000,0.000000,0.000000,0.000000,0.000000,0.000000,0.000000,0.000000,0.000000,0.000000,310.337107,494.064246,193.900348,306.144775,499.989890,164.042544,303.233582,500.407148,164.053324,300.137037,500.890212,164.074859,312.660814,499.294475,165.451755,314.649480,499.107283,165.528687,316.946078,498.970618,165.497816,292.701790,498.790874,67.795183,321.604082,494.524093,73.182302,306.940687,488.296699,165.498696,313.080519,487.416141,166.909604,269.876555,460.636861,-32.505452,343.915959,461.788999,31.415768,215.699387,484.602375,-141.588221,398.640292,477.891614,-56.437899,266.345757,509.257007,-254.265408,358.200332,503.590024,-172.774572,274.613876,520.526144,-284.466540,347.987480,511.890348,-193.842781,279.116168,515.601515,-282.303108,343.346211,508.089784,-194.719131,277.964414,510.197323,-256.410049,343.904492,503.102779,-175.473048,300.775720,339.371106,-46.204648,336.784701,342.394254,45.977536,305.288462,256.168023,-32.277872,326.186106,260.802266,123.132461,317.860514,168.845755,-76.964073,335.960135,186.434647,127.061085,326.357420,155.188464,-81.915255,340.978185,173.688875,126.319908,286.943799,149.679435,-103.558982,319.455169,172.704505,116.829160,
0.000000,0.000000,0.000000,0.000000,0.000000,0.000000,0.000000,0.000000,0.000000,0.000000,0.000000,0.000000,0.000000,0.000000,0.000000,0.000000,0.000000,0.000000,0.000000,0.000000,0.000000,0.000000,0.000000,0.000000,0.000000,0.000000,0.000000,0.000000,0.000000,0.000000,0.000000,0.000000,0.000000,0.000000,0.000000,0.000000,0.000000,0.000000,0.000000,0.000000,0.000000,0.000000,0.000000,0.000000,0.000000,0.000000,0.000000,0.000000,0.000000,0.000000,0.000000,0.000000,310.463807,494.072605,194.009021,306.278332,500.000400,164.162067,303.362745,500.417874,164.172650,300.259960,500.901567,164.194287,312.801632,499.310312,165.566700,314.791847,499.127479,165.643573,317.088314,498.995441,165.612545,292.832951,498.802753,67.967601,321.763948,494.552147,73.302402,307.048347,488.304502,165.625545,313.198615,487.433376,167.026093,270.032049,460.644093,-32.120847,344.053808,461.839720,31.591125,215.822832,484.590610,-140.685970,398.798032,477.999707,-55.760522,266.488394,509.255340,-253.219178,358.301065,503.615419,-172.147195,274.778127,520.518798,-283.359235,348.055377,511.908956,-193.129027,279.258730,515.595605,-281.251324,343.442550,508.107492,-194.083045,278.080210,510.194988,-255.376840,344.013587,503.128926,-174.871938,300.905847,339.370496,-46.125050,336.932978,342.395196,45.898858,305.481264,256.165103,-32.774805,326.261626,260.763351,122.701983,317.863222,168.702716,-77.060433,335.934044,186.425702,126.646298,326.364006,154.764978,-81.986151,340.984480,173.644983,125.862047,286.934043,149.655474,-103.769048,319.339897,172.714751,116.256228,
0.000000,0.000000,0.000000,0.000000,0.000000,0.000000,0.000000,0.000000,0.000000,0.000000,0.000000,0.000000,0.000000,0.000000,0.000000,0.000000,0.000000,0.000000,0.000000,0.000000,0.000000,0.000000,0.000000,0.000000,0.000000,0.000000,0.000000,0.000000,0.000000,0.000000,0.000000,0.000000,0.000000,0.000000,0.000000,0.000000,0.000000,0.000000,0.000000,0.000000,0.000000,0.000000,0.000000,0.000000,0.000000,0.000000,0.000000,0.000000,0.000000,0.000000,0.000000,0.000000,310.586830,494.091975,193.866593,306.411313,500.024329,164.026762,303.489453,500.442820,164.037182,300.379281,500.928279,164.059229,312.940714,499.340641,165.445805,314.929668,499.163073,165.522541,317.224031,499.036271,165.491336,292.981074,498.828518,67.851078,321.915194,494.593008,73.217149,307.149263,488.323978,165.491566,313.312052,487.465819,166.904975,270.202402,460.656692,-31.977357,344.179491,461.885309,31.660562,216.008489,484.569445,-139.534790,398.952172,478.106302,-54.743582,266.658249,509.251916,-251.887852,358.382937,503.640260,-170.379308,274.977164,520.513849,-281.935917,348.110875,511.929036,-191.120206,279.421341,515.593878,-279.945086,343.516044,508.128316,-192.187882,278.219691,510.194929,-254.086806,344.100800,503.156398,-173.127793,301.010450,339.372198,-46.022114,337.060763,342.399807,45.797464,305.710138,256.166096,-33.565591,326.325402,260.718550,122.055574,317.879086,168.613477,-77.534729,335.895223,186.346867,124.767697,326.372185,154.320092,-82.447475,340.980086,173.472685,123.907355,286.904349,149.603460,-104.381213,319.240922,172.644595,113.937194,
0.000000,0.000000,0.000000,0.000000,0.000000,0.000000,0.000000,0.000000,0.000000,0.000000,0.000000,0.000000,0.000000,0.000000,0.000000,0.000000,0.000000,0.000000,0.000000,0.000000,0.000000,0.000000,0.000000,0.000000,0.000000,0.000000,0.000000,0.000000,0.000000,0.000000,0.000000,0.000000,0.000000,0.000000,0.000000,0.000000,0.000000,0.000000,0.000000,0.000000,0.000000,0.000000,0.000000,0.000000,0.000000,0.000000,0.000000,0.000000,0.000000,0.000000,0.000000,0.000000,310.709853,494.111344,193.724165,306.544295,500.048259,163.891456,303.616162,500.467766,163.901715,300.498602,500.954990,163.924170,313.079796,499.370971,165.324910,315.067489,499.198667,165.401508,317.359747,499.077101,165.370127,293.129197,498.854282,67.734556,322.066441,494.633869,73.131897,307.250178,488.343454,165.357587,313.425489,487.498262,166.783858,270.372754,460.669291,-31.833866,344.305174,461.930899,31.729999,216.194145,484.548281,-138.383610,399.106313,478.212898,-53.726643,266.828103,509.248492,-250.556526,358.464810,503.665102,-168.611421,275.176201,520.508901,-280.512600,348.166372,511.949117,-189.111385,279.583953,515.592150,-278.638847,343.589539,508.149140,-190.292718,278.359172,510.194869,-252.796773,344.188012,503.183870,-171.383648,301.115054,339.373900,-45.919178,337.188548,342.404419,45.696069,305.939012,256.167089,-34.356377,326.389177,260.673748,121.409164,317.894950,168.524238,-78.009025,335.856402,186.268032,122.889096,326.380364,153.875206,-82.908799,340.975692,173.300386,121.952663,286.874655,149.551447,-104.993377,319.141946,172.574439,111.618159,
0.000000,0.000000,0.000000,0.000000,0.000000,0.000000,0.000000,0.000000,0.000000,0.000000,0.000000,0.000000,0.000000,0.000000,0.000000,0.000000,0.000000,0.000000,0.000000,0.000000,0.000000,0.000000,0.000000,0.000000,0.000000,0.000000,0.000000,0.000000,0.000000,0.000000,0.000000,0.000000,0.000000,0.000000,0.000000,0.000000,0.000000,0.000000,0.000000,0.000000,0.000000,0.000000,0.000000,0.000000,0.000000,0.000000,0.000000,0.000000,0.000000,0.000000,0.000000,0.000000,310.832875,494.130713,193.581737,306.677276,500.072188,163.756150,303.742871,500.492713,163.766247,300.617923,500.981702,163.789112,313.218877,499.401301,165.204014,315.205309,499.234261,165.280476,317.495463,499.117931,165.248918,293.277320,498.880047,67.618034,322.217688,494.674731,73.046645,307.351093,488.362930,165.223607,313.538926,487.530704,166.662741,270.543106,460.681890,-31.690376,344.430857,461.976488,31.799436,216.379801,484.527117,-137.232430,399.260453,478.319493,-52.709703,266.997958,509.245068,-249.225200,358.546683,503.689943,-166.843535,275.375238,520.503952,-279.089282,348.221870,511.969197,-187.102565,279.746565,515.590423,-277.332609,343.663033,508.169965,-188.397555,278.498653,510.194809,-251.506739,344.275225,503.211342,-169.639502,301.219657,339.375602,-45.816242,337.316333,342.409030,45.594674,306.167886,256.168081,-35.147162,326.452952,260.628946,120.762755,317.910813,168.434999,-78.483322,335.817582,186.189197,121.010495,326.388543,153.430320,-83.370123,340.971298,173.128088,119.997971,286.844961,149.499433,-105.605541,319.042971,172.504282,109.299125,
0.000000,0.000000,0.000000,0.000000,0.000000,0.000000,0.000000,0.000000,0.000000,0.000000,0.000000,0.000000,0.000000,0.000000,0.000000,0.000000,0.000000,0.000000,0.000000,0.000000,0.000000,0.000000,0.000000,0.000000,0.000000,0.000000,0.000000,0.000000,0.000000,0.000000,0.000000,0.000000,0.000000,0.000000,0.000000,0.000000,0.000000,0.000000,0.000000,0.000000,0.000000,0.000000,0.000000,0.000000,0.000000,0.000000,0.000000,0.000000,0.000000,0.000000,0.000000,0.000000,310.955898,494.150083,193.439310,306.810257,500.096118,163.620844,303.869579,500.517659,163.630779,300.737244,501.008413,163.654053,313.357959,499.431631,165.083119,315.343130,499.269855,165.159444,317.631180,499.158762,165.127708,293.425444,498.905811,67.501511,322.368935,494.715592,72.961393,307.452008,488.382406,165.089628,313.652362,487.563147,166.541623,270.713459,460.694489,-31.546885,344.556541,462.022078,31.868873,216.565458,484.505953,-136.081250,399.414593,478.426089,-51.692763,267.167813,509.241644,-247.893874,358.628556,503.714784,-165.075648,275.574274,520.499004,-277.665964,348.277367,511.989277,-185.093744,279.909176,515.588696,-276.026371,343.736528,508.190789,-186.502391,278.638134,510.194750,-250.216705,344.362438,503.238814,-167.895357,301.324261,339.377303,-45.713306,337.444118,342.413641,45.493280,306.396760,256.169074,-35.937948,326.516727,260.584145,120.116346,317.926677,168.345760,-78.957618,335.778761,186.110362,119.131894,326.396722,152.985435,-83.831447,340.966905,172.955790,118.043279,286.815268,149.447420,-106.217705,318.943996,172.434126,106.980091,
0.000000,0.000000,0.000000,0.000000,0.000000,0.000000,0.000000,0.000000,0.000000,0.000000,0.000000,0.000000,0.000000,0.000000,0.000000,0.000000,0.000000,0.000000,0.000000,0.000000,0.000000,0.000000,0.000000,0.000000,0.000000,0.000000,0.000000,0.000000,0.000000,0.000000,0.000000,0.000000,0.000000,0.000000,0.000000,0.000000,0.000000,0.000000,0.000000,0.000000,0.000000,0.000000,0.000000,0.000000,0.000000,0.000000,0.000000,0.000000,0.000000,0.000000,0.000000,0.000000,311.115015,494.169031,193.950081,307.011462,500.115883,164.197658,304.086883,500.533721,164.207430,300.964681,501.021497,164.230420,313.530935,499.466098,165.565373,315.512031,499.310886,165.641577,317.798606,499.206166,165.609770,293.635435,498.918599,68.363247,322.540722,494.780488,73.334350,307.615274,488.396587,165.698209,313.785819,487.591281,167.017137,270.805704,460.747948,-30.693794,344.643167,462.094037,32.061269,216.751165,484.519768,-135.140676,399.525472,478.513942,-50.964420,267.328723,509.237349,-246.843696,358.733156,503.749676,-163.621067,275.786995,520.473904,-276.588256,348.376815,512.029991,-183.598933,280.082193,515.589059,-274.968610,343.861490,508.213538,-185.012373,278.793591,510.191736,-249.163590,344.498815,503.260043,-166.391817,301.418410,339.377801,-45.574226,337.579043,342.406160,45.352951,306.563212,256.087767,-36.462750,326.620118,260.506598,119.450215,317.933362,168.175588,-79.407257,335.801344,186.103037,118.485391,326.413920,152.700872,-84.302773,340.992945,172.904573,117.462957,287.076072,149.629165,-106.362984,319.682365,172.163028,106.572758,
0.000000,0.000000,0.000000,0.000000,0.000000,0.000000,0.000000,0.000000,0.000000,0.000000,0.000000,0.000000,0.000000,0.000000,0.000000,0.000000,0.000000,0.000000,0.000000,0.000000,0.000000,0.000000,0.000000,0.000000,0.000000,0.000000,0.000000,0.000000,0.000000,0.000000,0.000000,0.000000,0.000000,0.000000,0.000000,0.000000,0.000000,0.000000,0.000000,0.000000,0.000000,0.000000,0.000000,0.000000,0.000000,0.000000,0.000000,0.000000,0.000000,0.000000,0.000000,0.000000,311.274131,494.187980,194.460852,307.212667,500.135649,164.774471,304.304187,500.549783,164.784080,301.192119,501.034581,164.806787,313.703911,499.500565,166.047628,315.680931,499.351916,166.123710,317.966033,499.253571,166.091832,293.845426,498.931386,69.224983,322.712509,494.845385,73.707308,307.778541,488.410768,166.306790,313.919277,487.619416,167.492651,270.897950,460.801407,-29.840702,344.729793,462.165996,32.253664,216.936872,484.533583,-134.200102,399.636351,478.601795,-50.236077,267.489633,509.233054,-245.793518,358.837757,503.784568,-162.166486,275.999716,520.448804,-275.510549,348.476264,512.070705,-182.104123,280.255209,515.589423,-273.910850,343.986453,508.236286,-183.522354,278.949048,510.188722,-248.110474,344.635193,503.281272,-164.888277,301.512560,339.378299,-45.435146,337.713969,342.398678,45.212623,306.729665,256.006460,-36.987551,326.723509,260.429050,118.784085,317.940047,168.005417,-79.856897,335.823927,186.095712,117.838887,326.431118,152.416309,-84.774099,341.018985,172.853356,116.882634,287.336877,149.810910,-106.508263,320.420734,171.891929,106.165424,
0.000000,0.000000,0.000000,0.000000,0.000000,0.000000,0.000000,0.000000,0.000000,0.000000,0.000000,0.000000,0.000000,0.000000,0.000000,0.000000,0.000000,0.000000,0.000000,0.000000,0.000000,0.000000,0.000000,0.000000,0.000000,0.000000,0.000000,0.000000,0.000000,0.000000,0.000000,0.000000,0.000000,0.000000,0.000000,0.000000,0.000000,0.000000,0.000000,0.000000,0.000000,0.000000,0.000000,0.000000,0.000000,0.000000,0.000000,0.000000,0.000000,0.000000,0.000000,0.000000,311.433247,494.206929,194.971623,307.413872,500.155415,165.351285,304.521491,500.565846,165.360730,301.419557,501.047665,165.383154,313.876887,499.535033,166.529882,315.849832,499.392947,166.605843,318.133460,499.300976,166.573894,294.055418,498.944174,70.086719,322.884296,494.910282,74.080266,307.941807,488.424948,166.915371,314.052734,487.647550,167.968165,270.990196,460.854867,-28.987610,344.816419,462.237955,32.446060,217.122578,484.547398,-133.259527,399.747230,478.689647,-49.507734,267.650543,509.228760,-244.743341,358.942357,503.819459,-160.711905,276.212437,520.423704,-274.432842,348.575712,512.111419,-180.609312,280.428225,515.589787,-272.853090,344.111415,508.259035,-182.032336,279.104505,510.185709,-247.057359,344.771571,503.302501,-163.384737,301.606710,339.378797,-45.296065,337.848895,342.391197,45.072295,306.896117,255.925152,-37.512353,326.826900,260.351503,118.117955,317.946732,167.835245,-80.306536,335.846510,186.088388,117.192384,326.448316,152.131746,-85.245425,341.045025,172.802139,116.302312,287.597681,149.992655,-106.653542,321.159103,171.620830,105.758090,
0.000000,0.000000,0.000000,0.000000,0.000000,0.000000,0.000000,0.000000,0.000000,0.000000,0.000000,0.000000,0.000000,0.000000,0.000000,0.000000,0.000000,0.000000,0.000000,0.000000,0.000000,0.000000,0.000000,0.000000,0.000000,0.000000,0.000000,0.000000,0.000000,0.000000,0.000000,0.000000,0.000000,0.000000,0.000000,0.000000,0.000000,0.000000,0.000000,0.000000,0.000000,0.000000,0.000000,0.000000,0.000000,0.000000,0.000000,0.000000,0.000000,0.000000,0.000000,0.000000,311.592363,494.225878,195.482394,307.615077,500.175180,165.928098,304.738794,500.581908,165.937380,301.646995,501.060749,165.959521,314.049863,499.569500,167.012136,316.018732,499.433977,167.087975,318.300887,499.348381,167.055956,294.265409,498.956962,70.948455,323.056083,494.975178,74.453224,308.105073,488.439129,167.523952,314.186191,487.675684,168.443679,271.082441,460.908326,-28.134518,344.903045,462.309914,32.638456,217.308285,484.561214,-132.318953,399.858109,478.777500,-48.779391,267.811453,509.224465,-243.693163,359.046957,503.854351,-159.257324,276.425158,520.398603,-273.355134,348.675160,512.152133,-179.114502,280.601241,515.590150,-271.795330,344.236377,508.281784,-180.542317,279.259963,510.182695,-246.004243,344.907949,503.323730,-161.881197,301.700860,339.379295,-45.156985,337.983820,342.383716,44.931967,307.062570,255.843845,-38.037155,326.930291,260.273956,117.451824,317.953417,167.665073,-80.756176,335.869093,186.081063,116.545881,326.465514,151.847184,-85.716750,341.071066,172.750922,115.721989,287.858486,150.174400,-106.798821,321.897472,171.349732,105.350757,
0.000000,0.000000,0.000000,0.000000,0.000000,0.000000,0.000000,0.000000,0.000000,0.000000,0.000000,0.000000,0.000000,0.000000,0.000000,0.000000,0.000000,0.000000,0.000000,0.000000,0.000000,0.000000,0.000000,0.000000,0.000000,0.000000,0.000000,0.000000,0.000000,0.000000,0.000000,0.000000,0.000000,0.000000,0.000000,0.000000,0.000000,0.000000,0.000000,0.000000,0.000000,0.000000,0.000000,0.000000,0.000000,0.000000,0.000000,0.000000,0.000000,0.000000,0.000000,0.000000,311.693713,494.252232,196.094037,307.743001,500.202120,166.612114,304.875836,500.605217,166.621265,301.790145,501.080625,166.643157,314.166970,499.610123,167.640202,316.135739,499.481256,167.715884,318.418193,499.402626,167.683794,294.401348,498.972802,71.834056,323.168187,495.052120,75.077917,308.199229,488.459850,168.194041,314.273261,487.714295,169.036501,271.165751,460.945805,-27.163777,344.949141,462.399159,33.067368,217.477524,484.554948,-131.562048,399.931140,478.894139,-48.138418,267.915220,509.204607,-242.938184,359.119642,503.905269,-158.521168,276.569671,520.362396,-272.569096,348.745886,512.206776,-178.351888,280.717483,515.574973,-270.992326,344.337380,508.326313,-179.766520,279.368550,510.164243,-245.241664,345.016423,503.371995,-161.118240,301.843323,339.394274,-44.897006,338.146491,342.401608,44.670854,307.189087,255.816852,-37.942662,327.048965,260.241779,116.568185,317.990463,167.652919,-80.892688,335.890832,186.090335,114.230929,326.497483,151.870566,-85.932883,341.084786,172.739695,113.291719,288.096993,150.368965,-106.864215,322.408232,171.232611,102.750735,
0.000000,0.000000,0.000000,0.000000,0.000000,0.000000,0.000000,0.000000,0.000000,0.000000,0.000000,0.000000,0.000000,0.000000,0.000000,0.000000,0.000000,0.000000,0.000000,0.000000,0.000000,0.000000,0.000000,0.000000,0.000000,0.000000,0.000000,0.000000,0.000000,0.000000,0.000000,0.000000,0.000000,0.000000,0.000000,0.000000,0.000000,0.000000,0.000000,0.000000,0.000000,0.000000,0.000000,0.000000,0.000000,0.000000,0.000000,0.000000,0.000000,0.000000,0.000000,0.000000,311.795063,494.278585,196.705679,307.870926,500.229059,167.296130,305.012878,500.628526,167.305150,301.933296,501.100501,167.326792,314.284077,499.650745,168.268267,316.252746,499.528534,168.343793,318.535499,499.456871,168.311631,294.537287,498.988643,72.719657,323.280291,495.129062,75.702611,308.293386,488.480571,168.864129,314.360332,487.752905,169.629322,271.249060,460.983284,-26.193035,344.995238,462.488403,33.496280,217.646762,484.548683,-130.805143,400.004171,479.010779,-47.497446,268.018986,509.184750,-242.183205,359.192326,503.956188,-157.785011,276.714185,520.326189,-271.783058,348.816611,512.261419,-177.589273,280.833724,515.559796,-270.189322,344.438382,508.370842,-178.990722,279.477138,510.145790,-244.479085,345.124897,503.420259,-160.355284,301.985786,339.409253,-44.637026,338.309161,342.419499,44.409742,307.315605,255.789860,-37.848170,327.167639,260.209603,115.684546,318.027509,167.640765,-81.029199,335.912571,186.099607,111.915977,326.529451,151.893949,-86.149016,341.098507,172.728469,110.861449,288.335500,150.563529,-106.929609,322.918992,171.115490,100.150714,
0.000000,0.000000,0.000000,0.000000,0.000000,0.000000,0.000000,0.000000,0.000000,0.000000,0.000000,0.000000,0.000000,0.000000,0.000000,0.000000,0.000000,0.000000,0.000000,0.000000,0.000000,0.000000,0.000000,0.000000,0.000000,0.000000,0.000000,0.000000,0.000000,0.000000,0.000000,0.000000,0.000000,0.000000,0.000000,0.000000,0.000000,0.000000,0.000000,0.000000,0.000000,0.000000,0.000000,0.000000,0.000000,0.000000,0.000000,0.000000,0.000000,0.000000,0.000000,0.000000,311.896414,494.304939,197.317322,307.998850,500.255999,167.980145,305.149919,500.651835,167.989035,302.076446,501.120377,168.010427,314.401184,499.691367,168.896333,316.369753,499.575812,168.971702,318.652806,499.511116,168.939469,294.673226,499.004484,73.605258,323.392395,495.206005,76.327304,308.387542,488.501292,169.534218,314.447402,487.791516,170.222144,271.332370,461.020763,-25.222293,345.041334,462.577648,33.925192,217.816000,484.542418,-130.048238,400.077202,479.127418,-46.856473,268.122753,509.164893,-241.428227,359.265011,504.007106,-157.048854,276.858699,520.289982,-270.997020,348.887337,512.316062,-176.826659,280.949965,515.544619,-269.386317,344.539385,508.415371,-178.214925,279.585726,510.127338,-243.716505,345.233372,503.468524,-159.592328,302.128248,339.424232,-44.377047,338.471832,342.437391,44.148629,307.442122,255.762867,-37.753677,327.286312,260.177426,114.800907,318.064555,167.628611,-81.165711,335.934311,186.108879,109.601024,326.561420,151.917332,-86.365149,341.112228,172.717243,108.431179,288.574007,150.758094,-106.995003,323.429752,170.998369,97.550693,
0.000000,0.000000,0.000000,0.000000,0.000000,0.000000,0.000000,0.000000,0.000000,0.000000,0.000000,0.000000,0.000000,0.000000,0.000000,0.000000,0.000000,0.000000,0.000000,0.000000,0.000000,0.000000,0.000000,0.000000,0.000000,0.000000,0.000000,0.000000,0.000000,0.000000,0.000000,0.000000,0.000000,0.000000,0.000000,0.000000,0.000000,0.000000,0.000000,0.000000,0.000000,0.000000,0.000000,0.000000,0.000000,0.000000,0.000000,0.000000,0.000000,0.000000,0.000000,0.000000,311.997764,494.331293,197.928964,308.126775,500.282938,168.664161,305.286961,500.675144,168.672920,302.219596,501.140253,168.694063,314.518290,499.731989,169.524398,316.486760,499.623091,169.599611,318.770112,499.565361,169.567307,294.809165,499.020325,74.490859,323.504499,495.282947,76.951998,308.481698,488.522013,170.204306,314.534472,487.830127,170.814966,271.415680,461.058243,-24.251551,345.087431,462.666893,34.354104,217.985238,484.536153,-129.291333,400.150232,479.244057,-46.215500,268.226520,509.145035,-240.673248,359.337696,504.058024,-156.312698,277.003212,520.253775,-270.210982,348.958062,512.370704,-176.064045,281.066207,515.529442,-268.583313,344.640387,508.459900,-177.439127,279.694314,510.108886,-242.953926,345.341846,503.516788,-158.829371,302.270711,339.439211,-44.117068,338.634503,342.455283,43.887516,307.568640,255.735874,-37.659184,327.404986,260.145250,113.917267,318.101601,167.616458,-81.302223,335.956050,186.118151,107.286072,326.593389,151.940715,-86.581282,341.125949,172.706016,106.000909,288.812514,150.952658,-107.060397,323.940513,170.881248,94.950671,
0.000000,0.000000,0.000000,0.000000,0.000000,0.000000,0.000000,0.000000,0.000000,0.000000,0.000000,0.000000,0.000000,0.000000,0.000000,0.000000,0.000000,0.000000,0.000000,0.000000,0.000000,0.000000,0.000000,0.000000,0.000000,0.000000,0.000000,0.000000,0.000000,0.000000,0.000000,0.000000,0.000000,0.000000,0.000000,0.000000,0.000000,0.000000,0.000000,0.000000,0.000000,0.000000,0.000000,0.000000,0.000000,0.000000,0.000000,0.000000,0.000000,0.000000,0.000000,0.000000,312.038105,494.369558,198.439926,308.175876,500.322132,169.243012,305.338494,500.711101,169.251688,302.273139,501.172762,169.272712,314.570305,499.783784,170.107076,316.541433,499.681669,170.181987,318.827087,499.631699,170.149638,294.864235,499.043858,75.135776,323.554384,495.372946,77.673960,308.512398,488.554478,170.717515,314.573086,487.885671,171.334868,271.494142,461.079946,-23.397603,345.100195,462.771378,34.924898,218.135742,484.505632,-128.754439,400.177641,479.393470,-45.465539,268.287221,509.107725,-240.088569,359.374901,504.129565,-155.337889,277.080595,520.200700,-269.518424,348.996082,512.442238,-174.941156,281.130958,515.497613,-267.827001,344.707005,508.532023,-176.293858,279.757719,510.075479,-242.346005,345.413009,503.598391,-157.835051,302.458231,339.468059,-43.745208,338.817814,342.499558,43.514589,307.644195,255.755546,-37.049635,327.536268,260.163196,113.059719,318.168214,167.736868,-81.424067,335.968098,186.142757,103.860958,326.641779,152.224702,-86.840047,341.119697,172.744863,102.319331,289.014095,151.124067,-107.446576,324.261868,170.887828,90.822223,
0.000000,0.000000,0.000000,0.000000,0.000000,0.000000,0.000000,0.000000,0.000000,0.000000,0.000000,0.000000,0.000000,0.000000,0.000000,0.000000,0.000000,0.000000,0.000000,0.000000,0.000000,0.000000,0.000000,0.000000,0.000000,0.000000,0.000000,0.000000,0.000000,0.000000,0.000000,0.000000,0.000000,0.000000,0.000000,0.000000,0.000000,0.000000,0.000000,0.000000,0.000000,0.000000,0.000000,0.000000,0.000000,0.000000,0.000000,0.000000,0.000000,0.000000,0.000000,0.000000,312.078446,494.407823,198.950888,308.224977,500.361326,169.821864,305.390027,500.747058,169.830456,302.326683,501.205270,169.851361,314.622320,499.835579,170.689753,316.596105,499.740248,170.764363,318.884061,499.698036,170.731969,294.919304,499.067391,75.780692,323.604269,495.462946,78.395922,308.543098,488.586943,171.230723,314.611699,487.941216,171.854771,271.572604,461.101649,-22.543656,345.112959,462.875863,35.495691,218.286246,484.475111,-128.217544,400.205049,479.542884,-44.715579,268.347922,509.070415,-239.503890,359.412106,504.201106,-154.363080,277.157977,520.147625,-268.825866,349.034102,512.513772,-173.818268,281.195710,515.465784,-267.070688,344.773622,508.604147,-175.148590,279.821124,510.042073,-241.738085,345.484173,503.679994,-156.840730,302.645751,339.496908,-43.373348,339.001125,342.543834,43.141662,307.719749,255.775217,-36.440085,327.667551,260.181141,112.202170,318.234826,167.857278,-81.545912,335.980145,186.167362,100.435844,326.690168,152.508690,-87.098813,341.113446,172.783710,98.637752,289.215675,151.295476,-107.832756,324.583223,170.894407,86.693776,
0.000000,0.000000,0.000000,0.000000,0.000000,0.000000,0.000000,0.000000,0.000000,0.000000,0.000000,0.000000,0.000000,0.000000,0.000000,0.000000,0.000000,0.000000,0.000000,0.000000,0.000000,0.000000,0.000000,0.000000,0.000000,0.000000,0.000000,0.000000,0.000000,0.000000,0.000000,0.000000,0.000000,0.000000,0.000000,0.000000,0.000000,0.000000,0.000000,0.000000,0.000000,0.000000,0.000000,0.000000,0.000000,0.000000,0.000000,0.000000,0.000000,0.000000,0.000000,0.000000,312.118787,494.446087,199.461850,308.274078,500.400521,170.400715,305.441560,500.783015,170.409225,302.380226,501.237779,170.430009,314.674335,499.887374,171.272431,316.650778,499.798827,171.346739,318.941036,499.764373,171.314300,294.974374,499.090924,76.425608,323.654154,495.552946,79.117884,308.573797,488.619408,171.743932,314.650313,487.996761,172.374673,271.651066,461.123352,-21.689708,345.125723,462.980348,36.066484,218.436750,484.444590,-127.680650,400.232457,479.692297,-43.965618,268.408623,509.033105,-238.919211,359.449312,504.272646,-153.388270,277.235360,520.094550,-268.133309,349.072122,512.585305,-172.695379,281.260462,515.433955,-266.314376,344.840239,508.676270,-174.003321,279.884530,510.008666,-241.130165,345.555337,503.761596,-155.846409,302.833271,339.525756,-43.001488,339.184435,342.588109,42.768734,307.795304,255.794889,-35.830535,327.798833,260.199087,111.344621,318.301439,167.977688,-81.667756,335.992192,186.191967,97.010729,326.738558,152.792678,-87.357578,341.107194,172.822556,94.956174,289.417255,151.466885,-108.218935,324.904578,170.900987,82.565328,
0.000000,0.000000,0.000000,0.000000,0.000000,0.000000,0.000000,0.000000,0.000000,0.000000,0.000000,0.000000,0.000000,0.000000,0.000000,0.000000,0.000000,0.000000,0.000000,0.000000,0.000000,0.000000,0.000000,0.000000,0.000000,0.000000,0.000000,0.000000,0.000000,0.000000,0.000000,0.000000,0.000000,0.000000,0.000000,0.000000,0.000000,0.000000,0.000000,0.000000,0.000000,0.000000,0.000000,0.000000,0.000000,0.000000,0.000000,0.000000,0.000000,0.000000,0.000000,0.000000,312.159128,494.484352,199.972812,308.323180,500.439715,170.979566,305.493094,500.818972,170.987993,302.433769,501.270287,171.008658,314.726350,499.939169,171.855108,316.705451,499.857406,171.929116,318.998011,499.830711,171.896631,295.029443,499.114457,77.070525,323.704039,495.642946,79.839845,308.604497,488.651873,172.257140,314.688926,488.052305,172.894576,271.729528,461.145056,-20.835760,345.138488,463.084832,36.637278,218.587254,484.414070,-127.143755,400.259866,479.841711,-43.215658,268.469324,508.995795,-238.334532,359.486517,504.344187,-152.413461,277.312742,520.041475,-267.440751,349.110142,512.656839,-171.572491,281.325214,515.402125,-265.558064,344.906856,508.748394,-172.858052,279.947935,509.975259,-240.522245,345.626500,503.843199,-154.852088,303.020791,339.554604,-42.629628,339.367746,342.632384,42.395807,307.870858,255.814560,-35.220985,327.930116,260.217032,110.487072,318.368052,168.098098,-81.789600,336.004240,186.216572,93.585615,326.786948,153.076665,-87.616344,341.100942,172.861403,91.274596,289.618835,151.638294,-108.605115,325.225932,170.907566,78.436880,
0.000000,0.000000,0.000000,0.000000,0.000000,0.000000,0.000000,0.000000,0.000000,0.000000,0.000000,0.000000,0.000000,0.000000,0.000000,0.000000,0.000000,0.000000,0.000000,0.000000,0.000000,0.000000,0.000000,0.000000,0.000000,0.000000,0.000000,0.000000,0.000000,0.000000,0.000000,0.000000,0.000000,0.000000,0.000000,0.000000,0.000000,0.000000,0.000000,0.000000,0.000000,0.000000,0.000000,0.000000,0.000000,0.000000,0.000000,0.000000,0.000000,0.000000,0.000000,0.000000,312.141311,494.538315,200.174219,308.296264,500.495024,171.235561,305.462433,500.871705,171.244077,302.401500,501.319736,171.264903,314.714596,500.005463,172.182633,316.698568,499.930016,172.256138,318.995531,499.911508,172.223622,295.007001,499.147839,77.259549,323.694880,495.743755,80.476529,308.576398,488.700221,172.408413,314.681638,488.129171,173.144547,271.806250,461.152209,-20.299555,345.121341,463.192710,37.254189,218.698285,484.361180,-126.774153,400.246008,480.020157,-42.215785,268.486910,508.946216,-237.771584,359.490056,504.435536,-150.573104,277.318054,519.971826,-266.644444,349.115095,512.744368,-169.379928,281.340006,515.357236,-264.664840,344.933717,508.848708,-170.634020,279.964415,509.932724,-239.923090,345.654129,503.957363,-152.988145,303.245684,339.594764,-42.210445,339.559049,342.702090,41.975752,307.903785,255.882061,-34.108617,328.061122,260.280543,109.675572,318.466833,168.367841,-81.778262,336.003514,186.254637,89.523783,326.861727,153.631848,-87.752692,341.072512,172.935556,86.872814,289.776331,151.753787,-109.129999,325.355735,171.021872,73.360026,
0.000000,0.000000,0.000000,0.000000,0.000000,0.000000,0.000000,0.000000,0.000000,0.000000,0.000000,0.000000,0.000000,0.000000,0.000000,0.000000,0.000000,0.000000,0.000000,0.000000,0.000000,0.000000,0.000000,0.000000,0.000000,0.000000,0.000000,0.000000,0.000000,0.000000,0.000000,0.000000,0.000000,0.000000,0.000000,0.000000,0.000000,0.000000,0.000000,0.000000,0.000000,0.000000,0.000000,0.000000,0.000000,0.000000,0.000000,0.000000,0.000000,0.000000,0.000000,0.000000,312.123494,494.592277,200.375626,308.269349,500.550333,171.491555,305.431772,500.924439,171.500161,302.369231,501.369184,171.521147,314.702842,500.071758,172.510159,316.691685,500.002627,172.583161,318.993052,499.992305,172.550614,294.984560,499.181221,77.448573,323.685721,495.844565,81.113212,308.548300,488.748569,172.559686,314.674349,488.206037,173.394518,271.882972,461.159361,-19.763349,345.104195,463.300588,37.871100,218.809315,484.308290,-126.404550,400.232150,480.198604,-41.215912,268.504496,508.896637,-237.208635,359.493595,504.526885,-148.732746,277.323365,519.902178,-265.848137,349.120048,512.831896,-167.187365,281.354799,515.312347,-263.771617,344.960579,508.949022,-168.409987,279.980896,509.890189,-239.323934,345.681758,504.071526,-151.124202,303.470577,339.634924,-41.791262,339.750352,342.771796,41.555697,307.936713,255.949561,-32.996249,328.192128,260.344053,108.864072,318.565615,168.637584,-81.766923,336.002789,186.292702,85.461950,326.936506,154.187030,-87.889040,341.044081,173.009709,82.471032,289.933828,151.869280,-109.654884,325.485537,171.136178,68.283172,
0.000000,0.000000,0.000000,0.000000,0.000000,0.000000,0.000000,0.000000,0.000000,0.000000,0.000000,0.000000,0.000000,0.000000,0.000000,0.000000,0.000000,0.000000,0.000000,0.000000,0.000000,0.000000,0.000000,0.000000,0.000000,0.000000,0.000000,0.000000,0.000000,0.000000,0.000000,0.000000,0.000000,0.000000,0.000000,0.000000,0.000000,0.000000,0.000000,0.000000,0.000000,0.000000,0.000000,0.000000,0.000000,0.000000,0.000000,0.000000,0.000000,0.000000,0.000000,0.000000,312.105677,494.646240,200.577033,308.242433,500.605642,171.747550,305.401111,500.977172,171.756245,302.336962,501.418632,171.777391,314.691087,500.138053,172.837684,316.684802,500.075238,172.910183,318.990572,500.073103,172.877605,294.962118,499.214604,77.637596,323.676562,495.945375,81.749895,308.520202,488.796918,172.710959,314.667060,488.282903,173.644490,271.959694,461.166514,-19.227144,345.087049,463.408466,38.488011,218.920346,484.255400,-126.034948,400.218292,480.377050,-40.216039,268.522081,508.847058,-236.645687,359.497134,504.618234,-146.892388,277.328677,519.832529,-265.051830,349.125001,512.919424,-164.994802,281.369591,515.267457,-262.878393,344.987440,509.049336,-166.185954,279.997376,509.847654,-238.724779,345.709386,504.185690,-149.260258,303.695471,339.675084,-41.372079,339.941655,342.841502,41.135642,307.969640,256.017062,-31.883882,328.323135,260.407563,108.052572,318.664396,168.907327,-81.755584,336.002063,186.330766,81.400118,327.011285,154.742212,-88.025388,341.015650,173.083862,78.069250,290.091324,151.984773,-110.179769,325.615339,171.250483,63.206318,
0.000000,0.000000,0.000000,0.000000,0.000000,0.000000,0.000000,0.000000,0.000000,0.000000,0.000000,0.000000,0.000000,0.000000,0.000000,0.000000,0.000000,0.000000,0.000000,0.000000,0.000000,0.000000,0.000000,0.000000,0.000000,0.000000,0.000000,0.000000,0.000000,0.000000,0.000000,0.000000,0.000000,0.000000,0.000000,0.000000,0.000000,0.000000,0.000000,0.000000,0.000000,0.000000,0.000000,0.000000,0.000000,0.000000,0.000000,0.000000,0.000000,0.000000,0.000000,0.000000,312.087861,494.700202,200.778440,308.215518,500.660951,172.003545,305.370451,501.029905,172.012328,302.304693,501.468080,172.033636,314.679333,500.204347,173.165209,316.677920,500.147848,173.237205,318.988092,500.153900,173.204596,294.939676,499.247986,77.826620,323.667404,496.046185,82.386578,308.492103,488.845266,172.862232,314.659772,488.359768,173.894461,272.036416,461.173667,-18.690939,345.069902,463.516343,39.104922,219.031377,484.202510,-125.665345,400.204434,480.555497,-39.216167,268.539667,508.797480,-236.082739,359.500673,504.709583,-145.052030,277.333988,519.762881,-264.255523,349.129954,513.006952,-162.802240,281.384383,515.222568,-261.985170,345.014301,509.149650,-163.961921,280.013856,509.805119,-238.125623,345.737015,504.299853,-147.396315,303.920364,339.715244,-40.952896,340.132958,342.911208,40.715587,308.002567,256.084562,-30.771514,328.454141,260.471073,107.241072,318.763178,169.177070,-81.744245,336.001337,186.368831,77.338285,327.086064,155.297395,-88.161736,340.987220,173.158015,73.667468,290.248821,152.100266,-110.704654,325.745141,171.364789,58.129464,
0.000000,0.000000,0.000000,0.000000,0.000000,0.000000,0.000000,0.000000,0.000000,0.000000,0.000000,0.000000,0.000000,0.000000,0.000000,0.000000,0.000000,0.000000,0.000000,0.000000,0.000000,0.000000,0.000000,0.000000,0.000000,0.000000,0.000000,0.000000,0.000000,0.000000,0.000000,0.000000,0.000000,0.000000,0.000000,0.000000,0.000000,0.000000,0.000000,0.000000,0.000000,0.000000,0.000000,0.000000,0.000000,0.000000,0.000000,0.000000,0.000000,0.000000,0.000000,0.000000,312.121378,494.696287,202.411320,308.249923,500.663670,173.644928,305.402203,501.032470,173.655132,302.332879,501.471334,173.677436,314.702304,500.207421,174.816915,316.695248,500.151013,174.888647,319.000005,500.158226,174.855700,294.948788,499.251850,79.383476,323.668710,496.067479,83.940915,308.518577,488.847940,174.457523,314.673197,488.364921,175.513074,272.070226,461.183545,-17.720896,345.075753,463.645866,40.786444,219.068117,484.115621,-124.610858,400.191642,480.869929,-38.174974,268.558782,508.709123,-235.771947,359.425353,504.763839,-144.816228,277.382732,519.638552,-264.068747,349.050045,513.029874,-162.672593,281.402125,515.121403,-261.783008,344.960294,509.174913,-163.836556,280.034868,509.716114,-237.815039,345.715244,504.348259,-147.167606,304.083351,339.756624,-41.140824,340.265980,342.972521,40.905688,308.148627,256.168889,-31.141385,328.534494,260.467380,106.485218,318.796616,169.175004,-81.955602,335.974859,186.314562,77.653626,327.154612,155.497089,-88.322929,340.958159,173.132646,74.096248,290.139234,152.059364,-110.733949,325.251219,171.283857,58.588988,
0.000000,0.000000,0.000000,0.000000,0.000000,0.000000,0.000000,0.000000,0.000000,0.000000,0.000000,0.000000,0.000000,0.000000,0.000000,0.000000,0.000000,0.000000,0.000000,0.000000,0.000000,0.000000,0.000000,0.000000,0.000000,0.000000,0.000000,0.000000,0.000000,0.000000,0.000000,0.000000,0.000000,0.000000,0.000000,0.000000,0.000000,0.000000,0.000000,0.000000,0.000000,0.000000,0.000000,0.000000,0.000000,0.000000,0.000000,0.000000,0.000000,0.000000,0.000000,0.000000,312.154896,494.692372,204.044199,308.284328,500.666389,175.286311,305.433956,501.035034,175.297937,302.361066,501.474587,175.321236,314.725275,500.210495,176.468620,316.712577,500.154178,176.540088,319.011917,500.162552,176.506803,294.957899,499.255714,80.940331,323.670016,496.088773,85.495252,308.545051,488.850615,176.052813,314.686623,488.370073,177.131687,272.104036,461.193424,-16.750853,345.081604,463.775389,42.467967,219.104858,484.028732,-123.556371,400.178849,481.184361,-37.133781,268.577898,508.620767,-235.461155,359.350034,504.818095,-144.580426,277.431476,519.514223,-263.881972,348.970136,513.052795,-162.542946,281.419867,515.020239,-261.580847,344.906287,509.200176,-163.711190,280.055879,509.627109,-237.504455,345.693473,504.396665,-146.938896,304.246338,339.798004,-41.328752,340.399003,343.033834,41.095788,308.294687,256.253216,-31.511257,328.614847,260.463686,105.729365,318.830053,169.172938,-82.166959,335.948381,186.260293,77.968966,327.223160,155.696783,-88.484121,340.929097,173.107276,74.525029,290.029647,152.018463,-110.763245,324.757297,171.202925,59.048511,
0.000000,0.000000,0.000000,0.000000,0.000000,0.000000,0.000000,0.000000,0.000000,0.000000,0.000000,0.000000,0.000000,0.000000,0.000000,0.000000,0.000000,0.000000,0.000000,0.000000,0.000000,0.000000,0.000000,0.000000,0.000000,0.000000,0.000000,0.000000,0.000000,0.000000,0.000000,0.000000,0.000000,0.000000,0.000000,0.000000,0.000000,0.000000,0.000000,0.000000,0.000000,0.000000,0.000000,0.000000,0.000000,0.000000,0.000000,0.000000,0.000000,0.000000,0.000000,0.000000,312.188414,494.688457,205.677078,308.318733,500.669107,176.927695,305.465709,501.037599,176.940741,302.389252,501.477840,176.965036,314.748246,500.213569,178.120326,316.729906,500.157342,178.191530,319.023829,500.166878,178.157907,294.967011,499.259577,82.497187,323.671322,496.110067,87.049589,308.571525,488.853289,177.648104,314.700049,488.375225,178.750300,272.137846,461.203302,-15.780810,345.087455,463.904912,44.149490,219.141599,483.941843,-122.501884,400.166057,481.498793,-36.092588,268.597013,508.532411,-235.150364,359.274715,504.872351,-144.344623,277.480219,519.389894,-263.695196,348.890227,513.075716,-162.413299,281.437608,514.919075,-261.378685,344.852280,509.225439,-163.585825,280.076891,509.538103,-237.193871,345.671701,504.445071,-146.710186,304.409326,339.839384,-41.516679,340.532025,343.095147,41.285888,308.440748,256.337543,-31.881129,328.695199,260.459992,104.973511,318.863491,169.170872,-82.378315,335.921902,186.206023,78.284307,327.291708,155.896477,-88.645314,340.900036,173.081906,74.953809,289.920060,151.977561,-110.792540,324.263375,171.121992,59.508034,
0.000000,0.000000,0.000000,0.000000,0.000000,0.000000,0.000000,0.000000,0.000000,0.000000,0.000000,0.000000,0.000000,0.000000,0.000000,0.000000,0.000000,0.000000,0.000000,0.000000,0.000000,0.000000,0.000000,0.000000,0.000000,0.000000,0.000000,0.000000,0.000000,0.000000,0.000000,0.000000,0.000000,0.000000,0.000000,0.000000,0.000000,0.000000,0.000000,0.000000,0.000000,0.000000,0.000000,0.000000,0.000000,0.000000,0.000000,0.000000,0.000000,0.000000,0.000000,0.000000,312.221932,494.684542,207.309957,308.353138,500.671826,178.569078,305.497461,501.040163,178.583545,302.417439,501.481093,178.608836,314.771218,500.216643,179.772032,316.747235,500.160507,179.842971,319.035742,500.171203,179.809010,294.976122,499.263441,84.054042,323.672628,496.131360,88.603926,308.597999,488.855964,179.243395,314.713474,488.380377,180.368913,272.171657,461.213180,-14.810767,345.093306,464.034435,45.831013,219.178340,483.854954,-121.447396,400.153264,481.813224,-35.051395,268.616128,508.444054,-234.839572,359.199395,504.926607,-144.108821,277.528963,519.265566,-263.508421,348.810318,513.098638,-162.283652,281.455350,514.817910,-261.176524,344.798272,509.250702,-163.460460,280.097903,509.449098,-236.883287,345.649930,504.493477,-146.481477,304.572313,339.880764,-41.704607,340.665048,343.156461,41.475989,308.586808,256.421870,-32.251001,328.775552,260.456298,104.217657,318.896928,169.168806,-82.589672,335.895424,186.151754,78.599647,327.360257,156.096171,-88.806506,340.870975,173.056537,75.382590,289.810474,151.936660,-110.821835,323.769452,171.041060,59.967558,
0.000000,0.000000,0.000000,0.000000,0.000000,0.000000,0.000000,0.000000,0.000000,0.000000,0.000000,0.000000,0.000000,0.000000,0.000000,0.000000,0.000000,0.000000,0.000000,0.000000,0.000000,0.000000,0.000000,0.000000,0.000000,0.000000,0.000000,0.000000,0.000000,0.000000,0.000000,0.000000,0.000000,0.000000,0.000000,0.000000,0.000000,0.000000,0.000000,0.000000,0.000000,0.000000,0.000000,0.000000,0.000000,0.000000,0.000000,0.000000,0.000000,0.000000,0.000000,0.000000,312.226715,494.678316,208.312627,308.352418,500.671324,179.567036,305.494646,501.039275,179.582061,302.413822,501.479948,179.607756,314.770093,500.217756,180.777089,316.745279,500.163667,180.847982,319.032345,500.177296,180.813816,294.971798,499.263225,84.979359,323.668773,496.165797,89.522381,308.597359,488.855030,180.212879,314.709401,488.382462,181.354027,272.199468,461.226362,-14.229786,345.096621,464.162133,46.777168,219.119728,483.746487,-120.913006,400.165562,482.121085,-34.462725,268.523823,508.345845,-234.647135,359.135721,505.006750,-143.914733,277.461847,519.155097,-263.374138,348.743626,513.134377,-162.120191,281.384716,514.728491,-261.022431,344.761463,509.296779,-163.313786,280.034373,509.365424,-236.680864,345.638968,504.552136,-146.297860,304.733339,339.917977,-41.855207,340.764714,343.220878,41.627795,308.677030,256.462129,-32.606452,328.858158,260.447979,103.854055,318.911878,169.157400,-82.947446,335.876194,186.076262,78.603607,327.393961,156.192020,-89.144371,340.858735,173.014904,75.427610,289.690100,151.921778,-111.241460,323.314510,170.994480,59.961684,
0.000000,0.000000,0.000000,0.000000,0.000000,0.000000,0.000000,0.000000,0.000000,0.000000,0.000000,0.000000,0.000000,0.000000,0.000000,0.000000,0.000000,0.000000,0.000000,0.000000,0.000000,0.000000,0.000000,0.000000,0.000000,0.000000,0.000000,0.000000,0.000000,0.000000,0.000000,0.000000,0.000000,0.000000,0.000000,0.000000,0.000000,0.000000,0.000000,0.000000,0.000000,0.000000,0.000000,0.000000,0.000000,0.000000,0.000000,0.000000,0.000000,0.000000,0.000000,0.000000,312.231499,494.672090,209.315297,308.351697,500.670823,180.564993,305.491830,501.038387,180.580576,302.410205,501.478803,180.606675,314.768969,500.218870,181.782147,316.743323,500.166827,181.852992,319.028949,500.183388,181.818622,294.967474,499.263009,85.904676,323.664918,496.200233,90.440837,308.596719,488.854097,181.182363,314.705328,488.384546,182.339141,272.227280,461.239543,-13.648806,345.099936,464.289831,47.723323,219.061115,483.638020,-120.378616,400.177861,482.428945,-33.874056,268.431518,508.247636,-234.454699,359.072046,505.086893,-143.720644,277.394730,519.044628,-263.239855,348.676934,513.170116,-161.956730,281.314083,514.639071,-260.868339,344.724653,509.342856,-163.167112,279.970842,509.281750,-236.478440,345.628006,504.610795,-146.114243,304.894366,339.955189,-42.005807,340.864381,343.285294,41.779602,308.767253,256.502388,-32.961903,328.940763,260.439661,103.490452,318.926827,169.145994,-83.305219,335.856964,186.000770,78.607568,327.427665,156.287869,-89.482235,340.846494,172.973272,75.472631,289.569726,151.906897,-111.661085,322.859568,170.947899,59.955810,
0.000000,0.000000,0.000000,0.000000,0.000000,0.000000,0.000000,0.000000,0.000000,0.000000,0.000000,0.000000,0.000000,0.000000,0.000000,0.000000,0.000000,0.000000,0.000000,0.000000,0.000000,0.000000,0.000000,0.000000,0.000000,0.000000,0.000000,0.000000,0.000000,0.000000,0.000000,0.000000,0.000000,0.000000,0.000000,0.000000,0.000000,0.000000,0.000000,0.000000,0.000000,0.000000,0.000000,0.000000,0.000000,0.000000,0.000000,0.000000,0.000000,0.000000,0.000000,0.000000,312.236282,494.665864,210.317966,308.350976,500.670321,181.562951,305.489014,501.037498,181.579092,302.406588,501.477659,181.605595,314.767845,500.219983,182.787205,316.741367,500.169987,182.858003,319.025552,500.189481,182.823428,294.963149,499.262793,86.829993,323.661062,496.234669,91.359293,308.596079,488.853163,182.151847,314.701255,488.386631,183.324256,272.255092,461.252725,-13.067825,345.103251,464.417529,48.669479,219.002503,483.529553,-119.844226,400.190159,482.736805,-33.285386,268.339213,508.149428,-234.262262,359.008371,505.167037,-143.526555,277.327614,518.934159,-263.105573,348.610241,513.205855,-161.793269,281.243449,514.549652,-260.714247,344.687843,509.388933,-163.020438,279.907312,509.198075,-236.276017,345.617044,504.669455,-145.930626,305.055392,339.992401,-42.156408,340.964048,343.349711,41.931408,308.857475,256.542647,-33.317354,329.023369,260.431342,103.126850,318.941776,169.134588,-83.662993,335.837734,185.925279,78.611528,327.461369,156.383718,-89.820099,340.834254,172.931639,75.517651,289.449352,151.892016,-112.080710,322.404625,170.901318,59.949936,
0.000000,0.000000,0.000000,0.000000,0.000000,0.000000,0.000000,0.000000,0.000000,0.000000,0.000000,0.000000,0.000000,0.000000,0.000000,0.000000,0.000000,0.000000,0.000000,0.000000,0.000000,0.000000,0.000000,0.000000,0.000000,0.000000,0.000000,0.000000,0.000000,0.000000,0.000000,0.000000,0.000000,0.000000,0.000000,0.000000,0.000000,0.000000,0.000000,0.000000,0.000000,0.000000,0.000000,0.000000,0.000000,0.000000,0.000000,0.000000,0.000000,0.000000,0.000000,0.000000,312.241066,494.659638,211.320636,308.350255,500.669819,182.560909,305.486199,501.036610,182.577608,302.402970,501.476514,182.604514,314.766721,500.221097,183.792263,316.739411,500.173147,183.863013,319.022155,500.195574,183.828234,294.958825,499.262577,87.755309,323.657207,496.269106,92.277748,308.595439,488.852230,183.121331,314.697182,488.388715,184.309370,272.282904,461.265907,-12.486844,345.106565,464.545227,49.615634,218.943891,483.421085,-119.309836,400.202457,483.044666,-32.696717,268.246908,508.051219,-234.069826,358.944697,505.247180,-143.332467,277.260498,518.823690,-262.971290,348.543549,513.241594,-161.629808,281.172815,514.460232,-260.560155,344.651034,509.435011,-162.873764,279.843782,509.114401,-236.073594,345.606082,504.728114,-145.747009,305.216419,340.029613,-42.307008,341.063715,343.414128,42.083215,308.947698,256.582906,-33.672806,329.105974,260.423023,102.763247,318.956725,169.123182,-84.020766,335.818504,185.849787,78.615488,327.495073,156.479568,-90.157963,340.822013,172.890007,75.562672,289.328978,151.877135,-112.500335,321.949683,170.854738,59.944062,
0.000000,0.000000,0.000000,0.000000,0.000000,0.000000,0.000000,0.000000,0.000000,0.000000,0.000000,0.000000,0.000000,0.000000,0.000000,0.000000,0.000000,0.000000,0.000000,0.000000,0.000000,0.000000,0.000000,0.000000,0.000000,0.000000,0.000000,0.000000,0.000000,0.000000,0.000000,0.000000,0.000000,0.000000,0.000000,0.000000,0.000000,0.000000,0.000000,0.000000,0.000000,0.000000,0.000000,0.000000,0.000000,0.000000,0.000000,0.000000,0.000000,0.000000,0.000000,0.000000,312.219967,494.654888,211.484222,308.317215,500.669957,182.697748,305.452129,501.036398,182.714268,302.371345,501.475279,182.741135,314.742823,500.223577,183.940908,316.718949,500.179033,184.011771,319.004327,500.205801,183.976909,294.944423,499.260439,87.833880,323.651365,496.314437,92.377775,308.572344,488.851826,183.259952,314.678165,488.392120,184.463974,272.307825,461.283618,-12.495875,345.110766,464.659253,49.730659,218.769187,483.292926,-119.242824,400.244201,483.342213,-32.419646,268.043133,507.948341,-233.847175,358.894480,505.352396,-142.553196,277.072581,518.727376,-262.692270,348.489712,513.289255,-160.723133,281.015337,514.386148,-260.270529,344.626051,509.502498,-161.996489,279.693967,509.041884,-235.833436,345.599704,504.796249,-144.970227,305.367801,340.060100,-42.484838,341.117378,343.480695,42.261415,308.990418,256.580262,-34.026076,329.177948,260.405522,102.811854,318.955788,169.119205,-84.406439,335.803442,185.751199,78.781512,327.503901,156.482162,-90.507449,340.824387,172.817345,75.755036,289.190660,151.855515,-113.128210,321.531573,170.826534,60.052810,
0.000000,0.000000,0.000000,0.000000,0.000000,0.000000,0.000000,0.000000,0.000000,0.000000,0.000000,0.000000,0.000000,0.000000,0.000000,0.000000,0.000000,0.000000,0.000000,0.000000,0.000000,0.000000,0.000000,0.000000,0.000000,0.000000,0.000000,0.000000,0.000000,0.000000,0.000000,0.000000,0.000000,0.000000,0.000000,0.000000,0.000000,0.000000,0.000000,0.000000,0.000000,0.000000,0.000000,0.000000,0.000000,0.000000,0.000000,0.000000,0.000000,0.000000,0.000000,0.000000,312.198868,494.650137,211.647809,308.284175,500.670095,182.834588,305.418060,501.036185,182.850928,302.339719,501.474044,182.877755,314.718926,500.226058,184.089554,316.698487,500.184920,184.160529,318.986499,500.216028,184.125583,294.930021,499.258301,87.912450,323.645524,496.359769,92.477803,308.549249,488.851423,183.398574,314.659147,488.395524,184.618577,272.332745,461.301329,-12.504905,345.114966,464.773279,49.845683,218.594483,483.164767,-119.175811,400.285946,483.639761,-32.142575,267.839358,507.845464,-233.624525,358.844263,505.457613,-141.773925,276.884665,518.631061,-262.413251,348.435875,513.336915,-159.816458,280.857858,514.312065,-259.980903,344.601068,509.569985,-161.119214,279.544151,508.969367,-235.593278,345.593327,504.864384,-144.193445,305.519183,340.090587,-42.662669,341.171041,343.547263,42.439615,309.033139,256.577618,-34.379346,329.249921,260.388021,102.860461,318.954852,169.115228,-84.792113,335.788380,185.652611,78.947536,327.512729,156.484756,-90.856935,340.826761,172.744683,75.947401,289.052342,151.833894,-113.756084,321.113463,170.798330,60.161559,
0.000000,0.000000,0.000000,0.000000,0.000000,0.000000,0.000000,0.000000,0.000000,0.000000,0.000000,0.000000,0.000000,0.000000,0.000000,0.000000,0.000000,0.000000,0.000000,0.000000,0.000000,0.000000,0.000000,0.000000,0.000000,0.000000,0.000000,0.000000,0.000000,0.000000,0.000000,0.000000,0.000000,0.000000,0.000000,0.000000,0.000000,0.000000,0.000000,0.000000,0.000000,0.000000,0.000000,0.000000,0.000000,0.000000,0.000000,0.000000,0.000000,0.000000,0.000000,0.000000,312.177769,494.645386,211.811395,308.251135,500.670233,182.971427,305.383990,501.035973,182.987588,302.308093,501.472809,183.014376,314.695029,500.228539,184.238200,316.678024,500.190807,184.309288,318.968670,500.226255,184.274258,294.915619,499.256163,87.991021,323.639682,496.405100,92.577830,308.526154,488.851020,183.537196,314.640130,488.398928,184.773181,272.357666,461.319039,-12.513935,345.119166,464.887305,49.960707,218.419778,483.036607,-119.108799,400.327691,483.937308,-31.865504,267.635584,507.742586,-233.401875,358.794046,505.562830,-140.994654,276.696749,518.534747,-262.134231,348.382038,513.384575,-158.909783,280.700380,514.237981,-259.691277,344.576085,509.637473,-160.241938,279.394336,508.896849,-235.353121,345.586949,504.932520,-143.416663,305.670565,340.121073,-42.840499,341.224704,343.613830,42.617815,309.075860,256.574974,-34.732617,329.321895,260.370519,102.909068,318.953915,169.111251,-85.177786,335.773317,185.554023,79.113560,327.521557,156.487350,-91.206421,340.829134,172.672021,76.139766,288.914024,151.812274,-114.383959,320.695352,170.770127,60.270308,
0.000000,0.000000,0.000000,0.000000,0.000000,0.000000,0.000000,0.000000,0.000000,0.000000,0.000000,0.000000,0.000000,0.000000,0.000000,0.000000,0.000000,0.000000,0.000000,0.000000,0.000000,0.000000,0.000000,0.000000,0.000000,0.000000,0.000000,0.000000,0.000000,0.000000,0.000000,0.000000,0.000000,0.000000,0.000000,0.000000,0.000000,0.000000,0.000000,0.000000,0.000000,0.000000,0.000000,0.000000,0.000000,0.000000,0.000000,0.000000,0.000000,0.000000,0.000000,0.000000,312.156670,494.640636,211.974981,308.218095,500.670371,183.108266,305.349920,501.035760,183.124248,302.276467,501.471574,183.150997,314.671131,500.231020,184.386846,316.657562,500.196693,184.458046,318.950842,500.236482,184.422933,294.901217,499.254025,88.069591,323.633841,496.450431,92.677857,308.503059,488.850616,183.675818,314.621113,488.402332,184.927785,272.382587,461.336750,-12.522965,345.123366,465.001331,50.075732,218.245074,482.908448,-119.041787,400.369436,484.234856,-31.588434,267.431809,507.639709,-233.179225,358.743829,505.668046,-140.215383,276.508833,518.438432,-261.855211,348.328202,513.432236,-158.003108,280.542901,514.163898,-259.401652,344.551103,509.704960,-159.364663,279.244521,508.824332,-235.112963,345.580572,505.000655,-142.639880,305.821947,340.151560,-43.018330,341.278367,343.680397,42.796015,309.118581,256.572331,-35.085887,329.393869,260.353018,102.957675,318.952978,169.107274,-85.563460,335.758255,185.455435,79.279584,327.530385,156.489944,-91.555907,340.831508,172.599359,76.332131,288.775706,151.790653,-115.011834,320.277242,170.741923,60.379057,
0.000000,0.000000,0.000000,0.000000,0.000000,0.000000,0.000000,0.000000,0.000000,0.000000,0.000000,0.000000,0.000000,0.000000,0.000000,0.000000,0.000000,0.000000,0.000000,0.000000,0.000000,0.000000,0.000000,0.000000,0.000000,0.000000,0.000000,0.000000,0.000000,0.000000,0.000000,0.000000,0.000000,0.000000,0.000000,0.000000,0.000000,0.000000,0.000000,0.000000,0.000000,0.000000,0.000000,0.000000,0.000000,0.000000,0.000000,0.000000,0.000000,0.000000,0.000000,0.000000,312.110478,494.634032,211.150407,308.162770,500.668524,182.247515,305.293795,501.033735,182.262618,302.228098,501.467813,182.288950,314.634324,500.231250,183.540055,316.629265,500.201294,183.611407,318.931587,500.246973,183.576213,294.889090,499.247283,87.227202,323.633249,496.499813,91.869062,308.460576,488.847384,182.858177,314.591314,488.404819,184.121953,272.401897,461.360673,-13.178573,345.119380,465.099453,49.309812,217.953370,482.765452,-119.430825,400.430689,484.517530,-31.671421,267.113013,507.540690,-232.952981,358.719319,505.799881,-138.877643,276.201979,518.368281,-261.469680,348.300569,513.494032,-156.376189,280.304695,514.110253,-259.004364,344.551497,509.795532,-157.793219,279.008217,508.767563,-234.861268,345.588192,505.077431,-141.306067,305.962745,340.175440,-43.217960,341.289245,343.747186,42.994907,309.125795,256.533204,-35.220591,329.450203,260.328809,103.248119,318.940352,169.133619,-85.500020,335.743622,185.330839,79.263851,327.520814,156.433819,-91.392721,340.838998,172.488564,76.329824,288.672365,151.777322,-115.259441,319.876378,170.720914,60.176510,
0.000000,0.000000,0.000000,0.000000,0.000000,0.000000,0.000000,0.000000,0.000000,0.000000,0.000000,0.000000,0.000000,0.000000,0.000000,0.000000,0.000000,0.000000,0.000000,0.000000,0.000000,0.000000,0.000000,0.000000,0.000000,0.000000,0.000000,0.000000,0.000000,0.000000,0.000000,0.000000,0.000000,0.000000,0.000000,0.000000,0.000000,0.000000,0.000000,0.000000,0.000000,0.000000,0.000000,0.000000,0.000000,0.000000,0.000000,0.000000,0.000000,0.000000,0.000000,0.000000,312.064286,494.627428,210.325833,308.107445,500.666677,181.386763,305.237670,501.031710,181.400988,302.179728,501.464052,181.426904,314.597517,500.231480,182.693264,316.600967,500.205895,182.764768,318.912333,500.257464,182.729493,294.876964,499.240540,86.384812,323.632658,496.549194,91.060267,308.418094,488.844152,182.040537,314.561515,488.407305,183.316120,272.421207,461.384595,-13.834180,345.115394,465.197575,48.543893,217.661666,482.622456,-119.819863,400.491942,484.800205,-31.754408,266.794217,507.441671,-232.726737,358.694809,505.931715,-137.539902,275.895124,518.298129,-261.084149,348.272937,513.555828,-154.749269,280.066489,514.056609,-258.607077,344.551891,509.886103,-156.221776,278.771913,508.710795,-234.609573,345.595812,505.154207,-139.972253,306.103542,340.199320,-43.417590,341.300124,343.813975,43.193798,309.133009,256.494077,-35.355294,329.506537,260.304600,103.538564,318.927727,169.159965,-85.436580,335.728989,185.206243,79.248118,327.511242,156.377693,-91.229534,340.846488,172.377769,76.327517,288.569024,151.763990,-115.507048,319.475514,170.699905,59.973963,
0.000000,0.000000,0.000000,0.000000,0.000000,0.000000,0.000000,0.000000,0.000000,0.000000,0.000000,0.000000,0.000000,0.000000,0.000000,0.000000,0.000000,0.000000,0.000000,0.000000,0.000000,0.000000,0.000000,0.000000,0.000000,0.000000,0.000000,0.000000,0.000000,0.000000,0.000000,0.000000,0.000000,0.000000,0.000000,0.000000,0.000000,0.000000,0.000000,0.000000,0.000000,0.000000,0.000000,0.000000,0.000000,0.000000,0.000000,0.000000,0.000000,0.000000,0.000000,0.000000,312.018094,494.620824,209.501259,308.052120,500.664829,180.526012,305.181545,501.029685,180.539359,302.131359,501.460290,180.564858,314.560709,500.231710,181.846472,316.572670,500.210495,181.918130,318.893079,500.267955,181.882773,294.864837,499.233797,85.542422,323.632067,496.598575,90.251472,308.375611,488.840920,181.222897,314.531716,488.409792,182.510288,272.440516,461.408518,-14.489788,345.111407,465.295697,47.777973,217.369962,482.479460,-120.208901,400.553195,485.082879,-31.837396,266.475421,507.342653,-232.500494,358.670299,506.063550,-136.202162,275.588270,518.227978,-260.698618,348.245304,513.617623,-153.122350,279.828283,514.002965,-258.209790,344.552285,509.976674,-154.650332,278.535608,508.654026,-234.357878,345.603432,505.230983,-138.638440,306.244340,340.223200,-43.617220,341.311002,343.880764,43.392690,309.140224,256.454950,-35.489998,329.562871,260.280391,103.829009,318.915101,169.186311,-85.373140,335.714356,185.081647,79.232384,327.501671,156.321568,-91.066348,340.853977,172.266973,76.325211,288.465683,151.750658,-115.754655,319.074649,170.678897,59.771416,
0.000000,0.000000,0.000000,0.000000,0.000000,0.000000,0.000000,0.000000,0.000000,0.000000,0.000000,0.000000,0.000000,0.000000,0.000000,0.000000,0.000000,0.000000,0.000000,0.000000,0.000000,0.000000,0.000000,0.000000,0.000000,0.000000,0.000000,0.000000,0.000000,0.000000,0.000000,0.000000,0.000000,0.000000,0.000000,0.000000,0.000000,0.000000,0.000000,0.000000,0.000000,0.000000,0.000000,0.000000,0.000000,0.000000,0.000000,0.000000,0.000000,0.000000,0.000000,0.000000,311.971902,494.614220,208.676685,307.996795,500.662982,179.665260,305.125420,501.027660,179.677729,302.082990,501.456529,179.702812,314.523902,500.231940,180.999681,316.544372,500.215096,181.071491,318.873824,500.278446,181.036053,294.852711,499.227054,84.700033,323.631475,496.647956,89.442677,308.333128,488.837688,180.405256,314.501917,488.412278,181.704456,272.459826,461.432440,-15.145395,345.107421,465.393819,47.012054,217.078258,482.336464,-120.597939,400.614449,485.365553,-31.920383,266.156625,507.243634,-232.274250,358.645789,506.195384,-134.864422,275.281416,518.157827,-260.313086,348.217672,513.679419,-151.495430,279.590077,513.949320,-257.812503,344.552679,510.067245,-153.078888,278.299304,508.597257,-234.106183,345.611052,505.307759,-137.304626,306.385138,340.247080,-43.816850,341.321880,343.947552,43.591581,309.147438,256.415823,-35.624701,329.619205,260.256182,104.119453,318.902476,169.212656,-85.309700,335.699724,184.957051,79.216651,327.492100,156.265442,-90.903161,340.861467,172.156178,76.322904,288.362342,151.737327,-116.002262,318.673785,170.657888,59.568869,
0.000000,0.000000,0.000000,0.000000,0.000000,0.000000,0.000000,0.000000,0.000000,0.000000,0.000000,0.000000,0.000000,0.000000,0.000000,0.000000,0.000000,0.000000,0.000000,0.000000,0.000000,0.000000,0.000000,0.000000,0.000000,0.000000,0.000000,0.000000,0.000000,0.000000,0.000000,0.000000,0.000000,0.000000,0.000000,0.000000,0.000000,0.000000,0.000000,0.000000,0.000000,0.000000,0.000000,0.000000,0.000000,0.000000,0.000000,0.000000,0.000000,0.000000,0.000000,0.000000,311.890642,494.584287,208.457647,307.875865,500.658627,179.167066,304.999339,501.023591,179.180639,301.940828,501.452884,179.205192,314.421556,500.238787,180.479584,316.437963,500.226106,180.552496,318.754838,500.286716,180.517222,294.744463,499.217207,83.684627,323.538830,496.677506,88.339369,308.215297,488.826308,180.071376,314.377237,488.405282,181.358230,272.451460,461.447684,-16.709708,345.142015,465.494205,46.476125,216.740616,482.299609,-122.884663,400.700455,485.626370,-34.180722,265.764727,507.220704,-235.009772,358.526548,506.314897,-141.210678,274.800439,518.129353,-263.588064,348.035443,513.741836,-158.566659,279.233074,513.940211,-260.870025,344.436345,510.139079,-160.247745,277.960448,508.584137,-236.801579,345.534813,505.384287,-143.783061,306.521620,340.256008,-44.077727,341.335175,344.004767,43.856157,309.175690,256.417033,-36.346047,329.633740,260.256617,104.599529,318.896034,169.214090,-83.362938,335.665045,184.939026,83.068662,327.498961,156.204499,-88.636341,340.887765,172.106947,80.619802,288.132592,151.835073,-113.263160,318.144105,170.688058,64.432024,
0.000000,0.000000,0.000000,0.000000,0.000000,0.000000,0.000000,0.000000,0.000000,0.000000,0.000000,0.000000,0.000000,0.000000,0.000000,0.000000,0.000000,0.000000,0.000000,0.000000,0.000000,0.000000,0.000000,0.000000,0.000000,0.000000,0.000000,0.000000,0.000000,0.000000,0.000000,0.000000,0.000000,0.000000,0.000000,0.000000,0.000000,0.000000,0.000000,0.000000,0.000000,0.000000,0.000000,0.000000,0.000000,0.000000,0.000000,0.000000,0.000000,0.000000,0.000000,0.000000,311.809382,494.554353,208.238609,307.754934,500.654273,178.668873,304.873258,501.019523,178.683549,301.798667,501.449239,178.707571,314.319210,500.245633,179.959487,316.331554,500.237116,180.033501,318.635852,500.294986,179.998392,294.636215,499.207359,82.669222,323.446185,496.707056,87.236060,308.097466,488.814928,179.737496,314.252557,488.398285,181.012004,272.443094,461.462928,-18.274021,345.176609,465.594592,45.940197,216.402974,482.262753,-125.171387,400.786462,485.887187,-36.441061,265.372828,507.197773,-237.745293,358.407306,506.434410,-147.556934,274.319461,518.100880,-266.863042,347.853214,513.804253,-165.637888,278.876070,513.931101,-263.927548,344.320011,510.210912,-167.416601,277.621591,508.571017,-239.496975,345.458573,505.460815,-150.261496,306.658103,340.264936,-44.338604,341.348470,344.061982,44.120733,309.203941,256.418243,-37.067392,329.648275,260.257053,105.079604,318.889593,169.215524,-81.416177,335.630367,184.921002,86.920673,327.505823,156.143555,-86.369522,340.914063,172.057716,84.916700,287.902843,151.932818,-110.524058,317.614425,170.718229,69.295179,
0.000000,0.000000,0.000000,0.000000,0.000000,0.000000,0.000000,0.000000,0.000000,0.000000,0.000000,0.000000,0.000000,0.000000,0.000000,0.000000,0.000000,0.000000,0.000000,0.000000,0.000000,0.000000,0.000000,0.000000,0.000000,0.000000,0.000000,0.000000,0.000000,0.000000,0.000000,0.000000,0.000000,0.000000,0.000000,0.000000,0.000000,0.000000,0.000000,0.000000,0.000000,0.000000,0.000000,0.000000,0.000000,0.000000,0.000000,0.000000,0.000000,0.000000,0.000000,0.000000,311.728123,494.524420,208.019572,307.634004,500.649918,178.170679,304.747176,501.015454,178.186459,301.656505,501.445595,178.209951,314.216864,500.252480,179.439390,316.225145,500.248126,179.514506,318.516866,500.303255,179.479562,294.527968,499.197511,81.653816,323.353539,496.736607,86.132751,307.979635,488.803548,179.403616,314.127877,488.391289,180.665777,272.434728,461.478172,-19.838334,345.211204,465.694978,45.404268,216.065332,482.225898,-127.458111,400.872469,486.148004,-38.701401,264.980930,507.174843,-240.480815,358.288065,506.553923,-153.903190,273.838483,518.072407,-270.138020,347.670985,513.866670,-172.709116,278.519067,513.921992,-266.985071,344.203677,510.282746,-174.585457,277.282735,508.557897,-242.192370,345.382334,505.537342,-156.739930,306.794586,340.273865,-44.599482,341.361765,344.119197,44.385309,309.232193,256.419454,-37.788738,329.662810,260.257489,105.559679,318.883152,169.216959,-79.469416,335.595689,184.902978,90.772684,327.512684,156.082612,-84.102702,340.940361,172.008485,89.213598,287.673093,152.030564,-107.784956,317.084745,170.748400,74.158335,
0.000000,0.000000,0.000000,0.000000,0.000000,0.000000,0.000000,0.000000,0.000000,0.000000,0.000000,0.000000,0.000000,0.000000,0.000000,0.000000,0.000000,0.000000,0.000000,0.000000,0.000000,0.000000,0.000000,0.000000,0.000000,0.000000,0.000000,0.000000,0.000000,0.000000,0.000000,0.000000,0.000000,0.000000,0.000000,0.000000,0.000000,0.000000,0.000000,0.000000,0.000000,0.000000,0.000000,0.000000,0.000000,0.000000,0.000000,0.000000,0.000000,0.000000,0.000000,0.000000,311.646863,494.494487,207.800534,307.513074,500.645564,177.672485,304.621095,501.011385,177.689368,301.514344,501.441950,177.712331,314.114518,500.259326,178.919294,316.118736,500.259135,178.995511,318.397879,500.311525,178.960732,294.419720,499.187664,80.638411,323.260894,496.766157,85.029443,307.861803,488.792169,179.069736,314.003197,488.384293,180.319551,272.426362,461.493416,-21.402647,345.245798,465.795364,44.868340,215.727690,482.189043,-129.744834,400.958475,486.408821,-40.961740,264.589031,507.151912,-243.216336,358.168824,506.673437,-160.249447,273.357505,518.043933,-273.412998,347.488756,513.929087,-179.780345,278.162064,513.912883,-270.042594,344.087343,510.354579,-181.754313,276.943879,508.544777,-244.887766,345.306095,505.613870,-163.218365,306.931069,340.282793,-44.860359,341.375060,344.176411,44.649884,309.260444,256.420664,-38.510083,329.677344,260.257925,106.039754,318.876710,169.218393,-77.522655,335.561011,184.884954,94.624694,327.519545,156.021668,-81.835882,340.966658,171.959254,93.510496,287.443343,152.128310,-105.045855,316.555066,170.778571,79.021490,
0.000000,0.000000,0.000000,0.000000,0.000000,0.000000,0.000000,0.000000,0.000000,0.000000,0.000000,0.000000,0.000000,0.000000,0.000000,0.000000,0.000000,0.000000,0.000000,0.000000,0.000000,0.000000,0.000000,0.000000,0.000000,0.000000,0.000000,0.000000,0.000000,0.000000,0.000000,0.000000,0.000000,0.000000,0.000000,0.000000,0.000000,0.000000,0.000000,0.000000,0.000000,0.000000,0.000000,0.000000,0.000000,0.000000,0.000000,0.000000,0.000000,0.000000,0.000000,0.000000,311.303603,494.477361,206.772817,307.128947,500.645603,176.477517,304.247447,501.008316,176.495116,301.139746,501.432883,176.518127,313.745776,500.275380,177.777540,315.753186,500.279475,177.853443,318.027300,500.332185,177.817971,294.202736,499.142070,79.131690,322.927775,496.793377,83.762381,307.502146,488.768309,177.959646,313.674880,488.375223,179.286478,272.415704,461.512359,-22.962629,345.185965,465.862237,44.228378,215.566147,482.187398,-130.997176,400.942252,486.606210,-42.118122,264.304449,507.144562,-243.582052,357.834887,506.747545,-162.698991,272.999973,518.044767,-273.842356,347.147183,513.968299,-182.460631,277.864122,513.905580,-270.455270,343.789642,510.401663,-184.474550,276.673644,508.537069,-245.238476,345.056223,505.666089,-165.714517,307.078525,340.286086,-45.211285,341.376389,344.219883,45.003135,309.263791,256.417104,-39.713542,329.667807,260.320978,107.159897,318.868572,169.106572,-77.200177,335.547627,184.905563,99.528364,327.528712,155.730848,-81.364886,341.019257,171.944562,98.822710,287.010321,152.159987,-104.821733,316.151069,170.907841,84.713725,
0.000000,0.000000,0.000000,0.000000,0.000000,0.000000,0.000000,0.000000,0.000000,0.000000,0.000000,0.000000,0.000000,0.000000,0.000000,0.000000,0.000000,0.000000,0.000000,0.000000,0.000000,0.000000,0.000000,0.000000,0.000000,0.000000,0.000000,0.000000,0.000000,0.000000,0.000000,0.000000,0.000000,0.000000,0.000000,0.000000,0.000000,0.000000,0.000000,0.000000,0.000000,0.000000,0.000000,0.000000,0.000000,0.000000,0.000000,0.000000,0.000000,0.000000,0.000000,0.000000,310.960344,494.460234,205.745101,306.744821,500.645642,175.282550,303.873799,501.005247,175.300863,300.765149,501.423816,175.323923,313.377034,500.291433,176.635786,315.387636,500.299815,176.711374,317.656721,500.352844,176.675211,293.985752,499.096476,77.624969,322.594656,496.820596,82.495320,307.142488,488.744450,176.849557,313.346564,488.366153,178.253405,272.405047,461.531302,-24.522612,345.126132,465.929109,43.588416,215.404605,482.185753,-132.249519,400.926029,486.803599,-43.274504,264.019867,507.137211,-243.947767,357.500950,506.821653,-165.148536,272.642440,518.045600,-274.271714,346.805610,514.007511,-185.140917,277.566179,513.898276,-270.867947,343.491941,510.448747,-187.194786,276.403409,508.529361,-245.589185,344.806352,505.718309,-168.210668,307.225982,340.289380,-45.562211,341.377718,344.263355,45.356385,309.267139,256.413543,-40.917001,329.658270,260.384032,108.280040,318.860434,168.994751,-76.877699,335.534243,184.926172,104.432034,327.537878,155.440027,-80.893889,341.071856,171.929870,104.134924,286.577298,152.191664,-104.597612,315.747073,171.037112,90.405960,
0.000000,0.000000,0.000000,0.000000,0.000000,0.000000,0.000000,0.000000,0.000000,0.000000,0.000000,0.000000,0.000000,0.000000,0.000000,0.000000,0.000000,0.000000,0.000000,0.000000,0.000000,0.000000,0.000000,0.000000,0.000000,0.000000,0.000000,0.000000,0.000000,0.000000,0.000000,0.000000,0.000000,0.000000,0.000000,0.000000,0.000000,0.000000,0.000000,0.000000,0.000000,0.000000,0.000000,0.000000,0.000000,0.000000,0.000000,0.000000,0.000000,0.000000,0.000000,0.000000,310.617084,494.443107,204.717384,306.360694,500.645682,174.087582,303.500150,501.002178,174.106610,300.390551,501.414750,174.129719,313.008292,500.307486,175.494032,315.022086,500.320155,175.569305,317.286142,500.373504,175.532450,293.768769,499.050882,76.118249,322.261538,496.847816,81.228259,306.782830,488.720590,175.739468,313.018247,488.357084,177.220332,272.394390,461.550245,-26.082594,345.066299,465.995982,42.948454,215.243062,482.184108,-133.501861,400.909805,487.000989,-44.430885,263.735285,507.129861,-244.313482,357.167014,506.895761,-167.598080,272.284907,518.046433,-274.701073,346.464037,514.046723,-187.821203,277.268237,513.890973,-271.280623,343.194241,510.495830,-189.915022,276.133174,508.521653,-245.939895,344.556481,505.770528,-170.706820,307.373438,340.292673,-45.913138,341.379047,344.306826,45.709636,309.270486,256.409983,-42.120459,329.648733,260.447085,109.400183,318.852296,168.882930,-76.555221,335.520859,184.946781,109.335704,327.547045,155.149207,-80.422893,341.124454,171.915179,109.447138,286.144276,152.223342,-104.373490,315.343076,171.166383,96.098195,
0.000000,0.000000,0.000000,0.000000,0.000000,0.000000,0.000000,0.000000,0.000000,0.000000,0.000000,0.000000,0.000000,0.000000,0.000000,0.000000,0.000000,0.000000,0.000000,0.000000,0.000000,0.000000,0.000000,0.000000,0.000000,0.000000,0.000000,0.000000,0.000000,0.000000,0.000000,0.000000,0.000000,0.000000,0.000000,0.000000,0.000000,0.000000,0.000000,0.000000,0.000000,0.000000,0.000000,0.000000,0.000000,0.000000,0.000000,0.000000,0.000000,0.000000,0.000000,0.000000,310.273825,494.425981,203.689668,305.976567,500.645721,172.892614,303.126502,500.999109,172.912358,300.015954,501.405683,172.935515,312.639550,500.323540,174.352278,314.656536,500.340495,174.427237,316.915563,500.394164,174.389689,293.551785,499.005288,74.611528,321.928419,496.875035,79.961197,306.423173,488.696731,174.629378,312.689931,488.348014,176.187259,272.383733,461.569188,-27.642576,345.006466,466.062854,42.308492,215.081520,482.182463,-134.754203,400.893582,487.198378,-45.587267,263.450703,507.122510,-244.679198,356.833077,506.969870,-170.047624,271.927375,518.047266,-275.130431,346.122464,514.085935,-190.501490,276.970295,513.883670,-271.693300,342.896540,510.542914,-192.635258,275.862939,508.513945,-246.290604,344.306609,505.822748,-173.202971,307.520894,340.295967,-46.264064,341.380377,344.350298,46.062886,309.273833,256.406423,-43.323918,329.639196,260.510139,110.520325,318.844157,168.771109,-76.232743,335.507475,184.967390,114.239373,327.556211,154.858387,-79.951896,341.177053,171.900487,114.759352,285.711253,152.255019,-104.149369,314.939080,171.295654,101.790430,
0.000000,0.000000,0.000000,0.000000,0.000000,0.000000,0.000000,0.000000,0.000000,0.000000,0.000000,0.000000,0.000000,0.000000,0.000000,0.000000,0.000000,0.000000,0.000000,0.000000,0.000000,0.000000,0.000000,0.000000,0.000000,0.000000,0.000000,0.000000,0.000000,0.000000,0.000000,0.000000,0.000000,0.000000,0.000000,0.000000,0.000000,0.000000,0.000000,0.000000,0.000000,0.000000,0.000000,0.000000,0.000000,0.000000,0.000000,0.000000,0.000000,0.000000,0.000000,0.000000,309.669355,494.418332,201.704196,305.339279,500.647529,170.864399,302.514485,500.994551,170.884509,299.420186,501.388758,170.908359,312.014276,500.345182,172.449841,314.042515,500.366153,172.522950,316.306397,500.423343,172.483734,293.238418,498.921264,72.539279,321.362063,496.893079,78.439990,305.824756,488.657033,172.617680,312.162140,488.334633,174.337414,272.368065,461.593512,-29.254795,344.843134,466.093981,41.514685,215.095169,482.220883,-134.960835,400.765190,487.327780,-45.688151,263.269885,507.139267,-242.701727,356.296694,507.000117,-168.627170,271.695150,518.089415,-272.752396,345.634895,514.104155,-188.813803,276.737532,513.883277,-269.489002,342.431023,510.566922,-190.943307,275.661121,508.516240,-244.322824,343.892519,505.849824,-171.752974,307.678384,340.293744,-46.699608,341.372959,344.378098,46.499109,309.264272,256.404511,-44.793104,329.600580,260.638284,112.110164,318.838520,168.568927,-77.057535,335.511646,185.023720,119.850881,327.574159,154.372225,-80.752429,341.246454,171.913230,120.744866,285.127878,152.235656,-105.851710,314.641181,171.512843,107.885826,
0.000000,0.000000,0.000000,0.000000,0.000000,0.000000,0.000000,0.000000,0.000000,0.000000,0.000000,0.000000,0.000000,0.000000,0.000000,0.000000,0.000000,0.000000,0.000000,0.000000,0.000000,0.000000,0.000000,0.000000,0.000000,0.000000,0.000000,0.000000,0.000000,0.000000,0.000000,0.000000,0.000000,0.000000,0.000000,0.000000,0.000000,0.000000,0.000000,0.000000,0.000000,0.000000,0.000000,0.000000,0.000000,0.000000,0.000000,0.000000,0.000000,0.000000,0.000000,0.000000,309.064886,494.410684,199.718724,304.701991,500.649337,168.836184,301.902468,500.989993,168.856661,298.824418,501.371833,168.881202,311.389001,500.366824,170.547405,313.428495,500.391811,170.618663,315.697232,500.452522,170.577779,292.925051,498.837241,70.467029,320.795708,496.911122,76.918783,305.226339,488.617335,170.605981,311.634348,488.321253,172.487568,272.352397,461.617837,-30.867013,344.679801,466.125108,40.720877,215.108819,482.259303,-135.167467,400.636798,487.457181,-45.789035,263.089067,507.156023,-240.724256,355.760312,507.030365,-167.206715,271.462924,518.131564,-270.374360,345.147327,514.122376,-187.126116,276.504768,513.882883,-267.284704,341.965505,510.590929,-189.251356,275.459304,508.518535,-242.355045,343.478429,505.876900,-170.302976,307.835873,340.291521,-47.135152,341.365542,344.405898,46.935332,309.254710,256.402600,-46.262290,329.561964,260.766429,113.700003,318.832882,168.366745,-77.882327,335.515818,185.080050,125.462388,327.592108,153.886063,-81.552962,341.315855,171.925974,126.730381,284.544503,152.216294,-107.554052,314.343281,171.730032,113.981221,
0.000000,0.000000,0.000000,0.000000,0.000000,0.000000,0.000000,0.000000,0.000000,0.000000,0.000000,0.000000,0.000000,0.000000,0.000000,0.000000,0.000000,0.000000,0.000000,0.000000,0.000000,0.000000,0.000000,0.000000,0.000000,0.000000,0.000000,0.000000,0.000000,0.000000,0.000000,0.000000,0.000000,0.000000,0.000000,0.000000,0.000000,0.000000,0.000000,0.000000,0.000000,0.000000,0.000000,0.000000,0.000000,0.000000,0.000000,0.000000,0.000000,0.000000,0.000000,0.000000,308.460416,494.403035,197.733252,304.064703,500.651145,166.807969,301.290451,500.985435,166.828812,298.228650,501.354908,166.854046,310.763726,500.388467,168.644968,312.814475,500.417468,168.714377,315.088066,500.481701,168.671825,292.611684,498.753218,68.394780,320.229352,496.929165,75.397576,304.627922,488.577636,168.594283,311.106557,488.307873,170.637723,272.336729,461.642161,-32.479231,344.516469,466.156235,39.927069,215.122468,482.297724,-135.374100,400.508406,487.586582,-45.889918,262.908250,507.172780,-238.746786,355.223929,507.060613,-165.786261,271.230699,518.173712,-267.996325,344.659759,514.140597,-185.438430,276.272005,513.882489,-265.080407,341.499988,510.614937,-187.559405,275.257486,508.520831,-240.387265,343.064339,505.903977,-168.852979,307.993363,340.289299,-47.570696,341.358124,344.433698,47.371555,309.245149,256.400689,-47.731476,329.523348,260.894574,115.289841,318.827245,168.164563,-78.707119,335.519990,185.136379,131.073896,327.610056,153.399901,-82.353494,341.385256,171.938717,132.715895,283.961129,152.196931,-109.256393,314.045382,171.947221,120.076617,
0.000000,0.000000,0.000000,0.000000,0.000000,0.000000,0.000000,0.000000,0.000000,0.000000,0.000000,0.000000,0.000000,0.000000,0.000000,0.000000,0.000000,0.000000,0.000000,0.000000,0.000000,0.000000,0.000000,0.000000,0.000000,0.000000,0.000000,0.000000,0.000000,0.000000,0.000000,0.000000,0.000000,0.000000,0.000000,0.000000,0.000000,0.000000,0.000000,0.000000,0.000000,0.000000,0.000000,0.000000,0.000000,0.000000,0.000000,0.000000,0.000000,0.000000,0.000000,0.000000,307.855947,494.395387,195.747780,303.427414,500.652954,164.779754,300.678434,500.980877,164.800963,297.632882,501.337983,164.826890,310.138451,500.410109,166.742532,312.200454,500.443126,166.810090,314.478900,500.510880,166.765870,292.298317,498.669195,66.322531,319.662997,496.947208,73.876368,304.029505,488.537938,166.582584,310.578766,488.294492,168.787878,272.321061,461.666485,-34.091450,344.353136,466.187361,39.133261,215.136118,482.336144,-135.580732,400.380014,487.715984,-45.990802,262.727432,507.189536,-236.769315,354.687546,507.090861,-164.365807,270.998474,518.215861,-265.618289,344.172190,514.158818,-183.750743,276.039242,513.882095,-262.876109,341.034471,510.638945,-185.867454,275.055668,508.523126,-238.419485,342.650249,505.931053,-167.402981,308.150853,340.287076,-48.006241,341.350707,344.461498,47.807778,309.235588,256.398778,-49.200662,329.484732,261.022719,116.879680,318.821607,167.962381,-79.531910,335.524161,185.192709,136.685403,327.628005,152.913739,-83.154027,341.454657,171.951461,138.701409,283.377754,152.177568,-110.958735,313.747483,172.164410,126.172013,
0.000000,0.000000,0.000000,0.000000,0.000000,0.000000,0.000000,0.000000,0.000000,0.000000,0.000000,0.000000,0.000000,0.000000,0.000000,0.000000,0.000000,0.000000,0.000000,0.000000,0.000000,0.000000,0.000000,0.000000,0.000000,0.000000,0.000000,0.000000,0.000000,0.000000,0.000000,0.000000,0.000000,0.000000,0.000000,0.000000,0.000000,0.000000,0.000000,0.000000,0.000000,0.000000,0.000000,0.000000,0.000000,0.000000,0.000000,0.000000,0.000000,0.000000,0.000000,0.000000,307.028192,494.396842,192.668148,302.562229,500.659840,161.754623,299.841311,500.977615,161.776081,296.828585,501.316408,161.803866,309.306261,500.436209,163.877266,311.390831,500.472801,163.941223,313.681277,500.547088,163.894457,291.876002,498.544545,63.482149,318.883196,496.957511,71.756658,303.201988,488.477311,163.532123,309.887030,488.277109,165.930768,272.264600,461.688688,-35.951168,344.080165,466.175936,37.828700,215.369102,482.414856,-135.099995,400.176880,487.793954,-46.547709,262.653974,507.226272,-233.745736,353.953740,507.080087,-161.630361,270.889722,518.297323,-261.852216,343.546667,514.142771,-180.370376,275.871751,513.882043,-259.385038,340.425018,510.633544,-182.420236,274.914060,508.538271,-235.423229,342.090795,505.928833,-164.584630,308.296777,340.282394,-48.490472,341.348081,344.466459,48.290727,309.198425,256.405406,-50.598504,329.446211,261.242451,119.125539,318.817702,167.761307,-81.189976,335.537147,185.300368,142.940853,327.646975,152.332285,-84.912464,341.533674,172.009840,145.274359,282.717315,152.169632,-114.289206,313.539260,172.486579,132.476823,
0.000000,0.000000,0.000000,0.000000,0.000000,0.000000,0.000000,0.000000,0.000000,0.000000,0.000000,0.000000,0.000000,0.000000,0.000000,0.000000,0.000000,0.000000,0.000000,0.000000,0.000000,0.000000,0.000000,0.000000,0.000000,0.000000,0.000000,0.000000,0.000000,0.000000,0.000000,0.000000,0.000000,0.000000,0.000000,0.000000,0.000000,0.000000,0.000000,0.000000,0.000000,0.000000,0.000000,0.000000,0.000000,0.000000,0.000000,0.000000,0.000000,0.000000,0.000000,0.000000,306.200437,494.398297,189.588516,301.697044,500.666726,158.729492,299.004188,500.974352,158.751199,296.024288,501.294832,158.780841,308.474070,500.462308,161.012001,310.581208,500.502476,161.072356,312.883655,500.583295,161.023044,291.453686,498.419895,60.641768,318.103396,496.967813,69.636948,302.374471,488.416683,160.481662,309.195294,488.259726,163.073658,272.208140,461.710890,-37.810887,343.807193,466.164511,36.524139,215.602086,482.493568,-134.619259,399.973745,487.871925,-47.104615,262.580515,507.263008,-230.722158,353.219934,507.069314,-158.894914,270.780970,518.378786,-258.086142,342.921144,514.126724,-176.990009,275.704260,513.881992,-255.893967,339.815565,510.628144,-178.973018,274.772452,508.553417,-232.426973,341.531342,505.926613,-161.766279,308.442702,340.277713,-48.974704,341.345456,344.471420,48.773675,309.161262,256.412035,-51.996346,329.407690,261.462183,121.371398,318.813796,167.560233,-82.848043,335.550133,185.408027,149.196303,327.665946,151.750831,-86.670901,341.612692,172.068219,151.847308,282.056876,152.161696,-117.619677,313.331038,172.808747,138.781632,
0.000000,0.000000,0.000000,0.000000,0.000000,0.000000,0.000000,0.000000,0.000000,0.000000,0.000000,0.000000,0.000000,0.000000,0.000000,0.000000,0.000000,0.000000,0.000000,0.000000,0.000000,0.000000,0.000000,0.000000,0.000000,0.000000,0.000000,0.000000,0.000000,0.000000,0.000000,0.000000,0.000000,0.000000,0.000000,0.000000,0.000000,0.000000,0.000000,0.000000,0.000000,0.000000,0.000000,0.000000,0.000000,0.000000,0.000000,0.000000,0.000000,0.000000,0.000000,0.000000,305.372683,494.399752,186.508884,300.831859,500.673612,155.704361,298.167065,500.971090,155.726316,295.219991,501.273257,155.757817,307.641880,500.488407,158.146735,309.771585,500.532150,158.203489,312.086032,500.619503,158.151631,291.031370,498.295245,57.801387,317.323595,496.978115,67.517238,301.546954,488.356056,157.431201,308.503558,488.242342,160.216548,272.151679,461.733092,-39.670605,343.534221,466.153086,35.219578,215.835070,482.572279,-134.138523,399.770610,487.949896,-47.661522,262.507057,507.299743,-227.698580,352.486128,507.058540,-156.159468,270.672218,518.460248,-254.320068,342.295621,514.110678,-173.609643,275.536770,513.881940,-252.402896,339.206112,510.622744,-175.525800,274.630844,508.568562,-229.430717,340.971888,505.924393,-158.947928,308.588627,340.273031,-49.458935,341.342830,344.476382,49.256624,309.124100,256.418664,-53.394188,329.369169,261.681914,123.617258,318.809891,167.359159,-84.506109,335.563119,185.515686,155.451753,327.684916,151.169377,-88.429338,341.691709,172.126598,158.420258,281.396436,152.153760,-120.950149,313.122816,173.130916,145.086442,
0.000000,0.000000,0.000000,0.000000,0.000000,0.000000,0.000000,0.000000,0.000000,0.000000,0.000000,0.000000,0.000000,0.000000,0.000000,0.000000,0.000000,0.000000,0.000000,0.000000,0.000000,0.000000,0.000000,0.000000,0.000000,0.000000,0.000000,0.000000,0.000000,0.000000,0.000000,0.000000,0.000000,0.000000,0.000000,0.000000,0.000000,0.000000,0.000000,0.000000,0.000000,0.000000,0.000000,0.000000,0.000000,0.000000,0.000000,0.000000,0.000000,0.000000,0.000000,0.000000,304.544928,494.401206,183.429251,299.966674,500.680499,152.679230,297.329942,500.967828,152.701434,294.415694,501.251682,152.734793,306.809690,500.514506,155.281470,308.961962,500.561825,155.334622,311.288410,500.655711,155.280218,290.609055,498.170595,54.961006,316.543795,496.988418,65.397528,300.719437,488.295428,154.380740,307.811822,488.224959,157.359438,272.095219,461.755294,-41.530324,343.261249,466.141661,33.915017,216.068055,482.650991,-133.657786,399.567475,488.027867,-48.218429,262.433599,507.336479,-224.675001,351.752322,507.047766,-153.424022,270.563466,518.541710,-250.553995,341.670098,514.094631,-170.229276,275.369279,513.881888,-248.911825,338.596659,510.617344,-172.078582,274.489235,508.583708,-226.434460,340.412435,505.922173,-156.129577,308.734552,340.268350,-49.943167,341.340205,344.481343,49.739572,309.086937,256.425293,-54.792030,329.330648,261.901646,125.863117,318.805985,167.158084,-86.164175,335.576105,185.623345,161.707202,327.703886,150.587923,-90.187775,341.770726,172.184977,164.993207,280.735997,152.145824,-124.280620,312.914594,173.453085,151.391251,
0.000000,0.000000,0.000000,0.000000,0.000000,0.000000,0.000000,0.000000,0.000000,0.000000,0.000000,0.000000,0.000000,0.000000,0.000000,0.000000,0.000000,0.000000,0.000000,0.000000,0.000000,0.000000,0.000000,0.000000,0.000000,0.000000,0.000000,0.000000,0.000000,0.000000,0.000000,0.000000,0.000000,0.000000,0.000000,0.000000,0.000000,0.000000,0.000000,0.000000,0.000000,0.000000,0.000000,0.000000,0.000000,0.000000,0.000000,0.000000,0.000000,0.000000,0.000000,0.000000,302.626521,494.348343,176.661838,298.348710,500.627852,146.149195,295.852859,500.896841,146.168274,293.098252,501.153776,146.200134,304.953110,500.502457,149.680151,307.074788,500.574230,149.731330,309.364703,500.680336,149.671389,290.079746,498.025568,49.215506,314.823277,496.944800,63.775684,299.192253,488.165941,147.820581,306.093589,488.172955,152.057892,272.425511,461.819628,-44.810147,342.522883,466.235896,34.425167,216.612358,482.794401,-132.980110,398.422422,487.901313,-35.540867,262.400886,507.513372,-217.330668,350.964833,506.984096,-129.513103,270.470196,518.666949,-242.013056,341.187914,514.128177,-144.694133,275.334954,513.896726,-240.922478,338.032291,510.646097,-147.555613,274.466895,508.554209,-219.120510,339.804008,505.929955,-132.408451,308.965143,340.261831,-51.041523,341.091108,344.590112,50.837250,309.170019,256.473599,-58.465066,329.112716,262.103948,127.653062,318.818791,166.951726,-92.765600,335.661033,185.742461,162.450231,327.792143,150.459189,-97.096930,341.949274,172.335384,165.581745,280.527187,151.936576,-132.065007,312.488602,173.663208,152.098379,
0.000000,0.000000,0.000000,0.000000,0.000000,0.000000,0.000000,0.000000,0.000000,0.000000,0.000000,0.000000,0.000000,0.000000,0.000000,0.000000,0.000000,0.000000,0.000000,0.000000,0.000000,0.000000,0.000000,0.000000,0.000000,0.000000,0.000000,0.000000,0.000000,0.000000,0.000000,0.000000,0.000000,0.000000,0.000000,0.000000,0.000000,0.000000,0.000000,0.000000,0.000000,0.000000,0.000000,0.000000,0.000000,0.000000,0.000000,0.000000,0.000000,0.000000,0.000000,0.000000,300.708114,494.295480,169.894425,296.730745,500.575205,139.619160,294.375776,500.825854,139.635115,291.780810,501.055870,139.665474,303.096530,500.490408,144.078833,305.187613,500.586634,144.128038,307.440996,500.704961,144.062560,289.550438,497.880541,43.470007,313.102759,496.901183,62.153840,297.665069,488.036454,141.260422,304.375356,488.120952,146.756346,272.755802,461.883961,-48.089970,341.784516,466.330131,34.935317,217.156661,482.937810,-132.302434,397.277369,487.774759,-22.863305,262.368174,507.690265,-209.986335,350.177343,506.920427,-105.602183,270.376927,518.792188,-233.472118,340.705730,514.161724,-119.158989,275.300629,513.911565,-232.933131,337.467923,510.674850,-123.032643,274.444555,508.524710,-211.806560,339.195581,505.937736,-108.687324,309.195734,340.255311,-52.139879,340.842011,344.698880,51.934928,309.253102,256.521905,-62.138101,328.894784,262.306251,129.443008,318.831596,166.745368,-99.367024,335.745961,185.861578,163.193259,327.880400,150.330456,-104.006085,342.127821,172.485791,166.170282,280.318376,151.727328,-139.849394,312.062611,173.873332,152.805506,
0.000000,0.000000,0.000000,0.000000,0.000000,0.000000,0.000000,0.000000,0.000000,0.000000,0.000000,0.000000,0.000000,0.000000,0.000000,0.000000,0.000000,0.000000,0.000000,0.000000,0.000000,0.000000,0.000000,0.000000,0.000000,0.000000,0.000000,0.000000,0.000000,0.000000,0.000000,0.000000,0.000000,0.000000,0.000000,0.000000,0.000000,0.000000,0.000000,0.000000,0.000000,0.000000,0.000000,0.000000,0.000000,0.000000,0.000000,0.000000,0.000000,0.000000,0.000000,0.000000,298.789707,494.242617,163.127011,295.112780,500.522557,133.089125,292.898693,500.754867,133.101956,290.463368,500.957964,133.130815,301.239950,500.478359,138.477514,303.300439,500.599039,138.524746,305.517289,500.729586,138.453731,289.021130,497.735515,37.724507,311.382241,496.857566,60.531996,296.137885,487.906967,134.700263,302.657122,488.068948,141.454800,273.086093,461.948295,-51.369793,341.046150,466.424366,35.445467,217.700965,483.081219,-131.624757,396.132316,487.648206,-10.185743,262.335461,507.867158,-202.642002,349.389854,506.856757,-81.691263,270.283658,518.917427,-224.931179,340.223545,514.195270,-93.623846,275.266303,513.926403,-224.943785,336.903555,510.703604,-98.509674,274.422215,508.495212,-204.492610,338.587155,505.945517,-84.966197,309.426325,340.248792,-53.238235,340.592914,344.807649,53.032606,309.336184,256.570211,-65.811137,328.676851,262.508553,131.232953,318.844401,166.539009,-105.968449,335.830888,185.980694,163.936287,327.968657,150.201723,-110.915240,342.306369,172.636198,166.758820,280.109565,151.518079,-147.633781,311.636619,174.083456,153.512634,
0.000000,0.000000,0.000000,0.000000,0.000000,0.000000,0.000000,0.000000,0.000000,0.000000,0.000000,0.000000,0.000000,0.000000,0.000000,0.000000,0.000000,0.000000,0.000000,0.000000,0.000000,0.000000,0.000000,0.000000,0.000000,0.000000,0.000000,0.000000,0.000000,0.000000,0.000000,0.000000,0.000000,0.000000,0.000000,0.000000,0.000000,0.000000,0.000000,0.000000,0.000000,0.000000,0.000000,0.000000,0.000000,0.000000,0.000000,0.000000,0.000000,0.000000,0.000000,0.000000,296.871300,494.189754,156.359598,293.494815,500.469910,126.559090,291.421610,500.683880,126.568796,289.145927,500.860058,126.596156,299.383370,500.466310,132.876196,301.413265,500.611443,132.921454,303.593582,500.754211,132.844901,288.491821,497.590488,31.979008,309.661723,496.813948,58.910152,294.610702,487.777480,128.140104,300.938889,488.016944,136.153254,273.416385,462.012628,-54.649616,340.307783,466.518601,35.955617,218.245268,483.224628,-130.947081,394.987263,487.521652,2.491819,262.302749,508.044051,-195.297669,348.602365,506.793088,-57.780343,270.190389,519.042666,-216.390240,339.741361,514.228817,-68.088703,275.231978,513.941242,-216.954438,336.339187,510.732357,-73.986704,274.399875,508.465713,-197.178660,337.978728,505.953299,-61.245071,309.656916,340.242273,-54.336592,340.343817,344.916418,54.130284,309.419266,256.618518,-69.484172,328.458919,262.710856,133.022899,318.857206,166.332651,-112.569874,335.915816,186.099811,164.679315,328.056914,150.072989,-117.824395,342.484917,172.786605,167.347358,279.900755,151.308831,-155.418168,311.210627,174.293580,154.219761,
0.000000,0.000000,0.000000,0.000000,0.000000,0.000000,0.000000,0.000000,0.000000,0.000000,0.000000,0.000000,0.000000,0.000000,0.000000,0.000000,0.000000,0.000000,0.000000,0.000000,0.000000,0.000000,0.000000,0.000000,0.000000,0.000000,0.000000,0.000000,0.000000,0.000000,0.000000,0.000000,0.000000,0.000000,0.000000,0.000000,0.000000,0.000000,0.000000,0.000000,0.000000,0.000000,0.000000,0.000000,0.000000,0.000000,0.000000,0.000000,0.000000,0.000000,0.000000,0.000000,295.426935,494.219053,149.249367,292.338860,500.551313,119.826135,290.399215,500.748897,119.833584,288.250927,500.905234,119.859170,297.991915,500.598589,127.094951,300.000480,500.759039,127.137439,302.182008,500.912980,127.058991,288.167211,497.581397,26.620151,308.491438,496.928292,57.875402,293.498496,487.750652,121.423217,299.627808,488.041547,130.715403,274.168914,462.196594,-57.719894,339.702535,466.656014,38.117564,219.912556,483.325982,-129.842615,393.467695,487.337061,17.439029,262.410399,508.193960,-186.785814,347.614894,506.724878,-30.269057,270.137485,519.129294,-206.575087,339.000527,514.222693,-38.730584,275.210738,514.019748,-207.695662,335.557819,510.746160,-45.399771,274.410084,508.566344,-188.643764,337.144555,505.948966,-33.801298,309.853957,340.304097,-55.763151,339.835362,345.011735,55.557260,309.509765,256.642244,-72.280029,328.029780,262.810169,134.168358,318.856878,166.076842,-116.674801,335.963679,186.264939,165.984163,328.155772,149.770431,-122.059071,342.662735,173.014884,168.630214,279.689578,150.904729,-160.226841,310.844226,174.409114,155.786892,
0.000000,0.000000,0.000000,0.000000,0.000000,0.000000,0.000000,0.000000,0.000000,0.000000,0.000000,0.000000,0.000000,0.000000,0.000000,0.000000,0.000000,0.000000,0.000000,0.000000,0.000000,0.000000,0.000000,0.000000,0.000000,0.000000,0.000000,0.000000,0.000000,0.000000,0.000000,0.000000,0.000000,0.000000,0.000000,0.000000,0.000000,0.000000,0.000000,0.000000,0.000000,0.000000,0.000000,0.000000,0.000000,0.000000,0.000000,0.000000,0.000000,0.000000,0.000000,0.000000,293.982569,494.248351,142.139136,291.182905,500.632715,113.093180,289.376820,500.813914,113.098372,287.355927,500.950411,113.122184,296.600459,500.730867,121.313705,298.587695,500.906634,121.353425,300.770433,501.071748,121.273080,287.842600,497.572306,21.261295,307.321152,497.042635,56.840652,292.386290,487.723823,114.706331,298.316727,488.066151,125.277551,274.921442,462.380560,-60.790172,339.097287,466.793427,40.279512,221.579844,483.427335,-128.738149,391.948127,487.152470,32.386240,262.518048,508.343869,-178.273958,346.627424,506.656668,-2.757771,270.084580,519.215922,-196.759934,338.259693,514.216569,-9.372465,275.189497,514.098255,-198.436885,334.776451,510.759964,-16.812838,274.420293,508.666974,-180.108869,336.310381,505.944633,-6.357525,310.050998,340.365921,-57.189711,339.326906,345.107053,56.984237,309.600264,256.665970,-75.075886,327.600641,262.909481,135.313816,318.856549,165.821033,-120.779729,336.011541,186.430067,167.289011,328.254629,149.467873,-126.293746,342.840553,173.243162,169.913070,279.478402,150.500626,-165.035513,310.477825,174.524648,157.354023,
0.000000,0.000000,0.000000,0.000000,0.000000,0.000000,0.000000,0.000000,0.000000,0.000000,0.000000,0.000000,0.000000,0.000000,0.000000,0.000000,0.000000,0.000000,0.000000,0.000000,0.000000,0.000000,0.000000,0.000000,0.000000,0.000000,0.000000,0.000000,0.000000,0.000000,0.000000,0.000000,0.000000,0.000000,0.000000,0.000000,0.000000,0.000000,0.000000,0.000000,0.000000,0.000000,0.000000,0.000000,0.000000,0.000000,0.000000,0.000000,0.000000,0.000000,0.000000,0.000000,292.538204,494.277650,135.028906,290.026949,500.714118,106.360224,288.354425,500.878930,106.363159,286.460927,500.995587,106.385198,295.209004,500.863146,115.532460,297.174911,501.054230,115.569411,299.358859,501.230517,115.487170,287.517989,497.563215,15.902439,306.150867,497.156978,55.805902,291.274085,487.696995,107.989445,297.005647,488.090754,119.839700,275.673971,462.564525,-63.860450,338.492039,466.930840,42.441460,223.247132,483.528689,-127.633682,390.428558,486.967878,47.333450,262.625698,508.493778,-169.762102,345.639954,506.588458,24.753515,270.031675,519.302550,-186.944780,337.518860,514.210445,19.985654,275.168257,514.176761,-189.178109,333.995083,510.773768,11.774095,274.430501,508.767605,-171.573974,335.476208,505.940300,21.086249,310.248039,340.427745,-58.616271,338.818451,345.202371,58.411213,309.690763,256.689697,-77.871743,327.171501,263.008794,136.459275,318.856221,165.565224,-124.884656,336.059404,186.595196,168.593859,328.353487,149.165314,-130.528422,343.018372,173.471441,171.195926,279.267225,150.096524,-169.844185,310.111424,174.640182,158.921155,
0.000000,0.000000,0.000000,0.000000,0.000000,0.000000,0.000000,0.000000,0.000000,0.000000,0.000000,0.000000,0.000000,0.000000,0.000000,0.000000,0.000000,0.000000,0.000000,0.000000,0.000000,0.000000,0.000000,0.000000,0.000000,0.000000,0.000000,0.000000,0.000000,0.000000,0.000000,0.000000,0.000000,0.000000,0.000000,0.000000,0.000000,0.000000,0.000000,0.000000,0.000000,0.000000,0.000000,0.000000,0.000000,0.000000,0.000000,0.000000,0.000000,0.000000,0.000000,0.000000,291.093839,494.306948,127.918675,288.870994,500.795520,99.627269,287.332031,500.943947,99.627947,285.565927,501.040763,99.648212,293.817548,500.995424,109.751215,295.762126,501.201825,109.785396,297.947285,501.389286,109.701259,287.193378,497.554124,10.543583,304.980581,497.271321,54.771152,290.161879,487.670166,101.272559,295.694566,488.115357,114.401849,276.426500,462.748491,-66.930729,337.886791,467.068253,44.603407,224.914421,483.630043,-126.529216,388.908990,486.783287,62.280660,262.733347,508.643687,-161.250246,344.652483,506.520248,52.264802,269.978771,519.389179,-177.129627,336.778026,514.204321,49.343773,275.147016,514.255267,-179.919332,333.213714,510.787571,40.361028,274.440710,508.868236,-163.039078,334.642034,505.935968,48.530022,310.445080,340.489569,-60.042831,338.309995,345.297689,59.838190,309.781262,256.713423,-80.667599,326.742362,263.108107,137.604733,318.855892,165.309416,-128.989584,336.107267,186.760324,169.898707,328.452345,148.862756,-134.763097,343.196190,173.699719,172.478782,279.056049,149.692421,-174.652858,309.745022,174.755717,160.488286,
0.000000,0.000000,0.000000,0.000000,0.000000,0.000000,0.000000,0.000000,0.000000,0.000000,0.000000,0.000000,0.000000,0.000000,0.000000,0.000000,0.000000,0.000000,0.000000,0.000000,0.000000,0.000000,0.000000,0.000000,0.000000,0.000000,0.000000,0.000000,0.000000,0.000000,0.000000,0.000000,0.000000,0.000000,0.000000,0.000000,0.000000,0.000000,0.000000,0.000000,0.000000,0.000000,0.000000,0.000000,0.000000,0.000000,0.000000,0.000000,0.000000,0.000000,0.000000,0.000000,290.161440,494.418033,120.329223,288.202313,501.014282,92.527724,286.777587,501.147752,92.527244,285.106011,501.232230,92.545984,292.940834,501.270898,103.587897,294.876598,501.483311,103.618298,297.097973,501.680708,103.536003,287.060900,497.678771,5.368767,304.380320,497.545060,53.979139,289.474311,487.740906,94.261792,294.826167,488.216876,108.637200,277.565485,463.044585,-69.986726,337.408522,467.242037,48.060245,227.748837,483.689567,-125.356301,387.052332,486.557216,77.985998,262.984954,508.762484,-152.867946,343.470055,506.450336,80.821447,269.964397,519.435194,-167.459614,335.786583,514.145250,79.849574,275.138954,514.390874,-170.721327,332.239227,510.780093,70.355004,274.475260,509.101842,-154.573251,333.600970,505.915368,77.118646,310.586973,340.622793,-61.761663,337.555719,345.372389,61.558218,309.864486,256.719461,-82.249206,326.131190,263.130925,138.292029,318.841661,165.095625,-130.284019,336.109323,186.987073,171.701479,328.554043,148.486421,-136.009669,343.366093,174.024070,174.370090,278.915794,149.155931,-176.187482,309.421792,174.793723,162.721673,
0.000000,0.000000,0.000000,0.000000,0.000000,0.000000,0.000000,0.000000,0.000000,0.000000,0.000000,0.000000,0.000000,0.000000,0.000000,0.000000,0.000000,0.000000,0.000000,0.000000,0.000000,0.000000,0.000000,0.000000,0.000000,0.000000,0.000000,0.000000,0.000000,0.000000,0.000000,0.000000,0.000000,0.000000,0.000000,0.000000,0.000000,0.000000,0.000000,0.000000,0.000000,0.000000,0.000000,0.000000,0.000000,0.000000,0.000000,0.000000,0.000000,0.000000,0.000000,0.000000,289.229041,494.529118,112.739770,287.533632,501.233043,85.428179,286.223143,501.351557,85.426541,284.646096,501.423696,85.443755,292.064120,501.546372,97.424579,293.991071,501.764797,97.451199,296.248661,501.972129,97.370748,286.928421,497.803418,0.193951,303.780059,497.818800,53.187126,288.786742,487.811645,87.251025,293.957768,488.318394,102.872552,278.704470,463.340679,-73.042724,336.930253,467.415822,51.517083,230.583253,483.749091,-124.183386,385.195674,486.331145,93.691335,263.236560,508.881281,-144.485646,342.287626,506.380424,109.378093,269.950022,519.481210,-157.789601,334.795140,514.086179,110.355376,275.130892,514.526481,-161.523321,331.264740,510.772616,100.348980,274.509810,509.335449,-146.107423,332.559905,505.894768,105.707270,310.728866,340.756017,-63.480496,336.801443,345.447089,63.278247,309.947709,256.725498,-83.830813,325.520017,263.153743,138.979325,318.827430,164.881835,-131.578454,336.111380,187.213822,173.504251,328.655741,148.110087,-137.256240,343.535995,174.348421,176.261399,278.775540,148.619441,-177.722106,309.098562,174.831729,164.955060,
0.000000,0.000000,0.000000,0.000000,0.000000,0.000000,0.000000,0.000000,0.000000,0.000000,0.000000,0.000000,0.000000,0.000000,0.000000,0.000000,0.000000,0.000000,0.000000,0.000000,0.000000,0.000000,0.000000,0.000000,0.000000,0.000000,0.000000,0.000000,0.000000,0.000000,0.000000,0.000000,0.000000,0.000000,0.000000,0.000000,0.000000,0.000000,0.000000,0.000000,0.000000,0.000000,0.000000,0.000000,0.000000,0.000000,0.000000,0.000000,0.000000,0.000000,0.000000,0.000000,288.296642,494.640204,105.150317,286.864951,501.451805,78.328634,285.668699,501.555362,78.325837,284.186180,501.615162,78.341526,291.187406,501.821847,91.261261,293.105543,502.046283,91.284100,295.399349,502.263551,91.205492,286.795942,497.928065,-4.980864,303.179797,498.092539,52.395113,288.099174,487.882385,80.240258,293.089369,488.419913,97.107903,279.843455,463.636773,-76.098721,336.451984,467.589607,54.973921,233.417669,483.808615,-123.010471,383.339016,486.105074,109.396673,263.488166,509.000078,-136.103346,341.105197,506.310512,137.934738,269.935648,519.527226,-148.119589,333.803697,514.027108,140.861178,275.122830,514.662088,-152.325316,330.290252,510.765138,130.342956,274.544360,509.569056,-137.641596,331.518840,505.874168,134.295894,310.870759,340.889242,-65.199328,336.047167,345.521789,64.998275,310.030932,256.731536,-85.412421,324.908844,263.176560,139.666621,318.813199,164.668045,-132.872889,336.113436,187.440570,175.307023,328.757439,147.733752,-138.502811,343.705898,174.672772,178.152708,278.635285,148.082950,-179.256730,308.775331,174.869735,167.188448,
0.000000,0.000000,0.000000,0.000000,0.000000,0.000000,0.000000,0.000000,0.000000,0.000000,0.000000,0.000000,0.000000,0.000000,0.000000,0.000000,0.000000,0.000000,0.000000,0.000000,0.000000,0.000000,0.000000,0.000000,0.000000,0.000000,0.000000,0.000000,0.000000,0.000000,0.000000,0.000000,0.000000,0.000000,0.000000,0.000000,0.000000,0.000000,0.000000,0.000000,0.000000,0.000000,0.000000,0.000000,0.000000,0.000000,0.000000,0.000000,0.000000,0.000000,0.000000,0.000000,287.364243,494.751289,97.560865,286.196270,501.670566,71.229088,285.114256,501.759167,71.225134,283.726264,501.806629,71.239298,290.310692,502.097321,85.097942,292.220016,502.327769,85.117001,294.550037,502.554973,85.040237,286.663464,498.052712,-10.155680,302.579536,498.366278,51.603101,287.411605,487.953124,73.229491,292.220971,488.521431,91.343255,280.982440,463.932867,-79.154719,335.973715,467.763391,58.430759,236.252085,483.868139,-121.837556,381.482358,485.879003,125.102011,263.739772,509.118875,-127.721046,339.922769,506.240600,166.491384,269.921274,519.573241,-138.449576,332.812253,513.968037,171.366980,275.114768,514.797695,-143.127311,329.315765,510.757660,160.336933,274.578910,509.802663,-129.175768,330.477775,505.853568,162.884518,311.012652,341.022466,-66.918161,335.292891,345.596489,66.718303,310.114155,256.737573,-86.994028,324.297672,263.199378,140.353917,318.798967,164.454255,-134.167324,336.115493,187.667319,177.109796,328.859137,147.357418,-139.749383,343.875801,174.997123,180.044017,278.495031,147.546460,-180.791355,308.452101,174.907741,169.421835,
0.000000,0.000000,0.000000,0.000000,0.000000,0.000000,0.000000,0.000000,0.000000,0.000000,0.000000,0.000000,0.000000,0.000000,0.000000,0.000000,0.000000,0.000000,0.000000,0.000000,0.000000,0.000000,0.000000,0.000000,0.000000,0.000000,0.000000,0.000000,0.000000,0.000000,0.000000,0.000000,0.000000,0.000000,0.000000,0.000000,0.000000,0.000000,0.000000,0.000000,0.000000,0.000000,0.000000,0.000000,0.000000,0.000000,0.000000,0.000000,0.000000,0.000000,0.000000,0.000000,286.852701,494.908300,89.179089,285.942094,501.979468,63.415729,284.963265,502.057668,63.411965,283.655345,502.103724,63.425126,289.861215,502.456430,78.263089,291.759169,502.678534,78.277880,294.130017,502.909600,78.206843,286.682576,498.281679,-15.393546,302.374924,498.759942,51.046433,287.061928,488.082236,65.668379,291.685649,488.658663,85.062617,282.497460,464.329365,-82.414846,335.639917,467.940983,63.289329,240.529414,484.048028,-123.155696,379.318728,485.689227,140.876623,264.368477,509.399356,-124.522987,338.614154,506.229738,194.147276,270.006198,519.807800,-134.370102,331.545417,513.877800,200.930448,275.135918,515.164858,-139.066417,328.186326,510.762770,189.635534,274.651320,510.334133,-125.749464,329.271693,505.864950,190.620395,311.092883,341.241533,-69.061741,334.303788,345.643820,68.865477,310.182262,256.735538,-87.358478,323.530241,263.153597,140.508076,318.771228,164.337912,-133.247157,336.052484,187.942372,179.299881,328.958118,146.972239,-138.604369,344.031079,175.392798,182.391578,278.434460,146.912250,-179.322803,308.157167,174.859122,171.607559,
0.000000,0.000000,0.000000,0.000000,0.000000,0.000000,0.000000,0.000000,0.000000,0.000000,0.000000,0.000000,0.000000,0.000000,0.000000,0.000000,0.000000,0.000000,0.000000,0.000000,0.000000,0.000000,0.000000,0.000000,0.000000,0.000000,0.000000,0.000000,0.000000,0.000000,0.000000,0.000000,0.000000,0.000000,0.000000,0.000000,0.000000,0.000000,0.000000,0.000000,0.000000,0.000000,0.000000,0.000000,0.000000,0.000000,0.000000,0.000000,0.000000,0.000000,0.000000,0.000000,286.341159,495.065311,80.797314,285.687919,502.288370,55.602370,284.812274,502.356169,55.598796,283.584427,502.400819,55.610955,289.411738,502.815540,71.428235,291.298321,503.029300,71.438759,293.709997,503.264228,71.373449,286.701688,498.510646,-20.631412,302.170312,499.153606,50.489765,286.712251,488.211347,58.107267,291.150327,488.795896,78.781980,284.012481,464.725863,-85.674974,335.306120,468.118574,68.147898,244.806742,484.227916,-124.473837,377.155098,485.499452,156.651235,264.997182,509.679838,-121.324928,337.305539,506.218876,221.803169,270.091122,520.042358,-130.290628,330.278580,513.787562,230.493917,275.157067,515.532020,-135.005524,327.056888,510.767880,218.934136,274.723730,510.865602,-122.323159,328.065612,505.876332,218.356271,311.173114,341.460600,-71.205322,333.314685,345.691151,71.012650,310.250368,256.733504,-87.722929,322.762810,263.107815,140.662234,318.743489,164.221570,-132.326990,335.989476,188.217424,181.489966,329.057099,146.587059,-137.459356,344.186358,175.788474,184.739138,278.373889,146.278040,-177.854252,307.862233,174.810502,173.793283,
0.000000,0.000000,0.000000,0.000000,0.000000,0.000000,0.000000,0.000000,0.000000,0.000000,0.000000,0.000000,0.000000,0.000000,0.000000,0.000000,0.000000,0.000000,0.000000,0.000000,0.000000,0.000000,0.000000,0.000000,0.000000,0.000000,0.000000,0.000000,0.000000,0.000000,0.000000,0.000000,0.000000,0.000000,0.000000,0.000000,0.000000,0.000000,0.000000,0.000000,0.000000,0.000000,0.000000,0.000000,0.000000,0.000000,0.000000,0.000000,0.000000,0.000000,0.000000,0.000000,285.829617,495.222322,72.415539,285.433744,502.597271,47.789011,284.661284,502.654670,47.785627,283.513509,502.697914,47.796784,288.962261,503.174649,64.593381,290.837474,503.380065,64.599638,293.289977,503.618855,64.540055,286.720800,498.739613,-25.869278,301.965699,499.547271,49.933097,286.362573,488.340458,50.546155,290.615005,488.933128,72.501343,285.527501,465.122362,-88.935102,334.972323,468.296166,73.006468,249.084071,484.407804,-125.791978,374.991468,485.309677,172.425847,265.625887,509.960320,-118.126869,335.996923,506.208013,249.459062,270.176047,520.276916,-126.211154,329.011744,513.697325,260.057386,275.178216,515.899183,-130.944631,325.927449,510.772990,248.232737,274.796140,511.397072,-118.896855,326.859530,505.887714,246.092148,311.253345,341.679668,-73.348902,332.325582,345.738483,73.159823,310.318474,256.731469,-88.087380,321.995379,263.062034,140.816392,318.715750,164.105227,-131.406823,335.926468,188.492477,183.680051,329.156079,146.201880,-136.314342,344.341636,176.184150,187.086698,278.313319,145.643829,-176.385701,307.567299,174.761882,175.979008,
0.000000,0.000000,0.000000,0.000000,0.000000,0.000000,0.000000,0.000000,0.000000,0.000000,0.000000,0.000000,0.000000,0.000000,0.000000,0.000000,0.000000,0.000000,0.000000,0.000000,0.000000,0.000000,0.000000,0.000000,0.000000,0.000000,0.000000,0.000000,0.000000,0.000000,0.000000,0.000000,0.000000,0.000000,0.000000,0.000000,0.000000,0.000000,0.000000,0.000000,0.000000,0.000000,0.000000,0.000000,0.000000,0.000000,0.000000,0.000000,0.000000,0.000000,0.000000,0.000000,285.318075,495.379333,64.033764,285.179569,502.906173,39.975653,284.510293,502.953171,39.972458,283.442590,502.995009,39.982612,288.512784,503.533758,57.758528,290.376627,503.730830,57.760517,292.869956,503.973483,57.706662,286.739912,498.968579,-31.107144,301.761087,499.940935,49.376429,286.012896,488.469570,42.985043,290.079683,489.070360,66.220705,287.042521,465.518860,-92.195230,334.638525,468.473758,77.865037,253.361400,484.587693,-127.110118,372.827839,485.119901,188.200460,266.254592,510.240801,-114.928810,334.688308,506.197151,277.114955,270.260971,520.511475,-122.131680,327.744907,513.607088,289.620855,275.199366,516.266346,-126.883738,324.798010,510.778100,277.531339,274.868550,511.928541,-115.470550,325.653449,505.899096,273.828024,311.333576,341.898735,-75.492483,331.336479,345.785814,75.306997,310.386580,256.729434,-88.451831,321.227948,263.016253,140.970550,318.688011,163.988885,-130.486656,335.863459,188.767530,185.870137,329.255060,145.816701,-135.169329,344.496914,176.579826,189.434258,278.252748,145.009619,-174.917149,307.272365,174.713263,178.164732,
0.000000,0.000000,0.000000,0.000000,0.000000,0.000000,0.000000,0.000000,0.000000,0.000000,0.000000,0.000000,0.000000,0.000000,0.000000,0.000000,0.000000,0.000000,0.000000,0.000000,0.000000,0.000000,0.000000,0.000000,0.000000,0.000000,0.000000,0.000000,0.000000,0.000000,0.000000,0.000000,0.000000,0.000000,0.000000,0.000000,0.000000,0.000000,0.000000,0.000000,0.000000,0.000000,0.000000,0.000000,0.000000,0.000000,0.000000,0.000000,0.000000,0.000000,0.000000,0.000000,283.077231,495.414535,44.531742,283.620652,503.046062,20.978998,283.228120,503.082338,20.978629,282.472176,503.118960,20.987745,286.422556,503.672590,40.672067,288.151400,503.864626,40.675680,290.403180,504.114269,40.626119,286.593243,498.952592,-45.887222,299.755928,500.062087,43.295071,284.399800,488.347949,24.815001,287.800260,488.892690,50.560554,289.509451,465.337752,-106.671881,332.270142,468.564513,79.590731,259.965610,483.359006,-172.320301,364.071977,484.896784,202.404442,269.781108,508.321847,-191.413364,330.528059,506.533091,303.342432,272.006856,518.410819,-204.104580,324.634425,513.925911,318.850601,276.245548,515.078371,-206.199796,321.552248,511.240831,307.071764,276.201067,510.973705,-191.859104,322.384308,506.622795,300.503524,311.647626,342.049549,-78.463205,329.757038,345.828479,78.297439,310.397432,256.763274,-86.962174,320.899569,263.025521,147.418929,318.647642,163.782566,-124.215456,335.707802,188.960507,200.307303,329.232761,145.795442,-127.988335,344.552471,177.213840,204.387375,278.270116,144.627662,-170.833568,307.021871,174.914431,191.030516,
0.000000,0.000000,0.000000,0.000000,0.000000,0.000000,0.000000,0.000000,0.000000,0.000000,0.000000,0.000000,0.000000,0.000000,0.000000,0.000000,0.000000,0.000000,0.000000,0.000000,0.000000,0.000000,0.000000,0.000000,0.000000,0.000000,0.000000,0.000000,0.000000,0.000000,0.000000,0.000000,0.000000,0.000000,0.000000,0.000000,0.000000,0.000000,0.000000,0.000000,0.000000,0.000000,0.000000,0.000000,0.000000,0.000000,0.000000,0.000000,0.000000,0.000000,0.000000,0.000000,280.836387,495.449737,25.029720,282.061735,503.185950,1.982343,281.945947,503.211505,1.984801,281.501761,503.242912,1.992878,284.332328,503.811422,23.585607,285.926174,503.998423,23.590843,287.936404,504.255056,23.545577,286.446575,498.936604,-60.667299,297.750769,500.183240,37.213714,282.786704,488.226329,6.644959,285.520838,488.715020,34.900402,291.976381,465.156645,-121.148531,329.901759,468.655269,81.316425,266.569821,482.130319,-217.530484,355.316116,484.673667,216.608424,273.307623,506.402893,-267.897918,326.367810,506.869031,329.569908,273.752740,516.310164,-286.077479,321.523942,514.244735,348.080348,277.291731,513.890396,-285.515853,318.306485,511.703561,336.612188,277.533584,510.018868,-268.247658,319.115167,507.346494,327.179024,311.961676,342.200363,-81.433928,328.177598,345.871143,81.287882,310.408284,256.797115,-85.472518,320.571190,263.034790,153.867309,318.607273,163.576246,-117.944256,335.552144,189.153485,214.744469,329.210463,145.774182,-120.807342,344.608028,177.847855,219.340491,278.287483,144.245705,-166.749988,306.771377,175.115600,203.896300,
0.000000,0.000000,0.000000,0.000000,0.000000,0.000000,0.000000,0.000000,0.000000,0.000000,0.000000,0.000000,0.000000,0.000000,0.000000,0.000000,0.000000,0.000000,0.000000,0.000000,0.000000,0.000000,0.000000,0.000000,0.000000,0.000000,0.000000,0.000000,0.000000,0.000000,0.000000,0.000000,0.000000,0.000000,0.000000,0.000000,0.000000,0.000000,0.000000,0.000000,0.000000,0.000000,0.000000,0.000000,0.000000,0.000000,0.000000,0.000000,0.000000,0.000000,0.000000,0.000000,278.595543,495.484939,5.527699,280.502819,503.325839,-17.014311,280.663774,503.340671,-17.009028,280.531347,503.366864,-17.001990,282.242101,503.950254,6.499147,283.700947,504.132220,6.506006,285.469628,504.395843,6.465035,286.299906,498.920616,-75.447377,295.745609,500.304392,31.132357,281.173608,488.104708,-11.525083,283.241415,488.537350,19.240251,294.443310,464.975537,-135.625182,327.533376,468.746024,83.042119,273.174031,480.901632,-262.740667,346.560254,484.450549,230.812406,276.834139,504.483939,-344.382472,322.207560,507.204971,355.797385,275.498625,514.209509,-368.050379,318.413460,514.563558,377.310094,278.337913,512.702421,-364.831911,315.060722,512.166292,366.152613,278.866101,509.064032,-344.636213,315.846025,508.070193,353.854524,312.275725,342.351178,-84.404651,326.598157,345.913808,84.278324,310.419136,256.830955,-83.982861,320.242811,263.044058,160.315688,318.566905,163.369927,-111.673056,335.396486,189.346462,229.181634,329.188164,145.752923,-113.626349,344.663585,178.481870,234.293607,278.304851,143.863748,-162.666407,306.520884,175.316768,216.762084,
0.000000,0.000000,0.000000,0.000000,0.000000,0.000000,0.000000,0.000000,0.000000,0.000000,0.000000,0.000000,0.000000,0.000000,0.000000,0.000000,0.000000,0.000000,0.000000,0.000000,0.000000,0.000000,0.000000,0.000000,0.000000,0.000000,0.000000,0.000000,0.000000,0.000000,0.000000,0.000000,0.000000,0.000000,0.000000,0.000000,0.000000,0.000000,0.000000,0.000000,0.000000,0.000000,0.000000,0.000000,0.000000,0.000000,0.000000,0.000000,0.000000,0.000000,0.000000,0.000000,276.354699,495.520140,-13.974323,278.943902,503.465728,-36.010966,279.381601,503.469838,-36.002856,279.560932,503.490816,-35.996857,280.151873,504.089086,-10.587313,281.475721,504.266016,-10.578831,283.002852,504.536629,-10.615508,286.153237,498.904628,-90.227454,293.740450,500.425545,25.051000,279.560512,487.983088,-29.695125,280.961993,488.359680,3.580099,296.910240,464.794429,-150.101833,325.164993,468.836780,84.767813,279.778241,479.672945,-307.950850,337.804393,484.227432,245.016388,280.360654,502.564985,-420.867026,318.047311,507.540911,382.024862,277.244510,512.108853,-450.023278,315.302978,514.882382,406.539841,279.384095,511.514446,-444.147968,311.814960,512.629023,395.693038,280.198618,508.109196,-421.024767,312.576884,508.793891,380.530024,312.589775,342.501992,-87.375373,325.018717,345.956472,87.268767,310.429988,256.864795,-82.493205,319.914432,263.053326,166.764067,318.526536,163.163608,-105.401856,335.240828,189.539440,243.618800,329.165866,145.731663,-106.445356,344.719142,179.115885,249.246723,278.322218,143.481791,-158.582826,306.270390,175.517936,229.627868,
0.000000,0.000000,0.000000,0.000000,0.000000,0.000000,0.000000,0.000000,0.000000,0.000000,0.000000,0.000000,0.000000,0.000000,0.000000,0.000000,0.000000,0.000000,0.000000,0.000000,0.000000,0.000000,0.000000,0.000000,0.000000,0.000000,0.000000,0.000000,0.000000,0.000000,0.000000,0.000000,0.000000,0.000000,0.000000,0.000000,0.000000,0.000000,0.000000,0.000000,0.000000,0.000000,0.000000,0.000000,0.000000,0.000000,0.000000,0.000000,0.000000,0.000000,0.000000,0.000000,275.119334,495.385491,-24.078437,278.060330,503.413918,-45.792646,278.655142,503.426161,-45.783099,279.013907,503.460339,-45.778552,278.948427,504.015929,-19.346207,280.191500,504.197165,-19.337261,281.586174,504.481403,-19.373274,286.173792,498.873403,-97.656123,292.572342,500.437824,22.121629,278.734522,487.809554,-39.085669,279.734923,488.119400,-4.468618,298.829257,464.699842,-157.595494,323.082317,468.668972,86.329319,283.861121,478.675976,-330.881225,331.496092,483.870259,253.986409,282.536355,501.403552,-459.300519,314.622711,507.659056,398.045446,278.735586,510.617700,-491.191178,312.713017,515.014966,424.295375,280.436753,510.577746,-484.199580,309.220755,512.860479,413.669497,281.369933,507.392465,-459.489963,309.819566,509.192250,396.818268,312.837072,342.597264,-88.802270,323.610937,345.967032,88.708275,310.483462,256.893115,-82.862960,319.596798,263.031437,169.820259,318.523821,162.949422,-103.197929,335.151368,189.654541,249.271122,329.173887,145.699755,-103.900450,344.732584,179.554053,255.069972,278.367162,143.169400,-158.440882,306.092463,175.504514,235.021244,
0.000000,0.000000,0.000000,0.000000,0.000000,0.000000,0.000000,0.000000,0.000000,0.000000,0.000000,0.000000,0.000000,0.000000,0.000000,0.000000,0.000000,0.000000,0.000000,0.000000,0.000000,0.000000,0.000000,0.000000,0.000000,0.000000,0.000000,0.000000,0.000000,0.000000,0.000000,0.000000,0.000000,0.000000,0.000000,0.000000,0.000000,0.000000,0.000000,0.000000,0.000000,0.000000,0.000000,0.000000,0.000000,0.000000,0.000000,0.000000,0.000000,0.000000,0.000000,0.000000,273.883969,495.250841,-34.182552,277.176757,503.362108,-55.574326,277.928683,503.382484,-55.563341,278.466881,503.429862,-55.560248,277.744981,503.942772,-28.105101,278.907280,504.128314,-28.095691,280.169496,504.426178,-28.131040,286.194347,498.842177,-105.084791,291.404235,500.450102,19.192258,277.908531,487.636021,-48.476213,278.507854,487.879121,-12.517336,300.748274,464.605254,-165.089155,320.999642,468.501164,87.890825,287.944001,477.679007,-353.811599,325.187791,483.513086,262.956431,284.712057,500.242119,-497.734012,311.198110,507.777200,414.066030,280.226662,509.126546,-532.359077,310.123057,515.147551,442.050910,281.489410,509.641045,-524.251192,306.626550,513.091936,431.645957,282.541248,506.675733,-497.955159,307.062247,509.590609,413.106512,313.084370,342.692537,-90.229167,322.203158,345.977592,90.147783,310.536935,256.921434,-83.232715,319.279164,263.009548,172.876450,318.521106,162.735236,-100.994002,335.061907,189.769643,254.923443,329.181908,145.667846,-101.355543,344.746026,179.992222,260.893221,278.412105,142.857010,-158.298938,305.914536,175.491092,240.414620,
0.000000,0.000000,0.000000,0.000000,0.000000,0.000000,0.000000,0.000000,0.000000,0.000000,0.000000,0.000000,0.000000,0.000000,0.000000,0.000000,0.000000,0.000000,0.000000,0.000000,0.000000,0.000000,0.000000,0.000000,0.000000,0.000000,0.000000,0.000000,0.000000,0.000000,0.000000,0.000000,0.000000,0.000000,0.000000,0.000000,0.000000,0.000000,0.000000,0.000000,0.000000,0.000000,0.000000,0.000000,0.000000,0.000000,0.000000,0.000000,0.000000,0.000000,0.000000,0.000000,272.648604,495.116192,-44.286666,276.293185,503.310298,-65.356006,277.202224,503.338807,-65.343584,277.919855,503.399386,-65.341943,276.541535,503.869614,-36.863994,277.623059,504.059463,-36.854120,278.752818,504.370952,-36.888806,286.214901,498.810951,-112.513459,290.236127,500.462381,16.262887,277.082540,487.462487,-57.866757,277.280785,487.638841,-20.566054,302.667291,464.510666,-172.582816,318.916967,468.333356,89.452330,292.026881,476.682038,-376.741974,318.879490,483.155913,271.926452,286.887758,499.080686,-536.167505,307.773510,507.895345,430.086615,281.717738,507.635392,-573.526976,307.533097,515.280135,459.806444,282.542067,508.704345,-564.302803,304.032345,513.323392,449.622416,283.712563,505.959002,-536.420355,304.304928,509.988968,429.394756,313.331667,342.787810,-91.656064,320.795379,345.988153,91.587290,310.590408,256.949753,-83.602470,318.961531,262.987658,175.932642,318.518391,162.521050,-98.790074,334.972446,189.884745,260.575765,329.189930,145.635937,-98.810636,344.759468,180.430390,266.716470,278.457049,142.544619,-158.156995,305.736609,175.477669,245.807996,
0.000000,0.000000,0.000000,0.000000,0.000000,0.000000,0.000000,0.000000,0.000000,0.000000,0.000000,0.000000,0.000000,0.000000,0.000000,0.000000,0.000000,0.000000,0.000000,0.000000,0.000000,0.000000,0.000000,0.000000,0.000000,0.000000,0.000000,0.000000,0.000000,0.000000,0.000000,0.000000,0.000000,0.000000,0.000000,0.000000,0.000000,0.000000,0.000000,0.000000,0.000000,0.000000,0.000000,0.000000,0.000000,0.000000,0.000000,0.000000,0.000000,0.000000,0.000000,0.000000,271.413240,494.981542,-54.390780,275.409613,503.258488,-75.137686,276.475765,503.295131,-75.123826,277.372830,503.368909,-75.123639,275.338089,503.796457,-45.622888,276.338839,503.990612,-45.612550,277.336140,504.315726,-45.646573,286.235456,498.779725,-119.942127,289.068019,500.474660,13.333516,276.256550,487.288954,-67.257301,276.053715,487.398562,-28.614772,304.586308,464.416078,-180.076476,316.834292,468.165549,91.013836,296.109761,475.685069,-399.672349,312.571189,482.798740,280.896473,289.063460,497.919253,-574.600999,304.348910,508.013490,446.107199,283.208815,506.144238,-614.694875,304.943136,515.412720,477.561978,283.594725,507.767644,-604.354415,301.438140,513.554848,467.598875,284.883877,505.242271,-574.885551,301.547609,510.387327,445.683000,313.578964,342.883082,-93.082961,319.387599,345.998713,93.026798,310.643882,256.978072,-83.972225,318.643897,262.965769,178.988833,318.515677,162.306864,-96.586147,334.882986,189.999847,266.228086,329.197951,145.604028,-96.265730,344.772910,180.868558,272.539719,278.501992,142.232228,-158.015051,305.558682,175.464247,251.201372,
0.000000,0.000000,0.000000,0.000000,0.000000,0.000000,0.000000,0.000000,0.000000,0.000000,0.000000,0.000000,0.000000,0.000000,0.000000,0.000000,0.000000,0.000000,0.000000,0.000000,0.000000,0.000000,0.000000,0.000000,0.000000,0.000000,0.000000,0.000000,0.000000,0.000000,0.000000,0.000000,0.000000,0.000000,0.000000,0.000000,0.000000,0.000000,0.000000,0.000000,0.000000,0.000000,0.000000,0.000000,0.000000,0.000000,0.000000,0.000000,0.000000,0.000000,0.000000,0.000000,271.092244,494.641180,-55.410088,275.128616,502.967760,-76.051615,276.240521,503.034518,-76.037458,277.203106,503.143342,-76.038862,274.933921,503.451751,-46.343678,275.893047,503.654502,-46.333511,276.836590,503.995040,-46.370356,286.382693,498.703843,-120.266476,288.562589,500.338594,13.548739,276.130918,487.024311,-68.124811,275.769394,487.054472,-29.241247,305.946991,464.396286,-180.805558,315.054818,467.706613,92.517995,297.947097,475.082011,-402.882420,308.740566,482.385288,283.943681,290.121489,497.708139,-580.038117,301.728730,507.974592,449.974779,284.505850,505.491740,-620.503171,302.848913,515.380846,481.753284,284.669890,507.256674,-610.217923,299.533660,513.588899,471.908951,285.907509,504.928530,-580.397845,299.343988,510.508596,449.586389,313.752996,342.937256,-93.098508,318.162474,345.970418,93.049465,310.732135,257.010487,-86.198485,318.362784,262.920618,178.577861,318.551010,162.140241,-99.045383,334.840463,190.023756,262.984952,329.230734,145.626401,-98.953429,344.737528,181.086132,269.080898,278.583273,142.024070,-162.085617,305.438447,175.227136,248.408421,
0.000000,0.000000,0.000000,0.000000,0.000000,0.000000,0.000000,0.000000,0.000000,0.000000,0.000000,0.000000,0.000000,0.000000,0.000000,0.000000,0.000000,0.000000,0.000000,0.000000,0.000000,0.000000,0.000000,0.000000,0.000000,0.000000,0.000000,0.000000,0.000000,0.000000,0.000000,0.000000,0.000000,0.000000,0.000000,0.000000,0.000000,0.000000,0.000000,0.000000,0.000000,0.000000,0.000000,0.000000,0.000000,0.000000,0.000000,0.000000,0.000000,0.000000,0.000000,0.000000,270.771249,494.300818,-56.429396,274.847620,502.677033,-76.965545,276.005278,502.773906,-76.951089,277.033383,502.917775,-76.954086,274.529752,503.107045,-47.064467,275.447256,503.318392,-47.054471,276.337039,503.674354,-47.094139,286.529929,498.627961,-120.590826,288.057158,500.202528,13.763962,276.005287,486.759668,-68.992321,275.485072,486.710381,-29.867722,307.307675,464.376494,-181.534640,313.275344,467.247678,94.022154,299.784432,474.478954,-406.092491,304.909944,481.971835,286.990889,291.179519,497.497024,-585.475234,299.108551,507.935693,453.842359,285.802886,504.839243,-626.311467,300.754691,515.348972,485.944590,285.745056,506.745704,-616.081430,297.629180,513.622951,476.219027,286.931141,504.614790,-585.910138,297.140366,510.629864,453.489779,313.927027,342.991430,-93.114054,316.937350,345.942123,93.072131,310.820388,257.042901,-88.424745,318.081670,262.875467,178.166890,318.586343,161.973618,-101.504619,334.797941,190.047666,259.741818,329.263516,145.648774,-101.641127,344.702146,181.303706,265.622078,278.664554,141.815913,-166.156183,305.318213,174.990025,245.615469,
0.000000,0.000000,0.000000,0.000000,0.000000,0.000000,0.000000,0.000000,0.000000,0.000000,0.000000,0.000000,0.000000,0.000000,0.000000,0.000000,0.000000,0.000000,0.000000,0.000000,0.000000,0.000000,0.000000,0.000000,0.000000,0.000000,0.000000,0.000000,0.000000,0.000000,0.000000,0.000000,0.000000,0.000000,0.000000,0.000000,0.000000,0.000000,0.000000,0.000000,0.000000,0.000000,0.000000,0.000000,0.000000,0.000000,0.000000,0.000000,0.000000,0.000000,0.000000,0.000000,270.450253,493.960456,-57.448704,274.566623,502.386306,-77.879474,275.770035,502.513294,-77.864721,276.863659,502.692208,-77.869309,274.125584,502.762338,-47.785257,275.001464,502.982282,-47.775431,275.837489,503.353668,-47.817922,286.677166,498.552078,-120.915175,287.551727,500.066462,13.979185,275.879656,486.495025,-69.859832,275.200751,486.366291,-30.494198,308.668358,464.356701,-182.263722,311.495870,466.788742,95.526313,301.621768,473.875896,-409.302562,301.079321,481.558383,290.038096,292.237549,497.285909,-590.912352,296.488372,507.896795,457.709939,287.099921,504.186745,-632.119764,298.660468,515.317098,490.135896,286.820221,506.234733,-621.944937,295.724700,513.657002,480.529103,287.954772,504.301050,-591.422431,294.936745,510.751133,457.393168,314.101058,343.045603,-93.129600,315.712225,345.913828,93.094798,310.908641,257.075316,-90.651005,317.800557,262.830316,177.755918,318.621677,161.806994,-103.963855,334.755419,190.071576,256.498683,329.296299,145.671147,-104.328826,344.666763,181.521280,262.163258,278.745835,141.607756,-170.226749,305.197978,174.752914,242.822518,
0.000000,0.000000,0.000000,0.000000,0.000000,0.000000,0.000000,0.000000,0.000000,0.000000,0.000000,0.000000,0.000000,0.000000,0.000000,0.000000,0.000000,0.000000,0.000000,0.000000,0.000000,0.000000,0.000000,0.000000,0.000000,0.000000,0.000000,0.000000,0.000000,0.000000,0.000000,0.000000,0.000000,0.000000,0.000000,0.000000,0.000000,0.000000,0.000000,0.000000,0.000000,0.000000,0.000000,0.000000,0.000000,0.000000,0.000000,0.000000,0.000000,0.000000,0.000000,0.000000,270.129258,493.620094,-58.468012,274.285626,502.095578,-78.793404,275.534792,502.252681,-78.778353,276.693936,502.466641,-78.784533,273.721415,502.417632,-48.506047,274.555673,502.646172,-48.496392,275.337939,503.032983,-48.541705,286.824403,498.476196,-121.239525,287.046297,499.930396,14.194408,275.754024,486.230383,-70.727342,274.916430,486.022201,-31.120673,310.029041,464.336909,-182.992803,309.716396,466.329807,97.030472,303.459103,473.272838,-412.512633,297.248699,481.144930,293.085304,293.295579,497.074795,-596.349470,293.868192,507.857896,461.577520,288.396957,503.534247,-637.928060,296.566245,515.285224,494.327202,287.895387,505.723763,-627.808445,293.820221,513.691053,484.839179,288.978404,503.987310,-596.934725,292.733123,510.872401,461.296557,314.275089,343.099777,-93.145147,314.487100,345.885533,93.117465,310.996894,257.107731,-92.877265,317.519443,262.785165,177.344946,318.657010,161.640371,-106.423091,334.712897,190.095485,253.255549,329.329082,145.693520,-107.016525,344.631381,181.738854,258.704437,278.827116,141.399599,-174.297315,305.077744,174.515803,240.029567,
0.000000,0.000000,0.000000,0.000000,0.000000,0.000000,0.000000,0.000000,0.000000,0.000000,0.000000,0.000000,0.000000,0.000000,0.000000,0.000000,0.000000,0.000000,0.000000,0.000000,0.000000,0.000000,0.000000,0.000000,0.000000,0.000000,0.000000,0.000000,0.000000,0.000000,0.000000,0.000000,0.000000,0.000000,0.000000,0.000000,0.000000,0.000000,0.000000,0.000000,0.000000,0.000000,0.000000,0.000000,0.000000,0.000000,0.000000,0.000000,0.000000,0.000000,0.000000,0.000000,270.539433,493.068497,-50.967136,274.431150,501.536973,-71.578745,275.636865,501.747474,-71.564522,276.773560,502.019816,-71.571676,273.910619,501.768910,-41.734194,274.733828,502.007736,-41.725104,275.529136,502.409298,-41.775444,287.026555,498.339268,-115.645073,286.983918,499.613066,17.241232,276.201515,485.882688,-63.796357,275.405506,485.569686,-24.801146,310.733634,464.388003,-178.160617,308.351582,465.575079,98.514413,303.293055,473.124131,-400.621543,295.965689,480.899253,290.987468,293.386617,497.867364,-576.839931,292.181217,507.910076,455.202728,289.499348,503.784276,-617.041396,294.986258,515.301470,487.032495,288.927299,505.726093,-607.836312,292.601517,513.763102,477.490148,289.805890,504.170512,-577.494086,291.148097,510.884004,454.702355,314.356157,343.114396,-92.008109,313.508084,345.835112,91.986601,311.121903,257.134253,-96.755491,317.276616,262.717952,174.039935,318.724748,161.517260,-113.475640,334.703899,190.035573,242.748658,329.377171,145.759544,-114.849560,344.543801,181.742130,247.687612,278.931134,141.274588,-182.299776,305.005916,174.125275,230.116389,
0.000000,0.000000,0.000000,0.000000,0.000000,0.000000,0.000000,0.000000,0.000000,0.000000,0.000000,0.000000,0.000000,0.000000,0.000000,0.000000,0.000000,0.000000,0.000000,0.000000,0.000000,0.000000,0.000000,0.000000,0.000000,0.000000,0.000000,0.000000,0.000000,0.000000,0.000000,0.000000,0.000000,0.000000,0.000000,0.000000,0.000000,0.000000,0.000000,0.000000,0.000000,0.000000,0.000000,0.000000,0.000000,0.000000,0.000000,0.000000,0.000000,0.000000,0.000000,0.000000,270.949609,492.516901,-43.466260,274.576673,500.978367,-64.364086,275.738938,501.242267,-64.350691,276.853185,501.572990,-64.358820,274.099824,501.120188,-34.962342,274.911984,501.369301,-34.953816,275.720333,501.785612,-35.009184,287.228707,498.202340,-110.050622,286.921539,499.295736,20.288055,276.649007,485.534993,-56.865371,275.894582,485.117170,-18.481619,311.438227,464.439097,-173.328431,306.986768,464.820352,99.998354,303.127007,472.975424,-388.730453,294.682680,480.653576,288.889632,293.477655,498.659934,-557.330392,290.494242,507.962257,448.827936,290.601739,504.034305,-596.154732,293.406271,515.317716,479.737788,289.959211,505.728423,-587.864180,291.382813,513.835151,470.141117,290.633377,504.353713,-558.053447,289.563071,510.895607,448.108153,314.437224,343.129015,-90.871071,312.529069,345.784691,90.855737,311.246912,257.160776,-100.633717,317.033788,262.650738,170.734924,318.792485,161.394150,-120.528188,334.694900,189.975661,232.241767,329.425261,145.825568,-122.682595,344.456220,181.745406,236.670787,279.035152,141.149578,-190.302238,304.934089,173.734747,220.203212,
0.000000,0.000000,0.000000,0.000000,0.000000,0.000000,0.000000,0.000000,0.000000,0.000000,0.000000,0.000000,0.000000,0.000000,0.000000,0.000000,0.000000,0.000000,0.000000,0.000000,0.000000,0.000000,0.000000,0.000000,0.000000,0.000000,0.000000,0.000000,0.000000,0.000000,0.000000,0.000000,0.000000,0.000000,0.000000,0.000000,0.000000,0.000000,0.000000,0.000000,0.000000,0.000000,0.000000,0.000000,0.000000,0.000000,0.000000,0.000000,0.000000,0.000000,0.000000,0.000000,271.359784,491.965305,-35.965385,274.722196,500.419762,-57.149427,275.841012,500.737060,-57.136861,276.932810,501.126164,-57.145963,274.289028,500.471465,-28.190489,275.090139,500.730865,-28.182528,275.911530,501.161927,-28.242924,287.430859,498.065412,-104.456170,286.859160,498.978407,23.334879,277.096498,485.187298,-49.934385,276.383658,484.664655,-12.162091,312.142820,464.490191,-168.496244,305.621955,464.065624,101.482294,302.960959,472.826716,-376.839363,293.399670,480.407898,286.791796,293.568693,499.452503,-537.820853,288.807266,508.014437,442.453144,291.704130,504.284334,-575.268068,291.826285,515.333962,472.443081,290.991123,505.730753,-567.892047,290.164109,513.907200,462.792086,291.460864,504.536915,-538.612807,287.978045,510.907210,441.513951,314.518291,343.143634,-89.734033,311.550053,345.734271,89.724873,311.371921,257.187298,-104.511943,316.790960,262.583524,167.429912,318.860223,161.271039,-127.580737,334.685902,189.915748,221.734876,329.473350,145.891592,-130.515630,344.368639,181.748683,225.653961,279.139169,141.024567,-198.304699,304.862261,173.344219,210.290034,
0.000000,0.000000,0.000000,0.000000,0.000000,0.000000,0.000000,0.000000,0.000000,0.000000,0.000000,0.000000,0.000000,0.000000,0.000000,0.000000,0.000000,0.000000,0.000000,0.000000,0.000000,0.000000,0.000000,0.000000,0.000000,0.000000,0.000000,0.000000,0.000000,0.000000,0.000000,0.000000,0.000000,0.000000,0.000000,0.000000,0.000000,0.000000,0.000000,0.000000,0.000000,0.000000,0.000000,0.000000,0.000000,0.000000,0.000000,0.000000,0.000000,0.000000,0.000000,0.000000,271.769959,491.413709,-28.464509,274.867719,499.861157,-49.934768,275.943085,500.231853,-49.923030,277.012435,500.679339,-49.933106,274.478233,499.822743,-21.418636,275.268295,500.092429,-21.411241,276.102727,500.538242,-21.476664,287.633011,497.928484,-98.861719,286.796782,498.661077,26.381702,277.543989,484.839604,-43.003400,276.872734,484.212139,-5.842564,312.847413,464.541285,-163.664058,304.257141,463.310897,102.966235,302.794911,472.678009,-364.948273,292.116661,480.162221,284.693960,293.659730,500.245073,-518.311314,287.120291,508.066617,436.078353,292.806521,504.534363,-554.381405,290.246298,515.350207,465.148373,292.023035,505.733084,-547.919915,288.945406,513.979249,455.443055,292.288350,504.720117,-519.172168,286.393019,510.918813,434.919749,314.599359,343.158253,-88.596996,310.571037,345.683850,88.594010,311.496930,257.213820,-108.390170,316.548133,262.516310,164.124901,318.927960,161.147928,-134.633286,334.676903,189.855836,211.227985,329.521440,145.957616,-138.348666,344.281058,181.751959,214.637136,279.243187,140.899557,-206.307161,304.790434,172.953691,200.376857,
0.000000,0.000000,0.000000,0.000000,0.000000,0.000000,0.000000,0.000000,0.000000,0.000000,0.000000,0.000000,0.000000,0.000000,0.000000,0.000000,0.000000,0.000000,0.000000,0.000000,0.000000,0.000000,0.000000,0.000000,0.000000,0.000000,0.000000,0.000000,0.000000,0.000000,0.000000,0.000000,0.000000,0.000000,0.000000,0.000000,0.000000,0.000000,0.000000,0.000000,0.000000,0.000000,0.000000,0.000000,0.000000,0.000000,0.000000,0.000000,0.000000,0.000000,0.000000,0.000000,271.576345,490.639717,-38.514551,274.617902,498.973831,-58.448359,275.722413,499.388292,-58.441411,276.830851,499.892839,-58.463204,274.126430,498.865417,-30.483576,274.873911,499.136589,-30.471355,275.662291,499.572989,-30.530823,287.675956,497.680895,-100.713256,286.497005,498.134852,23.008070,277.528408,484.218667,-50.539869,276.765987,483.564702,-14.072933,313.694378,464.330734,-161.581726,303.524813,462.748731,101.502610,309.302415,473.044426,-352.196216,293.485173,478.749901,277.990760,296.759480,500.399047,-487.963624,288.333509,507.340294,418.617347,294.795225,504.823595,-521.807544,290.490205,514.584220,445.625180,293.612770,505.978200,-514.081711,289.309628,513.204282,435.638137,294.183658,504.849290,-487.874207,287.388908,510.317830,417.008516,314.777648,343.172063,-88.366993,309.755332,345.450297,88.363175,311.722355,257.284598,-109.244005,316.148877,262.457557,159.782502,319.004439,161.117551,-135.472727,334.116217,189.646586,208.277825,329.553685,145.955576,-139.302403,343.996342,181.624993,211.428515,279.596306,140.907738,-207.062419,304.077360,172.336666,193.141859,
0.000000,0.000000,0.000000,0.000000,0.000000,0.000000,0.000000,0.000000,0.000000,0.000000,0.000000,0.000000,0.000000,0.000000,0.000000,0.000000,0.000000,0.000000,0.000000,0.000000,0.000000,0.000000,0.000000,0.000000,0.000000,0.000000,0.000000,0.000000,0.000000,0.000000,0.000000,0.000000,0.000000,0.000000,0.000000,0.000000,0.000000,0.000000,0.000000,0.000000,0.000000,0.000000,0.000000,0.000000,0.000000,0.000000,0.000000,0.000000,0.000000,0.000000,0.000000,0.000000,271.382731,489.865726,-48.564593,274.368085,498.086504,-66.961950,275.501740,498.544732,-66.959791,276.649268,499.106339,-66.993301,273.774627,497.908091,-39.548515,274.479527,498.180749,-39.531469,275.221855,498.607737,-39.584981,287.718901,497.433307,-102.564794,286.197228,497.608627,19.634437,277.512827,483.597731,-58.076338,276.659239,482.917265,-22.303302,314.541343,464.120184,-159.499393,302.792484,462.186565,100.038985,315.809920,473.410843,-339.444158,294.853685,477.337581,271.287559,299.859230,500.553021,-457.615934,289.546727,506.613971,401.156342,296.783930,505.112827,-489.233684,290.734113,513.818233,426.101986,295.202506,506.223317,-480.243507,289.673850,512.429315,415.833218,296.078966,504.978462,-456.576247,288.384797,509.716847,399.097284,314.955937,343.185872,-88.136990,308.939626,345.216744,88.132341,311.947779,257.355375,-110.097841,315.749622,262.398804,155.440103,319.080917,161.087173,-136.312169,333.555531,189.437336,205.327665,329.585930,145.953537,-140.256141,343.711627,181.498028,208.219895,279.949425,140.915920,-207.817677,303.364286,171.719642,185.906862,
0.000000,0.000000,0.000000,0.000000,0.000000,0.000000,0.000000,0.000000,0.000000,0.000000,0.000000,0.000000,0.000000,0.000000,0.000000,0.000000,0.000000,0.000000,0.000000,0.000000,0.000000,0.000000,0.000000,0.000000,0.000000,0.000000,0.000000,0.000000,0.000000,0.000000,0.000000,0.000000,0.000000,0.000000,0.000000,0.000000,0.000000,0.000000,0.000000,0.000000,0.000000,0.000000,0.000000,0.000000,0.000000,0.000000,0.000000,0.000000,0.000000,0.000000,0.000000,0.000000,271.189117,489.091734,-58.614636,274.118268,497.199178,-75.475541,275.281067,497.701172,-75.478171,276.467685,498.319839,-75.523398,273.422824,496.950764,-48.613455,274.085143,497.224910,-48.591584,274.781419,497.642484,-48.639140,287.761845,497.185718,-104.416331,285.897452,497.082402,16.260805,277.497246,482.976794,-65.612807,276.552492,482.269827,-30.533672,315.388308,463.909634,-157.417061,302.060156,461.624400,98.575360,322.317425,473.777260,-326.692101,296.222197,475.925261,264.584359,302.958980,500.706995,-427.268244,290.759944,505.887649,383.695337,298.772634,505.402060,-456.659823,290.978021,513.052245,406.578793,296.792241,506.468434,-446.405303,290.038072,511.654348,396.028300,297.974274,505.107635,-425.278286,289.380685,509.115864,381.186051,315.134227,343.199682,-87.906987,308.123921,344.983191,87.901507,312.173204,257.426152,-110.951676,315.350366,262.340052,151.097703,319.157395,161.056795,-137.151611,332.994846,189.228086,202.377505,329.618176,145.951497,-141.209878,343.426911,181.371063,205.011274,280.302545,140.924101,-208.572935,302.651212,171.102618,178.671864,
0.000000,0.000000,0.000000,0.000000,0.000000,0.000000,0.000000,0.000000,0.000000,0.000000,0.000000,0.000000,0.000000,0.000000,0.000000,0.000000,0.000000,0.000000,0.000000,0.000000,0.000000,0.000000,0.000000,0.000000,0.000000,0.000000,0.000000,0.000000,0.000000,0.000000,0.000000,0.000000,0.000000,0.000000,0.000000,0.000000,0.000000,0.000000,0.000000,0.000000,0.000000,0.000000,0.000000,0.000000,0.000000,0.000000,0.000000,0.000000,0.000000,0.000000,0.000000,0.000000,270.995503,488.317742,-68.664678,273.868451,496.311852,-83.989132,275.060394,496.857611,-83.996552,276.286101,497.533339,-84.053496,273.071021,495.993438,-57.678394,273.690759,496.269070,-57.651698,274.340983,496.677231,-57.693299,287.804790,496.938129,-106.267868,285.597675,496.556178,12.887173,277.481665,482.355858,-73.149276,276.445745,481.622390,-38.764041,316.235273,463.699084,-155.334729,301.327828,461.062234,97.111735,328.824929,474.143677,-313.940044,297.590709,474.512941,257.881159,306.058731,500.860969,-396.920555,291.973162,505.161326,366.234332,300.761338,505.691292,-424.085963,291.221929,512.286258,387.055600,298.381976,506.713550,-412.567099,290.402294,510.879380,376.223381,299.869581,505.236807,-393.980325,290.376574,508.514881,363.274818,315.312516,343.213492,-87.676984,307.308216,344.749638,87.670673,312.398628,257.496930,-111.805512,314.951111,262.281299,146.755304,319.233873,161.026417,-137.991053,332.434160,189.018836,199.427345,329.650421,145.949458,-142.163616,343.142195,181.244097,201.802653,280.655664,140.932283,-209.328193,301.938138,170.485593,171.436867,
0.000000,0.000000,0.000000,0.000000,0.000000,0.000000,0.000000,0.000000,0.000000,0.000000,0.000000,0.000000,0.000000,0.000000,0.000000,0.000000,0.000000,0.000000,0.000000,0.000000,0.000000,0.000000,0.000000,0.000000,0.000000,0.000000,0.000000,0.000000,0.000000,0.000000,0.000000,0.000000,0.000000,0.000000,0.000000,0.000000,0.000000,0.000000,0.000000,0.000000,0.000000,0.000000,0.000000,0.000000,0.000000,0.000000,0.000000,0.000000,0.000000,0.000000,0.000000,0.000000,271.075916,487.646057,-77.311098,273.903949,495.612802,-91.229481,275.113984,496.203081,-91.238755,276.321853,496.929143,-91.304240,272.967030,495.202801,-65.431862,273.519575,495.459623,-65.402153,274.105152,495.842405,-65.440970,288.024205,496.751974,-107.446214,285.443023,496.054631,9.954906,277.627961,481.754150,-79.590613,276.501468,480.979620,-45.855762,317.238785,463.574292,-151.784420,300.448339,460.655744,96.373470,334.043331,474.282218,-301.133562,297.869955,473.154455,253.948303,308.742355,500.941465,-370.413567,291.908474,503.980086,355.169138,302.645418,505.891301,-395.712877,290.701127,511.157902,374.578056,300.095812,506.829126,-383.522109,289.995971,509.696672,363.683695,301.750635,505.203820,-366.881540,290.364489,507.621818,351.945460,315.527207,343.196778,-87.295481,306.534356,344.514998,87.271395,312.540800,257.561169,-113.988409,314.729319,262.237431,144.587155,319.280225,161.038696,-140.964005,332.215164,188.960075,199.529194,329.682461,145.962923,-145.295782,343.019342,181.233293,201.908243,280.935510,140.926435,-213.070602,301.846857,170.163467,169.388767,
0.000000,0.000000,0.000000,0.000000,0.000000,0.000000,0.000000,0.000000,0.000000,0.000000,0.000000,0.000000,0.000000,0.000000,0.000000,0.000000,0.000000,0.000000,0.000000,0.000000,0.000000,0.000000,0.000000,0.000000,0.000000,0.000000,0.000000,0.000000,0.000000,0.000000,0.000000,0.000000,0.000000,0.000000,0.000000,0.000000,0.000000,0.000000,0.000000,0.000000,0.000000,0.000000,0.000000,0.000000,0.000000,0.000000,0.000000,0.000000,0.000000,0.000000,0.000000,0.000000,271.156329,486.974372,-85.957518,273.939447,494.913753,-98.469829,275.167574,495.548551,-98.480958,276.357605,496.324947,-98.554984,272.863040,494.412164,-73.185330,273.348390,494.650176,-73.152609,273.869321,495.007578,-73.188641,288.243619,496.565819,-108.624560,285.288370,495.553084,7.022640,277.774257,481.152442,-86.031950,276.557192,480.336850,-52.947483,318.242298,463.449501,-148.234112,299.568850,460.249253,95.635206,339.261732,474.420758,-288.327081,298.149201,471.795969,250.015446,311.425979,501.021962,-343.906579,291.843786,502.798846,344.103944,304.529498,506.091310,-367.339792,290.180326,510.029547,362.100512,301.809649,506.944701,-354.477119,289.589649,508.513964,351.144009,303.631688,505.170834,-339.782755,290.352404,506.728755,340.616102,315.741898,343.180065,-86.913978,305.760496,344.280358,86.872117,312.682972,257.625409,-116.171306,314.507526,262.193563,142.419005,319.326576,161.050975,-143.936958,331.996168,188.901315,199.631044,329.714500,145.976388,-148.427948,342.896489,181.222489,202.013832,281.215357,140.920588,-216.813010,301.755576,169.841341,167.340668,
0.000000,0.000000,0.000000,0.000000,0.000000,0.000000,0.000000,0.000000,0.000000,0.000000,0.000000,0.000000,0.000000,0.000000,0.000000,0.000000,0.000000,0.000000,0.000000,0.000000,0.000000,0.000000,0.000000,0.000000,0.000000,0.000000,0.000000,0.000000,0.000000,0.000000,0.000000,0.000000,0.000000,0.000000,0.000000,0.000000,0.000000,0.000000,0.000000,0.000000,0.000000,0.000000,0.000000,0.000000,0.000000,0.000000,0.000000,0.000000,0.000000,0.000000,0.000000,0.000000,271.236742,486.302686,-94.603938,273.974945,494.214703,-105.710178,275.221164,494.894021,-105.723161,276.393357,495.720751,-105.805728,272.759049,493.621527,-80.938798,273.177206,493.840729,-80.903064,273.633491,494.172752,-80.936312,288.463034,496.379664,-109.802906,285.133718,495.051538,4.090373,277.920553,480.550734,-92.473287,276.612915,479.694080,-60.039203,319.245810,463.324709,-144.683803,298.689361,459.842763,94.896941,344.480133,474.559299,-275.520599,298.428447,470.437483,246.082590,314.109603,501.102458,-317.399591,291.779098,501.617606,333.038751,306.413578,506.291319,-338.966706,289.659525,508.901191,349.622969,303.523485,507.060276,-325.432129,289.183326,507.331255,338.604323,305.512742,505.137847,-312.683970,290.340318,505.835691,329.286744,315.956590,343.163351,-86.532474,304.986636,344.045718,86.472839,312.825144,257.689648,-118.354203,314.285734,262.149695,140.250856,319.372928,161.063254,-146.909911,331.777172,188.842554,199.732893,329.746540,145.989854,-151.560114,342.773636,181.211684,202.119422,281.495203,140.914741,-220.555419,301.664295,169.519214,165.292568,
0.000000,0.000000,0.000000,0.000000,0.000000,0.000000,0.000000,0.000000,0.000000,0.000000,0.000000,0.000000,0.000000,0.000000,0.000000,0.000000,0.000000,0.000000,0.000000,0.000000,0.000000,0.000000,0.000000,0.000000,0.000000,0.000000,0.000000,0.000000,0.000000,0.000000,0.000000,0.000000,0.000000,0.000000,0.000000,0.000000,0.000000,0.000000,0.000000,0.000000,0.000000,0.000000,0.000000,0.000000,0.000000,0.000000,0.000000,0.000000,0.000000,0.000000,0.000000,0.000000,271.317155,485.631001,-103.250357,274.010443,493.515654,-112.950527,275.274753,494.239491,-112.965364,276.429109,495.116555,-113.056472,272.655058,492.830890,-88.692267,273.006022,493.031282,-88.653519,273.397660,493.337925,-88.683983,288.682448,496.193509,-110.981252,284.979065,494.549991,1.158107,278.066849,479.949026,-98.914624,276.668639,479.051310,-67.130924,320.249323,463.199917,-141.133495,297.809872,459.436272,94.158677,349.698534,474.697840,-262.714118,298.707693,469.078997,242.149734,316.793227,501.182954,-290.892604,291.714410,500.436366,321.973557,308.297658,506.491327,-310.593621,289.138723,507.772835,337.145425,305.237321,507.175851,-296.387139,288.777003,506.148547,326.064636,307.393796,505.104860,-285.585184,290.328233,504.942628,317.957386,316.171281,343.146638,-86.150971,304.212776,343.811079,86.073560,312.967316,257.753887,-120.537100,314.063942,262.105828,138.082707,319.419280,161.075533,-149.882864,331.558177,188.783794,199.834743,329.778580,146.003319,-154.692280,342.650783,181.200880,202.225012,281.775050,140.908894,-224.297828,301.573014,169.197088,163.244469,
0.000000,0.000000,0.000000,0.000000,0.000000,0.000000,0.000000,0.000000,0.000000,0.000000,0.000000,0.000000,0.000000,0.000000,0.000000,0.000000,0.000000,0.000000,0.000000,0.000000,0.000000,0.000000,0.000000,0.000000,0.000000,0.000000,0.000000,0.000000,0.000000,0.000000,0.000000,0.000000,0.000000,0.000000,0.000000,0.000000,0.000000,0.000000,0.000000,0.000000,0.000000,0.000000,0.000000,0.000000,0.000000,0.000000,0.000000,0.000000,0.000000,0.000000,0.000000,0.000000,271.488397,485.056101,-111.057778,274.155200,492.975921,-119.656795,275.448707,493.746331,-119.670539,276.554243,494.668495,-119.766254,272.592975,492.174475,-95.679725,272.843556,492.333161,-95.639536,273.140055,492.595985,-95.669106,289.006566,496.052398,-112.671923,284.749911,494.040203,-1.645787,278.247785,479.374603,-104.985367,276.717483,478.408592,-73.560236,321.311626,463.156975,-137.318521,296.894682,459.180792,94.182902,353.869993,474.668944,-254.472355,297.967607,467.998400,241.764992,319.211405,501.243338,-276.276036,290.500599,499.048331,319.214808,310.076511,506.665982,-295.085953,287.871712,506.494689,333.791746,307.009498,507.249455,-280.487827,287.596187,504.793500,322.797459,309.212133,505.003665,-270.685545,289.373072,503.924909,315.097166,316.402677,343.100946,-85.876734,303.544216,343.592082,85.769149,313.028211,257.801601,-123.844520,314.021379,262.078044,138.661931,319.429862,161.126419,-154.919477,331.667456,188.882893,204.620301,329.800959,146.021658,-159.915606,342.686419,181.312533,207.368876,281.968022,140.867931,-230.746773,302.094241,169.240132,167.449368,
0.000000,0.000000,0.000000,0.000000,0.000000,0.000000,0.000000,0.000000,0.000000,0.000000,0.000000,0.000000,0.000000,0.000000,0.000000,0.000000,0.000000,0.000000,0.000000,0.000000,0.000000,0.000000,0.000000,0.000000,0.000000,0.000000,0.000000,0.000000,0.000000,0.000000,0.000000,0.000000,0.000000,0.000000,0.000000,0.000000,0.000000,0.000000,0.000000,0.000000,0.000000,0.000000,0.000000,0.000000,0.000000,0.000000,0.000000,0.000000,0.000000,0.000000,0.000000,0.000000,271.659638,484.481200,-118.865198,274.299957,492.436188,-126.363064,275.622660,493.253172,-126.375714,276.679377,494.220434,-126.476037,272.530892,491.518061,-102.667184,272.681089,491.635040,-102.625554,272.882450,491.854045,-102.654229,289.330684,495.911287,-114.362595,284.520758,493.530416,-4.449681,278.428722,478.800181,-111.056109,276.766327,477.765875,-79.989548,322.373930,463.114033,-133.503547,295.979493,458.925313,94.207127,358.041452,474.640047,-246.230592,297.227522,466.917803,241.380250,321.629583,501.303722,-261.659469,289.286788,497.660296,316.456058,311.855363,506.840637,-279.578285,286.604700,505.216544,330.438067,308.781674,507.323059,-264.588516,286.415370,503.438454,319.530281,311.030471,504.902469,-255.785906,288.417912,502.907190,312.236946,316.634072,343.055254,-85.602496,302.875656,343.373085,85.464738,313.089106,257.849315,-127.151941,313.978815,262.050260,139.241155,319.440443,161.177305,-159.956091,331.776735,188.981992,209.405858,329.823338,146.039997,-165.138931,342.722054,181.424186,212.512740,282.160995,140.826968,-237.195718,302.615468,169.283175,171.654268,
0.000000,0.000000,0.000000,0.000000,0.000000,0.000000,0.000000,0.000000,0.000000,0.000000,0.000000,0.000000,0.000000,0.000000,0.000000,0.000000,0.000000,0.000000,0.000000,0.000000,0.000000,0.000000,0.000000,0.000000,0.000000,0.000000,0.000000,0.000000,0.000000,0.000000,0.000000,0.000000,0.000000,0.000000,0.000000,0.000000,0.000000,0.000000,0.000000,0.000000,0.000000,0.000000,0.000000,0.000000,0.000000,0.000000,0.000000,0.000000,0.000000,0.000000,0.000000,0.000000,271.830880,483.906300,-126.672618,274.444714,491.896455,-133.069332,275.796613,492.760013,-133.080889,276.804511,493.772374,-133.185819,272.468809,490.861646,-109.654643,272.518623,490.936919,-109.611571,272.624845,491.112105,-109.639352,289.654802,495.770176,-116.053267,284.291604,493.020628,-7.253575,278.609658,478.225759,-117.126851,276.815171,477.123158,-86.418860,323.436233,463.071091,-129.688573,295.064303,458.669833,94.231352,362.212911,474.611151,-237.988829,296.487437,465.837207,240.995508,324.047760,501.364106,-247.042901,288.072978,496.272261,313.697309,313.634215,507.015293,-264.070616,285.337688,503.938398,327.084388,310.553850,507.396664,-248.689204,285.234553,502.083407,316.263104,312.848809,504.801274,-240.886266,287.462751,501.889472,309.376726,316.865468,343.009562,-85.328259,302.207096,343.154088,85.160326,313.150001,257.897029,-130.459361,313.936252,262.022477,139.820379,319.451025,161.228191,-164.992704,331.886015,189.081090,214.191416,329.845717,146.058337,-170.362257,342.757690,181.535840,217.656604,282.353968,140.786006,-243.644663,303.136695,169.326219,175.859168,
0.000000,0.000000,0.000000,0.000000,0.000000,0.000000,0.000000,0.000000,0.000000,0.000000,0.000000,0.000000,0.000000,0.000000,0.000000,0.000000,0.000000,0.000000,0.000000,0.000000,0.000000,0.000000,0.000000,0.000000,0.000000,0.000000,0.000000,0.000000,0.000000,0.000000,0.000000,0.000000,0.000000,0.000000,0.000000,0.000000,0.000000,0.000000,0.000000,0.000000,0.000000,0.000000,0.000000,0.000000,0.000000,0.000000,0.000000,0.000000,0.000000,0.000000,0.000000,0.000000,272.002122,483.331399,-134.480039,274.589471,491.356722,-139.775601,275.970566,492.266854,-139.786064,276.929644,493.324313,-139.895602,272.406726,490.205231,-116.642102,272.356157,490.238799,-116.597589,272.367239,490.370165,-116.624475,289.978919,495.629065,-117.743939,284.062451,492.510840,-10.057469,278.790594,477.651336,-123.197594,276.864015,476.480441,-92.848172,324.498536,463.028149,-125.873599,294.149113,458.414353,94.255577,366.384370,474.582254,-229.747066,295.747351,464.756610,240.610765,326.465938,501.424491,-232.426334,286.859167,494.884226,310.938559,315.413067,507.189948,-248.562948,284.070676,502.660252,323.730710,312.326026,507.470268,-232.789893,284.053737,500.728361,312.995926,314.667147,504.700078,-225.986627,286.507590,500.871753,306.516506,317.096863,342.963870,-85.054021,301.538536,342.935091,84.855915,313.210896,257.944743,-133.766781,313.893688,261.994693,140.399603,319.461606,161.279077,-170.029318,331.995294,189.180189,218.976974,329.868095,146.076676,-175.585582,342.793325,181.647493,222.800468,282.546941,140.745043,-250.093608,303.657921,169.369262,180.064068,
0.000000,0.000000,0.000000,0.000000,0.000000,0.000000,0.000000,0.000000,0.000000,0.000000,0.000000,0.000000,0.000000,0.000000,0.000000,0.000000,0.000000,0.000000,0.000000,0.000000,0.000000,0.000000,0.000000,0.000000,0.000000,0.000000,0.000000,0.000000,0.000000,0.000000,0.000000,0.000000,0.000000,0.000000,0.000000,0.000000,0.000000,0.000000,0.000000,0.000000,0.000000,0.000000,0.000000,0.000000,0.000000,0.000000,0.000000,0.000000,0.000000,0.000000,0.000000,0.000000,272.241026,482.869872,-140.938161,274.797206,490.985469,-145.399496,276.239038,491.941853,-145.405671,277.144305,493.038521,-145.515341,272.328781,489.691625,-122.389651,272.193588,489.659618,-122.345931,272.102280,489.726521,-122.372197,290.398929,495.526758,-120.255877,283.751327,491.988514,-12.828976,279.028419,477.131308,-128.379150,276.891307,475.871254,-98.182415,325.586338,463.062519,-121.729207,293.295253,458.342679,95.142546,369.472050,474.369811,-226.100358,293.620268,464.229844,243.607661,328.650494,501.460794,-229.951650,284.414603,493.694862,316.595469,317.079686,507.320820,-246.209690,282.003155,501.610354,329.469442,314.143597,507.503980,-230.315389,282.146570,499.581254,319.347646,316.427199,504.554584,-223.531551,284.589929,499.901338,312.341359,317.287257,342.887255,-84.893437,301.002021,342.746805,84.659194,313.179512,257.968705,-137.800684,314.047270,262.003791,144.004962,319.421007,161.323249,-177.183317,332.489368,189.518038,228.829729,329.870091,146.015565,-182.979532,343.026638,181.960885,233.396908,282.601642,140.666321,-259.268219,304.958014,169.901230,190.928461,
0.000000,0.000000,0.000000,0.000000,0.000000,0.000000,0.000000,0.000000,0.000000,0.000000,0.000000,0.000000,0.000000,0.000000,0.000000,0.000000,0.000000,0.000000,0.000000,0.000000,0.000000,0.000000,0.000000,0.000000,0.000000,0.000000,0.000000,0.000000,0.000000,0.000000,0.000000,0.000000,0.000000,0.000000,0.000000,0.000000,0.000000,0.000000,0.000000,0.000000,0.000000,0.000000,0.000000,0.000000,0.000000,0.000000,0.000000,0.000000,0.000000,0.000000,0.000000,0.000000,272.479930,482.408345,-147.396283,275.004942,490.614216,-151.023391,276.507511,491.616853,-151.025278,277.358966,492.752730,-151.135080,272.250835,489.178018,-128.137200,272.031020,489.080437,-128.094274,271.837321,489.082877,-128.119918,290.818939,495.424451,-122.767814,283.440203,491.466187,-15.600482,279.266245,476.611280,-133.560706,276.918600,475.262068,-103.516658,326.674140,463.096888,-117.584816,292.441393,458.271004,96.029514,372.559731,474.157368,-222.453651,291.493184,463.703078,246.604556,330.835050,501.497098,-227.476966,281.970039,492.505499,322.252379,318.746305,507.451693,-243.856432,279.935634,500.560456,335.208173,315.961168,507.537693,-227.840885,280.239402,498.434148,325.699366,318.187251,504.409090,-221.076475,282.672267,498.930922,318.166212,317.477650,342.810639,-84.732853,300.465506,342.558518,84.462472,313.148129,257.992667,-141.834587,314.200852,262.012889,147.610320,319.380409,161.367421,-184.337317,332.983441,189.855887,238.682484,329.872087,145.954454,-190.373482,343.259950,182.274277,243.993348,282.656342,140.587600,-268.442830,306.258107,170.433197,201.792854,
0.000000,0.000000,0.000000,0.000000,0.000000,0.000000,0.000000,0.000000,0.000000,0.000000,0.000000,0.000000,0.000000,0.000000,0.000000,0.000000,0.000000,0.000000,0.000000,0.000000,0.000000,0.000000,0.000000,0.000000,0.000000,0.000000,0.000000,0.000000,0.000000,0.000000,0.000000,0.000000,0.000000,0.000000,0.000000,0.000000,0.000000,0.000000,0.000000,0.000000,0.000000,0.000000,0.000000,0.000000,0.000000,0.000000,0.000000,0.000000,0.000000,0.000000,0.000000,0.000000,272.718834,481.946817,-153.854405,275.212677,490.242963,-156.647286,276.775983,491.291852,-156.644884,277.573626,492.466938,-156.754820,272.172890,488.664412,-133.884749,271.868451,488.501256,-133.842617,271.572362,488.439233,-133.867640,291.238949,495.322144,-125.279752,283.129079,490.943861,-18.371989,279.504070,476.091252,-138.742262,276.945892,474.652882,-108.850900,327.761942,463.131257,-113.440425,291.587532,458.199330,96.916482,375.647411,473.944925,-218.806943,289.366101,463.176312,249.601451,333.019606,501.533402,-225.002283,279.525475,491.316136,327.909289,320.412924,507.582566,-241.503174,277.868113,499.510558,340.946905,317.778739,507.571405,-225.366382,278.332235,497.287041,332.051086,319.947304,504.263596,-218.621399,280.754606,497.960507,323.991065,317.668044,342.734024,-84.572269,299.928991,342.370232,84.265751,313.116745,258.016629,-145.868490,314.354434,262.021987,151.215679,319.339810,161.411593,-191.491316,333.477515,190.193736,248.535239,329.874082,145.893343,-197.767432,343.493262,182.587669,254.589789,282.711043,140.508878,-277.617441,307.558200,170.965165,212.657248,
0.000000,0.000000,0.000000,0.000000,0.000000,0.000000,0.000000,0.000000,0.000000,0.000000,0.000000,0.000000,0.000000,0.000000,0.000000,0.000000,0.000000,0.000000,0.000000,0.000000,0.000000,0.000000,0.000000,0.000000,0.000000,0.000000,0.000000,0.000000,0.000000,0.000000,0.000000,0.000000,0.000000,0.000000,0.000000,0.000000,0.000000,0.000000,0.000000,0.000000,0.000000,0.000000,0.000000,0.000000,0.000000,0.000000,0.000000,0.000000,0.000000,0.000000,0.000000,0.000000,272.957738,481.485290,-160.312527,275.420412,489.871710,-162.271181,277.044455,490.966852,-162.264491,277.788287,492.181146,-162.374559,272.094945,488.150806,-139.632298,271.705883,487.922075,-139.590960,271.307403,487.795589,-139.615362,291.658959,495.219836,-127.791690,282.817955,490.421535,-21.143496,279.741895,475.571224,-143.923818,276.973185,474.043696,-114.185143,328.849744,463.165626,-109.296034,290.733672,458.127655,97.803450,378.735091,473.732481,-215.160235,287.239017,462.649546,252.598346,335.204161,501.569705,-222.527599,277.080911,490.126773,333.566199,322.079543,507.713438,-239.149916,275.800592,498.460659,346.685637,319.596310,507.605118,-222.891878,276.425067,496.139934,338.402806,321.707356,504.118102,-216.166323,278.836944,496.990092,329.815917,317.858438,342.657409,-84.411685,299.392476,342.181946,84.069030,313.085362,258.040591,-149.902393,314.508016,262.031086,154.821037,319.299211,161.455765,-198.645315,333.971588,190.531585,258.387994,329.876078,145.832231,-205.161382,343.726575,182.901061,265.186229,282.765744,140.430157,-286.792052,308.858294,171.497132,223.521641,
0.000000,0.000000,0.000000,0.000000,0.000000,0.000000,0.000000,0.000000,0.000000,0.000000,0.000000,0.000000,0.000000,0.000000,0.000000,0.000000,0.000000,0.000000,0.000000,0.000000,0.000000,0.000000,0.000000,0.000000,0.000000,0.000000,0.000000,0.000000,0.000000,0.000000,0.000000,0.000000,0.000000,0.000000,0.000000,0.000000,0.000000,0.000000,0.000000,0.000000,0.000000,0.000000,0.000000,0.000000,0.000000,0.000000,0.000000,0.000000,0.000000,0.000000,0.000000,0.000000,273.699245,481.443426,-147.592936,276.222012,489.866833,-150.805313,278.010594,491.003137,-150.798602,279.024436,492.246360,-150.902843,272.189018,488.088247,-128.031221,271.850558,487.850328,-127.990674,271.581815,487.711478,-128.021348,292.861763,495.253494,-116.729313,283.072136,490.344196,-13.489279,280.744406,475.697400,-133.281412,277.231281,474.115150,-103.440677,329.908275,463.167076,-99.739221,289.167390,458.399469,102.848759,381.128301,473.590037,-195.910539,279.511687,464.274243,250.533482,337.098807,501.608660,-191.915534,274.249267,492.052859,329.682313,324.117107,507.749187,-206.246921,274.170460,500.679978,342.890797,321.277906,507.659642,-190.448585,275.472302,498.066366,335.696431,323.298659,504.186673,-185.370437,277.448504,498.036760,326.539148,318.214165,342.668522,-83.431758,298.521735,342.136659,83.146290,313.155472,258.119885,-147.727774,314.180155,261.888679,142.108949,319.363851,161.977710,-190.243586,333.726421,190.296591,234.003526,329.883051,146.362620,-196.359886,343.597756,182.386884,239.605358,282.950479,140.456409,-277.845258,308.405063,171.175723,196.214446,
0.000000,0.000000,0.000000,0.000000,0.000000,0.000000,0.000000,0.000000,0.000000,0.000000,0.000000,0.000000,0.000000,0.000000,0.000000,0.000000,0.000000,0.000000,0.000000,0.000000,0.000000,0.000000,0.000000,0.000000,0.000000,0.000000,0.000000,0.000000,0.000000,0.000000,0.000000,0.000000,0.000000,0.000000,0.000000,0.000000,0.000000,0.000000,0.000000,0.000000,0.000000,0.000000,0.000000,0.000000,0.000000,0.000000,0.000000,0.000000,0.000000,0.000000,0.000000,0.000000,274.440751,481.401563,-134.873345,277.023611,489.861957,-139.339446,278.976733,491.039422,-139.332713,280.260586,492.311574,-139.431127,272.283090,488.025688,-116.430144,271.995232,487.778582,-116.390388,271.856226,487.627367,-116.427335,294.064567,495.287151,-105.666936,283.326317,490.266856,-5.835062,281.746918,475.823577,-122.639005,277.489378,474.186604,-92.696211,330.966805,463.168527,-90.182408,287.601108,458.671284,107.894067,383.521511,473.447592,-176.660843,271.784357,465.898939,248.468617,338.993453,501.647614,-161.303468,271.417622,493.978945,325.798427,326.154670,507.784937,-173.343926,272.540328,502.899298,339.095958,322.959503,507.714165,-158.005293,274.519536,499.992798,332.990056,324.889963,504.255244,-154.574551,276.060065,499.083428,323.262380,318.569892,342.679635,-82.451831,297.650994,342.091373,82.223550,313.225582,258.199179,-145.553155,313.852295,261.746272,129.396861,319.428491,162.499655,-181.841857,333.481254,190.061597,209.619058,329.890024,146.893008,-187.558390,343.468938,181.872706,214.024486,283.135214,140.482662,-268.898464,307.951833,170.854314,168.907250,
0.000000,0.000000,0.000000,0.000000,0.000000,0.000000,0.000000,0.000000,0.000000,0.000000,0.000000,0.000000,0.000000,0.000000,0.000000,0.000000,0.000000,0.000000,0.000000,0.000000,0.000000,0.000000,0.000000,0.000000,0.000000,0.000000,0.000000,0.000000,0.000000,0.000000,0.000000,0.000000,0.000000,0.000000,0.000000,0.000000,0.000000,0.000000,0.000000,0.000000,0.000000,0.000000,0.000000,0.000000,0.000000,0.000000,0.000000,0.000000,0.000000,0.000000,0.000000,0.000000,275.182257,481.359700,-122.153753,277.825211,489.857080,-127.873578,279.942872,491.075707,-127.866824,281.496736,492.376788,-127.959412,272.377162,487.963130,-104.829068,272.139907,487.706835,-104.790103,272.130637,487.543256,-104.833321,295.267371,495.320809,-94.604558,283.580498,490.189517,1.819154,282.749429,475.949753,-111.996599,277.747475,474.258058,-81.951744,332.025335,463.169977,-80.625594,286.034826,458.943098,112.939376,385.914720,473.305148,-157.411146,264.057027,467.523636,246.403753,340.888099,501.686569,-130.691403,268.585978,495.905031,321.914540,328.192234,507.820686,-140.440931,270.910196,505.118617,335.301118,324.641099,507.768689,-125.562001,273.566770,501.919230,330.283681,326.481266,504.323816,-123.778665,274.671625,500.130096,319.985611,318.925619,342.690748,-81.471904,296.780254,342.046087,81.300811,313.295692,258.278473,-143.378536,313.524435,261.603865,116.684774,319.493131,163.021601,-173.440128,333.236087,189.826603,185.234590,329.896998,147.423396,-178.756893,343.340120,181.358528,188.443614,283.319949,140.508915,-259.951669,307.498602,170.532905,141.600055,
0.000000,0.000000,0.000000,0.000000,0.000000,0.000000,0.000000,0.000000,0.000000,0.000000,0.000000,0.000000,0.000000,0.000000,0.000000,0.000000,0.000000,0.000000,0.000000,0.000000,0.000000,0.000000,0.000000,0.000000,0.000000,0.000000,0.000000,0.000000,0.000000,0.000000,0.000000,0.000000,0.000000,0.000000,0.000000,0.000000,0.000000,0.000000,0.000000,0.000000,0.000000,0.000000,0.000000,0.000000,0.000000,0.000000,0.000000,0.000000,0.000000,0.000000,0.000000,0.000000,275.923763,481.317836,-109.434162,278.626810,489.852204,-116.407711,280.909011,491.111992,-116.400935,282.732885,492.442002,-116.487696,272.471235,487.900571,-93.227991,272.284581,487.635089,-93.189817,272.405049,487.459144,-93.239308,296.470175,495.354466,-83.542181,283.834679,490.112178,9.473371,283.751940,476.075930,-101.354193,278.005572,474.329512,-71.207278,333.083866,463.171428,-71.068781,284.468544,459.214912,117.984684,388.307930,473.162703,-138.161450,256.329698,469.148333,244.338888,342.782745,501.725523,-100.079338,265.754333,497.831117,318.030654,330.229797,507.856435,-107.537937,269.280064,507.337936,331.506279,326.322696,507.823213,-93.118708,272.614005,503.845662,327.577306,328.072569,504.392387,-92.982779,273.283186,501.176764,316.708842,319.281346,342.701862,-80.491977,295.909513,342.000800,80.378071,313.365802,258.357766,-141.203918,313.196575,261.461458,103.972686,319.557772,163.543546,-165.038400,332.990920,189.591609,160.850123,329.903971,147.953784,-169.955397,343.211301,180.844351,162.862743,283.504684,140.535168,-251.004875,307.045372,170.211496,114.292859,
0.000000,0.000000,0.000000,0.000000,0.000000,0.000000,0.000000,0.000000,0.000000,0.000000,0.000000,0.000000,0.000000,0.000000,0.000000,0.000000,0.000000,0.000000,0.000000,0.000000,0.000000,0.000000,0.000000,0.000000,0.000000,0.000000,0.000000,0.000000,0.000000,0.000000,0.000000,0.000000,0.000000,0.000000,0.000000,0.000000,0.000000,0.000000,0.000000,0.000000,0.000000,0.000000,0.000000,0.000000,0.000000,0.000000,0.000000,0.000000,0.000000,0.000000,0.000000,0.000000,276.773312,481.346850,-101.734230,279.597660,489.896462,-109.056959,281.994716,491.167278,-109.048740,284.014917,492.497103,-109.133363,273.033946,487.939232,-86.280059,272.737984,487.674182,-86.241479,272.792943,487.497878,-86.292678,297.592771,495.319453,-74.598297,284.006564,490.108611,15.223809,284.673419,476.159790,-94.398753,278.420302,474.407809,-64.791740,333.815709,463.116076,-63.266320,283.121846,459.358950,121.465194,390.078482,472.951213,-125.633936,251.447930,470.100304,242.860735,344.267006,501.731477,-83.509760,263.758537,498.884995,314.818588,331.845766,507.920444,-89.883387,268.109299,508.512405,328.081037,327.721091,507.864065,-75.582816,271.792190,504.936950,325.511798,329.350880,504.397931,-76.326825,272.213908,501.842934,314.088991,319.630463,342.720884,-79.379325,295.253317,341.943711,79.296154,313.490806,258.410345,-139.748702,312.794320,261.246966,95.324519,319.615237,163.918800,-159.713306,332.719884,189.262393,145.304781,329.907822,148.336317,-164.437356,343.053830,180.332045,146.597649,283.727023,140.557808,-246.057114,306.551138,169.770683,96.691584,
0.000000,0.000000,0.000000,0.000000,0.000000,0.000000,0.000000,0.000000,0.000000,0.000000,0.000000,0.000000,0.000000,0.000000,0.000000,0.000000,0.000000,0.000000,0.000000,0.000000,0.000000,0.000000,0.000000,0.000000,0.000000,0.000000,0.000000,0.000000,0.000000,0.000000,0.000000,0.000000,0.000000,0.000000,0.000000,0.000000,0.000000,0.000000,0.000000,0.000000,0.000000,0.000000,0.000000,0.000000,0.000000,0.000000,0.000000,0.000000,0.000000,0.000000,0.000000,0.000000,277.622862,481.375864,-94.034297,280.568509,489.940720,-101.706208,283.080420,491.222564,-101.696545,285.296948,492.552205,-101.779030,273.596657,487.977892,-79.332128,273.191387,487.713275,-79.293141,273.180836,487.536611,-79.346047,298.715367,495.284440,-65.654413,284.178450,490.105044,20.974247,285.594899,476.243650,-87.443314,278.835033,474.486105,-58.376202,334.547551,463.060724,-55.463858,281.775148,459.502988,124.945704,391.849033,472.739723,-113.106422,246.566162,471.052274,241.382581,345.751267,501.737431,-66.940182,261.762740,499.938873,311.606521,333.461734,507.984453,-72.228837,266.938534,509.686875,324.655795,329.119486,507.904917,-58.046924,270.970375,506.028237,323.446289,330.629190,504.403474,-59.670872,271.144631,502.509104,311.469141,319.979580,342.739906,-78.266673,294.597122,341.886621,78.214237,313.615810,258.462923,-138.293487,312.392064,261.032475,86.676353,319.672702,164.294054,-154.388212,332.448847,188.933178,129.759439,329.911674,148.718850,-158.919315,342.896359,179.819738,130.332555,283.949361,140.580448,-241.109353,306.056903,169.329871,79.090309,
0.000000,0.000000,0.000000,0.000000,0.000000,0.000000,0.000000,0.000000,0.000000,0.000000,0.000000,0.000000,0.000000,0.000000,0.000000,0.000000,0.000000,0.000000,0.000000,0.000000,0.000000,0.000000,0.000000,0.000000,0.000000,0.000000,0.000000,0.000000,0.000000,0.000000,0.000000,0.000000,0.000000,0.000000,0.000000,0.000000,0.000000,0.000000,0.000000,0.000000,0.000000,0.000000,0.000000,0.000000,0.000000,0.000000,0.000000,0.000000,0.000000,0.000000,0.000000,0.000000,278.472411,481.404877,-86.334365,281.539359,489.984978,-94.355457,284.166125,491.277850,-94.344351,286.578980,492.607306,-94.424697,274.159368,488.016553,-72.384197,273.644790,487.752368,-72.344803,273.568730,487.575345,-72.399417,299.837963,495.249427,-56.710529,284.350335,490.101476,26.724685,286.516379,476.327509,-80.487874,279.249764,474.564401,-51.960664,335.279394,463.005372,-47.661397,280.428450,459.647026,128.426214,393.619585,472.528233,-100.578908,241.684394,472.004245,239.904428,347.235527,501.743385,-50.370604,259.766944,500.992750,308.394454,335.077703,508.048462,-54.574287,265.767769,510.861345,321.230554,330.517881,507.945770,-40.511031,270.148560,507.119525,321.380781,331.907501,504.409017,-43.014919,270.075353,503.175274,308.849290,320.328698,342.758927,-77.154020,293.940927,341.829531,77.132320,313.740813,258.515502,-136.838272,311.989809,260.817983,78.028187,319.730167,164.669309,-149.063119,332.177811,188.603962,114.214097,329.915525,149.101383,-153.401274,342.738888,179.307432,114.067461,284.171700,140.603088,-236.161592,305.562669,168.889059,61.489033,
0.000000,0.000000,0.000000,0.000000,0.000000,0.000000,0.000000,0.000000,0.000000,0.000000,0.000000,0.000000,0.000000,0.000000,0.000000,0.000000,0.000000,0.000000,0.000000,0.000000,0.000000,0.000000,0.000000,0.000000,0.000000,0.000000,0.000000,0.000000,0.000000,0.000000,0.000000,0.000000,0.000000,0.000000,0.000000,0.000000,0.000000,0.000000,0.000000,0.000000,0.000000,0.000000,0.000000,0.000000,0.000000,0.000000,0.000000,0.000000,0.000000,0.000000,0.000000,0.000000,279.321960,481.433891,-78.634432,282.510209,490.029236,-87.004705,285.251830,491.333137,-86.992156,287.861012,492.662408,-87.070364,274.722080,488.055213,-65.436265,274.098192,487.791461,-65.396466,273.956624,487.614079,-65.452787,300.960560,495.214414,-47.766645,284.522221,490.097909,32.475123,287.437858,476.411369,-73.532435,279.664494,474.642697,-45.545126,336.011237,462.950020,-39.858935,279.081752,459.791064,131.906724,395.390136,472.316743,-88.051394,236.802626,472.956216,238.426274,348.719788,501.749338,-33.801026,257.771148,502.046628,305.182387,336.693672,508.112471,-36.919737,264.597004,512.035815,317.805312,331.916277,507.986622,-22.975139,269.326745,508.210812,319.315272,333.185811,504.414561,-26.358965,269.006076,503.841444,306.229440,320.677815,342.777949,-76.041368,293.284731,341.772442,76.050403,313.865817,258.568081,-135.383057,311.587554,260.603492,69.380021,319.787632,165.044563,-143.738025,331.906774,188.274746,98.668755,329.919377,149.483916,-147.883233,342.581416,178.795126,97.802367,284.394039,140.625727,-231.213832,305.068435,168.448246,43.887758,
0.000000,0.000000,0.000000,0.000000,0.000000,0.000000,0.000000,0.000000,0.000000,0.000000,0.000000,0.000000,0.000000,0.000000,0.000000,0.000000,0.000000,0.000000,0.000000,0.000000,0.000000,0.000000,0.000000,0.000000,0.000000,0.000000,0.000000,0.000000,0.000000,0.000000,0.000000,0.000000,0.000000,0.000000,0.000000,0.000000,0.000000,0.000000,0.000000,0.000000,0.000000,0.000000,0.000000,0.000000,0.000000,0.000000,0.000000,0.000000,0.000000,0.000000,0.000000,0.000000,280.256386,481.550370,-75.443860,283.604028,490.131793,-83.220776,286.431256,491.414212,-83.205115,289.189070,492.713530,-83.284333,275.695660,488.203678,-62.667579,274.851503,487.949007,-62.626839,274.472420,487.781066,-62.678686,301.994137,495.104490,-41.250193,284.604342,490.163816,36.225796,288.300555,476.480021,-69.745371,280.221187,474.761314,-43.025857,336.383101,462.833326,-33.746073,278.051668,459.840120,133.922689,396.501194,472.020098,-82.276398,234.398753,473.511402,237.368355,349.825487,501.718323,-31.525400,256.529569,502.633764,302.751355,337.881040,508.186310,-34.802624,263.831307,512.543473,314.718214,333.018526,508.015883,-20.625776,268.684025,508.847233,318.237019,334.155559,504.380986,-24.088362,268.236536,504.299075,304.482442,320.962616,342.802935,-74.802378,292.869826,341.718617,74.822132,314.034713,258.586718,-134.249205,311.127820,260.337713,65.074537,319.822513,165.227805,-141.543292,331.666387,187.932200,92.346027,329.909384,149.634270,-145.728112,342.434480,178.363973,91.267353,284.602583,140.642111,-230.284234,304.699556,168.011785,36.398897,
0.000000,0.000000,0.000000,0.000000,0.000000,0.000000,0.000000,0.000000,0.000000,0.000000,0.000000,0.000000,0.000000,0.000000,0.000000,0.000000,0.000000,0.000000,0.000000,0.000000,0.000000,0.000000,0.000000,0.000000,0.000000,0.000000,0.000000,0.000000,0.000000,0.000000,0.000000,0.000000,0.000000,0.000000,0.000000,0.000000,0.000000,0.000000,0.000000,0.000000,0.000000,0.000000,0.000000,0.000000,0.000000,0.000000,0.000000,0.000000,0.000000,0.000000,0.000000,0.000000,281.190813,481.666849,-72.253288,284.697847,490.234349,-79.436848,287.610682,491.495287,-79.418075,290.517129,492.764653,-79.498302,276.669240,488.352144,-59.898893,275.604814,488.106553,-59.857212,274.988217,487.948054,-59.904586,303.027715,494.994566,-34.733742,284.686462,490.229723,39.976470,289.163253,476.548673,-65.958306,280.777879,474.879930,-40.506587,336.754964,462.716633,-27.633212,277.021585,459.889177,135.938654,397.612251,471.723454,-76.501403,231.994880,474.066588,236.310436,350.931187,501.687308,-29.249773,255.287990,503.220901,300.320323,339.068409,508.260150,-32.685512,263.065611,513.051131,311.631116,334.120775,508.045143,-18.276413,268.041304,509.483654,317.158766,335.125307,504.347411,-21.817759,267.466996,504.756705,302.735445,321.247418,342.827921,-73.563388,292.454921,341.664792,73.593862,314.203609,258.605355,-133.115353,310.668086,260.071935,60.769053,319.857393,165.411046,-139.348560,331.426001,187.589653,86.023300,329.899390,149.784623,-143.572992,342.287545,177.932819,84.732338,284.811126,140.658494,-229.354636,304.330677,167.575324,28.910036,
0.000000,0.000000,0.000000,0.000000,0.000000,0.000000,0.000000,0.000000,0.000000,0.000000,0.000000,0.000000,0.000000,0.000000,0.000000,0.000000,0.000000,0.000000,0.000000,0.000000,0.000000,0.000000,0.000000,0.000000,0.000000,0.000000,0.000000,0.000000,0.000000,0.000000,0.000000,0.000000,0.000000,0.000000,0.000000,0.000000,0.000000,0.000000,0.000000,0.000000,0.000000,0.000000,0.000000,0.000000,0.000000,0.000000,0.000000,0.000000,0.000000,0.000000,0.000000,0.000000,282.125239,481.783328,-69.062716,285.791666,490.336905,-75.652919,288.790109,491.576362,-75.631035,291.845188,492.815776,-75.712271,277.642820,488.500609,-57.130207,276.358125,488.264099,-57.087585,275.504013,488.115041,-57.130485,304.061292,494.884642,-28.217290,284.768583,490.295631,43.727144,290.025950,476.617324,-62.171242,281.334572,474.998547,-37.987317,337.126828,462.599939,-21.520350,275.991501,459.938233,137.954619,398.723308,471.426809,-70.726408,229.591008,474.621774,235.252517,352.036886,501.656292,-26.974147,254.046411,503.808037,297.889291,340.255777,508.333989,-30.568399,262.299914,513.558789,308.544018,335.223025,508.074404,-15.927050,267.398583,510.120075,316.080513,336.095055,504.313837,-19.547156,266.697455,505.214336,300.988447,321.532219,342.852906,-72.324398,292.040016,341.610967,72.365591,314.372504,258.623992,-131.981501,310.208352,259.806157,56.463569,319.892273,165.594288,-137.153827,331.185614,187.247106,79.700573,329.889397,149.934976,-141.417871,342.140609,177.501666,78.197324,285.019670,140.674877,-228.425038,303.961797,167.138863,21.421175,
0.000000,0.000000,0.000000,0.000000,0.000000,0.000000,0.000000,0.000000,0.000000,0.000000,0.000000,0.000000,0.000000,0.000000,0.000000,0.000000,0.000000,0.000000,0.000000,0.000000,0.000000,0.000000,0.000000,0.000000,0.000000,0.000000,0.000000,0.000000,0.000000,0.000000,0.000000,0.000000,0.000000,0.000000,0.000000,0.000000,0.000000,0.000000,0.000000,0.000000,0.000000,0.000000,0.000000,0.000000,0.000000,0.000000,0.000000,0.000000,0.000000,0.000000,0.000000,0.000000,283.059665,481.899807,-65.872144,286.885485,490.439462,-71.868990,289.969535,491.657437,-71.843995,293.173246,492.866898,-71.926239,278.616400,488.649075,-54.361520,277.111436,488.421645,-54.317957,276.019810,488.282029,-54.356385,305.094870,494.774718,-21.700839,284.850704,490.361538,47.477818,290.888647,476.685976,-58.384178,281.891265,475.117164,-35.468048,337.498691,462.483246,-15.407488,274.961418,459.987290,139.970584,399.834366,471.130164,-64.951413,227.187135,475.176960,234.194598,353.142586,501.625277,-24.698520,252.804832,504.395174,295.458259,341.443146,508.407829,-28.451287,261.534218,514.066448,305.456920,336.325274,508.103665,-13.577687,266.755862,510.756496,315.002260,337.064803,504.280262,-17.276553,265.927915,505.671966,299.241450,321.817021,342.877892,-71.085408,291.625112,341.557142,71.137320,314.541400,258.642629,-130.847650,309.748618,259.540378,52.158086,319.927153,165.777530,-134.959094,330.945227,186.904559,73.377846,329.879404,150.085330,-139.262751,341.993673,177.070513,71.662310,285.228214,140.691260,-227.495441,303.592918,166.702402,13.932314,
0.000000,0.000000,0.000000,0.000000,0.000000,0.000000,0.000000,0.000000,0.000000,0.000000,0.000000,0.000000,0.000000,0.000000,0.000000,0.000000,0.000000,0.000000,0.000000,0.000000,0.000000,0.000000,0.000000,0.000000,0.000000,0.000000,0.000000,0.000000,0.000000,0.000000,0.000000,0.000000,0.000000,0.000000,0.000000,0.000000,0.000000,0.000000,0.000000,0.000000,0.000000,0.000000,0.000000,0.000000,0.000000,0.000000,0.000000,0.000000,0.000000,0.000000,0.000000,0.000000,284.088210,482.085871,-66.927953,288.099545,490.588477,-71.053932,291.256378,491.753331,-71.024730,294.573393,492.903399,-71.110393,279.985016,488.890794,-55.354834,278.196176,488.680240,-55.310878,276.721673,488.558129,-55.336302,306.057242,494.581488,-17.365289,284.858636,490.486814,49.375740,291.737214,476.720408,-57.188752,282.610359,475.273408,-36.488403,337.550024,462.306326,-10.374154,274.260108,459.950915,140.687709,400.315193,470.748573,-64.703178,226.961987,475.349441,233.190234,353.900050,501.548487,-34.648919,252.289749,504.520925,293.108082,342.190999,508.491884,-39.653993,261.183562,513.939055,301.717502,337.127792,508.116205,-24.207898,266.339324,510.932139,314.317353,337.726213,504.189805,-27.307506,265.490112,505.904177,297.751196,322.020596,342.910523,-69.616273,291.433998,341.508835,69.660482,314.747099,258.632994,-129.793446,309.231901,259.246942,51.918981,319.928129,165.765003,-135.831292,330.761777,186.599022,75.647952,329.838723,149.970974,-140.408535,341.879732,176.750104,74.192408,285.416601,140.706968,-230.596246,303.443236,166.330671,15.776811,
0.000000,0.000000,0.000000,0.000000,0.000000,0.000000,0.000000,0.000000,0.000000,0.000000,0.000000,0.000000,0.000000,0.000000,0.000000,0.000000,0.000000,0.000000,0.000000,0.000000,0.000000,0.000000,0.000000,0.000000,0.000000,0.000000,0.000000,0.000000,0.000000,0.000000,0.000000,0.000000,0.000000,0.000000,0.000000,0.000000,0.000000,0.000000,0.000000,0.000000,0.000000,0.000000,0.000000,0.000000,0.000000,0.000000,0.000000,0.000000,0.000000,0.000000,0.000000,0.000000,285.116755,482.271936,-67.983763,289.313604,490.737492,-70.238874,292.543222,491.849224,-70.205465,295.973540,492.939900,-70.294547,281.353633,489.132512,-56.348147,279.280917,488.938835,-56.303799,277.423537,488.834230,-56.316219,307.019614,494.388258,-13.029740,284.866567,490.612090,51.273662,292.585781,476.754839,-55.993327,283.329454,475.429652,-37.508758,337.601356,462.129405,-5.340820,273.558799,459.914541,141.404834,400.796020,470.366982,-64.454943,226.736838,475.521922,232.185870,354.657513,501.471696,-44.599318,251.774666,504.646676,290.757904,342.938852,508.575939,-50.856699,260.832907,513.811662,297.978084,337.930310,508.128746,-34.838110,265.922786,511.107781,313.632446,338.387622,504.099347,-37.338459,265.052310,506.136388,296.260942,322.224171,342.943154,-68.147139,291.242885,341.460528,68.183645,314.952798,258.623359,-128.739242,308.715183,258.953506,51.679877,319.929105,165.752477,-136.703489,330.578326,186.293485,77.918058,329.798042,149.856618,-141.554319,341.765792,176.429696,76.722506,285.604987,140.722677,-233.697052,303.293553,165.958939,17.621307,
0.000000,0.000000,0.000000,0.000000,0.000000,0.000000,0.000000,0.000000,0.000000,0.000000,0.000000,0.000000,0.000000,0.000000,0.000000,0.000000,0.000000,0.000000,0.000000,0.000000,0.000000,0.000000,0.000000,0.000000,0.000000,0.000000,0.000000,0.000000,0.000000,0.000000,0.000000,0.000000,0.000000,0.000000,0.000000,0.000000,0.000000,0.000000,0.000000,0.000000,0.000000,0.000000,0.000000,0.000000,0.000000,0.000000,0.000000,0.000000,0.000000,0.000000,0.000000,0.000000,286.145300,482.458001,-69.039572,290.527664,490.886507,-69.423816,293.830065,491.945117,-69.386200,297.373687,492.976401,-69.478701,282.722250,489.374231,-57.341460,280.365657,489.197430,-57.296719,278.125400,489.110330,-57.296135,307.981986,494.195028,-8.694190,284.874499,490.737367,53.171585,293.434348,476.789271,-54.797901,284.048548,475.585896,-38.529113,337.652688,461.952485,-0.307486,272.857490,459.878167,142.121959,401.276847,469.985391,-64.206708,226.511690,475.694402,231.181506,355.414977,501.394906,-54.549717,251.259583,504.772428,288.407727,343.686706,508.659994,-62.059406,260.482252,513.684270,294.238666,338.732829,508.141286,-45.468321,265.506248,511.283424,312.947540,339.049032,504.008890,-47.369412,264.614507,506.368599,294.770687,322.427746,342.975785,-66.678005,291.051772,341.412222,66.706808,315.158498,258.613724,-127.685038,308.198465,258.660071,51.440772,319.930081,165.739950,-137.575687,330.394876,185.987948,80.188165,329.757361,149.742262,-142.700103,341.651851,176.109287,79.252605,285.793374,140.738385,-236.797858,303.143871,165.587208,19.465804,
0.000000,0.000000,0.000000,0.000000,0.000000,0.000000,0.000000,0.000000,0.000000,0.000000,0.000000,0.000000,0.000000,0.000000,0.000000,0.000000,0.000000,0.000000,0.000000,0.000000,0.000000,0.000000,0.000000,0.000000,0.000000,0.000000,0.000000,0.000000,0.000000,0.000000,0.000000,0.000000,0.000000,0.000000,0.000000,0.000000,0.000000,0.000000,0.000000,0.000000,0.000000,0.000000,0.000000,0.000000,0.000000,0.000000,0.000000,0.000000,0.000000,0.000000,0.000000,0.000000,287.173845,482.644065,-70.095381,291.741723,491.035522,-68.608758,295.116908,492.041010,-68.566935,298.773833,493.012901,-68.662855,284.090867,489.615950,-58.334774,281.450398,489.456025,-58.289640,278.827263,489.386431,-58.276052,308.944358,494.001798,-4.358641,284.882431,490.862643,55.069507,294.282916,476.823703,-53.602476,284.767643,475.742140,-39.549468,337.704021,461.775565,4.725848,272.156181,459.841792,142.839085,401.757674,469.603800,-63.958474,226.286542,475.866883,230.177142,356.172441,501.318116,-64.500116,250.744500,504.898179,286.057550,344.434559,508.744049,-73.262112,260.131596,513.556877,290.499248,339.535347,508.153827,-56.098532,265.089711,511.459067,312.262633,339.710442,503.918433,-57.400364,264.176704,506.600810,293.280433,322.631321,343.008416,-65.208871,290.860659,341.363915,65.229970,315.364197,258.604089,-126.630834,307.681748,258.366635,51.201668,319.931057,165.727424,-138.447885,330.211425,185.682411,82.458271,329.716680,149.627906,-143.845887,341.537910,175.788879,81.782703,285.981760,140.754093,-239.898664,302.994189,165.215477,21.310301,
0.000000,0.000000,0.000000,0.000000,0.000000,0.000000,0.000000,0.000000,0.000000,0.000000,0.000000,0.000000,0.000000,0.000000,0.000000,0.000000,0.000000,0.000000,0.000000,0.000000,0.000000,0.000000,0.000000,0.000000,0.000000,0.000000,0.000000,0.000000,0.000000,0.000000,0.000000,0.000000,0.000000,0.000000,0.000000,0.000000,0.000000,0.000000,0.000000,0.000000,0.000000,0.000000,0.000000,0.000000,0.000000,0.000000,0.000000,0.000000,0.000000,0.000000,0.000000,0.000000,288.189021,482.615576,-69.003355,292.909465,490.995535,-64.994291,296.325736,491.963176,-64.953157,299.959905,492.886501,-65.044670,285.012097,489.650743,-55.546229,282.378872,489.522918,-55.504412,279.781472,489.473372,-55.483888,309.561206,493.717090,0.661023,284.966223,490.836149,55.782666,295.287534,476.613086,-49.981104,285.507794,475.736259,-37.100728,337.740516,461.644850,11.016401,271.667398,459.924203,141.991870,401.634158,469.407198,-57.891386,224.514567,476.304284,224.236765,356.713811,501.165764,-62.584703,250.707908,505.179471,279.254299,345.184640,508.821850,-71.610131,260.270334,513.641282,282.856712,340.342671,508.174196,-54.223829,265.431686,511.539245,304.794037,340.422455,503.811973,-55.553352,264.461228,506.756856,286.550349,322.685505,343.029567,-63.402779,290.711109,341.357757,63.425897,315.469684,258.568195,-125.351619,307.483627,258.294867,49.713402,319.774090,165.672914,-138.900036,330.228898,185.785457,81.339291,329.417638,149.520870,-144.416434,341.543781,175.948324,80.742145,285.987195,140.730663,-239.966357,303.567421,165.382951,19.701648,
0.000000,0.000000,0.000000,0.000000,0.000000,0.000000,0.000000,0.000000,0.000000,0.000000,0.000000,0.000000,0.000000,0.000000,0.000000,0.000000,0.000000,0.000000,0.000000,0.000000,0.000000,0.000000,0.000000,0.000000,0.000000,0.000000,0.000000,0.000000,0.000000,0.000000,0.000000,0.000000,0.000000,0.000000,0.000000,0.000000,0.000000,0.000000,0.000000,0.000000,0.000000,0.000000,0.000000,0.000000,0.000000,0.000000,0.000000,0.000000,0.000000,0.000000,0.000000,0.000000,289.204197,482.587087,-67.911329,294.077207,490.955549,-61.379825,297.534564,491.885342,-61.339379,301.145976,492.760100,-61.426485,285.933328,489.685536,-52.757683,283.307347,489.589811,-52.719185,280.735680,489.560314,-52.691724,310.178053,493.432382,5.680687,285.050016,490.809656,56.495825,296.292153,476.402469,-46.359732,286.247945,475.730379,-34.651989,337.777010,461.514135,17.306955,271.178615,460.006613,141.144656,401.510643,469.210596,-51.824298,222.742593,476.741685,218.296387,357.255180,501.013413,-60.669290,250.671315,505.460763,272.451048,345.934721,508.899652,-69.958151,260.409071,513.725687,275.214175,341.149995,508.194565,-52.349127,265.773660,511.619423,297.325442,341.134469,503.705514,-53.706339,264.745752,506.912901,279.820266,322.739690,343.050718,-61.596686,290.561559,341.351600,61.621824,315.575171,258.532302,-124.072404,307.285506,258.223100,48.225135,319.617124,165.618405,-139.352187,330.246371,185.888502,80.220311,329.118596,149.413834,-144.986982,341.549651,176.107769,79.701588,285.992630,140.707233,-240.034051,304.140654,165.550425,18.092995,
0.000000,0.000000,0.000000,0.000000,0.000000,0.000000,0.000000,0.000000,0.000000,0.000000,0.000000,0.000000,0.000000,0.000000,0.000000,0.000000,0.000000,0.000000,0.000000,0.000000,0.000000,0.000000,0.000000,0.000000,0.000000,0.000000,0.000000,0.000000,0.000000,0.000000,0.000000,0.000000,0.000000,0.000000,0.000000,0.000000,0.000000,0.000000,0.000000,0.000000,0.000000,0.000000,0.000000,0.000000,0.000000,0.000000,0.000000,0.000000,0.000000,0.000000,0.000000,0.000000,290.219373,482.558598,-66.819303,295.244949,490.915562,-57.765358,298.743391,491.807508,-57.725601,302.332048,492.633699,-57.808300,286.854558,489.720329,-49.969138,284.235821,489.656704,-49.933958,281.689889,489.647256,-49.899561,310.794901,493.147674,10.700351,285.133809,490.783162,57.208985,297.296772,476.191852,-42.738360,286.988096,475.724499,-32.203249,337.813505,461.383420,23.597508,270.689831,460.089023,140.297441,401.387128,469.013993,-45.757210,220.970619,477.179086,212.356010,357.796550,500.861061,-58.753877,250.634723,505.742054,265.647797,346.684802,508.977454,-68.306170,260.547808,513.810092,267.571639,341.957320,508.214934,-50.474425,266.115635,511.699601,289.856846,341.846482,503.599055,-51.859326,265.030277,507.068946,273.090182,322.793874,343.071870,-59.790594,290.412009,341.345442,59.817751,315.680659,258.496408,-122.793189,307.087384,258.151332,46.736869,319.460157,165.563895,-139.804338,330.263844,185.991548,79.101331,328.819554,149.306798,-145.557530,341.555522,176.267215,78.661030,285.998065,140.683803,-240.101745,304.713886,165.717898,16.484342,
0.000000,0.000000,0.000000,0.000000,0.000000,0.000000,0.000000,0.000000,0.000000,0.000000,0.000000,0.000000,0.000000,0.000000,0.000000,0.000000,0.000000,0.000000,0.000000,0.000000,0.000000,0.000000,0.000000,0.000000,0.000000,0.000000,0.000000,0.000000,0.000000,0.000000,0.000000,0.000000,0.000000,0.000000,0.000000,0.000000,0.000000,0.000000,0.000000,0.000000,0.000000,0.000000,0.000000,0.000000,0.000000,0.000000,0.000000,0.000000,0.000000,0.000000,0.000000,0.000000,291.234549,482.530109,-65.727277,296.412690,490.875575,-54.150892,299.952219,491.729675,-54.111823,303.518119,492.507298,-54.190115,287.775789,489.755123,-47.180593,285.164296,489.723597,-47.148731,282.644097,489.734198,-47.107397,311.411748,492.862966,15.720015,285.217602,490.756668,57.922144,298.301391,475.981236,-39.116988,287.728247,475.718618,-29.754510,337.849999,461.252706,29.888062,270.201048,460.171433,139.450227,401.263612,468.817391,-39.690122,219.198645,477.616488,206.415633,358.337920,500.708710,-56.838465,250.598131,506.023346,258.844546,347.434883,509.055255,-66.654190,260.686545,513.894497,259.929103,342.764644,508.235303,-48.599723,266.457610,511.779779,282.388250,342.558496,503.492596,-50.012314,265.314801,507.224991,266.360098,322.848059,343.093021,-57.984502,290.262459,341.339284,58.013677,315.786146,258.460514,-121.513974,306.889263,258.079564,45.248602,319.303191,165.509385,-140.256489,330.281316,186.094594,77.982351,328.520512,149.199762,-146.128077,341.561393,176.426660,77.620472,286.003500,140.660373,-240.169439,305.287119,165.885372,14.875689,
0.000000,0.000000,0.000000,0.000000,0.000000,0.000000,0.000000,0.000000,0.000000,0.000000,0.000000,0.000000,0.000000,0.000000,0.000000,0.000000,0.000000,0.000000,0.000000,0.000000,0.000000,0.000000,0.000000,0.000000,0.000000,0.000000,0.000000,0.000000,0.000000,0.000000,0.000000,0.000000,0.000000,0.000000,0.000000,0.000000,0.000000,0.000000,0.000000,0.000000,0.000000,0.000000,0.000000,0.000000,0.000000,0.000000,0.000000,0.000000,0.000000,0.000000,0.000000,0.000000,292.024855,482.537458,-65.189094,297.330859,490.867510,-52.206520,300.869076,491.690111,-52.167746,304.380310,492.427075,-52.243869,288.540548,489.798008,-45.751277,285.884929,489.786378,-45.721892,283.334059,489.809162,-45.677884,311.874318,492.656625,18.706614,285.268686,490.746170,58.196087,299.018007,475.873432,-37.225022,288.286862,475.727299,-28.622635,337.819047,461.111411,33.394464,269.834127,460.228223,138.757462,401.026615,468.551168,-36.529078,218.143925,478.008203,201.992227,358.666487,500.539457,-57.018857,250.675017,506.233529,254.021729,347.963955,509.089659,-67.130846,260.919583,513.958577,254.728259,343.328461,508.211159,-49.016808,266.756619,511.852977,277.088492,343.079809,503.373165,-50.292723,265.570797,507.361327,261.543294,322.915241,343.117062,-56.859442,290.166461,341.329639,56.888102,315.859057,258.446808,-120.953678,306.720831,258.024868,44.178659,319.215219,165.460659,-140.585680,330.227840,186.175180,77.134498,328.352331,149.132123,-146.533021,341.505253,176.638446,76.799329,286.077946,140.654561,-240.840051,305.577952,166.042622,13.679496,
0.000000,0.000000,0.000000,0.000000,0.000000,0.000000,0.000000,0.000000,0.000000,0.000000,0.000000,0.000000,0.000000,0.000000,0.000000,0.000000,0.000000,0.000000,0.000000,0.000000,0.000000,0.000000,0.000000,0.000000,0.000000,0.000000,0.000000,0.000000,0.000000,0.000000,0.000000,0.000000,0.000000,0.000000,0.000000,0.000000,0.000000,0.000000,0.000000,0.000000,0.000000,0.000000,0.000000,0.000000,0.000000,0.000000,0.000000,0.000000,0.000000,0.000000,0.000000,0.000000,292.815162,482.544807,-64.650912,298.249027,490.859444,-50.262148,301.785933,491.650547,-50.223669,305.242501,492.346853,-50.297622,289.305308,489.840893,-44.321961,286.605563,489.849159,-44.295053,284.024021,489.884127,-44.248372,312.336887,492.450285,21.693214,285.319771,490.735672,58.470031,299.734624,475.765628,-35.333056,288.845476,475.735981,-27.490760,337.788095,460.970115,36.900867,269.467206,460.285014,138.064697,400.789617,468.284946,-33.368034,217.089206,478.399918,197.568821,358.995054,500.370204,-57.199250,250.751902,506.443712,249.198912,348.493027,509.124063,-67.607503,261.152621,514.022657,249.527415,343.892278,508.187015,-49.433894,267.055628,511.926175,271.788733,343.601122,503.253734,-50.573131,265.826793,507.497662,256.726491,322.982423,343.141104,-55.734382,290.070463,341.319994,55.762526,315.931968,258.433102,-120.393381,306.552399,257.970171,43.108715,319.127248,165.411933,-140.914871,330.174363,186.255766,76.286646,328.184149,149.064485,-146.937966,341.449114,176.850233,75.978186,286.152392,140.648749,-241.510664,305.868785,166.199872,12.483302,
0.000000,0.000000,0.000000,0.000000,0.000000,0.000000,0.000000,0.000000,0.000000,0.000000,0.000000,0.000000,0.000000,0.000000,0.000000,0.000000,0.000000,0.000000,0.000000,0.000000,0.000000,0.000000,0.000000,0.000000,0.000000,0.000000,0.000000,0.000000,0.000000,0.000000,0.000000,0.000000,0.000000,0.000000,0.000000,0.000000,0.000000,0.000000,0.000000,0.000000,0.000000,0.000000,0.000000,0.000000,0.000000,0.000000,0.000000,0.000000,0.000000,0.000000,0.000000,0.000000,293.605468,482.552156,-64.112730,299.167195,490.851379,-48.317777,302.702791,491.610983,-48.279592,306.104692,492.266631,-48.351375,290.070067,489.883779,-42.892645,287.326197,489.911940,-42.868214,284.713983,489.959092,-42.818860,312.799457,492.243945,24.679814,285.370855,490.725173,58.743974,300.451240,475.657825,-33.441090,289.404090,475.744662,-26.358886,337.757143,460.828820,40.407269,269.100285,460.341804,137.371933,400.552620,468.018724,-30.206990,216.034487,478.791633,193.145415,359.323622,500.200951,-57.379642,250.828788,506.653896,244.376095,349.022099,509.158468,-68.084159,261.385658,514.086737,244.326571,344.456095,508.162871,-49.850979,267.354637,511.999374,266.488975,344.122435,503.134303,-50.853540,266.082789,507.633998,251.909687,323.049605,343.165145,-54.609323,289.974465,341.310348,54.636950,316.004879,258.419396,-119.833085,306.383967,257.915475,42.038771,319.039277,165.363207,-141.244062,330.120886,186.336352,75.438794,328.015968,148.996846,-147.342910,341.392975,177.062020,75.157042,286.226838,140.642936,-242.181277,306.159618,166.357122,11.287109,
0.000000,0.000000,0.000000,0.000000,0.000000,0.000000,0.000000,0.000000,0.000000,0.000000,0.000000,0.000000,0.000000,0.000000,0.000000,0.000000,0.000000,0.000000,0.000000,0.000000,0.000000,0.000000,0.000000,0.000000,0.000000,0.000000,0.000000,0.000000,0.000000,0.000000,0.000000,0.000000,0.000000,0.000000,0.000000,0.000000,0.000000,0.000000,0.000000,0.000000,0.000000,0.000000,0.000000,0.000000,0.000000,0.000000,0.000000,0.000000,0.000000,0.000000,0.000000,0.000000,294.395775,482.559505,-63.574548,300.085364,490.843313,-46.373405,303.619648,491.571419,-46.335515,306.966883,492.186408,-46.405129,290.834827,489.926664,-41.463328,288.046830,489.974721,-41.441376,285.403944,490.034056,-41.389348,313.262026,492.037604,27.666414,285.421940,490.714675,59.017917,301.167857,475.550021,-31.549123,289.962705,475.753343,-25.227011,337.726191,460.687525,43.913672,268.733365,460.398595,136.679168,400.315623,467.752502,-27.045946,214.979767,479.183348,188.722009,359.652189,500.031698,-57.560035,250.905673,506.864079,239.553277,349.551170,509.192872,-68.560816,261.618696,514.150817,239.125727,345.019912,508.138727,-50.268065,267.653646,512.072572,261.189216,344.643747,503.014872,-51.133949,266.338784,507.770334,247.092884,323.116787,343.189186,-53.484263,289.878468,341.300703,53.511374,316.077790,258.405689,-119.272789,306.215535,257.860778,40.968828,318.951306,165.314481,-141.573253,330.067409,186.416938,74.590942,327.847787,148.929208,-147.747854,341.336835,177.273806,74.335899,286.301284,140.637124,-242.851889,306.450451,166.514372,10.090916,
0.000000,0.000000,0.000000,0.000000,0.000000,0.000000,0.000000,0.000000,0.000000,0.000000,0.000000,0.000000,0.000000,0.000000,0.000000,0.000000,0.000000,0.000000,0.000000,0.000000,0.000000,0.000000,0.000000,0.000000,0.000000,0.000000,0.000000,0.000000,0.000000,0.000000,0.000000,0.000000,0.000000,0.000000,0.000000,0.000000,0.000000,0.000000,0.000000,0.000000,0.000000,0.000000,0.000000,0.000000,0.000000,0.000000,0.000000,0.000000,0.000000,0.000000,0.000000,0.000000,294.970454,482.584812,-63.327230,300.751229,490.855329,-45.501176,304.258230,491.559154,-45.463759,307.531254,492.141721,-45.532704,291.427283,489.961090,-40.975996,288.591145,490.015985,-40.956762,285.887823,490.077903,-40.903975,313.588131,491.901236,28.866481,285.455891,490.710067,58.999657,301.641124,475.526019,-30.809827,290.360222,475.773892,-25.055358,337.667240,460.536764,45.245995,268.500466,460.439316,136.306558,399.994408,467.416868,-25.565188,214.343132,479.543456,185.448895,359.798279,499.836738,-57.768307,251.068316,507.008509,236.010714,349.848318,509.184263,-68.948491,261.956007,514.226333,235.376111,345.336636,508.064941,-50.769983,267.956779,512.132879,257.464386,344.974584,502.864705,-51.457985,266.598252,507.870081,243.573251,323.180056,343.217800,-52.936430,289.818524,341.289824,52.962083,316.111035,258.419840,-119.189695,306.077286,257.846782,40.040904,318.921011,165.267782,-141.716054,329.969269,186.525405,73.384436,327.793623,148.868437,-147.925179,341.241146,177.567526,73.069203,286.438379,140.654511,-244.137661,306.552727,166.721776,8.528125,
0.000000,0.000000,0.000000,0.000000,0.000000,0.000000,0.000000,0.000000,0.000000,0.000000,0.000000,0.000000,0.000000,0.000000,0.000000,0.000000,0.000000,0.000000,0.000000,0.000000,0.000000,0.000000,0.000000,0.000000,0.000000,0.000000,0.000000,0.000000,0.000000,0.000000,0.000000,0.000000,0.000000,0.000000,0.000000,0.000000,0.000000,0.000000,0.000000,0.000000,0.000000,0.000000,0.000000,0.000000,0.000000,0.000000,0.000000,0.000000,0.000000,0.000000,0.000000,0.000000,295.545133,482.610120,-63.079913,301.417095,490.867345,-44.628947,304.896811,491.546889,-44.592004,308.095625,492.097034,-44.660279,292.019740,489.995515,-40.488663,289.135459,490.057249,-40.472148,286.371702,490.121749,-40.418602,313.914236,491.764869,30.066548,285.489843,490.705459,58.981397,302.114390,475.502016,-30.070530,290.757740,475.794442,-24.883705,337.608289,460.386003,46.578318,268.267568,460.480038,135.933948,399.673193,467.081235,-24.084429,213.706496,479.903564,182.175781,359.944368,499.641778,-57.976579,251.230958,507.152940,232.468151,350.145466,509.175654,-69.336165,262.293318,514.301849,231.626496,345.653360,507.991156,-51.271900,268.259911,512.193186,253.739556,345.305421,502.714537,-51.782020,266.857720,507.969828,240.053618,323.243325,343.246413,-52.388597,289.758579,341.278945,52.412792,316.144281,258.433990,-119.106602,305.939038,257.832786,39.112980,318.890716,165.221084,-141.858854,329.871129,186.633872,72.177930,327.739459,148.807667,-148.102503,341.145456,177.861246,71.802506,286.575474,140.671897,-245.423433,306.655002,166.929180,6.965335,
0.000000,0.000000,0.000000,0.000000,0.000000,0.000000,0.000000,0.000000,0.000000,0.000000,0.000000,0.000000,0.000000,0.000000,0.000000,0.000000,0.000000,0.000000,0.000000,0.000000,0.000000,0.000000,0.000000,0.000000,0.000000,0.000000,0.000000,0.000000,0.000000,0.000000,0.000000,0.000000,0.000000,0.000000,0.000000,0.000000,0.000000,0.000000,0.000000,0.000000,0.000000,0.000000,0.000000,0.000000,0.000000,0.000000,0.000000,0.000000,0.000000,0.000000,0.000000,0.000000,296.119812,482.635427,-62.832595,302.082961,490.879361,-43.756719,305.535393,491.534624,-43.720248,308.659997,492.052347,-43.787855,292.612196,490.029941,-40.001331,289.679773,490.098513,-39.987535,286.855581,490.165596,-39.933228,314.240341,491.628501,31.266614,285.523795,490.700851,58.963137,302.587657,475.478014,-29.331233,291.155257,475.814992,-24.712052,337.549339,460.235242,47.910641,268.034670,460.520760,135.561338,399.351978,466.745602,-22.603670,213.069861,480.263672,178.902667,360.090458,499.446818,-58.184851,251.393600,507.297371,228.925588,350.442614,509.167045,-69.723840,262.630629,514.377365,227.876881,345.970084,507.917370,-51.773818,268.563043,512.253493,250.014726,345.636258,502.564370,-52.106056,267.117188,508.069575,236.533985,323.306594,343.275027,-51.840764,289.698635,341.268066,51.863501,316.177526,258.448141,-119.023509,305.800789,257.818790,38.185056,318.860421,165.174386,-142.001655,329.772989,186.742339,70.971425,327.685295,148.746896,-148.279828,341.049767,178.154965,70.535810,286.712569,140.689284,-246.709205,306.757277,167.136584,5.402545,
0.000000,0.000000,0.000000,0.000000,0.000000,0.000000,0.000000,0.000000,0.000000,0.000000,0.000000,0.000000,0.000000,0.000000,0.000000,0.000000,0.000000,0.000000,0.000000,0.000000,0.000000,0.000000,0.000000,0.000000,0.000000,0.000000,0.000000,0.000000,0.000000,0.000000,0.000000,0.000000,0.000000,0.000000,0.000000,0.000000,0.000000,0.000000,0.000000,0.000000,0.000000,0.000000,0.000000,0.000000,0.000000,0.000000,0.000000,0.000000,0.000000,0.000000,0.000000,0.000000,296.694490,482.660735,-62.585278,302.748826,490.891377,-42.884490,306.173975,491.522359,-42.848493,309.224368,492.007660,-42.915430,293.204653,490.064366,-39.513998,290.224087,490.139777,-39.502921,287.339460,490.209442,-39.447855,314.566445,491.492134,32.466681,285.557747,490.696243,58.944877,303.060924,475.454012,-28.591937,291.552775,475.835541,-24.540399,337.490388,460.084481,49.242965,267.801771,460.561482,135.188728,399.030763,466.409969,-21.122912,212.433226,480.623780,175.629553,360.236548,499.251858,-58.393123,251.556242,507.441801,225.383025,350.739761,509.158437,-70.111515,262.967940,514.452881,224.127265,346.286808,507.843585,-52.275736,268.866176,512.313800,246.289896,345.967095,502.414202,-52.430092,267.376656,508.169321,233.014353,323.369863,343.303640,-51.292930,289.638691,341.257187,51.314210,316.210772,258.462291,-118.940415,305.662541,257.804794,37.257132,318.830126,165.127687,-142.144456,329.674848,186.850806,69.764919,327.631131,148.686125,-148.457152,340.954077,178.448685,69.269114,286.849665,140.706670,-247.994977,306.859553,167.343988,3.839755,
0.000000,0.000000,0.000000,0.000000,0.000000,0.000000,0.000000,0.000000,0.000000,0.000000,0.000000,0.000000,0.000000,0.000000,0.000000,0.000000,0.000000,0.000000,0.000000,0.000000,0.000000,0.000000,0.000000,0.000000,0.000000,0.000000,0.000000,0.000000,0.000000,0.000000,0.000000,0.000000,0.000000,0.000000,0.000000,0.000000,0.000000,0.000000,0.000000,0.000000,0.000000,0.000000,0.000000,0.000000,0.000000,0.000000,0.000000,0.000000,0.000000,0.000000,0.000000,0.000000,297.033984,482.699665,-62.803391,303.143412,490.924686,-43.196027,306.520544,491.540441,-43.161181,309.475463,492.002898,-43.229276,293.602625,490.090137,-40.067311,290.587282,490.159299,-40.059366,287.621186,490.221216,-40.004766,314.754570,491.433299,31.683270,285.572485,490.702818,58.644722,303.292344,475.512476,-29.118776,291.783788,475.866966,-25.425869,337.416440,459.924487,48.398056,267.697415,460.584841,134.986278,398.658459,466.005381,-21.172942,212.210790,480.954788,173.174736,360.209249,499.032754,-58.395003,251.798145,507.515526,222.906714,350.801666,509.106829,-70.117326,263.392111,514.536688,221.640880,346.359569,507.721521,-52.579280,269.167273,512.356807,243.816867,346.100546,502.229874,-52.561018,267.635246,508.225564,230.524514,323.426261,343.345073,-51.185893,289.604763,341.248448,51.203615,316.214738,258.511834,-119.149976,305.539798,257.827123,36.017238,318.854670,165.109929,-141.737041,329.525799,186.954339,67.401487,327.680656,148.656338,-148.022517,340.817272,178.762189,66.767319,287.055361,140.756459,-249.373877,306.785717,167.558680,0.789424,
0.000000,0.000000,0.000000,0.000000,0.000000,0.000000,0.000000,0.000000,0.000000,0.000000,0.000000,0.000000,0.000000,0.000000,0.000000,0.000000,0.000000,0.000000,0.000000,0.000000,0.000000,0.000000,0.000000,0.000000,0.000000,0.000000,0.000000,0.000000,0.000000,0.000000,0.000000,0.000000,0.000000,0.000000,0.000000,0.000000,0.000000,0.000000,0.000000,0.000000,0.000000,0.000000,0.000000,0.000000,0.000000,0.000000,0.000000,0.000000,0.000000,0.000000,0.000000,0.000000,297.373478,482.738596,-63.021505,303.537997,490.957996,-43.507564,306.867112,491.558522,-43.473868,309.726559,491.998136,-43.543122,294.000597,490.115908,-40.620625,290.950477,490.178820,-40.615812,287.902913,490.232989,-40.561676,314.942694,491.374465,30.899859,285.587224,490.709393,58.344566,303.523764,475.570940,-29.645615,292.014802,475.898391,-26.311339,337.342491,459.764494,47.553147,267.593058,460.608200,134.783827,398.286154,465.600793,-21.222972,211.988355,481.285796,170.719919,360.181950,498.813650,-58.396884,252.040048,507.589250,220.430402,350.863571,509.055221,-70.123138,263.816282,514.620494,219.154494,346.432330,507.599457,-52.882824,269.468370,512.399813,241.343838,346.233997,502.045545,-52.691945,267.893836,508.281806,228.034675,323.482658,343.386506,-51.078856,289.570835,341.239710,51.093019,316.218704,258.561378,-119.359537,305.417056,257.849452,34.777344,318.879214,165.092170,-141.329626,329.376751,187.057873,65.038055,327.730181,148.626551,-147.587882,340.680467,179.075692,64.265525,287.261057,140.806247,-250.752777,306.711882,167.773372,-2.260906,
0.000000,0.000000,0.000000,0.000000,0.000000,0.000000,0.000000,0.000000,0.000000,0.000000,0.000000,0.000000,0.000000,0.000000,0.000000,0.000000,0.000000,0.000000,0.000000,0.000000,0.000000,0.000000,0.000000,0.000000,0.000000,0.000000,0.000000,0.000000,0.000000,0.000000,0.000000,0.000000,0.000000,0.000000,0.000000,0.000000,0.000000,0.000000,0.000000,0.000000,0.000000,0.000000,0.000000,0.000000,0.000000,0.000000,0.000000,0.000000,0.000000,0.000000,0.000000,0.000000,297.712971,482.777526,-63.239618,303.932583,490.991305,-43.819101,307.213681,491.576604,-43.786556,309.977654,491.993374,-43.856969,294.398569,490.141679,-41.173938,291.313671,490.198342,-41.172257,288.184640,490.244762,-41.118586,315.130818,491.315630,30.116448,285.601963,490.715969,58.044411,303.755184,475.629405,-30.172454,292.245815,475.929817,-27.196809,337.268543,459.604500,46.708238,267.488702,460.631559,134.581377,397.913850,465.196205,-21.273003,211.765920,481.616804,168.265102,360.154651,498.594545,-58.398765,252.281952,507.662975,217.954091,350.925475,509.003613,-70.128949,264.240452,514.704300,216.668109,346.505092,507.477393,-53.186368,269.769467,512.442820,238.870810,346.367447,501.861217,-52.822871,268.152425,508.338048,225.544836,323.539055,343.427939,-50.971819,289.536907,341.230971,50.982424,316.222670,258.610922,-119.569098,305.294314,257.871781,33.537450,318.903759,165.074412,-140.922210,329.227702,187.161406,62.674623,327.779707,148.596763,-147.153247,340.543662,179.389196,61.763730,287.466753,140.856035,-252.131677,306.638047,167.988065,-5.311236,
0.000000,0.000000,0.000000,0.000000,0.000000,0.000000,0.000000,0.000000,0.000000,0.000000,0.000000,0.000000,0.000000,0.000000,0.000000,0.000000,0.000000,0.000000,0.000000,0.000000,0.000000,0.000000,0.000000,0.000000,0.000000,0.000000,0.000000,0.000000,0.000000,0.000000,0.000000,0.000000,0.000000,0.000000,0.000000,0.000000,0.000000,0.000000,0.000000,0.000000,0.000000,0.000000,0.000000,0.000000,0.000000,0.000000,0.000000,0.000000,0.000000,0.000000,0.000000,0.000000,298.052465,482.816457,-63.457732,304.327169,491.024615,-44.130638,307.560250,491.594685,-44.099244,310.228749,491.988612,-44.170815,294.796541,490.167450,-41.727252,291.676866,490.217863,-41.728702,288.466366,490.256535,-41.675496,315.318942,491.256796,29.333038,285.616701,490.722544,57.744256,303.986604,475.687869,-30.699293,292.476829,475.961242,-28.082279,337.194595,459.444506,45.863329,267.384345,460.654919,134.378926,397.541545,464.791616,-21.323033,211.543484,481.947812,165.810284,360.127352,498.375441,-58.400646,252.523855,507.736699,215.477780,350.987380,508.952005,-70.134761,264.664623,514.788106,214.181723,346.577853,507.355329,-53.489912,270.070564,512.485826,236.397781,346.500898,501.676888,-52.953798,268.411015,508.394290,223.054997,323.595453,343.469372,-50.864783,289.502980,341.222232,50.871828,316.226636,258.660465,-119.778659,305.171572,257.894110,32.297555,318.928303,165.056654,-140.514795,329.078653,187.264940,60.311191,327.829232,148.566976,-146.718611,340.406857,179.702700,59.261936,287.672449,140.905824,-253.510577,306.564212,168.202757,-8.361566,
0.000000,0.000000,0.000000,0.000000,0.000000,0.000000,0.000000,0.000000,0.000000,0.000000,0.000000,0.000000,0.000000,0.000000,0.000000,0.000000,0.000000,0.000000,0.000000,0.000000,0.000000,0.000000,0.000000,0.000000,0.000000,0.000000,0.000000,0.000000,0.000000,0.000000,0.000000,0.000000,0.000000,0.000000,0.000000,0.000000,0.000000,0.000000,0.000000,0.000000,0.000000,0.000000,0.000000,0.000000,0.000000,0.000000,0.000000,0.000000,0.000000,0.000000,0.000000,0.000000,298.500477,482.825543,-63.776875,304.711998,491.028700,-44.703114,307.872232,491.584316,-44.670606,310.511804,491.953020,-44.740260,295.245622,490.178730,-42.259467,292.093239,490.228891,-42.262701,288.879800,490.265205,-42.209480,315.514635,491.174302,30.402514,285.638787,490.724013,57.040246,304.328240,475.693073,-31.124930,292.903009,475.985992,-28.619441,337.177577,459.296061,47.553849,267.354053,460.658423,132.113105,397.428558,464.634495,-19.693235,211.493892,482.259569,162.529058,360.175182,498.241690,-59.459948,252.604883,507.862830,212.719583,351.002120,508.880258,-71.653052,264.829325,514.859796,211.013886,346.631317,507.259430,-55.298776,270.207368,512.534145,233.593720,346.551393,501.546601,-54.229743,268.516763,508.436941,220.452431,323.674715,343.520785,-50.085974,289.533149,341.187668,50.100383,316.251758,258.689750,-119.654043,305.189166,257.859341,32.056824,318.849293,164.946948,-140.230145,329.114251,187.399440,59.696704,327.790390,148.478047,-146.452095,340.408434,179.583003,58.259222,287.788002,141.032883,-252.422397,306.648777,168.272939,-7.763945,
0.000000,0.000000,0.000000,0.000000,0.000000,0.000000,0.000000,0.000000,0.000000,0.000000,0.000000,0.000000,0.000000,0.000000,0.000000,0.000000,0.000000,0.000000,0.000000,0.000000,0.000000,0.000000,0.000000,0.000000,0.000000,0.000000,0.000000,0.000000,0.000000,0.000000,0.000000,0.000000,0.000000,0.000000,0.000000,0.000000,0.000000,0.000000,0.000000,0.000000,0.000000,0.000000,0.000000,0.000000,0.000000,0.000000,0.000000,0.000000,0.000000,0.000000,0.000000,0.000000,298.948489,482.834628,-64.096018,305.096827,491.032784,-45.275590,308.184214,491.573947,-45.241968,310.794859,491.917428,-45.309705,295.694704,490.190010,-42.791681,292.509611,490.239919,-42.796699,289.293234,490.273876,-42.743464,315.710328,491.091807,31.471990,285.660873,490.725483,56.336236,304.669875,475.698277,-31.550567,293.329190,476.010742,-29.156602,337.160560,459.147615,49.244368,267.323760,460.661927,129.847284,397.315570,464.477373,-18.063436,211.444299,482.571326,159.247832,360.223011,498.107939,-60.519250,252.685911,507.988960,209.961386,351.016859,508.808511,-73.171344,264.994028,514.931487,207.846049,346.684780,507.163531,-57.107640,270.344172,512.582464,230.789659,346.601888,501.416313,-55.505689,268.622511,508.479592,217.849865,323.753978,343.572199,-49.307166,289.563318,341.153105,49.328938,316.276880,258.719035,-119.529427,305.206759,257.824571,31.816093,318.770283,164.837243,-139.945495,329.149850,187.533940,59.082217,327.751548,148.389117,-146.185579,340.410010,179.463306,57.256508,287.903554,141.159943,-251.334217,306.733343,168.343121,-7.166323,
0.000000,0.000000,0.000000,0.000000,0.000000,0.000000,0.000000,0.000000,0.000000,0.000000,0.000000,0.000000,0.000000,0.000000,0.000000,0.000000,0.000000,0.000000,0.000000,0.000000,0.000000,0.000000,0.000000,0.000000,0.000000,0.000000,0.000000,0.000000,0.000000,0.000000,0.000000,0.000000,0.000000,0.000000,0.000000,0.000000,0.000000,0.000000,0.000000,0.000000,0.000000,0.000000,0.000000,0.000000,0.000000,0.000000,0.000000,0.000000,0.000000,0.000000,0.000000,0.000000,299.396501,482.843714,-64.415161,305.481656,491.036869,-45.848067,308.496196,491.563578,-45.813330,311.077914,491.881836,-45.879150,296.143785,490.201289,-43.323896,292.925984,490.250947,-43.330698,289.706668,490.282546,-43.277447,315.906021,491.009313,32.541466,285.682959,490.726952,55.632225,305.011511,475.703482,-31.976204,293.755371,476.035491,-29.693763,337.143543,458.999169,50.934888,267.293467,460.665431,127.581463,397.202583,464.320251,-16.433637,211.394706,482.883083,155.966605,360.270841,497.974188,-61.578553,252.766939,508.115090,207.203190,351.031598,508.736764,-74.689635,265.158730,515.003178,204.678212,346.738244,507.067632,-58.916503,270.480976,512.630783,227.985598,346.652384,501.286026,-56.781634,268.728258,508.522243,215.247299,323.833240,343.623612,-48.528357,289.593488,341.118541,48.557493,316.302002,258.748320,-119.404811,305.224353,257.789802,31.575362,318.691273,164.727538,-139.660844,329.185449,187.668440,58.467730,327.712707,148.300188,-145.919063,340.411586,179.343610,56.253794,288.019106,141.287003,-250.246037,306.817909,168.413303,-6.568701,
0.000000,0.000000,0.000000,0.000000,0.000000,0.000000,0.000000,0.000000,0.000000,0.000000,0.000000,0.000000,0.000000,0.000000,0.000000,0.000000,0.000000,0.000000,0.000000,0.000000,0.000000,0.000000,0.000000,0.000000,0.000000,0.000000,0.000000,0.000000,0.000000,0.000000,0.000000,0.000000,0.000000,0.000000,0.000000,0.000000,0.000000,0.000000,0.000000,0.000000,0.000000,0.000000,0.000000,0.000000,0.000000,0.000000,0.000000,0.000000,0.000000,0.000000,0.000000,0.000000,299.844513,482.852800,-64.734305,305.866485,491.040954,-46.420543,308.808178,491.553209,-46.384692,311.360969,491.846243,-46.448595,296.592866,490.212569,-43.856111,293.342356,490.261975,-43.864696,290.120103,490.291216,-43.811431,316.101715,490.926819,33.610942,285.705046,490.728421,54.928215,305.353147,475.708686,-32.401841,294.181551,476.060241,-30.230925,337.126526,458.850723,52.625408,267.263174,460.668935,125.315642,397.089595,464.163129,-14.803838,211.345114,483.194840,152.685379,360.318671,497.840437,-62.637855,252.847967,508.241220,204.444993,351.046338,508.665017,-76.207926,265.323432,515.074868,201.510375,346.791708,506.971733,-60.725367,270.617781,512.679103,225.181537,346.702879,501.155738,-58.057579,268.834006,508.564893,212.644733,323.912503,343.675025,-47.749549,289.623657,341.083977,47.786049,316.327124,258.777604,-119.280195,305.241946,257.755033,31.334630,318.612262,164.617832,-139.376194,329.221047,187.802940,57.853243,327.673865,148.211258,-145.652547,340.413162,179.223913,55.251080,288.134659,141.414062,-249.157857,306.902475,168.483485,-5.971079,
0.000000,0.000000,0.000000,0.000000,0.000000,0.000000,0.000000,0.000000,0.000000,0.000000,0.000000,0.000000,0.000000,0.000000,0.000000,0.000000,0.000000,0.000000,0.000000,0.000000,0.000000,0.000000,0.000000,0.000000,0.000000,0.000000,0.000000,0.000000,0.000000,0.000000,0.000000,0.000000,0.000000,0.000000,0.000000,0.000000,0.000000,0.000000,0.000000,0.000000,0.000000,0.000000,0.000000,0.000000,0.000000,0.000000,0.000000,0.000000,0.000000,0.000000,0.000000,0.000000,300.138514,482.869274,-64.997860,306.122000,491.046661,-46.778031,309.018692,491.545196,-46.741088,311.559679,491.819434,-46.803141,296.893332,490.231751,-44.340677,293.616437,490.283594,-44.350178,290.394461,490.314509,-44.298114,316.249337,490.869782,34.004910,285.729195,490.727586,54.016015,305.573399,475.715676,-32.641189,294.470730,476.079596,-30.698732,337.124613,458.754701,53.176398,267.248975,460.686801,123.824340,397.055216,464.091534,-14.174936,211.365101,483.427557,151.413196,360.308468,497.752399,-62.637834,252.894557,508.355792,203.506773,350.995555,508.618510,-76.359674,265.441265,515.155044,200.514455,346.760137,506.902124,-60.957687,270.703463,512.743528,223.980218,346.684646,501.067842,-58.124381,268.890463,508.630179,211.622733,323.962991,343.685099,-47.442610,289.648234,341.035756,47.482907,316.338903,258.792949,-119.000617,305.253307,257.730485,31.303735,318.589361,164.549811,-138.881760,329.219472,187.855407,57.806675,327.670451,148.169476,-145.137639,340.369192,179.040208,55.067385,288.270156,141.497516,-247.959268,306.780446,168.444513,-5.471697,
0.000000,0.000000,0.000000,0.000000,0.000000,0.000000,0.000000,0.000000,0.000000,0.000000,0.000000,0.000000,0.000000,0.000000,0.000000,0.000000,0.000000,0.000000,0.000000,0.000000,0.000000,0.000000,0.000000,0.000000,0.000000,0.000000,0.000000,0.000000,0.000000,0.000000,0.000000,0.000000,0.000000,0.000000,0.000000,0.000000,0.000000,0.000000,0.000000,0.000000,0.000000,0.000000,0.000000,0.000000,0.000000,0.000000,0.000000,0.000000,0.000000,0.000000,0.000000,0.000000,300.432514,482.885748,-65.261416,306.377515,491.052368,-47.135518,309.229207,491.537183,-47.097483,311.758388,491.792624,-47.157688,297.193798,490.250932,-44.825243,293.890518,490.305213,-44.835659,290.668820,490.337803,-44.784797,316.396959,490.812745,34.398878,285.753344,490.726750,53.103815,305.793651,475.722666,-32.880538,294.759908,476.098951,-31.166539,337.122699,458.658679,53.727387,267.234775,460.704666,122.333038,397.020837,464.019939,-13.546034,211.385089,483.660274,150.141013,360.298266,497.664361,-62.637814,252.941146,508.470365,202.568554,350.944773,508.572004,-76.511422,265.559098,515.235220,199.518534,346.728566,506.832516,-61.190007,270.789145,512.807952,222.778899,346.666413,500.979946,-58.191183,268.946921,508.695464,210.600734,324.013480,343.695172,-47.135671,289.672810,340.987536,47.179765,316.350681,258.808294,-118.721038,305.264668,257.705937,31.272839,318.566459,164.481789,-138.387326,329.217897,187.907874,57.760106,327.667036,148.127694,-144.622731,340.325222,178.856503,54.883691,288.405653,141.580970,-246.760678,306.658417,168.405540,-4.972315,
0.000000,0.000000,0.000000,0.000000,0.000000,0.000000,0.000000,0.000000,0.000000,0.000000,0.000000,0.000000,0.000000,0.000000,0.000000,0.000000,0.000000,0.000000,0.000000,0.000000,0.000000,0.000000,0.000000,0.000000,0.000000,0.000000,0.000000,0.000000,0.000000,0.000000,0.000000,0.000000,0.000000,0.000000,0.000000,0.000000,0.000000,0.000000,0.000000,0.000000,0.000000,0.000000,0.000000,0.000000,0.000000,0.000000,0.000000,0.000000,0.000000,0.000000,0.000000,0.000000,300.726515,482.902222,-65.524972,306.633031,491.058075,-47.493005,309.439722,491.529170,-47.453878,311.957098,491.765814,-47.512234,297.494264,490.270114,-45.309809,294.164599,490.326831,-45.321140,290.943179,490.361096,-45.271481,316.544581,490.755709,34.792845,285.777494,490.725914,52.191615,306.013904,475.729655,-33.119887,295.049087,476.118307,-31.634346,337.120786,458.562657,54.278376,267.220575,460.722532,120.841736,396.986458,463.948343,-12.917132,211.405076,483.892992,148.868830,360.288063,497.576324,-62.637793,252.987736,508.584937,201.630334,350.893991,508.525497,-76.663169,265.676931,515.315396,198.522614,346.696995,506.762907,-61.422326,270.874827,512.872377,221.577580,346.648180,500.892050,-58.257985,269.003378,508.760749,209.578734,324.063969,343.705246,-46.828732,289.697386,340.939315,46.876624,316.362460,258.823638,-118.441460,305.276029,257.681389,31.241944,318.543557,164.413767,-137.892892,329.216322,187.960342,57.713538,327.663622,148.085912,-144.107822,340.281252,178.672798,54.699997,288.541150,141.664425,-245.562088,306.536388,168.366568,-4.472932,
0.000000,0.000000,0.000000,0.000000,0.000000,0.000000,0.000000,0.000000,0.000000,0.000000,0.000000,0.000000,0.000000,0.000000,0.000000,0.000000,0.000000,0.000000,0.000000,0.000000,0.000000,0.000000,0.000000,0.000000,0.000000,0.000000,0.000000,0.000000,0.000000,0.000000,0.000000,0.000000,0.000000,0.000000,0.000000,0.000000,0.000000,0.000000,0.000000,0.000000,0.000000,0.000000,0.000000,0.000000,0.000000,0.000000,0.000000,0.000000,0.000000,0.000000,0.000000,0.000000,301.020516,482.918697,-65.788527,306.888546,491.063783,-47.850493,309.650237,491.521157,-47.810273,312.155808,491.739004,-47.866781,297.794730,490.289296,-45.794375,294.438679,490.348450,-45.806621,291.217538,490.384389,-45.758164,316.692203,490.698672,35.186813,285.801643,490.725078,51.279415,306.234156,475.736645,-33.359236,295.338265,476.137662,-32.102153,337.118873,458.466635,54.829365,267.206376,460.740398,119.350435,396.952079,463.876748,-12.288230,211.425064,484.125709,147.596647,360.277860,497.488286,-62.637773,253.034325,508.699509,200.692114,350.843209,508.478990,-76.814917,265.794764,515.395571,197.526693,346.665424,506.693298,-61.654646,270.960510,512.936802,220.376261,346.629948,500.804154,-58.324787,269.059835,508.826035,208.556735,324.114457,343.715319,-46.521794,289.721962,340.891095,46.573482,316.374239,258.838983,-118.161882,305.287390,257.656841,31.211048,318.520656,164.345746,-137.398459,329.214746,188.012809,57.666969,327.660207,148.044130,-143.592914,340.237282,178.489093,54.516303,288.676647,141.747879,-244.363498,306.414359,168.327596,-3.973550,
0.000000,0.000000,0.000000,0.000000,0.000000,0.000000,0.000000,0.000000,0.000000,0.000000,0.000000,0.000000,0.000000,0.000000,0.000000,0.000000,0.000000,0.000000,0.000000,0.000000,0.000000,0.000000,0.000000,0.000000,0.000000,0.000000,0.000000,0.000000,0.000000,0.000000,0.000000,0.000000,0.000000,0.000000,0.000000,0.000000,0.000000,0.000000,0.000000,0.000000,0.000000,0.000000,0.000000,0.000000,0.000000,0.000000,0.000000,0.000000,0.000000,0.000000,0.000000,0.000000,301.140948,482.938224,-66.171062,306.995769,491.072324,-48.104614,309.745547,491.518548,-48.063823,312.254715,491.725366,-48.118878,297.924399,490.316185,-46.329955,294.565668,490.380434,-46.342418,291.356752,490.421350,-46.295691,316.790238,490.674653,34.708328,285.825775,490.727230,50.169333,306.334528,475.744086,-33.525763,295.485034,476.150629,-32.597507,337.145065,458.423270,54.237671,267.202789,460.771331,118.483656,397.029436,463.891135,-12.510727,211.510747,484.281894,148.001512,360.218714,497.447524,-61.344159,253.039981,508.797570,201.359869,350.723587,508.457738,-75.307239,265.848314,515.481086,198.514690,346.551949,506.651343,-60.027216,270.988912,513.012924,220.454557,346.536076,500.755225,-56.945709,269.062652,508.907039,208.847925,324.133213,343.692300,-46.550294,289.730907,340.832591,46.601054,316.383059,258.847924,-117.542793,305.277841,257.638139,30.935999,318.551026,164.346319,-136.330416,329.169752,187.950428,57.390046,327.681892,148.073610,-142.445273,340.146200,178.179231,54.362084,288.838041,141.796930,-242.532467,306.098182,168.136604,-4.693351,
0.000000,0.000000,0.000000,0.000000,0.000000,0.000000,0.000000,0.000000,0.000000,0.000000,0.000000,0.000000,0.000000,0.000000,0.000000,0.000000,0.000000,0.000000,0.000000,0.000000,0.000000,0.000000,0.000000,0.000000,0.000000,0.000000,0.000000,0.000000,0.000000,0.000000,0.000000,0.000000,0.000000,0.000000,0.000000,0.000000,0.000000,0.000000,0.000000,0.000000,0.000000,0.000000,0.000000,0.000000,0.000000,0.000000,0.000000,0.000000,0.000000,0.000000,0.000000,0.000000,301.261379,482.957752,-66.553596,307.102993,491.080866,-48.358735,309.840858,491.515940,-48.317373,312.353623,491.711729,-48.370975,298.054067,490.343074,-46.865535,294.692657,490.412417,-46.878216,291.495967,490.458311,-46.833218,316.888273,490.650635,34.229843,285.849908,490.729383,49.059251,306.434900,475.751526,-33.692290,295.631803,476.163597,-33.092861,337.171257,458.379905,53.645976,267.199201,460.802264,117.616878,397.106794,463.905522,-12.733225,211.596430,484.438078,148.406377,360.159567,497.406762,-60.050545,253.045637,508.895630,202.027624,350.603965,508.436485,-73.799562,265.901864,515.566601,199.502688,346.438473,506.609388,-58.399785,271.017313,513.089046,220.532853,346.442204,500.706296,-55.566631,269.065468,508.988044,209.139116,324.151969,343.669281,-46.578794,289.739853,340.774088,46.628627,316.391880,258.856865,-116.923704,305.268292,257.619437,30.660949,318.581395,164.346893,-135.262373,329.124757,187.888048,57.113123,327.703577,148.103091,-141.297632,340.055118,177.869368,54.207864,288.999436,141.845981,-240.701435,305.782005,167.945612,-5.413151,
0.000000,0.000000,0.000000,0.000000,0.000000,0.000000,0.000000,0.000000,0.000000,0.000000,0.000000,0.000000,0.000000,0.000000,0.000000,0.000000,0.000000,0.000000,0.000000,0.000000,0.000000,0.000000,0.000000,0.000000,0.000000,0.000000,0.000000,0.000000,0.000000,0.000000,0.000000,0.000000,0.000000,0.000000,0.000000,0.000000,0.000000,0.000000,0.000000,0.000000,0.000000,0.000000,0.000000,0.000000,0.000000,0.000000,0.000000,0.000000,0.000000,0.000000,0.000000,0.000000,301.381811,482.977279,-66.936130,307.210216,491.089408,-48.612857,309.936168,491.513331,-48.570923,312.452530,491.698091,-48.623072,298.183736,490.369963,-47.401115,294.819646,490.444401,-47.414013,291.635181,490.495272,-47.370745,316.986308,490.626616,33.751358,285.874040,490.731535,47.949169,306.535272,475.758966,-33.858817,295.778572,476.176565,-33.588216,337.197448,458.336541,53.054281,267.195614,460.833198,116.750100,397.184151,463.919909,-12.955723,211.682114,484.594263,148.811241,360.100420,497.366000,-58.756932,253.051292,508.993691,202.695379,350.484342,508.415233,-72.291885,265.955414,515.652116,200.490685,346.324998,506.567433,-56.772355,271.045715,513.165167,220.611149,346.348333,500.657368,-54.187553,269.068285,509.069048,209.430306,324.170725,343.646262,-46.607295,289.748798,340.715584,46.656199,316.400701,258.865806,-116.304614,305.258743,257.600734,30.385899,318.611765,164.347467,-134.194330,329.079763,187.825667,56.836200,327.725262,148.132571,-140.149991,339.964037,177.559506,54.053644,289.160830,141.895033,-238.870404,305.465829,167.754620,-6.132952,
0.000000,0.000000,0.000000,0.000000,0.000000,0.000000,0.000000,0.000000,0.000000,0.000000,0.000000,0.000000,0.000000,0.000000,0.000000,0.000000,0.000000,0.000000,0.000000,0.000000,0.000000,0.000000,0.000000,0.000000,0.000000,0.000000,0.000000,0.000000,0.000000,0.000000,0.000000,0.000000,0.000000,0.000000,0.000000,0.000000,0.000000,0.000000,0.000000,0.000000,0.000000,0.000000,0.000000,0.000000,0.000000,0.000000,0.000000,0.000000,0.000000,0.000000,0.000000,0.000000,301.502243,482.996806,-67.318665,307.317440,491.097950,-48.866978,310.031478,491.510722,-48.824473,312.551438,491.684453,-48.875169,298.313405,490.396852,-47.936695,294.946635,490.476384,-47.949810,291.774396,490.532233,-47.908272,317.084343,490.602597,33.272873,285.898172,490.733687,46.839087,306.635644,475.766407,-34.025344,295.925341,476.189532,-34.083570,337.223640,458.293176,52.462587,267.192027,460.864131,115.883322,397.261509,463.934296,-13.178221,211.767797,484.750448,149.216106,360.041274,497.325238,-57.463318,253.056948,509.091751,203.363134,350.364720,508.393980,-70.784207,266.008964,515.737631,201.478682,346.211523,506.525478,-55.144924,271.074117,513.241289,220.689445,346.254461,500.608439,-52.808476,269.071101,509.150053,209.721496,324.189481,343.623243,-46.635795,289.757744,340.657081,46.683772,316.409522,258.874748,-115.685525,305.249194,257.582032,30.110849,318.642135,164.348041,-133.126288,329.034768,187.763287,56.559277,327.746947,148.162051,-139.002349,339.872955,177.249644,53.899425,289.322224,141.944084,-237.039373,305.149652,167.563628,-6.852752,
0.000000,0.000000,0.000000,0.000000,0.000000,0.000000,0.000000,0.000000,0.000000,0.000000,0.000000,0.000000,0.000000,0.000000,0.000000,0.000000,0.000000,0.000000,0.000000,0.000000,0.000000,0.000000,0.000000,0.000000,0.000000,0.000000,0.000000,0.000000,0.000000,0.000000,0.000000,0.000000,0.000000,0.000000,0.000000,0.000000,0.000000,0.000000,0.000000,0.000000,0.000000,0.000000,0.000000,0.000000,0.000000,0.000000,0.000000,0.000000,0.000000,0.000000,0.000000,0.000000,301.419705,483.021510,-67.775293,307.257704,491.113306,-49.064916,310.000957,491.518312,-49.022408,312.534340,491.687854,-49.072433,298.240622,490.432462,-48.485422,294.904242,490.518770,-48.498076,291.763313,490.582182,-48.458753,317.124909,490.614567,32.040764,285.919876,490.740779,45.706140,306.600754,475.781266,-34.162095,295.911458,476.198279,-34.552580,337.282043,458.301714,50.825848,267.196373,460.910572,115.823677,397.463758,464.035883,-14.167166,211.923866,484.837954,151.614432,359.924891,497.342036,-54.831953,253.026715,509.174541,205.803945,350.151645,508.403021,-67.631936,266.001324,515.824079,204.629948,345.993163,506.522173,-51.633848,271.053151,513.324640,222.046408,346.064468,500.607751,-49.925445,269.029737,509.242307,211.414001,324.176240,343.573552,-47.033261,289.754590,340.594943,47.077208,316.409056,258.879713,-115.035070,305.241750,257.585877,30.075723,318.713524,164.408126,-132.060257,328.979764,187.639893,57.154465,327.792680,148.251940,-137.826712,339.763831,176.884436,54.919279,289.462427,141.949936,-235.325689,304.792296,167.285898,-7.448181,
0.000000,0.000000,0.000000,0.000000,0.000000,0.000000,0.000000,0.000000,0.000000,0.000000,0.000000,0.000000,0.000000,0.000000,0.000000,0.000000,0.000000,0.000000,0.000000,0.000000,0.000000,0.000000,0.000000,0.000000,0.000000,0.000000,0.000000,0.000000,0.000000,0.000000,0.000000,0.000000,0.000000,0.000000,0.000000,0.000000,0.000000,0.000000,0.000000,0.000000,0.000000,0.000000,0.000000,0.000000,0.000000,0.000000,0.000000,0.000000,0.000000,0.000000,0.000000,0.000000,301.337168,483.046214,-68.231921,307.197968,491.128662,-49.262853,309.970436,491.525902,-49.220344,312.517241,491.691256,-49.269697,298.167838,490.468073,-49.034149,294.861850,490.561155,-49.046342,291.752231,490.632132,-49.009233,317.165475,490.626538,30.808655,285.941580,490.747870,44.573193,306.565863,475.796126,-34.298846,295.897575,476.207026,-35.021590,337.340446,458.310253,49.189109,267.200719,460.957013,115.764032,397.666007,464.137469,-15.156112,212.079934,484.925459,154.012758,359.808508,497.358834,-52.200588,252.996481,509.257331,208.244757,349.938571,508.412062,-64.479664,265.993684,515.910528,207.781214,345.774804,506.518868,-48.122772,271.032184,513.407992,223.403371,345.874474,500.607064,-47.042414,268.988373,509.334560,213.106505,324.163000,343.523860,-47.430726,289.751435,340.532805,47.470644,316.408590,258.884679,-114.384615,305.234305,257.589721,30.040597,318.784913,164.468211,-130.994226,328.924760,187.516498,57.749653,327.838412,148.341829,-136.651074,339.654706,176.519229,55.939133,289.602630,141.955788,-233.612005,304.434939,167.008167,-8.043610,
0.000000,0.000000,0.000000,0.000000,0.000000,0.000000,0.000000,0.000000,0.000000,0.000000,0.000000,0.000000,0.000000,0.000000,0.000000,0.000000,0.000000,0.000000,0.000000,0.000000,0.000000,0.000000,0.000000,0.000000,0.000000,0.000000,0.000000,0.000000,0.000000,0.000000,0.000000,0.000000,0.000000,0.000000,0.000000,0.000000,0.000000,0.000000,0.000000,0.000000,0.000000,0.000000,0.000000,0.000000,0.000000,0.000000,0.000000,0.000000,0.000000,0.000000,0.000000,0.000000,301.254630,483.070917,-68.688549,307.138231,491.144018,-49.460791,309.939915,491.533492,-49.418280,312.500143,491.694658,-49.466961,298.095055,490.503684,-49.582876,294.819458,490.603540,-49.594608,291.741149,490.682081,-49.559714,317.206041,490.638508,29.576547,285.963284,490.754962,43.440246,306.530973,475.810985,-34.435596,295.883692,476.215773,-35.490601,337.398849,458.318791,47.552370,267.205065,461.003455,115.704387,397.868257,464.239056,-16.145057,212.236003,485.012965,156.411084,359.692125,497.375631,-49.569224,252.966248,509.340120,210.685569,349.725497,508.421103,-61.327393,265.986043,515.996976,210.932480,345.556444,506.515563,-44.611696,271.011217,513.491343,224.760334,345.684480,500.606376,-44.159383,268.947009,509.426814,214.799010,324.149760,343.474168,-47.828192,289.748281,340.470667,47.864080,316.408124,258.889645,-113.734160,305.226860,257.593566,30.005470,318.856302,164.528296,-129.928196,328.869755,187.393104,58.344841,327.884145,148.431717,-135.475437,339.545582,176.154021,56.958987,289.742833,141.961640,-231.898322,304.077583,166.730436,-8.639038,
0.000000,0.000000,0.000000,0.000000,0.000000,0.000000,0.000000,0.000000,0.000000,0.000000,0.000000,0.000000,0.000000,0.000000,0.000000,0.000000,0.000000,0.000000,0.000000,0.000000,0.000000,0.000000,0.000000,0.000000,0.000000,0.000000,0.000000,0.000000,0.000000,0.000000,0.000000,0.000000,0.000000,0.000000,0.000000,0.000000,0.000000,0.000000,0.000000,0.000000,0.000000,0.000000,0.000000,0.000000,0.000000,0.000000,0.000000,0.000000,0.000000,0.000000,0.000000,0.000000,301.172092,483.095621,-69.145177,307.078495,491.159374,-49.658729,309.909393,491.541081,-49.616215,312.483045,491.698060,-49.664226,298.022271,490.539294,-50.131603,294.777065,490.645926,-50.142874,291.730067,490.732030,-50.110194,317.246607,490.650478,28.344438,285.984988,490.762054,42.307299,306.496082,475.825845,-34.572347,295.869809,476.224520,-35.959611,337.457252,458.327330,45.915632,267.209411,461.049896,115.644742,398.070506,464.340643,-17.134003,212.392071,485.100471,158.809410,359.575743,497.392429,-46.937859,252.936015,509.422910,213.126380,349.512422,508.430144,-58.175121,265.978403,516.083424,214.083745,345.338085,506.512258,-41.100620,270.990250,513.574694,226.117297,345.494487,500.605688,-41.276352,268.905645,509.519067,216.491514,324.136520,343.424476,-48.225658,289.745127,340.408530,48.257516,316.407659,258.894611,-113.083705,305.219415,257.597411,29.970344,318.927691,164.588381,-128.862165,328.814751,187.269710,58.940029,327.929878,148.521606,-134.299799,339.436457,175.788814,57.978841,289.883037,141.967492,-230.184638,303.720227,166.452706,-9.234467,
0.000000,0.000000,0.000000,0.000000,0.000000,0.000000,0.000000,0.000000,0.000000,0.000000,0.000000,0.000000,0.000000,0.000000,0.000000,0.000000,0.000000,0.000000,0.000000,0.000000,0.000000,0.000000,0.000000,0.000000,0.000000,0.000000,0.000000,0.000000,0.000000,0.000000,0.000000,0.000000,0.000000,0.000000,0.000000,0.000000,0.000000,0.000000,0.000000,0.000000,0.000000,0.000000,0.000000,0.000000,0.000000,0.000000,0.000000,0.000000,0.000000,0.000000,0.000000,0.000000,301.021559,483.092948,-68.790755,306.882248,491.132739,-49.524969,309.702565,491.508372,-49.483987,312.264813,491.669030,-49.532233,297.916499,490.543626,-49.736081,294.695661,490.658897,-49.746801,291.643117,490.747765,-49.714481,317.108182,490.645524,28.114677,285.996342,490.758352,43.075732,306.355472,475.794855,-34.622309,295.761458,476.219870,-35.578133,337.490262,458.330550,45.483062,267.249469,461.090212,115.806220,398.290595,464.329205,-18.027253,212.612345,485.082982,158.948283,359.545030,497.378866,-46.211606,252.959241,509.551404,213.501536,349.463863,508.419700,-56.990795,265.994508,516.206684,214.110255,345.306147,506.495525,-39.796395,270.997814,513.760428,228.100566,345.455781,500.605857,-40.406751,268.934431,509.743451,217.661121,324.128281,343.403689,-48.113543,289.760392,340.345775,48.137187,316.447952,258.903055,-111.515383,305.188201,257.506246,26.919173,319.015129,164.826328,-127.282527,328.770588,186.787269,51.108492,327.979003,148.729136,-132.649721,339.439612,174.982340,49.707640,289.984803,142.141213,-227.279025,303.331594,166.134578,-17.180105,
0.000000,0.000000,0.000000,0.000000,0.000000,0.000000,0.000000,0.000000,0.000000,0.000000,0.000000,0.000000,0.000000,0.000000,0.000000,0.000000,0.000000,0.000000,0.000000,0.000000,0.000000,0.000000,0.000000,0.000000,0.000000,0.000000,0.000000,0.000000,0.000000,0.000000,0.000000,0.000000,0.000000,0.000000,0.000000,0.000000,0.000000,0.000000,0.000000,0.000000,0.000000,0.000000,0.000000,0.000000,0.000000,0.000000,0.000000,0.000000,0.000000,0.000000,0.000000,0.000000,300.871026,483.090276,-68.436334,306.686001,491.106103,-49.391209,309.495736,491.475662,-49.351758,312.046581,491.640001,-49.400241,297.810727,490.547958,-49.340559,294.614257,490.671867,-49.350727,291.556168,490.763501,-49.318767,316.969758,490.640571,27.884917,286.007696,490.754650,43.844164,306.214861,475.763865,-34.672271,295.653106,476.215221,-35.196655,337.523272,458.333770,45.050493,267.289528,461.130528,115.967697,398.510683,464.317766,-18.920504,212.832619,485.065493,159.087157,359.514317,497.365302,-45.485354,252.982467,509.679897,213.876692,349.415304,508.409257,-55.806469,266.010614,516.329943,214.136765,345.274209,506.478791,-38.492170,271.005377,513.946161,230.083836,345.417075,500.606025,-39.537150,268.963217,509.967834,218.830729,324.120041,343.382901,-48.001428,289.775657,340.283021,48.016857,316.488245,258.911498,-109.947060,305.156986,257.415082,23.868002,319.102568,165.064275,-125.702889,328.726425,186.304829,43.276955,328.028128,148.936667,-130.999644,339.442766,174.175865,41.436439,290.086570,142.314934,-224.373411,302.942961,165.816450,-25.125743,
0.000000,0.000000,0.000000,0.000000,0.000000,0.000000,0.000000,0.000000,0.000000,0.000000,0.000000,0.000000,0.000000,0.000000,0.000000,0.000000,0.000000,0.000000,0.000000,0.000000,0.000000,0.000000,0.000000,0.000000,0.000000,0.000000,0.000000,0.000000,0.000000,0.000000,0.000000,0.000000,0.000000,0.000000,0.000000,0.000000,0.000000,0.000000,0.000000,0.000000,0.000000,0.000000,0.000000,0.000000,0.000000,0.000000,0.000000,0.000000,0.000000,0.000000,0.000000,0.000000,300.720493,483.087604,-68.081912,306.489754,491.079468,-49.257449,309.288908,491.442952,-49.219530,311.828348,491.610972,-49.268248,297.704955,490.552289,-48.945036,294.532852,490.684838,-48.954654,291.469219,490.779236,-48.923054,316.831333,490.635618,27.655156,286.019050,490.750948,44.612597,306.074251,475.732875,-34.722233,295.544755,476.210571,-34.815177,337.556281,458.336991,44.617924,267.329587,461.170844,116.129175,398.730772,464.306328,-19.813754,213.052892,485.048004,159.226030,359.483604,497.351739,-44.759102,253.005692,509.808391,214.251849,349.366744,508.398814,-54.622142,266.026719,516.453203,214.163275,345.242272,506.462058,-37.187945,271.012940,514.131894,232.067106,345.378369,500.606193,-38.667549,268.992003,510.192218,220.000336,324.111801,343.362114,-47.889313,289.790922,340.220267,47.896528,316.528539,258.919942,-108.378738,305.125772,257.323918,20.816831,319.190006,165.302223,-124.123250,328.682262,185.822388,35.445417,328.077253,149.144198,-129.349566,339.445921,173.369391,33.165238,290.188337,142.488654,-221.467798,302.554328,165.498322,-33.071381,
0.000000,0.000000,0.000000,0.000000,0.000000,0.000000,0.000000,0.000000,0.000000,0.000000,0.000000,0.000000,0.000000,0.000000,0.000000,0.000000,0.000000,0.000000,0.000000,0.000000,0.000000,0.000000,0.000000,0.000000,0.000000,0.000000,0.000000,0.000000,0.000000,0.000000,0.000000,0.000000,0.000000,0.000000,0.000000,0.000000,0.000000,0.000000,0.000000,0.000000,0.000000,0.000000,0.000000,0.000000,0.000000,0.000000,0.000000,0.000000,0.000000,0.000000,0.000000,0.000000,300.569960,483.084931,-67.727490,306.293506,491.052832,-49.123689,309.082079,491.410243,-49.087301,311.610116,491.581942,-49.136256,297.599183,490.556621,-48.549514,294.451448,490.697809,-48.558580,291.382269,490.794971,-48.527341,316.692908,490.630665,27.425396,286.030404,490.747246,45.381030,305.933641,475.701886,-34.772195,295.436404,476.205921,-34.433699,337.589291,458.340211,44.185355,267.369645,461.211160,116.290652,398.950860,464.294889,-20.707004,213.273166,485.030516,159.364903,359.452892,497.338175,-44.032849,253.028918,509.936885,214.627005,349.318185,508.388371,-53.437816,266.042824,516.576463,214.189785,345.210334,506.445325,-35.883720,271.020504,514.317628,234.050375,345.339664,500.606361,-37.797948,269.020789,510.416601,221.169944,324.103561,343.341326,-47.777198,289.806187,340.157513,47.776198,316.568832,258.928386,-106.810416,305.094558,257.232754,17.765660,319.277445,165.540170,-122.543612,328.638099,185.339948,27.613880,328.126379,149.351728,-127.699488,339.449075,172.562917,24.894037,290.290103,142.662375,-218.562185,302.165695,165.180193,-41.017018,
0.000000,0.000000,0.000000,0.000000,0.000000,0.000000,0.000000,0.000000,0.000000,0.000000,0.000000,0.000000,0.000000,0.000000,0.000000,0.000000,0.000000,0.000000,0.000000,0.000000,0.000000,0.000000,0.000000,0.000000,0.000000,0.000000,0.000000,0.000000,0.000000,0.000000,0.000000,0.000000,0.000000,0.000000,0.000000,0.000000,0.000000,0.000000,0.000000,0.000000,0.000000,0.000000,0.000000,0.000000,0.000000,0.000000,0.000000,0.000000,0.000000,0.000000,0.000000,0.000000,300.414813,483.064068,-67.554006,306.103082,491.014494,-49.201979,308.911133,491.373549,-49.165910,311.467521,491.553899,-49.215356,297.456856,490.530952,-48.316495,294.326808,490.679836,-48.324233,291.276387,490.781179,-48.293846,316.605947,490.625478,26.881175,286.042402,490.730962,45.874323,305.823015,475.661864,-34.927321,295.328804,476.192941,-34.124862,337.607214,458.350627,43.618004,267.427758,461.247134,116.803774,399.110168,464.393961,-21.770742,213.579177,485.005445,160.134578,359.377346,497.425057,-44.038436,253.023637,510.023027,215.231084,349.214616,508.454280,-53.197607,265.995117,516.673714,214.616376,345.100495,506.507095,-35.532998,270.997973,514.467716,235.535253,345.249720,500.680183,-37.691919,269.025660,510.594748,222.198220,324.091770,343.302112,-47.829095,289.820772,340.103289,47.827258,316.592171,258.923977,-106.340383,305.154956,257.171151,17.434217,319.327103,165.664064,-122.420317,328.680306,185.126622,26.404511,328.156259,149.454033,-127.577654,339.479171,172.365216,23.635376,290.334401,142.757565,-217.860814,302.202421,165.076243,-41.983404,
0.000000,0.000000,0.000000,0.000000,0.000000,0.000000,0.000000,0.000000,0.000000,0.000000,0.000000,0.000000,0.000000,0.000000,0.000000,0.000000,0.000000,0.000000,0.000000,0.000000,0.000000,0.000000,0.000000,0.000000,0.000000,0.000000,0.000000,0.000000,0.000000,0.000000,0.000000,0.000000,0.000000,0.000000,0.000000,0.000000,0.000000,0.000000,0.000000,0.000000,0.000000,0.000000,0.000000,0.000000,0.000000,0.000000,0.000000,0.000000,0.000000,0.000000,0.000000,0.000000,300.259666,483.043204,-67.380522,305.912657,490.976156,-49.280269,308.740188,491.336855,-49.244518,311.324925,491.525856,-49.294456,297.314529,490.505282,-48.083476,294.202168,490.661864,-48.089886,291.170504,490.767387,-48.060351,316.518986,490.620290,26.336954,286.054399,490.714678,46.367616,305.712389,475.621843,-35.082446,295.221203,476.179962,-33.816026,337.625136,458.361044,43.050652,267.485870,461.283109,117.316897,399.269476,464.493033,-22.834479,213.885188,484.980375,160.904253,359.301801,497.511938,-44.044022,253.018357,510.109169,215.835164,349.111047,508.520188,-52.957398,265.947410,516.770964,215.042968,344.990656,506.568865,-35.182275,270.975443,514.617805,237.020130,345.159776,500.754005,-37.585890,269.030531,510.772894,223.226496,324.079979,343.262898,-47.880991,289.835358,340.049064,47.878318,316.615509,258.919568,-105.870351,305.215354,257.109548,17.102773,319.376761,165.787958,-122.297022,328.722513,184.913296,25.195142,328.186139,149.556338,-127.455819,339.509268,172.167516,22.376715,290.378699,142.852754,-217.159443,302.239147,164.972292,-42.949789,
0.000000,0.000000,0.000000,0.000000,0.000000,0.000000,0.000000,0.000000,0.000000,0.000000,0.000000,0.000000,0.000000,0.000000,0.000000,0.000000,0.000000,0.000000,0.000000,0.000000,0.000000,0.000000,0.000000,0.000000,0.000000,0.000000,0.000000,0.000000,0.000000,0.000000,0.000000,0.000000,0.000000,0.000000,0.000000,0.000000,0.000000,0.000000,0.000000,0.000000,0.000000,0.000000,0.000000,0.000000,0.000000,0.000000,0.000000,0.000000,0.000000,0.000000,0.000000,0.000000,300.104519,483.022341,-67.207039,305.722232,490.937818,-49.358559,308.569242,491.300162,-49.323127,311.182330,491.497813,-49.373557,297.172202,490.479613,-47.850457,294.077528,490.643892,-47.855538,291.064621,490.753596,-47.826856,316.432025,490.615103,25.792733,286.066397,490.698394,46.860909,305.601763,475.581822,-35.237572,295.113603,476.166982,-33.507189,337.643059,458.371461,42.483301,267.543982,461.319083,117.830019,399.428783,464.592105,-23.898216,214.191199,484.955304,161.673927,359.226255,497.598819,-44.049609,253.013076,510.195312,216.439244,349.007479,508.586097,-52.717189,265.899702,516.868215,215.469560,344.880818,506.630636,-34.831553,270.952912,514.767893,238.505007,345.069832,500.827827,-37.479861,269.035402,510.951040,224.254772,324.068188,343.223684,-47.932888,289.849943,339.994840,47.929378,316.638847,258.915160,-105.400319,305.275752,257.047945,16.771330,319.426419,165.911851,-122.173727,328.764721,184.699970,23.985773,328.216019,149.658643,-127.333984,339.539364,171.969816,21.118054,290.422997,142.947943,-216.458072,302.275873,164.868341,-43.916175,
0.000000,0.000000,0.000000,0.000000,0.000000,0.000000,0.000000,0.000000,0.000000,0.000000,0.000000,0.000000,0.000000,0.000000,0.000000,0.000000,0.000000,0.000000,0.000000,0.000000,0.000000,0.000000,0.000000,0.000000,0.000000,0.000000,0.000000,0.000000,0.000000,0.000000,0.000000,0.000000,0.000000,0.000000,0.000000,0.000000,0.000000,0.000000,0.000000,0.000000,0.000000,0.000000,0.000000,0.000000,0.000000,0.000000,0.000000,0.000000,0.000000,0.000000,0.000000,0.000000,299.949372,483.001477,-67.033555,305.531807,490.899480,-49.436849,308.398297,491.263468,-49.401736,311.039735,491.469770,-49.452657,297.029875,490.453944,-47.617438,293.952888,490.625920,-47.621191,290.958738,490.739804,-47.593361,316.345064,490.609916,25.248513,286.078394,490.682111,47.354202,305.491137,475.541800,-35.392698,295.006002,476.154002,-33.198352,337.660982,458.381877,41.915949,267.602095,461.355058,118.343141,399.588091,464.691176,-24.961953,214.497210,484.930234,162.443602,359.150710,497.685701,-44.055196,253.007795,510.281454,217.043323,348.903910,508.652006,-52.476981,265.851995,516.965466,215.896152,344.770979,506.692406,-34.480831,270.930382,514.917982,239.989885,344.979888,500.901649,-37.373833,269.040272,511.129186,225.283048,324.056396,343.184470,-47.984785,289.864529,339.940616,47.980438,316.662185,258.910751,-104.930286,305.336150,256.986342,16.439887,319.476078,166.035745,-122.050432,328.806928,184.486644,22.776404,328.245899,149.760948,-127.212150,339.569461,171.772116,19.859393,290.467295,143.043133,-215.756701,302.312599,164.764391,-44.882560,
0.000000,0.000000,0.000000,0.000000,0.000000,0.000000,0.000000,0.000000,0.000000,0.000000,0.000000,0.000000,0.000000,0.000000,0.000000,0.000000,0.000000,0.000000,0.000000,0.000000,0.000000,0.000000,0.000000,0.000000,0.000000,0.000000,0.000000,0.000000,0.000000,0.000000,0.000000,0.000000,0.000000,0.000000,0.000000,0.000000,0.000000,0.000000,0.000000,0.000000,0.000000,0.000000,0.000000,0.000000,0.000000,0.000000,0.000000,0.000000,0.000000,0.000000,0.000000,0.000000,299.760210,482.964545,-66.996124,305.328536,490.853419,-49.774371,308.252607,491.227584,-49.738412,310.956574,491.446581,-49.790467,296.819338,490.399289,-47.509056,293.762723,490.577042,-47.510722,290.818769,490.695806,-47.484193,316.301685,490.607465,24.508661,286.088624,490.655197,47.747372,305.395113,475.499716,-35.696032,294.880910,476.134860,-32.908265,337.667923,458.398737,41.311455,267.675582,461.389131,119.390518,399.699774,464.901976,-26.111225,214.893648,484.905436,164.160491,359.022039,497.883310,-44.748463,252.979053,510.326485,218.043409,348.720720,508.799306,-53.195720,265.743568,517.032302,216.902176,344.560259,506.843676,-35.059716,270.885669,515.027958,240.975421,344.818222,501.058398,-37.973303,269.030688,511.256625,226.258118,324.040790,343.133249,-48.234219,289.881966,339.901570,48.238037,316.662240,258.895919,-105.866688,305.511174,256.971002,19.312249,319.475703,166.036501,-123.959101,328.968916,184.596267,29.291669,328.255482,149.747173,-129.223294,339.655568,172.254001,26.757870,290.407037,143.050994,-218.009362,302.927653,164.939898,-37.526138,
0.000000,0.000000,0.000000,0.000000,0.000000,0.000000,0.000000,0.000000,0.000000,0.000000,0.000000,0.000000,0.000000,0.000000,0.000000,0.000000,0.000000,0.000000,0.000000,0.000000,0.000000,0.000000,0.000000,0.000000,0.000000,0.000000,0.000000,0.000000,0.000000,0.000000,0.000000,0.000000,0.000000,0.000000,0.000000,0.000000,0.000000,0.000000,0.000000,0.000000,0.000000,0.000000,0.000000,0.000000,0.000000,0.000000,0.000000,0.000000,0.000000,0.000000,0.000000,0.000000,299.571048,482.927614,-66.958694,305.125265,490.807357,-50.111894,308.106918,491.191701,-50.075089,310.873412,491.423392,-50.128277,296.608801,490.344633,-47.400674,293.572558,490.528164,-47.400253,290.678801,490.651808,-47.375026,316.258305,490.605015,23.768809,286.098854,490.628283,48.140542,305.299089,475.457632,-35.999367,294.755818,476.115717,-32.618179,337.674865,458.415596,40.706961,267.749069,461.423204,120.437894,399.811456,465.112776,-27.260497,215.290086,484.880637,165.877380,358.893369,498.080920,-45.441731,252.950310,510.371517,219.043494,348.537531,508.946606,-53.914459,265.635140,517.099138,217.908201,344.349539,506.994946,-35.638601,270.840956,515.137935,241.960958,344.656556,501.215148,-38.572773,269.021104,511.384064,227.233187,324.025184,343.082027,-48.483654,289.899403,339.862524,48.495636,316.662294,258.881086,-106.803090,305.686198,256.955662,22.184610,319.475329,166.037257,-125.867770,329.130903,184.705890,35.806933,328.265065,149.733398,-131.234439,339.741675,172.735887,33.656348,290.346778,143.058855,-220.262022,303.542706,165.115406,-30.169716,
0.000000,0.000000,0.000000,0.000000,0.000000,0.000000,0.000000,0.000000,0.000000,0.000000,0.000000,0.000000,0.000000,0.000000,0.000000,0.000000,0.000000,0.000000,0.000000,0.000000,0.000000,0.000000,0.000000,0.000000,0.000000,0.000000,0.000000,0.000000,0.000000,0.000000,0.000000,0.000000,0.000000,0.000000,0.000000,0.000000,0.000000,0.000000,0.000000,0.000000,0.000000,0.000000,0.000000,0.000000,0.000000,0.000000,0.000000,0.000000,0.000000,0.000000,0.000000,0.000000,299.381886,482.890682,-66.921263,304.921994,490.761296,-50.449416,307.961228,491.155817,-50.411766,310.790251,491.400202,-50.466086,296.398263,490.289978,-47.292292,293.382393,490.479285,-47.289784,290.538832,490.607810,-47.265859,316.214926,490.602564,23.028957,286.109083,490.601369,48.533712,305.203065,475.415547,-36.302701,294.630726,476.096575,-32.328092,337.681806,458.432455,40.102467,267.822556,461.457277,121.485271,399.923139,465.323575,-28.409769,215.686524,484.855839,167.594269,358.764698,498.278530,-46.134999,252.921568,510.416549,220.043579,348.354341,509.093906,-54.633198,265.526713,517.165974,218.914225,344.138819,507.146216,-36.217486,270.796243,515.247911,242.946495,344.494891,501.371897,-39.172243,269.011520,511.511503,228.208256,324.009578,343.030806,-48.733088,289.916840,339.823479,48.753235,316.662348,258.866254,-107.739493,305.861222,256.940322,25.056972,319.474955,166.038013,-127.776438,329.292891,184.815513,42.322198,328.274648,149.719624,-133.245583,339.827782,173.217773,40.554826,290.286519,143.066716,-222.514682,304.157759,165.290914,-22.813294,
0.000000,0.000000,0.000000,0.000000,0.000000,0.000000,0.000000,0.000000,0.000000,0.000000,0.000000,0.000000,0.000000,0.000000,0.000000,0.000000,0.000000,0.000000,0.000000,0.000000,0.000000,0.000000,0.000000,0.000000,0.000000,0.000000,0.000000,0.000000,0.000000,0.000000,0.000000,0.000000,0.000000,0.000000,0.000000,0.000000,0.000000,0.000000,0.000000,0.000000,0.000000,0.000000,0.000000,0.000000,0.000000,0.000000,0.000000,0.000000,0.000000,0.000000,0.000000,0.000000,299.192724,482.853751,-66.883832,304.718723,490.715235,-50.786939,307.815539,491.119933,-50.748443,310.707089,491.377013,-50.803896,296.187726,490.235322,-47.183910,293.192228,490.430407,-47.179314,290.398863,490.563812,-47.156691,316.171546,490.600113,22.289105,286.119313,490.574456,48.926883,305.107041,475.373463,-36.606036,294.505633,476.077432,-32.038005,337.688748,458.449315,39.497972,267.896043,461.491350,122.532647,400.034822,465.534375,-29.559041,216.082961,484.831041,169.311158,358.636028,498.476140,-46.828267,252.892825,510.461581,221.043665,348.171151,509.241206,-55.351937,265.418286,517.232810,219.920250,343.928100,507.297487,-36.796372,270.751530,515.357888,243.932032,344.333225,501.528647,-39.771713,269.001936,511.638942,229.183326,323.993972,342.979585,-48.982523,289.934277,339.784433,49.010834,316.662403,258.851421,-108.675895,306.036247,256.924982,27.929334,319.474581,166.038769,-129.685107,329.454878,184.925136,48.837462,328.284231,149.705849,-135.256728,339.913888,173.699658,47.453303,290.226261,143.074577,-224.767343,304.772812,165.466422,-15.456872,
0.000000,0.000000,0.000000,0.000000,0.000000,0.000000,0.000000,0.000000,0.000000,0.000000,0.000000,0.000000,0.000000,0.000000,0.000000,0.000000,0.000000,0.000000,0.000000,0.000000,0.000000,0.000000,0.000000,0.000000,0.000000,0.000000,0.000000,0.000000,0.000000,0.000000,0.000000,0.000000,0.000000,0.000000,0.000000,0.000000,0.000000,0.000000,0.000000,0.000000,0.000000,0.000000,0.000000,0.000000,0.000000,0.000000,0.000000,0.000000,0.000000,0.000000,0.000000,0.000000,301.073608,486.250723,-67.367124,306.660960,494.166857,-51.728898,309.878269,494.594480,-51.688256,312.889058,494.869433,-51.746536,297.996721,493.649431,-47.464501,295.018682,493.848990,-47.457194,292.298591,493.988906,-47.436625,318.423269,494.103505,21.414449,288.175890,494.038888,49.619327,307.194539,478.729412,-37.280089,296.446815,479.455795,-31.929124,340.103164,461.749483,38.852136,269.904291,464.817872,125.076145,402.947878,469.202960,-30.898513,218.182513,488.264790,173.364998,360.975067,502.380188,-47.980649,254.638515,514.109746,224.020161,350.321629,513.126337,-56.803768,267.125715,520.959691,223.037472,345.994648,511.187322,-37.993587,272.609073,519.104543,246.119074,346.491318,505.376997,-40.810083,270.891391,515.367132,231.731986,326.288695,345.367241,-49.812594,292.026634,342.190422,49.858455,318.906832,260.671176,-111.780194,308.531178,258.794773,34.255238,321.699065,167.080724,-134.463351,332.115862,186.728116,63.472394,330.619486,150.625117,-140.268239,342.485779,176.156945,62.913380,292.137997,144.022553,-231.724417,308.261955,167.146258,0.003150,
0.000000,0.000000,0.000000,0.000000,0.000000,0.000000,0.000000,0.000000,0.000000,0.000000,0.000000,0.000000,0.000000,0.000000,0.000000,0.000000,0.000000,0.000000,0.000000,0.000000,0.000000,0.000000,0.000000,0.000000,0.000000,0.000000,0.000000,0.000000,0.000000,0.000000,0.000000,0.000000,0.000000,0.000000,0.000000,0.000000,0.000000,0.000000,0.000000,0.000000,0.000000,0.000000,0.000000,0.000000,0.000000,0.000000,0.000000,0.000000,0.000000,0.000000,0.000000,0.000000,302.954491,489.647695,-67.850416,308.603197,497.618479,-52.670857,311.940998,498.069026,-52.628070,315.071027,498.361852,-52.689175,299.805715,497.063540,-47.745092,296.845137,497.267573,-47.735074,294.198319,497.414001,-47.716559,320.674993,497.606897,20.539793,290.232467,497.503320,50.311772,309.282036,482.085361,-37.954143,298.387997,482.834159,-31.820243,342.517581,465.049652,38.206300,271.912540,468.144395,127.619643,405.860934,472.871546,-32.237985,220.282065,491.698540,177.418838,363.314107,506.284236,-49.133032,256.384204,517.757911,226.996657,352.472107,517.011468,-58.255600,268.833144,524.686572,226.154695,348.061196,515.077158,-39.190801,274.466617,522.851198,248.306116,348.649411,509.225348,-41.848454,272.780846,519.095322,234.280646,328.583418,347.754897,-50.642666,294.118992,344.596412,50.706076,321.151261,262.490931,-114.884493,311.026109,260.664565,40.581142,323.923549,168.122679,-139.241594,334.776847,188.531095,78.107325,332.954741,151.544385,-145.279751,345.057669,178.614233,78.373457,294.049733,144.970529,-238.681490,311.751098,168.826093,15.463171,
0.000000,0.000000,0.000000,0.000000,0.000000,0.000000,0.000000,0.000000,0.000000,0.000000,0.000000,0.000000,0.000000,0.000000,0.000000,0.000000,0.000000,0.000000,0.000000,0.000000,0.000000,0.000000,0.000000,0.000000,0.000000,0.000000,0.000000,0.000000,0.000000,0.000000,0.000000,0.000000,0.000000,0.000000,0.000000,0.000000,0.000000,0.000000,0.000000,0.000000,0.000000,0.000000,0.000000,0.000000,0.000000,0.000000,0.000000,0.000000,0.000000,0.000000,0.000000,0.000000,304.835375,493.044667,-68.333707,310.545433,501.070102,-53.612817,314.003728,501.543573,-53.567883,317.252995,501.854271,-53.631815,301.614710,500.477649,-48.025683,298.671591,500.686156,-48.012953,296.098047,500.839096,-47.996493,322.926716,501.110289,19.665137,292.289044,500.967752,51.004217,311.369533,485.441311,-38.628197,300.329178,486.212522,-31.711361,344.931997,468.349820,37.560464,273.920788,471.470917,130.163141,408.773990,476.540132,-33.577457,222.381616,495.132290,181.472677,365.653147,510.188285,-50.285414,258.129894,521.406076,229.973153,354.622585,520.896599,-59.707431,270.540572,528.413453,229.271917,350.127745,518.966993,-40.388016,276.324161,526.597853,250.493159,350.807504,513.073699,-42.886824,274.670301,522.823512,236.829306,330.878141,350.142553,-51.472737,296.211350,347.002401,51.553697,323.395690,264.310686,-117.988792,313.521040,262.534356,46.907046,326.148033,169.164633,-144.019838,337.437831,190.334075,92.742257,335.289996,152.463654,-150.291262,347.629560,181.071520,93.833533,295.961469,145.918505,-245.638564,315.240241,170.505929,30.923192,
0.000000,0.000000,0.000000,0.000000,0.000000,0.000000,0.000000,0.000000,0.000000,0.000000,0.000000,0.000000,0.000000,0.000000,0.000000,0.000000,0.000000,0.000000,0.000000,0.000000,0.000000,0.000000,0.000000,0.000000,0.000000,0.000000,0.000000,0.000000,0.000000,0.000000,0.000000,0.000000,0.000000,0.000000,0.000000,0.000000,0.000000,0.000000,0.000000,0.000000,0.000000,0.000000,0.000000,0.000000,0.000000,0.000000,0.000000,0.000000,0.000000,0.000000,0.000000,0.000000,306.716258,496.441639,-68.816999,312.487670,504.521724,-54.554776,316.066458,505.018120,-54.507697,319.434964,505.346691,-54.574454,303.423704,503.891757,-48.306275,300.498046,504.104738,-48.290833,297.997775,504.264191,-48.276426,325.178440,504.613680,18.790481,294.345621,504.432185,51.696662,313.457030,488.797260,-39.302251,302.270360,489.590885,-31.602480,347.346413,471.649989,36.914628,275.929036,474.797439,132.706639,411.687047,480.208718,-34.916929,224.481168,498.566040,185.526517,367.992187,514.092333,-51.437796,259.875584,525.054241,232.949649,356.773063,524.781730,-61.159262,272.248001,532.140333,232.389140,352.194293,522.856829,-41.585231,278.181705,530.344508,252.680201,352.965597,516.922050,-43.925194,276.559756,526.551702,239.377966,333.172864,352.530208,-52.302809,298.303708,349.408390,52.401318,325.640119,266.130440,-121.093091,316.015971,264.404147,53.232950,328.372517,170.206588,-148.798082,340.098815,192.137054,107.377189,337.625251,153.382922,-155.302774,350.201450,183.528807,109.293610,297.873205,146.866480,-252.595637,318.729385,172.185764,46.383214,
0.000000,0.000000,0.000000,0.000000,0.000000,0.000000,0.000000,0.000000,0.000000,0.000000,0.000000,0.000000,0.000000,0.000000,0.000000,0.000000,0.000000,0.000000,0.000000,0.000000,0.000000,0.000000,0.000000,0.000000,0.000000,0.000000,0.000000,0.000000,0.000000,0.000000,0.000000,0.000000,0.000000,0.000000,0.000000,0.000000,0.000000,0.000000,0.000000,0.000000,0.000000,0.000000,0.000000,0.000000,0.000000,0.000000,0.000000,0.000000,0.000000,0.000000,0.000000,0.000000,301.593192,489.529336,-69.376290,307.109320,497.505759,-56.337189,310.613464,498.005827,-56.290370,313.973582,498.340312,-56.360407,298.491465,496.866177,-49.144056,295.779320,497.070955,-49.125786,293.420259,497.225803,-49.118538,320.146841,497.619772,13.645748,290.223604,497.403317,50.366526,308.360151,482.034656,-41.253707,297.593112,482.802536,-32.383858,342.435802,465.134003,29.511360,272.513443,468.199191,131.307113,405.792942,473.987559,-39.906212,222.884482,491.606482,187.175045,362.211772,507.294422,-49.804187,256.236627,517.786876,234.196327,350.983582,517.714752,-59.093013,268.224602,524.812038,233.917154,346.430736,515.835593,-40.074637,274.099875,523.086026,253.107684,347.249859,510.008718,-42.291217,272.588520,519.351402,240.159266,328.415900,347.546350,-53.209924,294.366805,344.547949,53.316808,320.961666,262.386853,-121.695161,311.918885,260.793462,56.621161,323.797841,167.689246,-150.510664,335.530418,189.536826,110.645834,332.966543,151.058283,-156.951256,345.509327,180.945604,112.608342,293.382298,144.726913,-252.394324,314.317387,170.004628,51.180729,
0.000000,0.000000,0.000000,0.000000,0.000000,0.000000,0.000000,0.000000,0.000000,0.000000,0.000000,0.000000,0.000000,0.000000,0.000000,0.000000,0.000000,0.000000,0.000000,0.000000,0.000000,0.000000,0.000000,0.000000,0.000000,0.000000,0.000000,0.000000,0.000000,0.000000,0.000000,0.000000,0.000000,0.000000,0.000000,0.000000,0.000000,0.000000,0.000000,0.000000,0.000000,0.000000,0.000000,0.000000,0.000000,0.000000,0.000000,0.000000,0.000000,0.000000,0.000000,0.000000,296.470127,482.617034,-69.935581,301.730971,490.489793,-58.119602,305.160471,490.993534,-58.073043,308.512199,491.333933,-58.146360,293.559225,489.840597,-49.981838,291.060594,490.037171,-49.960740,288.842744,490.187415,-49.960650,315.115243,490.625863,8.501016,286.101588,490.374449,49.036389,303.263272,475.272053,-43.205163,292.915864,476.014188,-33.165236,337.525192,458.618018,22.108093,269.097850,461.600942,129.907587,399.898837,467.766400,-44.895495,221.287796,484.646924,188.823572,356.431358,500.496512,-48.170577,252.597671,510.519512,235.443004,345.194101,510.647774,-57.026763,264.201203,517.483743,235.445169,340.667179,508.814357,-38.564043,270.018045,515.827545,253.535167,341.534121,503.095385,-40.657240,268.617284,512.151103,240.940567,323.658935,342.562492,-54.117039,290.429903,339.687508,54.232298,316.283213,258.643265,-122.297231,307.821799,257.182776,60.009373,319.223165,165.171904,-152.223246,330.962021,186.936598,113.914479,328.307835,148.733644,-158.599738,340.817203,178.362402,115.923074,288.891391,142.587345,-252.193011,309.905389,167.823492,55.978243,
0.000000,0.000000,0.000000,0.000000,0.000000,0.000000,0.000000,0.000000,0.000000,0.000000,0.000000,0.000000,0.000000,0.000000,0.000000,0.000000,0.000000,0.000000,0.000000,0.000000,0.000000,0.000000,0.000000,0.000000,0.000000,0.000000,0.000000,0.000000,0.000000,0.000000,0.000000,0.000000,0.000000,0.000000,0.000000,0.000000,0.000000,0.000000,0.000000,0.000000,0.000000,0.000000,0.000000,0.000000,0.000000,0.000000,0.000000,0.000000,0.000000,0.000000,0.000000,0.000000,291.347061,475.704731,-70.494872,296.352621,483.473828,-59.902015,299.707478,483.981241,-59.855716,303.050817,484.327555,-59.932312,288.626986,482.815017,-50.819620,286.341869,483.003388,-50.795693,284.265228,483.149027,-50.802762,310.083645,483.631954,3.356283,281.979571,483.345581,47.706253,298.166392,468.509450,-45.156620,288.238616,469.225839,-33.946614,332.614581,452.102032,14.704825,265.682258,455.002693,128.508061,394.004733,461.545241,-49.884779,219.691110,477.687366,190.472100,350.650944,493.698601,-46.536968,248.958715,503.252147,236.689681,339.404620,503.580795,-54.960514,260.177804,510.155447,236.973183,334.903623,501.793121,-37.053449,265.936215,508.569064,253.962651,335.818383,496.182053,-39.023262,264.646048,504.950803,241.721867,318.901971,337.578634,-55.024155,286.493001,334.827067,55.147788,311.604761,254.899678,-122.899300,303.724713,253.572091,63.397584,314.648488,162.654562,-153.935829,326.393625,184.336370,117.183124,323.649127,146.409005,-160.248220,336.125080,175.779199,119.237806,284.400484,140.447778,-251.991698,305.493391,165.642357,60.775758,
0.000000,0.000000,0.000000,0.000000,0.000000,0.000000,0.000000,0.000000,0.000000,0.000000,0.000000,0.000000,0.000000,0.000000,0.000000,0.000000,0.000000,0.000000,0.000000,0.000000,0.000000,0.000000,0.000000,0.000000,0.000000,0.000000,0.000000,0.000000,0.000000,0.000000,0.000000,0.000000,0.000000,0.000000,0.000000,0.000000,0.000000,0.000000,0.000000,0.000000,0.000000,0.000000,0.000000,0.000000,0.000000,0.000000,0.000000,0.000000,0.000000,0.000000,0.000000,0.000000,286.223996,468.792428,-71.054163,290.974271,476.457863,-61.684428,294.254484,476.968948,-61.638390,297.589435,477.321176,-61.718265,283.694746,475.789436,-51.657402,281.623143,475.969604,-51.630647,279.687713,476.110639,-51.644874,305.052047,476.638045,-1.788450,277.857555,476.316714,46.376117,293.069513,461.746847,-47.108076,283.561368,462.437491,-34.727992,327.703971,445.586047,7.301557,262.266665,448.404445,127.108536,388.110628,455.324082,-54.874062,218.094424,470.727808,192.120628,344.870530,486.900691,-44.903359,245.319758,495.984783,237.936359,333.615139,496.513817,-52.894265,256.154405,502.827152,238.501198,329.140066,494.771885,-35.542855,261.854385,501.310583,254.390134,330.102645,489.268721,-37.389285,260.674812,497.750503,242.503168,314.145006,332.594776,-55.931270,282.556099,329.966626,56.063278,306.926308,251.156090,-123.501370,299.627627,249.961406,66.785796,310.073812,160.137220,-155.648411,321.825228,181.736141,120.451770,318.990419,144.084366,-161.896702,331.432956,173.195996,122.552538,279.909578,138.308211,-251.790385,301.081393,163.461221,65.573273,
0.000000,0.000000,0.000000,0.000000,0.000000,0.000000,0.000000,0.000000,0.000000,0.000000,0.000000,0.000000,0.000000,0.000000,0.000000,0.000000,0.000000,0.000000,0.000000,0.000000,0.000000,0.000000,0.000000,0.000000,0.000000,0.000000,0.000000,0.000000,0.000000,0.000000,0.000000,0.000000,0.000000,0.000000,0.000000,0.000000,0.000000,0.000000,0.000000,0.000000,0.000000,0.000000,0.000000,0.000000,0.000000,0.000000,0.000000,0.000000,0.000000,0.000000,0.000000,0.000000,268.952954,441.206530,-67.720694,273.324888,448.425694,-59.404357,276.398886,448.911801,-59.360706,279.557531,449.249325,-59.437767,266.644002,447.788667,-49.449405,264.776036,447.955912,-49.422519,263.004847,448.087482,-49.439317,286.843014,448.608806,-4.187618,261.493007,448.286799,43.304948,275.447934,434.596390,-45.670822,266.640643,435.239546,-33.358223,308.378472,419.392278,3.420623,247.054388,422.027020,119.846644,365.194573,428.768295,-54.584859,206.026936,443.021936,182.980911,324.254476,458.423956,-42.123092,230.877780,466.823430,226.306062,313.590216,467.416070,-49.530375,240.968380,473.283993,227.004274,309.360126,465.783424,-33.319224,246.342138,471.880172,241.519111,310.292525,460.616792,-34.989110,245.277274,468.531716,230.408713,295.598223,312.983781,-53.485778,266.042256,310.551405,53.615372,288.786930,236.359505,-117.489475,282.150074,235.289586,65.103724,291.829470,150.647458,-148.595409,302.967275,171.065477,116.124235,300.241379,135.516165,-154.498927,312.028407,162.983168,118.146082,263.254545,130.115882,-238.747090,283.340730,153.943208,64.940097,
0.000000,0.000000,0.000000,0.000000,0.000000,0.000000,0.000000,0.000000,0.000000,0.000000,0.000000,0.000000,0.000000,0.000000,0.000000,0.000000,0.000000,0.000000,0.000000,0.000000,0.000000,0.000000,0.000000,0.000000,0.000000,0.000000,0.000000,0.000000,0.000000,0.000000,0.000000,0.000000,0.000000,0.000000,0.000000,0.000000,0.000000,0.000000,0.000000,0.000000,0.000000,0.000000,0.000000,0.000000,0.000000,0.000000,0.000000,0.000000,0.000000,0.000000,0.000000,0.000000,251.681912,413.620633,-64.387226,255.675504,420.393525,-57.124286,258.543287,420.854654,-57.083022,261.525628,421.177474,-57.157269,249.593257,419.787898,-47.241409,247.928928,419.942220,-47.214391,246.321982,420.064324,-47.233761,268.633981,420.579567,-6.586786,245.128459,420.256884,40.233779,257.826355,407.445934,-44.233568,249.719918,408.041602,-31.988455,289.052973,393.198508,-0.460312,231.842111,395.649594,112.584752,342.278518,402.212507,-54.295657,193.959448,415.316065,173.841193,303.638422,429.947221,-39.342825,216.435801,437.662077,214.675765,293.565294,438.318322,-46.166484,225.782356,443.740834,215.507351,289.580185,436.794962,-31.095592,230.829890,442.449762,228.648088,290.482405,431.964863,-32.588936,229.879737,439.312930,218.314257,277.051440,293.372787,-51.040285,249.528413,291.136184,51.167467,270.647553,221.562920,-111.477579,264.672521,220.617767,63.421653,273.585127,141.157697,-141.542407,284.109321,160.394813,111.796701,281.492339,126.947965,-147.101152,292.623857,152.770340,113.739626,246.599512,121.923554,-225.703795,265.600067,144.425195,64.306920,
0.000000,0.000000,0.000000,0.000000,0.000000,0.000000,0.000000,0.000000,0.000000,0.000000,0.000000,0.000000,0.000000,0.000000,0.000000,0.000000,0.000000,0.000000,0.000000,0.000000,0.000000,0.000000,0.000000,0.000000,0.000000,0.000000,0.000000,0.000000,0.000000,0.000000,0.000000,0.000000,0.000000,0.000000,0.000000,0.000000,0.000000,0.000000,0.000000,0.000000,0.000000,0.000000,0.000000,0.000000,0.000000,0.000000,0.000000,0.000000,0.000000,0.000000,0.000000,0.000000,234.410870,386.034735,-61.053758,238.026121,392.361356,-54.844215,240.687688,392.797507,-54.805339,243.493724,393.105623,-54.876771,232.542513,391.787128,-45.033413,231.081820,391.928528,-45.006264,229.639116,392.041167,-45.028204,250.424948,392.550327,-8.985954,228.763911,392.226969,37.162611,240.204777,380.295478,-42.796314,232.799193,380.843657,-30.618686,269.727474,367.004739,-4.341246,216.629834,369.272169,105.322860,319.362463,375.656719,-54.006454,181.891960,387.610194,164.701476,283.022367,401.470486,-36.562559,201.993822,408.500724,203.045468,273.540371,409.220575,-42.802594,210.596332,414.197674,204.010427,269.800245,407.806500,-28.871961,215.317643,413.019351,215.777065,270.672285,403.312933,-30.188761,214.482199,410.094143,206.219802,258.504658,273.761792,-48.594792,233.014570,271.720963,48.719562,252.508175,206.766334,-105.465684,247.194968,205.945947,61.739581,255.340785,131.667935,-134.489405,265.251368,149.724149,107.469166,262.743299,118.379765,-139.703377,273.219307,142.557512,109.333170,229.944479,113.731226,-212.660500,247.859405,134.907182,63.673743,
0.000000,0.000000,0.000000,0.000000,0.000000,0.000000,0.000000,0.000000,0.000000,0.000000,0.000000,0.000000,0.000000,0.000000,0.000000,0.000000,0.000000,0.000000,0.000000,0.000000,0.000000,0.000000,0.000000,0.000000,0.000000,0.000000,0.000000,0.000000,0.000000,0.000000,0.000000,0.000000,0.000000,0.000000,0.000000,0.000000,0.000000,0.000000,0.000000,0.000000,0.000000,0.000000,0.000000,0.000000,0.000000,0.000000,0.000000,0.000000,0.000000,0.000000,0.000000,0.000000,217.139829,358.448838,-57.720289,220.376738,364.329187,-52.564144,222.832089,364.740360,-52.527655,225.461820,365.033772,-52.596274,215.491768,363.786359,-42.825417,214.234713,363.914836,-42.798136,212.956251,364.018009,-42.822648,232.215915,364.521088,-11.385122,212.399363,364.197054,34.091442,222.583198,353.145022,-41.359060,215.878468,353.645713,-29.248918,250.401975,340.810970,-8.222180,201.417557,342.894744,98.060968,296.446408,349.100932,-53.717251,169.824472,359.904323,155.561759,262.406313,372.993751,-33.782292,187.551844,379.339371,191.415171,253.515448,380.122828,-39.438704,195.410307,384.654515,192.513504,250.020305,378.818039,-26.648330,199.805396,383.588941,202.906042,250.862165,374.661004,-27.788587,199.084661,380.875356,194.125347,239.957875,254.150797,-46.149300,216.500728,252.305743,46.271656,234.368797,191.969749,-99.453788,229.717415,191.274128,60.057510,237.096443,122.178173,-127.436403,246.393414,139.053485,103.141632,243.994259,109.811565,-132.305603,253.814757,132.344684,104.926713,213.289446,105.538898,-199.617205,230.118742,125.389170,63.040567,
0.000000,0.000000,0.000000,0.000000,0.000000,0.000000,0.000000,0.000000,0.000000,0.000000,0.000000,0.000000,0.000000,0.000000,0.000000,0.000000,0.000000,0.000000,0.000000,0.000000,0.000000,0.000000,0.000000,0.000000,0.000000,0.000000,0.000000,0.000000,0.000000,0.000000,0.000000,0.000000,0.000000,0.000000,0.000000,0.000000,0.000000,0.000000,0.000000,0.000000,0.000000,0.000000,0.000000,0.000000,0.000000,0.000000,0.000000,0.000000,0.000000,0.000000,0.000000,0.000000,189.824871,313.639317,-50.878731,192.614675,318.786221,-46.566793,194.757048,319.147979,-46.534683,197.065092,319.407203,-46.595445,188.410261,318.308151,-37.835979,187.341368,318.419602,-37.811398,186.241817,318.509381,-37.834196,203.080968,318.959624,-10.977898,185.840399,318.668068,29.678638,194.605839,309.006810,-36.755606,188.798033,309.441842,-25.890459,219.080044,298.216283,-8.584981,176.327983,300.032493,85.898577,259.357401,305.556574,-48.254228,148.898869,314.910414,137.023533,229.475454,326.433901,-29.626801,164.104737,331.928273,168.488304,221.668373,332.650752,-34.551317,170.938233,336.586951,169.523408,218.602131,331.511417,-23.400384,174.787170,335.663392,178.437359,219.349144,327.879151,-24.355617,174.174317,333.289540,170.781933,209.935417,222.363549,-40.734298,189.482014,220.765599,40.843838,205.036154,167.965177,-87.589390,201.064676,167.380043,53.554892,207.457325,106.880328,-112.455428,215.625120,121.682794,91.612951,213.500856,96.048927,-116.728959,222.127554,115.798046,93.203529,186.546839,92.321253,-175.482310,201.345177,109.759149,56.757490,
0.000000,0.000000,0.000000,0.000000,0.000000,0.000000,0.000000,0.000000,0.000000,0.000000,0.000000,0.000000,0.000000,0.000000,0.000000,0.000000,0.000000,0.000000,0.000000,0.000000,0.000000,0.000000,0.000000,0.000000,0.000000,0.000000,0.000000,0.000000,0.000000,0.000000,0.000000,0.000000,0.000000,0.000000,0.000000,0.000000,0.000000,0.000000,0.000000,0.000000,0.000000,0.000000,0.000000,0.000000,0.000000,0.000000,0.000000,0.000000,0.000000,0.000000,0.000000,0.000000,162.509913,268.829797,-44.037173,164.852611,273.243255,-40.569442,166.682006,273.555597,-40.541711,168.668364,273.780634,-40.594617,161.328754,272.829942,-32.846541,160.448023,272.924368,-32.824659,159.527384,273.000752,-32.845744,173.946021,273.398160,-10.570674,159.281434,273.139082,25.265835,166.628479,264.868597,-32.152151,161.717597,265.237970,-22.532000,187.758112,255.621596,-8.947781,151.238408,257.170241,73.736187,222.268394,262.012216,-42.791205,127.973267,269.916506,118.485307,196.544595,279.874051,-25.471310,140.657630,284.517175,145.561438,189.821298,285.178676,-29.663931,146.466159,288.519387,146.533312,187.183957,284.204795,-20.152437,149.768945,287.737843,153.968675,187.836123,281.097298,-20.922647,149.263972,285.703725,147.438519,179.912959,190.576302,-35.319297,162.463300,189.225455,35.416020,175.703510,143.960605,-75.724992,172.411937,143.485959,47.052275,177.818207,91.582483,-97.474453,184.856827,104.312102,80.084270,183.007453,82.286288,-101.152316,190.440351,99.251408,81.480345,159.804231,79.103607,-151.347415,172.571612,94.129128,50.474414,
0.000000,0.000000,0.000000,0.000000,0.000000,0.000000,0.000000,0.000000,0.000000,0.000000,0.000000,0.000000,0.000000,0.000000,0.000000,0.000000,0.000000,0.000000,0.000000,0.000000,0.000000,0.000000,0.000000,0.000000,0.000000,0.000000,0.000000,0.000000,0.000000,0.000000,0.000000,0.000000,0.000000,0.000000,0.000000,0.000000,0.000000,0.000000,0.000000,0.000000,0.000000,0.000000,0.000000,0.000000,0.000000,0.000000,0.000000,0.000000,0.000000,0.000000,0.000000,0.000000,135.194956,224.020277,-37.195614,137.090548,227.700290,-34.572091,138.606965,227.963216,-34.548738,140.271636,228.154065,-34.593788,134.247246,227.351734,-27.857103,133.554677,227.429134,-27.837921,132.812951,227.492124,-27.857292,144.811075,227.836696,-10.163450,132.722470,227.610096,20.853031,138.651120,220.730385,-27.548697,134.637161,221.034099,-19.173541,156.436181,213.026910,-9.310581,126.148834,214.307990,61.573796,185.179387,218.467859,-37.328182,107.047664,224.922597,99.947081,163.613737,233.314202,-21.315819,117.210523,237.106078,122.634572,157.974222,237.706600,-24.776544,121.994086,240.451824,123.543216,155.765783,236.898173,-16.904491,124.750719,239.812294,129.499992,156.323102,234.315445,-17.489677,124.353627,238.117909,124.095105,149.890502,158.789055,-29.904295,135.444586,157.685312,29.988202,146.370867,119.956033,-63.860594,143.759198,119.591874,40.549657,148.179090,76.284638,-82.493478,154.088533,86.941410,68.555589,152.514050,68.523650,-85.575672,158.753147,82.704770,69.757161,133.061624,65.885961,-127.212520,143.798047,78.499108,44.191338,
0.000000,0.000000,0.000000,0.000000,0.000000,0.000000,0.000000,0.000000,0.000000,0.000000,0.000000,0.000000,0.000000,0.000000,0.000000,0.000000,0.000000,0.000000,0.000000,0.000000,0.000000,0.000000,0.000000,0.000000,0.000000,0.000000,0.000000,0.000000,0.000000,0.000000,0.000000,0.000000,0.000000,0.000000,0.000000,0.000000,0.000000,0.000000,0.000000,0.000000,0.000000,0.000000,0.000000,0.000000,0.000000,0.000000,0.000000,0.000000,0.000000,0.000000,0.000000,0.000000,107.879998,179.210757,-30.354056,109.328485,182.157324,-28.574740,110.531923,182.370834,-28.555766,111.874907,182.527497,-28.592960,107.165739,181.873526,-22.867665,106.661332,181.933900,-22.851182,106.098517,181.983496,-22.868841,115.676128,182.275232,-9.756226,106.163505,182.081110,16.440227,110.673761,176.592173,-22.945243,107.556725,176.830227,-15.815082,125.114249,170.432223,-9.673381,101.059260,171.445739,49.411405,148.090380,174.923501,-31.865158,86.122061,179.928689,81.408855,130.682878,186.754352,-17.160328,93.763415,189.694980,99.707706,126.127147,190.234524,-19.889157,97.522012,192.384260,100.553120,124.347608,189.591551,-13.656545,99.732494,191.886745,105.031308,124.810080,187.533592,-14.056707,99.443282,190.532094,100.751691,119.868044,127.001807,-24.489294,108.425872,126.145168,24.560384,117.038223,95.951461,-51.996196,115.106459,95.697789,34.047040,118.539972,60.986793,-67.512503,123.320239,69.570718,57.026908,122.020647,54.761012,-69.999029,127.065944,66.158133,58.033977,106.319017,52.668315,-103.077625,115.024482,62.869087,37.908262,
0.000000,0.000000,0.000000,0.000000,0.000000,0.000000,0.000000,0.000000,0.000000,0.000000,0.000000,0.000000,0.000000,0.000000,0.000000,0.000000,0.000000,0.000000,0.000000,0.000000,0.000000,0.000000,0.000000,0.000000,0.000000,0.000000,0.000000,0.000000,0.000000,0.000000,0.000000,0.000000,0.000000,0.000000,0.000000,0.000000,0.000000,0.000000,0.000000,0.000000,0.000000,0.000000,0.000000,0.000000,0.000000,0.000000,0.000000,0.000000,0.000000,0.000000,0.000000,0.000000,75.715561,125.792841,-21.384975,76.725052,127.860777,-20.145582,77.568191,128.010672,-20.132165,78.509768,128.120916,-20.158261,75.213887,127.661512,-16.123767,74.858874,127.703775,-16.112110,74.463202,127.738509,-16.124562,81.186182,127.943983,-6.929890,74.516376,127.806942,11.507980,77.672971,123.955167,-16.192260,75.492061,124.121550,-11.164622,87.815786,119.630393,-6.886542,70.943416,120.341483,34.703535,103.948103,122.791600,-22.563592,60.464945,126.296630,57.264381,91.724686,131.088576,-12.249930,65.816871,133.152686,70.132525,88.526640,133.532006,-14.197571,68.452699,135.040243,70.742345,87.275953,133.080216,-9.813346,70.003830,134.690558,73.869223,87.600859,131.636005,-10.066736,69.801296,133.739160,70.861544,84.135472,89.144831,-17.235877,76.110846,88.544489,17.286471,82.145491,67.351249,-36.638221,80.804189,67.177391,24.129578,83.205529,42.810480,-47.618966,86.565892,48.839019,40.533631,85.649183,38.437347,-49.371394,89.197773,46.448142,41.259774,74.614049,36.963294,-72.579674,80.743188,44.139437,27.203241,
0.000000,0.000000,0.000000,0.000000,0.000000,0.000000,0.000000,0.000000,0.000000,0.000000,0.000000,0.000000,0.000000,0.000000,0.000000,0.000000,0.000000,0.000000,0.000000,0.000000,0.000000,0.000000,0.000000,0.000000,0.000000,0.000000,0.000000,0.000000,0.000000,0.000000,0.000000,0.000000,0.000000,0.000000,0.000000,0.000000,0.000000,0.000000,0.000000,0.000000,0.000000,0.000000,0.000000,0.000000,0.000000,0.000000,0.000000,0.000000,0.000000,0.000000,0.000000,0.000000,43.551125,72.374925,-12.415894,44.121620,73.564230,-11.716425,44.604459,73.650510,-11.708564,45.144628,73.714336,-11.723561,43.262034,73.449498,-9.379869,43.056417,73.473650,-9.373037,42.827887,73.493523,-9.380283,46.696236,73.612735,-4.103554,42.869247,73.532775,6.575732,44.672181,71.318161,-9.439277,43.427397,71.412872,-6.514162,50.517322,68.828564,-4.099702,40.827573,69.237227,19.995665,59.805826,70.659698,-13.262025,34.807829,72.664571,33.119906,52.766495,75.422800,-7.339531,37.870326,76.610392,40.557344,50.926132,76.829488,-8.505984,39.383386,77.696227,40.931571,50.204298,76.568881,-5.970147,40.275167,77.494371,42.707137,50.391638,75.738418,-6.076765,40.159309,76.946226,40.971396,48.402901,51.287855,-9.982460,43.795819,50.943810,10.012557,47.252758,38.751037,-21.280246,46.501919,38.656992,14.212116,47.871086,24.634167,-27.725429,49.811545,28.107319,24.040353,49.277719,22.113683,-28.743760,51.329601,26.738152,24.485571,42.909080,21.258272,-42.081723,46.461894,25.409787,16.498221,
0.000000,0.000000,0.000000,0.000000,0.000000,0.000000,0.000000,0.000000,0.000000,0.000000,0.000000,0.000000,0.000000,0.000000,0.000000,0.000000,0.000000,0.000000,0.000000,0.000000,0.000000,0.000000,0.000000,0.000000,0.000000,0.000000,0.000000,0.000000,0.000000,0.000000,0.000000,0.000000,0.000000,0.000000,0.000000,0.000000,0.000000,0.000000,0.000000,0.000000,0.000000,0.000000,0.000000,0.000000,0.000000,0.000000,0.000000,0.000000,0.000000,0.000000,0.000000,0.000000,11.386688,18.957008,-3.446812,11.518188,19.267683,-3.287267,11.640726,19.290348,-3.284963,11.779488,19.307756,-3.288862,11.310182,19.237484,-2.635971,11.253959,19.243524,-2.633965,11.192571,19.248536,-2.636005,12.206290,19.281487,-1.277217,11.222119,19.258608,1.643484,11.671391,18.681155,-2.686295,11.362733,18.704194,-1.863702,13.218859,18.026734,-1.312862,10.711729,18.132971,5.287794,15.663549,18.527797,-3.960459,9.150713,19.032512,8.975432,13.808303,19.757024,-2.429132,9.923781,20.068098,10.982163,13.325625,20.126970,-2.814398,10.314073,20.352210,11.120797,13.132643,20.057546,-2.126948,10.546503,20.298184,11.545051,13.182417,19.840831,-2.086794,10.517323,20.153293,11.081249,12.670329,13.430879,-2.729043,11.480793,13.343130,2.738644,12.360025,10.150825,-5.922271,12.199649,10.136593,4.294654,12.536643,6.457854,-7.831892,13.057197,7.375619,7.547076,12.906256,5.790018,-8.116125,13.461430,7.028162,7.711368,11.204112,5.553251,-11.583772,12.180600,6.680137,5.793200,
0.000000,0.000000,0.000000,0.000000,0.000000,0.000000,0.000000,0.000000,0.000000,0.000000,0.000000,0.000000,0.000000,0.000000,0.000000,0.000000,0.000000,0.000000,0.000000,0.000000,0.000000,0.000000,0.000000,0.000000,0.000000,0.000000,0.000000,0.000000,0.000000,0.000000,0.000000,0.000000,0.000000,0.000000,0.000000,0.000000,0.000000,0.000000,0.000000,0.000000,0.000000,0.000000,0.000000,0.000000,0.000000,0.000000,0.000000,0.000000,0.000000,0.000000,0.000000,0.000000,-20.777749,-34.460908,5.522269,-21.085244,-35.028864,5.141891,-21.323006,-35.069814,5.138638,-21.585652,-35.098825,5.145838,-20.641670,-34.974530,4.107927,-20.548499,-34.986601,4.105108,-20.442744,-34.996450,4.108274,-22.283657,-35.049762,1.549119,-20.425010,-35.015559,-3.288764,-21.329399,-33.955851,4.066688,-20.701932,-34.004483,2.786758,-24.079604,-32.775096,1.473977,-19.404114,-32.971285,-9.420076,-28.478728,-33.604105,5.341108,-16.506404,-34.599547,-15.169042,-25.149888,-35.908752,2.481266,-18.022763,-36.474195,-18.593018,-24.274883,-36.575548,2.877188,-18.755241,-36.991807,-18.689978,-23.939012,-36.453789,1.716251,-19.182161,-36.898003,-19.617034,-24.026805,-36.056757,1.903177,-19.124663,-36.639641,-18.808899,-23.062243,-24.426096,4.524374,-20.834234,-24.257549,-4.535270,-22.532707,-18.449387,9.435704,-22.102621,-18.383805,-5.622807,-22.797800,-11.718459,12.061646,-23.697150,-13.356080,-8.946201,-23.465208,-10.533647,12.511510,-24.406742,-12.681829,-9.062835,-20.500856,-10.151770,18.914178,-22.100694,-12.049513,-4.911821,
0.000000,0.000000,0.000000,0.000000,0.000000,0.000000,0.000000,0.000000,0.000000,0.000000,0.000000,0.000000,0.000000,0.000000,0.000000,0.000000,0.000000,0.000000,0.000000,0.000000,0.000000,0.000000,0.000000,0.000000,0.000000,0.000000,0.000000,0.000000,0.000000,0.000000,0.000000,0.000000,0.000000,0.000000,0.000000,0.000000,0.000000,0.000000,0.000000,0.000000,0.000000,0.000000,0.000000,0.000000,0.000000,0.000000,0.000000,0.000000,0.000000,0.000000,0.000000,0.000000,-15.583312,-25.845681,4.141702,-15.813933,-26.271648,3.856418,-15.992254,-26.302360,3.853979,-16.189239,-26.324118,3.859378,-15.481253,-26.230898,3.080945,-15.411374,-26.239951,3.078831,-15.332058,-26.247338,3.081205,-16.712742,-26.287321,1.161839,-15.318758,-26.261670,-2.466573,-15.997049,-25.466888,3.050016,-15.526449,-25.503363,2.090069,-18.059703,-24.581322,1.105483,-14.553085,-24.728464,-7.065057,-21.359046,-25.203079,4.005831,-12.379803,-25.949660,-11.376782,-18.862416,-26.931564,1.860950,-13.517072,-27.355646,-13.944764,-18.206162,-27.431661,2.157891,-14.066430,-27.743855,-14.017483,-17.954259,-27.340342,1.287188,-14.386621,-27.673502,-14.712776,-18.020104,-27.042568,1.427383,-14.343497,-27.479731,-14.106674,-17.296682,-18.319572,3.393280,-15.625675,-18.193162,-3.401452,-16.899530,-13.837041,7.076778,-16.576966,-13.787854,-4.217106,-17.098350,-8.788844,9.046234,-17.772862,-10.017060,-6.709651,-17.598906,-7.900235,9.383632,-18.305056,-9.511372,-6.797127,-15.375642,-7.613828,14.185634,-16.575520,-9.037135,-3.683865,
0.000000,0.000000,0.000000,0.000000,0.000000,0.000000,0.000000,0.000000,0.000000,0.000000,0.000000,0.000000,0.000000,0.000000,0.000000,0.000000,0.000000,0.000000,0.000000,0.000000,0.000000,0.000000,0.000000,0.000000,0.000000,0.000000,0.000000,0.000000,0.000000,0.000000,0.000000,0.000000,0.000000,0.000000,0.000000,0.000000,0.000000,0.000000,0.000000,0.000000,0.000000,0.000000,0.000000,0.000000,0.000000,0.000000,0.000000,0.000000,0.000000,0.000000,0.000000,0.000000,-10.388874,-17.230454,2.761134,-10.542622,-17.514432,2.570946,-10.661503,-17.534907,2.569319,-10.792826,-17.549412,2.572919,-10.320835,-17.487265,2.053963,-10.274250,-17.493301,2.052554,-10.221372,-17.498225,2.054137,-11.141828,-17.524881,0.774559,-10.212505,-17.507780,-1.644382,-10.664699,-16.977925,2.033344,-10.350966,-17.002242,1.393379,-12.039802,-16.387548,0.736989,-9.702057,-16.485642,-4.710038,-14.239364,-16.802053,2.670554,-8.253202,-17.299773,-7.584521,-12.574944,-17.954376,1.240633,-9.011382,-18.237098,-9.296509,-12.137441,-18.287774,1.438594,-9.377620,-18.495903,-9.344989,-11.969506,-18.226894,0.858125,-9.591080,-18.449001,-9.808517,-12.013402,-18.028378,0.951589,-9.562332,-18.319821,-9.404449,-11.531121,-12.213048,2.262187,-10.417117,-12.128774,-2.267635,-11.266354,-9.224694,4.717852,-11.051311,-9.191903,-2.811404,-11.398900,-5.859229,6.030823,-11.848575,-6.678040,-4.473100,-11.732604,-5.266823,6.255755,-12.203371,-6.340914,-4.531418,-10.250428,-5.075885,9.457089,-11.050347,-6.024757,-2.455910,
0.000000,0.000000,0.000000,0.000000,0.000000,0.000000,0.000000,0.000000,0.000000,0.000000,0.000000,0.000000,0.000000,0.000000,0.000000,0.000000,0.000000,0.000000,0.000000,0.000000,0.000000,0.000000,0.000000,0.000000,0.000000,0.000000,0.000000,0.000000,0.000000,0.000000,0.000000,0.000000,0.000000,0.000000,0.000000,0.000000,0.000000,0.000000,0.000000,0.000000,0.000000,0.000000,0.000000,0.000000,0.000000,0.000000,0.000000,0.000000,0.000000,0.000000,0.000000,0.000000,-5.194437,-8.615227,1.380567,-5.271311,-8.757216,1.285473,-5.330751,-8.767453,1.284660,-5.396413,-8.774706,1.286459,-5.160418,-8.743633,1.026982,-5.137125,-8.746650,1.026277,-5.110686,-8.749113,1.027068,-5.570914,-8.762440,0.387280,-5.106253,-8.753890,-0.822191,-5.332350,-8.488963,1.016672,-5.175483,-8.501121,0.696690,-6.019901,-8.193774,0.368494,-4.851028,-8.242821,-2.355019,-7.119682,-8.401026,1.335277,-4.126601,-8.649887,-3.792261,-6.287472,-8.977188,0.620317,-4.505691,-9.118549,-4.648255,-6.068721,-9.143887,0.719297,-4.688810,-9.247952,-4.672494,-5.984753,-9.113447,0.429063,-4.795540,-9.224501,-4.904259,-6.006701,-9.014189,0.475794,-4.781166,-9.159910,-4.702225,-5.765561,-6.106524,1.131093,-5.208558,-6.064387,-1.133817,-5.633177,-4.612347,2.358926,-5.525655,-4.595951,-1.405702,-5.699450,-2.929615,3.015411,-5.924287,-3.339020,-2.236550,-5.866302,-2.633412,3.127877,-6.101685,-3.170457,-2.265709,-5.125214,-2.537943,4.728545,-5.525173,-3.012378,-1.227955,
0.000000,0.000000,0.000000,0.000000,0.000000,0.000000,0.000000,0.000000,0.000000,0.000000,0.000000,0.000000,0.000000,0.000000,0.000000,0.000000,0.000000,0.000000,0.000000,0.000000,0.000000,0.000000,0.000000,0.000000,0.000000,0.000000,0.000000,0.000000,0.000000,0.000000,0.000000,0.000000,0.000000,0.000000,0.000000,0.000000,0.000000,0.000000,0.000000,0.000000,0.000000,0.000000,0.000000,0.000000,0.000000,0.000000,0.000000,0.000000,0.000000,0.000000,0.000000,0.000000,0.000000,0.000000,0.000000,0.000000,0.000000,0.000000,0.000000,0.000000,0.000000,0.000000,0.000000,0.000000,0.000000,0.000000,0.000000,0.000000,0.000000,0.000000,0.000000,0.000000,0.000000,0.000000,0.000000,0.000000,0.000000,0.000000,0.000000,0.000000,0.000000,0.000000,0.000000,0.000000,0.000000,0.000000,0.000000,0.000000,0.000000,0.000000,0.000000,0.000000,0.000000,0.000000,0.000000,0.000000,0.000000,0.000000,0.000000,0.000000,0.000000,0.000000,0.000000,0.000000,0.000000,0.000000,0.000000,0.000000,0.000000,0.000000,0.000000,0.000000,0.000000,0.000000,0.000000,0.000000,0.000000,0.000000,0.000000,0.000000,0.000000,0.000000,0.000000,0.000000,0.000000,0.000000,0.000000,0.000000,0.000000,0.000000,0.000000,0.000000,0.000000,0.000000,0.000000,0.000000,0.000000,0.000000,0.000000,0.000000,0.000000,0.000000,0.000000,0.000000,0.000000,0.000000,0.000000,0.000000,0.000000,0.000000,0.000000,
0.000000,0.000000,0.000000,0.000000,0.000000,0.000000,0.000000,0.000000,0.000000,0.000000,0.000000,0.000000,0.000000,0.000000,0.000000,0.000000,0.000000,0.000000,0.000000,0.000000,0.000000,0.000000,0.000000,0.000000,0.000000,0.000000,0.000000,0.000000,0.000000,0.000000,0.000000,0.000000,0.000000,0.000000,0.000000,0.000000,0.000000,0.000000,0.000000,0.000000,0.000000,0.000000,0.000000,0.000000,0.000000,0.000000,0.000000,0.000000,0.000000,0.000000,0.000000,0.000000,0.000000,0.000000,0.000000,0.000000,0.000000,0.000000,0.000000,0.000000,0.000000,0.000000,0.000000,0.000000,0.000000,0.000000,0.000000,0.000000,0.000000,0.000000,0.000000,0.000000,0.000000,0.000000,0.000000,0.000000,0.000000,0.000000,0.000000,0.000000,0.000000,0.000000,0.000000,0.000000,0.000000,0.000000,0.000000,0.000000,0.000000,0.000000,0.000000,0.000000,0.000000,0.000000,0.000000,0.000000,0.000000,0.000000,0.000000,0.000000,0.000000,0.000000,0.000000,0.000000,0.000000,0.000000,0.000000,0.000000,0.000000,0.000000,0.000000,0.000000,0.000000,0.000000,0.000000,0.000000,0.000000,0.000000,0.000000,0.000000,0.000000,0.000000,0.000000,0.000000,0.000000,0.000000,0.000000,0.000000,0.000000,0.000000,0.000000,0.000000,0.000000,0.000000,0.000000,0.000000,0.000000,0.000000,0.000000,0.000000,0.000000,0.000000,0.000000,0.000000,0.000000,0.000000,0.000000,0.000000,0.000000,0.000000,0.000000,
0.000000,0.000000,0.000000,0.000000,0.000000,0.000000,0.000000,0.000000,0.000000,0.000000,0.000000,0.000000,0.000000,0.000000,0.000000,0.000000,0.000000,0.000000,0.000000,0.000000,0.000000,0.000000,0.000000,0.000000,0.000000,0.000000,0.000000,0.000000,0.000000,0.000000,0.000000,0.000000,0.000000,0.000000,0.000000,0.000000,0.000000,0.000000,0.000000,0.000000,0.000000,0.000000,0.000000,0.000000,0.000000,0.000000,0.000000,0.000000,0.000000,0.000000,0.000000,0.000000,0.000000,0.000000,0.000000,0.000000,0.000000,0.000000,0.000000,0.000000,0.000000,0.000000,0.000000,0.000000,0.000000,0.000000,0.000000,0.000000,0.000000,0.000000,0.000000,0.000000,0.000000,0.000000,0.000000,0.000000,0.000000,0.000000,0.000000,0.000000,0.000000,0.000000,0.000000,0.000000,0.000000,0.000000,0.000000,0.000000,0.000000,0.000000,0.000000,0.000000,0.000000,0.000000,0.000000,0.000000,0.000000,0.000000,0.000000,0.000000,0.000000,0.000000,0.000000,0.000000,0.000000,0.000000,0.000000,0.000000,0.000000,0.000000,0.000000,0.000000,0.000000,0.000000,0.000000,0.000000,0.000000,0.000000,0.000000,0.000000,0.000000,0.000000,0.000000,0.000000,0.000000,0.000000,0.000000,0.000000,0.000000,0.000000,0.000000,0.000000,0.000000,0.000000,0.000000,0.000000,0.000000,0.000000,0.000000,0.000000,0.000000,0.000000,0.000000,0.000000,0.000000,0.000000,0.000000,0.000000,0.000000,0.000000,0.000000,
0.000000,0.000000,0.000000,0.000000,0.000000,0.000000,0.000000,0.000000,0.000000,0.000000,0.000000,0.000000,0.000000,0.000000,0.000000,0.000000,0.000000,0.000000,0.000000,0.000000,0.000000,0.000000,0.000000,0.000000,0.000000,0.000000,0.000000,0.000000,0.000000,0.000000,0.000000,0.000000,0.000000,0.000000,0.000000,0.000000,0.000000,0.000000,0.000000,0.000000,0.000000,0.000000,0.000000,0.000000,0.000000,0.000000,0.000000,0.000000,0.000000,0.000000,0.000000,0.000000,0.000000,0.000000,0.000000,0.000000,0.000000,0.000000,0.000000,0.000000,0.000000,0.000000,0.000000,0.000000,0.000000,0.000000,0.000000,0.000000,0.000000,0.000000,0.000000,0.000000,0.000000,0.000000,0.000000,0.000000,0.000000,0.000000,0.000000,0.000000,0.000000,0.000000,0.000000,0.000000,0.000000,0.000000,0.000000,0.000000,0.000000,0.000000,0.000000,0.000000,0.000000,0.000000,0.000000,0.000000,0.000000,0.000000,0.000000,0.000000,0.000000,0.000000,0.000000,0.000000,0.000000,0.000000,0.000000,0.000000,0.000000,0.000000,0.000000,0.000000,0.000000,0.000000,0.000000,0.000000,0.000000,0.000000,0.000000,0.000000,0.000000,0.000000,0.000000,0.000000,0.000000,0.000000,0.000000,0.000000,0.000000,0.000000,0.000000,0.000000,0.000000,0.000000,0.000000,0.000000,0.000000,0.000000,0.000000,0.000000,0.000000,0.000000,0.000000,0.000000,0.000000,0.000000,0.000000,0.000000,0.000000,0.000000,0.000000,
0.000000,0.000000,0.000000,0.000000,0.000000,0.000000,0.000000,0.000000,0.000000,0.000000,0.000000,0.000000,0.000000,0.000000,0.000000,0.000000,0.000000,0.000000,0.000000,0.000000,0.000000,0.000000,0.000000,0.000000,0.000000,0.000000,0.000000,0.000000,0.000000,0.000000,0.000000,0.000000,0.000000,0.000000,0.000000,0.000000,0.000000,0.000000,0.000000,0.000000,0.000000,0.000000,0.000000,0.000000,0.000000,0.000000,0.000000,0.000000,0.000000,0.000000,0.000000,0.000000,0.000000,0.000000,0.000000,0.000000,0.000000,0.000000,0.000000,0.000000,0.000000,0.000000,0.000000,0.000000,0.000000,0.000000,0.000000,0.000000,0.000000,0.000000,0.000000,0.000000,0.000000,0.000000,0.000000,0.000000,0.000000,0.000000,0.000000,0.000000,0.000000,0.000000,0.000000,0.000000,0.000000,0.000000,0.000000,0.000000,0.000000,0.000000,0.000000,0.000000,0.000000,0.000000,0.000000,0.000000,0.000000,0.000000,0.000000,0.000000,0.000000,0.000000,0.000000,0.000000,0.000000,0.000000,0.000000,0.000000,0.000000,0.000000,0.000000,0.000000,0.000000,0.000000,0.000000,0.000000,0.000000,0.000000,0.000000,0.000000,0.000000,0.000000,0.000000,0.000000,0.000000,0.000000,0.000000,0.000000,0.000000,0.000000,0.000000,0.000000,0.000000,0.000000,0.000000,0.000000,0.000000,0.000000,0.000000,0.000000,0.000000,0.000000,0.000000,0.000000,0.000000,0.000000,0.000000,0.000000,0.000000,0.000000,0.000000,
