0.000000,0.000000,0.000000,0.000000,0.000000,0.000000,0.000000,0.000000,0.000000,0.000000,0.000000,0.000000,0.000000,0.000000,0.000000,0.000000,0.000000,0.000000,0.000000,0.000000,0.000000,0.000000,0.000000,0.000000,0.000000,0.000000,0.000000,0.000000,0.000000,0.000000,0.000000,0.000000,0.000000,0.000000,0.000000,0.000000,0.000000,0.000000,0.000000,0.000000,0.000000,0.000000,0.000000,0.000000,0.000000,0.000000,0.000000,0.000000,0.000000,0.000000,0.000000,0.000000,0.000000,0.000000,0.000000,0.000000,0.000000,0.000000,0.000000,0.000000,0.000000,0.000000,0.000000,0.000000,0.000000,0.000000,0.000000,0.000000,0.000000,0.000000,0.000000,0.000000,0.000000,0.000000,0.000000,0.000000,0.000000,0.000000,0.000000,0.000000,0.000000,0.000000,0.000000,0.000000,0.000000,0.000000,0.000000,0.000000,0.000000,0.000000,0.000000,0.000000,0.000000,0.000000,0.000000,0.000000,0.000000,0.000000,0.000000,0.000000,0.000000,0.000000,0.000000,0.000000,0.000000,0.000000,0.000000,0.000000,0.000000,0.000000,0.000000,0.000000,0.000000,0.000000,0.000000,0.000000,0.000000,0.000000,0.000000,0.000000,0.000000,0.000000,0.000000,0.000000,0.000000,0.000000,0.000000,0.000000,0.000000,0.000000,0.000000,0.000000,0.000000,0.000000,0.000000,0.000000,0.000000,0.000000,0.000000,0.000000,0.000000,0.000000,0.000000,0.000000,0.000000,0.000000,0.000000,0.000000,0.000000,0.000000,0.000000,
0.000000,0.000000,0.000000,0.000000,0.000000,0.000000,0.000000,0.000000,0.000000,0.000000,0.000000,0.000000,0.000000,0.000000,0.000000,0.000000,0.000000,0.000000,0.000000,0.000000,0.000000,0.000000,0.000000,0.000000,0.000000,0.000000,0.000000,0.000000,0.000000,0.000000,0.000000,0.000000,0.000000,0.000000,0.000000,0.000000,0.000000,0.000000,0.000000,0.000000,0.000000,0.000000,0.000000,0.000000,0.000000,0.000000,0.000000,0.000000,0.000000,0.000000,0.000000,0.000000,0.000000,0.000000,0.000000,0.000000,0.000000,0.000000,0.000000,0.000000,0.000000,0.000000,0.000000,0.000000,0.000000,0.000000,0.000000,0.000000,0.000000,0.000000,0.000000,0.000000,0.000000,0.000000,0.000000,0.000000,0.000000,0.000000,0.000000,0.000000,0.000000,0.000000,0.000000,0.000000,0.000000,0.000000,0.000000,0.000000,0.000000,0.000000,0.000000,0.000000,0.000000,0.000000,0.000000,0.000000,0.000000,0.000000,0.000000,0.000000,0.000000,0.000000,0.000000,0.000000,0.000000,0.000000,0.000000,0.000000,0.000000,0.000000,0.000000,0.000000,0.000000,0.000000,0.000000,0.000000,0.000000,0.000000,0.000000,0.000000,0.000000,0.000000,0.000000,0.000000,0.000000,0.000000,0.000000,0.000000,0.000000,0.000000,0.000000,0.000000,0.000000,0.000000,0.000000,0.000000,0.000000,0.000000,0.000000,0.000000,0.000000,0.000000,0.000000,0.000000,0.000000,0.000000,0.000000,0.000000,0.000000,0.000000,0.000000,
0.000000,0.000000,0.000000,0.000000,0.000000,0.000000,0.000000,0.000000,0.000000,0.000000,0.000000,0.000000,0.000000,0.000000,0.000000,0.000000,0.000000,0.000000,0.000000,0.000000,0.000000,0.000000,0.000000,0.000000,0.000000,0.000000,0.000000,0.000000,0.000000,0.000000,0.000000,0.000000,0.000000,0.000000,0.000000,0.000000,0.000000,0.000000,0.000000,0.000000,0.000000,0.000000,0.000000,0.000000,0.000000,0.000000,0.000000,0.000000,0.000000,0.000000,0.000000,0.000000,0.000000,0.000000,0.000000,0.000000,0.000000,0.000000,0.000000,0.000000,0.000000,0.000000,0.000000,0.000000,0.000000,0.000000,0.000000,0.000000,0.000000,0.000000,0.000000,0.000000,0.000000,0.000000,0.000000,0.000000,0.000000,0.000000,0.000000,0.000000,0.000000,0.000000,0.000000,0.000000,0.000000,0.000000,0.000000,0.000000,0.000000,0.000000,0.000000,0.000000,0.000000,0.000000,0.000000,0.000000,0.000000,0.000000,0.000000,0.000000,0.000000,0.000000,0.000000,0.000000,0.000000,0.000000,0.000000,0.000000,0.000000,0.000000,0.000000,0.000000,0.000000,0.000000,0.000000,0.000000,0.000000,0.000000,0.000000,0.000000,0.000000,0.000000,0.000000,0.000000,0.000000,0.000000,0.000000,0.000000,0.000000,0.000000,0.000000,0.000000,0.000000,0.000000,0.000000,0.000000,0.000000,0.000000,0.000000,0.000000,0.000000,0.000000,0.000000,0.000000,0.000000,0.000000,0.000000,0.000000,0.000000,0.000000,0.000000,
0.000000,0.000000,0.000000,0.000000,0.000000,0.000000,0.000000,0.000000,0.000000,0.000000,0.000000,0.000000,0.000000,0.000000,0.000000,0.000000,0.000000,0.000000,0.000000,0.000000,0.000000,0.000000,0.000000,0.000000,0.000000,0.000000,0.000000,0.000000,0.000000,0.000000,0.000000,0.000000,0.000000,0.000000,0.000000,0.000000,0.000000,0.000000,0.000000,0.000000,0.000000,0.000000,0.000000,0.000000,0.000000,0.000000,0.000000,0.000000,0.000000,0.000000,0.000000,0.000000,322.080994,497.539773,-446.506348,325.237617,506.835065,-433.473015,327.991905,507.216260,-433.472176,331.088486,507.580225,-433.485947,316.100044,506.926517,-436.584091,312.425480,507.143905,-436.654396,308.388615,507.100453,-436.625748,333.958893,507.397277,-319.014168,301.331215,505.599790,-334.340210,326.236153,488.688011,-400.956841,315.714073,488.279285,-405.130615,362.547684,461.429536,-216.749420,273.673458,455.067873,-217.309055,389.872932,403.861928,-173.324184,244.623108,396.225657,-178.932495,429.979210,364.864175,-280.918388,206.222038,357.676220,-272.666893,444.391975,354.017644,-310.095863,188.405151,346.338673,-299.027519,444.360275,355.833521,-348.530006,191.189766,348.092451,-338.293266,439.536896,358.579116,-300.103550,197.794113,350.827274,-292.040768,350.925789,344.317102,0.334027,298.454685,340.577588,-0.269059,350.749550,254.969759,-46.715689,292.696438,247.926450,-49.383984,363.932037,172.886052,60.024958,282.822418,163.654833,57.152252,360.504837,160.563297,63.144579,287.342033,152.075543,60.246840,370.272522,136.538258,-64.372950,277.259483,133.366685,-68.305845,
0.000000,0.000000,0.000000,0.000000,0.000000,0.000000,0.000000,0.000000,0.000000,0.000000,0.000000,0.000000,0.000000,0.000000,0.000000,0.000000,0.000000,0.000000,0.000000,0.000000,0.000000,0.000000,0.000000,0.000000,0.000000,0.000000,0.000000,0.000000,0.000000,0.000000,0.000000,0.000000,0.000000,0.000000,0.000000,0.000000,0.000000,0.000000,0.000000,0.000000,0.000000,0.000000,0.000000,0.000000,0.000000,0.000000,0.000000,0.000000,0.000000,0.000000,0.000000,0.000000,322.011795,497.469542,-435.241623,325.227966,506.793759,-423.017654,328.005905,507.178345,-423.020477,331.088295,507.545035,-423.031082,316.059074,506.794682,-425.775833,312.376404,506.957030,-425.851784,308.313541,506.907506,-425.847054,333.982162,507.366142,-311.317024,301.321602,505.554664,-324.900131,326.128960,488.649731,-390.560265,315.615330,487.939267,-394.323425,362.548370,461.419623,-211.706657,273.749905,455.390103,-211.559467,390.437813,404.255033,-173.359642,244.710426,396.109464,-167.436886,429.976082,365.008886,-286.799278,206.136017,357.939463,-251.610661,444.332695,354.227929,-314.598293,189.570274,346.353908,-274.300747,444.235497,356.061873,-352.360344,191.190681,348.186221,-315.437431,439.423714,358.859267,-305.125523,197.554951,351.031938,-270.948544,350.657921,344.477005,0.667498,298.110504,341.055021,-0.624983,350.978775,254.969287,-20.920272,292.698154,249.689326,-31.335475,363.980637,172.901931,94.525890,282.877998,164.826250,86.600437,360.282555,161.590133,98.541212,286.707268,154.065185,90.994282,371.282883,138.750672,-24.098110,276.280670,135.739388,-34.165549,
0.000000,0.000000,0.000000,0.000000,0.000000,0.000000,0.000000,0.000000,0.000000,0.000000,0.000000,0.000000,0.000000,0.000000,0.000000,0.000000,0.000000,0.000000,0.000000,0.000000,0.000000,0.000000,0.000000,0.000000,0.000000,0.000000,0.000000,0.000000,0.000000,0.000000,0.000000,0.000000,0.000000,0.000000,0.000000,0.000000,0.000000,0.000000,0.000000,0.000000,0.000000,0.000000,0.000000,0.000000,0.000000,0.000000,0.000000,0.000000,0.000000,0.000000,0.000000,0.000000,321.646576,498.093016,-392.378922,324.766808,507.463174,-379.384689,327.548828,507.910008,-379.397507,330.634804,508.289015,-379.417953,315.666542,507.154977,-381.493568,311.966400,507.251279,-381.570358,308.124886,507.165856,-381.577759,333.854942,507.431417,-275.781975,301.318302,505.539494,-286.562099,326.048012,489.191751,-351.790352,315.431862,488.444402,-354.846497,362.580566,461.057546,-187.132034,273.803310,455.153832,-188.821220,390.695953,404.261684,-148.678436,244.867363,395.760369,-151.409092,430.108528,364.804952,-243.325405,205.413017,357.700639,-231.372833,444.343796,354.239516,-264.484501,189.902534,346.227264,-251.570396,444.236374,356.097450,-301.041107,190.960655,348.187938,-289.728031,439.328918,358.865619,-260.430813,196.859398,351.080217,-249.434052,350.451851,344.827237,1.064959,297.997780,341.729565,-1.062984,350.651016,257.057891,-58.207664,293.463593,252.181592,-33.074138,363.680344,172.925792,47.532749,282.930241,168.004131,81.223373,360.048141,162.456594,51.022339,286.696930,158.282475,85.218887,371.295204,140.021353,-69.833117,276.588860,137.867174,-42.947245,
0.000000,0.000000,0.000000,0.000000,0.000000,0.000000,0.000000,0.000000,0.000000,0.000000,0.000000,0.000000,0.000000,0.000000,0.000000,0.000000,0.000000,0.000000,0.000000,0.000000,0.000000,0.000000,0.000000,0.000000,0.000000,0.000000,0.000000,0.000000,0.000000,0.000000,0.000000,0.000000,0.000000,0.000000,0.000000,0.000000,0.000000,0.000000,0.000000,0.000000,0.000000,0.000000,0.000000,0.000000,0.000000,0.000000,0.000000,0.000000,0.000000,0.000000,0.000000,0.000000,321.633987,499.534478,-389.035339,324.688911,508.678644,-376.163101,327.490463,509.035678,-376.174583,330.461769,509.373808,-376.191254,315.609684,508.170011,-378.909645,311.886482,508.101518,-378.985062,308.087502,507.937088,-378.997192,333.812981,507.657602,-273.348579,301.299038,505.579641,-286.921730,326.067123,490.431082,-348.797684,315.452938,489.835052,-352.659760,362.580719,460.771644,-186.618614,273.812447,454.759698,-188.628922,390.788841,404.577971,-151.053514,244.856186,395.648961,-152.682285,430.131721,364.846559,-249.149113,204.702950,357.593694,-230.894432,444.366188,354.556446,-270.635223,189.944954,345.816221,-249.893398,444.238548,356.479568,-307.327518,190.601540,348.121204,-288.378963,439.185829,359.126158,-266.430511,196.189575,351.084123,-248.854008,350.438919,345.362434,1.101799,298.002052,342.218242,-1.110729,350.267563,257.385249,-45.492268,293.619137,253.331594,-26.221828,363.640022,173.059559,61.642447,282.943382,169.034958,80.936680,359.891357,163.072987,65.361824,286.547852,159.416127,84.225969,371.239967,141.323018,-49.136877,276.440582,138.888731,-35.356724,
0.000000,0.000000,0.000000,0.000000,0.000000,0.000000,0.000000,0.000000,0.000000,0.000000,0.000000,0.000000,0.000000,0.000000,0.000000,0.000000,0.000000,0.000000,0.000000,0.000000,0.000000,0.000000,0.000000,0.000000,0.000000,0.000000,0.000000,0.000000,0.000000,0.000000,0.000000,0.000000,0.000000,0.000000,0.000000,0.000000,0.000000,0.000000,0.000000,0.000000,0.000000,0.000000,0.000000,0.000000,0.000000,0.000000,0.000000,0.000000,0.000000,0.000000,0.000000,0.000000,321.419563,500.622232,-372.373238,324.460945,509.794593,-359.982986,327.362022,510.063972,-359.992714,330.249672,510.351999,-359.996758,315.490417,509.300895,-361.944771,311.799927,509.204829,-362.016678,308.022919,509.114943,-362.032509,333.798027,507.983265,-261.523800,301.269016,506.127198,-272.155819,325.979881,491.311898,-334.116745,315.401001,490.983102,-337.084999,362.639389,460.220118,-180.730400,273.662834,454.521968,-178.826485,390.789337,404.642451,-154.207258,244.874897,395.728183,-142.484951,430.165634,364.956079,-255.297375,204.425812,357.595840,-219.409370,444.386215,354.895606,-280.817051,190.164433,345.848622,-238.003578,444.251442,356.965971,-318.205070,190.598049,348.212056,-275.500603,439.123611,359.539347,-273.959618,196.120148,351.213126,-236.882896,350.427094,345.392261,1.474602,298.003445,342.209101,-1.503326,350.274773,257.331991,-20.439143,293.715782,253.135128,-22.633474,363.678589,173.115177,89.996853,282.934837,168.926339,88.208504,359.925079,163.477764,93.890543,286.540680,159.950123,91.948986,371.836281,141.880960,-17.569172,276.445827,139.732318,-23.915026,
0.000000,0.000000,0.000000,0.000000,0.000000,0.000000,0.000000,0.000000,0.000000,0.000000,0.000000,0.000000,0.000000,0.000000,0.000000,0.000000,0.000000,0.000000,0.000000,0.000000,0.000000,0.000000,0.000000,0.000000,0.000000,0.000000,0.000000,0.000000,0.000000,0.000000,0.000000,0.000000,0.000000,0.000000,0.000000,0.000000,0.000000,0.000000,0.000000,0.000000,0.000000,0.000000,0.000000,0.000000,0.000000,0.000000,0.000000,0.000000,0.000000,0.000000,0.000000,0.000000,321.409683,502.080238,-366.942863,324.473381,511.169965,-354.459763,327.368393,511.338816,-354.469452,330.222893,511.456060,-354.475250,315.498009,510.596166,-356.560287,311.798916,510.424225,-356.632004,308.021450,510.187676,-356.647034,333.751755,508.512454,-256.746883,301.281090,506.567144,-267.982845,325.978127,492.638133,-329.002609,315.410061,492.369204,-332.162704,362.619400,460.167203,-177.544422,273.662167,454.303679,-175.156345,390.810280,404.781196,-150.485201,245.055904,395.764918,-139.112682,430.166245,365.025151,-253.722267,204.376488,357.615967,-216.106529,444.508438,355.046539,-276.560936,190.559063,345.918059,-234.579430,444.264450,357.137160,-312.491646,190.688438,348.360887,-271.913490,438.994179,359.683456,-271.022644,196.125488,351.390066,-233.491230,350.427742,345.500064,1.473234,298.020134,342.241373,-1.502198,350.124130,257.808266,-24.397016,293.754539,253.157787,-21.945462,363.681259,173.582525,83.723412,282.927399,169.073710,84.925756,359.926949,164.481339,87.404404,286.439362,160.478024,88.305082,371.821251,142.125921,-26.674807,276.587410,140.182414,-27.998228,
0.000000,0.000000,0.000000,0.000000,0.000000,0.000000,0.000000,0.000000,0.000000,0.000000,0.000000,0.000000,0.000000,0.000000,0.000000,0.000000,0.000000,0.000000,0.000000,0.000000,0.000000,0.000000,0.000000,0.000000,0.000000,0.000000,0.000000,0.000000,0.000000,0.000000,0.000000,0.000000,0.000000,0.000000,0.000000,0.000000,0.000000,0.000000,0.000000,0.000000,0.000000,0.000000,0.000000,0.000000,0.000000,0.000000,0.000000,0.000000,0.000000,0.000000,0.000000,0.000000,321.409569,503.515670,-378.092880,324.507179,512.388911,-365.286484,327.387505,512.473540,-365.295181,330.218925,512.476308,-365.300560,315.510159,511.805885,-367.150307,311.798000,511.570044,-367.228851,308.016872,511.211507,-367.251358,333.737335,508.951757,-266.515961,301.280613,506.956451,-276.785679,325.991440,493.652329,-339.994774,315.436592,493.385718,-342.843857,362.723160,459.182403,-183.987350,273.670692,453.717563,-181.798191,390.901413,404.721994,-163.815804,245.138779,395.733268,-145.375185,430.166893,365.010216,-272.089996,204.393387,357.251487,-221.668453,444.506950,355.036669,-293.486824,191.095467,345.800385,-240.168304,444.261971,357.135658,-328.456650,190.687675,348.333936,-277.446861,438.889656,359.680796,-288.644676,196.190434,351.372900,-239.095840,350.439758,345.509377,1.468645,298.014221,342.249699,-1.499841,350.116501,257.761188,-15.479239,293.760490,253.033633,-22.895358,363.709068,173.645267,96.139374,282.875557,169.010882,88.858137,360.061798,164.810243,100.063076,286.440525,160.621147,92.744207,372.021828,142.404356,-13.317523,276.586361,139.951615,-24.346697,
0.000000,0.000000,0.000000,0.000000,0.000000,0.000000,0.000000,0.000000,0.000000,0.000000,0.000000,0.000000,0.000000,0.000000,0.000000,0.000000,0.000000,0.000000,0.000000,0.000000,0.000000,0.000000,0.000000,0.000000,0.000000,0.000000,0.000000,0.000000,0.000000,0.000000,0.000000,0.000000,0.000000,0.000000,0.000000,0.000000,0.000000,0.000000,0.000000,0.000000,0.000000,0.000000,0.000000,0.000000,0.000000,0.000000,0.000000,0.000000,0.000000,0.000000,0.000000,0.000000,321.290398,503.786895,-368.885994,324.310951,512.667089,-356.018448,327.255096,512.767017,-356.032639,330.062599,512.741697,-356.045914,315.309143,512.014475,-357.761459,311.591587,511.691687,-357.841263,307.808285,511.242406,-357.867813,333.672371,509.033961,-259.303341,301.267910,506.950185,-268.509254,325.948524,493.855383,-331.648636,315.357723,493.479295,-334.239311,362.747612,458.523653,-182.105789,273.673191,452.946353,-178.352470,390.996971,403.595359,-160.303173,245.194397,394.350986,-145.473690,430.082283,363.760715,-262.253876,205.083351,354.689956,-219.906540,444.485092,353.930397,-282.918186,192.183762,343.768387,-237.572289,444.215279,356.198087,-317.622223,191.383953,346.773620,-274.634209,438.712273,358.601732,-278.588142,196.665611,349.867172,-237.165203,350.468559,345.436378,1.428935,298.016872,341.894660,-1.466932,350.117798,257.795177,-39.815946,293.751316,252.966557,-25.006640,363.708458,173.656511,71.316996,282.745056,168.943849,85.422983,360.043678,164.828181,75.649133,286.006985,160.384340,88.691521,371.955948,142.591853,-36.769357,276.604614,139.816818,-28.124070,
0.000000,0.000000,0.000000,0.000000,0.000000,0.000000,0.000000,0.000000,0.000000,0.000000,0.000000,0.000000,0.000000,0.000000,0.000000,0.000000,0.000000,0.000000,0.000000,0.000000,0.000000,0.000000,0.000000,0.000000,0.000000,0.000000,0.000000,0.000000,0.000000,0.000000,0.000000,0.000000,0.000000,0.000000,0.000000,0.000000,0.000000,0.000000,0.000000,0.000000,0.000000,0.000000,0.000000,0.000000,0.000000,0.000000,0.000000,0.000000,0.000000,0.000000,0.000000,0.000000,321.188583,503.737092,-377.362709,324.210243,512.539372,-363.610725,327.198753,512.637177,-363.621292,329.951744,512.629130,-363.634758,315.253792,511.952033,-365.364571,311.556950,511.636090,-365.448151,307.783909,511.181209,-365.475311,333.625717,508.735271,-264.361687,301.270905,506.764641,-273.629265,325.892868,493.753459,-339.379616,315.276585,493.410759,-342.062073,362.896080,455.152674,-183.739033,273.688297,451.552742,-182.033119,390.991325,399.774435,-166.899509,245.725212,391.248851,-146.516523,429.166718,360.698855,-271.128845,207.688103,350.326710,-224.934807,443.566132,350.796890,-293.166084,195.476131,339.574571,-244.187412,443.407211,352.967720,-328.159981,194.159031,342.666879,-281.789207,437.727509,355.504789,-287.760124,199.291935,345.751247,-242.648239,350.451584,344.146643,1.425543,298.060951,340.503130,-1.464664,350.433311,257.228479,-58.561316,293.648834,252.315917,-23.305192,363.818130,173.534675,65.704141,282.597561,168.892393,99.211798,360.184212,164.817152,71.250863,285.101776,160.240960,104.000311,371.861267,142.541642,-46.120901,276.719818,139.932089,-14.651601,
0.000000,0.000000,0.000000,0.000000,0.000000,0.000000,0.000000,0.000000,0.000000,0.000000,0.000000,0.000000,0.000000,0.000000,0.000000,0.000000,0.000000,0.000000,0.000000,0.000000,0.000000,0.000000,0.000000,0.000000,0.000000,0.000000,0.000000,0.000000,0.000000,0.000000,0.000000,0.000000,0.000000,0.000000,0.000000,0.000000,0.000000,0.000000,0.000000,0.000000,0.000000,0.000000,0.000000,0.000000,0.000000,0.000000,0.000000,0.000000,0.000000,0.000000,0.000000,0.000000,321.050949,501.955655,-381.221657,323.973160,510.290029,-368.930016,326.988144,510.302818,-368.940506,329.763489,510.233724,-368.951492,315.132198,509.841220,-370.971184,311.482544,509.496911,-371.046486,307.744598,508.973343,-371.059303,333.504982,505.920904,-267.833672,301.301174,503.676088,-278.398533,325.857391,491.644900,-340.392113,315.197411,491.364663,-343.741875,363.049469,450.557578,-190.108604,273.778801,447.416475,-189.910011,390.944481,394.703858,-168.269806,247.343559,386.035130,-162.029343,428.435516,353.377776,-266.933327,212.019596,343.145728,-236.310921,442.196007,343.042774,-288.327637,199.595451,331.873240,-255.995846,442.294655,344.779215,-323.570633,197.401295,334.697499,-292.388573,436.900635,347.236547,-283.389034,203.064270,337.751141,-253.468895,350.485764,341.177759,1.473439,298.119469,337.392025,-1.519444,351.195450,256.479993,-74.551582,293.414555,250.274520,-20.560977,363.890228,173.312502,51.759944,282.597237,168.717728,108.427286,360.179825,164.804063,57.685361,285.149384,160.136590,113.790941,371.668587,142.486196,-63.171320,276.822014,140.004873,-4.519612,
0.000000,0.000000,0.000000,0.000000,0.000000,0.000000,0.000000,0.000000,0.000000,0.000000,0.000000,0.000000,0.000000,0.000000,0.000000,0.000000,0.000000,0.000000,0.000000,0.000000,0.000000,0.000000,0.000000,0.000000,0.000000,0.000000,0.000000,0.000000,0.000000,0.000000,0.000000,0.000000,0.000000,0.000000,0.000000,0.000000,0.000000,0.000000,0.000000,0.000000,0.000000,0.000000,0.000000,0.000000,0.000000,0.000000,0.000000,0.000000,0.000000,0.000000,0.000000,0.000000,320.904388,497.022750,-385.679092,323.798561,505.218701,-369.656715,326.817551,505.183403,-369.671936,329.611816,505.047297,-369.669724,315.072384,504.845917,-371.395378,311.446686,504.435968,-371.437378,307.730751,503.865023,-371.424332,333.395691,500.328112,-269.749756,301.321011,498.275642,-279.773521,325.749435,486.322989,-346.351357,314.969730,486.121588,-350.139542,363.110657,443.687840,-192.816238,273.819427,440.199208,-195.626163,389.810867,385.984318,-168.522205,249.644279,378.071287,-168.830624,425.432968,343.740878,-263.489113,216.717300,334.160972,-242.070751,438.355255,333.011227,-284.957771,204.447975,321.488070,-262.260685,438.320694,334.496484,-319.532681,202.989388,324.027801,-297.913666,433.552856,337.208004,-279.596519,208.256664,327.579904,-258.798714,350.549774,337.062306,1.510999,298.281708,332.994361,-1.564989,352.688904,255.223002,-121.264334,292.385044,247.859759,-26.822524,363.963089,171.859260,-8.544935,282.558937,168.316641,107.003469,360.167542,163.253617,-4.195207,285.573273,159.575858,112.999868,371.607933,142.441478,-132.098293,276.296024,139.940543,-6.756570,
0.000000,0.000000,0.000000,0.000000,0.000000,0.000000,0.000000,0.000000,0.000000,0.000000,0.000000,0.000000,0.000000,0.000000,0.000000,0.000000,0.000000,0.000000,0.000000,0.000000,0.000000,0.000000,0.000000,0.000000,0.000000,0.000000,0.000000,0.000000,0.000000,0.000000,0.000000,0.000000,0.000000,0.000000,0.000000,0.000000,0.000000,0.000000,0.000000,0.000000,0.000000,0.000000,0.000000,0.000000,0.000000,0.000000,0.000000,0.000000,0.000000,0.000000,0.000000,0.000000,320.670090,489.757955,-369.546127,323.600044,497.917879,-352.798119,326.619339,497.803230,-352.814255,329.412613,497.586465,-352.831268,314.955597,497.761667,-354.953957,311.358032,497.428515,-355.038376,307.688484,496.915977,-355.064163,333.262863,492.768188,-253.125648,301.351528,491.367044,-264.057217,325.530586,479.217710,-332.376213,314.575596,479.206574,-335.651093,363.110504,436.107445,-186.525574,273.852577,431.940043,-185.051098,387.591515,378.139307,-167.485104,251.879120,368.991601,-164.486618,420.297279,333.908887,-260.652885,220.810623,325.141582,-237.893734,432.739944,323.126192,-283.355522,208.189793,312.515116,-257.986946,432.011452,324.458113,-314.883175,207.519360,314.240527,-292.713585,427.080116,327.545400,-275.659275,212.627125,317.638564,-254.058075,350.791245,329.283643,0.461167,298.363762,325.262561,-0.532172,354.345627,251.842561,-178.056221,291.400852,244.230065,-29.818199,364.054337,170.663638,-54.666924,282.491570,168.286986,132.813168,360.153389,162.252445,-48.880334,285.560951,159.544144,142.556229,371.614037,142.372856,-176.372299,276.274147,139.983330,29.295821,
0.000000,0.000000,0.000000,0.000000,0.000000,0.000000,0.000000,0.000000,0.000000,0.000000,0.000000,0.000000,0.000000,0.000000,0.000000,0.000000,0.000000,0.000000,0.000000,0.000000,0.000000,0.000000,0.000000,0.000000,0.000000,0.000000,0.000000,0.000000,0.000000,0.000000,0.000000,0.000000,0.000000,0.000000,0.000000,0.000000,0.000000,0.000000,0.000000,0.000000,0.000000,0.000000,0.000000,0.000000,0.000000,0.000000,0.000000,0.000000,0.000000,0.000000,0.000000,0.000000,320.649261,483.982687,-361.380386,323.742027,491.980648,-344.344826,326.705246,491.821325,-344.376831,329.472733,491.591856,-344.398575,315.006981,491.745429,-346.595802,311.364803,491.329901,-346.682091,307.685795,490.774705,-346.729050,333.342514,486.246879,-244.986477,301.344090,484.820051,-256.224213,325.525131,473.463857,-324.819260,314.510994,473.427250,-328.042488,363.116379,428.732443,-183.890800,274.044685,424.528112,-175.409126,385.783195,370.190184,-167.302971,253.687305,360.057034,-152.145872,415.685310,324.490943,-261.452122,222.446060,318.110676,-231.141987,427.783279,312.838998,-285.701199,208.969212,307.248759,-251.370354,426.721840,313.848710,-316.849308,207.875080,309.514089,-286.393795,421.657333,317.538099,-276.740417,213.167572,312.708364,-247.518826,350.791626,321.648273,-0.485643,298.360043,318.256845,0.396771,355.450172,245.576406,-164.751205,290.970917,239.938445,-54.595098,364.079208,169.985662,-6.252576,282.482243,168.360758,125.784283,360.200653,161.860800,1.450901,285.577736,159.817643,136.966419,371.609840,141.676383,-121.184788,276.265144,139.968524,21.705179,
0.000000,0.000000,0.000000,0.000000,0.000000,0.000000,0.000000,0.000000,0.000000,0.000000,0.000000,0.000000,0.000000,0.000000,0.000000,0.000000,0.000000,0.000000,0.000000,0.000000,0.000000,0.000000,0.000000,0.000000,0.000000,0.000000,0.000000,0.000000,0.000000,0.000000,0.000000,0.000000,0.000000,0.000000,0.000000,0.000000,0.000000,0.000000,0.000000,0.000000,0.000000,0.000000,0.000000,0.000000,0.000000,0.000000,0.000000,0.000000,0.000000,0.000000,0.000000,0.000000,320.647392,479.246142,-346.286812,323.838234,486.660926,-330.390244,326.794930,486.524177,-330.420990,329.494095,486.261535,-330.446701,315.092716,486.613119,-332.399025,311.429901,486.354232,-332.476997,307.736568,485.917826,-332.518806,333.387756,480.962691,-235.065041,301.481171,479.832880,-245.125999,325.461426,468.933971,-311.205711,314.474831,468.434973,-314.048920,362.960243,424.427240,-179.197731,274.498692,420.049081,-166.887207,384.783516,366.089730,-163.143616,255.343285,356.282244,-140.437832,411.559334,317.568913,-257.182560,221.797295,318.539228,-223.675671,423.696442,306.102533,-282.741814,208.219795,308.194871,-245.847721,422.714539,306.677170,-311.845398,206.687527,311.765471,-281.567230,417.478447,310.202408,-271.491356,212.175446,314.901295,-240.965424,350.643959,316.040697,-0.664915,298.355064,312.923112,0.573513,356.258316,237.526345,-90.058956,290.957737,233.816700,-34.392924,364.052238,169.795032,105.002127,282.310581,167.704668,151.907549,360.077629,161.879382,117.896128,285.538120,159.786916,163.987885,371.615944,141.087842,11.318523,276.269474,139.994187,55.562673,
0.000000,0.000000,0.000000,0.000000,0.000000,0.000000,0.000000,0.000000,0.000000,0.000000,0.000000,0.000000,0.000000,0.000000,0.000000,0.000000,0.000000,0.000000,0.000000,0.000000,0.000000,0.000000,0.000000,0.000000,0.000000,0.000000,0.000000,0.000000,0.000000,0.000000,0.000000,0.000000,0.000000,0.000000,0.000000,0.000000,0.000000,0.000000,0.000000,0.000000,0.000000,0.000000,0.000000,0.000000,0.000000,0.000000,0.000000,0.000000,0.000000,0.000000,0.000000,0.000000,320.700150,478.061485,-350.049744,324.141922,485.076084,-334.037399,327.143707,484.927983,-334.066048,329.869232,484.745572,-334.095955,315.175533,485.074904,-335.941544,311.468716,484.781578,-336.021347,307.769928,484.291248,-336.058807,333.713112,479.264274,-237.493992,301.553040,478.158495,-247.126617,325.514145,467.051597,-314.388542,314.550781,466.709991,-317.108803,362.977562,421.958835,-178.638000,274.971256,418.229578,-168.549938,384.068069,360.596502,-162.494011,255.244503,357.398686,-143.678560,409.171906,313.737473,-258.342190,220.649738,323.334675,-230.132351,420.996971,302.282639,-283.052158,207.062454,313.324971,-255.775604,420.225906,302.842340,-313.832397,206.219368,316.448135,-289.989624,415.092239,306.472507,-273.054600,211.190643,319.661636,-247.241135,350.658607,313.614306,-0.642373,298.533821,311.106033,0.552155,357.185898,234.200578,-81.413221,291.550446,232.079916,-10.795181,364.055939,169.007277,103.909903,282.267971,167.698660,178.846340,360.070763,161.427183,116.332865,285.198250,160.190449,191.691818,371.925392,140.023885,7.808764,276.281681,140.058475,84.056530,
0.000000,0.000000,0.000000,0.000000,0.000000,0.000000,0.000000,0.000000,0.000000,0.000000,0.000000,0.000000,0.000000,0.000000,0.000000,0.000000,0.000000,0.000000,0.000000,0.000000,0.000000,0.000000,0.000000,0.000000,0.000000,0.000000,0.000000,0.000000,0.000000,0.000000,0.000000,0.000000,0.000000,0.000000,0.000000,0.000000,0.000000,0.000000,0.000000,0.000000,0.000000,0.000000,0.000000,0.000000,0.000000,0.000000,0.000000,0.000000,0.000000,0.000000,0.000000,0.000000,320.733452,479.307854,-349.145470,324.658279,486.130064,-334.206848,327.708740,485.780904,-334.228439,330.607109,485.350378,-334.248734,315.430908,486.366227,-334.877586,311.604862,486.044533,-334.958191,307.944088,485.482106,-334.995308,334.656372,480.162406,-238.693161,302.121887,479.281654,-243.945045,325.544319,467.981701,-313.751717,314.524384,468.003910,-315.208950,363.034668,422.061532,-177.773247,276.069126,420.105836,-161.436138,382.787399,360.452843,-160.983601,255.062523,362.293997,-142.138615,404.328651,313.112712,-258.840523,219.645538,338.833208,-246.583595,416.699295,301.961203,-283.711510,204.844666,333.446431,-273.847198,416.341476,302.465715,-314.567909,201.765385,338.745532,-307.203064,410.651741,305.721102,-273.514500,210.002537,340.094190,-264.023857,350.280762,314.325757,-0.634191,298.635712,312.361221,0.544792,356.996155,232.797804,-23.065639,291.539555,231.406746,0.898526,364.053268,168.858018,177.506199,282.128105,167.575622,193.488350,359.945412,161.441731,191.578465,285.077248,160.410819,206.824570,372.154922,140.018177,87.502403,276.360683,140.028090,97.699032,
0.000000,0.000000,0.000000,0.000000,0.000000,0.000000,0.000000,0.000000,0.000000,0.000000,0.000000,0.000000,0.000000,0.000000,0.000000,0.000000,0.000000,0.000000,0.000000,0.000000,0.000000,0.000000,0.000000,0.000000,0.000000,0.000000,0.000000,0.000000,0.000000,0.000000,0.000000,0.000000,0.000000,0.000000,0.000000,0.000000,0.000000,0.000000,0.000000,0.000000,0.000000,0.000000,0.000000,0.000000,0.000000,0.000000,0.000000,0.000000,0.000000,0.000000,0.000000,0.000000,321.753349,480.714147,-290.015411,325.741463,488.347006,-276.067352,328.724785,488.114662,-276.068153,331.390610,487.811658,-276.046600,316.795807,488.438566,-277.058468,313.013573,488.135026,-277.117882,309.321804,487.607510,-277.123108,335.181770,482.984090,-188.067112,303.481140,481.766903,-196.068268,326.165352,469.549098,-257.400398,315.219669,469.128292,-259.679623,363.564529,425.595160,-134.798098,276.501312,422.635803,-125.942526,382.210617,363.720310,-110.884504,254.989166,368.301995,-153.305988,402.442055,316.070695,-196.003647,219.563808,368.267298,-326.436577,413.930740,305.063467,-217.464027,204.538498,368.389199,-358.629265,413.372002,305.595832,-244.184437,201.734142,377.268147,-382.971725,408.107834,308.561411,-208.476982,209.638901,376.616392,-341.202469,349.929276,317.024317,-0.625197,298.453178,315.102611,0.524860,356.854515,235.232863,-5.235083,291.859703,232.262778,17.080520,364.023056,168.495898,162.093735,282.074471,167.580256,185.469666,359.953232,161.140337,172.723465,284.790039,160.803881,197.009869,372.407150,139.435472,75.144434,276.191196,140.015688,97.345810,
0.000000,0.000000,0.000000,0.000000,0.000000,0.000000,0.000000,0.000000,0.000000,0.000000,0.000000,0.000000,0.000000,0.000000,0.000000,0.000000,0.000000,0.000000,0.000000,0.000000,0.000000,0.000000,0.000000,0.000000,0.000000,0.000000,0.000000,0.000000,0.000000,0.000000,0.000000,0.000000,0.000000,0.000000,0.000000,0.000000,0.000000,0.000000,0.000000,0.000000,0.000000,0.000000,0.000000,0.000000,0.000000,0.000000,0.000000,0.000000,0.000000,0.000000,0.000000,0.000000,322.669106,491.646659,-196.987247,326.720772,498.781850,-184.675713,329.741554,498.208137,-184.664688,332.435760,497.407508,-184.620552,318.088741,499.262888,-184.560680,314.480495,499.067881,-184.597130,310.820465,498.675184,-184.603043,336.622620,490.974348,-112.135010,304.926720,492.043369,-114.783735,327.004929,481.195593,-170.360985,315.656090,481.698003,-171.063652,364.479485,430.115111,-75.090547,276.533051,435.100822,-64.416361,381.113205,365.858588,-61.682615,252.599373,382.920592,-135.015764,397.482719,320.366993,-132.287169,219.360466,403.489466,-304.794617,408.612480,309.498811,-146.679792,205.232010,411.836157,-334.263992,407.723236,310.293903,-167.692680,205.481930,418.312812,-348.080101,402.527008,313.300338,-141.673660,212.516460,415.582066,-314.574986,349.451485,318.299975,-0.152367,298.242149,318.614459,0.003823,356.732483,236.689539,10.120922,291.889954,233.369350,7.191185,363.977280,168.109274,142.835407,282.322292,167.652783,154.137859,359.953232,160.628357,150.375872,284.799652,161.382036,162.870522,372.408676,138.838949,59.156294,276.613922,139.541302,67.095451,
0.000000,0.000000,0.000000,0.000000,0.000000,0.000000,0.000000,0.000000,0.000000,0.000000,0.000000,0.000000,0.000000,0.000000,0.000000,0.000000,0.000000,0.000000,0.000000,0.000000,0.000000,0.000000,0.000000,0.000000,0.000000,0.000000,0.000000,0.000000,0.000000,0.000000,0.000000,0.000000,0.000000,0.000000,0.000000,0.000000,0.000000,0.000000,0.000000,0.000000,0.000000,0.000000,0.000000,0.000000,0.000000,0.000000,0.000000,0.000000,0.000000,0.000000,0.000000,0.000000,324.889908,506.392286,-180.424747,329.327011,513.428364,-167.702732,332.427139,512.753735,-167.703876,335.025215,511.819103,-167.670708,320.756264,514.163010,-167.127647,317.301998,514.106083,-167.162895,313.518181,513.862453,-167.169762,339.430351,505.015905,-95.098104,307.425995,507.369919,-95.176249,329.093857,495.745933,-153.804827,317.311954,497.169135,-153.856831,365.693321,443.378720,-63.205252,277.387238,452.867410,-45.623112,379.434700,379.488308,-60.744877,247.075577,403.562036,-126.822319,393.192787,329.507618,-131.099567,221.042938,438.360758,-296.271915,401.961975,317.083712,-145.711498,211.384773,450.638816,-325.958176,400.245590,316.440668,-165.016994,214.968414,457.495036,-334.453888,395.697670,320.273438,-139.629688,220.715714,452.598503,-303.636169,349.013596,331.010213,-0.143885,298.254910,331.036091,-0.003233,356.661110,241.460867,1.941436,291.883335,241.291308,0.990612,364.688072,168.168111,119.681931,282.393608,169.067745,122.494011,361.580582,160.441160,127.338963,284.786034,162.832575,129.709873,372.722931,138.821182,27.161305,278.354244,139.517355,42.719927,
0.000000,0.000000,0.000000,0.000000,0.000000,0.000000,0.000000,0.000000,0.000000,0.000000,0.000000,0.000000,0.000000,0.000000,0.000000,0.000000,0.000000,0.000000,0.000000,0.000000,0.000000,0.000000,0.000000,0.000000,0.000000,0.000000,0.000000,0.000000,0.000000,0.000000,0.000000,0.000000,0.000000,0.000000,0.000000,0.000000,0.000000,0.000000,0.000000,0.000000,0.000000,0.000000,0.000000,0.000000,0.000000,0.000000,0.000000,0.000000,0.000000,0.000000,0.000000,0.000000,326.958046,519.174964,-132.863951,331.638794,526.152248,-119.977512,334.843445,525.613532,-119.979248,337.684593,524.884744,-119.953327,322.622070,526.470895,-119.637661,318.932438,526.224861,-119.661360,315.068455,525.799034,-119.669104,342.131500,518.705277,-50.072241,309.338131,519.772732,-50.097847,331.648941,508.339097,-107.147274,319.353390,509.667842,-107.327089,366.361771,456.640248,-26.986854,278.890629,467.392173,-8.972391,378.154144,392.973211,-26.895635,237.079201,426.220951,-99.360723,387.419319,341.027813,-83.201752,225.462074,471.688685,-268.408241,395.828056,327.658911,-94.969444,220.148125,487.302897,-300.238762,393.860664,326.815538,-110.982876,224.710064,491.284068,-288.502388,388.964806,331.123767,-89.902401,229.016991,486.274431,-267.418861,347.864304,344.496188,-0.421186,297.786045,343.816280,0.245225,356.709938,250.231991,-18.958399,290.350437,250.092816,-18.432324,366.477432,168.205876,74.122572,282.223549,170.365376,80.382938,363.682327,160.527592,76.802926,284.791927,163.566341,86.443529,372.784081,138.827834,-21.032569,279.244137,139.398608,-1.156864,
0.000000,0.000000,0.000000,0.000000,0.000000,0.000000,0.000000,0.000000,0.000000,0.000000,0.000000,0.000000,0.000000,0.000000,0.000000,0.000000,0.000000,0.000000,0.000000,0.000000,0.000000,0.000000,0.000000,0.000000,0.000000,0.000000,0.000000,0.000000,0.000000,0.000000,0.000000,0.000000,0.000000,0.000000,0.000000,0.000000,0.000000,0.000000,0.000000,0.000000,0.000000,0.000000,0.000000,0.000000,0.000000,0.000000,0.000000,0.000000,0.000000,0.000000,0.000000,0.000000,329.275017,529.882987,-146.201344,334.644356,536.626275,-132.964077,337.978096,536.159806,-132.948656,341.048965,535.429430,-132.921658,325.226974,537.021976,-131.917439,321.434822,536.789782,-131.946163,317.501373,536.334386,-131.955414,345.696831,529.676950,-60.163627,312.176552,530.768394,-56.860170,334.425545,518.274536,-119.493704,321.615601,519.408596,-118.863249,368.040657,465.703969,-30.966275,282.037907,483.554413,-15.094004,377.403488,400.927978,-24.525719,231.014442,451.153071,-109.656277,384.286766,347.808309,-70.689116,229.560833,500.887427,-267.528381,390.952492,331.959329,-81.599169,227.009239,518.305929,-298.037357,388.703499,331.275430,-98.431406,232.047997,522.204080,-289.287987,384.688530,335.693479,-77.662568,235.316448,515.151179,-267.402229,346.911697,354.959893,-0.430883,296.865120,355.266008,0.246328,357.093124,259.352188,-18.978751,288.362389,259.936996,-22.731912,370.700607,173.922501,80.261154,281.264076,172.546978,73.274279,366.815567,167.578840,85.047417,283.853970,165.578728,78.963494,374.046822,139.282308,-16.980823,279.198570,139.492807,-16.994474,
0.000000,0.000000,0.000000,0.000000,0.000000,0.000000,0.000000,0.000000,0.000000,0.000000,0.000000,0.000000,0.000000,0.000000,0.000000,0.000000,0.000000,0.000000,0.000000,0.000000,0.000000,0.000000,0.000000,0.000000,0.000000,0.000000,0.000000,0.000000,0.000000,0.000000,0.000000,0.000000,0.000000,0.000000,0.000000,0.000000,0.000000,0.000000,0.000000,0.000000,0.000000,0.000000,0.000000,0.000000,0.000000,0.000000,0.000000,0.000000,0.000000,0.000000,0.000000,0.000000,331.656189,535.388060,-189.370766,337.230301,542.847444,-181.584167,340.388298,542.429255,-181.632729,343.894730,541.806918,-181.633644,327.541351,543.516247,-188.442955,323.237228,543.479705,-188.512459,319.315853,543.174169,-188.573837,349.061661,535.454021,-121.597157,314.057064,537.509129,-122.943573,336.791153,523.525765,-180.401306,323.853760,524.029870,-183.871231,369.074173,473.281102,-73.725157,283.433781,495.972097,-54.071703,376.061897,409.749119,-63.505611,226.848106,476.288223,-148.930130,381.204262,356.598358,-133.993225,232.230110,528.142662,-354.580612,385.380821,340.071402,-143.974972,232.117653,545.319990,-397.151947,383.463593,339.613237,-165.079021,237.067451,548.008207,-393.262291,379.691238,343.786626,-144.108448,239.580135,541.867783,-358.932381,346.056862,362.781773,-1.792225,295.486660,363.997200,1.593961,357.644691,266.058269,-24.446976,286.722984,265.984025,-16.251786,374.229584,178.297248,115.120726,279.336700,176.659169,110.487680,372.717018,171.313162,122.619057,282.921257,169.698858,118.198280,374.887123,142.624941,-9.231601,277.468224,141.705179,2.791198,
0.000000,0.000000,0.000000,0.000000,0.000000,0.000000,0.000000,0.000000,0.000000,0.000000,0.000000,0.000000,0.000000,0.000000,0.000000,0.000000,0.000000,0.000000,0.000000,0.000000,0.000000,0.000000,0.000000,0.000000,0.000000,0.000000,0.000000,0.000000,0.000000,0.000000,0.000000,0.000000,0.000000,0.000000,0.000000,0.000000,0.000000,0.000000,0.000000,0.000000,0.000000,0.000000,0.000000,0.000000,0.000000,0.000000,0.000000,0.000000,0.000000,0.000000,0.000000,0.000000,333.640060,541.847581,-242.052116,338.978386,548.261944,-224.002209,341.829567,547.757721,-223.943062,345.137100,547.084014,-223.945427,329.400520,549.063871,-228.369560,325.240364,548.994960,-228.442192,321.409645,548.715366,-228.459320,349.869118,540.701537,-137.241945,315.879917,543.005297,-138.312349,338.859482,530.195196,-202.374210,325.638771,530.993013,-207.614803,369.088593,478.815465,-83.838205,283.504581,505.441453,-71.905127,376.124077,416.097715,-67.701340,225.805054,500.659525,-181.593571,379.045753,360.480673,-145.754347,232.294464,552.854594,-378.846664,381.709251,342.998443,-163.855629,232.447014,569.890430,-422.770309,379.253464,342.444448,-188.832607,238.021088,571.286724,-419.428635,376.524467,347.211227,-157.189531,240.127220,565.422513,-384.051933,345.961342,368.966410,-1.810377,295.144844,370.038157,1.607385,357.846413,270.577769,-27.902572,285.346317,270.437608,-15.857056,375.653305,180.755181,117.500820,276.849823,179.859796,118.238173,375.780983,172.476554,125.142746,281.524506,173.389020,125.869255,375.303726,146.107006,-10.140997,272.389431,145.493059,5.910633,
0.000000,0.000000,0.000000,0.000000,0.000000,0.000000,0.000000,0.000000,0.000000,0.000000,0.000000,0.000000,0.000000,0.000000,0.000000,0.000000,0.000000,0.000000,0.000000,0.000000,0.000000,0.000000,0.000000,0.000000,0.000000,0.000000,0.000000,0.000000,0.000000,0.000000,0.000000,0.000000,0.000000,0.000000,0.000000,0.000000,0.000000,0.000000,0.000000,0.000000,0.000000,0.000000,0.000000,0.000000,0.000000,0.000000,0.000000,0.000000,0.000000,0.000000,0.000000,0.000000,335.835190,544.211744,-248.335915,340.021629,550.844836,-231.907558,342.901154,550.408559,-231.873779,346.010437,549.948989,-231.873798,331.522980,551.481464,-234.511242,328.029633,551.410600,-234.575386,324.640236,551.246535,-234.590874,350.122299,543.844571,-132.170992,317.681847,545.171996,-144.618425,340.780067,532.980638,-210.962925,328.391991,533.838751,-214.908867,368.696404,481.521385,-72.361917,283.296909,511.623838,-78.518648,375.125351,418.520393,-52.965202,226.731949,519.407995,-189.094086,377.743835,360.900428,-119.708223,230.813560,573.083117,-362.443428,379.967690,342.988873,-136.296263,229.173775,592.072277,-404.957352,377.498817,342.183523,-163.250237,234.820938,594.495556,-399.728470,374.768600,347.947397,-131.671429,237.067947,586.684663,-367.073059,345.470848,372.147253,-1.044974,294.684105,373.702784,0.840720,357.906876,273.759298,-17.222874,285.471344,274.309130,-15.813507,376.039810,182.870178,121.428804,275.460854,184.524093,117.882519,375.050888,174.762526,128.509474,280.561733,176.790276,125.241032,375.518799,150.248294,-5.617467,268.768578,150.434589,1.284638,
0.000000,0.000000,0.000000,0.000000,0.000000,0.000000,0.000000,0.000000,0.000000,0.000000,0.000000,0.000000,0.000000,0.000000,0.000000,0.000000,0.000000,0.000000,0.000000,0.000000,0.000000,0.000000,0.000000,0.000000,0.000000,0.000000,0.000000,0.000000,0.000000,0.000000,0.000000,0.000000,0.000000,0.000000,0.000000,0.000000,0.000000,0.000000,0.000000,0.000000,0.000000,0.000000,0.000000,0.000000,0.000000,0.000000,0.000000,0.000000,0.000000,0.000000,0.000000,0.000000,336.066971,543.740147,-228.625202,340.197487,550.220815,-210.992546,343.193932,549.831562,-210.973625,346.313553,549.376498,-210.978775,331.978989,550.583407,-212.523441,328.679848,550.373218,-212.577839,325.490952,550.066084,-212.570686,350.804825,543.891681,-111.257591,319.064941,544.882854,-119.620514,340.828781,532.573414,-191.276760,329.175453,533.344646,-194.201012,368.584213,482.162175,-60.057821,285.371819,513.989975,-63.936820,374.633408,419.253538,-51.117668,228.612766,534.612215,-173.614273,376.651154,362.080772,-116.072054,230.628109,588.441757,-335.779343,378.451157,344.583821,-132.300625,226.934757,609.281931,-375.606537,376.497879,343.710923,-156.836567,231.333599,611.060321,-374.891014,373.859520,349.968495,-127.142620,234.357414,603.918661,-342.297592,344.483414,373.988149,-0.577490,294.010868,375.043223,0.372244,357.869377,274.837761,-19.030136,285.550957,277.296424,-21.274443,375.209045,185.903950,116.453447,273.896637,185.500116,107.527294,373.761978,178.539720,123.485899,278.265133,178.224120,114.330578,373.742943,151.973834,-7.823857,269.035759,151.312122,-11.755064,
0.000000,0.000000,0.000000,0.000000,0.000000,0.000000,0.000000,0.000000,0.000000,0.000000,0.000000,0.000000,0.000000,0.000000,0.000000,0.000000,0.000000,0.000000,0.000000,0.000000,0.000000,0.000000,0.000000,0.000000,0.000000,0.000000,0.000000,0.000000,0.000000,0.000000,0.000000,0.000000,0.000000,0.000000,0.000000,0.000000,0.000000,0.000000,0.000000,0.000000,0.000000,0.000000,0.000000,0.000000,0.000000,0.000000,0.000000,0.000000,0.000000,0.000000,0.000000,0.000000,335.723076,541.172619,-150.430126,340.489655,547.402071,-134.442492,343.318710,546.884823,-134.449797,346.407547,546.336869,-134.454012,332.167587,548.026382,-132.905941,329.024010,547.849656,-132.945099,325.950966,547.578292,-132.948103,350.952606,540.664372,-56.015887,321.383438,542.895885,-50.341730,340.551147,530.257916,-121.974049,329.316483,531.384337,-120.626640,368.485489,480.153415,-30.017567,290.674553,511.051197,-17.055900,373.961830,416.122370,-32.738297,242.072029,545.348314,-79.006338,376.343460,360.659394,-89.865732,227.568455,596.501956,-168.595695,378.747177,343.401890,-104.149265,222.536297,618.222163,-199.692764,376.448059,342.552853,-125.044136,226.791496,620.660398,-204.725323,373.652878,348.779354,-100.039272,229.717369,612.889738,-178.058662,344.406052,372.658331,-0.573161,294.087620,373.144433,0.368788,357.044220,276.471720,-21.956229,285.230217,276.662264,-23.118849,373.283730,187.313547,96.994486,273.840828,185.154133,96.472416,372.291489,179.470940,103.012772,278.169289,179.052687,102.694302,368.059196,153.198080,-20.857189,269.293404,153.067575,-12.427809,
0.000000,0.000000,0.000000,0.000000,0.000000,0.000000,0.000000,0.000000,0.000000,0.000000,0.000000,0.000000,0.000000,0.000000,0.000000,0.000000,0.000000,0.000000,0.000000,0.000000,0.000000,0.000000,0.000000,0.000000,0.000000,0.000000,0.000000,0.000000,0.000000,0.000000,0.000000,0.000000,0.000000,0.000000,0.000000,0.000000,0.000000,0.000000,0.000000,0.000000,0.000000,0.000000,0.000000,0.000000,0.000000,0.000000,0.000000,0.000000,0.000000,0.000000,0.000000,0.000000,335.141792,537.032812,-165.704765,340.256882,543.299546,-151.754332,343.190994,542.786944,-151.776075,346.070633,542.246232,-151.753216,331.739578,543.978682,-149.399719,328.561363,543.872981,-149.439116,325.568771,543.657374,-149.468174,350.812607,536.626554,-78.116369,322.007675,539.525721,-68.706026,340.035248,526.631184,-138.358555,328.735199,527.950187,-135.788956,368.443718,476.849535,-45.203018,294.050846,509.364967,-34.970767,373.928566,413.122029,-35.956581,252.849770,551.802170,-61.125937,377.256355,359.312453,-85.486641,227.141151,604.535794,-101.164722,379.590073,341.147075,-96.214027,219.091988,622.909012,-125.195255,376.983833,339.329910,-118.838711,221.615963,626.830037,-135.561342,374.235039,347.271223,-96.204624,225.240269,620.517833,-111.539173,344.457321,368.225198,0.191514,294.340858,369.119468,-0.415786,354.831200,273.022485,-23.422472,285.126991,272.916141,-22.525053,366.638451,185.971069,102.544279,274.151249,184.157724,100.381241,363.848534,178.449168,110.949268,278.138771,178.423076,108.958082,359.332275,152.099791,-5.403053,270.037842,151.892080,2.560706,
0.000000,0.000000,0.000000,0.000000,0.000000,0.000000,0.000000,0.000000,0.000000,0.000000,0.000000,0.000000,0.000000,0.000000,0.000000,0.000000,0.000000,0.000000,0.000000,0.000000,0.000000,0.000000,0.000000,0.000000,0.000000,0.000000,0.000000,0.000000,0.000000,0.000000,0.000000,0.000000,0.000000,0.000000,0.000000,0.000000,0.000000,0.000000,0.000000,0.000000,0.000000,0.000000,0.000000,0.000000,0.000000,0.000000,0.000000,0.000000,0.000000,0.000000,0.000000,0.000000,334.734116,534.635732,-140.483656,339.893188,541.253622,-124.773407,342.871780,540.779815,-124.810762,345.744667,540.227033,-124.798937,331.223412,541.930418,-121.180983,327.981148,541.857591,-121.208801,324.922829,541.605474,-121.219358,350.454178,534.729803,-48.674316,321.487503,536.883187,-33.578365,339.768944,524.084158,-112.926769,328.259888,525.213110,-108.767471,368.412895,474.798696,-17.179940,295.407753,503.584464,-0.919508,373.834076,412.822931,-6.598859,259.298458,552.448626,-15.728627,378.517685,356.144829,-58.338823,230.398712,605.153743,-57.277403,381.280212,335.908098,-71.414213,220.218410,623.846380,-84.324942,378.167458,334.636431,-95.784674,222.097740,626.838931,-94.319668,375.215874,343.263488,-69.918852,226.398792,620.466464,-68.348174,344.413071,366.647952,0.702258,294.361210,366.361964,-0.915837,352.245750,265.824122,-14.728314,286.025085,268.208370,-26.959174,359.165077,178.244548,117.616978,274.403782,178.326430,101.322994,355.219269,169.318929,126.128664,277.826138,173.031621,109.263248,355.420685,149.965868,8.646156,272.679844,148.429241,-4.229310,
0.000000,0.000000,0.000000,0.000000,0.000000,0.000000,0.000000,0.000000,0.000000,0.000000,0.000000,0.000000,0.000000,0.000000,0.000000,0.000000,0.000000,0.000000,0.000000,0.000000,0.000000,0.000000,0.000000,0.000000,0.000000,0.000000,0.000000,0.000000,0.000000,0.000000,0.000000,0.000000,0.000000,0.000000,0.000000,0.000000,0.000000,0.000000,0.000000,0.000000,0.000000,0.000000,0.000000,0.000000,0.000000,0.000000,0.000000,0.000000,0.000000,0.000000,0.000000,0.000000,334.493141,523.284130,-180.075970,339.683342,530.170648,-164.618855,342.728004,529.968946,-164.635181,345.608139,529.544685,-164.627037,330.901108,530.406897,-163.204594,327.620239,530.451872,-163.245583,324.537430,530.583580,-163.255634,350.287209,524.467735,-80.987644,321.113319,527.794662,-75.634217,339.732361,513.846166,-149.038067,328.118668,515.661721,-147.713957,368.376846,467.208002,-32.973843,296.353722,500.625708,-24.652724,373.950424,402.111948,-4.794658,265.851898,546.940967,-64.727697,379.091721,347.229338,-53.417902,240.790119,605.128638,-119.183121,381.926918,326.403680,-66.152434,230.294819,621.367557,-148.392239,378.838692,325.121412,-92.860651,231.480637,623.628927,-156.553144,375.632858,333.720317,-65.685058,235.554733,618.238653,-128.865938,344.457512,357.838612,4.521487,294.945831,359.411588,-4.647729,350.150566,258.690991,-17.495817,288.677883,259.387550,-31.835129,356.185951,174.436541,115.212259,274.444637,173.053422,101.951075,350.123520,167.305169,123.401909,277.452736,166.596808,109.947796,356.599159,145.921526,5.868996,273.251133,144.482918,-6.653224,
0.000000,0.000000,0.000000,0.000000,0.000000,0.000000,0.000000,0.000000,0.000000,0.000000,0.000000,0.000000,0.000000,0.000000,0.000000,0.000000,0.000000,0.000000,0.000000,0.000000,0.000000,0.000000,0.000000,0.000000,0.000000,0.000000,0.000000,0.000000,0.000000,0.000000,0.000000,0.000000,0.000000,0.000000,0.000000,0.000000,0.000000,0.000000,0.000000,0.000000,0.000000,0.000000,0.000000,0.000000,0.000000,0.000000,0.000000,0.000000,0.000000,0.000000,0.000000,0.000000,334.451065,512.932520,-235.734234,339.446678,518.748665,-217.760525,342.469215,518.440318,-217.769279,345.362892,517.932673,-217.738609,330.569077,518.889771,-219.008732,327.325134,518.793597,-219.062214,324.251213,518.692596,-219.072819,349.741402,512.120326,-117.461510,320.964203,514.598193,-125.691404,339.623337,504.609261,-198.301716,328.054581,505.964785,-200.697517,367.771835,453.097694,-38.019061,294.997501,490.717435,-102.950602,373.279762,388.764653,-21.999710,264.918823,533.933122,-185.610847,379.082870,336.476555,-77.345314,253.146095,595.247562,-272.521248,382.066422,316.950116,-90.262012,244.714375,613.913720,-309.552708,379.442329,316.176524,-117.981806,246.957779,616.947126,-304.910164,376.156464,324.469185,-89.971819,251.223660,609.317851,-278.005676,344.821548,344.898820,13.925627,296.248417,346.587839,-14.049437,349.694138,253.118563,21.063454,292.176857,250.332155,-23.189864,353.179512,173.694277,198.099937,274.596062,169.605045,149.033785,346.417656,167.175822,211.332359,277.295284,165.357928,161.083393,356.682625,144.416485,103.732853,273.404388,141.449962,41.276083,
0.000000,0.000000,0.000000,0.000000,0.000000,0.000000,0.000000,0.000000,0.000000,0.000000,0.000000,0.000000,0.000000,0.000000,0.000000,0.000000,0.000000,0.000000,0.000000,0.000000,0.000000,0.000000,0.000000,0.000000,0.000000,0.000000,0.000000,0.000000,0.000000,0.000000,0.000000,0.000000,0.000000,0.000000,0.000000,0.000000,0.000000,0.000000,0.000000,0.000000,0.000000,0.000000,0.000000,0.000000,0.000000,0.000000,0.000000,0.000000,0.000000,0.000000,0.000000,0.000000,334.733086,504.167962,-260.366020,339.774895,509.979300,-240.510998,342.545509,509.172750,-240.475273,345.270348,508.339334,-240.442085,331.050224,511.152670,-244.671783,327.771072,511.301908,-244.737377,324.526443,511.406107,-244.738789,349.579086,502.061398,-130.148106,320.540390,506.986620,-152.713032,339.729156,494.534690,-219.365940,328.202591,496.352713,-226.009274,366.475906,443.202918,-41.856155,294.242096,479.955082,-129.903917,372.577934,378.863096,-29.571280,261.595364,524.332380,-247.906036,377.899475,327.930608,-88.355045,264.723511,582.357885,-366.072006,381.953621,310.557361,-102.562513,261.898804,601.678877,-407.526436,379.733047,309.540997,-129.044695,265.545712,603.780774,-394.925766,376.125412,316.975393,-100.663433,268.471584,595.863408,-368.172989,344.754295,334.392843,18.360708,296.847439,336.082163,-18.495232,349.441414,245.591812,54.285302,293.916512,241.771531,-5.756130,351.606064,173.661747,248.926353,275.047512,166.130147,178.425026,344.717979,167.296929,264.102974,276.967506,161.641288,191.756897,356.693993,143.997974,160.721169,275.050850,137.443428,71.006913,
0.000000,0.000000,0.000000,0.000000,0.000000,0.000000,0.000000,0.000000,0.000000,0.000000,0.000000,0.000000,0.000000,0.000000,0.000000,0.000000,0.000000,0.000000,0.000000,0.000000,0.000000,0.000000,0.000000,0.000000,0.000000,0.000000,0.000000,0.000000,0.000000,0.000000,0.000000,0.000000,0.000000,0.000000,0.000000,0.000000,0.000000,0.000000,0.000000,0.000000,0.000000,0.000000,0.000000,0.000000,0.000000,0.000000,0.000000,0.000000,0.000000,0.000000,0.000000,0.000000,335.613594,502.073178,-271.294765,340.110245,506.924586,-250.273819,342.752495,506.033213,-250.205669,345.461807,505.059764,-250.181561,331.740570,508.647337,-255.332298,328.284645,508.847387,-255.399551,324.796181,509.051363,-255.402985,349.470024,498.076558,-135.197954,320.400009,504.244652,-162.548866,340.228653,491.605847,-229.045715,328.772011,493.795388,-237.188988,365.100479,440.147088,-42.264953,293.892765,475.118201,-137.881622,372.051201,373.816659,-27.335694,259.006443,520.351081,-263.412209,377.394676,323.472219,-73.227377,277.447624,575.540471,-365.651131,381.711998,306.581984,-87.550554,276.381893,594.865991,-407.442856,379.395065,305.803027,-116.152134,281.732082,595.053467,-387.865562,375.835609,312.299595,-86.284885,284.104671,587.346761,-364.729347,344.206886,331.256375,20.829349,296.805515,332.599196,-20.959947,348.304901,241.226721,69.429321,294.244270,238.942037,-2.815940,350.128365,172.029891,260.512447,276.129704,162.822919,171.863213,343.270035,165.875530,275.053291,277.039185,159.659071,184.505787,357.328415,142.899642,169.260578,275.783024,135.792131,61.840982,
0.000000,0.000000,0.000000,0.000000,0.000000,0.000000,0.000000,0.000000,0.000000,0.000000,0.000000,0.000000,0.000000,0.000000,0.000000,0.000000,0.000000,0.000000,0.000000,0.000000,0.000000,0.000000,0.000000,0.000000,0.000000,0.000000,0.000000,0.000000,0.000000,0.000000,0.000000,0.000000,0.000000,0.000000,0.000000,0.000000,0.000000,0.000000,0.000000,0.000000,0.000000,0.000000,0.000000,0.000000,0.000000,0.000000,0.000000,0.000000,0.000000,0.000000,0.000000,0.000000,336.926804,500.623369,-273.421421,340.832863,506.077394,-252.905521,343.363533,505.257754,-252.826996,345.999641,504.416957,-252.809067,332.741966,507.713499,-259.504700,329.133110,507.925394,-259.567013,325.455246,508.041909,-259.562016,349.387436,498.019266,-138.311443,320.072708,503.970444,-172.867851,340.848007,489.760187,-230.934734,329.593430,491.615181,-241.080456,363.309708,440.977628,-53.344889,291.121216,474.251504,-147.652302,369.589615,374.504936,-30.391383,256.015472,518.674614,-290.402374,375.750923,325.790334,-79.144402,280.406914,572.101557,-409.401703,380.495758,308.497767,-92.963953,281.511841,590.606847,-452.535896,378.633766,308.186846,-121.082067,286.982918,590.626920,-431.744766,375.076981,313.973422,-91.850948,288.535423,583.156475,-407.778244,343.419609,332.680178,20.258987,296.512547,333.503036,-20.379803,347.170067,242.913680,53.552022,294.029961,239.610057,2.488659,350.058823,172.166061,241.029835,276.635990,163.953009,186.394253,342.644234,166.007710,255.244732,277.084751,160.271688,200.114574,356.803322,142.781239,146.713362,276.063175,136.273685,80.023661,
0.000000,0.000000,0.000000,0.000000,0.000000,0.000000,0.000000,0.000000,0.000000,0.000000,0.000000,0.000000,0.000000,0.000000,0.000000,0.000000,0.000000,0.000000,0.000000,0.000000,0.000000,0.000000,0.000000,0.000000,0.000000,0.000000,0.000000,0.000000,0.000000,0.000000,0.000000,0.000000,0.000000,0.000000,0.000000,0.000000,0.000000,0.000000,0.000000,0.000000,0.000000,0.000000,0.000000,0.000000,0.000000,0.000000,0.000000,0.000000,0.000000,0.000000,0.000000,0.000000,336.861305,502.695837,-261.632843,340.694656,508.565218,-244.669476,343.336716,507.915030,-244.625301,345.950623,507.232568,-244.628658,332.653122,509.674344,-248.004456,329.041023,509.681253,-248.064537,325.334625,509.625249,-248.046818,349.098625,501.188414,-128.917866,319.911556,505.793188,-168.687706,340.790482,491.831582,-223.444233,329.452324,493.152602,-229.372711,363.268242,443.437815,-55.051064,291.019249,475.376379,-126.255217,367.081795,377.823493,-34.414315,255.461311,522.644541,-244.858971,373.506165,326.213264,-81.998930,277.086754,578.259062,-352.094269,378.180618,309.861960,-97.780867,277.791252,595.339851,-392.410851,376.486893,308.588147,-124.698429,283.292809,595.385309,-376.438637,373.084946,315.573993,-94.398317,284.789791,588.742690,-352.403984,342.196770,335.044856,19.711401,293.816586,335.889559,-19.787579,345.509109,244.496613,41.019039,292.380104,241.314096,2.088035,349.695778,172.264080,212.838631,276.097755,161.922040,159.027452,343.656540,166.041827,224.824677,276.589718,156.495481,168.380928,355.522690,142.554646,112.877026,276.183624,133.625078,34.953275,
0.000000,0.000000,0.000000,0.000000,0.000000,0.000000,0.000000,0.000000,0.000000,0.000000,0.000000,0.000000,0.000000,0.000000,0.000000,0.000000,0.000000,0.000000,0.000000,0.000000,0.000000,0.000000,0.000000,0.000000,0.000000,0.000000,0.000000,0.000000,0.000000,0.000000,0.000000,0.000000,0.000000,0.000000,0.000000,0.000000,0.000000,0.000000,0.000000,0.000000,0.000000,0.000000,0.000000,0.000000,0.000000,0.000000,0.000000,0.000000,0.000000,0.000000,0.000000,0.000000,336.702614,510.448236,-247.254009,340.641823,516.135700,-226.577053,343.260422,515.382900,-226.543694,345.874825,514.512706,-226.537724,332.551498,516.932037,-231.310539,328.941269,516.522152,-231.376152,325.303726,515.815058,-231.408634,348.561249,508.078537,-116.266136,319.224453,510.787332,-147.725124,340.694046,498.007593,-208.760395,329.336777,497.561638,-216.070442,362.672195,448.175325,-50.319872,290.657043,482.441146,-118.187428,365.179062,383.281531,-32.791870,255.191135,534.390321,-231.758385,370.241127,336.696453,-79.270997,272.617683,596.376643,-334.504318,374.288254,318.271780,-91.751585,272.194977,613.724463,-373.686485,373.424721,317.623501,-116.963425,277.363281,616.037257,-355.005569,370.057564,323.695207,-91.096821,279.352055,608.329167,-346.440086,339.052505,337.935848,18.339247,289.494324,339.377117,-18.433775,343.678627,246.256399,34.673100,286.420650,243.594532,-10.935997,349.596176,172.674179,191.812267,274.648590,162.672071,122.687654,344.401588,166.075301,200.657158,275.863857,156.524277,130.577412,355.485420,142.532887,84.587650,276.204491,133.056579,4.912444,
0.000000,0.000000,0.000000,0.000000,0.000000,0.000000,0.000000,0.000000,0.000000,0.000000,0.000000,0.000000,0.000000,0.000000,0.000000,0.000000,0.000000,0.000000,0.000000,0.000000,0.000000,0.000000,0.000000,0.000000,0.000000,0.000000,0.000000,0.000000,0.000000,0.000000,0.000000,0.000000,0.000000,0.000000,0.000000,0.000000,0.000000,0.000000,0.000000,0.000000,0.000000,0.000000,0.000000,0.000000,0.000000,0.000000,0.000000,0.000000,0.000000,0.000000,0.000000,0.000000,336.241455,522.594867,-186.005478,339.972000,528.435001,-165.378456,342.566986,527.798395,-165.390549,345.007973,527.109926,-165.397949,331.327248,528.704896,-170.563946,327.560654,527.961237,-170.605412,323.684349,526.986952,-170.611649,347.038498,521.037598,-67.022753,316.851692,522.410481,-92.512512,340.346489,510.186453,-150.445690,328.009605,509.124277,-157.767687,361.553268,458.923280,-23.069291,288.064919,492.061458,-90.717974,363.461800,396.828833,-32.146316,255.122204,547.627645,-228.245239,366.363602,351.065412,-90.667658,270.363617,613.324707,-298.345909,370.159912,330.781088,-105.989065,268.161068,633.435979,-336.704559,369.211655,330.962963,-124.538822,273.641758,636.765062,-319.695854,365.932846,337.794743,-101.083231,276.333504,627.944065,-302.282524,335.790253,345.299478,17.590233,285.878563,348.128929,-17.698100,340.815659,253.893313,8.817016,279.964199,250.673676,-14.619988,349.895859,172.996044,152.532940,272.753792,165.114684,127.905130,344.999733,166.162162,162.106857,274.155064,159.801764,137.009096,355.736618,142.979078,50.725546,276.119785,133.608170,11.136695,
0.000000,0.000000,0.000000,0.000000,0.000000,0.000000,0.000000,0.000000,0.000000,0.000000,0.000000,0.000000,0.000000,0.000000,0.000000,0.000000,0.000000,0.000000,0.000000,0.000000,0.000000,0.000000,0.000000,0.000000,0.000000,0.000000,0.000000,0.000000,0.000000,0.000000,0.000000,0.000000,0.000000,0.000000,0.000000,0.000000,0.000000,0.000000,0.000000,0.000000,0.000000,0.000000,0.000000,0.000000,0.000000,0.000000,0.000000,0.000000,0.000000,0.000000,0.000000,0.000000,334.257317,528.980863,-144.428377,337.839355,535.317678,-124.562426,340.255356,534.844708,-124.595537,342.445564,534.399054,-124.615335,329.240685,535.779641,-129.615965,325.510635,535.320404,-129.641752,321.611748,534.785035,-129.632816,343.461800,528.982751,-32.266586,313.909206,530.638039,-55.362349,337.986641,517.718160,-110.713444,325.984802,518.013847,-117.505083,359.830284,470.361915,-0.452631,285.754032,501.030314,-61.199656,362.379990,408.620446,-27.992175,255.370979,557.572814,-187.065449,363.587074,362.343028,-103.473263,259.680595,624.093325,-256.510372,366.698837,341.281357,-121.727123,257.731438,644.055054,-293.084354,365.098381,341.906290,-138.683338,260.339394,647.398422,-283.091183,362.359810,348.666272,-113.759727,262.352791,640.889168,-260.413628,331.789932,352.948194,17.288212,281.142483,355.584869,-17.336671,337.698441,260.300360,-12.528141,273.864231,255.990071,-15.008324,349.611130,173.023853,119.534588,267.967567,169.468274,130.582476,344.841118,165.775838,128.393984,270.222874,163.938890,139.996719,355.951729,143.000407,16.382048,272.188778,135.710034,18.812001,
0.000000,0.000000,0.000000,0.000000,0.000000,0.000000,0.000000,0.000000,0.000000,0.000000,0.000000,0.000000,0.000000,0.000000,0.000000,0.000000,0.000000,0.000000,0.000000,0.000000,0.000000,0.000000,0.000000,0.000000,0.000000,0.000000,0.000000,0.000000,0.000000,0.000000,0.000000,0.000000,0.000000,0.000000,0.000000,0.000000,0.000000,0.000000,0.000000,0.000000,0.000000,0.000000,0.000000,0.000000,0.000000,0.000000,0.000000,0.000000,0.000000,0.000000,0.000000,0.000000,332.842102,532.082999,-140.865202,336.133957,539.208319,-122.713032,338.351707,538.828368,-122.736111,340.329666,538.554697,-122.771778,327.410927,539.428132,-128.749752,323.725548,539.104013,-128.769226,319.877892,538.804314,-128.736849,340.403214,534.064507,-30.838060,310.822201,535.935016,-59.122047,336.019058,521.176171,-106.423063,324.289017,522.593472,-114.745541,355.790100,478.416481,7.502608,283.471737,509.289393,-60.413961,359.388466,419.217317,-10.120666,256.087132,568.235056,-186.574650,360.373344,371.809938,-89.117928,249.548798,631.080920,-270.003872,363.109245,350.185261,-104.306355,244.447422,650.014654,-306.193886,361.343002,350.626817,-122.856693,245.607643,652.893577,-297.250786,358.819160,357.389374,-99.542990,248.591518,647.768991,-273.810368,329.126282,360.558350,16.795937,278.701973,363.302529,-16.854433,333.267708,266.473989,-7.920784,269.913139,263.597245,-17.047199,346.174850,173.783584,109.424210,261.408806,175.610833,120.625591,339.687080,165.796223,116.824379,262.812901,169.092593,129.360027,354.990005,144.253278,8.144732,263.625298,141.122003,17.272326,
0.000000,0.000000,0.000000,0.000000,0.000000,0.000000,0.000000,0.000000,0.000000,0.000000,0.000000,0.000000,0.000000,0.000000,0.000000,0.000000,0.000000,0.000000,0.000000,0.000000,0.000000,0.000000,0.000000,0.000000,0.000000,0.000000,0.000000,0.000000,0.000000,0.000000,0.000000,0.000000,0.000000,0.000000,0.000000,0.000000,0.000000,0.000000,0.000000,0.000000,0.000000,0.000000,0.000000,0.000000,0.000000,0.000000,0.000000,0.000000,0.000000,0.000000,0.000000,0.000000,330.092163,534.698303,-168.549576,333.424301,542.020175,-146.187057,335.555649,541.658925,-146.139650,337.570610,541.342649,-146.143141,324.382515,542.431047,-153.574810,320.664024,542.220601,-153.615160,316.988068,541.990703,-153.595409,337.942123,536.600440,-55.807209,307.992134,539.333761,-71.420760,333.244553,523.813448,-128.418350,321.714783,525.670803,-139.445210,354.614220,480.608339,-31.339409,280.195618,512.280056,-69.204292,357.203445,416.089776,-36.427276,255.923100,571.415073,-165.365067,357.205620,369.760709,-103.335314,242.332230,630.950913,-245.707512,359.746170,349.675126,-117.037411,234.548092,648.783998,-279.178219,357.964973,350.724277,-138.889408,235.753803,651.966192,-277.968254,355.729141,356.515617,-114.307537,239.925098,646.023157,-252.804775,327.081528,365.733426,11.993424,275.479832,368.190179,-12.091531,329.679832,269.631357,-17.622349,266.749516,269.164653,-14.526440,340.493546,174.948049,96.226387,256.051731,179.748774,124.373112,335.155258,167.012572,102.597179,258.614616,172.733960,133.214979,342.081985,145.066524,-19.359267,254.834175,144.614367,19.524637,
0.000000,0.000000,0.000000,0.000000,0.000000,0.000000,0.000000,0.000000,0.000000,0.000000,0.000000,0.000000,0.000000,0.000000,0.000000,0.000000,0.000000,0.000000,0.000000,0.000000,0.000000,0.000000,0.000000,0.000000,0.000000,0.000000,0.000000,0.000000,0.000000,0.000000,0.000000,0.000000,0.000000,0.000000,0.000000,0.000000,0.000000,0.000000,0.000000,0.000000,0.000000,0.000000,0.000000,0.000000,0.000000,0.000000,0.000000,0.000000,0.000000,0.000000,0.000000,0.000000,327.402382,536.531625,-176.518135,330.376053,543.955733,-157.656631,332.542877,543.550397,-157.655430,334.513054,543.213458,-157.696056,321.000938,544.296749,-163.191185,317.046013,543.921540,-163.224964,313.069096,543.530152,-163.161087,334.780045,538.304286,-71.747537,304.153557,540.222827,-85.595150,330.696068,525.175517,-139.975004,318.809853,526.869729,-148.040438,352.236710,480.928123,-41.352873,274.757290,510.667319,-72.975259,354.197769,415.611548,-46.067390,252.781181,568.975078,-172.634640,354.114304,367.828124,-114.733677,237.320690,628.163298,-259.489536,356.720505,348.969254,-130.291014,229.451790,646.799018,-294.727821,354.908218,349.955449,-153.727856,231.741676,649.466738,-285.229836,352.488251,354.874835,-126.111889,235.852547,643.006852,-263.112755,325.289574,366.265876,11.149122,273.626823,368.493462,-11.250235,325.691681,270.832429,-11.484741,264.715080,269.661484,-14.523060,329.862022,178.546071,118.478918,251.507702,181.327329,125.151005,324.240875,170.930185,126.542063,253.562317,174.098711,133.576527,331.993942,148.113513,9.318587,250.795269,145.913630,17.726681,
0.000000,0.000000,0.000000,0.000000,0.000000,0.000000,0.000000,0.000000,0.000000,0.000000,0.000000,0.000000,0.000000,0.000000,0.000000,0.000000,0.000000,0.000000,0.000000,0.000000,0.000000,0.000000,0.000000,0.000000,0.000000,0.000000,0.000000,0.000000,0.000000,0.000000,0.000000,0.000000,0.000000,0.000000,0.000000,0.000000,0.000000,0.000000,0.000000,0.000000,0.000000,0.000000,0.000000,0.000000,0.000000,0.000000,0.000000,0.000000,0.000000,0.000000,0.000000,0.000000,322.339134,535.817041,-183.983879,325.610504,543.200090,-166.098824,327.968483,542.881529,-166.098213,330.117607,542.604876,-166.116238,316.069145,543.133668,-170.352287,312.300415,542.693592,-170.389538,308.409176,542.212694,-170.363159,330.624809,537.781277,-74.823470,300.382385,538.757730,-91.360130,326.253738,524.561698,-148.643513,313.835506,525.872269,-154.879322,349.848976,480.670953,-39.302278,271.159763,509.683228,-74.955230,351.456070,414.157019,-27.713065,244.871960,563.153075,-168.611565,350.862656,365.182865,-78.181853,233.688583,622.055179,-254.817638,352.974739,346.251426,-88.599005,228.305340,641.558288,-288.339691,350.612755,347.004290,-112.402935,231.054630,643.987495,-282.622185,348.498611,352.270560,-88.801785,234.814301,637.629549,-259.846649,322.940979,364.667044,11.072040,271.692314,367.364767,-11.185048,319.719944,271.906557,10.859385,262.661552,269.458923,-19.808449,317.760220,181.366081,122.831621,249.460869,180.999198,96.186514,310.673523,175.285106,127.157507,251.377430,173.421206,102.377758,319.906578,149.697862,25.716829,251.570587,145.706778,-10.367411,
0.000000,0.000000,0.000000,0.000000,0.000000,0.000000,0.000000,0.000000,0.000000,0.000000,0.000000,0.000000,0.000000,0.000000,0.000000,0.000000,0.000000,0.000000,0.000000,0.000000,0.000000,0.000000,0.000000,0.000000,0.000000,0.000000,0.000000,0.000000,0.000000,0.000000,0.000000,0.000000,0.000000,0.000000,0.000000,0.000000,0.000000,0.000000,0.000000,0.000000,0.000000,0.000000,0.000000,0.000000,0.000000,0.000000,0.000000,0.000000,0.000000,0.000000,0.000000,0.000000,316.023769,537.098622,-249.932556,320.031319,544.130795,-231.625805,322.472725,543.596359,-231.625347,324.774513,543.140609,-231.613064,312.035484,544.212999,-231.767311,309.088345,543.667363,-231.820583,305.915623,543.140459,-231.843071,326.535263,537.512348,-131.280775,299.711666,538.783479,-132.643919,321.132240,526.093926,-212.548637,310.118504,527.379713,-213.282585,348.694763,480.046492,-78.527031,268.053551,508.069053,-90.972519,350.391464,413.748507,-65.830245,235.855217,562.104428,-195.125923,351.341629,363.808565,-126.150723,232.318573,618.859123,-322.651978,353.310432,345.167599,-140.730572,228.095531,637.613053,-361.101532,350.884781,345.809612,-166.013107,231.507721,639.933009,-355.401154,348.399010,350.931687,-137.252445,235.103970,633.508109,-328.411026,321.871414,363.695891,9.632928,269.841213,365.960963,-9.800746,319.762478,271.157985,-10.734129,260.380554,268.266048,-21.109691,307.617302,185.037489,167.430611,250.018425,180.149946,126.353178,299.974327,180.862298,180.913200,253.012486,173.155818,136.047802,309.255009,149.512639,66.160669,250.299492,142.953544,10.049660,
0.000000,0.000000,0.000000,0.000000,0.000000,0.000000,0.000000,0.000000,0.000000,0.000000,0.000000,0.000000,0.000000,0.000000,0.000000,0.000000,0.000000,0.000000,0.000000,0.000000,0.000000,0.000000,0.000000,0.000000,0.000000,0.000000,0.000000,0.000000,0.000000,0.000000,0.000000,0.000000,0.000000,0.000000,0.000000,0.000000,0.000000,0.000000,0.000000,0.000000,0.000000,0.000000,0.000000,0.000000,0.000000,0.000000,0.000000,0.000000,0.000000,0.000000,0.000000,0.000000,318.041992,536.834199,-194.236336,321.932526,543.235903,-175.456314,324.385757,542.646257,-175.438175,326.715851,542.129577,-175.431023,313.742256,543.699474,-180.483742,310.563812,543.373876,-180.519962,307.192345,543.025103,-180.511150,328.233299,536.398695,-77.721977,299.980984,538.879502,-101.458492,322.692719,525.816736,-157.967625,311.427803,527.017465,-165.108833,347.873154,479.694393,-26.776855,269.168396,508.930428,-76.121993,350.493393,413.922873,-9.639980,237.745113,559.230044,-193.690643,351.097946,364.240594,-64.104347,231.399708,617.277006,-313.365631,352.693100,346.334167,-75.122161,227.555313,636.398356,-351.486397,350.605316,346.826749,-99.158344,231.161747,638.589056,-342.592201,347.992592,351.948910,-75.192070,234.228516,632.214721,-317.830544,321.745911,363.842318,9.822811,270.354252,366.148567,-9.990361,319.404488,270.266547,9.649515,260.777340,268.598642,-22.955041,313.145847,184.806261,159.397907,248.478298,179.629898,98.178253,304.964237,180.015321,167.425518,250.863609,172.849960,104.489574,315.266628,149.511781,56.342907,249.450665,142.968822,-12.969573,
0.000000,0.000000,0.000000,0.000000,0.000000,0.000000,0.000000,0.000000,0.000000,0.000000,0.000000,0.000000,0.000000,0.000000,0.000000,0.000000,0.000000,0.000000,0.000000,0.000000,0.000000,0.000000,0.000000,0.000000,0.000000,0.000000,0.000000,0.000000,0.000000,0.000000,0.000000,0.000000,0.000000,0.000000,0.000000,0.000000,0.000000,0.000000,0.000000,0.000000,0.000000,0.000000,0.000000,0.000000,0.000000,0.000000,0.000000,0.000000,0.000000,0.000000,0.000000,0.000000,318.362083,528.858361,-208.934822,321.221771,536.445365,-186.317463,323.434219,535.931604,-186.266193,325.573463,535.454214,-186.235580,313.063164,537.144585,-191.155605,309.559593,536.862438,-191.194572,305.760689,536.427362,-191.180630,325.480347,530.087972,-78.459306,295.139008,530.877206,-101.404963,322.726479,518.171325,-166.319923,311.324806,519.614310,-174.102039,346.276817,471.963816,-17.123111,262.244377,494.477334,-68.279443,349.742928,405.852621,1.003710,214.735069,515.762336,-197.112312,348.205948,350.324907,-70.363493,230.112934,573.601792,-359.103165,348.531303,331.466188,-86.432047,228.853893,591.213949,-404.418297,345.087166,331.965208,-111.794739,232.801876,592.784479,-390.458450,343.324852,338.342857,-82.729950,235.773830,585.160922,-360.900803,317.116508,350.297356,16.282145,267.582245,356.490984,-16.384176,314.110985,261.988821,40.780578,258.919716,256.517458,-25.846505,305.612755,184.359384,220.248280,245.149651,168.069406,105.944958,296.464882,179.202890,232.286606,245.637627,162.420545,113.114071,309.959869,148.415937,124.006872,250.430908,133.395524,-6.122105,
0.000000,0.000000,0.000000,0.000000,0.000000,0.000000,0.000000,0.000000,0.000000,0.000000,0.000000,0.000000,0.000000,0.000000,0.000000,0.000000,0.000000,0.000000,0.000000,0.000000,0.000000,0.000000,0.000000,0.000000,0.000000,0.000000,0.000000,0.000000,0.000000,0.000000,0.000000,0.000000,0.000000,0.000000,0.000000,0.000000,0.000000,0.000000,0.000000,0.000000,0.000000,0.000000,0.000000,0.000000,0.000000,0.000000,0.000000,0.000000,0.000000,0.000000,0.000000,0.000000,312.351646,511.084199,-250.619869,315.056419,517.772362,-228.704796,317.412682,517.511823,-228.644905,319.719543,517.335312,-228.616657,305.742855,517.654796,-233.407516,301.873837,517.165303,-233.463383,297.940578,516.451578,-233.453846,321.519089,511.536248,-108.333654,289.743004,510.046377,-133.412218,317.180824,499.957409,-206.233521,305.251808,499.993651,-213.607883,342.532692,454.339321,-21.004341,259.250851,475.600312,-100.923910,346.626015,387.318170,-3.005198,209.606056,501.343617,-231.962204,344.720917,334.632311,-70.612764,230.670815,559.724568,-368.785019,344.783401,315.724154,-87.524443,229.527721,577.332197,-411.513863,341.343842,315.685873,-114.447775,233.619194,577.860013,-394.891205,339.715805,322.707725,-83.301153,236.507397,570.511554,-368.767166,312.175179,335.981398,29.397807,264.446068,341.039529,-29.523087,307.704830,246.108899,79.124603,259.314175,244.736938,-27.710400,294.050026,181.994791,265.389366,243.073921,162.707992,106.933088,286.458473,176.435323,278.491879,241.959457,157.664752,116.705494,306.403351,145.231748,177.873459,251.387405,130.611820,-3.078254,
0.000000,0.000000,0.000000,0.000000,0.000000,0.000000,0.000000,0.000000,0.000000,0.000000,0.000000,0.000000,0.000000,0.000000,0.000000,0.000000,0.000000,0.000000,0.000000,0.000000,0.000000,0.000000,0.000000,0.000000,0.000000,0.000000,0.000000,0.000000,0.000000,0.000000,0.000000,0.000000,0.000000,0.000000,0.000000,0.000000,0.000000,0.000000,0.000000,0.000000,0.000000,0.000000,0.000000,0.000000,0.000000,0.000000,0.000000,0.000000,0.000000,0.000000,0.000000,0.000000,306.396732,499.850442,-272.717781,311.150455,506.406426,-252.606239,313.805180,506.003301,-252.542286,316.245766,505.695426,-252.519741,301.311836,506.559076,-255.298901,297.352200,506.285405,-255.362682,293.575859,505.852840,-255.353165,318.987789,500.465205,-136.747875,286.804447,501.433160,-153.270082,311.327114,489.978325,-230.084057,298.945351,489.238143,-235.053539,340.141068,442.556119,-53.732481,257.685909,467.001064,-114.753704,343.621025,376.354330,-23.247883,204.911041,493.497663,-242.213860,342.183456,324.481931,-86.858158,230.470829,549.787885,-383.503838,342.731743,306.510530,-105.598640,230.127316,569.387848,-427.382431,339.141083,306.331401,-132.427883,235.020714,568.643224,-410.264435,337.240829,312.900839,-98.940907,236.719017,559.763868,-383.539658,309.732304,327.587800,28.361692,262.156124,333.965149,-28.508115,307.281380,238.872213,74.165597,260.177002,239.852443,-32.283444,290.050259,180.074887,289.072361,242.752647,162.966127,119.962158,281.100121,175.255880,305.924492,241.047554,157.576647,132.558260,304.945889,144.463391,209.313946,250.473099,130.322099,11.769338,
0.000000,0.000000,0.000000,0.000000,0.000000,0.000000,0.000000,0.000000,0.000000,0.000000,0.000000,0.000000,0.000000,0.000000,0.000000,0.000000,0.000000,0.000000,0.000000,0.000000,0.000000,0.000000,0.000000,0.000000,0.000000,0.000000,0.000000,0.000000,0.000000,0.000000,0.000000,0.000000,0.000000,0.000000,0.000000,0.000000,0.000000,0.000000,0.000000,0.000000,0.000000,0.000000,0.000000,0.000000,0.000000,0.000000,0.000000,0.000000,0.000000,0.000000,0.000000,0.000000,306.107731,494.929640,-261.349983,309.763756,501.195216,-240.611057,312.040195,500.955062,-240.561275,314.373665,500.675683,-240.552635,300.841427,501.043296,-245.133553,297.052155,500.564511,-245.190086,293.260250,499.925501,-245.181236,316.394901,495.749624,-125.717745,285.117531,496.036642,-149.425793,310.549507,485.392563,-218.858662,298.860016,483.328786,-226.039009,337.136307,438.669791,-49.831271,256.809654,466.194534,-120.374241,340.256577,370.429952,-20.107634,201.375675,493.750541,-254.036045,339.365692,318.008194,-81.987362,230.396633,547.961848,-386.771088,340.488091,301.071825,-98.121338,230.693684,567.881230,-429.708900,337.598190,300.737386,-125.917387,235.997791,565.767596,-410.452347,335.313606,306.882734,-94.456472,237.052937,557.513076,-385.606651,308.648872,324.136119,30.770628,260.978451,329.566541,-30.910919,306.584740,234.277182,78.234649,260.662651,235.393281,-36.066585,287.935371,177.864919,300.418758,241.611328,161.305604,119.672947,278.773403,174.007516,318.373260,238.450565,155.319514,132.407579,303.990936,143.506422,227.835159,250.628262,129.802780,11.749437,
0.000000,0.000000,0.000000,0.000000,0.000000,0.000000,0.000000,0.000000,0.000000,0.000000,0.000000,0.000000,0.000000,0.000000,0.000000,0.000000,0.000000,0.000000,0.000000,0.000000,0.000000,0.000000,0.000000,0.000000,0.000000,0.000000,0.000000,0.000000,0.000000,0.000000,0.000000,0.000000,0.000000,0.000000,0.000000,0.000000,0.000000,0.000000,0.000000,0.000000,0.000000,0.000000,0.000000,0.000000,0.000000,0.000000,0.000000,0.000000,0.000000,0.000000,0.000000,0.000000,306.403046,500.305216,-223.659363,308.135891,506.104238,-198.692684,310.080509,505.721841,-198.649635,312.027988,505.372081,-198.634739,300.268517,506.348212,-206.944237,296.654758,506.010897,-206.998386,292.970028,505.542755,-207.008991,312.021847,499.686484,-81.338673,283.494301,499.992299,-119.566250,310.626640,490.212729,-180.960388,299.914894,489.284341,-192.736034,334.323387,441.223662,-13.543017,254.534035,466.537514,-114.128971,339.614487,373.967078,3.868283,204.273338,498.311198,-280.856228,338.683891,320.498571,-50.244894,229.366169,554.307590,-423.460159,339.536476,303.562074,-60.371237,230.985584,572.043321,-467.990303,336.019058,303.761587,-81.822233,236.248684,571.906239,-444.614410,333.953438,309.037728,-60.146127,237.566624,565.073901,-420.623207,308.580112,324.526005,34.701645,259.942665,328.380661,-34.859974,308.768654,234.604025,62.568531,260.287590,236.911540,-61.278348,288.369789,177.895432,307.792664,240.504990,161.614208,114.891777,278.646297,174.509625,329.447670,236.590633,155.637860,129.191208,302.717075,143.377075,245.762062,249.591293,130.241590,11.039639,
0.000000,0.000000,0.000000,0.000000,0.000000,0.000000,0.000000,0.000000,0.000000,0.000000,0.000000,0.000000,0.000000,0.000000,0.000000,0.000000,0.000000,0.000000,0.000000,0.000000,0.000000,0.000000,0.000000,0.000000,0.000000,0.000000,0.000000,0.000000,0.000000,0.000000,0.000000,0.000000,0.000000,0.000000,0.000000,0.000000,0.000000,0.000000,0.000000,0.000000,0.000000,0.000000,0.000000,0.000000,0.000000,0.000000,0.000000,0.000000,0.000000,0.000000,0.000000,0.000000,303.967628,503.151019,-228.149738,305.641594,509.576111,-200.114365,307.723446,509.229805,-200.101852,309.784794,508.946500,-200.097427,297.839241,509.767406,-208.048458,294.398708,509.463909,-208.107300,290.812798,509.046235,-208.128071,311.147881,503.422050,-86.238499,281.718407,503.379071,-113.558407,308.789711,492.584467,-182.945061,298.367958,491.665199,-193.537331,334.640121,444.858699,-20.201511,253.423710,469.063876,-113.058987,341.083412,378.687658,2.592369,207.179317,504.563041,-256.264801,340.250359,325.708194,-73.291168,226.874199,560.888271,-394.735565,341.202507,307.916522,-90.612087,228.437405,579.512329,-440.412827,337.654991,308.219590,-111.474857,233.297157,580.112447,-420.461197,335.404892,313.427238,-83.554983,235.069275,572.757540,-394.085083,309.829464,327.712984,31.859524,260.711670,330.571918,-32.009349,316.950111,237.135687,-19.986649,259.655609,237.801733,-78.405137,291.014614,183.570857,272.528629,239.261780,161.580820,129.655275,279.483700,182.497501,296.196251,235.790062,155.768108,148.230839,300.376282,143.811765,210.114174,249.398670,130.548091,33.585296,
0.000000,0.000000,0.000000,0.000000,0.000000,0.000000,0.000000,0.000000,0.000000,0.000000,0.000000,0.000000,0.000000,0.000000,0.000000,0.000000,0.000000,0.000000,0.000000,0.000000,0.000000,0.000000,0.000000,0.000000,0.000000,0.000000,0.000000,0.000000,0.000000,0.000000,0.000000,0.000000,0.000000,0.000000,0.000000,0.000000,0.000000,0.000000,0.000000,0.000000,0.000000,0.000000,0.000000,0.000000,0.000000,0.000000,0.000000,0.000000,0.000000,0.000000,0.000000,0.000000,303.023720,503.783848,-220.176334,304.883518,511.145568,-194.233456,306.942177,511.053922,-194.232292,308.976536,511.059179,-194.213867,296.984673,511.476595,-200.588112,293.424950,511.467369,-200.633297,289.649258,511.459322,-200.633793,310.251713,506.732969,-76.442976,280.424309,505.479155,-102.328892,307.808895,493.207834,-175.934620,296.660309,492.404866,-184.559898,334.247856,446.704681,-15.705053,252.386551,471.767542,-98.370066,341.953812,382.059968,-3.963277,210.001717,510.686653,-245.897446,341.160393,327.288938,-83.518810,222.012806,571.879964,-379.185486,341.906090,308.543043,-101.158237,222.234478,591.932416,-422.598495,338.877296,308.732471,-122.570190,226.473312,595.644722,-405.665169,336.678581,313.822446,-94.065685,228.636608,585.994080,-379.607353,309.941254,330.272026,30.425293,261.318932,332.979083,-30.575652,327.326317,239.445906,-46.681242,258.174248,238.674116,-62.482109,293.575039,188.922658,225.724449,239.539604,160.621018,136.381168,282.339840,189.160838,252.147884,236.120300,154.351687,152.230272,300.998077,144.126935,172.774010,249.485970,128.368421,33.143501,
0.000000,0.000000,0.000000,0.000000,0.000000,0.000000,0.000000,0.000000,0.000000,0.000000,0.000000,0.000000,0.000000,0.000000,0.000000,0.000000,0.000000,0.000000,0.000000,0.000000,0.000000,0.000000,0.000000,0.000000,0.000000,0.000000,0.000000,0.000000,0.000000,0.000000,0.000000,0.000000,0.000000,0.000000,0.000000,0.000000,0.000000,0.000000,0.000000,0.000000,0.000000,0.000000,0.000000,0.000000,0.000000,0.000000,0.000000,0.000000,0.000000,0.000000,0.000000,0.000000,302.673454,511.843929,-241.968460,304.322166,519.854443,-217.436771,306.393318,519.602530,-217.452869,308.707523,519.365230,-217.414017,296.667213,520.586128,-222.805824,293.144493,520.550380,-222.848244,289.226284,520.346854,-222.849483,309.966469,515.347087,-98.038654,279.609833,514.075291,-122.056789,307.020454,500.506103,-198.218384,296.103706,499.230659,-205.417480,334.294167,455.675511,-38.793151,253.107090,472.652435,-112.038660,342.316360,392.389455,-34.195199,211.450005,523.219564,-253.036118,345.184784,339.166703,-114.124689,216.942959,588.092694,-379.087753,347.045212,319.888487,-133.424559,215.690193,607.440004,-422.142487,343.838005,320.117483,-157.183609,219.491234,611.571797,-407.598381,341.084938,325.693130,-125.817490,221.731949,603.344443,-380.422325,312.766457,333.793960,26.917012,263.912010,333.108816,-27.029693,333.152695,244.166894,-52.227144,257.983150,239.362822,-44.980192,296.376133,191.770821,222.602806,240.321541,161.161194,193.801384,283.376770,193.136902,249.513130,237.415066,154.626646,212.489796,302.652836,145.077510,168.088875,249.716892,128.781610,97.193336,
0.000000,0.000000,0.000000,0.000000,0.000000,0.000000,0.000000,0.000000,0.000000,0.000000,0.000000,0.000000,0.000000,0.000000,0.000000,0.000000,0.000000,0.000000,0.000000,0.000000,0.000000,0.000000,0.000000,0.000000,0.000000,0.000000,0.000000,0.000000,0.000000,0.000000,0.000000,0.000000,0.000000,0.000000,0.000000,0.000000,0.000000,0.000000,0.000000,0.000000,0.000000,0.000000,0.000000,0.000000,0.000000,0.000000,0.000000,0.000000,0.000000,0.000000,0.000000,0.000000,302.317562,519.457755,-296.523933,303.782101,528.468926,-274.992466,305.793209,528.405368,-274.979706,308.003998,528.385262,-274.963074,295.773106,528.521154,-279.818764,292.044716,528.118887,-279.897766,288.007450,527.542019,-279.909458,308.842316,525.144296,-155.910091,278.235073,522.328942,-179.071083,306.281681,508.267643,-251.973763,295.312462,506.095870,-258.745117,335.069504,466.902552,-81.973782,253.398495,475.285013,-154.406281,346.744728,401.136138,-73.557029,211.772308,532.737372,-294.849968,350.268669,349.760914,-153.792906,213.234062,595.799099,-437.134247,352.463188,330.436177,-173.082619,211.061192,614.080188,-482.245293,349.237900,331.639566,-200.137596,214.535503,617.102587,-473.280563,346.109619,336.828074,-166.375027,217.187977,610.871837,-440.647507,319.086246,342.581863,25.619309,268.356438,339.859958,-25.687876,337.600975,251.243119,-29.897399,258.121452,240.887604,-48.140116,306.456604,192.608271,216.939678,240.848713,160.837355,141.676464,294.035530,192.846966,238.916016,238.216972,154.338856,153.536053,312.026310,146.492085,141.529646,249.563560,128.523302,18.438199,
0.000000,0.000000,0.000000,0.000000,0.000000,0.000000,0.000000,0.000000,0.000000,0.000000,0.000000,0.000000,0.000000,0.000000,0.000000,0.000000,0.000000,0.000000,0.000000,0.000000,0.000000,0.000000,0.000000,0.000000,0.000000,0.000000,0.000000,0.000000,0.000000,0.000000,0.000000,0.000000,0.000000,0.000000,0.000000,0.000000,0.000000,0.000000,0.000000,0.000000,0.000000,0.000000,0.000000,0.000000,0.000000,0.000000,0.000000,0.000000,0.000000,0.000000,0.000000,0.000000,303.165646,523.302412,-279.005699,304.430027,532.352657,-258.660278,306.355896,532.344224,-258.633366,308.434200,532.380574,-258.631592,296.720695,532.129669,-264.685917,292.961178,531.675947,-264.751625,288.904228,531.081376,-264.749050,308.018913,529.171793,-143.512135,278.236961,526.446991,-172.825928,307.005959,512.693138,-235.420856,296.221256,510.451670,-243.767567,335.546036,476.583974,-70.578852,254.036980,480.785515,-147.860641,352.016830,412.576897,-58.586617,212.954483,536.535144,-288.001251,356.551285,360.543008,-132.442427,209.950600,596.768557,-426.934280,359.030113,340.918293,-149.645338,206.545601,615.651501,-470.521011,354.947433,342.037697,-176.358013,209.956093,617.989701,-461.852570,351.593246,347.495842,-144.662685,213.229980,612.003236,-430.198097,326.290779,351.222181,23.891296,274.098721,349.419909,-23.923831,342.057190,259.225030,-17.700332,259.314575,254.328604,-47.230101,319.790897,191.797171,177.629757,242.033024,164.111195,104.520082,309.720974,190.321054,190.508995,241.318054,158.151326,112.960405,330.664978,146.882701,81.414509,247.730789,130.524187,-13.984905,
0.000000,0.000000,0.000000,0.000000,0.000000,0.000000,0.000000,0.000000,0.000000,0.000000,0.000000,0.000000,0.000000,0.000000,0.000000,0.000000,0.000000,0.000000,0.000000,0.000000,0.000000,0.000000,0.000000,0.000000,0.000000,0.000000,0.000000,0.000000,0.000000,0.000000,0.000000,0.000000,0.000000,0.000000,0.000000,0.000000,0.000000,0.000000,0.000000,0.000000,0.000000,0.000000,0.000000,0.000000,0.000000,0.000000,0.000000,0.000000,0.000000,0.000000,0.000000,0.000000,303.732872,524.474967,-314.810829,304.815521,533.623037,-294.979706,306.717930,533.806930,-294.958839,308.754482,534.015477,-294.966946,297.239113,532.618625,-300.941734,293.412971,531.807654,-301.016121,289.293156,530.922997,-301.001225,308.188229,530.664818,-175.046310,278.521576,526.207330,-203.423328,307.615147,514.203672,-268.898659,296.475468,511.659157,-277.180519,336.576004,481.147528,-91.048374,255.078564,483.311856,-167.904034,357.556000,417.062430,-73.256035,213.418732,535.010533,-299.402351,360.487633,362.870028,-144.607592,208.702259,595.012858,-439.284286,363.633537,344.921265,-162.554474,205.045071,613.843768,-485.528488,359.279900,345.631299,-191.707802,208.801994,616.050442,-477.733955,356.010323,350.374217,-157.738523,211.929436,609.889827,-442.931747,331.021118,353.292203,22.725399,278.686333,351.725235,-22.739854,344.512215,261.301875,8.010294,261.128292,258.299088,-33.229771,334.098587,190.969849,193.784409,242.111073,169.606032,114.852581,324.188004,188.836312,210.201778,242.594337,164.017210,120.538025,348.399429,147.189889,103.554726,242.385273,134.891768,-5.859150,
0.000000,0.000000,0.000000,0.000000,0.000000,0.000000,0.000000,0.000000,0.000000,0.000000,0.000000,0.000000,0.000000,0.000000,0.000000,0.000000,0.000000,0.000000,0.000000,0.000000,0.000000,0.000000,0.000000,0.000000,0.000000,0.000000,0.000000,0.000000,0.000000,0.000000,0.000000,0.000000,0.000000,0.000000,0.000000,0.000000,0.000000,0.000000,0.000000,0.000000,0.000000,0.000000,0.000000,0.000000,0.000000,0.000000,0.000000,0.000000,0.000000,0.000000,0.000000,0.000000,304.111385,525.596817,-316.367989,305.175514,534.774842,-296.422157,307.115364,535.085013,-296.391563,309.172821,535.417521,-296.396122,297.327385,533.358271,-300.249844,293.417110,532.435892,-300.327568,289.182549,531.419871,-300.306702,308.925896,531.925285,-174.947433,279.079285,526.404505,-194.976616,308.007717,515.447359,-270.373020,296.781368,512.495599,-276.226444,340.541458,480.861197,-89.594402,259.012642,484.015667,-153.566761,363.397408,416.193888,-70.310717,213.476906,530.657458,-285.460167,364.507332,360.634675,-141.881838,210.866642,589.561064,-440.422134,367.880707,342.855792,-160.279503,207.505226,612.413099,-487.314949,363.440132,343.604107,-189.695320,211.303120,613.130450,-479.435921,360.192108,348.313937,-154.742794,214.649925,604.660077,-444.249687,333.971176,354.734373,22.128642,282.211246,353.439317,-22.155497,345.672684,263.102560,21.439288,265.640411,257.893281,-29.531951,348.825607,186.479573,196.790504,243.288670,170.843582,118.001299,340.129776,177.122011,209.061432,244.286880,164.942937,126.621227,363.886948,147.174740,92.775898,242.390842,138.311176,1.535611,
0.000000,0.000000,0.000000,0.000000,0.000000,0.000000,0.000000,0.000000,0.000000,0.000000,0.000000,0.000000,0.000000,0.000000,0.000000,0.000000,0.000000,0.000000,0.000000,0.000000,0.000000,0.000000,0.000000,0.000000,0.000000,0.000000,0.000000,0.000000,0.000000,0.000000,0.000000,0.000000,0.000000,0.000000,0.000000,0.000000,0.000000,0.000000,0.000000,0.000000,0.000000,0.000000,0.000000,0.000000,0.000000,0.000000,0.000000,0.000000,0.000000,0.000000,0.000000,0.000000,305.002861,524.630771,-302.507534,305.438938,534.139996,-283.754768,307.415371,534.203317,-283.726768,309.349785,534.340496,-283.731117,297.484741,532.748873,-287.315578,293.660278,531.429849,-287.391624,289.479771,529.973710,-287.372856,309.197502,530.638447,-166.322479,279.147453,525.378935,-184.201069,309.201851,515.231431,-257.541542,298.594933,510.920477,-263.023109,343.713341,478.940713,-82.018490,262.593803,483.801241,-147.368450,365.438995,413.768485,-63.733034,214.010048,520.849006,-283.960838,369.995689,359.277520,-136.421947,211.154823,579.073048,-430.733528,374.284134,342.540879,-152.903461,209.043236,600.973188,-477.579613,369.394569,342.613020,-185.304260,212.740307,601.761231,-468.727531,365.695839,347.898088,-149.230680,214.886017,593.413156,-434.194794,335.943680,353.702602,19.919288,284.960632,353.010335,-20.011718,348.583755,262.651563,18.712709,270.173225,256.759372,-22.328939,361.105576,180.156083,191.418934,250.532932,170.655355,140.584183,355.466766,169.690747,203.614616,249.741230,164.971390,151.393070,377.417717,143.766704,84.102221,249.601898,137.988153,26.837256,
0.000000,0.000000,0.000000,0.000000,0.000000,0.000000,0.000000,0.000000,0.000000,0.000000,0.000000,0.000000,0.000000,0.000000,0.000000,0.000000,0.000000,0.000000,0.000000,0.000000,0.000000,0.000000,0.000000,0.000000,0.000000,0.000000,0.000000,0.000000,0.000000,0.000000,0.000000,0.000000,0.000000,0.000000,0.000000,0.000000,0.000000,0.000000,0.000000,0.000000,0.000000,0.000000,0.000000,0.000000,0.000000,0.000000,0.000000,0.000000,0.000000,0.000000,0.000000,0.000000,305.645390,521.915045,-267.999992,305.975552,531.577799,-253.175735,308.194923,531.930392,-253.099995,310.257759,532.356434,-253.084049,297.532749,529.363840,-253.699760,293.751411,528.038464,-253.757439,289.580956,526.513188,-253.716240,311.261959,529.348819,-164.398270,280.478935,521.935430,-159.951582,310.844002,513.114846,-230.646553,299.858456,508.223956,-232.159538,347.561493,478.192956,-80.468178,265.359154,480.525148,-111.134777,368.741264,411.771419,-60.795431,214.288216,507.685218,-226.307564,373.252220,351.991482,-107.670069,217.996864,565.812989,-357.501221,378.603477,335.357108,-120.097589,216.116009,586.040407,-398.254242,373.866844,334.362502,-144.153652,221.218605,586.484957,-384.357758,369.647675,340.371423,-117.178154,224.398136,577.500136,-358.514442,338.670731,351.614728,7.935454,287.579441,351.242094,-8.151084,351.621628,253.123584,16.880083,274.071770,253.688307,8.420334,372.972488,169.720960,155.681458,257.903862,170.795946,167.916260,370.745926,160.053592,164.481392,258.089809,165.286946,179.183846,386.306992,137.991071,47.191954,254.336414,137.772846,71.090689,
0.000000,0.000000,0.000000,0.000000,0.000000,0.000000,0.000000,0.000000,0.000000,0.000000,0.000000,0.000000,0.000000,0.000000,0.000000,0.000000,0.000000,0.000000,0.000000,0.000000,0.000000,0.000000,0.000000,0.000000,0.000000,0.000000,0.000000,0.000000,0.000000,0.000000,0.000000,0.000000,0.000000,0.000000,0.000000,0.000000,0.000000,0.000000,0.000000,0.000000,0.000000,0.000000,0.000000,0.000000,0.000000,0.000000,0.000000,0.000000,0.000000,0.000000,0.000000,0.000000,309.718628,512.654793,-283.107815,310.147285,521.489325,-268.174381,312.301846,521.914251,-268.090916,314.590855,522.429492,-268.071594,301.670132,519.656754,-269.483604,297.819862,518.648157,-269.557991,293.685799,517.437279,-269.526634,316.097565,519.414840,-170.127144,285.338383,512.712600,-177.515373,314.865875,504.167211,-245.560341,304.515114,500.029163,-248.163548,352.430725,469.884975,-103.566732,268.580379,471.772285,-113.248959,373.348389,403.586068,-87.380047,214.733639,492.601504,-237.054024,379.324341,340.993609,-136.225176,226.354275,551.133281,-370.885124,384.356766,323.588133,-151.277437,224.809608,571.543980,-411.933823,379.691086,322.693391,-174.618492,231.300278,571.849988,-398.115196,375.693893,328.555284,-145.925722,234.436321,562.559835,-371.631088,343.183517,343.730879,4.421317,292.202854,344.255476,-4.628872,355.359459,245.439677,15.057601,279.038143,249.625211,14.064583,383.411293,163.177142,143.846588,259.737549,169.414072,172.004070,381.438751,154.128656,151.045103,259.423561,162.603879,182.798271,391.979179,134.153624,29.369054,256.075287,137.661309,71.633530,
0.000000,0.000000,0.000000,0.000000,0.000000,0.000000,0.000000,0.000000,0.000000,0.000000,0.000000,0.000000,0.000000,0.000000,0.000000,0.000000,0.000000,0.000000,0.000000,0.000000,0.000000,0.000000,0.000000,0.000000,0.000000,0.000000,0.000000,0.000000,0.000000,0.000000,0.000000,0.000000,0.000000,0.000000,0.000000,0.000000,0.000000,0.000000,0.000000,0.000000,0.000000,0.000000,0.000000,0.000000,0.000000,0.000000,0.000000,0.000000,0.000000,0.000000,0.000000,0.000000,313.834591,504.808002,-273.573055,314.481544,512.905505,-258.968601,316.817932,513.158963,-258.867130,319.386024,513.456924,-258.829403,305.718346,511.674714,-259.831486,301.815586,510.891702,-259.901066,297.667427,509.920142,-259.881840,321.698303,510.124247,-162.461491,290.033665,505.485849,-172.991409,319.083519,495.999649,-238.719673,309.008083,492.784560,-240.344830,356.250839,458.367248,-98.314457,273.503056,461.878581,-115.427818,376.549988,392.191679,-87.038403,216.109657,480.761011,-240.043697,382.661705,330.858636,-137.799664,235.547733,538.962672,-372.009888,388.430481,313.548903,-153.487110,234.457664,557.108266,-412.494316,383.764725,312.874146,-175.261173,241.546154,557.877202,-396.040611,379.745026,318.327270,-147.187910,244.373436,550.039637,-371.431808,345.934410,332.759013,1.105897,295.694218,333.683195,-1.314889,358.378220,236.575298,14.976054,280.923462,243.229365,32.148170,388.619194,158.822393,156.815205,259.878998,166.408710,210.763969,388.403473,150.841727,166.005650,260.228672,159.542170,224.438972,391.285477,130.034480,48.988318,256.875038,137.551446,120.675640,
0.000000,0.000000,0.000000,0.000000,0.000000,0.000000,0.000000,0.000000,0.000000,0.000000,0.000000,0.000000,0.000000,0.000000,0.000000,0.000000,0.000000,0.000000,0.000000,0.000000,0.000000,0.000000,0.000000,0.000000,0.000000,0.000000,0.000000,0.000000,0.000000,0.000000,0.000000,0.000000,0.000000,0.000000,0.000000,0.000000,0.000000,0.000000,0.000000,0.000000,0.000000,0.000000,0.000000,0.000000,0.000000,0.000000,0.000000,0.000000,0.000000,0.000000,0.000000,0.000000,317.011375,498.489919,-271.960602,318.322601,506.149578,-256.192055,320.742264,506.254978,-256.102543,323.125076,506.389089,-256.065731,309.360104,505.177009,-256.271420,305.440025,504.507208,-256.344757,301.541958,503.605084,-256.341858,326.168633,502.261233,-160.006866,294.867821,498.539679,-161.332588,322.618332,489.164865,-236.918049,311.599846,486.908977,-237.213326,360.544662,448.933768,-95.549707,277.678375,453.718936,-113.041897,379.833298,382.009027,-91.837120,220.178394,474.954200,-242.700005,386.114273,322.834153,-149.626446,241.850796,532.956905,-387.008591,392.001801,306.032925,-168.684216,242.372494,550.800430,-431.448975,387.738876,305.609479,-191.906853,249.127388,550.911484,-413.477249,383.556709,311.066637,-160.048523,251.330891,543.620800,-386.315079,349.926834,325.572581,0.437678,299.749489,325.628285,-0.586524,362.416954,232.112746,16.450752,282.486382,236.946859,27.763186,390.442657,152.957025,164.830589,260.003319,162.375612,201.251297,389.898720,144.221435,174.202824,260.732231,155.909858,213.623295,391.558800,127.451792,51.538482,257.233829,135.347099,99.588280,
0.000000,0.000000,0.000000,0.000000,0.000000,0.000000,0.000000,0.000000,0.000000,0.000000,0.000000,0.000000,0.000000,0.000000,0.000000,0.000000,0.000000,0.000000,0.000000,0.000000,0.000000,0.000000,0.000000,0.000000,0.000000,0.000000,0.000000,0.000000,0.000000,0.000000,0.000000,0.000000,0.000000,0.000000,0.000000,0.000000,0.000000,0.000000,0.000000,0.000000,0.000000,0.000000,0.000000,0.000000,0.000000,0.000000,0.000000,0.000000,0.000000,0.000000,0.000000,0.000000,323.635979,495.613046,-288.177299,324.413605,502.756755,-270.386963,326.813812,502.938416,-270.311928,329.310303,503.157799,-270.285225,316.514091,501.743288,-271.002388,312.915230,501.161978,-271.088772,309.473152,500.482135,-271.103935,332.336655,498.944585,-166.640530,301.802158,494.712253,-171.024075,329.634399,486.471519,-250.048752,319.646206,484.240651,-251.541023,366.084671,444.303396,-103.982048,282.750854,451.525126,-129.035206,383.900108,378.166752,-103.300209,224.182777,473.397875,-270.596275,389.474754,319.735880,-164.146519,246.441326,531.858444,-418.167191,395.160637,302.951431,-183.466415,248.177490,548.969350,-464.160233,390.952988,302.182002,-207.417641,255.255470,549.242527,-446.501350,386.796913,307.509856,-174.842949,257.108955,542.882152,-417.547035,354.635201,323.090143,2.572601,305.064335,324.043722,-2.719332,364.079056,231.865683,26.277361,285.413761,235.048456,19.695454,388.125725,154.960184,207.002125,261.246700,162.256608,206.089439,386.846962,147.197013,219.343796,261.427670,156.157179,220.194702,393.296013,128.269844,95.787544,257.651615,135.040898,102.509508,
0.000000,0.000000,0.000000,0.000000,0.000000,0.000000,0.000000,0.000000,0.000000,0.000000,0.000000,0.000000,0.000000,0.000000,0.000000,0.000000,0.000000,0.000000,0.000000,0.000000,0.000000,0.000000,0.000000,0.000000,0.000000,0.000000,0.000000,0.000000,0.000000,0.000000,0.000000,0.000000,0.000000,0.000000,0.000000,0.000000,0.000000,0.000000,0.000000,0.000000,0.000000,0.000000,0.000000,0.000000,0.000000,0.000000,0.000000,0.000000,0.000000,0.000000,0.000000,0.000000,328.334618,496.590829,-315.986633,329.176216,504.283941,-298.333340,331.478386,504.477832,-298.268166,333.795624,504.736891,-298.248558,320.770187,503.213568,-299.674797,317.292233,502.644725,-299.769650,313.876648,501.940269,-299.783878,336.718292,500.652058,-191.419773,306.805630,495.787776,-199.685631,334.319115,487.350254,-276.062679,324.007225,485.198479,-278.746490,371.469154,445.472689,-125.830317,287.519932,453.565063,-151.854115,388.989372,379.577937,-122.181177,228.795261,473.291230,-288.331337,393.406563,320.194645,-181.690674,247.367020,533.816156,-434.408150,398.532372,303.082581,-200.791588,247.412071,552.605900,-479.212723,394.126816,302.568455,-224.355507,254.963646,552.849594,-463.811035,390.191727,307.981968,-192.124252,257.263393,546.086426,-434.512711,359.087257,323.901200,3.752424,309.514256,324.623895,-3.899800,365.360794,233.258286,46.610961,287.158108,236.461959,19.896272,384.313736,156.793013,231.138840,261.725616,162.546630,202.369080,382.046127,148.930836,243.997059,262.228603,156.184430,216.093254,395.010338,128.711743,128.899946,257.322197,134.935713,100.642052,
0.000000,0.000000,0.000000,0.000000,0.000000,0.000000,0.000000,0.000000,0.000000,0.000000,0.000000,0.000000,0.000000,0.000000,0.000000,0.000000,0.000000,0.000000,0.000000,0.000000,0.000000,0.000000,0.000000,0.000000,0.000000,0.000000,0.000000,0.000000,0.000000,0.000000,0.000000,0.000000,0.000000,0.000000,0.000000,0.000000,0.000000,0.000000,0.000000,0.000000,0.000000,0.000000,0.000000,0.000000,0.000000,0.000000,0.000000,0.000000,0.000000,0.000000,0.000000,0.000000,333.995590,498.775134,-304.607658,333.717575,506.706169,-286.184902,335.748062,506.891048,-286.121311,337.850876,507.134593,-286.098747,326.000557,505.644314,-288.982487,322.688255,505.038629,-289.059601,319.481544,504.288468,-289.051418,340.250435,503.146856,-178.120766,312.026424,498.458140,-190.740986,339.093056,489.318888,-263.581791,330.278320,486.822224,-267.799416,377.144318,448.453975,-113.974991,291.398926,456.629949,-149.946642,394.560051,382.398312,-110.604496,234.537125,475.494568,-284.332466,397.396812,323.786960,-171.900291,245.873241,535.453269,-424.375000,401.606636,306.456327,-190.469322,244.433422,554.033843,-470.239525,397.150078,305.773973,-214.185524,251.317463,554.625850,-453.573875,393.677979,311.512699,-182.435169,254.148674,548.940200,-424.460373,363.919678,326.310983,4.098489,314.275417,327.080841,-4.240332,369.042778,234.391894,36.223507,289.949532,238.253889,12.070290,383.451614,157.888556,220.356445,263.227139,162.731338,167.084026,380.330620,150.079036,234.564095,264.410286,155.754762,177.846146,393.749008,129.445295,114.460964,257.111702,135.073428,62.830572,
0.000000,0.000000,0.000000,0.000000,0.000000,0.000000,0.000000,0.000000,0.000000,0.000000,0.000000,0.000000,0.000000,0.000000,0.000000,0.000000,0.000000,0.000000,0.000000,0.000000,0.000000,0.000000,0.000000,0.000000,0.000000,0.000000,0.000000,0.000000,0.000000,0.000000,0.000000,0.000000,0.000000,0.000000,0.000000,0.000000,0.000000,0.000000,0.000000,0.000000,0.000000,0.000000,0.000000,0.000000,0.000000,0.000000,0.000000,0.000000,0.000000,0.000000,0.000000,0.000000,338.014412,506.248305,-277.000523,338.123093,513.973904,-260.076180,340.180206,514.094753,-260.044975,342.311974,514.196570,-260.040398,330.305595,513.078282,-259.948883,327.075043,512.443306,-260.030251,323.969383,511.669886,-260.041237,344.782829,509.851906,-160.345554,316.985416,505.235202,-161.207943,342.973938,496.838386,-239.656105,333.813858,495.825584,-240.196266,382.629318,454.894710,-111.543789,295.857582,460.596035,-110.557594,400.638046,389.847300,-111.893473,238.146210,476.676092,-239.826107,402.317314,336.476083,-191.671009,243.835659,532.584894,-402.733727,406.881561,317.504711,-214.553509,243.590889,551.183546,-445.443878,401.342583,318.717113,-237.427769,250.480671,553.041844,-437.825699,397.459183,323.980808,-202.300377,253.852024,546.672864,-405.916786,368.701859,330.845976,3.906079,319.531746,332.834587,-4.034583,373.901291,234.563684,21.038022,293.886681,243.290133,-3.477493,384.162102,156.899099,171.504517,266.335182,164.068708,135.498276,381.199989,147.336960,180.404282,267.745113,155.817375,144.085255,393.794937,129.468641,63.844314,256.977081,135.238223,27.536035,
0.000000,0.000000,0.000000,0.000000,0.000000,0.000000,0.000000,0.000000,0.000000,0.000000,0.000000,0.000000,0.000000,0.000000,0.000000,0.000000,0.000000,0.000000,0.000000,0.000000,0.000000,0.000000,0.000000,0.000000,0.000000,0.000000,0.000000,0.000000,0.000000,0.000000,0.000000,0.000000,0.000000,0.000000,0.000000,0.000000,0.000000,0.000000,0.000000,0.000000,0.000000,0.000000,0.000000,0.000000,0.000000,0.000000,0.000000,0.000000,0.000000,0.000000,0.000000,0.000000,343.325844,516.304786,-277.087212,343.250694,523.846793,-260.600319,345.294762,523.945777,-260.565090,347.487106,523.948975,-260.561485,335.467491,523.081763,-260.918541,332.096176,522.474875,-260.997715,328.717537,521.687722,-261.007195,349.431267,519.481874,-162.621117,321.286087,515.353675,-161.909046,348.280411,506.747732,-239.833279,338.568268,506.077931,-240.791206,387.212563,464.661813,-107.918615,298.337250,470.983415,-113.786507,405.542526,400.893624,-105.681696,242.664833,474.223974,-236.641712,408.455658,348.096099,-176.572170,239.077568,530.024350,-402.471848,412.310104,330.087662,-196.692772,236.061954,548.046080,-444.331894,407.052345,332.031727,-220.347042,242.005787,551.353930,-437.499161,403.401108,337.132173,-187.187729,245.744247,544.189128,-405.761223,373.171196,341.538978,2.592475,322.884331,343.710237,-2.736227,377.529945,242.248578,-2.682489,298.068886,252.300253,-4.775494,387.055435,157.451720,135.680332,272.011814,170.636344,132.617769,384.232979,148.776169,143.182344,274.631748,161.538076,141.239901,392.766724,129.756088,26.149271,257.869816,139.371014,29.478552,
0.000000,0.000000,0.000000,0.000000,0.000000,0.000000,0.000000,0.000000,0.000000,0.000000,0.000000,0.000000,0.000000,0.000000,0.000000,0.000000,0.000000,0.000000,0.000000,0.000000,0.000000,0.000000,0.000000,0.000000,0.000000,0.000000,0.000000,0.000000,0.000000,0.000000,0.000000,0.000000,0.000000,0.000000,0.000000,0.000000,0.000000,0.000000,0.000000,0.000000,0.000000,0.000000,0.000000,0.000000,0.000000,0.000000,0.000000,0.000000,0.000000,0.000000,0.000000,0.000000,348.784027,524.788334,-254.307079,348.459969,531.900523,-239.148407,350.453644,531.869602,-239.129314,352.611008,531.834948,-239.135532,341.223526,531.421587,-240.254555,337.823067,530.914800,-240.317974,334.566612,530.293643,-240.318031,354.611893,527.479212,-142.064543,326.324234,524.562707,-147.011385,353.374023,514.916325,-216.903801,344.075508,514.410889,-218.841057,390.708466,474.134474,-86.576481,303.450832,480.561926,-88.962526,410.993385,413.611565,-78.385458,251.585197,473.489735,-207.580471,415.934219,360.015986,-154.710922,238.942337,520.867095,-404.825821,419.909286,343.452444,-173.688259,231.713352,537.714522,-448.409920,415.206223,345.179615,-199.039555,236.484699,541.805921,-450.051689,411.312103,349.810824,-165.450935,241.987572,535.623772,-411.606865,377.865677,349.803743,-0.302742,326.012344,351.466455,0.139794,383.625717,246.990294,-16.650364,303.091526,257.690635,-4.249377,392.282944,159.665766,131.517467,278.402443,175.696836,134.892292,390.327530,152.194204,139.625978,280.667572,167.139602,143.507385,393.675308,129.959164,20.514784,264.496002,142.771626,32.854691,
0.000000,0.000000,0.000000,0.000000,0.000000,0.000000,0.000000,0.000000,0.000000,0.000000,0.000000,0.000000,0.000000,0.000000,0.000000,0.000000,0.000000,0.000000,0.000000,0.000000,0.000000,0.000000,0.000000,0.000000,0.000000,0.000000,0.000000,0.000000,0.000000,0.000000,0.000000,0.000000,0.000000,0.000000,0.000000,0.000000,0.000000,0.000000,0.000000,0.000000,0.000000,0.000000,0.000000,0.000000,0.000000,0.000000,0.000000,0.000000,0.000000,0.000000,0.000000,0.000000,355.563850,529.522455,-208.484459,355.256004,536.666379,-192.472210,357.103310,536.672001,-192.464123,359.059219,536.733842,-192.472000,348.395309,536.455085,-196.049309,344.898987,536.237268,-196.094341,341.382256,536.039128,-196.075497,360.420914,532.569401,-93.666391,332.048912,530.410287,-110.605145,359.733200,519.760695,-170.498657,350.207863,518.962855,-175.607147,394.304886,480.120585,-36.119061,308.201809,486.995173,-58.186016,418.647881,422.087839,-15.129845,256.908875,468.619337,-177.868767,430.346146,372.463260,-88.845806,237.626572,506.089861,-400.872002,435.525017,355.228801,-104.091558,226.809978,521.751559,-446.296272,431.890945,355.724688,-131.364975,230.429096,526.049080,-450.502243,428.276138,360.382504,-100.661716,236.698952,519.606457,-410.865822,381.987724,354.623952,-0.702228,329.857941,355.252275,0.546432,388.755798,251.655064,-15.396891,308.765602,260.324092,-2.312853,398.490257,161.066394,112.228489,286.150780,178.018556,137.748013,397.729416,153.904123,117.896996,289.736843,169.792929,146.401806,395.596619,130.848455,-0.423729,274.345741,147.156758,38.685143,
0.000000,0.000000,0.000000,0.000000,0.000000,0.000000,0.000000,0.000000,0.000000,0.000000,0.000000,0.000000,0.000000,0.000000,0.000000,0.000000,0.000000,0.000000,0.000000,0.000000,0.000000,0.000000,0.000000,0.000000,0.000000,0.000000,0.000000,0.000000,0.000000,0.000000,0.000000,0.000000,0.000000,0.000000,0.000000,0.000000,0.000000,0.000000,0.000000,0.000000,0.000000,0.000000,0.000000,0.000000,0.000000,0.000000,0.000000,0.000000,0.000000,0.000000,0.000000,0.000000,361.007843,531.636100,-174.933128,360.944481,538.618877,-158.696690,362.930031,538.533347,-158.712406,364.897919,538.528197,-158.723583,354.222145,538.624756,-161.228676,350.809898,538.523755,-161.258297,347.200432,538.441808,-161.232357,366.180573,533.992538,-65.399642,338.016815,532.847407,-78.160644,364.736290,521.695061,-139.959641,355.412102,521.144671,-143.718081,398.651199,481.447012,-19.310516,313.149376,486.678500,-24.689188,429.983902,431.582816,-1.621168,264.414177,462.250550,-120.585728,447.247696,388.100560,-70.941744,237.103367,488.912609,-319.458733,457.186012,373.376498,-86.942148,224.060879,501.621108,-359.084969,453.105316,372.168517,-111.025925,227.799568,507.057688,-372.567978,448.187714,377.268534,-81.791515,233.976402,502.239282,-331.689987,384.649239,356.136975,-1.663759,333.188400,356.625996,1.528735,392.269211,255.001945,-12.591363,313.387203,262.475781,-1.418758,404.733658,163.030028,95.147696,295.543671,180.709476,125.272102,403.827286,155.887327,98.831263,298.894558,172.579122,132.184324,404.099197,134.466391,-15.460005,288.261566,149.437881,31.330333,
0.000000,0.000000,0.000000,0.000000,0.000000,0.000000,0.000000,0.000000,0.000000,0.000000,0.000000,0.000000,0.000000,0.000000,0.000000,0.000000,0.000000,0.000000,0.000000,0.000000,0.000000,0.000000,0.000000,0.000000,0.000000,0.000000,0.000000,0.000000,0.000000,0.000000,0.000000,0.000000,0.000000,0.000000,0.000000,0.000000,0.000000,0.000000,0.000000,0.000000,0.000000,0.000000,0.000000,0.000000,0.000000,0.000000,0.000000,0.000000,0.000000,0.000000,0.000000,0.000000,368.070145,530.075848,-178.296413,367.389450,537.206340,-162.324734,369.499130,537.196920,-162.370033,371.483078,537.285025,-162.387428,360.192566,536.985047,-163.637886,356.604233,536.807871,-163.662872,352.754364,536.617155,-163.624763,372.265358,532.819018,-62.973480,343.549767,531.200852,-69.976997,371.886711,520.172703,-140.939665,362.705421,519.402502,-143.045807,404.634018,480.686381,-10.242832,318.639736,485.822124,-0.504614,442.543030,438.101292,0.266882,274.095554,457.997618,-84.909515,463.490372,407.684505,-98.313456,236.991539,467.454143,-319.279175,474.877930,396.212461,-117.697277,222.565918,474.789770,-362.632866,470.558815,395.338812,-141.601181,225.341072,479.001760,-381.594810,465.487556,398.352928,-110.357494,231.949406,475.756996,-334.629173,388.111000,355.713186,-3.049300,337.068329,356.252546,2.960824,394.673500,254.873543,-9.010413,319.915714,261.096697,-2.185874,410.810127,165.593576,121.105480,305.202827,180.339589,129.537659,410.606194,160.347047,128.012943,308.422337,172.528911,137.112904,412.171745,136.401229,12.059226,300.267696,148.735528,29.673893,
0.000000,0.000000,0.000000,0.000000,0.000000,0.000000,0.000000,0.000000,0.000000,0.000000,0.000000,0.000000,0.000000,0.000000,0.000000,0.000000,0.000000,0.000000,0.000000,0.000000,0.000000,0.000000,0.000000,0.000000,0.000000,0.000000,0.000000,0.000000,0.000000,0.000000,0.000000,0.000000,0.000000,0.000000,0.000000,0.000000,0.000000,0.000000,0.000000,0.000000,0.000000,0.000000,0.000000,0.000000,0.000000,0.000000,0.000000,0.000000,0.000000,0.000000,0.000000,0.000000,374.412727,528.477252,-147.540941,373.580284,535.519595,-130.980272,375.374527,535.514209,-131.027279,377.188454,535.600641,-131.041212,366.965942,535.274699,-133.086882,363.323097,535.071001,-133.111286,359.433823,534.851489,-133.075771,377.300072,531.199651,-36.869626,349.284363,529.268739,-47.748842,378.115463,518.672040,-113.036175,368.979568,517.738137,-116.326265,408.092117,478.857629,-0.544634,320.521774,484.215159,15.610592,444.390373,443.008597,-16.042894,281.673336,449.527931,-29.240618,472.634010,424.247103,-144.561157,240.821819,444.529324,-209.528694,486.580505,418.849082,-172.978134,223.446083,446.310525,-242.844353,484.887466,420.586574,-199.814453,226.439152,449.790187,-268.248901,479.032555,421.365788,-159.372759,232.678165,448.493071,-226.016350,390.611458,354.406328,-4.964320,339.887238,354.822950,4.919302,397.442284,254.184580,-0.829163,328.153305,259.942789,0.140308,417.408218,165.592117,112.017851,313.469963,179.353995,117.875910,415.514183,160.123844,115.651636,315.464363,171.612668,122.855911,418.758583,136.298146,0.496348,310.264130,147.873831,15.344235,
0.000000,0.000000,0.000000,0.000000,0.000000,0.000000,0.000000,0.000000,0.000000,0.000000,0.000000,0.000000,0.000000,0.000000,0.000000,0.000000,0.000000,0.000000,0.000000,0.000000,0.000000,0.000000,0.000000,0.000000,0.000000,0.000000,0.000000,0.000000,0.000000,0.000000,0.000000,0.000000,0.000000,0.000000,0.000000,0.000000,0.000000,0.000000,0.000000,0.000000,0.000000,0.000000,0.000000,0.000000,0.000000,0.000000,0.000000,0.000000,0.000000,0.000000,0.000000,0.000000,379.909325,524.975359,-146.090727,379.451981,530.386019,-129.759140,381.378403,530.418742,-129.788847,383.250847,530.506268,-129.800110,372.158623,530.001175,-131.262255,368.487244,529.728792,-131.274595,364.663734,529.494882,-131.243792,382.713356,526.332321,-41.136770,356.054955,524.438617,-48.628173,383.641815,516.196940,-113.987608,374.345779,514.581842,-116.174374,412.927017,477.270963,0.659226,328.744316,478.847802,15.234134,446.408768,446.061487,42.723684,289.295502,438.024452,70.122590,480.630722,438.912113,-5.281787,249.773903,423.310690,32.303405,495.817719,438.547525,-15.661671,231.725578,419.362371,21.505809,494.150887,443.013768,-47.128162,230.651493,420.770380,-10.215390,487.264175,442.733767,-20.116069,238.060417,420.908482,17.081391,393.063316,354.150167,-6.260289,343.881416,354.174027,6.211520,401.075134,253.795938,-5.390624,333.418999,257.631540,5.340582,421.691475,165.584049,110.363770,318.999081,178.749318,126.504822,421.655884,159.968190,115.142193,321.002541,171.509843,130.360489,419.501419,136.220212,4.257025,311.912804,147.621317,36.667399,
0.000000,0.000000,0.000000,0.000000,0.000000,0.000000,0.000000,0.000000,0.000000,0.000000,0.000000,0.000000,0.000000,0.000000,0.000000,0.000000,0.000000,0.000000,0.000000,0.000000,0.000000,0.000000,0.000000,0.000000,0.000000,0.000000,0.000000,0.000000,0.000000,0.000000,0.000000,0.000000,0.000000,0.000000,0.000000,0.000000,0.000000,0.000000,0.000000,0.000000,0.000000,0.000000,0.000000,0.000000,0.000000,0.000000,0.000000,0.000000,0.000000,0.000000,0.000000,0.000000,385.620499,514.411855,-169.027710,385.134468,520.223579,-153.230667,387.000771,520.462983,-153.265486,388.890610,520.790427,-153.261204,377.232742,519.352655,-155.873823,373.198929,518.997724,-155.889235,369.056816,518.651118,-155.874271,388.603172,516.923862,-62.109962,359.972000,514.310596,-72.609720,389.248772,505.657082,-135.487537,379.103928,503.172605,-138.702984,419.368057,470.298057,-17.779758,333.831711,467.714639,-15.310915,453.700943,448.621345,-113.667221,297.228909,424.775755,-26.226230,488.496017,456.794229,-314.253960,260.389156,399.134824,-111.702070,504.083405,461.693122,-351.068420,243.404846,392.985570,-129.978104,500.325928,466.284914,-370.936584,242.925453,394.018071,-156.984177,493.125572,463.936393,-328.963242,250.594597,395.540621,-125.600357,397.964554,347.178483,-5.605438,348.028755,345.775838,5.553278,405.689430,251.970706,-4.585423,338.492355,251.666007,5.047524,423.033676,163.948674,107.810440,319.751949,177.703257,120.584660,421.946602,158.741069,112.046003,320.319633,171.276083,125.860910,422.549057,135.984821,-3.740718,313.009834,147.577457,20.684390,
0.000000,0.000000,0.000000,0.000000,0.000000,0.000000,0.000000,0.000000,0.000000,0.000000,0.000000,0.000000,0.000000,0.000000,0.000000,0.000000,0.000000,0.000000,0.000000,0.000000,0.000000,0.000000,0.000000,0.000000,0.000000,0.000000,0.000000,0.000000,0.000000,0.000000,0.000000,0.000000,0.000000,0.000000,0.000000,0.000000,0.000000,0.000000,0.000000,0.000000,0.000000,0.000000,0.000000,0.000000,0.000000,0.000000,0.000000,0.000000,0.000000,0.000000,0.000000,0.000000,392.877541,506.996834,-179.747925,391.280937,512.987795,-163.941154,392.600632,513.243141,-163.969917,393.926163,513.606012,-163.958225,384.622917,512.083054,-166.029949,380.792351,511.542063,-166.046085,376.474190,510.880909,-166.042976,390.915871,508.887620,-71.082406,365.854340,505.372274,-81.782980,395.495453,498.546224,-146.543503,386.790276,496.196737,-149.196577,423.763580,462.782593,-50.347595,338.896255,457.854130,-23.988581,463.087883,449.185188,-182.181053,303.488503,413.621135,6.318868,493.130264,474.414647,-405.369339,268.761196,379.144535,-21.960118,506.890259,482.590814,-444.977417,253.094521,370.283439,-29.803281,502.828789,486.756263,-458.253441,253.482857,370.549986,-59.129696,496.938553,483.411570,-417.992668,260.746727,373.180997,-35.401065,402.251472,337.647200,-7.572082,353.203316,336.887126,7.549568,408.514824,245.906382,-4.449212,343.479996,244.934950,6.198689,422.516556,161.373796,112.342434,317.947025,173.605270,130.807543,421.290016,155.412469,116.314535,317.528591,168.358955,136.689882,422.994347,135.111623,-0.533177,310.121212,146.565728,29.769270,
0.000000,0.000000,0.000000,0.000000,0.000000,0.000000,0.000000,0.000000,0.000000,0.000000,0.000000,0.000000,0.000000,0.000000,0.000000,0.000000,0.000000,0.000000,0.000000,0.000000,0.000000,0.000000,0.000000,0.000000,0.000000,0.000000,0.000000,0.000000,0.000000,0.000000,0.000000,0.000000,0.000000,0.000000,0.000000,0.000000,0.000000,0.000000,0.000000,0.000000,0.000000,0.000000,0.000000,0.000000,0.000000,0.000000,0.000000,0.000000,0.000000,0.000000,0.000000,0.000000,397.517815,499.897928,-150.753403,396.038780,506.041968,-134.265575,397.226906,506.081192,-134.301348,398.434143,506.140931,-134.282255,389.961090,505.697851,-136.467495,386.313133,505.341375,-136.472960,382.217026,504.845896,-136.497974,395.348930,500.765204,-50.337234,371.454849,498.555923,-59.047956,399.233780,491.198130,-120.808554,391.553764,489.646139,-123.340607,424.935837,459.583104,-39.897499,343.574829,451.394083,-7.225560,465.611534,453.677802,-153.547773,310.876732,402.555542,21.494725,491.802101,487.852750,-353.248711,279.127865,363.719172,-22.837055,503.115768,501.780646,-390.715637,263.955326,352.364416,-31.898942,499.456825,504.638250,-402.204475,265.046482,352.421021,-62.039227,495.042038,499.737082,-364.714890,271.903191,355.742927,-36.790295,405.168533,332.214890,-8.373114,355.242195,332.207208,8.336872,409.465103,241.162648,-22.342627,346.667824,242.166395,-8.960111,419.649887,160.188003,97.784929,317.446899,171.566577,113.948717,417.844582,153.339915,103.606119,315.817451,166.772761,120.333080,420.331535,134.433217,-8.957378,311.641178,146.348748,15.898324,
0.000000,0.000000,0.000000,0.000000,0.000000,0.000000,0.000000,0.000000,0.000000,0.000000,0.000000,0.000000,0.000000,0.000000,0.000000,0.000000,0.000000,0.000000,0.000000,0.000000,0.000000,0.000000,0.000000,0.000000,0.000000,0.000000,0.000000,0.000000,0.000000,0.000000,0.000000,0.000000,0.000000,0.000000,0.000000,0.000000,0.000000,0.000000,0.000000,0.000000,0.000000,0.000000,0.000000,0.000000,0.000000,0.000000,0.000000,0.000000,0.000000,0.000000,0.000000,0.000000,398.113174,498.138163,-139.743481,396.852722,503.800285,-126.524267,398.084831,503.712780,-126.551228,399.337158,503.635554,-126.523943,390.924568,503.600600,-125.275002,387.483749,503.297338,-125.292835,384.462967,502.893827,-125.348873,398.066978,498.740931,-53.631124,376.959000,496.796458,-47.984481,400.355988,488.956490,-113.705540,392.956200,488.066382,-111.975498,427.859802,458.183055,-40.521631,347.687607,448.319757,0.057243,468.240967,459.170558,-160.817757,317.565517,394.496942,39.235885,488.460999,504.575186,-339.582825,287.453804,348.815703,2.714415,496.748505,518.660281,-374.033241,272.612972,336.508527,-2.826366,493.651009,521.785483,-381.213875,274.600868,336.693707,-32.453945,489.487991,516.186018,-348.499527,280.638733,340.123715,-10.787441,407.913589,326.986041,-9.315675,358.252869,328.566442,9.252177,410.968704,237.409959,-16.718938,346.773224,238.399372,-4.687292,418.948288,159.561481,99.192133,317.325172,171.529970,134.526396,417.023926,151.905041,111.277027,315.877571,166.771045,143.547611,421.630783,134.369144,14.000510,312.336311,146.237125,48.520861,
0.000000,0.000000,0.000000,0.000000,0.000000,0.000000,0.000000,0.000000,0.000000,0.000000,0.000000,0.000000,0.000000,0.000000,0.000000,0.000000,0.000000,0.000000,0.000000,0.000000,0.000000,0.000000,0.000000,0.000000,0.000000,0.000000,0.000000,0.000000,0.000000,0.000000,0.000000,0.000000,0.000000,0.000000,0.000000,0.000000,0.000000,0.000000,0.000000,0.000000,0.000000,0.000000,0.000000,0.000000,0.000000,0.000000,0.000000,0.000000,0.000000,0.000000,0.000000,0.000000,402.615471,499.986248,-148.254833,402.602196,505.740831,-131.815739,404.336090,505.498724,-131.846409,406.037292,505.217049,-131.822815,395.269051,505.893009,-133.248844,391.591492,505.684440,-133.255672,387.834091,505.351031,-133.287964,405.280266,500.404930,-45.483541,379.589195,499.455085,-51.531172,404.933891,490.385442,-117.162056,396.203880,489.793510,-118.941936,430.194359,459.132149,-29.176688,350.769463,451.907651,6.209084,467.758636,465.537522,-149.233475,323.518829,392.778289,56.743240,489.411049,511.519446,-338.174133,297.038975,344.563265,30.688291,494.462357,528.860700,-376.060562,284.802666,331.323109,24.569945,491.162872,531.322517,-382.296677,286.434746,330.727143,-4.426483,487.644958,523.479846,-347.381210,291.613674,334.253798,18.537601,409.416733,328.759260,-9.435608,359.953537,330.506773,9.396570,411.587868,238.038411,-12.486459,345.825920,240.230355,-5.752050,418.665810,159.704776,108.303642,317.034702,171.027174,123.017168,416.962814,151.969972,117.164364,315.881958,166.212587,130.122862,422.328529,134.410815,11.093953,311.301880,146.091084,24.333122,
0.000000,0.000000,0.000000,0.000000,0.000000,0.000000,0.000000,0.000000,0.000000,0.000000,0.000000,0.000000,0.000000,0.000000,0.000000,0.000000,0.000000,0.000000,0.000000,0.000000,0.000000,0.000000,0.000000,0.000000,0.000000,0.000000,0.000000,0.000000,0.000000,0.000000,0.000000,0.000000,0.000000,0.000000,0.000000,0.000000,0.000000,0.000000,0.000000,0.000000,0.000000,0.000000,0.000000,0.000000,0.000000,0.000000,0.000000,0.000000,0.000000,0.000000,0.000000,0.000000,405.629311,501.687605,-98.976002,405.692787,506.313686,-83.020029,407.334671,506.425738,-83.040733,408.989677,506.516161,-83.015347,398.851318,506.479576,-84.270592,395.607567,506.552510,-84.277782,392.132416,506.554184,-84.307938,407.768936,502.325521,-5.531471,383.472672,500.266807,-10.329435,408.027802,491.641402,-71.420097,399.289169,492.246144,-72.914495,431.776085,462.387943,-6.970960,353.890839,453.487451,33.328953,468.380394,479.693406,-146.448421,331.362839,399.463041,82.320461,491.620674,526.744287,-348.984795,307.772942,350.438976,67.154970,498.551521,541.905012,-389.218292,297.078152,334.782858,61.565409,495.467758,543.826278,-397.460938,299.314766,333.926268,35.322506,491.566849,538.142238,-359.718132,303.970604,338.611894,56.230078,410.825653,330.100107,-11.439701,361.213608,331.541762,11.388239,410.706749,238.586011,-23.156533,343.263435,240.780315,-8.066273,418.455734,159.892874,92.495337,316.983700,172.461920,113.230133,416.534843,152.120304,98.833151,316.369877,167.292681,119.531469,422.335625,134.406910,-11.228496,311.385155,146.143870,16.427524,
0.000000,0.000000,0.000000,0.000000,0.000000,0.000000,0.000000,0.000000,0.000000,0.000000,0.000000,0.000000,0.000000,0.000000,0.000000,0.000000,0.000000,0.000000,0.000000,0.000000,0.000000,0.000000,0.000000,0.000000,0.000000,0.000000,0.000000,0.000000,0.000000,0.000000,0.000000,0.000000,0.000000,0.000000,0.000000,0.000000,0.000000,0.000000,0.000000,0.000000,0.000000,0.000000,0.000000,0.000000,0.000000,0.000000,0.000000,0.000000,0.000000,0.000000,0.000000,0.000000,407.718353,515.259497,-92.844000,408.039017,518.661911,-75.970106,409.728699,518.378949,-75.981536,411.372147,518.066161,-75.952277,400.911331,518.928137,-78.856497,397.581787,518.824046,-78.858452,394.003105,518.716328,-78.861465,409.416046,512.409511,4.478415,385.156288,512.226326,-7.198131,410.389252,505.184562,-64.185019,401.523514,505.462117,-67.623453,432.244339,474.256740,5.381527,355.660286,463.410423,35.036278,467.712975,494.426565,-131.989117,334.335327,404.574795,81.543188,497.025833,539.433904,-314.861088,314.085484,355.001564,75.124159,508.106194,550.499389,-353.222237,304.177303,338.410149,69.732981,507.100945,552.245228,-365.627975,306.819515,337.878900,42.941871,502.326431,547.707006,-327.392502,311.960793,342.337246,64.136605,410.201111,339.582081,-12.304807,361.332970,342.246437,12.255003,410.005722,245.097127,-23.766026,341.644096,246.285024,-7.107766,418.658257,163.324814,100.045290,318.693504,176.788387,116.536226,416.254501,155.642710,106.532288,320.023460,172.038345,123.471432,421.554909,134.745898,-7.056462,311.919308,146.779404,19.377731,
0.000000,0.000000,0.000000,0.000000,0.000000,0.000000,0.000000,0.000000,0.000000,0.000000,0.000000,0.000000,0.000000,0.000000,0.000000,0.000000,0.000000,0.000000,0.000000,0.000000,0.000000,0.000000,0.000000,0.000000,0.000000,0.000000,0.000000,0.000000,0.000000,0.000000,0.000000,0.000000,0.000000,0.000000,0.000000,0.000000,0.000000,0.000000,0.000000,0.000000,0.000000,0.000000,0.000000,0.000000,0.000000,0.000000,0.000000,0.000000,0.000000,0.000000,0.000000,0.000000,411.426582,526.115062,-62.662191,410.812454,529.811854,-44.720488,412.127037,529.431753,-44.721861,413.397751,529.033949,-44.696646,404.775314,530.234721,-51.454420,401.613503,530.217597,-51.483107,398.252182,530.194144,-51.490664,409.989662,523.321424,35.226829,388.461990,524.341757,5.367736,413.023415,516.622059,-34.130676,405.689087,517.026043,-42.877765,432.554512,485.678401,35.973229,356.688156,474.419839,32.225392,474.106560,518.584707,-31.828840,335.100517,408.799381,46.160307,507.997169,552.882907,-143.970442,316.896248,360.328453,5.467911,521.903877,559.474565,-173.404579,308.512020,343.812289,-7.854154,521.342850,560.081956,-191.303997,312.245693,342.781634,-33.624809,515.873489,556.979091,-158.023939,317.169037,346.174135,-6.420664,409.915886,347.413831,-11.607671,360.880966,350.985160,11.517460,409.940948,250.085649,-37.920270,340.355759,251.613779,-25.554945,418.383446,165.475774,102.686806,318.997803,178.148675,115.015240,416.072578,157.961469,110.069103,319.392395,172.292061,123.054008,421.260490,135.229855,-2.749752,313.758049,146.712155,18.503469,
0.000000,0.000000,0.000000,0.000000,0.000000,0.000000,0.000000,0.000000,0.000000,0.000000,0.000000,0.000000,0.000000,0.000000,0.000000,0.000000,0.000000,0.000000,0.000000,0.000000,0.000000,0.000000,0.000000,0.000000,0.000000,0.000000,0.000000,0.000000,0.000000,0.000000,0.000000,0.000000,0.000000,0.000000,0.000000,0.000000,0.000000,0.000000,0.000000,0.000000,0.000000,0.000000,0.000000,0.000000,0.000000,0.000000,0.000000,0.000000,0.000000,0.000000,0.000000,0.000000,410.356903,536.955199,-58.044691,410.472946,539.414635,-39.990420,411.830330,538.831458,-39.991562,413.163185,538.214421,-39.972396,404.399261,539.941914,-43.389707,401.426849,539.752507,-43.414440,398.439713,539.527609,-43.415461,411.189537,531.526322,36.639600,390.626373,533.096573,21.346853,412.128716,527.759836,-31.452231,404.174271,528.700690,-35.885990,434.152794,494.433024,37.297215,359.687958,483.291020,49.047408,478.705635,526.272776,4.602601,336.734467,413.745096,63.017216,515.758781,558.845372,-59.013977,322.152290,365.086091,21.322646,530.462036,567.271382,-81.270237,314.222832,347.070036,8.420063,529.635086,568.283873,-101.421719,317.622833,346.364036,-17.854099,523.768845,564.341326,-72.440290,321.468697,350.516953,8.806990,409.806023,356.190748,-11.668158,360.742874,360.359566,11.577815,410.130692,256.788125,-31.935737,339.830627,261.462035,-20.864170,419.080009,168.045287,86.101961,319.335365,180.961604,103.587351,417.067146,159.750996,91.028938,319.005585,173.675823,109.278383,421.234703,135.805864,-25.844433,313.501949,147.857137,3.762595,
0.000000,0.000000,0.000000,0.000000,0.000000,0.000000,0.000000,0.000000,0.000000,0.000000,0.000000,0.000000,0.000000,0.000000,0.000000,0.000000,0.000000,0.000000,0.000000,0.000000,0.000000,0.000000,0.000000,0.000000,0.000000,0.000000,0.000000,0.000000,0.000000,0.000000,0.000000,0.000000,0.000000,0.000000,0.000000,0.000000,0.000000,0.000000,0.000000,0.000000,0.000000,0.000000,0.000000,0.000000,0.000000,0.000000,0.000000,0.000000,0.000000,0.000000,0.000000,0.000000,411.426773,540.036360,-84.578037,411.635323,543.678875,-65.927291,413.017044,543.230667,-65.945139,414.437485,542.807865,-65.924082,405.907173,544.217967,-67.039542,403.162766,544.062688,-67.045441,400.292015,543.893087,-67.032366,413.038712,537.076950,17.549314,391.977615,537.502778,14.671216,413.372116,531.086333,-55.537038,405.054398,531.836708,-56.798396,435.221748,498.048835,18.312709,360.003586,484.644849,59.391313,479.598961,530.740306,-26.520269,337.582130,417.143669,88.749590,518.816109,561.729176,-168.674374,321.380272,364.085927,46.799374,533.155823,571.340990,-213.845615,315.294151,346.019726,35.449920,532.367859,572.822556,-234.149952,318.736782,344.918346,8.388783,527.084465,568.426867,-188.173180,321.655006,349.679675,34.449277,409.444199,360.764494,-17.466513,360.227966,365.139885,17.374344,409.643631,260.268431,-37.710080,339.735489,264.633436,-11.081512,419.599915,168.324151,78.595924,320.130920,181.601386,105.280704,417.133102,160.417600,83.216915,320.769272,174.673262,112.024441,421.263657,137.146797,-43.448730,312.663879,148.798828,10.090687,
0.000000,0.000000,0.000000,0.000000,0.000000,0.000000,0.000000,0.000000,0.000000,0.000000,0.000000,0.000000,0.000000,0.000000,0.000000,0.000000,0.000000,0.000000,0.000000,0.000000,0.000000,0.000000,0.000000,0.000000,0.000000,0.000000,0.000000,0.000000,0.000000,0.000000,0.000000,0.000000,0.000000,0.000000,0.000000,0.000000,0.000000,0.000000,0.000000,0.000000,0.000000,0.000000,0.000000,0.000000,0.000000,0.000000,0.000000,0.000000,0.000000,0.000000,0.000000,0.000000,414.886818,538.860834,-94.616156,414.603119,543.851223,-70.403061,416.058655,543.480037,-70.387678,417.589684,543.094325,-70.395584,408.392601,544.226024,-67.743006,405.341644,543.986599,-67.625732,402.007294,543.661805,-67.439590,415.983353,537.722590,4.936356,392.245026,537.237239,-3.931850,417.071953,529.775290,-64.623909,408.715897,529.481878,-63.642135,437.505035,499.563639,14.083674,362.199936,486.654167,45.944653,481.075401,527.972267,-68.052659,338.612556,419.143653,71.375046,520.293045,562.657435,-250.047626,321.811295,365.035193,19.197044,534.527283,573.038710,-293.383732,315.946407,347.154922,4.627501,533.399277,574.663421,-310.175056,319.593239,345.702152,-22.821288,528.014297,570.060353,-265.785179,322.680092,350.676813,6.810879,409.669800,362.051997,-16.813310,360.799828,367.125793,16.737559,409.442673,261.782312,-35.022991,340.179176,268.479381,-9.642203,419.492531,169.709158,81.049681,320.116882,183.584976,109.871035,416.882210,161.714587,85.638914,320.761490,176.072431,115.889721,421.072350,138.463440,-42.324367,312.668037,149.330678,4.063317,
0.000000,0.000000,0.000000,0.000000,0.000000,0.000000,0.000000,0.000000,0.000000,0.000000,0.000000,0.000000,0.000000,0.000000,0.000000,0.000000,0.000000,0.000000,0.000000,0.000000,0.000000,0.000000,0.000000,0.000000,0.000000,0.000000,0.000000,0.000000,0.000000,0.000000,0.000000,0.000000,0.000000,0.000000,0.000000,0.000000,0.000000,0.000000,0.000000,0.000000,0.000000,0.000000,0.000000,0.000000,0.000000,0.000000,0.000000,0.000000,0.000000,0.000000,0.000000,0.000000,413.707962,538.016109,-151.360493,414.318199,542.914799,-131.116915,416.185989,542.603652,-131.140118,418.027458,542.278064,-131.127262,407.431564,542.803692,-131.293545,404.213524,542.417217,-131.252537,400.888519,541.948271,-131.182728,417.571182,536.887028,-29.879134,391.616020,535.800562,-31.488194,416.613693,528.686528,-113.778305,407.017708,527.804596,-113.932333,439.419785,498.562596,-5.983428,362.588768,485.247982,38.094869,483.149948,523.867135,-102.671318,339.039726,419.873042,90.375624,518.074226,559.499187,-276.879539,321.469269,365.328176,54.524927,530.804977,571.401533,-318.738976,315.241184,347.477560,43.383927,529.369087,574.209902,-335.672340,318.601570,345.606365,13.524163,524.160080,568.867296,-291.458988,322.051582,350.981340,41.926003,410.194931,361.846583,-18.000994,360.958176,366.230600,17.970507,409.325638,261.702619,-32.403748,340.423203,267.357187,-2.617113,419.210281,169.575262,93.777800,320.489998,183.020639,129.663820,416.702347,161.723471,99.821301,322.529335,175.790176,135.587263,416.087723,139.024515,-30.767281,312.292900,149.203048,9.089007,
0.000000,0.000000,0.000000,0.000000,0.000000,0.000000,0.000000,0.000000,0.000000,0.000000,0.000000,0.000000,0.000000,0.000000,0.000000,0.000000,0.000000,0.000000,0.000000,0.000000,0.000000,0.000000,0.000000,0.000000,0.000000,0.000000,0.000000,0.000000,0.000000,0.000000,0.000000,0.000000,0.000000,0.000000,0.000000,0.000000,0.000000,0.000000,0.000000,0.000000,0.000000,0.000000,0.000000,0.000000,0.000000,0.000000,0.000000,0.000000,0.000000,0.000000,0.000000,0.000000,415.114365,535.706856,-162.391033,415.676842,540.435151,-141.797361,417.312393,540.142425,-141.818371,419.011688,539.846470,-141.794720,409.106522,540.379329,-144.462919,405.733833,540.031071,-144.438581,402.210045,539.606810,-144.392118,418.169174,534.476709,-35.230198,392.505074,533.618231,-45.464735,417.368965,526.212244,-123.373318,408.777046,525.561519,-126.597385,440.033569,495.537729,-8.528135,362.150154,483.456502,34.468868,484.218483,518.181345,-103.888493,338.429451,419.077477,94.354506,515.516853,554.777201,-277.091007,320.332832,362.885993,62.556663,527.299805,567.744030,-318.607483,313.888702,343.973436,53.475513,525.186272,570.326825,-332.583237,317.016087,342.057524,22.671196,520.088921,564.460373,-290.315342,320.807571,348.365092,50.000882,411.173096,360.026736,-18.495581,361.842537,364.205146,18.498256,408.444328,260.376148,-31.118760,340.701981,265.493288,1.068511,416.602974,165.875874,94.002132,320.059013,182.478533,130.141554,414.594917,158.181839,99.438667,322.012482,174.922686,135.640163,408.671036,138.242941,-33.257046,311.980839,148.456793,11.271385,
0.000000,0.000000,0.000000,0.000000,0.000000,0.000000,0.000000,0.000000,0.000000,0.000000,0.000000,0.000000,0.000000,0.000000,0.000000,0.000000,0.000000,0.000000,0.000000,0.000000,0.000000,0.000000,0.000000,0.000000,0.000000,0.000000,0.000000,0.000000,0.000000,0.000000,0.000000,0.000000,0.000000,0.000000,0.000000,0.000000,0.000000,0.000000,0.000000,0.000000,0.000000,0.000000,0.000000,0.000000,0.000000,0.000000,0.000000,0.000000,0.000000,0.000000,0.000000,0.000000,415.465012,530.412712,-143.191252,415.949173,536.238685,-120.434618,417.554970,535.968919,-120.441742,419.236374,535.716426,-120.387440,409.416237,536.209309,-126.107960,406.056252,535.842276,-126.090050,402.455673,535.465093,-126.062021,418.495064,530.611839,-13.048501,392.678986,530.754361,-33.202205,417.634201,521.471643,-102.820177,409.206543,519.922614,-109.842091,439.944000,492.522562,8.666464,362.355576,480.756590,39.020412,481.492462,498.438270,-101.292562,338.626938,414.445195,91.118975,512.818069,547.084057,-270.512943,320.689011,358.326559,58.038611,527.116776,559.963725,-309.894447,313.286076,340.245981,49.130187,524.266434,562.709759,-320.610886,316.407375,338.428173,21.119583,519.087830,557.414210,-282.276611,320.606880,344.561205,46.537828,411.725731,359.524283,-17.905376,362.606354,363.169363,17.898693,407.698364,259.537668,-30.211954,341.507416,264.709911,-3.583417,413.058014,163.577929,80.930281,319.857788,181.607180,107.557697,411.833725,156.057487,84.882088,321.919479,174.284964,111.527920,405.798340,137.356439,-42.189980,310.929317,147.503772,-6.052519,
0.000000,0.000000,0.000000,0.000000,0.000000,0.000000,0.000000,0.000000,0.000000,0.000000,0.000000,0.000000,0.000000,0.000000,0.000000,0.000000,0.000000,0.000000,0.000000,0.000000,0.000000,0.000000,0.000000,0.000000,0.000000,0.000000,0.000000,0.000000,0.000000,0.000000,0.000000,0.000000,0.000000,0.000000,0.000000,0.000000,0.000000,0.000000,0.000000,0.000000,0.000000,0.000000,0.000000,0.000000,0.000000,0.000000,0.000000,0.000000,0.000000,0.000000,0.000000,0.000000,415.259857,521.523786,-105.062819,415.877304,527.942977,-84.578857,417.514687,527.673748,-84.583254,419.209824,527.435417,-84.534407,409.167900,528.094382,-89.876232,405.661087,527.816806,-89.873562,401.908531,527.519917,-89.873190,418.113670,522.474382,9.362780,392.131157,523.132253,-12.991418,417.265472,512.650287,-71.531425,408.754730,511.011350,-78.366814,439.051018,481.179328,22.336135,361.918564,472.672005,41.602335,480.509644,480.378463,-95.490160,338.707962,407.877324,81.397333,508.995667,545.851024,-264.353886,320.518837,353.026814,42.704105,516.599731,555.925863,-302.181759,312.601051,335.224071,32.839088,512.865524,558.579834,-318.009739,315.995026,333.789883,6.349921,509.607430,554.973850,-275.774841,320.307846,339.814467,31.519754,412.379227,351.749868,-16.873057,362.735481,355.563025,16.880776,405.905380,256.717143,-29.683862,342.715263,260.138097,-14.259211,410.583267,162.686234,70.093946,318.565178,175.963984,80.755806,409.615364,154.618406,73.487396,317.372589,168.757081,83.712683,404.532776,137.008009,-43.848486,309.894810,146.293044,-26.260056,
0.000000,0.000000,0.000000,0.000000,0.000000,0.000000,0.000000,0.000000,0.000000,0.000000,0.000000,0.000000,0.000000,0.000000,0.000000,0.000000,0.000000,0.000000,0.000000,0.000000,0.000000,0.000000,0.000000,0.000000,0.000000,0.000000,0.000000,0.000000,0.000000,0.000000,0.000000,0.000000,0.000000,0.000000,0.000000,0.000000,0.000000,0.000000,0.000000,0.000000,0.000000,0.000000,0.000000,0.000000,0.000000,0.000000,0.000000,0.000000,0.000000,0.000000,0.000000,0.000000,414.740067,512.003489,-122.727699,415.322495,518.618245,-103.464499,416.954880,518.469565,-103.471394,418.603897,518.297131,-103.411388,408.482628,518.496988,-108.008928,404.984360,518.206322,-107.999859,401.256866,517.753823,-108.027201,417.453384,512.994103,-12.362430,391.921310,512.781694,-31.272702,416.803017,502.846470,-90.312452,408.351135,500.829041,-96.162395,438.840561,469.543669,3.337652,361.244278,461.650507,21.795564,481.065025,469.119258,-120.790243,337.985077,399.556124,59.904127,500.484123,532.807775,-307.678890,319.565487,344.603648,17.220221,504.428215,546.756420,-346.871109,311.434593,327.542825,8.268546,500.353127,550.436400,-351.466026,315.149956,326.292100,-16.533725,497.944145,545.443908,-315.873013,319.535618,331.853199,7.234083,413.150864,339.493160,-13.695279,362.742233,344.227796,13.651600,405.726242,247.674150,-28.326650,344.355698,250.909710,-14.654343,409.216805,162.181034,97.210445,317.034874,171.052752,92.099810,407.552299,154.625487,104.471817,314.868279,164.985166,94.967594,405.403976,135.876288,-7.446551,309.752159,143.357978,-19.468625,
0.000000,0.000000,0.000000,0.000000,0.000000,0.000000,0.000000,0.000000,0.000000,0.000000,0.000000,0.000000,0.000000,0.000000,0.000000,0.000000,0.000000,0.000000,0.000000,0.000000,0.000000,0.000000,0.000000,0.000000,0.000000,0.000000,0.000000,0.000000,0.000000,0.000000,0.000000,0.000000,0.000000,0.000000,0.000000,0.000000,0.000000,0.000000,0.000000,0.000000,0.000000,0.000000,0.000000,0.000000,0.000000,0.000000,0.000000,0.000000,0.000000,0.000000,0.000000,0.000000,415.033188,503.250968,-120.572262,415.237541,510.375130,-101.700964,416.803894,510.377147,-101.704531,418.397636,510.363243,-101.657104,408.439980,510.098433,-106.681890,404.933205,509.880080,-106.675043,401.180458,509.572742,-106.699810,417.013168,505.562797,-10.773380,391.560593,504.664042,-31.482158,417.153053,494.711115,-88.070192,408.883972,492.621374,-94.726334,438.623009,461.353276,7.000504,360.800934,452.768748,20.326052,481.257477,457.958930,-112.013874,338.235970,391.941440,55.599108,491.609116,517.403569,-286.492558,319.717903,338.356247,15.209234,493.714981,533.389857,-324.313431,310.767574,322.653179,6.400990,489.713440,536.573596,-337.737350,314.277954,321.437173,-18.653034,487.872696,531.134655,-296.764069,319.034176,326.633835,5.098288,414.980545,332.058420,-10.297456,364.272079,336.431365,10.260514,406.213570,241.318259,-22.577634,345.462570,244.556479,-15.368793,408.190689,161.337361,102.772961,315.793457,168.246989,98.160877,404.580307,153.003287,109.883509,313.383484,161.827025,102.729816,406.105766,134.741392,2.456090,309.628334,142.261920,-11.646936,
0.000000,0.000000,0.000000,0.000000,0.000000,0.000000,0.000000,0.000000,0.000000,0.000000,0.000000,0.000000,0.000000,0.000000,0.000000,0.000000,0.000000,0.000000,0.000000,0.000000,0.000000,0.000000,0.000000,0.000000,0.000000,0.000000,0.000000,0.000000,0.000000,0.000000,0.000000,0.000000,0.000000,0.000000,0.000000,0.000000,0.000000,0.000000,0.000000,0.000000,0.000000,0.000000,0.000000,0.000000,0.000000,0.000000,0.000000,0.000000,0.000000,0.000000,0.000000,0.000000,414.708138,500.351415,-180.214481,414.732742,508.016610,-162.298374,416.299934,508.115852,-162.307892,417.896881,508.223290,-162.268009,407.953796,507.547739,-167.464256,404.462509,507.326488,-167.463341,400.736923,506.912591,-167.496586,416.695404,503.883798,-65.026307,391.164589,501.289909,-88.432665,417.071686,491.670113,-144.701481,408.724289,490.113015,-151.620817,439.036255,457.660303,-28.943229,360.486450,447.013285,-22.529051,481.920433,452.553656,-134.585896,338.456650,385.685306,28.281996,485.507202,511.095400,-314.559937,319.410210,333.750873,-1.251051,487.122917,528.430109,-351.940689,310.368347,318.161960,-7.400296,483.279228,531.940906,-353.278122,313.559513,317.069249,-35.727203,481.478081,525.275295,-320.715866,318.376560,321.688700,-12.273376,415.684166,328.173809,-5.805244,365.876846,332.144423,5.772067,407.559509,238.228183,11.511379,346.873093,241.801443,-14.756929,408.519249,161.433277,161.762428,315.672092,168.254156,116.530170,404.437141,153.379440,171.170311,313.496761,161.899037,124.439993,406.774139,134.722981,63.779378,309.556084,142.272992,11.014720,
0.000000,0.000000,0.000000,0.000000,0.000000,0.000000,0.000000,0.000000,0.000000,0.000000,0.000000,0.000000,0.000000,0.000000,0.000000,0.000000,0.000000,0.000000,0.000000,0.000000,0.000000,0.000000,0.000000,0.000000,0.000000,0.000000,0.000000,0.000000,0.000000,0.000000,0.000000,0.000000,0.000000,0.000000,0.000000,0.000000,0.000000,0.000000,0.000000,0.000000,0.000000,0.000000,0.000000,0.000000,0.000000,0.000000,0.000000,0.000000,0.000000,0.000000,0.000000,0.000000,414.516983,499.894903,-164.048786,414.403687,507.154033,-145.832653,415.977097,507.082214,-145.843306,417.586288,506.994989,-145.809498,407.629776,506.912012,-151.095829,404.149704,506.595190,-151.099033,400.438995,506.090934,-151.136065,416.648941,503.059738,-49.992819,390.941238,500.641415,-74.092636,416.950760,490.324802,-129.136019,408.738976,489.610219,-136.170273,439.010887,456.821051,-19.374306,360.294495,447.393644,-13.222840,482.310410,451.747320,-124.626827,338.601112,384.007058,27.657187,485.199585,509.004607,-300.896358,318.875465,331.324654,-12.929385,486.768112,527.039738,-337.762642,309.923134,315.720849,-21.338484,482.988510,530.742517,-339.169121,313.141899,314.714785,-50.739756,480.755997,523.186991,-306.979618,318.161926,318.922849,-24.895415,416.452065,327.965541,-4.996180,367.210236,332.350760,4.970926,408.443832,238.762050,9.786946,346.476212,243.035688,-14.262159,408.743324,161.471987,144.883404,315.561829,168.204846,117.592430,404.819794,153.467631,152.566652,313.562202,160.120282,125.138855,406.832466,134.732165,45.624881,309.052181,142.163343,14.161513,
0.000000,0.000000,0.000000,0.000000,0.000000,0.000000,0.000000,0.000000,0.000000,0.000000,0.000000,0.000000,0.000000,0.000000,0.000000,0.000000,0.000000,0.000000,0.000000,0.000000,0.000000,0.000000,0.000000,0.000000,0.000000,0.000000,0.000000,0.000000,0.000000,0.000000,0.000000,0.000000,0.000000,0.000000,0.000000,0.000000,0.000000,0.000000,0.000000,0.000000,0.000000,0.000000,0.000000,0.000000,0.000000,0.000000,0.000000,0.000000,0.000000,0.000000,0.000000,0.000000,414.286079,501.915443,-169.884491,414.359093,508.533440,-151.279926,415.736160,508.411560,-151.285152,417.098007,508.261678,-151.244612,407.390213,508.467629,-157.646332,403.932457,508.222754,-157.651720,400.281219,507.795918,-157.687912,414.661484,504.079492,-53.013492,390.752792,502.143044,-82.285671,416.801262,492.294252,-134.096098,408.591843,491.722448,-142.668638,438.841400,458.102610,-17.072773,359.519463,448.945806,-25.140951,484.841309,458.065102,-124.335384,338.263321,385.037262,2.009866,487.351837,512.113245,-303.262081,318.536415,333.786106,-50.916777,490.471840,528.957775,-340.411720,309.690704,317.998667,-62.818956,486.577263,532.372012,-339.561539,312.804375,317.108560,-91.252699,484.002075,525.457299,-308.866577,317.786102,321.169381,-62.862062,416.221924,330.213447,-2.321732,367.438850,334.542360,2.276161,408.905144,239.622502,7.135664,345.035820,244.310575,-13.924412,408.909454,162.368360,137.603407,315.278053,168.312306,119.964266,404.812813,154.100504,144.681654,313.610725,160.462232,127.471437,407.139549,134.711437,37.760658,307.963009,142.404356,18.052957,
0.000000,0.000000,0.000000,0.000000,0.000000,0.000000,0.000000,0.000000,0.000000,0.000000,0.000000,0.000000,0.000000,0.000000,0.000000,0.000000,0.000000,0.000000,0.000000,0.000000,0.000000,0.000000,0.000000,0.000000,0.000000,0.000000,0.000000,0.000000,0.000000,0.000000,0.000000,0.000000,0.000000,0.000000,0.000000,0.000000,0.000000,0.000000,0.000000,0.000000,0.000000,0.000000,0.000000,0.000000,0.000000,0.000000,0.000000,0.000000,0.000000,0.000000,0.000000,0.000000,414.064674,503.630641,-150.924091,413.247566,508.632059,-133.757782,414.390411,508.579552,-133.758316,415.466919,508.528547,-133.719940,407.061081,508.743296,-140.433674,403.808174,508.631094,-140.435123,400.202141,508.233590,-140.488815,411.908531,505.108323,-47.666941,390.585556,503.565152,-75.387864,416.527367,493.591754,-119.109011,408.448753,493.213284,-128.407393,438.800087,460.315497,-16.664035,358.953629,450.937722,-13.587958,484.546089,460.646267,-120.735435,338.023224,388.507569,16.348530,489.348946,512.750924,-297.640991,318.409977,336.734648,-27.181611,492.564583,533.706572,-339.978371,310.360012,321.029992,-37.671547,487.699928,536.930909,-332.273445,313.019962,320.134134,-65.414810,484.655151,527.951624,-306.639290,317.720280,324.139209,-38.818412,416.067657,331.329761,-3.193092,367.093544,335.368524,3.147019,408.850632,240.226364,6.600542,341.950493,245.292306,-13.826231,409.049911,164.097118,132.807360,314.546871,171.741629,119.916811,405.000725,156.181641,138.890610,313.309536,164.365468,127.543392,407.383041,135.059094,28.271055,307.669334,142.713132,21.697505,
0.000000,0.000000,0.000000,0.000000,0.000000,0.000000,0.000000,0.000000,0.000000,0.000000,0.000000,0.000000,0.000000,0.000000,0.000000,0.000000,0.000000,0.000000,0.000000,0.000000,0.000000,0.000000,0.000000,0.000000,0.000000,0.000000,0.000000,0.000000,0.000000,0.000000,0.000000,0.000000,0.000000,0.000000,0.000000,0.000000,0.000000,0.000000,0.000000,0.000000,0.000000,0.000000,0.000000,0.000000,0.000000,0.000000,0.000000,0.000000,0.000000,0.000000,0.000000,0.000000,412.899551,511.579828,-107.985144,410.686264,516.244490,-91.423769,411.472549,516.105981,-91.436596,412.195930,515.965755,-91.399832,405.669785,515.895009,-95.786562,402.832451,515.463409,-95.793390,399.595108,514.845879,-95.832615,407.273674,511.210134,-16.311731,389.726295,508.505673,-34.406745,415.287552,501.515708,-81.155567,408.291321,500.907619,-86.697664,438.251381,466.723487,-15.290889,357.578773,454.790897,-5.692537,482.999687,474.050360,-126.065483,337.960701,391.208382,21.182222,497.906876,522.717776,-301.720161,318.329868,337.269673,-20.797329,505.136604,542.126691,-338.982277,310.530128,321.866455,-30.920000,502.438927,546.300938,-343.668022,312.908516,320.274253,-58.122287,498.138695,538.038661,-311.728706,317.503815,324.843493,-32.596867,414.675026,336.429048,-7.324486,365.109138,341.318521,7.223721,407.611008,244.678659,-21.965742,337.307663,249.523458,-13.018661,409.072762,164.369245,90.330992,314.228249,175.048170,112.657862,405.147209,156.288714,95.145159,313.800316,168.710346,118.900051,407.676315,135.236506,-16.407610,307.553673,143.126879,19.440283,
0.000000,0.000000,0.000000,0.000000,0.000000,0.000000,0.000000,0.000000,0.000000,0.000000,0.000000,0.000000,0.000000,0.000000,0.000000,0.000000,0.000000,0.000000,0.000000,0.000000,0.000000,0.000000,0.000000,0.000000,0.000000,0.000000,0.000000,0.000000,0.000000,0.000000,0.000000,0.000000,0.000000,0.000000,0.000000,0.000000,0.000000,0.000000,0.000000,0.000000,0.000000,0.000000,0.000000,0.000000,0.000000,0.000000,0.000000,0.000000,0.000000,0.000000,0.000000,0.000000,411.678314,520.478218,-77.345381,407.889977,525.527186,-60.328507,408.325119,525.371811,-60.351105,408.698311,525.197704,-60.317883,403.779297,524.923239,-63.717108,401.175003,524.313884,-63.738856,398.255730,523.460276,-63.766356,402.283096,519.589462,12.882379,387.965927,516.456964,-0.274741,413.753395,510.713904,-51.952672,407.851906,510.014255,-55.933428,436.443672,477.962544,2.825975,356.315804,463.815286,18.794893,481.262016,495.366347,-123.045654,335.965309,400.640938,23.503630,507.241554,535.869913,-297.217102,318.197632,344.638624,-18.726904,519.246407,549.566377,-334.150467,310.367165,327.335801,-27.317395,516.924858,552.255421,-340.973740,312.840977,326.026111,-55.545807,511.834831,546.691478,-307.269173,317.329502,329.536543,-29.918158,410.577621,343.692899,-10.823538,361.554909,349.652295,10.714445,405.555496,251.289811,-31.818774,334.627113,256.223316,-13.096026,408.947105,165.299306,66.626992,312.243042,176.420431,92.009487,405.225868,156.757650,69.962783,312.491455,170.180712,95.822468,407.663307,135.459065,-45.625257,307.788506,143.148208,-8.166779,
0.000000,0.000000,0.000000,0.000000,0.000000,0.000000,0.000000,0.000000,0.000000,0.000000,0.000000,0.000000,0.000000,0.000000,0.000000,0.000000,0.000000,0.000000,0.000000,0.000000,0.000000,0.000000,0.000000,0.000000,0.000000,0.000000,0.000000,0.000000,0.000000,0.000000,0.000000,0.000000,0.000000,0.000000,0.000000,0.000000,0.000000,0.000000,0.000000,0.000000,0.000000,0.000000,0.000000,0.000000,0.000000,0.000000,0.000000,0.000000,0.000000,0.000000,0.000000,0.000000,409.769325,529.095619,-49.037580,405.071335,534.297967,-33.782208,405.347214,534.121671,-33.802960,405.555878,533.927844,-33.785160,401.388779,533.816006,-37.000642,398.990555,533.191309,-37.027054,396.378937,532.364588,-37.035534,398.076019,528.033528,30.310295,385.356331,524.686861,17.756212,411.475372,520.114853,-26.999240,406.575813,519.369178,-30.695620,434.206238,486.263530,18.692386,354.299583,469.479125,32.712829,479.160461,506.018751,-77.601309,333.523636,407.811277,36.798027,512.648811,540.861171,-206.321011,317.602081,352.610965,2.127381,527.263260,551.671246,-236.926460,309.854736,334.057417,-8.594555,525.929871,553.609464,-253.143482,312.465630,332.483239,-35.580394,519.989815,548.911393,-219.767399,316.735344,336.542773,-10.442660,408.262520,350.955763,-12.682564,359.067116,356.557546,12.585146,403.689957,256.070023,-33.535843,331.414032,261.888056,-12.691511,408.968010,165.473499,54.971943,309.567719,178.274031,86.981030,405.452080,156.705337,56.900067,311.091919,171.481433,90.062418,407.410049,135.901351,-60.719576,305.075684,143.785586,-13.785703,
0.000000,0.000000,0.000000,0.000000,0.000000,0.000000,0.000000,0.000000,0.000000,0.000000,0.000000,0.000000,0.000000,0.000000,0.000000,0.000000,0.000000,0.000000,0.000000,0.000000,0.000000,0.000000,0.000000,0.000000,0.000000,0.000000,0.000000,0.000000,0.000000,0.000000,0.000000,0.000000,0.000000,0.000000,0.000000,0.000000,0.000000,0.000000,0.000000,0.000000,0.000000,0.000000,0.000000,0.000000,0.000000,0.000000,0.000000,0.000000,0.000000,0.000000,0.000000,0.000000,406.012802,534.564772,-60.777192,401.244125,540.070692,-43.572474,401.452522,539.853015,-43.589997,401.609192,539.611015,-43.574371,397.941856,539.686825,-49.641037,395.763054,539.177356,-49.653063,393.301392,538.579481,-49.647002,393.838882,532.755311,28.540976,380.839920,529.805245,3.078628,407.517967,525.602009,-35.664535,403.316078,525.038724,-43.205671,430.443153,493.126252,27.025862,351.422806,472.959173,26.596568,476.217651,512.224503,-11.210935,330.777664,411.285124,32.477996,515.079727,545.277804,-75.919523,315.141544,356.736631,-3.565827,530.617294,553.215533,-98.637371,307.783604,337.999148,-14.907572,529.311295,554.830449,-116.956835,310.589504,336.428061,-43.899417,523.195724,551.332151,-89.002714,314.775143,341.112742,-17.512438,407.033081,357.148361,-12.635505,357.562294,362.087381,12.525387,402.026901,261.107855,-29.630229,329.304047,271.264586,-22.119851,407.795944,169.032211,59.503622,305.648289,182.653584,80.839748,404.469986,159.221206,61.005344,308.442993,175.770092,84.278879,407.522087,138.077760,-55.854793,298.839016,145.074720,-20.980310,
0.000000,0.000000,0.000000,0.000000,0.000000,0.000000,0.000000,0.000000,0.000000,0.000000,0.000000,0.000000,0.000000,0.000000,0.000000,0.000000,0.000000,0.000000,0.000000,0.000000,0.000000,0.000000,0.000000,0.000000,0.000000,0.000000,0.000000,0.000000,0.000000,0.000000,0.000000,0.000000,0.000000,0.000000,0.000000,0.000000,0.000000,0.000000,0.000000,0.000000,0.000000,0.000000,0.000000,0.000000,0.000000,0.000000,0.000000,0.000000,0.000000,0.000000,0.000000,0.000000,400.825691,534.685428,-81.376791,397.069054,539.965646,-63.918004,397.464142,539.776840,-63.935523,397.863388,539.561019,-63.910913,393.281174,539.343674,-69.088335,390.778503,538.673122,-69.098496,387.934952,537.907662,-69.105120,391.110229,533.250940,14.455445,374.931068,529.352510,-5.627862,402.335587,525.770988,-53.643503,397.521362,524.401023,-59.931383,426.486664,496.160281,19.481570,346.649895,472.342930,17.604263,473.618698,515.627089,-48.570013,326.451797,410.813076,15.314076,514.509087,546.873965,-164.556026,311.915379,356.751695,-39.486935,530.721664,553.376359,-194.188271,305.447235,338.535333,-53.875380,529.529915,554.629015,-211.818924,308.187904,337.183542,-84.199638,523.319588,551.427541,-178.190632,312.044945,342.195110,-53.586550,405.345383,359.150534,-12.576187,356.226273,363.500240,12.490780,401.240807,263.363357,-27.682137,326.065865,273.185649,-36.275799,405.299721,169.892192,46.187849,297.208214,183.430481,46.351886,400.739670,160.710926,45.372391,298.766842,175.147090,47.319870,406.930084,139.193430,-74.144945,286.197014,146.548347,-64.745493,
0.000000,0.000000,0.000000,0.000000,0.000000,0.000000,0.000000,0.000000,0.000000,0.000000,0.000000,0.000000,0.000000,0.000000,0.000000,0.000000,0.000000,0.000000,0.000000,0.000000,0.000000,0.000000,0.000000,0.000000,0.000000,0.000000,0.000000,0.000000,0.000000,0.000000,0.000000,0.000000,0.000000,0.000000,0.000000,0.000000,0.000000,0.000000,0.000000,0.000000,0.000000,0.000000,0.000000,0.000000,0.000000,0.000000,0.000000,0.000000,0.000000,0.000000,0.000000,0.000000,397.455521,533.485150,-121.374674,393.271103,538.878171,-104.413195,393.478737,538.734319,-104.433727,393.650818,538.576477,-104.387646,389.988441,538.256114,-111.131639,387.603302,537.659633,-111.143341,384.913750,536.930866,-111.151056,386.057701,532.636821,-22.374296,371.849632,528.523042,-50.651245,399.001427,524.845819,-92.254267,394.891739,523.139913,-100.494089,423.149490,495.414927,-4.266786,342.322121,471.333904,-13.973091,471.391525,514.206204,-76.125627,322.294426,409.853446,-6.106061,512.824593,545.816724,-232.680340,307.568569,356.579089,-55.080528,528.122482,553.118513,-266.527348,301.824532,337.566776,-68.102036,526.770401,554.202640,-291.575222,304.122353,336.281247,-98.773689,520.958252,550.592054,-250.493851,308.193054,342.028728,-68.719454,403.947945,358.053317,-10.518461,355.052299,362.379699,10.478995,400.922241,261.635928,-12.985170,322.088280,270.212688,-40.537705,401.777802,169.632425,65.449805,286.809196,182.893181,44.560223,395.068588,160.560465,60.635734,287.490501,174.876938,45.682187,405.225296,139.163046,-66.353722,273.615475,146.566329,-70.728188,
0.000000,0.000000,0.000000,0.000000,0.000000,0.000000,0.000000,0.000000,0.000000,0.000000,0.000000,0.000000,0.000000,0.000000,0.000000,0.000000,0.000000,0.000000,0.000000,0.000000,0.000000,0.000000,0.000000,0.000000,0.000000,0.000000,0.000000,0.000000,0.000000,0.000000,0.000000,0.000000,0.000000,0.000000,0.000000,0.000000,0.000000,0.000000,0.000000,0.000000,0.000000,0.000000,0.000000,0.000000,0.000000,0.000000,0.000000,0.000000,0.000000,0.000000,0.000000,0.000000,395.307770,532.638259,-117.857323,390.997734,537.469540,-101.530886,391.136856,537.264147,-101.559362,391.200447,537.074590,-101.512365,387.946243,536.903143,-106.626167,385.665321,536.282501,-106.636887,382.994804,535.576930,-106.644640,382.221413,531.241815,-15.407802,369.140129,527.671838,-53.046851,396.362381,523.264089,-90.720091,392.394333,522.275169,-96.555624,418.555908,492.574296,12.058172,337.857437,467.801435,-18.948015,467.702942,511.044652,-22.153478,319.248238,406.125541,-10.457288,510.774460,543.978682,-130.558071,304.533081,352.370768,-54.648905,526.628647,552.171757,-157.750139,299.120388,333.168983,-67.936888,524.564590,553.552945,-179.469967,301.048889,332.379470,-97.690792,519.598007,549.589798,-145.883760,304.977760,338.697724,-67.856684,402.706146,356.385713,-2.160011,354.102859,361.450431,2.110976,400.462265,260.894823,2.638697,319.031734,268.359132,-42.412691,397.385826,169.224172,100.122776,276.871834,181.724896,52.883101,389.514465,160.471759,101.264887,275.523834,174.444695,55.564814,403.031082,139.061637,-14.834492,266.186104,146.541696,-59.079809,
0.000000,0.000000,0.000000,0.000000,0.000000,0.000000,0.000000,0.000000,0.000000,0.000000,0.000000,0.000000,0.000000,0.000000,0.000000,0.000000,0.000000,0.000000,0.000000,0.000000,0.000000,0.000000,0.000000,0.000000,0.000000,0.000000,0.000000,0.000000,0.000000,0.000000,0.000000,0.000000,0.000000,0.000000,0.000000,0.000000,0.000000,0.000000,0.000000,0.000000,0.000000,0.000000,0.000000,0.000000,0.000000,0.000000,0.000000,0.000000,0.000000,0.000000,0.000000,0.000000,391.578941,525.430992,-125.082560,387.026749,531.377299,-107.013054,387.131577,531.250012,-107.020063,387.163391,531.044276,-106.974049,384.214439,530.820107,-118.148670,382.209816,530.279632,-118.161163,379.748688,529.593930,-118.172970,378.430481,524.588478,-17.731278,366.408043,521.819108,-72.654810,391.969376,517.118139,-93.829746,387.994308,514.965785,-108.284483,414.015045,489.894340,11.121948,334.194489,459.010162,-40.881634,461.835861,508.053839,-45.484767,316.289120,397.371433,-37.356610,505.004921,543.415149,-172.547493,301.404305,344.388599,-80.739431,520.309219,551.582369,-201.573849,295.712585,325.801063,-95.794821,518.714981,552.578155,-181.173992,297.610931,325.058327,-123.958359,513.715630,548.725666,-176.613350,301.762390,331.425548,-93.101854,401.706085,351.921229,5.668269,352.777252,354.597216,-5.742776,399.773293,257.827406,32.135453,315.355930,261.469245,-72.459917,394.115486,169.664655,174.335918,267.533779,176.126590,10.177704,386.266136,160.805426,181.391563,261.940212,170.289674,11.586411,402.546997,138.989625,71.811881,260.518799,142.898612,-111.818771,
0.000000,0.000000,0.000000,0.000000,0.000000,0.000000,0.000000,0.000000,0.000000,0.000000,0.000000,0.000000,0.000000,0.000000,0.000000,0.000000,0.000000,0.000000,0.000000,0.000000,0.000000,0.000000,0.000000,0.000000,0.000000,0.000000,0.000000,0.000000,0.000000,0.000000,0.000000,0.000000,0.000000,0.000000,0.000000,0.000000,0.000000,0.000000,0.000000,0.000000,0.000000,0.000000,0.000000,0.000000,0.000000,0.000000,0.000000,0.000000,0.000000,0.000000,0.000000,0.000000,386.014175,517.558923,-161.466370,382.130814,523.223834,-141.380520,382.391777,523.093650,-141.376781,382.606430,522.873023,-141.344786,379.061127,522.683251,-156.266346,376.864586,522.166486,-156.289577,374.284325,521.475828,-156.307497,374.849930,516.263180,-42.081785,361.763840,513.873696,-111.658955,386.767883,509.149725,-125.458183,382.642136,506.736639,-145.364485,408.901520,481.141734,-0.473629,331.321564,450.174065,-75.552077,455.473099,506.012614,-20.481646,312.788963,387.235923,-67.000976,495.523262,539.677277,-127.066288,298.383026,334.685354,-107.408209,510.568314,547.736295,-152.887068,292.420254,317.191000,-122.773285,509.656487,548.384457,-176.040897,294.632816,316.192660,-152.142200,504.294701,544.477615,-143.345737,298.569336,322.174759,-120.185432,398.934326,342.778459,14.393241,350.391159,343.626637,-14.549204,399.457893,250.051188,36.781991,311.935577,251.824322,-80.160351,391.721878,169.855113,211.039906,260.797577,172.999992,23.714194,383.577499,161.092701,221.571083,251.984520,169.401798,27.578130,402.719231,138.689647,115.411844,254.858665,139.067259,-93.809471,
0.000000,0.000000,0.000000,0.000000,0.000000,0.000000,0.000000,0.000000,0.000000,0.000000,0.000000,0.000000,0.000000,0.000000,0.000000,0.000000,0.000000,0.000000,0.000000,0.000000,0.000000,0.000000,0.000000,0.000000,0.000000,0.000000,0.000000,0.000000,0.000000,0.000000,0.000000,0.000000,0.000000,0.000000,0.000000,0.000000,0.000000,0.000000,0.000000,0.000000,0.000000,0.000000,0.000000,0.000000,0.000000,0.000000,0.000000,0.000000,0.000000,0.000000,0.000000,0.000000,381.218605,511.558499,-142.972355,377.410660,517.026021,-124.009466,377.591019,516.889851,-124.014082,377.693062,516.704607,-123.981571,374.433098,516.226702,-136.596832,372.263794,515.530314,-136.619816,369.647522,514.735093,-136.644344,369.627151,509.590251,-36.058860,357.441788,506.661794,-106.334143,382.131729,503.285515,-110.165310,378.365784,501.344841,-127.702293,404.108391,473.515506,-1.216221,327.710800,441.959510,-87.873554,450.093307,501.171978,-2.700346,310.597191,376.672418,-85.551853,487.228050,533.142128,-82.217979,294.686394,324.893789,-119.814987,502.001495,540.512270,-103.210630,288.542633,307.781768,-135.383711,501.377716,540.652850,-130.161819,291.021633,306.617303,-162.611408,495.822830,536.594989,-98.869848,294.682426,312.439156,-132.030869,396.220284,333.091736,20.655217,348.499870,332.822700,-20.796821,399.555130,242.139487,23.478961,309.546661,242.928700,-85.464888,390.607071,169.756708,204.895630,255.138855,171.256428,36.285157,382.742538,161.077638,216.802921,245.274715,169.198079,41.448236,402.690544,138.573046,116.126757,250.685444,138.249078,-74.918404,
0.000000,0.000000,0.000000,0.000000,0.000000,0.000000,0.000000,0.000000,0.000000,0.000000,0.000000,0.000000,0.000000,0.000000,0.000000,0.000000,0.000000,0.000000,0.000000,0.000000,0.000000,0.000000,0.000000,0.000000,0.000000,0.000000,0.000000,0.000000,0.000000,0.000000,0.000000,0.000000,0.000000,0.000000,0.000000,0.000000,0.000000,0.000000,0.000000,0.000000,0.000000,0.000000,0.000000,0.000000,0.000000,0.000000,0.000000,0.000000,0.000000,0.000000,0.000000,0.000000,375.360489,506.010489,-141.485033,371.374969,511.605535,-123.430805,371.511307,511.501658,-123.439159,371.566544,511.366968,-123.410969,368.438683,510.792568,-139.332790,366.253052,510.129654,-139.363117,363.674240,509.384558,-139.389391,363.937607,504.177167,-38.340302,351.612282,500.663495,-115.873737,376.729698,497.397444,-110.293407,373.142090,495.772047,-131.789598,398.424072,467.663870,-4.892587,323.340073,434.988492,-96.887817,444.788475,498.098187,-3.876060,307.653408,368.884335,-95.954418,480.431976,527.442155,-83.458319,289.797001,318.551459,-135.036774,495.733719,534.817457,-104.945211,283.540382,302.039909,-152.618942,495.415001,534.574149,-131.219482,286.050568,301.295028,-179.547176,489.383926,530.445135,-99.929552,290.011940,306.410151,-147.218904,393.150826,326.853433,19.398102,345.972290,326.520410,-19.522269,399.657440,235.199604,35.412223,307.885742,238.577256,-81.669054,390.269737,168.914666,245.889587,249.402523,167.196164,42.533169,382.758751,160.326405,260.694218,240.700645,165.075245,45.350199,402.516441,138.537211,162.794533,250.664921,136.506414,-68.369417,
0.000000,0.000000,0.000000,0.000000,0.000000,0.000000,0.000000,0.000000,0.000000,0.000000,0.000000,0.000000,0.000000,0.000000,0.000000,0.000000,0.000000,0.000000,0.000000,0.000000,0.000000,0.000000,0.000000,0.000000,0.000000,0.000000,0.000000,0.000000,0.000000,0.000000,0.000000,0.000000,0.000000,0.000000,0.000000,0.000000,0.000000,0.000000,0.000000,0.000000,0.000000,0.000000,0.000000,0.000000,0.000000,0.000000,0.000000,0.000000,0.000000,0.000000,0.000000,0.000000,369.253616,501.418247,-147.144623,364.888840,507.535658,-128.080540,364.967461,507.398672,-128.090391,364.953957,507.234457,-128.061543,361.743240,506.873024,-145.432844,359.356842,506.319201,-145.469666,356.739693,505.722957,-145.500441,356.073837,499.862502,-38.804297,344.705544,497.312129,-118.919201,370.598640,492.459068,-114.516468,366.991539,491.336317,-137.659054,392.069893,462.581320,-4.182770,318.024178,431.163919,-98.534603,437.668076,494.635155,2.012245,303.330288,363.572745,-100.590725,473.230019,523.378372,-76.790495,285.498924,310.995183,-139.813128,490.060234,531.273830,-97.981243,279.005489,294.885921,-156.508207,490.089340,531.047409,-124.086733,282.079010,294.227772,-184.020653,483.427124,526.544323,-93.252678,285.519505,299.086819,-151.959839,388.898544,323.420677,21.208055,342.089729,323.272963,-21.360297,398.838959,234.847999,26.395519,307.105618,236.511397,-93.172741,390.239487,168.243771,225.991230,248.313332,165.720263,39.851677,383.020554,159.824810,240.144024,239.043808,162.566328,46.124549,402.185135,138.539057,140.801449,251.533241,135.295343,-70.314040,
0.000000,0.000000,0.000000,0.000000,0.000000,0.000000,0.000000,0.000000,0.000000,0.000000,0.000000,0.000000,0.000000,0.000000,0.000000,0.000000,0.000000,0.000000,0.000000,0.000000,0.000000,0.000000,0.000000,0.000000,0.000000,0.000000,0.000000,0.000000,0.000000,0.000000,0.000000,0.000000,0.000000,0.000000,0.000000,0.000000,0.000000,0.000000,0.000000,0.000000,0.000000,0.000000,0.000000,0.000000,0.000000,0.000000,0.000000,0.000000,0.000000,0.000000,0.000000,0.000000,363.516350,500.921438,-142.016115,358.336945,506.877508,-123.599329,358.255882,506.817470,-123.608341,358.104706,506.709430,-123.583469,355.715408,506.022141,-139.903135,353.553238,505.309510,-139.939899,351.069565,504.470880,-139.976864,349.668808,499.997449,-37.406917,339.689636,496.307352,-115.629444,365.143547,492.113900,-110.458508,361.765518,491.059685,-132.341137,386.628609,463.443124,-2.693667,313.060665,430.027435,-98.189554,434.022255,494.640026,43.313155,299.147892,362.520332,-99.910183,470.000229,521.003909,18.106964,281.841125,308.619261,-139.997587,487.196274,528.116505,9.037844,275.403748,292.354474,-155.921402,487.647247,529.193037,-18.225858,278.516331,291.730056,-184.168320,481.337433,525.260811,3.015794,282.044125,296.545630,-152.533064,384.642220,322.910371,19.181602,337.811508,322.645926,-19.340966,397.068367,235.491042,22.417278,305.214443,236.412177,-83.554392,389.992943,168.176093,225.319519,249.209728,164.877191,57.205520,382.997971,159.858198,239.589081,240.723400,161.332254,67.069130,401.984634,138.523006,138.993073,251.462288,134.270825,-48.050947,
0.000000,0.000000,0.000000,0.000000,0.000000,0.000000,0.000000,0.000000,0.000000,0.000000,0.000000,0.000000,0.000000,0.000000,0.000000,0.000000,0.000000,0.000000,0.000000,0.000000,0.000000,0.000000,0.000000,0.000000,0.000000,0.000000,0.000000,0.000000,0.000000,0.000000,0.000000,0.000000,0.000000,0.000000,0.000000,0.000000,0.000000,0.000000,0.000000,0.000000,0.000000,0.000000,0.000000,0.000000,0.000000,0.000000,0.000000,0.000000,0.000000,0.000000,0.000000,0.000000,354.655647,502.576489,-171.553288,350.547600,508.591182,-150.907412,350.896873,508.572042,-150.926819,351.181450,508.514471,-150.916748,346.877365,507.726159,-167.841988,344.565735,507.046316,-167.878761,342.002029,506.241760,-167.914886,343.476944,502.250655,-51.048555,330.766525,498.621154,-128.841915,356.206131,493.933833,-134.994764,351.723633,492.719328,-157.446117,378.916435,465.440340,-5.350766,305.025387,431.874061,-99.512196,425.511894,495.337422,12.105697,292.067661,365.783422,-98.846388,467.845497,521.108794,-62.924833,277.610512,309.280715,-140.495100,484.851074,526.736412,-82.944708,272.501469,292.716422,-156.384916,485.356331,527.449043,-108.636389,275.386047,292.175732,-185.924950,478.956299,523.991697,-78.957047,278.701534,296.987872,-153.227892,378.620224,325.693989,20.853775,331.443863,325.428085,-21.059110,393.019753,236.540408,5.631703,302.020359,237.101526,-81.078615,389.158859,167.958384,216.744843,249.789391,164.860153,61.392097,382.395859,159.334888,224.651833,240.752373,161.144757,70.827436,401.816177,138.509145,137.799816,248.797207,133.493586,-46.020975,
0.000000,0.000000,0.000000,0.000000,0.000000,0.000000,0.000000,0.000000,0.000000,0.000000,0.000000,0.000000,0.000000,0.000000,0.000000,0.000000,0.000000,0.000000,0.000000,0.000000,0.000000,0.000000,0.000000,0.000000,0.000000,0.000000,0.000000,0.000000,0.000000,0.000000,0.000000,0.000000,0.000000,0.000000,0.000000,0.000000,0.000000,0.000000,0.000000,0.000000,0.000000,0.000000,0.000000,0.000000,0.000000,0.000000,0.000000,0.000000,0.000000,0.000000,0.000000,0.000000,346.085281,503.587832,-183.531189,341.519356,509.919927,-164.177856,341.598206,510.011551,-164.193249,341.596146,510.079443,-164.184170,338.413620,508.409178,-180.850849,336.090317,507.414744,-180.881577,333.558846,506.364434,-180.917168,333.471146,503.649502,-66.452508,322.274475,498.902743,-142.342815,347.879105,494.504993,-147.516298,343.800621,493.064818,-169.435940,371.223068,471.119456,-16.216339,297.467690,434.707611,-108.264875,419.829445,497.653542,6.190709,287.414303,368.546011,-108.953686,463.372421,521.702399,-60.087652,274.854374,311.962752,-155.112429,480.857277,526.676095,-76.975584,270.380154,295.405712,-172.344398,481.873474,526.666052,-105.924911,272.779655,294.854593,-202.721348,475.769882,523.227289,-76.799660,275.687218,299.675446,-168.200798,372.826080,327.346787,19.236765,325.460892,327.106075,-19.403903,388.625374,238.743296,5.577890,298.564034,238.675876,-78.423967,388.675766,167.958126,200.385380,250.044270,165.426593,76.238794,382.107010,159.353986,210.353966,240.690174,161.490741,85.983105,400.953865,138.457947,110.607748,249.279022,133.639026,-32.449951,
0.000000,0.000000,0.000000,0.000000,0.000000,0.000000,0.000000,0.000000,0.000000,0.000000,0.000000,0.000000,0.000000,0.000000,0.000000,0.000000,0.000000,0.000000,0.000000,0.000000,0.000000,0.000000,0.000000,0.000000,0.000000,0.000000,0.000000,0.000000,0.000000,0.000000,0.000000,0.000000,0.000000,0.000000,0.000000,0.000000,0.000000,0.000000,0.000000,0.000000,0.000000,0.000000,0.000000,0.000000,0.000000,0.000000,0.000000,0.000000,0.000000,0.000000,0.000000,0.000000,338.047409,510.184500,-178.173447,333.430634,516.818075,-156.944523,333.396759,516.931479,-157.008381,333.260498,517.019370,-157.037983,330.636826,515.417039,-169.530449,328.389931,514.511847,-169.572620,325.848846,513.559148,-169.598732,323.992081,510.547371,-52.842379,313.946342,505.986779,-125.664511,339.600868,501.130521,-136.755018,335.812645,499.649770,-158.598461,362.058487,479.546313,-0.021888,290.476017,436.239710,-96.446152,409.931030,499.833276,18.997676,282.339821,369.536498,-98.954353,456.452675,522.273366,-54.510202,271.270046,314.590244,-138.142595,474.464989,526.836920,-71.183562,267.341671,297.823648,-153.874435,475.408325,526.820483,-100.327549,270.235939,297.235494,-183.323822,468.809929,523.559496,-71.454186,273.081455,302.180543,-150.683975,367.388840,335.648460,18.333080,320.495300,332.056060,-18.496897,384.215126,247.268815,6.058849,293.381138,241.567640,-88.885365,387.928810,169.362445,179.659863,248.693142,165.572934,29.605260,381.076584,160.204611,188.269615,238.542843,161.417656,35.405364,400.877495,138.433056,78.661566,249.524727,133.668079,-85.386543,
0.000000,0.000000,0.000000,0.000000,0.000000,0.000000,0.000000,0.000000,0.000000,0.000000,0.000000,0.000000,0.000000,0.000000,0.000000,0.000000,0.000000,0.000000,0.000000,0.000000,0.000000,0.000000,0.000000,0.000000,0.000000,0.000000,0.000000,0.000000,0.000000,0.000000,0.000000,0.000000,0.000000,0.000000,0.000000,0.000000,0.000000,0.000000,0.000000,0.000000,0.000000,0.000000,0.000000,0.000000,0.000000,0.000000,0.000000,0.000000,0.000000,0.000000,0.000000,0.000000,328.702507,514.613793,-187.058029,324.086113,521.646523,-168.338184,324.108124,521.850972,-168.361397,324.042702,522.028835,-168.356667,321.163712,520.341361,-187.307816,318.855343,519.549229,-187.336845,316.252079,518.593955,-187.359524,315.158176,516.545734,-69.374328,304.519653,511.437156,-157.650805,330.609703,505.882280,-149.502516,326.767502,504.398546,-174.971218,353.870621,486.651592,-13.433441,282.700405,441.043181,-123.393145,405.879250,504.424231,-17.552395,276.946144,373.983557,-123.983936,451.603584,522.724879,-135.765638,267.604713,314.865718,-157.549238,471.413345,526.925497,-159.206877,264.216347,298.755684,-173.172016,472.669868,527.323880,-190.149937,267.547665,297.847595,-203.958817,465.774155,524.319828,-154.611940,270.640659,302.441425,-169.881096,361.665268,344.011803,19.490297,314.702415,338.786430,-19.662666,380.492172,253.921294,9.578108,286.722260,245.656528,-83.967524,387.289658,171.106997,178.538342,244.723244,165.764165,38.532131,380.397568,160.913014,186.971359,236.065044,161.568718,44.823103,400.463371,138.530817,76.358733,249.017582,133.738632,-73.939986,
0.000000,0.000000,0.000000,0.000000,0.000000,0.000000,0.000000,0.000000,0.000000,0.000000,0.000000,0.000000,0.000000,0.000000,0.000000,0.000000,0.000000,0.000000,0.000000,0.000000,0.000000,0.000000,0.000000,0.000000,0.000000,0.000000,0.000000,0.000000,0.000000,0.000000,0.000000,0.000000,0.000000,0.000000,0.000000,0.000000,0.000000,0.000000,0.000000,0.000000,0.000000,0.000000,0.000000,0.000000,0.000000,0.000000,0.000000,0.000000,0.000000,0.000000,0.000000,0.000000,322.326393,517.955911,-220.490150,316.611023,525.321772,-202.453117,316.462746,525.572634,-202.464485,316.260529,525.803111,-202.469292,313.969078,524.199150,-223.000469,311.655312,523.560140,-223.040543,308.944950,522.767129,-223.066540,306.913967,520.484140,-99.978542,296.141968,515.598099,-193.869362,323.977585,509.841907,-181.437016,320.196762,508.411517,-208.537903,346.529655,492.018735,-33.910155,274.040432,444.897730,-151.461134,399.232712,508.692892,-18.931906,269.919643,378.786106,-145.569687,450.144501,523.468044,-121.330824,262.764168,316.542721,-179.678230,468.890953,527.633579,-143.289318,260.044193,299.035020,-195.090675,470.185585,527.981837,-172.930412,263.286076,298.085861,-227.754402,464.409294,524.544425,-139.391422,265.942955,303.270850,-192.699184,356.114197,348.775320,21.433587,309.366150,343.272371,-21.620700,377.389107,255.930119,17.738686,281.579132,248.404355,-81.419201,385.847969,171.862307,189.568825,240.982304,166.122937,47.162676,377.441483,161.564813,198.764458,234.055786,161.895990,54.890299,400.491867,138.640981,88.855209,246.011429,133.847036,-65.856810,
0.000000,0.000000,0.000000,0.000000,0.000000,0.000000,0.000000,0.000000,0.000000,0.000000,0.000000,0.000000,0.000000,0.000000,0.000000,0.000000,0.000000,0.000000,0.000000,0.000000,0.000000,0.000000,0.000000,0.000000,0.000000,0.000000,0.000000,0.000000,0.000000,0.000000,0.000000,0.000000,0.000000,0.000000,0.000000,0.000000,0.000000,0.000000,0.000000,0.000000,0.000000,0.000000,0.000000,0.000000,0.000000,0.000000,0.000000,0.000000,0.000000,0.000000,0.000000,0.000000,314.519958,519.673340,-215.737057,308.863220,527.175522,-197.796402,308.702126,527.369692,-197.810955,308.469753,527.595363,-197.802963,306.439457,526.369400,-216.480598,304.228249,525.897889,-216.516972,301.590824,525.349109,-216.546230,298.232059,521.724157,-95.939627,288.335304,517.660182,-181.543732,316.194115,511.625941,-177.178001,312.751408,510.132337,-201.878357,339.270439,493.268709,-34.857574,265.662785,446.313057,-138.802385,392.465439,510.423131,-32.470932,262.981968,379.683766,-131.956081,444.281197,524.314570,-148.153706,256.917305,316.896687,-166.899471,462.727509,528.215897,-170.978775,254.651985,299.959202,-181.661034,464.566650,528.403287,-205.191078,257.978153,299.083772,-214.777260,458.914223,525.341470,-168.018494,260.437965,303.617263,-180.114861,351.542282,348.704853,21.581874,304.135895,343.812761,-21.766746,374.967842,255.517874,53.150153,277.081490,249.845839,-80.372772,383.712654,172.100143,234.879227,237.430973,165.907288,41.885362,374.078178,161.644464,245.641899,231.196270,160.681100,47.931862,399.822693,139.470234,139.441452,241.723824,134.040456,-72.396035,
0.000000,0.000000,0.000000,0.000000,0.000000,0.000000,0.000000,0.000000,0.000000,0.000000,0.000000,0.000000,0.000000,0.000000,0.000000,0.000000,0.000000,0.000000,0.000000,0.000000,0.000000,0.000000,0.000000,0.000000,0.000000,0.000000,0.000000,0.000000,0.000000,0.000000,0.000000,0.000000,0.000000,0.000000,0.000000,0.000000,0.000000,0.000000,0.000000,0.000000,0.000000,0.000000,0.000000,0.000000,0.000000,0.000000,0.000000,0.000000,0.000000,0.000000,0.000000,0.000000,305.932560,519.264979,-199.604397,300.194969,526.467505,-181.512718,299.966831,526.647255,-181.530037,299.648285,526.850374,-181.521797,297.774696,525.640225,-199.419289,295.444450,525.149016,-199.450207,292.599430,524.577491,-199.481735,289.247551,520.799439,-82.742138,278.983269,516.763101,-164.561501,307.798920,511.210542,-162.493362,304.751377,509.472127,-186.088562,331.382828,492.456000,-28.167033,257.375736,446.240230,-125.596151,383.650513,509.842057,-28.156476,256.522713,379.035916,-120.668545,433.546371,524.394543,-139.795322,251.167545,317.493038,-157.164335,452.554245,528.257868,-162.899876,249.444256,299.199858,-172.358150,454.158249,528.795040,-196.007900,252.735710,298.556771,-204.848022,448.488541,525.813410,-159.156160,255.025787,304.140186,-170.388012,344.825516,347.963834,21.120715,297.855682,343.235464,-21.293881,372.276077,255.511265,44.057369,274.956322,249.692330,-79.753556,380.622368,172.296953,225.098438,234.203224,165.371661,43.663940,371.491165,161.938176,235.985146,227.981071,158.391480,49.977469,396.942673,139.479375,129.703722,237.537441,133.855362,-69.393778,
0.000000,0.000000,0.000000,0.000000,0.000000,0.000000,0.000000,0.000000,0.000000,0.000000,0.000000,0.000000,0.000000,0.000000,0.000000,0.000000,0.000000,0.000000,0.000000,0.000000,0.000000,0.000000,0.000000,0.000000,0.000000,0.000000,0.000000,0.000000,0.000000,0.000000,0.000000,0.000000,0.000000,0.000000,0.000000,0.000000,0.000000,0.000000,0.000000,0.000000,0.000000,0.000000,0.000000,0.000000,0.000000,0.000000,0.000000,0.000000,0.000000,0.000000,0.000000,0.000000,300.103664,516.403449,-168.233376,294.922085,522.798028,-150.619888,294.783440,523.024514,-150.654554,294.548492,523.274496,-150.643253,292.252350,521.844020,-170.012760,290.047245,521.380942,-170.037422,287.384834,520.856924,-170.082417,284.012566,516.840284,-57.447762,274.090767,513.100963,-148.132076,301.332035,508.633754,-133.368502,298.121529,506.051817,-158.998003,323.431396,491.967087,-7.677517,250.980549,442.749968,-123.227663,375.285645,509.525321,-7.927966,249.715099,373.122139,-116.407785,423.286591,523.849604,-122.039051,245.706539,313.740649,-152.046785,442.165298,528.629751,-144.362211,244.023666,294.737649,-165.643482,444.044533,529.228377,-181.269798,246.382179,294.191294,-199.996681,437.857895,526.169972,-142.994003,249.079132,300.518904,-165.896187,339.002876,347.416663,22.883441,292.336216,340.592480,-23.020003,369.481049,254.963751,42.626581,271.938267,248.038073,-95.649319,376.938362,172.232623,216.928806,233.310871,162.812276,14.407545,367.736397,161.915216,227.298660,226.191769,154.279032,19.699318,393.404961,139.450622,125.448465,235.201912,133.055034,-95.281925,
0.000000,0.000000,0.000000,0.000000,0.000000,0.000000,0.000000,0.000000,0.000000,0.000000,0.000000,0.000000,0.000000,0.000000,0.000000,0.000000,0.000000,0.000000,0.000000,0.000000,0.000000,0.000000,0.000000,0.000000,0.000000,0.000000,0.000000,0.000000,0.000000,0.000000,0.000000,0.000000,0.000000,0.000000,0.000000,0.000000,0.000000,0.000000,0.000000,0.000000,0.000000,0.000000,0.000000,0.000000,0.000000,0.000000,0.000000,0.000000,0.000000,0.000000,0.000000,0.000000,293.947392,507.601211,-151.997118,288.705540,514.230494,-134.594145,288.501072,514.506118,-134.625702,288.206024,514.764833,-134.614210,286.028252,513.227284,-157.224989,283.880272,512.807915,-157.250261,281.288719,512.317801,-157.296371,276.702614,508.993707,-42.598753,267.543449,505.512736,-146.563740,294.368401,500.014186,-117.294922,291.119576,497.210634,-147.165098,314.307404,483.680220,9.362653,244.134789,433.795466,-124.401073,363.965988,503.089671,7.812127,243.468399,363.444514,-128.634777,413.472786,520.694940,-117.091331,239.729576,304.554577,-153.661985,431.331863,527.214339,-140.737133,238.403759,284.986854,-167.252159,433.068924,528.355222,-177.655849,240.525742,284.929390,-199.048634,427.068100,524.826851,-138.545628,242.758636,291.653924,-166.342907,332.141762,341.185741,32.647548,286.091709,332.214160,-32.788086,366.662598,252.445307,38.603523,268.499489,240.972061,-86.607838,373.736000,172.160525,217.400036,231.772194,162.669239,75.241022,364.897156,161.475163,229.299736,223.914242,154.899373,86.270056,392.441330,139.431353,136.655550,233.541908,132.681284,-14.412447,
0.000000,0.000000,0.000000,0.000000,0.000000,0.000000,0.000000,0.000000,0.000000,0.000000,0.000000,0.000000,0.000000,0.000000,0.000000,0.000000,0.000000,0.000000,0.000000,0.000000,0.000000,0.000000,0.000000,0.000000,0.000000,0.000000,0.000000,0.000000,0.000000,0.000000,0.000000,0.000000,0.000000,0.000000,0.000000,0.000000,0.000000,0.000000,0.000000,0.000000,0.000000,0.000000,0.000000,0.000000,0.000000,0.000000,0.000000,0.000000,0.000000,0.000000,0.000000,0.000000,286.695518,497.252712,-206.976261,282.339058,503.691366,-187.939796,282.482758,503.985915,-187.958221,282.490082,504.250510,-187.953873,278.620815,502.678521,-210.803356,276.154747,502.280738,-210.838566,273.297176,501.873751,-210.862732,272.663612,499.324000,-82.668400,261.039124,496.022136,-187.867661,287.351017,489.865673,-167.211761,283.448086,486.974444,-197.559052,308.963566,473.325820,-16.432168,238.431911,423.441710,-155.582533,359.063950,498.672566,4.017731,237.442207,353.224869,-155.158215,408.537636,517.991037,-119.288082,233.339062,294.783096,-187.640343,426.492157,524.976110,-142.359486,231.726799,275.352874,-202.679863,428.280182,527.040167,-176.877213,233.864937,275.297985,-236.052208,422.585564,523.616338,-139.944592,235.642433,281.701899,-201.015167,326.324081,332.638206,33.532634,280.668678,323.120313,-33.717589,363.395042,245.350885,36.190186,264.000092,233.287554,-66.413469,372.487030,171.138539,237.028961,231.137505,162.912097,131.803303,363.540001,160.833192,252.083473,222.497063,157.058573,146.661406,392.906837,139.163775,159.720249,233.927231,132.013049,47.430525,
0.000000,0.000000,0.000000,0.000000,0.000000,0.000000,0.000000,0.000000,0.000000,0.000000,0.000000,0.000000,0.000000,0.000000,0.000000,0.000000,0.000000,0.000000,0.000000,0.000000,0.000000,0.000000,0.000000,0.000000,0.000000,0.000000,0.000000,0.000000,0.000000,0.000000,0.000000,0.000000,0.000000,0.000000,0.000000,0.000000,0.000000,0.000000,0.000000,0.000000,0.000000,0.000000,0.000000,0.000000,0.000000,0.000000,0.000000,0.000000,0.000000,0.000000,0.000000,0.000000,280.522118,490.643728,-218.639526,275.479221,496.974835,-200.370312,275.473232,497.339058,-200.393677,275.350285,497.678454,-200.394154,271.951599,495.897639,-222.488937,269.519005,495.520391,-222.533588,266.718750,495.075359,-222.567883,265.979156,492.829106,-98.484612,254.206581,488.749423,-200.606899,281.281471,483.269949,-180.170212,277.521553,480.400522,-209.604836,303.119717,466.646004,-35.975354,232.358837,414.675350,-168.173504,353.176765,494.111717,-15.415428,232.234840,344.153981,-167.883358,402.449532,515.150492,-120.179510,227.542744,286.133080,-199.013557,419.588394,522.349584,-141.879625,224.496651,266.608872,-213.078728,421.124344,524.130270,-175.036716,226.621323,266.386528,-246.031055,415.768051,520.992172,-139.824858,229.474030,272.731862,-212.237587,321.195755,326.039286,32.904122,274.453087,316.242442,-33.105469,360.033798,240.450640,28.877139,261.174469,228.015919,-76.364317,371.471176,169.762931,237.968712,230.636711,162.840772,122.557812,363.149834,159.315319,253.462410,222.760773,158.044810,138.533602,393.236198,138.908257,162.170601,234.562035,131.625738,42.054853,
0.000000,0.000000,0.000000,0.000000,0.000000,0.000000,0.000000,0.000000,0.000000,0.000000,0.000000,0.000000,0.000000,0.000000,0.000000,0.000000,0.000000,0.000000,0.000000,0.000000,0.000000,0.000000,0.000000,0.000000,0.000000,0.000000,0.000000,0.000000,0.000000,0.000000,0.000000,0.000000,0.000000,0.000000,0.000000,0.000000,0.000000,0.000000,0.000000,0.000000,0.000000,0.000000,0.000000,0.000000,0.000000,0.000000,0.000000,0.000000,0.000000,0.000000,0.000000,0.000000,273.146458,485.960977,-235.048409,268.228722,491.917198,-215.800514,268.458004,492.277107,-215.827179,268.608513,492.591226,-215.841122,264.318199,490.565407,-235.991745,261.758823,489.963262,-236.033001,258.725586,489.179478,-236.063557,261.381435,487.030814,-109.666700,246.652241,481.464350,-203.092155,274.946709,478.611424,-195.354881,270.592556,475.480320,-222.257385,297.648277,461.872315,-42.311440,228.482265,409.798257,-167.400017,346.624146,489.350173,-15.282692,228.640079,340.695777,-163.341789,396.336060,511.671710,-97.525854,223.300419,282.221303,-197.008743,413.299408,519.119239,-115.532017,219.575329,261.853037,-210.359325,415.035896,520.628936,-146.695890,221.460762,261.359425,-245.419598,409.729843,517.276840,-115.485554,224.592400,268.012762,-211.310463,314.800320,321.805987,34.053192,268.190250,312.003050,-34.286652,356.497612,240.389142,25.188348,259.552460,224.847350,-79.520369,370.202370,169.594831,229.585152,230.569000,161.953111,135.392742,362.270203,158.894491,243.525696,224.063625,158.121500,153.528194,393.220139,138.926840,152.099400,234.310341,131.079597,66.004653,
0.000000,0.000000,0.000000,0.000000,0.000000,0.000000,0.000000,0.000000,0.000000,0.000000,0.000000,0.000000,0.000000,0.000000,0.000000,0.000000,0.000000,0.000000,0.000000,0.000000,0.000000,0.000000,0.000000,0.000000,0.000000,0.000000,0.000000,0.000000,0.000000,0.000000,0.000000,0.000000,0.000000,0.000000,0.000000,0.000000,0.000000,0.000000,0.000000,0.000000,0.000000,0.000000,0.000000,0.000000,0.000000,0.000000,0.000000,0.000000,0.000000,0.000000,0.000000,0.000000,266.716270,483.152254,-219.089298,261.796265,489.430962,-202.597275,261.917686,489.751453,-202.626896,262.039394,490.028837,-202.602139,258.496132,488.129768,-220.809269,255.922031,487.443187,-220.847244,252.796402,486.534348,-220.914955,254.104691,483.761544,-107.966022,239.622459,478.068159,-188.792133,268.531952,475.086980,-181.569443,264.216862,472.484701,-206.214943,291.318817,459.022672,-40.075965,223.330498,406.712644,-153.372574,340.981522,487.923667,6.814773,225.123177,338.815441,-150.691347,391.695557,512.580271,-44.307370,219.386215,279.739981,-196.097946,409.586334,519.132714,-59.018297,216.450977,259.809923,-200.320206,411.290665,520.217679,-87.075081,218.248329,259.473381,-238.234749,405.819702,517.115736,-60.742545,220.986557,265.955615,-208.667336,311.449890,321.131873,33.830543,265.087128,311.734014,-34.056926,354.437218,240.688648,25.951521,259.086208,227.456818,-159.203739,369.564362,169.596334,228.180580,229.975224,160.504503,-2.565338,361.944809,158.914876,241.771679,224.623451,157.972670,8.793006,392.744522,138.917742,148.560047,233.788280,131.017413,-95.641308,
0.000000,0.000000,0.000000,0.000000,0.000000,0.000000,0.000000,0.000000,0.000000,0.000000,0.000000,0.000000,0.000000,0.000000,0.000000,0.000000,0.000000,0.000000,0.000000,0.000000,0.000000,0.000000,0.000000,0.000000,0.000000,0.000000,0.000000,0.000000,0.000000,0.000000,0.000000,0.000000,0.000000,0.000000,0.000000,0.000000,0.000000,0.000000,0.000000,0.000000,0.000000,0.000000,0.000000,0.000000,0.000000,0.000000,0.000000,0.000000,0.000000,0.000000,0.000000,0.000000,262.489967,482.594440,-217.318020,257.031288,489.173148,-198.568897,257.091522,489.406092,-198.593254,257.102776,489.590542,-198.601360,253.520298,487.857664,-218.774834,250.784111,487.105036,-218.812885,247.672825,486.144848,-218.838921,248.892784,483.529673,-97.593813,235.148945,477.721896,-188.990898,263.857822,474.407887,-178.839588,259.854641,471.855991,-205.693436,286.908569,459.949043,-35.575900,219.661465,406.776524,-153.176880,336.192780,488.449402,2.563932,222.445583,338.718238,-146.860533,384.320793,511.951818,-62.090373,216.632423,280.380964,-184.941578,402.730637,518.507073,-77.867203,213.917122,260.315552,-194.106789,404.603806,519.396729,-108.008213,215.643940,259.556293,-228.816128,398.240891,515.806260,-79.464922,217.419930,265.892959,-197.399960,308.659477,322.601509,32.973468,262.724552,313.050485,-33.189788,353.287354,241.223760,19.421831,255.737953,227.649508,-137.136784,367.486343,170.429449,223.272896,230.395260,160.379620,36.570466,359.841995,159.320211,237.774372,225.145798,158.008375,47.714434,391.383057,138.913493,145.797176,233.913689,130.975099,-68.384337,
0.000000,0.000000,0.000000,0.000000,0.000000,0.000000,0.000000,0.000000,0.000000,0.000000,0.000000,0.000000,0.000000,0.000000,0.000000,0.000000,0.000000,0.000000,0.000000,0.000000,0.000000,0.000000,0.000000,0.000000,0.000000,0.000000,0.000000,0.000000,0.000000,0.000000,0.000000,0.000000,0.000000,0.000000,0.000000,0.000000,0.000000,0.000000,0.000000,0.000000,0.000000,0.000000,0.000000,0.000000,0.000000,0.000000,0.000000,0.000000,0.000000,0.000000,0.000000,0.000000,257.680664,485.362673,-213.988361,251.680241,491.829286,-192.354546,251.765118,492.017255,-192.381840,251.784134,492.163489,-192.433586,248.214855,490.421748,-217.623329,245.593719,489.516127,-217.708817,242.623959,488.442879,-217.730331,243.508492,485.955462,-84.363852,230.660591,480.201159,-184.428635,259.348812,477.035165,-172.283115,255.161858,474.649844,-205.306320,282.639370,461.819937,-17.736059,215.298424,408.572638,-149.340973,333.179092,489.442291,26.286299,219.982948,341.109953,-144.354401,381.328201,513.039680,-25.807829,213.714561,282.865291,-179.831715,400.063705,519.268863,-38.560848,211.255150,262.588348,-186.916733,401.793098,519.600921,-69.797783,213.282661,261.923676,-225.846481,395.003891,515.871170,-43.365760,215.004902,268.323941,-194.748440,306.744652,323.562856,35.679352,260.729618,315.097675,-35.891280,352.019157,243.374805,-6.885388,253.057022,228.499703,-195.748024,364.335098,171.716137,172.601109,230.140343,160.393181,-45.709977,355.709343,159.825497,183.684540,225.449715,158.097425,-35.238693,390.143547,139.041424,89.314890,233.892517,130.353770,-139.158201,
0.000000,0.000000,0.000000,0.000000,0.000000,0.000000,0.000000,0.000000,0.000000,0.000000,0.000000,0.000000,0.000000,0.000000,0.000000,0.000000,0.000000,0.000000,0.000000,0.000000,0.000000,0.000000,0.000000,0.000000,0.000000,0.000000,0.000000,0.000000,0.000000,0.000000,0.000000,0.000000,0.000000,0.000000,0.000000,0.000000,0.000000,0.000000,0.000000,0.000000,0.000000,0.000000,0.000000,0.000000,0.000000,0.000000,0.000000,0.000000,0.000000,0.000000,0.000000,0.000000,253.905640,486.746693,-238.477821,247.642040,493.156185,-218.609142,247.552376,493.354132,-218.629341,247.402573,493.528240,-218.666363,244.585114,492.167652,-240.575752,242.195053,491.482100,-240.634747,239.458008,490.595748,-240.659447,239.318485,487.696967,-112.533817,227.641335,482.568433,-210.663357,255.503273,478.721502,-198.450794,251.521778,476.313543,-227.277794,278.738613,463.384824,-44.203005,213.225899,411.269288,-168.773041,328.891602,494.480381,18.674959,218.221302,343.155298,-162.360897,378.726768,517.712581,-52.354870,212.527809,285.072641,-196.014023,397.802925,523.579259,-65.995979,209.780846,265.084605,-207.880478,399.824677,523.749375,-98.803806,211.896458,264.445767,-242.544212,392.818527,519.863884,-70.383196,214.190063,270.870967,-210.110226,305.448666,327.848897,34.947286,259.925957,315.486317,-35.186760,349.791069,247.593212,-53.228135,250.407887,229.114637,-151.811008,360.671616,171.712790,118.862677,230.516529,160.452189,-29.291072,351.175766,160.517764,129.231339,225.774803,157.043681,-6.654755,382.594986,138.267703,26.462274,232.804527,129.266896,-94.742451,
0.000000,0.000000,0.000000,0.000000,0.000000,0.000000,0.000000,0.000000,0.000000,0.000000,0.000000,0.000000,0.000000,0.000000,0.000000,0.000000,0.000000,0.000000,0.000000,0.000000,0.000000,0.000000,0.000000,0.000000,0.000000,0.000000,0.000000,0.000000,0.000000,0.000000,0.000000,0.000000,0.000000,0.000000,0.000000,0.000000,0.000000,0.000000,0.000000,0.000000,0.000000,0.000000,0.000000,0.000000,0.000000,0.000000,0.000000,0.000000,0.000000,0.000000,0.000000,0.000000,249.884529,490.701513,-264.240990,244.062595,497.383626,-244.055519,244.190311,497.659292,-244.079227,244.251404,497.885435,-244.116306,240.358849,495.759988,-264.592094,237.738190,494.684722,-264.642239,234.679451,493.340571,-264.670906,236.332169,492.429907,-131.064196,223.003120,485.381341,-223.976402,251.779308,482.633214,-221.337299,247.331886,480.237808,-248.153419,274.201508,472.057242,-53.911066,210.195789,412.693734,-169.179268,326.272011,500.625386,-0.910915,216.603966,343.987598,-157.284088,375.696678,522.577250,-77.391281,212.490234,286.281137,-195.339851,394.742203,529.088066,-92.421856,209.267731,265.833693,-208.645763,396.807938,529.614851,-129.443998,211.203270,264.866638,-244.128933,389.538765,525.524461,-97.143660,213.724632,271.921663,-209.664822,304.750576,335.265055,30.667491,259.280300,321.808133,-30.901074,346.926498,252.930164,-70.256042,249.468822,231.020937,-113.271322,352.830887,171.806345,102.333870,230.694294,158.138666,29.210963,342.342453,161.414652,112.434292,225.881920,151.736512,41.424417,371.146202,136.965780,-0.338809,233.158970,129.180765,-93.317719,
0.000000,0.000000,0.000000,0.000000,0.000000,0.000000,0.000000,0.000000,0.000000,0.000000,0.000000,0.000000,0.000000,0.000000,0.000000,0.000000,0.000000,0.000000,0.000000,0.000000,0.000000,0.000000,0.000000,0.000000,0.000000,0.000000,0.000000,0.000000,0.000000,0.000000,0.000000,0.000000,0.000000,0.000000,0.000000,0.000000,0.000000,0.000000,0.000000,0.000000,0.000000,0.000000,0.000000,0.000000,0.000000,0.000000,0.000000,0.000000,0.000000,0.000000,0.000000,0.000000,245.746670,498.572509,-248.169346,239.482956,505.314381,-228.052025,239.535198,505.619574,-228.069725,239.516487,505.909939,-228.106670,236.043968,503.332100,-249.849682,233.545551,502.077534,-249.894466,230.506935,500.576441,-249.925594,231.533985,499.766157,-117.811852,219.134026,492.585604,-216.311169,247.885952,490.413637,-206.311226,243.615608,487.878821,-234.701595,270.752354,480.596945,-46.058040,208.305149,419.917266,-168.478069,323.345642,505.599103,15.102561,215.285702,348.616147,-158.217716,375.888710,526.896358,-53.474445,212.290478,291.648388,-197.651978,394.341354,534.342706,-66.763711,208.902931,271.165323,-210.739880,396.694870,535.649350,-102.758398,210.961475,269.911251,-246.791229,389.708824,531.689465,-72.949905,213.787766,277.622280,-212.176476,304.713039,342.664733,30.625815,259.265747,329.743266,-30.863976,344.826469,257.828436,-85.566349,249.700813,237.154183,-106.253691,345.378647,172.633710,75.116606,230.881367,158.326721,53.246155,332.503281,163.161006,84.045639,225.880928,152.316427,64.381599,361.338005,136.276860,-28.347802,233.404922,129.068241,-52.934732,
0.000000,0.000000,0.000000,0.000000,0.000000,0.000000,0.000000,0.000000,0.000000,0.000000,0.000000,0.000000,0.000000,0.000000,0.000000,0.000000,0.000000,0.000000,0.000000,0.000000,0.000000,0.000000,0.000000,0.000000,0.000000,0.000000,0.000000,0.000000,0.000000,0.000000,0.000000,0.000000,0.000000,0.000000,0.000000,0.000000,0.000000,0.000000,0.000000,0.000000,0.000000,0.000000,0.000000,0.000000,0.000000,0.000000,0.000000,0.000000,0.000000,0.000000,0.000000,0.000000,242.307549,506.499488,-224.814739,236.048546,512.989984,-200.327644,236.282310,513.238227,-200.365181,236.425438,513.456001,-200.412731,232.275105,511.206186,-221.842690,229.678841,510.077491,-221.872711,226.523781,508.696282,-221.894512,229.557781,507.055821,-81.770792,215.175972,499.831109,-178.190556,245.001488,498.632805,-180.073624,240.348186,495.987160,-207.886028,269.089508,486.778085,-7.842171,207.098503,426.484408,-135.167866,321.210670,510.322258,47.260141,215.161209,353.888597,-128.130293,374.636879,530.763395,-14.162725,212.258701,297.032547,-178.248920,394.109573,538.039005,-26.189587,208.995342,276.251736,-192.776699,396.443787,539.164953,-60.816574,210.796413,275.132890,-230.874271,389.325981,535.055273,-32.982445,213.570766,282.866793,-194.013863,305.045986,348.234243,30.551157,259.077969,336.656327,-30.787575,342.537689,263.350997,-87.157068,250.400333,247.568450,-171.793709,336.325493,173.252506,51.302543,230.935497,160.262032,-31.110520,322.351646,164.433532,57.393641,225.484962,153.268118,-22.373824,352.029762,136.115155,-55.836229,233.590145,129.109912,-135.292206,
0.000000,0.000000,0.000000,0.000000,0.000000,0.000000,0.000000,0.000000,0.000000,0.000000,0.000000,0.000000,0.000000,0.000000,0.000000,0.000000,0.000000,0.000000,0.000000,0.000000,0.000000,0.000000,0.000000,0.000000,0.000000,0.000000,0.000000,0.000000,0.000000,0.000000,0.000000,0.000000,0.000000,0.000000,0.000000,0.000000,0.000000,0.000000,0.000000,0.000000,0.000000,0.000000,0.000000,0.000000,0.000000,0.000000,0.000000,0.000000,0.000000,0.000000,0.000000,0.000000,239.141350,511.364479,-249.193439,233.418694,517.622030,-224.573689,233.782921,517.869501,-224.618893,234.098759,518.100214,-224.673805,229.118767,515.685689,-243.168888,226.253147,514.502192,-243.203220,222.977676,513.098388,-243.217964,228.122101,511.533844,-98.595219,211.845245,503.372140,-180.622272,242.242851,503.295364,-203.096714,236.961231,500.058947,-227.019768,267.968712,493.062973,-13.472173,207.083206,430.440495,-136.393461,321.458969,515.236151,35.872445,216.252823,357.934012,-128.980284,376.469536,534.797995,-26.973577,213.105831,300.468564,-185.402222,396.098557,541.864232,-38.890624,209.961967,279.839501,-201.723099,397.945061,542.527617,-74.284067,211.596813,279.047413,-239.868965,390.974045,538.416553,-45.711603,213.720703,285.979185,-201.561680,305.143948,352.285452,28.476653,258.603058,342.128677,-28.629205,339.804916,265.822062,-104.155760,250.808334,252.066407,-215.264816,325.405006,173.377948,44.952793,231.016922,164.704027,-69.156547,310.952244,165.434017,52.358866,225.496063,156.507626,-59.348907,339.320030,135.560732,-61.975527,233.448734,128.832335,-172.607269,
0.000000,0.000000,0.000000,0.000000,0.000000,0.000000,0.000000,0.000000,0.000000,0.000000,0.000000,0.000000,0.000000,0.000000,0.000000,0.000000,0.000000,0.000000,0.000000,0.000000,0.000000,0.000000,0.000000,0.000000,0.000000,0.000000,0.000000,0.000000,0.000000,0.000000,0.000000,0.000000,0.000000,0.000000,0.000000,0.000000,0.000000,0.000000,0.000000,0.000000,0.000000,0.000000,0.000000,0.000000,0.000000,0.000000,0.000000,0.000000,0.000000,0.000000,0.000000,0.000000,237.105541,514.397242,-245.319061,230.626278,520.378504,-222.274189,230.904312,520.852075,-222.313347,231.123791,521.299982,-222.370872,226.798687,517.777898,-239.680805,224.018822,516.270883,-239.715252,220.638313,514.457774,-239.723701,226.234131,513.895690,-101.127129,209.402294,503.425119,-178.836823,240.984287,506.898258,-200.902958,236.155243,502.156949,-223.490238,268.369942,496.491201,-16.012882,207.695675,433.032174,-129.177246,323.983536,515.820122,39.284244,217.025490,360.479836,-118.765907,378.523598,536.596491,-15.076578,214.215393,302.709303,-182.045021,397.925797,543.500508,-25.478790,211.035728,282.075691,-198.837433,399.575462,544.454087,-61.174254,212.465477,281.247597,-239.554367,392.504959,540.325577,-33.457687,214.870243,288.181472,-198.962898,305.090790,354.931827,25.851603,258.709908,346.294169,-25.928197,335.660057,265.177774,-88.748121,251.329918,257.566309,-248.171120,317.056007,173.337951,67.572069,231.090450,168.377366,-120.783463,302.480412,165.511050,75.766983,226.750965,161.301699,-112.529726,332.948570,134.450254,-34.675078,234.030514,129.044209,-228.465691,
0.000000,0.000000,0.000000,0.000000,0.000000,0.000000,0.000000,0.000000,0.000000,0.000000,0.000000,0.000000,0.000000,0.000000,0.000000,0.000000,0.000000,0.000000,0.000000,0.000000,0.000000,0.000000,0.000000,0.000000,0.000000,0.000000,0.000000,0.000000,0.000000,0.000000,0.000000,0.000000,0.000000,0.000000,0.000000,0.000000,0.000000,0.000000,0.000000,0.000000,0.000000,0.000000,0.000000,0.000000,0.000000,0.000000,0.000000,0.000000,0.000000,0.000000,0.000000,0.000000,234.892902,512.039237,-239.291515,229.711895,518.120449,-215.726376,230.286579,518.558099,-215.783348,230.843544,518.986888,-215.861473,225.551910,515.752702,-225.501976,222.922401,514.374411,-225.521545,219.792213,512.719982,-225.506306,227.442322,512.436011,-96.548109,210.507889,502.598119,-153.396072,238.901749,504.559393,-195.447426,233.796043,500.087614,-208.274670,269.466057,495.380938,-17.259918,208.332291,434.151728,-101.028690,324.215660,514.567680,38.940582,217.603779,361.428931,-85.615606,379.387093,534.713430,-26.278608,215.019283,303.538041,-149.333086,399.025192,541.629227,-42.897673,211.886120,282.773795,-164.570618,400.573273,542.736830,-82.402601,213.325119,282.217441,-202.549248,393.359184,538.711767,-45.778518,215.796852,289.202127,-165.533829,304.341221,353.284435,20.377080,258.029480,344.934225,-20.397124,331.032944,263.522487,-77.802629,251.431389,258.288188,-238.230381,308.453407,173.278642,91.282320,231.144829,168.525681,-111.269083,294.729462,165.454102,100.216427,228.317261,161.269898,-103.232365,326.071320,133.449812,-7.312509,234.361744,128.935418,-224.041023,
0.000000,0.000000,0.000000,0.000000,0.000000,0.000000,0.000000,0.000000,0.000000,0.000000,0.000000,0.000000,0.000000,0.000000,0.000000,0.000000,0.000000,0.000000,0.000000,0.000000,0.000000,0.000000,0.000000,0.000000,0.000000,0.000000,0.000000,0.000000,0.000000,0.000000,0.000000,0.000000,0.000000,0.000000,0.000000,0.000000,0.000000,0.000000,0.000000,0.000000,0.000000,0.000000,0.000000,0.000000,0.000000,0.000000,0.000000,0.000000,0.000000,0.000000,0.000000,0.000000,234.940605,511.849294,-253.253536,230.422249,517.772834,-230.852795,231.141911,518.449824,-230.883446,231.842613,518.566446,-230.934467,226.004620,514.765778,-242.999916,223.354435,513.062596,-243.026028,220.345268,511.082225,-243.009758,228.798847,511.391709,-112.823772,211.118317,500.907512,-154.071226,239.373779,503.526335,-209.809303,234.157791,499.453819,-225.182686,270.181694,492.817647,-27.467206,209.279575,432.969732,-114.991846,324.579926,512.041318,32.607417,218.057785,360.809748,-103.716450,378.082390,532.905493,-27.955904,215.540123,303.003960,-159.495745,397.794228,538.827703,-47.941675,212.369118,282.466650,-178.565235,399.405060,540.916768,-88.858747,213.905525,282.037797,-216.789570,392.009277,536.608572,-46.077485,216.310463,288.856788,-176.774654,303.708134,351.418862,20.995259,257.893410,342.864075,-21.025853,329.159164,262.056627,-74.727211,251.336403,256.957211,-232.561913,302.907162,171.506839,84.484110,231.674538,167.148356,-115.906811,289.678764,163.132081,92.515182,229.099159,158.754458,-109.607210,323.539772,133.119578,-15.518486,233.780422,128.436956,-229.716816,
0.000000,0.000000,0.000000,0.000000,0.000000,0.000000,0.000000,0.000000,0.000000,0.000000,0.000000,0.000000,0.000000,0.000000,0.000000,0.000000,0.000000,0.000000,0.000000,0.000000,0.000000,0.000000,0.000000,0.000000,0.000000,0.000000,0.000000,0.000000,0.000000,0.000000,0.000000,0.000000,0.000000,0.000000,0.000000,0.000000,0.000000,0.000000,0.000000,0.000000,0.000000,0.000000,0.000000,0.000000,0.000000,0.000000,0.000000,0.000000,0.000000,0.000000,0.000000,0.000000,236.838417,506.167839,-273.382874,232.330036,512.240424,-250.196209,232.976551,512.954257,-250.218925,233.596401,513.322771,-250.262814,228.003502,509.291453,-263.343086,225.246468,507.567008,-263.377800,222.125587,505.571294,-263.351860,229.714985,507.432854,-129.323559,211.975231,495.903647,-182.402992,240.911007,499.135580,-229.145279,235.868855,493.810773,-245.908794,271.157951,488.746333,-44.828444,209.675140,428.532951,-125.671682,325.690994,504.026728,-0.991990,218.123646,357.237368,-107.261620,378.571548,525.215213,-74.610305,215.703239,300.502167,-166.936512,397.550507,531.702876,-94.113865,212.766247,280.481129,-184.286079,398.957100,533.959408,-130.079803,214.222279,280.571079,-223.140888,392.022095,529.743984,-93.369837,216.616879,286.856976,-184.206200,301.719933,347.849293,21.441441,256.657963,340.437942,-21.448829,327.161827,253.890996,-66.189027,251.324654,255.342822,-229.090233,300.500908,169.071736,126.664429,232.548466,164.513226,-94.580994,286.967525,159.845109,138.428650,230.459213,156.441450,-86.352510,322.543449,132.202263,37.460880,234.843292,128.263664,-204.548016,
0.000000,0.000000,0.000000,0.000000,0.000000,0.000000,0.000000,0.000000,0.000000,0.000000,0.000000,0.000000,0.000000,0.000000,0.000000,0.000000,0.000000,0.000000,0.000000,0.000000,0.000000,0.000000,0.000000,0.000000,0.000000,0.000000,0.000000,0.000000,0.000000,0.000000,0.000000,0.000000,0.000000,0.000000,0.000000,0.000000,0.000000,0.000000,0.000000,0.000000,0.000000,0.000000,0.000000,0.000000,0.000000,0.000000,0.000000,0.000000,0.000000,0.000000,0.000000,0.000000,237.669888,498.246095,-261.219826,233.498077,504.567332,-235.011215,234.183807,505.243828,-235.050697,234.843864,505.774648,-235.080299,229.066658,501.962929,-241.828117,226.240902,500.498872,-241.843777,223.103809,498.786507,-241.797409,230.914650,500.526338,-111.573477,212.919807,489.982080,-158.582783,241.793785,491.426761,-216.655502,236.647129,486.199501,-224.651775,272.284279,479.764516,-36.474128,209.194546,420.009770,-104.111614,326.295395,491.685927,-3.737259,217.795639,350.077801,-86.060019,378.519363,514.536245,-92.620564,215.630817,293.951311,-145.877409,396.902351,521.909595,-114.314060,212.975159,276.154275,-160.304108,398.002281,524.382441,-146.528749,214.386635,276.796331,-198.341427,391.461372,520.231862,-110.505695,216.630764,282.075133,-161.898117,300.934296,338.442807,21.790562,255.853863,330.870781,-21.814592,325.746536,245.917797,-65.644503,251.257000,248.835526,-221.777611,299.055576,166.480722,126.595440,232.985649,163.007755,-85.895395,286.321678,156.885324,137.963533,231.094666,155.507183,-77.526841,319.585876,131.449571,35.816548,234.860134,127.591481,-194.068794,
0.000000,0.000000,0.000000,0.000000,0.000000,0.000000,0.000000,0.000000,0.000000,0.000000,0.000000,0.000000,0.000000,0.000000,0.000000,0.000000,0.000000,0.000000,0.000000,0.000000,0.000000,0.000000,0.000000,0.000000,0.000000,0.000000,0.000000,0.000000,0.000000,0.000000,0.000000,0.000000,0.000000,0.000000,0.000000,0.000000,0.000000,0.000000,0.000000,0.000000,0.000000,0.000000,0.000000,0.000000,0.000000,0.000000,0.000000,0.000000,0.000000,0.000000,0.000000,0.000000,238.957996,493.929498,-231.195335,234.204597,500.343668,-206.403103,234.860592,500.895667,-206.440792,235.514507,501.425414,-206.463470,229.868050,497.493832,-216.290226,227.086525,495.816743,-216.305618,223.883705,493.864074,-216.284599,231.716442,494.960947,-90.799046,213.870373,484.053841,-141.419201,243.105755,486.627946,-190.352497,237.950344,481.247842,-202.363167,273.530769,469.684560,-25.907636,209.547157,413.659587,-96.363888,330.219765,477.298987,-9.914090,216.645012,343.881512,-82.538671,377.153549,503.885536,-104.524698,214.385490,289.015102,-136.336851,393.810158,513.595133,-126.876736,212.067490,270.649910,-149.202499,393.439941,516.108127,-154.002838,213.712139,271.016665,-185.261517,387.312241,511.591845,-120.331831,215.821342,276.501203,-151.409245,300.457344,331.062784,22.167206,255.444679,324.204097,-22.181859,324.059753,240.227652,-59.043703,251.355400,243.357253,-217.462082,297.420139,163.921123,142.388859,233.859482,162.922783,-63.991566,285.425911,154.029608,155.534153,231.551018,155.604429,-50.415850,320.309563,130.887165,60.626078,236.164036,127.254767,-152.766666,
0.000000,0.000000,0.000000,0.000000,0.000000,0.000000,0.000000,0.000000,0.000000,0.000000,0.000000,0.000000,0.000000,0.000000,0.000000,0.000000,0.000000,0.000000,0.000000,0.000000,0.000000,0.000000,0.000000,0.000000,0.000000,0.000000,0.000000,0.000000,0.000000,0.000000,0.000000,0.000000,0.000000,0.000000,0.000000,0.000000,0.000000,0.000000,0.000000,0.000000,0.000000,0.000000,0.000000,0.000000,0.000000,0.000000,0.000000,0.000000,0.000000,0.000000,0.000000,0.000000,239.197044,488.400328,-284.712372,234.657421,495.372484,-261.218376,235.198326,496.116593,-261.260719,235.731964,496.889155,-261.267815,230.460625,492.166665,-267.223816,227.759514,490.389261,-267.233124,224.619312,488.300014,-267.215729,233.295364,491.181006,-141.920214,214.332123,478.162422,-159.211483,244.210167,481.389055,-242.111092,238.252792,475.957153,-248.876839,280.729942,462.811453,-73.082705,209.870110,410.009573,-104.549732,335.424881,463.947208,-151.151714,215.835400,340.761738,-85.811405,373.222847,498.927741,-350.709915,212.497654,286.310577,-143.305101,387.186050,510.253916,-389.462395,208.818913,267.544384,-155.542889,383.867188,513.190935,-409.251022,210.393982,267.624292,-191.170063,378.907280,508.630064,-365.169334,213.099403,273.541117,-157.969313,300.809288,326.359048,17.302630,255.386925,319.680390,-17.280331,325.120621,238.166299,-91.741371,251.434994,237.543683,-191.544781,298.707466,164.043260,134.875078,234.331188,162.424622,5.128247,287.250824,154.667115,147.303600,232.239933,155.624471,19.630735,320.821724,130.671258,47.237782,237.245293,126.930156,-85.455971,
0.000000,0.000000,0.000000,0.000000,0.000000,0.000000,0.000000,0.000000,0.000000,0.000000,0.000000,0.000000,0.000000,0.000000,0.000000,0.000000,0.000000,0.000000,0.000000,0.000000,0.000000,0.000000,0.000000,0.000000,0.000000,0.000000,0.000000,0.000000,0.000000,0.000000,0.000000,0.000000,0.000000,0.000000,0.000000,0.000000,0.000000,0.000000,0.000000,0.000000,0.000000,0.000000,0.000000,0.000000,0.000000,0.000000,0.000000,0.000000,0.000000,0.000000,0.000000,0.000000,241.122875,486.360798,-269.035683,236.374931,493.136852,-246.663494,237.119331,493.754404,-246.706467,237.861080,494.406137,-246.721439,231.782322,490.004354,-255.003242,228.950615,488.209870,-255.019684,225.753517,486.154547,-255.011406,236.734180,488.475409,-131.189747,217.443771,475.685134,-152.530117,246.785851,479.014957,-227.346859,241.016636,474.531033,-238.094292,285.428104,459.262505,-66.018271,210.286694,409.550164,-92.034454,339.091873,457.317109,-161.748352,215.086040,340.277653,-71.452980,364.489441,498.107994,-375.390778,210.630188,286.359072,-133.245850,374.124985,512.708652,-416.408653,205.077267,267.984910,-145.485964,369.670639,515.291255,-431.282654,206.352139,267.592363,-180.597916,364.799156,508.933346,-388.226242,209.662266,273.374476,-147.912855,301.094418,322.496881,16.543871,255.356483,316.316385,-16.533247,326.361389,236.344285,-83.852215,251.472569,233.981838,-141.278505,301.136818,164.336672,146.841326,234.680099,162.270212,65.938020,289.146614,154.811482,163.447971,232.534599,155.697641,81.626339,321.646042,130.221248,65.556250,237.761726,126.823726,-18.827798,
0.000000,0.000000,0.000000,0.000000,0.000000,0.000000,0.000000,0.000000,0.000000,0.000000,0.000000,0.000000,0.000000,0.000000,0.000000,0.000000,0.000000,0.000000,0.000000,0.000000,0.000000,0.000000,0.000000,0.000000,0.000000,0.000000,0.000000,0.000000,0.000000,0.000000,0.000000,0.000000,0.000000,0.000000,0.000000,0.000000,0.000000,0.000000,0.000000,0.000000,0.000000,0.000000,0.000000,0.000000,0.000000,0.000000,0.000000,0.000000,0.000000,0.000000,0.000000,0.000000,244.142456,487.554467,-265.391502,239.821835,493.898234,-244.349651,241.147976,494.485080,-244.358444,242.436123,495.086410,-244.392796,234.018154,490.942612,-245.255451,230.986176,489.183748,-245.249615,228.086262,487.227945,-245.265007,242.034626,489.456604,-127.671833,221.704140,477.598579,-139.165707,250.770779,480.057650,-224.051743,244.128456,476.021826,-226.293640,289.060936,459.516563,-59.501791,212.493248,411.155477,-84.788065,346.067886,457.194371,-155.492020,214.814167,341.657553,-71.359434,353.832855,502.177548,-371.435928,209.817085,287.293081,-137.403507,360.291672,515.335608,-412.567024,203.737221,268.442945,-150.724163,354.944153,516.970382,-418.569641,205.241241,268.279438,-184.179688,350.712814,511.173570,-380.189629,209.027443,274.108372,-151.155853,301.361961,323.392568,17.389396,255.420780,317.506685,-17.377580,332.054787,238.265562,-107.479343,251.541157,234.899883,-189.575882,303.518162,165.388484,133.800020,235.019035,162.855663,15.926439,290.690193,158.107982,160.000496,232.842388,157.752085,31.566453,321.510353,129.807973,53.948855,238.309116,127.853522,-65.179090,
0.000000,0.000000,0.000000,0.000000,0.000000,0.000000,0.000000,0.000000,0.000000,0.000000,0.000000,0.000000,0.000000,0.000000,0.000000,0.000000,0.000000,0.000000,0.000000,0.000000,0.000000,0.000000,0.000000,0.000000,0.000000,0.000000,0.000000,0.000000,0.000000,0.000000,0.000000,0.000000,0.000000,0.000000,0.000000,0.000000,0.000000,0.000000,0.000000,0.000000,0.000000,0.000000,0.000000,0.000000,0.000000,0.000000,0.000000,0.000000,0.000000,0.000000,0.000000,0.000000,247.797508,488.273277,-271.300468,244.172192,494.899192,-250.898075,245.833416,495.474708,-250.917130,247.472744,496.056447,-250.941963,237.879677,492.033198,-254.113655,235.123539,490.357053,-254.120636,232.528191,488.437986,-254.135628,248.389015,489.593847,-133.446684,227.453651,478.301704,-147.445431,254.600334,480.932372,-228.089733,247.461700,476.249385,-231.771202,294.850254,462.443240,-55.728841,217.810211,415.348241,-92.730656,353.799706,462.904687,-174.498215,214.894905,346.737013,-80.123863,346.966476,506.849935,-398.973236,210.288944,293.290715,-148.328657,345.761795,525.354130,-442.682266,204.449959,275.498614,-165.753059,340.003738,524.865839,-441.095505,206.192226,274.289088,-192.567596,338.333817,518.063178,-404.720078,209.789124,280.278354,-158.980227,303.703823,325.320024,18.035892,255.662670,318.173504,-18.055006,339.818611,239.288106,-139.021244,251.951332,235.884404,-191.790066,304.097748,167.601757,85.594196,235.141029,163.853617,23.643289,292.156734,163.001103,104.184685,232.778664,160.830574,41.657276,322.819595,129.883804,5.468159,238.381710,127.859316,-53.035078,
0.000000,0.000000,0.000000,0.000000,0.000000,0.000000,0.000000,0.000000,0.000000,0.000000,0.000000,0.000000,0.000000,0.000000,0.000000,0.000000,0.000000,0.000000,0.000000,0.000000,0.000000,0.000000,0.000000,0.000000,0.000000,0.000000,0.000000,0.000000,0.000000,0.000000,0.000000,0.000000,0.000000,0.000000,0.000000,0.000000,0.000000,0.000000,0.000000,0.000000,0.000000,0.000000,0.000000,0.000000,0.000000,0.000000,0.000000,0.000000,0.000000,0.000000,0.000000,0.000000,252.388039,496.789205,-277.106781,247.951088,501.970224,-256.498680,249.476471,502.428131,-256.496315,250.962868,502.961011,-256.506710,242.625694,499.486434,-261.894131,240.332127,497.899532,-261.911659,238.083382,496.121786,-261.924400,252.088146,497.781301,-137.895374,232.915630,485.187685,-153.946714,258.902245,489.076073,-233.108482,252.731056,485.152495,-239.304314,299.995937,468.607278,-55.982041,223.433895,422.210019,-100.410280,360.084915,463.555884,-173.644314,217.878971,354.646525,-96.062889,339.537582,522.966256,-385.197487,212.771397,301.215806,-163.873081,331.149368,539.761326,-428.004494,205.170422,283.815222,-182.138824,325.215950,540.973363,-421.160049,207.797508,282.514672,-206.873932,326.328964,534.447076,-388.689919,211.814518,288.637619,-173.725548,310.002632,330.523767,21.686435,259.710045,323.792582,-21.813855,347.023659,245.473795,-141.471386,252.787285,237.032003,-176.095276,311.315670,172.206230,77.748499,234.796867,164.536743,25.716903,297.147636,167.915769,94.870872,230.268898,162.616882,41.688871,323.901672,131.011834,-3.103400,237.955971,127.986989,-57.441459,
0.000000,0.000000,0.000000,0.000000,0.000000,0.000000,0.000000,0.000000,0.000000,0.000000,0.000000,0.000000,0.000000,0.000000,0.000000,0.000000,0.000000,0.000000,0.000000,0.000000,0.000000,0.000000,0.000000,0.000000,0.000000,0.000000,0.000000,0.000000,0.000000,0.000000,0.000000,0.000000,0.000000,0.000000,0.000000,0.000000,0.000000,0.000000,0.000000,0.000000,0.000000,0.000000,0.000000,0.000000,0.000000,0.000000,0.000000,0.000000,0.000000,0.000000,0.000000,0.000000,260.064888,505.738235,-300.564480,254.814682,511.439495,-279.417477,255.954685,511.887252,-279.388885,257.184792,512.459486,-279.378662,250.276527,508.980317,-283.478642,247.678490,507.332540,-283.507729,245.670071,505.763769,-283.512383,257.782688,507.425923,-158.416719,239.488907,494.582026,-171.488838,265.510139,497.701221,-255.694485,259.632721,494.128518,-260.227699,307.709961,478.520207,-75.653701,231.039047,430.955629,-111.300449,366.339378,490.685205,-214.944706,223.178253,363.321283,-114.245825,335.980415,541.788701,-427.115555,218.674221,310.039716,-179.848518,323.407364,556.019955,-471.560059,210.017738,291.990123,-198.569984,317.531548,555.682393,-459.796219,213.478203,290.851364,-221.292686,320.797424,549.243343,-428.760948,217.969513,297.311668,-189.061260,317.458916,338.443108,21.306472,266.243858,332.884541,-21.452792,352.847824,253.068824,-170.072498,254.581413,244.985418,-178.276424,326.962204,175.822277,36.165981,235.008907,164.905643,-4.066292,313.381596,170.612226,51.332293,230.356789,161.755314,6.760256,338.051910,133.185067,-60.241246,236.917915,128.325849,-115.118475,
0.000000,0.000000,0.000000,0.000000,0.000000,0.000000,0.000000,0.000000,0.000000,0.000000,0.000000,0.000000,0.000000,0.000000,0.000000,0.000000,0.000000,0.000000,0.000000,0.000000,0.000000,0.000000,0.000000,0.000000,0.000000,0.000000,0.000000,0.000000,0.000000,0.000000,0.000000,0.000000,0.000000,0.000000,0.000000,0.000000,0.000000,0.000000,0.000000,0.000000,0.000000,0.000000,0.000000,0.000000,0.000000,0.000000,0.000000,0.000000,0.000000,0.000000,0.000000,0.000000,265.900478,513.175142,-296.851997,261.774960,518.946633,-277.071781,262.930641,519.542706,-277.040195,264.068298,520.205040,-277.015324,257.057533,516.136150,-280.985909,254.921074,514.708593,-281.019478,252.520618,513.114481,-281.035042,264.588680,514.324372,-159.490223,245.880795,501.846156,-174.030724,270.634975,504.911878,-253.072624,264.571590,500.573952,-257.813721,312.499180,485.961835,-82.826176,237.856617,438.647647,-112.243176,369.411469,509.964666,-215.794735,231.782646,371.262703,-110.473061,335.900192,559.023975,-424.051666,225.348473,316.115370,-177.642040,324.157333,574.302524,-468.926315,217.719898,298.077149,-192.674980,318.310547,572.640885,-460.626907,219.771748,297.148333,-215.849667,321.693115,564.904847,-427.488708,223.870316,303.433027,-185.619316,324.883537,345.377240,19.687879,273.999939,339.540324,-19.869864,355.787735,256.585736,-143.044252,258.059750,247.504463,-109.343367,340.991974,176.021233,61.368179,235.090408,164.857321,39.011967,329.868355,169.544020,74.229560,230.636520,159.251461,47.791543,356.315613,136.747127,-38.917751,236.530170,130.783825,-76.911378,
0.000000,0.000000,0.000000,0.000000,0.000000,0.000000,0.000000,0.000000,0.000000,0.000000,0.000000,0.000000,0.000000,0.000000,0.000000,0.000000,0.000000,0.000000,0.000000,0.000000,0.000000,0.000000,0.000000,0.000000,0.000000,0.000000,0.000000,0.000000,0.000000,0.000000,0.000000,0.000000,0.000000,0.000000,0.000000,0.000000,0.000000,0.000000,0.000000,0.000000,0.000000,0.000000,0.000000,0.000000,0.000000,0.000000,0.000000,0.000000,0.000000,0.000000,0.000000,0.000000,271.220455,516.707718,-331.744919,267.237949,522.428591,-313.455200,268.372402,523.278658,-313.421898,269.395561,524.184108,-313.384647,262.266178,519.060659,-314.158478,260.353088,517.540448,-314.199524,257.949429,515.842116,-314.225121,270.065880,519.135783,-198.059425,251.476078,505.854900,-199.390240,276.016731,509.354818,-288.531380,270.168877,503.917980,-289.133854,318.158150,492.843289,-124.929104,246.414833,443.693247,-120.976191,369.254227,527.547598,-248.115234,240.455475,374.828496,-109.637623,339.193001,576.923976,-442.976875,233.095989,318.980441,-170.757332,329.591064,592.182773,-486.332741,225.620213,300.095072,-183.498096,324.018364,590.984212,-483.361664,227.287178,299.632101,-206.987457,326.420479,585.970187,-447.928047,230.881424,306.155276,-178.527107,331.831589,351.148367,8.742495,281.237888,344.880066,-8.988239,357.994919,261.573744,-135.582705,262.291203,250.907822,-75.364814,355.905685,175.483718,47.463255,236.184273,165.093184,77.012320,345.911865,166.318417,59.335456,233.682995,159.268627,86.173420,373.903122,137.919230,-63.818202,236.912365,133.882871,-38.679047,
0.000000,0.000000,0.000000,0.000000,0.000000,0.000000,0.000000,0.000000,0.000000,0.000000,0.000000,0.000000,0.000000,0.000000,0.000000,0.000000,0.000000,0.000000,0.000000,0.000000,0.000000,0.000000,0.000000,0.000000,0.000000,0.000000,0.000000,0.000000,0.000000,0.000000,0.000000,0.000000,0.000000,0.000000,0.000000,0.000000,0.000000,0.000000,0.000000,0.000000,0.000000,0.000000,0.000000,0.000000,0.000000,0.000000,0.000000,0.000000,0.000000,0.000000,0.000000,0.000000,277.405510,519.715848,-325.229645,273.073463,525.412817,-311.522064,273.999367,526.089828,-311.500492,274.826355,526.814454,-311.461220,270.267181,522.609737,-310.978603,268.378696,520.939901,-311.017551,266.955318,519.383855,-311.061153,275.838165,520.878639,-213.897514,262.276573,509.146721,-209.900379,282.819271,512.069192,-287.700920,278.406620,507.135451,-286.965790,325.544472,495.160375,-156.692686,253.039894,446.139078,-127.055435,369.562302,537.648497,-267.720394,247.726498,375.832114,-100.264063,342.497406,592.440641,-440.196762,241.132259,318.488975,-161.228523,337.543602,608.814819,-482.778854,233.408241,299.605107,-174.013462,332.598572,609.010137,-484.501076,234.768581,299.272642,-200.865860,333.791122,602.594347,-447.132568,239.424477,305.773115,-171.586437,338.912010,352.329783,1.402715,288.077202,345.889606,-1.626646,360.600624,260.508456,-85.829229,268.804970,250.861731,-46.585908,369.343910,173.419490,84.917164,239.462662,164.979715,120.565891,361.057129,161.952081,94.211111,238.126926,158.028116,130.997238,386.963882,137.604232,-41.675763,237.953663,134.567800,6.415772,
0.000000,0.000000,0.000000,0.000000,0.000000,0.000000,0.000000,0.000000,0.000000,0.000000,0.000000,0.000000,0.000000,0.000000,0.000000,0.000000,0.000000,0.000000,0.000000,0.000000,0.000000,0.000000,0.000000,0.000000,0.000000,0.000000,0.000000,0.000000,0.000000,0.000000,0.000000,0.000000,0.000000,0.000000,0.000000,0.000000,0.000000,0.000000,0.000000,0.000000,0.000000,0.000000,0.000000,0.000000,0.000000,0.000000,0.000000,0.000000,0.000000,0.000000,0.000000,0.000000,289.245033,516.807582,-412.785492,284.976959,522.648339,-395.001450,285.955849,523.317604,-394.976578,286.993656,524.048409,-394.930153,281.328011,519.827149,-400.705414,279.489937,518.204799,-400.767288,277.683105,516.591697,-400.822067,287.801361,518.755639,-274.009495,272.052803,506.643040,-299.429684,294.725456,509.696295,-366.441269,290.104618,504.809804,-373.925667,331.997299,495.364909,-209.582787,262.479401,444.573827,-197.962170,366.444511,545.113063,-304.964333,255.155792,375.842628,-161.520004,351.007919,603.815954,-485.903435,249.123573,317.026420,-226.632366,340.656166,620.146455,-534.331284,241.789303,297.983379,-246.193810,335.694466,620.961782,-545.057487,242.648582,297.592120,-279.302425,339.146080,615.405575,-498.331261,247.470741,304.095297,-240.814915,344.372711,351.600266,-1.422335,294.009819,344.732051,1.188330,363.729477,259.570756,-46.972055,278.583317,250.355887,-39.312699,382.140160,169.611654,150.322113,248.537216,164.900494,149.108677,376.627426,158.776603,162.251053,245.585175,157.135305,161.238136,394.715385,136.581903,16.141542,247.443275,134.751391,22.066274,
0.000000,0.000000,0.000000,0.000000,0.000000,0.000000,0.000000,0.000000,0.000000,0.000000,0.000000,0.000000,0.000000,0.000000,0.000000,0.000000,0.000000,0.000000,0.000000,0.000000,0.000000,0.000000,0.000000,0.000000,0.000000,0.000000,0.000000,0.000000,0.000000,0.000000,0.000000,0.000000,0.000000,0.000000,0.000000,0.000000,0.000000,0.000000,0.000000,0.000000,0.000000,0.000000,0.000000,0.000000,0.000000,0.000000,0.000000,0.000000,0.000000,0.000000,0.000000,0.000000,299.828091,515.439034,-395.249710,295.282440,521.277537,-373.918686,296.167088,521.882150,-373.893433,297.190819,522.542102,-373.843651,291.633568,518.543336,-383.838882,289.647274,516.927638,-383.892250,287.526951,515.216753,-383.933105,297.644043,517.427387,-245.545311,280.286980,505.237241,-290.637207,305.117893,508.669653,-346.779823,300.011749,504.183283,-359.963188,339.072418,493.941686,-184.075813,269.630337,443.061211,-193.428516,364.619980,548.750535,-249.218636,260.847321,375.657771,-157.793732,363.034019,606.458477,-415.242538,256.516056,315.161319,-225.834541,357.972336,625.196292,-460.189552,249.253654,296.135874,-246.444283,354.362411,625.585170,-473.435364,250.665054,295.759206,-279.489403,355.489006,621.102093,-428.443222,255.477905,302.256160,-240.110569,349.415855,349.916182,-2.083996,299.789371,343.080883,1.839917,366.004944,256.349745,-51.755800,285.449772,247.766461,-30.835183,389.523697,163.373394,137.816906,258.059292,163.150749,160.756245,386.226540,151.605792,149.343395,254.982491,155.282521,172.875099,399.672203,132.314529,10.708349,257.368374,132.752995,33.182724,
0.000000,0.000000,0.000000,0.000000,0.000000,0.000000,0.000000,0.000000,0.000000,0.000000,0.000000,0.000000,0.000000,0.000000,0.000000,0.000000,0.000000,0.000000,0.000000,0.000000,0.000000,0.000000,0.000000,0.000000,0.000000,0.000000,0.000000,0.000000,0.000000,0.000000,0.000000,0.000000,0.000000,0.000000,0.000000,0.000000,0.000000,0.000000,0.000000,0.000000,0.000000,0.000000,0.000000,0.000000,0.000000,0.000000,0.000000,0.000000,0.000000,0.000000,0.000000,0.000000,311.713715,514.856844,-355.324783,305.760040,520.432169,-334.830437,306.189976,520.987859,-334.820786,306.711998,521.610861,-334.802933,302.418480,517.708547,-342.353516,300.201836,516.048882,-342.394333,297.746010,514.282830,-342.422943,304.057732,516.241100,-214.162617,288.986931,504.143028,-253.207970,315.613461,507.357388,-310.444221,310.810890,502.931185,-319.725227,343.546524,492.972357,-155.370426,277.578182,441.509392,-167.478714,364.236603,545.725712,-230.194950,268.664131,373.535800,-144.901791,371.235771,602.551571,-362.422218,263.029976,311.589818,-207.903481,368.789291,621.358867,-410.238800,255.722561,292.274437,-235.711632,366.477318,621.022464,-435.986252,256.855316,292.013125,-273.622246,366.918182,615.462642,-381.574745,261.517487,298.297262,-227.861767,356.513748,346.141305,-5.057866,307.744751,340.900011,4.814834,370.904312,247.372327,-25.781918,292.360744,242.278919,-18.982084,395.980797,156.497240,163.461342,261.913147,160.774913,186.237144,393.868713,145.303588,175.420189,257.860909,151.682997,200.531349,403.103790,127.750783,40.583496,259.399719,131.298466,69.706564,
0.000000,0.000000,0.000000,0.000000,0.000000,0.000000,0.000000,0.000000,0.000000,0.000000,0.000000,0.000000,0.000000,0.000000,0.000000,0.000000,0.000000,0.000000,0.000000,0.000000,0.000000,0.000000,0.000000,0.000000,0.000000,0.000000,0.000000,0.000000,0.000000,0.000000,0.000000,0.000000,0.000000,0.000000,0.000000,0.000000,0.000000,0.000000,0.000000,0.000000,0.000000,0.000000,0.000000,0.000000,0.000000,0.000000,0.000000,0.000000,0.000000,0.000000,0.000000,0.000000,315.925655,511.272104,-297.561913,310.525112,517.170560,-277.309513,311.107235,517.874265,-277.289085,311.699581,518.619125,-277.205868,306.593971,513.924294,-283.282833,303.947048,512.151825,-283.326683,301.275692,510.453944,-283.358803,309.971809,512.263491,-161.766586,293.779697,500.129499,-189.265575,320.189171,504.681315,-254.599285,314.088230,499.652259,-262.340202,351.776199,488.994448,-154.589891,283.806267,437.296779,-100.782681,364.807549,539.286661,-202.140102,274.781151,370.535867,-47.387633,375.010872,594.588962,-338.566208,270.821018,304.126153,-106.407976,373.488274,614.243116,-384.917488,264.233761,284.828882,-123.071289,371.849136,616.380955,-405.108109,265.070496,285.021443,-158.167953,371.842880,608.151176,-355.337486,269.494286,291.314335,-121.809778,362.603455,336.845069,-11.346481,312.718468,332.189441,11.120099,377.362137,235.259213,-34.058800,297.235718,234.803925,-24.599152,400.404396,150.790057,172.524052,264.410400,159.404497,198.937912,397.460365,140.920472,186.940403,259.315243,151.167240,216.428795,402.741623,122.313967,59.029269,261.409302,130.570536,98.037214,
0.000000,0.000000,0.000000,0.000000,0.000000,0.000000,0.000000,0.000000,0.000000,0.000000,0.000000,0.000000,0.000000,0.000000,0.000000,0.000000,0.000000,0.000000,0.000000,0.000000,0.000000,0.000000,0.000000,0.000000,0.000000,0.000000,0.000000,0.000000,0.000000,0.000000,0.000000,0.000000,0.000000,0.000000,0.000000,0.000000,0.000000,0.000000,0.000000,0.000000,0.000000,0.000000,0.000000,0.000000,0.000000,0.000000,0.000000,0.000000,0.000000,0.000000,0.000000,0.000000,327.251472,501.531136,-295.912971,322.074280,507.916424,-274.555569,322.769585,508.536444,-274.519653,323.554649,509.144275,-274.450741,317.503548,505.330946,-285.033875,314.471550,503.970423,-285.089264,311.022549,502.383950,-285.123711,321.139374,502.141414,-154.038496,299.981956,491.873338,-190.505619,331.386070,494.410064,-251.093273,324.835777,490.400612,-265.140629,361.044998,476.982594,-129.659653,289.702263,427.117925,-118.826618,372.921143,534.364722,-150.594835,278.985291,361.119382,-53.776860,377.501183,587.474166,-267.049046,276.546478,295.836883,-134.335432,375.942688,607.262431,-305.904541,269.964447,276.387906,-150.438175,373.917465,609.001919,-321.765976,271.149864,277.096353,-181.735153,373.448181,600.124784,-281.649723,275.178585,283.336716,-147.953053,370.484161,325.451217,-5.115710,319.254646,321.572614,4.774140,382.950058,230.677485,-35.588531,301.608009,228.446188,-53.585205,399.107590,148.574381,176.325436,266.338692,159.098253,166.802444,393.392487,139.353290,192.270012,261.171017,151.402631,184.572220,406.965256,122.049136,77.024484,262.420998,127.243824,64.913888,
0.000000,0.000000,0.000000,0.000000,0.000000,0.000000,0.000000,0.000000,0.000000,0.000000,0.000000,0.000000,0.000000,0.000000,0.000000,0.000000,0.000000,0.000000,0.000000,0.000000,0.000000,0.000000,0.000000,0.000000,0.000000,0.000000,0.000000,0.000000,0.000000,0.000000,0.000000,0.000000,0.000000,0.000000,0.000000,0.000000,0.000000,0.000000,0.000000,0.000000,0.000000,0.000000,0.000000,0.000000,0.000000,0.000000,0.000000,0.000000,0.000000,0.000000,0.000000,0.000000,335.408630,493.844504,-235.583000,331.203461,500.033326,-211.590767,332.095451,500.350149,-211.558876,333.056717,500.625751,-211.521530,326.079903,498.258648,-226.458378,322.987404,497.162955,-226.528301,319.479008,495.832665,-226.563683,330.291519,494.068716,-93.125505,308.175507,485.279460,-161.869526,338.902931,486.356828,-192.057171,332.663193,483.450816,-212.374001,367.162476,466.926649,-63.917208,296.937675,420.188234,-105.853214,386.584702,524.946370,-99.103012,285.343571,354.003825,-73.978744,379.528389,582.420841,-191.974716,283.778114,291.651177,-112.010784,376.463661,604.214262,-226.994438,276.323452,270.877361,-121.261244,372.352295,606.617843,-229.942284,277.863865,271.255960,-147.662067,372.114334,596.268046,-200.538731,282.487946,277.838573,-122.379265,377.439156,318.380055,2.190198,325.408707,313.775496,-2.461679,389.261703,228.546267,-164.655972,304.252167,225.554295,-99.810467,396.622581,150.417681,32.114666,266.776676,157.874651,90.443096,390.175667,141.043382,48.064866,260.787868,150.320435,104.281397,405.534477,122.505412,-62.120428,261.115685,126.364017,-16.371329,
0.000000,0.000000,0.000000,0.000000,0.000000,0.000000,0.000000,0.000000,0.000000,0.000000,0.000000,0.000000,0.000000,0.000000,0.000000,0.000000,0.000000,0.000000,0.000000,0.000000,0.000000,0.000000,0.000000,0.000000,0.000000,0.000000,0.000000,0.000000,0.000000,0.000000,0.000000,0.000000,0.000000,0.000000,0.000000,0.000000,0.000000,0.000000,0.000000,0.000000,0.000000,0.000000,0.000000,0.000000,0.000000,0.000000,0.000000,0.000000,0.000000,0.000000,0.000000,0.000000,338.420982,490.039566,-265.604153,335.023880,495.784085,-243.470974,336.373787,495.989027,-243.445778,337.816925,496.186330,-243.406887,329.044952,494.037495,-254.867401,325.967445,492.765119,-254.922352,322.653618,491.273596,-254.953232,336.840439,490.208416,-124.226360,313.772278,481.709955,-176.082115,343.288956,481.591208,-221.662865,336.579857,478.808341,-236.829815,373.788834,462.511132,-81.506987,302.351990,417.119937,-107.454853,404.431839,516.567965,-128.533325,291.830692,350.835814,-87.911148,380.155029,573.464066,-217.583122,288.368015,288.410339,-126.260490,375.053864,596.603912,-236.221466,280.911102,267.452288,-139.933500,370.476761,595.166720,-303.833275,282.912483,267.479753,-169.943676,370.370560,585.017166,-256.536560,287.254143,274.370112,-139.210835,381.580124,315.459752,3.599997,330.767593,309.298139,-3.846419,394.085045,226.448736,-146.927509,305.952244,223.277721,-88.928871,395.196075,151.511421,66.541009,266.226559,155.859432,114.297199,389.023438,142.114978,83.557825,261.481018,148.979630,129.125195,406.534081,123.240423,-26.327767,261.082039,126.451778,14.683350,
0.000000,0.000000,0.000000,0.000000,0.000000,0.000000,0.000000,0.000000,0.000000,0.000000,0.000000,0.000000,0.000000,0.000000,0.000000,0.000000,0.000000,0.000000,0.000000,0.000000,0.000000,0.000000,0.000000,0.000000,0.000000,0.000000,0.000000,0.000000,0.000000,0.000000,0.000000,0.000000,0.000000,0.000000,0.000000,0.000000,0.000000,0.000000,0.000000,0.000000,0.000000,0.000000,0.000000,0.000000,0.000000,0.000000,0.000000,0.000000,0.000000,0.000000,0.000000,0.000000,343.208084,490.568690,-287.795677,340.165672,496.616750,-265.974426,341.680183,497.056825,-265.934868,343.220634,497.524109,-265.897827,334.447823,494.392254,-269.132957,331.640167,492.983730,-269.204159,328.838081,491.428156,-269.222908,343.925705,491.959727,-146.598072,321.859360,482.283669,-182.779045,348.191299,482.963984,-244.055595,341.660843,479.088407,-248.045311,381.310806,463.489752,-111.099539,307.587490,418.715787,-106.533403,419.401855,514.271951,-239.848938,298.535194,350.965462,-86.022387,382.761536,564.031520,-408.251228,292.406559,289.395890,-133.840466,374.585953,583.116746,-454.425468,285.415897,269.138818,-147.318907,369.353104,578.484024,-444.358749,286.580391,268.943768,-178.222885,369.687119,570.809451,-411.965446,290.533943,275.716753,-146.793442,387.583199,317.030411,-2.086364,336.429405,311.413522,1.883080,397.116165,228.996663,-162.545738,308.952827,224.825678,-69.876223,395.189247,151.723509,40.547051,266.471195,154.182901,101.400623,389.548416,142.341356,55.922494,263.431339,147.329664,110.938940,405.094566,123.686571,-60.227971,260.406799,126.239305,-9.887007,
0.000000,0.000000,0.000000,0.000000,0.000000,0.000000,0.000000,0.000000,0.000000,0.000000,0.000000,0.000000,0.000000,0.000000,0.000000,0.000000,0.000000,0.000000,0.000000,0.000000,0.000000,0.000000,0.000000,0.000000,0.000000,0.000000,0.000000,0.000000,0.000000,0.000000,0.000000,0.000000,0.000000,0.000000,0.000000,0.000000,0.000000,0.000000,0.000000,0.000000,0.000000,0.000000,0.000000,0.000000,0.000000,0.000000,0.000000,0.000000,0.000000,0.000000,0.000000,0.000000,344.584579,496.939323,-281.374512,342.625389,501.829762,-259.746971,344.142227,502.037559,-259.712162,345.766487,502.323761,-259.652462,337.398338,500.210567,-262.321873,335.056381,499.085433,-262.390079,332.160797,497.717528,-262.425385,347.544975,495.896394,-142.311449,325.999527,487.761297,-159.065428,349.650497,487.714584,-238.851109,343.148079,484.336224,-242.366009,385.969086,465.404935,-106.482716,312.333069,423.157418,-82.944927,428.230438,514.580598,-233.382320,304.886227,353.192039,-60.508828,385.840378,560.374328,-398.597717,297.355537,293.129525,-119.851427,376.179581,576.618258,-442.502365,290.484352,273.197236,-136.063509,370.067558,572.511570,-431.795731,292.465248,272.826104,-163.868141,371.781845,565.351778,-401.091881,295.980015,278.992009,-131.709499,393.914223,319.137897,-3.187830,343.175125,312.890882,3.017498,398.466110,230.301375,-110.415668,310.778866,230.023756,-78.698754,394.867058,152.215705,54.740849,267.324524,154.409323,56.621943,388.284225,142.894278,57.829771,264.607277,147.659726,63.528948,404.201927,123.983331,-43.516359,261.128960,126.816216,-65.399084,
0.000000,0.000000,0.000000,0.000000,0.000000,0.000000,0.000000,0.000000,0.000000,0.000000,0.000000,0.000000,0.000000,0.000000,0.000000,0.000000,0.000000,0.000000,0.000000,0.000000,0.000000,0.000000,0.000000,0.000000,0.000000,0.000000,0.000000,0.000000,0.000000,0.000000,0.000000,0.000000,0.000000,0.000000,0.000000,0.000000,0.000000,0.000000,0.000000,0.000000,0.000000,0.000000,0.000000,0.000000,0.000000,0.000000,0.000000,0.000000,0.000000,0.000000,0.000000,0.000000,348.689804,506.776099,-258.874416,345.898743,511.008754,-237.555447,347.165794,511.279078,-237.530670,348.570786,511.669822,-237.461929,341.179924,509.121723,-238.187790,338.942070,507.853746,-238.236256,336.123161,506.330616,-238.259125,349.974709,505.433793,-124.160709,329.017258,495.909719,-127.253742,353.305206,498.416040,-218.265228,347.367859,494.669466,-218.917198,390.207825,472.570381,-91.305256,318.356075,431.158748,-41.840324,441.158409,517.041192,-227.163773,311.532707,361.472876,-4.995597,395.424919,560.332003,-396.197510,302.684822,303.978567,-68.466845,383.162308,575.184789,-438.943405,295.404263,284.930763,-81.697559,376.268997,570.570080,-426.614113,296.447239,284.748459,-113.709354,379.071388,563.677522,-397.351494,300.425568,289.577894,-81.962595,398.769188,325.694547,-15.136119,348.637657,325.759735,15.050292,400.288811,237.459698,-116.869802,313.624020,246.478529,-117.937622,395.820084,155.948138,32.405822,271.528988,156.866827,-26.290851,389.656181,146.639242,40.120406,269.786682,147.859068,-24.206557,403.229141,124.196405,-89.628458,263.019466,129.001336,-158.535233,
0.000000,0.000000,0.000000,0.000000,0.000000,0.000000,0.000000,0.000000,0.000000,0.000000,0.000000,0.000000,0.000000,0.000000,0.000000,0.000000,0.000000,0.000000,0.000000,0.000000,0.000000,0.000000,0.000000,0.000000,0.000000,0.000000,0.000000,0.000000,0.000000,0.000000,0.000000,0.000000,0.000000,0.000000,0.000000,0.000000,0.000000,0.000000,0.000000,0.000000,0.000000,0.000000,0.000000,0.000000,0.000000,0.000000,0.000000,0.000000,0.000000,0.000000,0.000000,0.000000,0.000000,0.000000,0.000000,0.000000,0.000000,0.000000,0.000000,0.000000,0.000000,0.000000,0.000000,0.000000,0.000000,0.000000,0.000000,0.000000,0.000000,0.000000,0.000000,0.000000,0.000000,0.000000,0.000000,0.000000,0.000000,0.000000,0.000000,0.000000,0.000000,0.000000,0.000000,0.000000,0.000000,0.000000,0.000000,0.000000,0.000000,0.000000,0.000000,0.000000,0.000000,0.000000,0.000000,0.000000,0.000000,0.000000,0.000000,0.000000,0.000000,0.000000,0.000000,0.000000,0.000000,0.000000,0.000000,0.000000,0.000000,0.000000,0.000000,0.000000,0.000000,0.000000,0.000000,0.000000,0.000000,0.000000,0.000000,0.000000,0.000000,0.000000,0.000000,0.000000,0.000000,0.000000,0.000000,0.000000,0.000000,0.000000,0.000000,0.000000,0.000000,0.000000,0.000000,0.000000,0.000000,0.000000,0.000000,0.000000,0.000000,0.000000,0.000000,0.000000,0.000000,0.000000,0.000000,0.000000,0.000000,0.000000,0.000000,
