0.000000,0.000000,0.000000,0.000000,0.000000,0.000000,0.000000,0.000000,0.000000,0.000000,0.000000,0.000000,0.000000,0.000000,0.000000,0.000000,0.000000,0.000000,0.000000,0.000000,0.000000,0.000000,0.000000,0.000000,0.000000,0.000000,0.000000,0.000000,0.000000,0.000000,0.000000,0.000000,0.000000,0.000000,0.000000,0.000000,0.000000,0.000000,0.000000,0.000000,0.000000,0.000000,0.000000,0.000000,0.000000,0.000000,0.000000,0.000000,0.000000,0.000000,0.000000,0.000000,0.000000,0.000000,-15.502267,0.000000,0.000000,-6.955380,0.000000,0.000000,-7.001965,0.000000,0.000000,-7.036821,0.000000,0.000000,0.739760,0.000000,0.000000,0.738011,0.000000,0.000000,0.650939,0.000000,0.000000,4.095452,0.000000,0.000000,0.000000,0.000000,0.000000,4.221252,0.000000,0.000000,0.000000,0.000000,0.000000,0.500456,0.000000,0.000000,0.000000,0.000000,0.000000,5.993626,0.000000,0.000000,0.000000,0.000000,0.000000,-1.393699,0.000000,0.000000,0.000000,0.000000,0.000000,-3.084462,0.000000,0.000000,0.000000,0.000000,0.000000,1.352499,0.000000,0.000000,0.000000,0.000000,0.000000,-13.746808,0.000000,0.000000,0.000000,0.000000,0.000000,-2.881167,0.000000,0.000000,3.113332,0.000000,0.000000,8.800695,0.000000,0.000000,0.000000,0.000000,0.000000,8.673418,0.000000,0.000000,10.374431,0.000000,0.000000,11.452480,0.000000,0.000000,-11.932457,0.000000,0.000000,-8.503891,0.000000,0.000000,0.000000,
0.000000,0.000000,0.000000,0.000000,0.000000,0.000000,0.000000,0.000000,0.000000,0.000000,0.000000,0.000000,0.000000,0.000000,0.000000,0.000000,0.000000,0.000000,0.000000,0.000000,0.000000,0.000000,0.000000,0.000000,0.000000,0.000000,0.000000,0.000000,0.000000,0.000000,0.000000,0.000000,0.000000,0.000000,0.000000,0.000000,0.000000,0.000000,0.000000,0.000000,0.000000,0.000000,0.000000,0.000000,0.000000,0.000000,0.000000,0.000000,0.000000,0.000000,0.000000,0.000000,0.000000,0.000000,-15.502267,0.000000,0.000000,-6.955380,0.000000,0.000000,-7.001965,0.000000,0.000000,-7.036821,0.000000,0.000000,0.739760,0.000000,0.000000,0.738011,0.000000,0.000000,0.650939,0.000000,0.000000,4.095452,0.000000,0.000000,0.000000,0.000000,0.000000,4.221252,0.000000,0.000000,0.000000,0.000000,0.000000,0.500456,0.000000,0.000000,0.000000,0.000000,0.000000,5.993626,0.000000,0.000000,0.000000,0.000000,0.000000,-1.393699,0.000000,0.000000,0.000000,0.000000,0.000000,-0.000000,0.000000,0.000000,0.000000,0.000000,0.000000,1.352499,0.000000,0.000000,0.000000,0.000000,0.000000,-13.746808,0.000000,0.000000,0.000000,0.000000,0.000000,-2.881167,0.000000,0.000000,3.113332,0.000000,0.000000,8.800695,0.000000,0.000000,0.000000,0.000000,0.000000,0.000000,0.000000,0.000000,10.374431,0.000000,0.000000,11.452480,0.000000,0.000000,-11.932457,0.000000,0.000000,-8.503891,0.000000,0.000000,0.000000,
0.000000,0.000000,0.000000,0.000000,0.000000,0.000000,0.000000,0.000000,0.000000,0.000000,0.000000,0.000000,0.000000,0.000000,0.000000,0.000000,0.000000,0.000000,0.000000,0.000000,0.000000,0.000000,0.000000,0.000000,0.000000,0.000000,0.000000,0.000000,0.000000,0.000000,0.000000,0.000000,0.000000,0.000000,0.000000,0.000000,0.000000,0.000000,0.000000,0.000000,0.000000,0.000000,0.000000,0.000000,0.000000,0.000000,0.000000,0.000000,0.000000,0.000000,0.000000,0.000000,0.000000,0.000000,-15.502267,0.000000,0.000000,-6.955380,0.000000,0.000000,-0.000000,0.000000,0.000000,-7.036821,0.000000,0.000000,0.739760,0.000000,0.000000,0.000000,0.000000,0.000000,0.650939,0.000000,0.000000,4.095452,0.000000,0.000000,0.000000,0.000000,0.000000,4.221252,0.000000,0.000000,0.000000,0.000000,0.000000,0.500456,0.000000,0.000000,0.000000,0.000000,0.000000,5.993626,0.000000,0.000000,0.000000,0.000000,0.000000,-1.393699,0.000000,0.000000,0.000000,0.000000,0.000000,-3.084462,0.000000,0.000000,0.000000,0.000000,0.000000,1.352499,0.000000,0.000000,0.000000,0.000000,0.000000,-13.746808,0.000000,0.000000,0.000000,0.000000,0.000000,-2.881167,0.000000,0.000000,3.113332,0.000000,0.000000,8.800695,0.000000,0.000000,0.000000,0.000000,0.000000,8.673418,0.000000,0.000000,10.374431,0.000000,0.000000,11.452480,0.000000,0.000000,-11.932457,0.000000,0.000000,-8.503891,0.000000,0.000000,0.000000,
0.000000,0.000000,0.000000,0.000000,0.000000,0.000000,0.000000,0.000000,0.000000,0.000000,0.000000,0.000000,0.000000,0.000000,0.000000,0.000000,0.000000,0.000000,0.000000,0.000000,0.000000,0.000000,0.000000,0.000000,0.000000,0.000000,0.000000,0.000000,0.000000,0.000000,0.000000,0.000000,0.000000,0.000000,0.000000,0.000000,0.000000,0.000000,0.000000,0.000000,0.000000,0.000000,0.000000,0.000000,0.000000,0.000000,0.000000,0.000000,0.000000,0.000000,0.000000,0.000000,0.000000,0.000000,-15.502267,0.000000,0.000000,-6.955380,0.000000,0.000000,-7.001965,0.000000,0.000000,-7.036821,0.000000,0.000000,0.739760,0.000000,0.000000,0.738011,0.000000,0.000000,0.650939,0.000000,0.000000,4.095452,0.000000,0.000000,0.000000,0.000000,0.000000,4.221252,0.000000,0.000000,0.000000,0.000000,0.000000,0.500456,0.000000,0.000000,0.000000,0.000000,0.000000,5.993626,0.000000,0.000000,0.000000,0.000000,0.000000,-1.393699,0.000000,0.000000,0.000000,0.000000,0.000000,-3.084462,0.000000,0.000000,0.000000,0.000000,0.000000,1.352499,0.000000,0.000000,0.000000,0.000000,0.000000,-13.746808,0.000000,0.000000,0.000000,0.000000,0.000000,-2.881167,0.000000,0.000000,3.113332,0.000000,0.000000,8.800695,0.000000,0.000000,0.000000,0.000000,0.000000,8.673418,0.000000,0.000000,10.374431,0.000000,0.000000,11.452480,0.000000,0.000000,-11.932457,0.000000,0.000000,-8.503891,0.000000,0.000000,0.000000,
0.000000,0.000000,0.000000,0.000000,0.000000,0.000000,0.000000,0.000000,0.000000,0.000000,0.000000,0.000000,0.000000,0.000000,0.000000,0.000000,0.000000,0.000000,0.000000,0.000000,0.000000,0.000000,0.000000,0.000000,0.000000,0.000000,0.000000,0.000000,0.000000,0.000000,0.000000,0.000000,0.000000,0.000000,0.000000,0.000000,0.000000,0.000000,0.000000,0.000000,0.000000,0.000000,0.000000,0.000000,0.000000,0.000000,0.000000,0.000000,0.000000,0.000000,0.000000,0.000000,0.000000,0.000000,-15.502267,0.000000,0.000000,-6.955380,0.000000,0.000000,-7.001965,0.000000,0.000000,-7.036821,0.000000,0.000000,0.739760,0.000000,0.000000,0.738011,0.000000,0.000000,0.650939,0.000000,0.000000,4.095452,0.000000,0.000000,0.000000,0.000000,0.000000,4.221252,0.000000,0.000000,0.000000,0.000000,0.000000,0.500456,0.000000,0.000000,0.000000,0.000000,0.000000,5.993626,0.000000,0.000000,0.000000,0.000000,0.000000,-1.393699,0.000000,0.000000,0.000000,0.000000,0.000000,-3.084462,0.000000,0.000000,0.000000,0.000000,0.000000,1.352499,0.000000,0.000000,0.000000,0.000000,0.000000,-13.746808,0.000000,0.000000,0.000000,0.000000,0.000000,-2.881167,0.000000,0.000000,3.113332,0.000000,0.000000,8.800695,0.000000,0.000000,0.000000,0.000000,0.000000,8.673418,0.000000,0.000000,10.374431,0.000000,0.000000,11.452480,0.000000,0.000000,-11.932457,0.000000,0.000000,-8.503891,0.000000,0.000000,0.000000,
0.000000,0.000000,0.000000,0.000000,0.000000,0.000000,0.000000,0.000000,0.000000,0.000000,0.000000,0.000000,0.000000,0.000000,0.000000,0.000000,0.000000,0.000000,0.000000,0.000000,0.000000,0.000000,0.000000,0.000000,0.000000,0.000000,0.000000,0.000000,0.000000,0.000000,0.000000,0.000000,0.000000,0.000000,0.000000,0.000000,0.000000,0.000000,0.000000,0.000000,0.000000,0.000000,0.000000,0.000000,0.000000,0.000000,0.000000,0.000000,0.000000,0.000000,0.000000,0.000000,0.000000,0.000000,-15.502267,0.000000,0.000000,-6.955380,0.000000,0.000000,-7.001965,0.000000,0.000000,-7.036821,0.000000,0.000000,0.739760,0.000000,0.000000,0.738011,0.000000,0.000000,0.650939,0.000000,0.000000,4.095452,0.000000,0.000000,0.000000,0.000000,0.000000,4.221252,0.000000,0.000000,0.000000,0.000000,0.000000,0.500456,0.000000,0.000000,0.000000,0.000000,0.000000,5.993626,0.000000,0.000000,0.000000,0.000000,0.000000,-1.393699,0.000000,0.000000,0.000000,0.000000,0.000000,-3.084462,0.000000,0.000000,0.000000,0.000000,0.000000,1.352499,0.000000,0.000000,0.000000,0.000000,0.000000,-13.746808,0.000000,0.000000,0.000000,0.000000,0.000000,-0.000000,0.000000,0.000000,3.113332,0.000000,0.000000,8.800695,0.000000,0.000000,0.000000,0.000000,0.000000,8.673418,0.000000,0.000000,10.374431,0.000000,0.000000,11.452480,0.000000,0.000000,-0.000000,0.000000,0.000000,-8.503891,0.000000,0.000000,0.000000,
0.000000,0.000000,0.000000,0.000000,0.000000,0.000000,0.000000,0.000000,0.000000,0.000000,0.000000,0.000000,0.000000,0.000000,0.000000,0.000000,0.000000,0.000000,0.000000,0.000000,0.000000,0.000000,0.000000,0.000000,0.000000,0.000000,0.000000,0.000000,0.000000,0.000000,0.000000,0.000000,0.000000,0.000000,0.000000,0.000000,0.000000,0.000000,0.000000,0.000000,0.000000,0.000000,0.000000,0.000000,0.000000,0.000000,0.000000,0.000000,0.000000,0.000000,0.000000,0.000000,0.000000,0.000000,-15.502267,0.000000,0.000000,-6.955380,0.000000,0.000000,-7.001965,0.000000,0.000000,-7.036821,0.000000,0.000000,0.739760,0.000000,0.000000,0.738011,0.000000,0.000000,0.650939,0.000000,0.000000,4.095452,0.000000,0.000000,0.000000,0.000000,0.000000,4.221252,0.000000,0.000000,0.000000,0.000000,0.000000,0.000000,0.000000,0.000000,0.000000,0.000000,0.000000,5.993626,0.000000,0.000000,0.000000,0.000000,0.000000,-1.393699,0.000000,0.000000,0.000000,0.000000,0.000000,-3.084462,0.000000,0.000000,0.000000,0.000000,0.000000,1.352499,0.000000,0.000000,0.000000,0.000000,0.000000,-13.746808,0.000000,0.000000,0.000000,0.000000,0.000000,-2.881167,0.000000,0.000000,3.113332,0.000000,0.000000,8.800695,0.000000,0.000000,0.000000,0.000000,0.000000,8.673418,0.000000,0.000000,10.374431,0.000000,0.000000,11.452480,0.000000,0.000000,-11.932457,0.000000,0.000000,-8.503891,0.000000,0.000000,0.000000,
0.000000,0.000000,0.000000,0.000000,0.000000,0.000000,0.000000,0.000000,0.000000,0.000000,0.000000,0.000000,0.000000,0.000000,0.000000,0.000000,0.000000,0.000000,0.000000,0.000000,0.000000,0.000000,0.000000,0.000000,0.000000,0.000000,0.000000,0.000000,0.000000,0.000000,0.000000,0.000000,0.000000,0.000000,0.000000,0.000000,0.000000,0.000000,0.000000,0.000000,0.000000,0.000000,0.000000,0.000000,0.000000,0.000000,0.000000,0.000000,0.000000,0.000000,0.000000,0.000000,0.000000,0.000000,-15.502267,0.000000,0.000000,-6.955380,0.000000,0.000000,-7.001965,0.000000,0.000000,-7.036821,0.000000,0.000000,0.739760,0.000000,0.000000,0.738011,0.000000,0.000000,0.650939,0.000000,0.000000,4.095452,0.000000,0.000000,0.000000,0.000000,0.000000,4.221252,0.000000,0.000000,0.000000,0.000000,0.000000,0.500456,0.000000,0.000000,0.000000,0.000000,0.000000,5.993626,0.000000,0.000000,0.000000,0.000000,0.000000,-1.393699,0.000000,0.000000,0.000000,0.000000,0.000000,-3.084462,0.000000,0.000000,0.000000,0.000000,0.000000,1.352499,0.000000,0.000000,0.000000,0.000000,0.000000,-13.746808,0.000000,0.000000,0.000000,0.000000,0.000000,-2.881167,0.000000,0.000000,3.113332,0.000000,0.000000,8.800695,0.000000,0.000000,0.000000,0.000000,0.000000,8.673418,0.000000,0.000000,10.374431,0.000000,0.000000,11.452480,0.000000,0.000000,-11.932457,0.000000,0.000000,-8.503891,0.000000,0.000000,0.000000,
0.000000,0.000000,0.000000,0.000000,0.000000,0.000000,0.000000,0.000000,0.000000,0.000000,0.000000,0.000000,0.000000,0.000000,0.000000,0.000000,0.000000,0.000000,0.000000,0.000000,0.000000,0.000000,0.000000,0.000000,0.000000,0.000000,0.000000,0.000000,0.000000,0.000000,0.000000,0.000000,0.000000,0.000000,0.000000,0.000000,0.000000,0.000000,0.000000,0.000000,0.000000,0.000000,0.000000,0.000000,0.000000,0.000000,0.000000,0.000000,0.000000,0.000000,0.000000,0.000000,0.000000,0.000000,-15.502267,0.000000,0.000000,-6.955380,0.000000,0.000000,-7.001965,0.000000,0.000000,-7.036821,0.000000,0.000000,0.739760,0.000000,0.000000,0.738011,0.000000,0.000000,0.650939,0.000000,0.000000,4.095452,0.000000,0.000000,0.000000,0.000000,0.000000,4.221252,0.000000,0.000000,0.000000,0.000000,0.000000,0.500456,0.000000,0.000000,0.000000,0.000000,0.000000,5.993626,0.000000,0.000000,0.000000,0.000000,0.000000,-1.393699,0.000000,0.000000,0.000000,0.000000,0.000000,-3.084462,0.000000,0.000000,0.000000,0.000000,0.000000,1.352499,0.000000,0.000000,0.000000,0.000000,0.000000,-13.746808,0.000000,0.000000,0.000000,0.000000,0.000000,-2.881167,0.000000,0.000000,3.113332,0.000000,0.000000,8.800695,0.000000,0.000000,0.000000,0.000000,0.000000,8.673418,0.000000,0.000000,10.374431,0.000000,0.000000,11.452480,0.000000,0.000000,-11.932457,0.000000,0.000000,-8.503891,0.000000,0.000000,0.000000,
0.000000,0.000000,0.000000,0.000000,0.000000,0.000000,0.000000,0.000000,0.000000,0.000000,0.000000,0.000000,0.000000,0.000000,0.000000,0.000000,0.000000,0.000000,0.000000,0.000000,0.000000,0.000000,0.000000,0.000000,0.000000,0.000000,0.000000,0.000000,0.000000,0.000000,0.000000,0.000000,0.000000,0.000000,0.000000,0.000000,0.000000,0.000000,0.000000,0.000000,0.000000,0.000000,0.000000,0.000000,0.000000,0.000000,0.000000,0.000000,0.000000,0.000000,0.000000,0.000000,330.665161,494.024727,-244.630762,334.138245,501.201310,-199.349894,333.818909,501.302290,-199.365087,0.000000,501.428118,-199.392821,334.356476,500.890946,-220.539786,334.215149,500.761492,-220.598865,334.000641,0.000000,-220.679185,327.588928,498.647182,-102.086061,301.549205,496.468391,-158.209864,351.189471,485.225129,-177.281126,324.682800,484.452052,-205.446457,344.546418,453.627870,0.000000,280.741112,454.143798,-135.103976,356.828781,396.390173,67.248435,264.890650,389.782112,-0.000000,386.057932,356.081142,-1.393699,236.047567,333.555007,-203.165611,396.871638,343.675046,-0.000000,234.301147,316.252613,-250.038126,395.672394,343.870010,-61.964872,241.617457,318.637075,-0.000000,391.616262,347.348557,-0.000000,240.572485,323.620319,-235.763265,346.109314,328.048239,60.948923,310.297585,331.117887,-60.922416,331.949539,238.940729,166.653341,299.727020,242.568684,-43.375908,331.541519,174.274235,291.713100,0.000000,152.477869,57.678270,305.650218,162.597785,303.845372,274.026684,143.689911,62.976451,347.037690,144.177893,246.832382,291.947688,116.167986,-27.426359,
0.000000,0.000000,0.000000,0.000000,0.000000,0.000000,0.000000,0.000000,0.000000,0.000000,0.000000,0.000000,0.000000,0.000000,0.000000,0.000000,0.000000,0.000000,0.000000,0.000000,0.000000,0.000000,0.000000,0.000000,0.000000,0.000000,0.000000,0.000000,0.000000,0.000000,0.000000,0.000000,0.000000,0.000000,0.000000,0.000000,0.000000,0.000000,0.000000,0.000000,0.000000,0.000000,0.000000,0.000000,0.000000,0.000000,0.000000,0.000000,0.000000,0.000000,0.000000,0.000000,330.665161,494.024727,-244.630762,334.138245,501.201310,-237.828797,333.818909,501.302290,-237.837711,333.484222,501.428118,-237.864021,334.356476,500.890946,-257.419711,334.215149,500.761492,-257.488344,334.000641,500.654826,-257.567539,327.588928,498.647182,-102.086061,301.549205,496.468391,-189.851837,351.189471,485.225129,-213.581601,324.682800,484.452052,-0.000000,344.546418,453.627870,0.500456,280.741112,454.143798,-162.124771,356.828781,396.390173,67.248435,264.890650,389.782112,-162.806671,386.057932,356.081142,-1.393699,236.047567,333.555007,-232.189270,396.871638,343.675046,-34.351297,234.301147,316.252613,-250.038126,395.672394,343.870010,-61.964872,241.617457,318.637075,-291.490723,391.616262,347.348557,-42.657135,240.572485,323.620319,-235.763265,346.109314,328.048239,60.948923,310.297585,0.000000,-60.922416,331.949539,238.940729,166.653341,299.727020,242.568684,-57.834544,331.541519,174.274235,291.713100,275.654015,152.477869,0.000000,305.650218,162.597785,303.845372,274.026684,143.689911,13.037179,347.037690,144.177893,246.832382,291.947688,116.167986,-82.279076,
0.000000,0.000000,0.000000,0.000000,0.000000,0.000000,0.000000,0.000000,0.000000,0.000000,0.000000,0.000000,0.000000,0.000000,0.000000,0.000000,0.000000,0.000000,0.000000,0.000000,0.000000,0.000000,0.000000,0.000000,0.000000,0.000000,0.000000,0.000000,0.000000,0.000000,0.000000,0.000000,0.000000,0.000000,0.000000,0.000000,0.000000,0.000000,0.000000,0.000000,0.000000,0.000000,0.000000,0.000000,0.000000,0.000000,0.000000,0.000000,0.000000,0.000000,0.000000,0.000000,330.665161,0.000000,-244.630762,334.138245,501.201310,-237.828797,333.818909,501.302290,-237.837711,333.484222,501.428118,-237.864021,0.000000,500.890946,-257.419711,334.215149,500.761492,-257.488344,334.000641,500.654826,-257.567539,327.588928,498.647182,-102.086061,301.549205,496.468391,-189.851837,351.189471,485.225129,-213.581601,324.682800,484.452052,-205.446457,344.546418,453.627870,31.867925,280.741112,454.143798,-162.124771,356.828781,396.390173,97.875839,264.890650,389.782112,-162.806671,386.057932,356.081142,-1.393699,236.047567,0.000000,-232.189270,396.871638,343.675046,-34.351297,234.301147,316.252613,-250.038126,395.672394,343.870010,-61.964872,241.617457,318.637075,-291.490723,391.616262,347.348557,-42.657135,240.572485,0.000000,-235.763265,346.109314,328.048239,68.041155,310.297585,331.117887,-68.037499,331.949539,238.940729,166.653341,299.727020,242.568684,-0.000000,331.541519,0.000000,291.713100,275.654015,152.477869,34.026350,305.650218,162.597785,303.845372,274.026684,143.689911,38.006815,347.037690,144.177893,246.832382,291.947688,116.167986,-82.279076,
0.000000,0.000000,0.000000,0.000000,0.000000,0.000000,0.000000,0.000000,0.000000,0.000000,0.000000,0.000000,0.000000,0.000000,0.000000,0.000000,0.000000,0.000000,0.000000,0.000000,0.000000,0.000000,0.000000,0.000000,0.000000,0.000000,0.000000,0.000000,0.000000,0.000000,0.000000,0.000000,0.000000,0.000000,0.000000,0.000000,0.000000,0.000000,0.000000,0.000000,0.000000,0.000000,0.000000,0.000000,0.000000,0.000000,0.000000,0.000000,0.000000,0.000000,0.000000,0.000000,0.000000,494.024727,-244.630762,334.138245,501.201310,-237.828797,333.818909,501.302290,-237.837711,333.484222,501.428118,-237.864021,334.356476,500.890946,-257.419711,334.215149,500.761492,-257.488344,334.000641,500.654826,-0.000000,327.588928,498.647182,-102.086061,301.549205,496.468391,-0.000000,351.189471,485.225129,-213.581601,324.682800,484.452052,-205.446457,344.546418,453.627870,31.867925,280.741112,454.143798,-162.124771,356.828781,396.390173,97.875839,264.890650,389.782112,-162.806671,386.057932,356.081142,-1.393699,236.047567,333.555007,-0.000000,0.000000,343.675046,-34.351297,234.301147,316.252613,-0.000000,395.672394,343.870010,-0.000000,241.617457,318.637075,-291.490723,391.616262,347.348557,-42.657135,240.572485,323.620319,-235.763265,346.109314,328.048239,68.041155,310.297585,331.117887,-68.037499,331.949539,238.940729,140.344566,299.727020,242.568684,-57.834544,0.000000,174.274235,251.278860,275.654015,152.477869,34.026350,305.650218,162.597785,262.074959,274.026684,143.689911,38.006815,347.037690,0.000000,204.276336,291.947688,116.167986,-82.279076,
0.000000,0.000000,0.000000,0.000000,0.000000,0.000000,0.000000,0.000000,0.000000,0.000000,0.000000,0.000000,0.000000,0.000000,0.000000,0.000000,0.000000,0.000000,0.000000,0.000000,0.000000,0.000000,0.000000,0.000000,0.000000,0.000000,0.000000,0.000000,0.000000,0.000000,0.000000,0.000000,0.000000,0.000000,0.000000,0.000000,0.000000,0.000000,0.000000,0.000000,0.000000,0.000000,0.000000,0.000000,0.000000,0.000000,0.000000,0.000000,0.000000,0.000000,0.000000,0.000000,330.665161,494.024727,-0.000000,334.138245,501.201310,-237.828797,333.818909,0.000000,-237.837711,333.484222,501.428118,-237.864021,334.356476,500.890946,-257.419711,334.215149,500.761492,-257.488344,334.000641,500.654826,-257.567539,327.588928,498.647182,-102.086061,301.549205,496.468391,-189.851837,0.000000,485.225129,-213.581601,324.682800,484.452052,-205.446457,344.546418,453.627870,31.867925,280.741112,0.000000,-162.124771,356.828781,0.000000,97.875839,264.890650,389.782112,-162.806671,386.057932,356.081142,-1.393699,236.047567,333.555007,-232.189270,396.871638,343.675046,-34.351297,234.301147,316.252613,-250.038126,395.672394,343.870010,-61.964872,241.617457,318.637075,-291.490723,391.616262,347.348557,-42.657135,240.572485,323.620319,-235.763265,346.109314,328.048239,68.041155,310.297585,331.117887,-68.037499,331.949539,238.940729,114.035792,299.727020,242.568684,-57.834544,331.541519,174.274235,0.000000,275.654015,152.477869,34.026350,305.650218,162.597785,262.074959,274.026684,143.689911,38.006815,347.037690,144.177893,204.276336,291.947688,116.167986,-0.000000,
0.000000,0.000000,0.000000,0.000000,0.000000,0.000000,0.000000,0.000000,0.000000,0.000000,0.000000,0.000000,0.000000,0.000000,0.000000,0.000000,0.000000,0.000000,0.000000,0.000000,0.000000,0.000000,0.000000,0.000000,0.000000,0.000000,0.000000,0.000000,0.000000,0.000000,0.000000,0.000000,0.000000,0.000000,0.000000,0.000000,0.000000,0.000000,0.000000,0.000000,0.000000,0.000000,0.000000,0.000000,0.000000,0.000000,0.000000,0.000000,0.000000,0.000000,0.000000,0.000000,330.665161,494.024727,-244.630762,334.138245,501.201310,-199.349894,333.818909,501.302290,-199.365087,333.484222,501.428118,-199.392821,334.356476,500.890946,-220.539786,334.215149,0.000000,-220.598865,334.000641,500.654826,-220.679185,327.588928,498.647182,-102.086061,301.549205,496.468391,-189.851837,351.189471,485.225129,-177.281126,324.682800,484.452052,-205.446457,344.546418,453.627870,31.867925,280.741112,454.143798,-162.124771,356.828781,396.390173,97.875839,264.890650,389.782112,-162.806671,386.057932,356.081142,-1.393699,259.652323,333.555007,-232.189270,396.871638,343.675046,-34.351297,234.301147,316.252613,-250.038126,395.672394,343.870010,-61.964872,241.617457,318.637075,-259.102865,391.616262,347.348557,-42.657135,240.572485,323.620319,-235.763265,346.109314,328.048239,68.041155,310.297585,331.117887,-68.037499,331.949539,238.940729,114.035792,299.727020,242.568684,-57.834544,331.541519,174.274235,251.278860,275.654015,152.477869,10.374431,305.650218,162.597785,262.074959,274.026684,143.689911,13.037179,347.037690,144.177893,204.276336,291.947688,116.167986,-82.279076,
0.000000,0.000000,0.000000,0.000000,0.000000,0.000000,0.000000,0.000000,0.000000,0.000000,0.000000,0.000000,0.000000,0.000000,0.000000,0.000000,0.000000,0.000000,0.000000,0.000000,0.000000,0.000000,0.000000,0.000000,0.000000,0.000000,0.000000,0.000000,0.000000,0.000000,0.000000,0.000000,0.000000,0.000000,0.000000,0.000000,0.000000,0.000000,0.000000,0.000000,0.000000,0.000000,0.000000,0.000000,0.000000,0.000000,0.000000,0.000000,0.000000,0.000000,0.000000,0.000000,330.665161,494.024727,-244.630762,334.138245,501.201310,-199.349894,333.818909,501.302290,-199.365087,333.484222,501.428118,-199.392821,334.356476,500.890946,-220.539786,334.215149,500.761492,-220.598865,334.000641,500.654826,-220.679185,327.588928,498.647182,-102.086061,301.549205,0.000000,-158.209864,351.189471,485.225129,-177.281126,324.682800,484.452052,-205.446457,344.546418,453.627870,31.867925,280.741112,454.143798,-162.124771,382.316551,396.390173,97.875839,264.890650,389.782112,-135.672226,386.057932,356.081142,-1.393699,259.652323,333.555007,-203.165611,396.871638,343.675046,-34.351297,234.301147,316.252613,-250.038126,395.672394,343.870010,-61.964872,241.617457,318.637075,-259.102865,391.616262,347.348557,-42.657135,240.572485,323.620319,-235.763265,346.109314,328.048239,68.041155,310.297585,331.117887,-68.037499,331.949539,238.940729,140.344566,299.727020,242.568684,-57.834544,331.541519,174.274235,251.278860,275.654015,152.477869,34.026350,305.650218,162.597785,262.074959,274.026684,143.689911,38.006815,347.037690,144.177893,204.276336,291.947688,116.167986,-82.279076,
0.000000,0.000000,0.000000,0.000000,0.000000,0.000000,0.000000,0.000000,0.000000,0.000000,0.000000,0.000000,0.000000,0.000000,0.000000,0.000000,0.000000,0.000000,0.000000,0.000000,0.000000,0.000000,0.000000,0.000000,0.000000,0.000000,0.000000,0.000000,0.000000,0.000000,0.000000,0.000000,0.000000,0.000000,0.000000,0.000000,0.000000,0.000000,0.000000,0.000000,0.000000,0.000000,0.000000,0.000000,0.000000,0.000000,0.000000,0.000000,0.000000,0.000000,0.000000,0.000000,330.665161,494.024727,-206.442679,334.138245,0.000000,-199.349894,333.818909,501.302290,-199.365087,333.484222,501.428118,-199.392821,334.356476,500.890946,-220.539786,334.215149,500.761492,-220.598865,334.000641,500.654826,-220.679185,0.000000,498.647182,-66.692223,0.000000,496.468391,-158.209864,351.189471,485.225129,-177.281126,324.682800,484.452052,-205.446457,344.546418,453.627870,31.867925,280.741112,454.143798,-135.103976,382.316551,396.390173,97.875839,264.890650,389.782112,-135.672226,413.633499,356.081142,-1.393699,0.000000,333.555007,-203.165611,396.871638,343.675046,-34.351297,234.301147,316.252613,-218.783361,395.672394,343.870010,-61.964872,241.617457,318.637075,-259.102865,419.588852,347.348557,-13.746808,240.572485,323.620319,-206.292857,346.109314,328.048239,68.041155,310.297585,331.117887,-68.037499,331.949539,238.940729,114.035792,299.727020,242.568684,-57.834544,331.541519,174.274235,251.278860,275.654015,152.477869,34.026350,305.650218,162.597785,262.074959,274.026684,143.689911,38.006815,347.037690,144.177893,204.276336,291.947688,0.000000,-82.279076,
0.000000,0.000000,0.000000,0.000000,0.000000,0.000000,0.000000,0.000000,0.000000,0.000000,0.000000,0.000000,0.000000,0.000000,0.000000,0.000000,0.000000,0.000000,0.000000,0.000000,0.000000,0.000000,0.000000,0.000000,0.000000,0.000000,0.000000,0.000000,0.000000,0.000000,0.000000,0.000000,0.000000,0.000000,0.000000,0.000000,0.000000,0.000000,0.000000,0.000000,0.000000,0.000000,0.000000,0.000000,0.000000,0.000000,0.000000,0.000000,0.000000,0.000000,0.000000,0.000000,330.665161,494.024727,-206.442679,334.138245,501.201310,-199.349894,333.818909,501.302290,-199.365087,333.484222,501.428118,-199.392821,334.356476,500.890946,-220.539786,334.215149,500.761492,-220.598865,334.000641,500.654826,-220.679185,0.000000,498.647182,-102.086061,328.962769,496.468391,-0.000000,351.189471,485.225129,-177.281126,324.682800,0.000000,-205.446457,344.546418,453.627870,31.867925,280.741112,454.143798,-135.103976,382.316551,396.390173,97.875839,264.890650,389.782112,-135.672226,413.633499,356.081142,-1.393699,0.000000,333.555007,-203.165611,425.219612,343.675046,-3.084462,234.301147,316.252613,-218.783361,423.934708,343.870010,-61.964872,0.000000,318.637075,-259.102865,419.588852,347.348557,-0.000000,264.629733,323.620319,-206.292857,346.109314,328.048239,68.041155,310.297585,0.000000,-68.037499,331.949539,238.940729,114.035792,299.727020,242.568684,-57.834544,331.541519,174.274235,251.278860,275.654015,152.477869,34.026350,305.650218,162.597785,262.074959,274.026684,143.689911,38.006815,347.037690,144.177893,204.276336,291.947688,125.103985,-82.279076,
0.000000,0.000000,0.000000,0.000000,0.000000,0.000000,0.000000,0.000000,0.000000,0.000000,0.000000,0.000000,0.000000,0.000000,0.000000,0.000000,0.000000,0.000000,0.000000,0.000000,0.000000,0.000000,0.000000,0.000000,0.000000,0.000000,0.000000,0.000000,0.000000,0.000000,0.000000,0.000000,0.000000,0.000000,0.000000,0.000000,0.000000,0.000000,0.000000,0.000000,0.000000,0.000000,0.000000,0.000000,0.000000,0.000000,0.000000,0.000000,0.000000,0.000000,0.000000,0.000000,330.665161,494.024727,-206.442679,334.138245,501.201310,-199.349894,333.818909,501.302290,-199.365087,333.484222,501.428118,-199.392821,334.356476,500.890946,-220.539786,334.215149,500.761492,-220.598865,334.000641,500.654826,-220.679185,354.888005,498.647182,-66.692223,328.962769,496.468391,-158.209864,351.189471,0.000000,-177.281126,324.682800,484.452052,-205.446457,344.546418,453.627870,31.867925,306.263031,0.000000,-135.103976,382.316551,396.390173,97.875839,264.890650,389.782112,-135.672226,413.633499,356.081142,-1.393699,259.652323,333.555007,-203.165611,425.219612,343.675046,-3.084462,257.731262,316.252613,-218.783361,423.934708,343.870010,-61.964872,265.779203,318.637075,-259.102865,419.588852,347.348557,-13.746808,264.629733,323.620319,-206.292857,346.109314,328.048239,0.000000,310.297585,331.117887,-0.000000,331.949539,238.940729,140.344566,299.727020,242.568684,-72.293180,0.000000,174.274235,251.278860,275.654015,152.477869,10.374431,305.650218,162.597785,262.074959,274.026684,143.689911,13.037179,347.037690,144.177893,204.276336,291.947688,116.167986,-109.705434,
0.000000,0.000000,0.000000,0.000000,0.000000,0.000000,0.000000,0.000000,0.000000,0.000000,0.000000,0.000000,0.000000,0.000000,0.000000,0.000000,0.000000,0.000000,0.000000,0.000000,0.000000,0.000000,0.000000,0.000000,0.000000,0.000000,0.000000,0.000000,0.000000,0.000000,0.000000,0.000000,0.000000,0.000000,0.000000,0.000000,0.000000,0.000000,0.000000,0.000000,0.000000,0.000000,0.000000,0.000000,0.000000,0.000000,0.000000,0.000000,0.000000,0.000000,0.000000,0.000000,330.665161,494.024727,-206.442679,334.138245,501.201310,-199.349894,333.818909,501.302290,-199.365087,333.484222,501.428118,-199.392821,334.356476,500.890946,-220.539786,334.215149,500.761492,-220.598865,334.000641,500.654826,-220.679185,354.888005,498.647182,-102.086061,328.962769,496.468391,-158.209864,351.189471,485.225129,-177.281126,324.682800,484.452052,-205.446457,344.546418,453.627870,31.867925,0.000000,454.143798,-135.103976,382.316551,396.390173,97.875839,264.890650,389.782112,-135.672226,413.633499,356.081142,-1.393699,259.652323,333.555007,-203.165611,425.219612,343.675046,-3.084462,257.731262,316.252613,-0.000000,423.934708,343.870010,-61.964872,265.779203,318.637075,-259.102865,0.000000,347.348557,-13.746808,264.629733,323.620319,-206.292857,346.109314,328.048239,60.948923,0.000000,331.117887,-60.922416,331.949539,238.940729,140.344566,299.727020,242.568684,-57.834544,331.541519,174.274235,251.278860,275.654015,0.000000,10.374431,305.650218,162.597785,262.074959,274.026684,0.000000,13.037179,347.037690,144.177893,204.276336,291.947688,116.167986,-82.279076,
0.000000,0.000000,0.000000,0.000000,0.000000,0.000000,0.000000,0.000000,0.000000,0.000000,0.000000,0.000000,0.000000,0.000000,0.000000,0.000000,0.000000,0.000000,0.000000,0.000000,0.000000,0.000000,0.000000,0.000000,0.000000,0.000000,0.000000,0.000000,0.000000,0.000000,0.000000,0.000000,0.000000,0.000000,0.000000,0.000000,0.000000,0.000000,0.000000,0.000000,0.000000,0.000000,0.000000,0.000000,0.000000,0.000000,0.000000,0.000000,0.000000,0.000000,0.000000,0.000000,330.665161,494.024727,-244.630762,334.138245,0.000000,-199.349894,333.818909,501.302290,-199.365087,361.274574,501.428118,-0.000000,334.356476,500.890946,-220.539786,334.215149,500.761492,-220.598865,334.000641,500.654826,-220.679185,354.888005,498.647182,-0.000000,328.962769,496.468391,-158.209864,351.189471,485.225129,-177.281126,324.682800,484.452052,-205.446457,369.156876,453.627870,31.867925,306.263031,454.143798,-135.103976,382.316551,396.390173,97.875839,288.971618,389.782112,-135.672226,413.633499,356.081142,-1.393699,259.652323,333.555007,-203.165611,425.219612,343.675046,-34.351297,0.000000,316.252613,-250.038126,423.934708,0.000000,-61.964872,265.779203,318.637075,-259.102865,419.588852,347.348557,-13.746808,264.629733,323.620319,-206.292857,346.109314,328.048239,60.948923,0.000000,331.117887,-60.922416,331.949539,238.940729,140.344566,299.727020,242.568684,-57.834544,331.541519,174.274235,0.000000,275.654015,152.477869,10.374431,305.650218,162.597785,262.074959,274.026684,143.689911,13.037179,347.037690,144.177893,204.276336,291.947688,116.167986,-109.705434,
0.000000,0.000000,0.000000,0.000000,0.000000,0.000000,0.000000,0.000000,0.000000,0.000000,0.000000,0.000000,0.000000,0.000000,0.000000,0.000000,0.000000,0.000000,0.000000,0.000000,0.000000,0.000000,0.000000,0.000000,0.000000,0.000000,0.000000,0.000000,0.000000,0.000000,0.000000,0.000000,0.000000,0.000000,0.000000,0.000000,0.000000,0.000000,0.000000,0.000000,0.000000,0.000000,0.000000,0.000000,0.000000,0.000000,0.000000,0.000000,0.000000,0.000000,0.000000,0.000000,358.220591,494.024727,-244.630762,334.138245,501.201310,-237.828797,361.637151,501.302290,-237.837711,361.274574,501.428118,-237.864021,334.356476,500.890946,-257.419711,334.215149,500.761492,-257.488344,334.000641,500.654826,-257.567539,354.888005,498.647182,-0.000000,328.962769,496.468391,-189.851837,351.189471,485.225129,-213.581601,351.739700,484.452052,-239.687533,369.156876,453.627870,0.500456,306.263031,454.143798,-162.124771,382.316551,396.390173,67.248435,288.971618,389.782112,-162.806671,413.633499,356.081142,-1.393699,259.652323,333.555007,-232.189270,425.219612,343.675046,-34.351297,257.731262,316.252613,-250.038126,423.934708,343.870010,-61.964872,265.779203,318.637075,-291.490723,419.588852,347.348557,-13.746808,264.629733,323.620319,-235.763265,346.109314,328.048239,60.948923,310.297585,331.117887,-60.922416,331.949539,238.940729,140.344566,299.727020,242.568684,-43.375908,331.541519,174.274235,291.713100,275.654015,152.477869,34.026350,305.650218,162.597785,262.074959,274.026684,143.689911,38.006815,347.037690,144.177893,204.276336,291.947688,116.167986,-54.852717,
0.000000,0.000000,0.000000,0.000000,0.000000,0.000000,0.000000,0.000000,0.000000,0.000000,0.000000,0.000000,0.000000,0.000000,0.000000,0.000000,0.000000,0.000000,0.000000,0.000000,0.000000,0.000000,0.000000,0.000000,0.000000,0.000000,0.000000,0.000000,0.000000,0.000000,0.000000,0.000000,0.000000,0.000000,0.000000,0.000000,0.000000,0.000000,0.000000,0.000000,0.000000,0.000000,0.000000,0.000000,0.000000,0.000000,0.000000,0.000000,0.000000,0.000000,0.000000,0.000000,358.220591,0.000000,-244.630762,361.983099,501.201310,-237.828797,361.637151,501.302290,-237.837711,361.274574,501.428118,-237.864021,334.356476,500.890946,-257.419711,334.215149,500.761492,-257.488344,334.000641,500.654826,-257.567539,354.888005,498.647182,-137.479899,328.962769,496.468391,-189.851837,351.189471,485.225129,-213.581601,351.739700,484.452052,-239.687533,369.156876,453.627870,0.500456,306.263031,454.143798,-162.124771,382.316551,396.390173,67.248435,288.971618,389.782112,-162.806671,413.633499,356.081142,-1.393699,259.652323,333.555007,-232.189270,425.219612,343.675046,-34.351297,257.731262,0.000000,-250.038126,423.934708,343.870010,-61.964872,265.779203,318.637075,-291.490723,419.588852,347.348557,-42.657135,264.629733,323.620319,-235.763265,346.109314,328.048239,60.948923,310.297585,0.000000,-60.922416,331.949539,238.940729,140.344566,299.727020,242.568684,-43.375908,331.541519,174.274235,291.713100,275.654015,152.477869,34.026350,305.650218,162.597785,262.074959,274.026684,143.689911,38.006815,347.037690,144.177893,0.000000,291.947688,116.167986,-54.852717,
0.000000,0.000000,0.000000,0.000000,0.000000,0.000000,0.000000,0.000000,0.000000,0.000000,0.000000,0.000000,0.000000,0.000000,0.000000,0.000000,0.000000,0.000000,0.000000,0.000000,0.000000,0.000000,0.000000,0.000000,0.000000,0.000000,0.000000,0.000000,0.000000,0.000000,0.000000,0.000000,0.000000,0.000000,0.000000,0.000000,0.000000,0.000000,0.000000,0.000000,0.000000,0.000000,0.000000,0.000000,0.000000,0.000000,0.000000,0.000000,0.000000,0.000000,0.000000,0.000000,358.220591,494.024727,-244.630762,361.983099,501.201310,-237.828797,361.637151,501.302290,-237.837711,361.274574,501.428118,-237.864021,334.356476,500.890946,-257.419711,334.215149,500.761492,-257.488344,334.000641,500.654826,-257.567539,354.888005,498.647182,-102.086061,328.962769,496.468391,-189.851837,351.189471,485.225129,-213.581601,351.739700,484.452052,-239.687533,369.156876,453.627870,0.500456,306.263031,454.143798,-162.124771,382.316551,396.390173,67.248435,288.971618,389.782112,-162.806671,413.633499,356.081142,-30.344864,283.257080,333.555007,-232.189270,425.219612,343.675046,-34.351297,281.161377,316.252613,-250.038126,423.934708,320.945343,-61.964872,289.940949,318.637075,-291.490723,419.588852,347.348557,-42.657135,288.686982,323.620319,-235.763265,346.109314,328.048239,60.948923,310.297585,331.117887,-60.922416,331.949539,238.940729,140.344566,299.727020,242.568684,-43.375908,331.541519,174.274235,251.278860,275.654015,0.000000,34.026350,305.650218,162.597785,262.074959,274.026684,143.689911,38.006815,347.037690,144.177893,204.276336,291.947688,116.167986,-54.852717,
0.000000,0.000000,0.000000,0.000000,0.000000,0.000000,0.000000,0.000000,0.000000,0.000000,0.000000,0.000000,0.000000,0.000000,0.000000,0.000000,0.000000,0.000000,0.000000,0.000000,0.000000,0.000000,0.000000,0.000000,0.000000,0.000000,0.000000,0.000000,0.000000,0.000000,0.000000,0.000000,0.000000,0.000000,0.000000,0.000000,0.000000,0.000000,0.000000,0.000000,0.000000,0.000000,0.000000,0.000000,0.000000,0.000000,0.000000,0.000000,0.000000,0.000000,0.000000,0.000000,358.220591,494.024727,-244.630762,361.983099,501.201310,-237.828797,0.000000,501.302290,-237.837711,361.274574,501.428118,-237.864021,0.000000,500.890946,-257.419711,334.215149,500.761492,-257.488344,334.000641,500.654826,-257.567539,354.888005,498.647182,-137.479899,328.962769,496.468391,-189.851837,351.189471,485.225129,-213.581601,351.739700,484.452052,-239.687533,369.156876,453.627870,0.500456,306.263031,454.143798,-162.124771,382.316551,396.390173,67.248435,288.971618,389.782112,-162.806671,413.633499,332.342399,-30.344864,283.257080,333.555007,-232.189270,425.219612,320.763376,-34.351297,281.161377,316.252613,-250.038126,423.934708,320.945343,-61.964872,289.940949,318.637075,-291.490723,419.588852,324.191987,-42.657135,288.686982,0.000000,-235.763265,346.109314,328.048239,60.948923,310.297585,331.117887,-60.922416,331.949539,238.940729,140.344566,299.727020,242.568684,-43.375908,331.541519,174.274235,0.000000,275.654015,152.477869,57.678270,0.000000,162.597785,0.000000,274.026684,143.689911,62.976451,347.037690,144.177893,204.276336,291.947688,0.000000,-54.852717,
0.000000,0.000000,0.000000,0.000000,0.000000,0.000000,0.000000,0.000000,0.000000,0.000000,0.000000,0.000000,0.000000,0.000000,0.000000,0.000000,0.000000,0.000000,0.000000,0.000000,0.000000,0.000000,0.000000,0.000000,0.000000,0.000000,0.000000,0.000000,0.000000,0.000000,0.000000,0.000000,0.000000,0.000000,0.000000,0.000000,0.000000,0.000000,0.000000,0.000000,0.000000,0.000000,0.000000,0.000000,0.000000,0.000000,0.000000,0.000000,0.000000,0.000000,0.000000,0.000000,358.220591,494.024727,-244.630762,361.983099,501.201310,-237.828797,361.637151,501.302290,-237.837711,0.000000,501.428118,-237.864021,334.356476,0.000000,-257.419711,334.215149,500.761492,-257.488344,334.000641,500.654826,-257.567539,354.888005,498.647182,-102.086061,328.962769,496.468391,-189.851837,351.189471,485.225129,-213.581601,351.739700,484.452052,-239.687533,369.156876,453.627870,0.500456,306.263031,454.143798,-162.124771,382.316551,396.390173,67.248435,288.971618,389.782112,-162.806671,413.633499,332.342399,-30.344864,283.257080,333.555007,-232.189270,425.219612,320.763376,-34.351297,281.161377,316.252613,-250.038126,423.934708,320.945343,-61.964872,289.940949,318.637075,-291.490723,419.588852,324.191987,-42.657135,0.000000,0.000000,-235.763265,346.109314,328.048239,60.948923,310.297585,331.117887,-60.922416,331.949539,238.940729,140.344566,299.727020,242.568684,-43.375908,0.000000,174.274235,251.278860,275.654015,152.477869,34.026350,305.650218,162.597785,262.074959,274.026684,143.689911,38.006815,347.037690,144.177893,204.276336,291.947688,116.167986,-54.852717,
0.000000,0.000000,0.000000,0.000000,0.000000,0.000000,0.000000,0.000000,0.000000,0.000000,0.000000,0.000000,0.000000,0.000000,0.000000,0.000000,0.000000,0.000000,0.000000,0.000000,0.000000,0.000000,0.000000,0.000000,0.000000,0.000000,0.000000,0.000000,0.000000,0.000000,0.000000,0.000000,0.000000,0.000000,0.000000,0.000000,0.000000,0.000000,0.000000,0.000000,0.000000,0.000000,0.000000,0.000000,0.000000,0.000000,0.000000,0.000000,0.000000,0.000000,0.000000,0.000000,358.220591,494.024727,-244.630762,361.983099,0.000000,-237.828797,361.637151,501.302290,-0.000000,361.274574,501.428118,-237.864021,362.219516,500.890946,-257.419711,334.215149,500.761492,-257.488344,334.000641,500.654826,-257.567539,354.888005,498.647182,-0.000000,0.000000,496.468391,-189.851837,351.189471,485.225129,-213.581601,351.739700,484.452052,-239.687533,369.156876,453.627870,0.500456,306.263031,454.143798,-162.124771,382.316551,369.964161,67.248435,288.971618,389.782112,-162.806671,413.633499,0.000000,-30.344864,283.257080,333.555007,-232.189270,425.219612,320.763376,-34.351297,281.161377,316.252613,-0.000000,423.934708,320.945343,-93.623558,289.940949,318.637075,-291.490723,419.588852,324.191987,-42.657135,0.000000,323.620319,-235.763265,346.109314,328.048239,60.948923,310.297585,331.117887,-0.000000,331.949539,238.940729,140.344566,299.727020,242.568684,-43.375908,331.541519,174.274235,251.278860,275.654015,152.477869,34.026350,305.650218,162.597785,262.074959,274.026684,143.689911,38.006815,347.037690,144.177893,204.276336,291.947688,116.167986,-82.279076,
0.000000,0.000000,0.000000,0.000000,0.000000,0.000000,0.000000,0.000000,0.000000,0.000000,0.000000,0.000000,0.000000,0.000000,0.000000,0.000000,0.000000,0.000000,0.000000,0.000000,0.000000,0.000000,0.000000,0.000000,0.000000,0.000000,0.000000,0.000000,0.000000,0.000000,0.000000,0.000000,0.000000,0.000000,0.000000,0.000000,0.000000,0.000000,0.000000,0.000000,0.000000,0.000000,0.000000,0.000000,0.000000,0.000000,0.000000,0.000000,0.000000,0.000000,0.000000,0.000000,358.220591,0.000000,-244.630762,361.983099,501.201310,-237.828797,361.637151,501.302290,-237.837711,0.000000,501.428118,-237.864021,362.219516,500.890946,-0.000000,362.066411,500.761492,-257.488344,334.000641,500.654826,-257.567539,354.888005,498.647182,-137.479899,328.962769,496.468391,-189.851837,351.189471,485.225129,-213.581601,351.739700,484.452052,-239.687533,369.156876,453.627870,0.500456,306.263031,454.143798,-162.124771,382.316551,0.000000,67.248435,288.971618,389.782112,-162.806671,413.633499,332.342399,-30.344864,283.257080,333.555007,-232.189270,425.219612,320.763376,-34.351297,281.161377,316.252613,-250.038126,423.934708,320.945343,-93.623558,289.940949,318.637075,-291.490723,419.588852,324.191987,-42.657135,288.686982,0.000000,-235.763265,346.109314,328.048239,60.948923,310.297585,331.117887,-60.922416,331.949539,238.940729,140.344566,299.727020,242.568684,-43.375908,331.541519,174.274235,0.000000,275.654015,152.477869,34.026350,305.650218,162.597785,262.074959,274.026684,143.689911,38.006815,0.000000,144.177893,204.276336,291.947688,116.167986,-82.279076,
0.000000,0.000000,0.000000,0.000000,0.000000,0.000000,0.000000,0.000000,0.000000,0.000000,0.000000,0.000000,0.000000,0.000000,0.000000,0.000000,0.000000,0.000000,0.000000,0.000000,0.000000,0.000000,0.000000,0.000000,0.000000,0.000000,0.000000,0.000000,0.000000,0.000000,0.000000,0.000000,0.000000,0.000000,0.000000,0.000000,0.000000,0.000000,0.000000,0.000000,0.000000,0.000000,0.000000,0.000000,0.000000,0.000000,0.000000,0.000000,0.000000,0.000000,0.000000,0.000000,358.220591,494.024727,-244.630762,361.983099,501.201310,-237.828797,361.637151,501.302290,-237.837711,361.274574,501.428118,-237.864021,362.219516,500.890946,-257.419711,362.066411,500.761492,-257.488344,0.000000,500.654826,-257.567539,354.888005,498.647182,-137.479899,328.962769,496.468391,-189.851837,351.189471,485.225129,-213.581601,351.739700,484.452052,-239.687533,369.156876,453.627870,0.500456,306.263031,454.143798,-162.124771,382.316551,369.964161,67.248435,0.000000,389.782112,-162.806671,413.633499,332.342399,-30.344864,283.257080,0.000000,-232.189270,396.871638,320.763376,-34.351297,281.161377,316.252613,-250.038126,395.672394,320.945343,-93.623558,289.940949,318.637075,-259.102865,391.616262,324.191987,-42.657135,288.686982,323.620319,-235.763265,346.109314,0.000000,60.948923,310.297585,331.117887,-60.922416,331.949539,238.940729,140.344566,299.727020,242.568684,-57.834544,331.541519,174.274235,251.278860,275.654015,152.477869,34.026350,305.650218,162.597785,262.074959,274.026684,143.689911,0.000000,347.037690,0.000000,204.276336,291.947688,116.167986,-82.279076,
0.000000,0.000000,0.000000,0.000000,0.000000,0.000000,0.000000,0.000000,0.000000,0.000000,0.000000,0.000000,0.000000,0.000000,0.000000,0.000000,0.000000,0.000000,0.000000,0.000000,0.000000,0.000000,0.000000,0.000000,0.000000,0.000000,0.000000,0.000000,0.000000,0.000000,0.000000,0.000000,0.000000,0.000000,0.000000,0.000000,0.000000,0.000000,0.000000,0.000000,0.000000,0.000000,0.000000,0.000000,0.000000,0.000000,0.000000,0.000000,0.000000,0.000000,0.000000,0.000000,358.220591,494.024727,-244.630762,361.983099,501.201310,-237.828797,361.637151,501.302290,-237.837711,361.274574,501.428118,-237.864021,362.219516,500.890946,-257.419711,362.066411,500.761492,-257.488344,334.000641,500.654826,-257.567539,354.888005,498.647182,-137.479899,328.962769,496.468391,-189.851837,351.189471,0.000000,-213.581601,0.000000,484.452052,-239.687533,369.156876,453.627870,0.500456,0.000000,454.143798,-162.124771,0.000000,369.964161,67.248435,288.971618,389.782112,-162.806671,386.057932,332.342399,-30.344864,283.257080,333.555007,-232.189270,396.871638,320.763376,-34.351297,281.161377,316.252613,-250.038126,395.672394,320.945343,-93.623558,289.940949,318.637075,-259.102865,391.616262,324.191987,-42.657135,288.686982,323.620319,-235.763265,346.109314,328.048239,60.948923,310.297585,331.117887,-60.922416,331.949539,238.940729,140.344566,299.727020,242.568684,-72.293180,331.541519,174.274235,251.278860,275.654015,152.477869,10.374431,305.650218,162.597785,262.074959,274.026684,143.689911,-0.000000,347.037690,154.476314,204.276336,291.947688,116.167986,-109.705434,
0.000000,0.000000,0.000000,0.000000,0.000000,0.000000,0.000000,0.000000,0.000000,0.000000,0.000000,0.000000,0.000000,0.000000,0.000000,0.000000,0.000000,0.000000,0.000000,0.000000,0.000000,0.000000,0.000000,0.000000,0.000000,0.000000,0.000000,0.000000,0.000000,0.000000,0.000000,0.000000,0.000000,0.000000,0.000000,0.000000,0.000000,0.000000,0.000000,0.000000,0.000000,0.000000,0.000000,0.000000,0.000000,0.000000,0.000000,0.000000,0.000000,0.000000,0.000000,0.000000,358.220591,494.024727,-244.630762,361.983099,501.201310,-237.828797,361.637151,501.302290,-237.837711,361.274574,501.428118,-237.864021,362.219516,500.890946,-257.419711,0.000000,500.761492,-257.488344,334.000641,500.654826,-257.567539,354.888005,498.647182,-137.479899,328.962769,496.468391,-189.851837,351.189471,485.225129,-213.581601,351.739700,484.452052,-239.687533,369.156876,453.627870,0.500456,306.263031,454.143798,-162.124771,382.316551,369.964161,67.248435,288.971618,389.782112,-162.806671,0.000000,332.342399,-30.344864,283.257080,333.555007,-0.000000,396.871638,297.851707,-65.618132,281.161377,316.252613,-250.038126,395.672394,298.020675,-0.000000,289.940949,318.637075,-259.102865,0.000000,324.191987,-42.657135,288.686982,323.620319,-235.763265,346.109314,328.048239,60.948923,310.297585,331.117887,-60.922416,331.949539,238.940729,0.000000,299.727020,242.568684,-72.293180,331.541519,174.274235,251.278860,275.654015,152.477869,10.374431,305.650218,162.597785,262.074959,274.026684,143.689911,13.037179,347.037690,154.476314,204.276336,269.490174,116.167986,-109.705434,
0.000000,0.000000,0.000000,0.000000,0.000000,0.000000,0.000000,0.000000,0.000000,0.000000,0.000000,0.000000,0.000000,0.000000,0.000000,0.000000,0.000000,0.000000,0.000000,0.000000,0.000000,0.000000,0.000000,0.000000,0.000000,0.000000,0.000000,0.000000,0.000000,0.000000,0.000000,0.000000,0.000000,0.000000,0.000000,0.000000,0.000000,0.000000,0.000000,0.000000,0.000000,0.000000,0.000000,0.000000,0.000000,0.000000,0.000000,0.000000,0.000000,0.000000,0.000000,0.000000,358.220591,494.024727,-244.630762,361.983099,501.201310,-237.828797,361.637151,501.302290,-237.837711,361.274574,501.428118,-237.864021,362.219516,500.890946,-257.419711,0.000000,500.761492,-257.488344,361.834028,0.000000,-257.567539,354.888005,498.647182,-137.479899,328.962769,496.468391,-189.851837,351.189471,485.225129,-213.581601,351.739700,484.452052,-239.687533,369.156876,453.627870,0.500456,0.000000,454.143798,-162.124771,382.316551,369.964161,0.000000,288.971618,389.782112,-162.806671,386.057932,332.342399,-30.344864,283.257080,333.555007,-232.189270,396.871638,297.851707,-34.351297,281.161377,0.000000,-250.038126,395.672394,298.020675,-93.623558,289.940949,318.637075,-259.102865,391.616262,324.191987,-42.657135,288.686982,323.620319,-235.763265,346.109314,328.048239,60.948923,310.297585,331.117887,-60.922416,331.949539,238.940729,140.344566,279.745219,242.568684,-72.293180,331.541519,174.274235,291.713100,275.654015,152.477869,-13.277489,305.650218,162.597785,303.845372,274.026684,143.689911,-11.932457,347.037690,154.476314,204.276336,269.490174,116.167986,-137.131793,
0.000000,0.000000,0.000000,0.000000,0.000000,0.000000,0.000000,0.000000,0.000000,0.000000,0.000000,0.000000,0.000000,0.000000,0.000000,0.000000,0.000000,0.000000,0.000000,0.000000,0.000000,0.000000,0.000000,0.000000,0.000000,0.000000,0.000000,0.000000,0.000000,0.000000,0.000000,0.000000,0.000000,0.000000,0.000000,0.000000,0.000000,0.000000,0.000000,0.000000,0.000000,0.000000,0.000000,0.000000,0.000000,0.000000,0.000000,0.000000,0.000000,0.000000,0.000000,0.000000,358.220591,494.024727,-244.630762,361.983099,501.201310,-237.828797,361.637151,501.302290,-237.837711,361.274574,0.000000,-237.864021,362.219516,500.890946,-257.419711,362.066411,500.761492,-257.488344,361.834028,500.654826,-257.567539,354.888005,498.647182,-137.479899,328.962769,496.468391,-189.851837,351.189471,485.225129,-213.581601,351.739700,484.452052,-239.687533,369.156876,453.627870,0.500456,306.263031,454.143798,-162.124771,382.316551,369.964161,67.248435,288.971618,389.782112,-162.806671,386.057932,332.342399,-30.344864,283.257080,333.555007,-232.189270,396.871638,297.851707,-65.618132,281.161377,316.252613,-250.038126,395.672394,298.020675,-93.623558,289.940949,318.637075,-0.000000,391.616262,301.035416,-42.657135,288.686982,323.620319,-235.763265,346.109314,328.048239,53.856691,310.297585,331.117887,-53.807333,331.949539,238.940729,140.344566,279.745219,242.568684,-72.293180,331.541519,174.274235,291.713100,275.654015,152.477869,-13.277489,305.650218,162.597785,303.845372,274.026684,143.689911,-11.932457,347.037690,154.476314,204.276336,269.490174,116.167986,-137.131793,
0.000000,0.000000,0.000000,0.000000,0.000000,0.000000,0.000000,0.000000,0.000000,0.000000,0.000000,0.000000,0.000000,0.000000,0.000000,0.000000,0.000000,0.000000,0.000000,0.000000,0.000000,0.000000,0.000000,0.000000,0.000000,0.000000,0.000000,0.000000,0.000000,0.000000,0.000000,0.000000,0.000000,0.000000,0.000000,0.000000,0.000000,0.000000,0.000000,0.000000,0.000000,0.000000,0.000000,0.000000,0.000000,0.000000,0.000000,0.000000,0.000000,0.000000,0.000000,0.000000,358.220591,494.024727,-282.818844,361.983099,501.201310,-237.828797,361.637151,501.302290,-237.837711,361.274574,501.428118,-237.864021,362.219516,500.890946,-257.419711,362.066411,500.761492,-257.488344,361.834028,500.654826,-257.567539,354.888005,498.647182,-0.000000,328.962769,496.468391,-189.851837,351.189471,485.225129,-213.581601,351.739700,484.452052,-239.687533,369.156876,453.627870,0.500456,306.263031,454.143798,-162.124771,0.000000,369.964161,67.248435,288.971618,389.782112,-135.672226,386.057932,332.342399,-30.344864,283.257080,333.555007,-232.189270,396.871638,297.851707,-65.618132,281.161377,316.252613,-250.038126,367.410080,298.020675,-93.623558,289.940949,318.637075,-259.102865,363.643672,301.035416,-42.657135,288.686982,323.620319,-235.763265,346.109314,328.048239,53.856691,310.297585,331.117887,-53.807333,331.949539,238.940729,140.344566,279.745219,242.568684,-86.751816,331.541519,174.274235,291.713100,254.449860,152.477869,-36.929409,305.650218,162.597785,303.845372,274.026684,143.689911,-36.902093,347.037690,154.476314,246.832382,0.000000,0.000000,-164.558151,
0.000000,0.000000,0.000000,0.000000,0.000000,0.000000,0.000000,0.000000,0.000000,0.000000,0.000000,0.000000,0.000000,0.000000,0.000000,0.000000,0.000000,0.000000,0.000000,0.000000,0.000000,0.000000,0.000000,0.000000,0.000000,0.000000,0.000000,0.000000,0.000000,0.000000,0.000000,0.000000,0.000000,0.000000,0.000000,0.000000,0.000000,0.000000,0.000000,0.000000,0.000000,0.000000,0.000000,0.000000,0.000000,0.000000,0.000000,0.000000,0.000000,0.000000,0.000000,0.000000,358.220591,494.024727,-282.818844,361.983099,501.201310,-237.828797,361.637151,501.302290,-237.837711,361.274574,501.428118,-237.864021,362.219516,500.890946,-257.419711,362.066411,500.761492,-257.488344,361.834028,500.654826,-257.567539,354.888005,498.647182,-137.479899,328.962769,496.468391,-189.851837,351.189471,485.225129,-0.000000,351.739700,484.452052,-239.687533,369.156876,423.386012,0.500456,306.263031,454.143798,-135.103976,382.316551,369.964161,67.248435,288.971618,389.782112,-135.672226,386.057932,332.342399,-30.344864,283.257080,333.555007,-232.189270,368.523664,297.851707,-65.618132,281.161377,316.252613,-250.038126,367.410080,298.020675,-93.623558,289.940949,318.637075,-259.102865,363.643672,301.035416,-42.657135,288.686982,323.620319,-235.763265,346.109314,328.048239,53.856691,310.297585,331.117887,-53.807333,331.949539,238.940729,166.653341,279.745219,242.568684,-86.751816,0.000000,174.274235,332.147340,254.449860,141.586592,-60.581328,305.650218,162.597785,345.615785,252.947708,133.426346,-61.871729,347.037690,154.476314,289.388427,269.490174,107.231987,-191.984510,
0.000000,0.000000,0.000000,0.000000,0.000000,0.000000,0.000000,0.000000,0.000000,0.000000,0.000000,0.000000,0.000000,0.000000,0.000000,0.000000,0.000000,0.000000,0.000000,0.000000,0.000000,0.000000,0.000000,0.000000,0.000000,0.000000,0.000000,0.000000,0.000000,0.000000,0.000000,0.000000,0.000000,0.000000,0.000000,0.000000,0.000000,0.000000,0.000000,0.000000,0.000000,0.000000,0.000000,0.000000,0.000000,0.000000,0.000000,0.000000,0.000000,0.000000,0.000000,0.000000,358.220591,494.024727,-282.818844,361.983099,501.201310,-237.828797,361.637151,467.882137,-237.837711,361.274574,467.999577,-0.000000,362.219516,0.000000,-257.419711,362.066411,500.761492,-257.488344,361.834028,500.654826,-257.567539,354.888005,498.647182,-0.000000,328.962769,496.468391,-189.851837,351.189471,0.000000,-213.581601,351.739700,484.452052,-239.687533,369.156876,423.386012,0.500456,306.263031,454.143798,-162.124771,382.316551,369.964161,67.248435,288.971618,389.782112,-162.806671,386.057932,332.342399,-30.344864,283.257080,333.555007,-232.189270,368.523664,0.000000,-65.618132,281.161377,316.252613,-281.292892,367.410080,298.020675,-93.623558,289.940949,318.637075,-291.490723,363.643672,301.035416,-42.657135,288.686982,323.620319,-235.763265,0.000000,0.000000,0.000000,310.297585,331.117887,-60.922416,331.949539,238.940729,192.962115,279.745219,242.568684,-101.210452,331.541519,174.274235,372.581581,254.449860,141.586592,-84.233248,305.650218,162.597785,0.000000,252.947708,133.426346,-86.841365,347.037690,154.476314,331.944473,269.490174,98.295988,-219.410868,
0.000000,0.000000,0.000000,0.000000,0.000000,0.000000,0.000000,0.000000,0.000000,0.000000,0.000000,0.000000,0.000000,0.000000,0.000000,0.000000,0.000000,0.000000,0.000000,0.000000,0.000000,0.000000,0.000000,0.000000,0.000000,0.000000,0.000000,0.000000,0.000000,0.000000,0.000000,0.000000,0.000000,0.000000,0.000000,0.000000,0.000000,0.000000,0.000000,0.000000,0.000000,0.000000,0.000000,0.000000,0.000000,0.000000,0.000000,0.000000,0.000000,0.000000,0.000000,0.000000,358.220591,494.024727,-282.818844,361.983099,467.787889,-237.828797,361.637151,467.882137,-237.837711,361.274574,467.999577,-237.864021,0.000000,500.890946,-257.419711,362.066411,500.761492,-257.488344,361.834028,500.654826,-257.567539,354.888005,465.404037,-137.479899,0.000000,496.468391,-189.851837,351.189471,485.225129,-213.581601,351.739700,484.452052,-239.687533,369.156876,423.386012,0.500456,306.263031,454.143798,-162.124771,356.828781,369.964161,67.248435,288.971618,389.782112,-162.806671,358.482366,332.342399,-30.344864,283.257080,333.555007,-261.212929,368.523664,297.851707,-0.000000,281.161377,316.252613,-281.292892,367.410080,0.000000,-93.623558,289.940949,318.637075,-291.490723,363.643672,301.035416,-42.657135,288.686982,323.620319,-265.233673,346.109314,328.048239,60.948923,0.000000,331.117887,-60.922416,331.949539,238.940729,245.579663,279.745219,242.568684,-101.210452,331.541519,174.274235,413.015821,254.449860,0.000000,-84.233248,305.650218,0.000000,429.156611,252.947708,133.426346,-0.000000,347.037690,154.476314,374.500518,269.490174,107.231987,-219.410868,
0.000000,0.000000,0.000000,0.000000,0.000000,0.000000,0.000000,0.000000,0.000000,0.000000,0.000000,0.000000,0.000000,0.000000,0.000000,0.000000,0.000000,0.000000,0.000000,0.000000,0.000000,0.000000,0.000000,0.000000,0.000000,0.000000,0.000000,0.000000,0.000000,0.000000,0.000000,0.000000,0.000000,0.000000,0.000000,0.000000,0.000000,0.000000,0.000000,0.000000,0.000000,0.000000,0.000000,0.000000,0.000000,0.000000,0.000000,0.000000,0.000000,0.000000,0.000000,0.000000,358.220591,461.089745,-282.818844,361.983099,467.787889,-276.307699,0.000000,467.882137,-276.310336,361.274574,467.999577,-276.335221,362.219516,500.890946,-257.419711,362.066411,0.000000,-257.488344,334.000641,500.654826,-257.567539,354.888005,465.404037,-137.479899,328.962769,496.468391,-189.851837,351.189471,452.876787,-249.882077,351.739700,484.452052,-239.687533,369.156876,423.386012,0.500456,306.263031,454.143798,-189.145566,356.828781,369.964161,67.248435,288.971618,389.782112,-189.941116,358.482366,332.342399,-30.344864,283.257080,333.555007,-261.212929,368.523664,297.851707,-65.618132,281.161377,316.252613,-0.000000,367.410080,298.020675,-93.623558,289.940949,318.637075,-323.878581,363.643672,301.035416,-42.657135,288.686982,323.620319,-265.233673,323.035360,328.048239,75.133387,289.611079,331.117887,-75.152582,331.949539,238.940729,245.579663,279.745219,226.397438,-101.210452,309.438751,174.274235,453.450061,254.449860,141.586592,-84.233248,305.650218,162.597785,470.927024,252.947708,133.426346,-86.841365,347.037690,154.476314,417.056564,269.490174,98.295988,-219.410868,
0.000000,0.000000,0.000000,0.000000,0.000000,0.000000,0.000000,0.000000,0.000000,0.000000,0.000000,0.000000,0.000000,0.000000,0.000000,0.000000,0.000000,0.000000,0.000000,0.000000,0.000000,0.000000,0.000000,0.000000,0.000000,0.000000,0.000000,0.000000,0.000000,0.000000,0.000000,0.000000,0.000000,0.000000,0.000000,0.000000,0.000000,0.000000,0.000000,0.000000,0.000000,0.000000,0.000000,0.000000,0.000000,0.000000,0.000000,0.000000,0.000000,0.000000,0.000000,0.000000,358.220591,461.089745,-282.818844,361.983099,467.787889,-276.307699,361.637151,467.882137,-276.310336,361.274574,467.999577,-276.335221,362.219516,500.890946,-294.299635,362.066411,500.761492,-294.377824,334.000641,500.654826,-294.455892,354.888005,465.404037,-0.000000,328.962769,496.468391,-221.493810,351.189471,452.876787,-249.882077,351.739700,484.452052,-273.928609,369.156876,423.386012,0.500456,306.263031,454.143798,-189.145566,356.828781,369.964161,67.248435,288.971618,389.782112,-217.075562,358.482366,308.603656,-30.344864,283.257080,333.555007,-290.236587,368.523664,297.851707,-65.618132,281.161377,316.252613,-312.547658,367.410080,298.020675,-93.623558,289.940949,318.637075,-323.878581,363.643672,301.035416,-71.567462,288.686982,323.620319,-294.704081,323.035360,306.178356,75.133387,289.611079,309.043361,-75.152582,309.819570,238.940729,271.888438,279.745219,226.397438,-101.210452,309.438751,174.274235,453.450061,254.449860,141.586592,-84.233248,0.000000,162.597785,470.927024,252.947708,133.426346,-86.841365,347.037690,154.476314,417.056564,247.032659,0.000000,-219.410868,
0.000000,0.000000,0.000000,0.000000,0.000000,0.000000,0.000000,0.000000,0.000000,0.000000,0.000000,0.000000,0.000000,0.000000,0.000000,0.000000,0.000000,0.000000,0.000000,0.000000,0.000000,0.000000,0.000000,0.000000,0.000000,0.000000,0.000000,0.000000,0.000000,0.000000,0.000000,0.000000,0.000000,0.000000,0.000000,0.000000,0.000000,0.000000,0.000000,0.000000,0.000000,0.000000,0.000000,0.000000,0.000000,0.000000,0.000000,0.000000,0.000000,0.000000,0.000000,0.000000,358.220591,461.089745,-282.818844,361.983099,467.787889,-276.307699,361.637151,467.882137,-276.310336,361.274574,467.999577,-276.335221,362.219516,467.498216,-294.299635,362.066411,500.761492,-294.377824,334.000641,500.654826,-294.455892,354.888005,465.404037,-137.479899,328.962769,496.468391,-221.493810,351.189471,452.876787,-249.882077,351.739700,452.155249,-0.000000,369.156876,423.386012,0.500456,306.263031,454.143798,-189.145566,356.828781,369.964161,67.248435,288.971618,389.782112,-217.075562,358.482366,308.603656,-30.344864,283.257080,333.555007,-290.236587,368.523664,297.851707,-65.618132,281.161377,295.169105,-312.547658,367.410080,298.020675,-93.623558,289.940949,297.394603,-323.878581,363.643672,301.035416,-42.657135,288.686982,323.620319,-294.704081,323.035360,306.178356,75.133387,289.611079,309.043361,-75.152582,309.819570,238.940729,271.888438,0.000000,226.397438,-101.210452,309.438751,0.000000,493.884302,0.000000,130.695316,-84.233248,305.650218,162.597785,512.697437,252.947708,123.162781,-86.841365,347.037690,154.476314,459.612609,247.032659,98.295988,-219.410868,
0.000000,0.000000,0.000000,0.000000,0.000000,0.000000,0.000000,0.000000,0.000000,0.000000,0.000000,0.000000,0.000000,0.000000,0.000000,0.000000,0.000000,0.000000,0.000000,0.000000,0.000000,0.000000,0.000000,0.000000,0.000000,0.000000,0.000000,0.000000,0.000000,0.000000,0.000000,0.000000,0.000000,0.000000,0.000000,0.000000,0.000000,0.000000,0.000000,0.000000,0.000000,0.000000,0.000000,0.000000,0.000000,0.000000,0.000000,0.000000,0.000000,0.000000,0.000000,0.000000,358.220591,461.089745,-282.818844,361.983099,467.787889,-276.307699,361.637151,467.882137,-276.310336,361.274574,467.999577,-276.335221,362.219516,467.498216,-294.299635,334.215149,467.377393,-294.377824,334.000641,500.654826,-294.455892,354.888005,465.404037,-137.479899,328.962769,496.468391,-0.000000,351.189471,452.876787,-249.882077,351.739700,452.155249,-273.928609,369.156876,423.386012,0.500456,306.263031,454.143798,-189.145566,356.828781,369.964161,67.248435,264.890650,389.782112,-217.075562,358.482366,308.603656,-30.344864,283.257080,311.318007,-290.236587,368.523664,297.851707,-65.618132,281.161377,295.169105,-312.547658,367.410080,298.020675,-93.623558,289.940949,297.394603,-323.878581,363.643672,301.035416,-0.000000,288.686982,302.045631,-294.704081,323.035360,0.000000,75.133387,289.611079,309.043361,-75.152582,309.819570,238.940729,271.888438,279.745219,226.397438,-101.210452,309.438751,174.274235,493.884302,254.449860,130.695316,-84.233248,305.650218,162.597785,512.697437,252.947708,123.162781,-86.841365,347.037690,154.476314,459.612609,247.032659,89.359989,-219.410868,
0.000000,0.000000,0.000000,0.000000,0.000000,0.000000,0.000000,0.000000,0.000000,0.000000,0.000000,0.000000,0.000000,0.000000,0.000000,0.000000,0.000000,0.000000,0.000000,0.000000,0.000000,0.000000,0.000000,0.000000,0.000000,0.000000,0.000000,0.000000,0.000000,0.000000,0.000000,0.000000,0.000000,0.000000,0.000000,0.000000,0.000000,0.000000,0.000000,0.000000,0.000000,0.000000,0.000000,0.000000,0.000000,0.000000,0.000000,0.000000,0.000000,0.000000,0.000000,0.000000,358.220591,461.089745,-321.006927,361.983099,0.000000,-276.307699,361.637151,467.882137,-276.310336,361.274574,467.999577,-276.335221,334.356476,467.498216,-294.299635,334.215149,0.000000,-294.377824,334.000641,467.277838,-294.455892,354.888005,465.404037,-137.479899,328.962769,496.468391,-221.493810,351.189471,452.876787,-249.882077,351.739700,452.155249,-273.928609,344.546418,423.386012,0.500456,306.263031,454.143798,-0.000000,356.828781,369.964161,67.248435,264.890650,363.796638,-217.075562,358.482366,308.603656,-30.344864,259.652323,311.318007,-290.236587,368.523664,297.851707,-65.618132,257.731262,295.169105,-343.802424,339.147766,298.020675,-93.623558,289.940949,297.394603,-356.266439,335.671082,301.035416,-42.657135,288.686982,302.045631,-294.704081,323.035360,306.178356,75.133387,289.611079,309.043361,-75.152582,309.819570,238.940729,271.888438,259.763417,226.397438,-115.669087,0.000000,174.274235,493.884302,254.449860,130.695316,-107.885168,305.650218,162.597785,512.697437,252.947708,123.162781,-111.811001,347.037690,154.476314,459.612609,247.032659,89.359989,-219.410868,
0.000000,0.000000,0.000000,0.000000,0.000000,0.000000,0.000000,0.000000,0.000000,0.000000,0.000000,0.000000,0.000000,0.000000,0.000000,0.000000,0.000000,0.000000,0.000000,0.000000,0.000000,0.000000,0.000000,0.000000,0.000000,0.000000,0.000000,0.000000,0.000000,0.000000,0.000000,0.000000,0.000000,0.000000,0.000000,0.000000,0.000000,0.000000,0.000000,0.000000,0.000000,0.000000,0.000000,0.000000,0.000000,0.000000,0.000000,0.000000,0.000000,0.000000,0.000000,0.000000,358.220591,461.089745,-321.006927,361.983099,467.787889,-276.307699,361.637151,467.882137,-276.310336,361.274574,467.999577,-276.335221,334.356476,467.498216,-294.299635,334.215149,467.377393,-294.377824,334.000641,467.277838,-294.455892,354.888005,465.404037,-172.873736,328.962769,463.370498,-253.135783,351.189471,452.876787,-249.882077,351.739700,452.155249,-273.928609,344.546418,423.386012,-30.867012,280.741112,454.143798,-243.187157,356.828781,369.964161,36.621030,264.890650,363.796638,-244.210007,0.000000,308.603656,-0.000000,259.652323,311.318007,-0.000000,340.175690,297.851707,-65.618132,257.731262,295.169105,-343.802424,339.147766,298.020675,-0.000000,265.779203,297.394603,-356.266439,335.671082,301.035416,-71.567462,288.686982,302.045631,-324.174489,323.035360,306.178356,75.133387,289.611079,309.043361,-75.152582,309.819570,238.940729,298.197212,0.000000,226.397438,-115.669087,309.438751,174.274235,0.000000,254.449860,130.695316,-107.885168,305.650218,162.597785,512.697437,252.947708,123.162781,-111.811001,347.037690,154.476314,459.612609,247.032659,89.359989,-246.837227,
0.000000,0.000000,0.000000,0.000000,0.000000,0.000000,0.000000,0.000000,0.000000,0.000000,0.000000,0.000000,0.000000,0.000000,0.000000,0.000000,0.000000,0.000000,0.000000,0.000000,0.000000,0.000000,0.000000,0.000000,0.000000,0.000000,0.000000,0.000000,0.000000,0.000000,0.000000,0.000000,0.000000,0.000000,0.000000,0.000000,0.000000,0.000000,0.000000,0.000000,0.000000,0.000000,0.000000,0.000000,0.000000,0.000000,0.000000,0.000000,0.000000,0.000000,0.000000,0.000000,330.665161,461.089745,-321.006927,334.138245,467.787889,-314.786602,361.637151,467.882137,-314.782960,361.274574,467.999577,-314.806421,334.356476,467.498216,-331.179560,334.215149,467.377393,-331.267303,334.000641,467.277838,-331.344246,354.888005,465.404037,-172.873736,328.962769,463.370498,-253.135783,351.189471,452.876787,-286.182552,324.682800,452.155249,-308.169685,344.546418,423.386012,-0.000000,280.741112,423.867545,-243.187157,356.828781,369.964161,36.621030,264.890650,363.796638,-271.344452,358.482366,308.603656,-59.296028,259.652323,311.318007,-319.260246,340.175690,297.851707,-65.618132,257.731262,295.169105,-343.802424,339.147766,298.020675,-125.282244,265.779203,297.394603,-356.266439,335.671082,301.035416,-71.567462,288.686982,302.045631,-324.174489,323.035360,306.178356,75.133387,289.611079,309.043361,-75.152582,309.819570,238.940729,298.197212,259.763417,226.397438,-115.669087,309.438751,174.274235,493.884302,254.449860,130.695316,-107.885168,305.650218,162.597785,512.697437,252.947708,112.899216,-111.811001,347.037690,154.476314,459.612609,247.032659,89.359989,-246.837227,
0.000000,0.000000,0.000000,0.000000,0.000000,0.000000,0.000000,0.000000,0.000000,0.000000,0.000000,0.000000,0.000000,0.000000,0.000000,0.000000,0.000000,0.000000,0.000000,0.000000,0.000000,0.000000,0.000000,0.000000,0.000000,0.000000,0.000000,0.000000,0.000000,0.000000,0.000000,0.000000,0.000000,0.000000,0.000000,0.000000,0.000000,0.000000,0.000000,0.000000,0.000000,0.000000,0.000000,0.000000,0.000000,0.000000,0.000000,0.000000,0.000000,0.000000,0.000000,0.000000,330.665161,461.089745,-359.195009,334.138245,467.787889,-353.265505,333.818909,467.882137,-353.255584,361.274574,467.999577,-353.277621,334.356476,0.000000,-0.000000,334.215149,0.000000,-368.156782,334.000641,467.277838,-368.232600,354.888005,465.404037,-208.267574,328.962769,463.370498,-284.777756,351.189471,452.876787,-322.483028,324.682800,452.155249,-342.410761,344.546418,423.386012,-62.234481,280.741112,423.867545,-270.207952,0.000000,369.964161,5.993626,264.890650,363.796638,-298.478897,330.906799,308.603656,-88.247192,259.652323,311.318007,-348.283905,340.175690,297.851707,-0.000000,257.731262,274.085598,-406.311955,339.147766,298.020675,-156.940930,265.779203,276.152132,-421.042155,335.671082,301.035416,-100.477788,264.629733,302.045631,-353.644898,323.035360,306.178356,75.133387,268.924574,309.043361,-75.152582,309.819570,238.940729,298.197212,259.763417,226.397438,-130.127723,309.438751,174.274235,534.318542,254.449860,119.804040,-0.000000,305.650218,162.597785,554.467850,252.947708,123.162781,-111.811001,347.037690,154.476314,502.168655,247.032659,89.359989,-246.837227,
0.000000,0.000000,0.000000,0.000000,0.000000,0.000000,0.000000,0.000000,0.000000,0.000000,0.000000,0.000000,0.000000,0.000000,0.000000,0.000000,0.000000,0.000000,0.000000,0.000000,0.000000,0.000000,0.000000,0.000000,0.000000,0.000000,0.000000,0.000000,0.000000,0.000000,0.000000,0.000000,0.000000,0.000000,0.000000,0.000000,0.000000,0.000000,0.000000,0.000000,0.000000,0.000000,0.000000,0.000000,0.000000,0.000000,0.000000,0.000000,0.000000,0.000000,0.000000,0.000000,330.665161,461.089745,-359.195009,334.138245,0.000000,-353.265505,333.818909,467.882137,-353.255584,333.484222,467.999577,-353.277621,334.356476,467.498216,-368.059484,334.215149,467.377393,-368.156782,334.000641,467.277838,-368.232600,354.888005,465.404037,-208.267574,328.962769,463.370498,-284.777756,351.189471,452.876787,-322.483028,324.682800,0.000000,-342.410761,344.546418,423.386012,-62.234481,280.741112,423.867545,-270.207952,331.341011,369.964161,5.993626,264.890650,363.796638,-298.478897,330.906799,308.603656,-117.198356,259.652323,311.318007,-348.283905,340.175690,297.851707,-128.151802,257.731262,274.085598,-406.311955,339.147766,298.020675,-156.940930,265.779203,276.152132,-388.654297,335.671082,301.035416,-129.388115,264.629733,280.470943,-353.644898,299.961405,306.178356,75.133387,268.924574,309.043361,-75.152582,309.819570,238.940729,298.197212,259.763417,226.397438,-130.127723,309.438751,174.274235,534.318542,254.449860,119.804040,-107.885168,305.650218,162.597785,554.467850,252.947708,112.899216,-111.811001,347.037690,154.476314,502.168655,247.032659,89.359989,-246.837227,
0.000000,0.000000,0.000000,0.000000,0.000000,0.000000,0.000000,0.000000,0.000000,0.000000,0.000000,0.000000,0.000000,0.000000,0.000000,0.000000,0.000000,0.000000,0.000000,0.000000,0.000000,0.000000,0.000000,0.000000,0.000000,0.000000,0.000000,0.000000,0.000000,0.000000,0.000000,0.000000,0.000000,0.000000,0.000000,0.000000,0.000000,0.000000,0.000000,0.000000,0.000000,0.000000,0.000000,0.000000,0.000000,0.000000,0.000000,0.000000,0.000000,0.000000,0.000000,0.000000,330.665161,461.089745,-397.383092,334.138245,0.000000,-353.265505,333.818909,467.882137,-353.255584,333.484222,467.999577,-353.277621,334.356476,467.498216,-368.059484,334.215149,467.377393,-368.156782,334.000641,467.277838,-368.232600,327.588928,465.404037,-243.661411,301.549205,463.370498,-316.419729,324.174896,452.876787,-322.483028,324.682800,452.155249,-342.410761,344.546418,423.386012,-93.601949,280.741112,423.867545,-297.228747,331.341011,369.964161,-24.633779,264.890650,363.796638,-298.478897,330.906799,308.603656,-117.198356,259.652323,289.081006,-377.307564,340.175690,274.940037,-159.418637,257.731262,274.085598,-0.000000,339.147766,298.020675,-188.599615,265.779203,276.152132,-421.042155,335.671082,301.035416,-0.000000,264.629733,280.470943,-383.115306,299.961405,306.178356,0.000000,268.924574,309.043361,-75.152582,309.819570,238.940729,298.197212,259.763417,226.397438,-130.127723,309.438751,174.274235,493.884302,0.000000,119.804040,-107.885168,0.000000,162.597785,512.697437,231.868732,112.899216,-111.811001,347.037690,154.476314,459.612609,247.032659,89.359989,-246.837227,
0.000000,0.000000,0.000000,0.000000,0.000000,0.000000,0.000000,0.000000,0.000000,0.000000,0.000000,0.000000,0.000000,0.000000,0.000000,0.000000,0.000000,0.000000,0.000000,0.000000,0.000000,0.000000,0.000000,0.000000,0.000000,0.000000,0.000000,0.000000,0.000000,0.000000,0.000000,0.000000,0.000000,0.000000,0.000000,0.000000,0.000000,0.000000,0.000000,0.000000,0.000000,0.000000,0.000000,0.000000,0.000000,0.000000,0.000000,0.000000,0.000000,0.000000,0.000000,0.000000,330.665161,461.089745,-397.383092,334.138245,0.000000,-391.744408,333.818909,467.882137,-391.728209,333.484222,467.999577,-391.748821,334.356476,467.498216,-404.939408,334.215149,467.377393,-405.046262,306.167254,467.277838,-405.120954,327.588928,465.404037,-243.661411,0.000000,463.370498,-0.000000,324.174896,452.876787,-358.783503,324.682800,452.155249,-376.651837,344.546418,423.386012,-124.969418,280.741112,423.867545,-297.228747,331.341011,369.964161,-55.261183,264.890650,363.796638,-325.613342,330.906799,308.603656,-146.149521,259.652323,289.081006,-377.307564,340.175690,274.940037,-190.685472,257.731262,274.085598,-406.311955,310.885453,275.096008,-220.258301,265.779203,276.152132,-421.042155,307.698491,301.035416,-158.298442,264.629733,280.470943,-383.115306,299.961405,306.178356,75.133387,268.924574,309.043361,-75.152582,309.819570,238.940729,271.888438,259.763417,226.397438,-130.127723,309.438751,174.274235,493.884302,254.449860,119.804040,-107.885168,305.650218,162.597785,512.697437,231.868732,112.899216,-111.811001,347.037690,154.476314,459.612609,247.032659,80.423990,-246.837227,
0.000000,0.000000,0.000000,0.000000,0.000000,0.000000,0.000000,0.000000,0.000000,0.000000,0.000000,0.000000,0.000000,0.000000,0.000000,0.000000,0.000000,0.000000,0.000000,0.000000,0.000000,0.000000,0.000000,0.000000,0.000000,0.000000,0.000000,0.000000,0.000000,0.000000,0.000000,0.000000,0.000000,0.000000,0.000000,0.000000,0.000000,0.000000,0.000000,0.000000,0.000000,0.000000,0.000000,0.000000,0.000000,0.000000,0.000000,0.000000,0.000000,0.000000,0.000000,0.000000,330.665161,461.089745,-435.571174,334.138245,467.787889,-430.223311,333.818909,467.882137,-430.200833,333.484222,467.999577,-430.220021,334.356476,467.498216,-441.819333,334.215149,467.377393,-441.935741,306.167254,467.277838,-442.009308,327.588928,465.404037,-314.449087,301.549205,0.000000,-379.703674,324.174896,452.876787,-395.083979,324.682800,452.155249,-410.892914,344.546418,423.386012,-156.336886,280.741112,423.867545,-324.249542,331.341011,369.964161,-116.515992,264.890650,337.811164,-352.747788,330.906799,308.603656,-204.051849,259.652323,289.081006,-406.331222,311.827715,274.940037,-0.000000,257.731262,274.085598,-437.566721,310.885453,0.000000,-283.575673,265.779203,254.909660,-453.430013,307.698491,301.035416,-216.119095,0.000000,280.470943,-412.585714,299.961405,306.178356,68.041155,268.924574,309.043361,-68.037499,309.819570,238.940729,271.888438,259.763417,226.397438,-130.127723,309.438751,174.274235,493.884302,254.449860,119.804040,-107.885168,305.650218,162.597785,512.697437,231.868732,112.899216,-111.811001,347.037690,154.476314,459.612609,247.032659,80.423990,-246.837227,
0.000000,0.000000,0.000000,0.000000,0.000000,0.000000,0.000000,0.000000,0.000000,0.000000,0.000000,0.000000,0.000000,0.000000,0.000000,0.000000,0.000000,0.000000,0.000000,0.000000,0.000000,0.000000,0.000000,0.000000,0.000000,0.000000,0.000000,0.000000,0.000000,0.000000,0.000000,0.000000,0.000000,0.000000,0.000000,0.000000,0.000000,0.000000,0.000000,0.000000,0.000000,0.000000,0.000000,0.000000,0.000000,0.000000,0.000000,0.000000,0.000000,0.000000,0.000000,0.000000,330.665161,428.154763,-473.759257,334.138245,467.787889,-468.702213,333.818909,467.882137,-468.673457,333.484222,467.999577,-468.691221,334.356476,467.498216,-478.699257,306.363886,467.377393,-478.825220,306.167254,467.277838,-478.897662,327.588928,465.404037,-314.449087,301.549205,463.370498,-411.345647,324.174896,452.876787,-0.000000,324.682800,452.155249,-445.133990,344.546418,423.386012,-187.704355,280.741112,423.867545,-0.000000,331.341011,369.964161,-116.515992,264.890650,337.811164,-352.747788,330.906799,308.603656,-233.003013,259.652323,266.844006,-435.354881,311.827715,0.000000,-253.219141,257.731262,253.002090,-468.821487,310.885453,275.096008,-283.575673,265.779203,254.909660,-485.817871,307.698491,277.878846,-245.029422,264.629733,258.896255,-442.056122,299.961405,306.178356,68.041155,268.924574,309.043361,-0.000000,309.819570,238.940729,245.579663,259.763417,226.397438,-144.586359,309.438751,174.274235,453.450061,254.449860,119.804040,-131.537087,305.650218,162.597785,470.927024,231.868732,112.899216,-136.780637,347.037690,154.476314,417.056564,247.032659,80.423990,-274.263585,
0.000000,0.000000,0.000000,0.000000,0.000000,0.000000,0.000000,0.000000,0.000000,0.000000,0.000000,0.000000,0.000000,0.000000,0.000000,0.000000,0.000000,0.000000,0.000000,0.000000,0.000000,0.000000,0.000000,0.000000,0.000000,0.000000,0.000000,0.000000,0.000000,0.000000,0.000000,0.000000,0.000000,0.000000,0.000000,0.000000,0.000000,0.000000,0.000000,0.000000,0.000000,0.000000,0.000000,0.000000,0.000000,0.000000,0.000000,0.000000,0.000000,0.000000,0.000000,0.000000,330.665161,428.154763,-511.947339,334.138245,434.374469,-507.181116,333.818909,434.461985,-0.000000,333.484222,434.571036,-507.162421,306.493436,434.105487,-515.579182,306.363886,433.993293,-515.714700,306.167254,433.900849,-515.786016,327.588928,432.160891,-349.842924,301.549205,463.370498,-0.000000,324.174896,420.528445,-0.000000,324.682800,419.858445,-479.375066,344.546418,423.386012,-219.071823,280.741112,423.867545,-351.270338,331.341011,343.538150,-177.770801,264.890650,337.811164,-352.747788,303.331233,308.603656,-261.954178,259.652323,266.844006,-406.331222,311.827715,274.940037,-284.485976,257.731262,253.002090,-468.821487,310.885453,275.096008,-315.234358,265.779203,254.909660,-485.817871,307.698491,277.878846,-273.939748,264.629733,258.896255,-0.000000,299.961405,306.178356,53.856691,268.924574,309.043361,-53.807333,309.819570,238.940729,245.579663,259.763417,226.397438,-173.503631,309.438751,174.274235,0.000000,254.449860,119.804040,-178.840927,305.650218,162.597785,470.927024,231.868732,112.899216,-186.719909,347.037690,154.476314,417.056564,247.032659,80.423990,-329.116302,
0.000000,0.000000,0.000000,0.000000,0.000000,0.000000,0.000000,0.000000,0.000000,0.000000,0.000000,0.000000,0.000000,0.000000,0.000000,0.000000,0.000000,0.000000,0.000000,0.000000,0.000000,0.000000,0.000000,0.000000,0.000000,0.000000,0.000000,0.000000,0.000000,0.000000,0.000000,0.000000,0.000000,0.000000,0.000000,0.000000,0.000000,0.000000,0.000000,0.000000,0.000000,0.000000,0.000000,0.000000,0.000000,0.000000,0.000000,0.000000,0.000000,0.000000,0.000000,0.000000,330.665161,428.154763,-511.947339,334.138245,434.374469,-507.181116,333.818909,434.461985,-507.146082,333.484222,434.571036,-507.162421,306.493436,434.105487,-515.579182,306.363886,433.993293,-515.714700,306.167254,433.900849,-515.786016,327.588928,432.160891,-385.236762,301.549205,430.272606,-411.345647,324.174896,420.528445,-467.684930,324.682800,419.858445,-479.375066,344.546418,423.386012,-219.071823,255.219193,393.591292,-351.270338,331.341011,343.538150,-177.770801,264.890650,337.811164,-325.613342,303.331233,284.864914,-261.954178,259.652323,266.844006,-406.331222,311.827715,274.940037,-284.485976,234.301147,253.002090,-437.566721,310.885453,0.000000,-315.234358,0.000000,254.909660,-453.430013,307.698491,277.878846,-273.939748,264.629733,258.896255,-412.585714,299.961405,306.178356,46.764459,268.924574,309.043361,-46.692250,309.819570,256.007924,219.270889,259.763417,226.397438,-173.503631,309.438751,174.274235,413.015821,254.449860,119.804040,-155.189007,305.650218,162.597785,429.156611,231.868732,112.899216,-161.750273,347.037690,154.476314,0.000000,0.000000,80.423990,-301.689944,
0.000000,0.000000,0.000000,0.000000,0.000000,0.000000,0.000000,0.000000,0.000000,0.000000,0.000000,0.000000,0.000000,0.000000,0.000000,0.000000,0.000000,0.000000,0.000000,0.000000,0.000000,0.000000,0.000000,0.000000,0.000000,0.000000,0.000000,0.000000,0.000000,0.000000,0.000000,0.000000,0.000000,0.000000,0.000000,0.000000,0.000000,0.000000,0.000000,0.000000,0.000000,0.000000,0.000000,0.000000,0.000000,0.000000,0.000000,0.000000,0.000000,0.000000,0.000000,0.000000,303.109731,428.154763,-511.947339,306.293391,434.374469,-507.181116,333.818909,434.461985,-507.146082,333.484222,434.571036,-507.162421,306.493436,434.105487,-515.579182,306.363886,0.000000,-515.714700,306.167254,433.900849,-515.786016,327.588928,432.160891,-385.236762,301.549205,430.272606,-442.987620,324.174896,420.528445,-467.684930,297.625900,419.858445,-479.375066,344.546418,423.386012,-250.439292,255.219193,0.000000,-351.270338,331.341011,343.538150,-208.398206,264.890650,337.811164,-0.000000,303.331233,284.864914,-290.905342,259.652323,266.844006,-406.331222,311.827715,274.940037,-315.752811,0.000000,231.918583,-437.566721,310.885453,275.096008,-0.000000,241.617457,233.667188,-453.430013,307.698491,277.878846,-302.850075,264.629733,0.000000,-412.585714,299.961405,306.178356,46.764459,268.924574,309.043361,-46.692250,309.819570,0.000000,192.962115,259.763417,226.397438,-173.503631,309.438751,174.274235,372.581581,254.449860,119.804040,-155.189007,305.650218,162.597785,387.386198,231.868732,112.899216,-161.750273,347.037690,154.476314,289.388427,247.032659,80.423990,-301.689944,
0.000000,0.000000,0.000000,0.000000,0.000000,0.000000,0.000000,0.000000,0.000000,0.000000,0.000000,0.000000,0.000000,0.000000,0.000000,0.000000,0.000000,0.000000,0.000000,0.000000,0.000000,0.000000,0.000000,0.000000,0.000000,0.000000,0.000000,0.000000,0.000000,0.000000,0.000000,0.000000,0.000000,0.000000,0.000000,0.000000,0.000000,0.000000,0.000000,0.000000,0.000000,0.000000,0.000000,0.000000,0.000000,0.000000,0.000000,0.000000,0.000000,0.000000,0.000000,0.000000,303.109731,428.154763,-550.135422,306.293391,0.000000,-0.000000,306.000666,434.461985,-545.618706,333.484222,434.571036,-545.633621,306.493436,434.105487,-552.459106,306.363886,433.993293,-552.604179,306.167254,433.900849,-552.674370,327.588928,432.160891,-420.630599,301.549205,430.272606,-442.987620,324.174896,420.528445,-467.684930,297.625900,419.858445,-513.616142,344.546418,393.144154,-250.439292,255.219193,393.591292,-351.270338,331.341011,343.538150,-208.398206,240.809682,311.825690,-352.747788,303.331233,284.864914,-0.000000,259.652323,0.000000,-406.331222,311.827715,274.940037,-315.752811,234.301147,231.918583,-437.566721,310.885453,275.096008,-346.893044,241.617457,233.667188,-453.430013,307.698491,277.878846,-302.850075,264.629733,237.321567,-412.585714,299.961405,306.178356,39.672226,268.924574,0.000000,-39.577166,287.689600,256.007924,0.000000,259.763417,226.397438,-173.503631,309.438751,174.274235,291.713100,254.449860,119.804040,-0.000000,305.650218,162.597785,303.845372,231.868732,112.899216,-136.780637,347.037690,154.476314,204.276336,247.032659,80.423990,-274.263585,
0.000000,0.000000,0.000000,0.000000,0.000000,0.000000,0.000000,0.000000,0.000000,0.000000,0.000000,0.000000,0.000000,0.000000,0.000000,0.000000,0.000000,0.000000,0.000000,0.000000,0.000000,0.000000,0.000000,0.000000,0.000000,0.000000,0.000000,0.000000,0.000000,0.000000,0.000000,0.000000,0.000000,0.000000,0.000000,0.000000,0.000000,0.000000,0.000000,0.000000,0.000000,0.000000,0.000000,0.000000,0.000000,0.000000,0.000000,0.000000,0.000000,0.000000,0.000000,0.000000,303.109731,395.219782,-511.947339,306.293391,400.961048,-507.181116,306.000666,401.041832,-507.146082,305.693871,401.142494,-507.162421,306.493436,400.712757,-515.579182,306.363886,400.609194,-515.714700,306.167254,400.523861,-515.786016,327.588928,432.160891,-420.630599,301.549205,430.272606,-442.987620,297.160321,388.180103,-467.684930,297.625900,387.561642,-479.375066,344.546418,393.144154,-281.806760,255.219193,393.591292,-351.270338,331.341011,343.538150,-208.398206,240.809682,311.825690,-352.747788,303.331233,284.864914,-290.905342,236.047567,244.607005,-406.331222,0.000000,252.028367,-315.752811,0.000000,231.918583,-437.566721,282.623139,252.171341,-346.893044,241.617457,233.667188,-453.430013,307.698491,277.878846,-302.850075,264.629733,237.321567,-412.585714,299.961405,306.178356,32.579994,268.924574,309.043361,-32.462083,287.689600,0.000000,61.418244,259.763417,226.397438,-115.669087,309.438751,174.274235,170.410379,254.449860,119.804040,-84.233248,305.650218,162.597785,178.534132,231.868732,112.899216,-86.841365,347.037690,154.476314,119.164245,247.032659,89.359989,-0.000000,
0.000000,0.000000,0.000000,0.000000,0.000000,0.000000,0.000000,0.000000,0.000000,0.000000,0.000000,0.000000,0.000000,0.000000,0.000000,0.000000,0.000000,0.000000,0.000000,0.000000,0.000000,0.000000,0.000000,0.000000,0.000000,0.000000,0.000000,0.000000,0.000000,0.000000,0.000000,0.000000,0.000000,0.000000,0.000000,0.000000,0.000000,0.000000,0.000000,0.000000,0.000000,0.000000,0.000000,0.000000,0.000000,0.000000,0.000000,0.000000,0.000000,0.000000,0.000000,0.000000,303.109731,395.219782,-550.135422,306.293391,400.961048,-545.660019,306.000666,401.041832,-545.618706,305.693871,401.142494,-545.633621,306.493436,400.712757,-552.459106,0.000000,400.609194,-0.000000,306.167254,400.523861,-552.674370,327.588928,398.917746,-456.024437,274.135641,397.174713,-474.629593,297.160321,388.180103,-503.985405,297.625900,387.561642,-513.616142,344.546418,393.144154,-281.806760,255.219193,393.591292,-378.291133,331.341011,343.538150,-239.025610,240.809682,311.825690,-379.882233,303.331233,284.864914,-0.000000,236.047567,244.607005,-435.354881,311.827715,252.028367,-315.752811,234.301147,210.835075,-468.821487,282.623139,252.171341,-346.893044,241.617457,212.424717,-485.817871,279.725901,254.722275,-302.850075,264.629733,215.746879,-442.056122,299.961405,328.048239,39.672226,268.924574,309.043361,-39.577166,287.689600,256.007924,140.344566,259.763417,226.397438,-130.127723,309.438751,174.274235,291.713100,254.449860,119.804040,-131.537087,305.650218,162.597785,303.845372,231.868732,112.899216,-136.780637,347.037690,154.476314,204.276336,247.032659,89.359989,-246.837227,
0.000000,0.000000,0.000000,0.000000,0.000000,0.000000,0.000000,0.000000,0.000000,0.000000,0.000000,0.000000,0.000000,0.000000,0.000000,0.000000,0.000000,0.000000,0.000000,0.000000,0.000000,0.000000,0.000000,0.000000,0.000000,0.000000,0.000000,0.000000,0.000000,0.000000,0.000000,0.000000,0.000000,0.000000,0.000000,0.000000,0.000000,0.000000,0.000000,0.000000,0.000000,0.000000,0.000000,0.000000,0.000000,0.000000,0.000000,0.000000,0.000000,0.000000,0.000000,0.000000,303.109731,395.219782,-550.135422,306.293391,400.961048,-545.660019,0.000000,401.041832,-545.618706,305.693871,0.000000,-545.633621,306.493436,400.712757,-552.459106,306.363886,400.609194,-552.604179,278.333867,400.523861,-552.674370,327.588928,398.917746,-420.630599,274.135641,397.174713,-474.629593,297.160321,388.180103,-503.985405,297.625900,387.561642,-513.616142,344.546418,393.144154,-281.806760,255.219193,393.591292,-378.291133,331.341011,317.112138,-208.398206,240.809682,311.825690,-379.882233,303.331233,261.126171,-261.954178,236.047567,222.370005,-435.354881,311.827715,252.028367,-284.485976,234.301147,210.835075,-468.821487,282.623139,252.171341,-315.234358,241.617457,212.424717,-485.817871,279.725901,254.722275,-273.939748,264.629733,215.746879,-442.056122,299.961405,328.048239,39.672226,268.924574,309.043361,-39.577166,0.000000,256.007924,114.035792,259.763417,226.397438,-159.044995,309.438751,174.274235,251.278860,254.449860,130.695316,-155.189007,305.650218,162.597785,262.074959,231.868732,112.899216,-161.750273,347.037690,154.476314,204.276336,247.032659,89.359989,-274.263585,
0.000000,0.000000,0.000000,0.000000,0.000000,0.000000,0.000000,0.000000,0.000000,0.000000,0.000000,0.000000,0.000000,0.000000,0.000000,0.000000,0.000000,0.000000,0.000000,0.000000,0.000000,0.000000,0.000000,0.000000,0.000000,0.000000,0.000000,0.000000,0.000000,0.000000,0.000000,0.000000,0.000000,0.000000,0.000000,0.000000,0.000000,0.000000,0.000000,0.000000,0.000000,0.000000,0.000000,0.000000,0.000000,0.000000,0.000000,0.000000,0.000000,0.000000,0.000000,0.000000,303.109731,362.284800,-473.759257,306.293391,400.961048,-507.181116,306.000666,401.041832,-507.146082,305.693871,401.142494,-507.162421,306.493436,367.320027,-478.699257,278.512624,400.609194,-478.825220,278.333867,400.523861,-0.000000,300.289851,398.917746,-420.630599,274.135641,397.174713,-442.987620,297.160321,388.180103,-467.684930,297.625900,387.561642,-445.133990,344.546418,393.144154,-281.806760,255.219193,363.315038,-351.270338,331.341011,317.112138,-239.025610,240.809682,311.825690,-352.747788,303.331233,261.126171,-261.954178,236.047567,222.370005,-406.331222,283.479741,252.028367,-284.485976,234.301147,210.835075,-406.311955,282.623139,252.171341,-283.575673,0.000000,212.424717,-421.042155,279.725901,254.722275,-273.939748,240.572485,215.746879,-383.115306,299.961405,328.048239,32.579994,268.924574,309.043361,-32.462083,287.689600,256.007924,61.418244,259.763417,226.397438,-115.669087,309.438751,174.274235,129.976139,254.449860,130.695316,-107.885168,305.650218,162.597785,136.763719,252.947708,123.162781,-111.811001,347.037690,154.476314,76.608200,247.032659,89.359989,-0.000000,
0.000000,0.000000,0.000000,0.000000,0.000000,0.000000,0.000000,0.000000,0.000000,0.000000,0.000000,0.000000,0.000000,0.000000,0.000000,0.000000,0.000000,0.000000,0.000000,0.000000,0.000000,0.000000,0.000000,0.000000,0.000000,0.000000,0.000000,0.000000,0.000000,0.000000,0.000000,0.000000,0.000000,0.000000,0.000000,0.000000,0.000000,0.000000,0.000000,0.000000,0.000000,0.000000,0.000000,0.000000,0.000000,0.000000,0.000000,0.000000,0.000000,0.000000,0.000000,0.000000,303.109731,362.284800,-435.571174,306.293391,367.547627,-430.223311,306.000666,0.000000,-430.200833,305.693871,367.713953,-430.220021,278.630397,0.000000,-441.819333,278.512624,367.225094,-441.935741,278.333867,367.146872,-0.000000,300.289851,398.917746,-385.236762,274.135641,397.174713,-379.703674,297.160321,355.831761,-395.083979,297.625900,355.264838,-410.892914,319.935959,393.144154,-250.439292,255.219193,363.315038,-324.249542,305.853241,317.112138,-208.398206,240.809682,285.840215,-325.613342,0.000000,261.126171,-233.003013,0.000000,222.370005,-348.283905,283.479741,252.028367,-253.219141,234.301147,210.835075,-343.802424,282.623139,252.171341,-251.916987,241.617457,191.182245,-0.000000,279.725901,254.722275,-245.029422,240.572485,215.746879,-353.644898,299.961405,328.048239,25.487762,248.238068,309.043361,-25.347000,287.689600,256.007924,35.109469,259.763417,226.397438,-86.751816,0.000000,174.274235,89.541898,254.449860,130.695316,-84.233248,305.650218,162.597785,94.993306,252.947708,123.162781,-111.811001,347.037690,154.476314,34.052154,247.032659,89.359989,-191.984510,
0.000000,0.000000,0.000000,0.000000,0.000000,0.000000,0.000000,0.000000,0.000000,0.000000,0.000000,0.000000,0.000000,0.000000,0.000000,0.000000,0.000000,0.000000,0.000000,0.000000,0.000000,0.000000,0.000000,0.000000,0.000000,0.000000,0.000000,0.000000,0.000000,0.000000,0.000000,0.000000,0.000000,0.000000,0.000000,0.000000,0.000000,0.000000,0.000000,0.000000,0.000000,0.000000,0.000000,0.000000,0.000000,0.000000,0.000000,0.000000,0.000000,0.000000,0.000000,0.000000,0.000000,362.284800,-435.571174,306.293391,367.547627,-430.223311,0.000000,367.621679,-430.200833,305.693871,367.713953,-430.220021,278.630397,367.320027,-441.819333,278.512624,367.225094,-441.935741,278.333867,367.146872,-442.009308,300.289851,365.674600,-385.236762,274.135641,364.076820,-379.703674,297.160321,355.831761,-395.083979,297.625900,355.264838,-410.892914,319.935959,362.902296,-250.439292,255.219193,363.315038,-324.249542,305.853241,317.112138,-208.398206,240.809682,285.840215,-325.613342,303.331233,261.126171,-204.051849,236.047567,222.370005,-348.283905,283.479741,229.116697,-190.685472,234.301147,189.751568,-375.057190,282.623139,229.246673,-220.258301,241.617457,191.182245,-388.654297,279.725901,231.565705,-216.119095,0.000000,194.172191,-353.644898,299.961405,328.048239,25.487762,248.238068,309.043361,-32.462083,287.689600,256.007924,35.109469,259.763417,226.397438,-86.751816,309.438751,174.274235,89.541898,254.449860,130.695316,-107.885168,305.650218,162.597785,94.993306,252.947708,112.899216,-111.811001,347.037690,154.476314,34.052154,247.032659,89.359989,-191.984510,
0.000000,0.000000,0.000000,0.000000,0.000000,0.000000,0.000000,0.000000,0.000000,0.000000,0.000000,0.000000,0.000000,0.000000,0.000000,0.000000,0.000000,0.000000,0.000000,0.000000,0.000000,0.000000,0.000000,0.000000,0.000000,0.000000,0.000000,0.000000,0.000000,0.000000,0.000000,0.000000,0.000000,0.000000,0.000000,0.000000,0.000000,0.000000,0.000000,0.000000,0.000000,0.000000,0.000000,0.000000,0.000000,0.000000,0.000000,0.000000,0.000000,0.000000,0.000000,0.000000,275.554301,362.284800,-397.383092,278.448537,367.547627,-391.744408,306.000666,367.621679,-391.728209,305.693871,367.713953,-391.748821,278.630397,367.320027,-404.939408,278.512624,367.225094,-405.046262,278.333867,367.146872,-405.120954,300.289851,365.674600,-349.842924,274.135641,364.076820,-348.061702,297.160321,355.831761,-358.783503,270.569000,355.264838,-376.651837,319.935959,362.902296,-250.439292,255.219193,363.315038,-297.228747,305.853241,317.112138,-208.398206,240.809682,285.840215,-271.344452,303.331233,237.387428,-175.100685,236.047567,222.370005,-290.236587,283.479741,229.116697,-190.685472,234.301147,189.751568,-312.547658,282.623139,0.000000,-188.599615,241.617457,191.182245,-323.878581,279.725901,231.565705,-187.208768,240.572485,194.172191,-294.704081,299.961405,306.178356,25.487762,248.238068,309.043361,-25.347000,287.689600,238.940729,35.109469,259.763417,226.397438,-72.293180,309.438751,174.274235,89.541898,254.449860,130.695316,-84.233248,305.650218,162.597785,53.222893,252.947708,112.899216,-86.841365,347.037690,154.476314,34.052154,247.032659,89.359989,-164.558151,
0.000000,0.000000,0.000000,0.000000,0.000000,0.000000,0.000000,0.000000,0.000000,0.000000,0.000000,0.000000,0.000000,0.000000,0.000000,0.000000,0.000000,0.000000,0.000000,0.000000,0.000000,0.000000,0.000000,0.000000,0.000000,0.000000,0.000000,0.000000,0.000000,0.000000,0.000000,0.000000,0.000000,0.000000,0.000000,0.000000,0.000000,0.000000,0.000000,0.000000,0.000000,0.000000,0.000000,0.000000,0.000000,0.000000,0.000000,0.000000,0.000000,0.000000,0.000000,0.000000,275.554301,329.349818,-321.006927,278.448537,334.134207,-314.786602,278.182424,334.201527,-314.782960,305.693871,334.285412,-314.806421,278.630397,333.927297,-331.179560,278.512624,333.840995,-331.267303,278.333867,333.769884,-331.344246,300.289851,365.674600,-279.055249,274.135641,364.076820,-284.777756,297.160321,323.483419,-286.182552,270.569000,355.264838,-308.169685,319.935959,0.000000,-187.704355,255.219193,363.315038,-243.187157,305.853241,290.686127,-147.143397,240.809682,285.840215,-244.210007,303.331233,237.387428,-146.149521,236.047567,222.370005,-232.189270,0.000000,229.116697,-128.151802,234.301147,189.751568,-250.038126,282.623139,229.246673,-156.940930,241.617457,191.182245,-259.102865,279.725901,231.565705,-0.000000,240.572485,194.172191,-235.763265,0.000000,328.048239,25.487762,248.238068,309.043361,-25.347000,309.819570,238.940729,8.800695,259.763417,226.397438,-28.917272,331.541519,174.274235,49.107658,254.449860,130.695316,-36.929409,0.000000,162.597785,53.222893,252.947708,123.162781,-36.902093,347.037690,144.177893,-8.503891,247.032659,89.359989,-82.279076,
0.000000,0.000000,0.000000,0.000000,0.000000,0.000000,0.000000,0.000000,0.000000,0.000000,0.000000,0.000000,0.000000,0.000000,0.000000,0.000000,0.000000,0.000000,0.000000,0.000000,0.000000,0.000000,0.000000,0.000000,0.000000,0.000000,0.000000,0.000000,0.000000,0.000000,0.000000,0.000000,0.000000,0.000000,0.000000,0.000000,0.000000,0.000000,0.000000,0.000000,0.000000,0.000000,0.000000,0.000000,0.000000,0.000000,0.000000,0.000000,0.000000,0.000000,0.000000,0.000000,275.554301,0.000000,-359.195009,278.448537,334.134207,-353.265505,278.182424,334.201527,-353.255584,305.693871,334.285412,-353.277621,278.630397,0.000000,-368.059484,278.512624,333.840995,-368.156782,278.333867,333.769884,-368.232600,300.289851,365.674600,-314.449087,274.135641,364.076820,-0.000000,297.160321,323.483419,-322.483028,270.569000,322.968035,-342.410761,319.935959,362.902296,-187.704355,255.219193,363.315038,-270.207952,305.853241,290.686127,-177.770801,0.000000,285.840215,-244.210007,275.755666,237.387428,-175.100685,236.047567,200.133004,-261.212929,283.479741,229.116697,-190.685472,234.301147,189.751568,-281.292892,282.623139,229.246673,-188.599615,241.617457,191.182245,-291.490723,279.725901,231.565705,-187.208768,240.572485,194.172191,-265.233673,299.961405,328.048239,18.395530,248.238068,331.117887,-0.000000,287.689600,238.940729,-43.816853,259.763417,226.397438,-43.375908,287.335983,151.037670,-31.760823,296.858170,163.369145,-60.581328,283.818059,140.918080,-30.317933,0.000000,153.953476,-61.871729,297.460877,123.581051,-136.172028,291.947688,116.167986,-137.131793,
0.000000,0.000000,0.000000,0.000000,0.000000,0.000000,0.000000,0.000000,0.000000,0.000000,0.000000,0.000000,0.000000,0.000000,0.000000,0.000000,0.000000,0.000000,0.000000,0.000000,0.000000,0.000000,0.000000,0.000000,0.000000,0.000000,0.000000,0.000000,0.000000,0.000000,0.000000,0.000000,0.000000,0.000000,0.000000,0.000000,0.000000,0.000000,0.000000,0.000000,0.000000,0.000000,0.000000,0.000000,0.000000,0.000000,0.000000,0.000000,0.000000,0.000000,0.000000,0.000000,275.554301,329.349818,-321.006927,278.448537,334.134207,-314.786602,278.182424,334.201527,-314.782960,305.693871,334.285412,-314.806421,278.630397,333.927297,-331.179560,278.512624,333.840995,-331.267303,278.333867,333.769884,-331.344246,300.289851,0.000000,-279.055249,274.135641,364.076820,-284.777756,297.160321,323.483419,-286.182552,270.569000,322.968035,-308.169685,319.935959,362.902296,-187.704355,255.219193,363.315038,-243.187157,305.853241,290.686127,-177.770801,240.809682,285.840215,-244.210007,275.755666,237.387428,-175.100685,236.047567,200.133004,-232.189270,283.479741,206.205028,-190.685472,234.301147,189.751568,-250.038126,282.623139,206.322006,-188.599615,241.617457,169.939773,-291.490723,279.725901,208.409134,-187.208768,240.572485,194.172191,-265.233673,299.961405,328.048239,18.395530,248.238068,331.117887,-18.231917,287.689600,238.940729,-17.508079,259.763417,226.397438,-43.375908,309.438751,162.655953,8.673418,275.654015,141.586592,-60.581328,305.650218,151.757933,-30.317933,274.026684,133.426346,-61.871729,322.249283,133.879472,-51.059937,291.947688,107.231987,-137.131793,
0.000000,0.000000,0.000000,0.000000,0.000000,0.000000,0.000000,0.000000,0.000000,0.000000,0.000000,0.000000,0.000000,0.000000,0.000000,0.000000,0.000000,0.000000,0.000000,0.000000,0.000000,0.000000,0.000000,0.000000,0.000000,0.000000,0.000000,0.000000,0.000000,0.000000,0.000000,0.000000,0.000000,0.000000,0.000000,0.000000,0.000000,0.000000,0.000000,0.000000,0.000000,0.000000,0.000000,0.000000,0.000000,0.000000,0.000000,0.000000,0.000000,0.000000,0.000000,0.000000,275.554301,329.349818,-435.571174,278.448537,334.134207,-468.702213,278.182424,334.201527,-468.673457,305.693871,334.285412,-468.691221,278.630397,333.927297,-441.819333,278.512624,333.840995,-441.935741,278.333867,333.769884,-442.009308,300.289851,0.000000,-420.630599,274.135641,330.978927,-411.345647,297.160321,323.483419,-431.384454,270.569000,322.968035,-410.892914,319.935959,332.660438,-281.806760,255.219193,363.315038,-0.000000,305.853241,290.686127,-239.025610,240.809682,285.840215,-298.478897,0.000000,213.648685,-261.954178,236.047567,200.133004,-0.000000,283.479741,206.205028,-284.485976,234.301147,168.668060,-343.802424,282.623139,206.322006,-283.575673,241.617457,169.939773,-388.654297,279.725901,208.409134,-273.939748,240.572485,194.172191,-324.174489,299.961405,328.048239,18.395530,248.238068,331.117887,-18.231917,287.689600,238.940729,-17.508079,259.763417,226.397438,-57.834544,309.438751,162.655953,8.673418,254.449860,141.586592,-36.929409,305.650218,151.757933,11.452480,252.947708,133.426346,-36.902093,322.249283,144.177893,-51.059937,269.490174,107.231987,-137.131793,
0.000000,0.000000,0.000000,0.000000,0.000000,0.000000,0.000000,0.000000,0.000000,0.000000,0.000000,0.000000,0.000000,0.000000,0.000000,0.000000,0.000000,0.000000,0.000000,0.000000,0.000000,0.000000,0.000000,0.000000,0.000000,0.000000,0.000000,0.000000,0.000000,0.000000,0.000000,0.000000,0.000000,0.000000,0.000000,0.000000,0.000000,0.000000,0.000000,0.000000,0.000000,0.000000,0.000000,0.000000,0.000000,0.000000,0.000000,0.000000,0.000000,0.000000,0.000000,0.000000,275.554301,329.349818,-397.383092,278.448537,334.134207,-391.744408,278.182424,334.201527,-391.728209,277.903519,334.285412,-391.748821,278.630397,333.927297,-404.939408,278.512624,333.840995,-405.046262,278.333867,333.769884,-405.120954,300.289851,332.431455,-385.236762,274.135641,330.978927,-379.703674,297.160321,323.483419,-358.783503,270.569000,322.968035,-376.651837,319.935959,0.000000,-250.439292,255.219193,333.038785,-297.228747,305.853241,290.686127,-208.398206,240.809682,259.854741,-271.344452,275.755666,213.648685,-233.003013,236.047567,200.133004,-290.236587,283.479741,206.205028,-253.219141,234.301147,0.000000,-312.547658,282.623139,206.322006,-283.575673,241.617457,169.939773,-323.878581,279.725901,208.409134,-245.029422,240.572485,194.172191,-294.704081,299.961405,0.000000,18.395530,248.238068,331.117887,-18.231917,287.689600,238.940729,-17.508079,259.763417,226.397438,-57.834544,309.438751,162.655953,8.673418,254.449860,130.695316,-60.581328,305.650218,151.757933,11.452480,252.947708,133.426346,-61.871729,347.037690,144.177893,-93.615982,269.490174,107.231987,-137.131793,
0.000000,0.000000,0.000000,0.000000,0.000000,0.000000,0.000000,0.000000,0.000000,0.000000,0.000000,0.000000,0.000000,0.000000,0.000000,0.000000,0.000000,0.000000,0.000000,0.000000,0.000000,0.000000,0.000000,0.000000,0.000000,0.000000,0.000000,0.000000,0.000000,0.000000,0.000000,0.000000,0.000000,0.000000,0.000000,0.000000,0.000000,0.000000,0.000000,0.000000,0.000000,0.000000,0.000000,0.000000,0.000000,0.000000,0.000000,0.000000,0.000000,0.000000,0.000000,0.000000,275.554301,329.349818,-435.571174,278.448537,334.134207,-0.000000,278.182424,334.201527,-430.200833,277.903519,334.285412,-430.220021,278.630397,333.927297,-441.819333,278.512624,333.840995,-441.935741,278.333867,333.769884,-442.009308,300.289851,332.431455,-385.236762,274.135641,330.978927,-411.345647,297.160321,323.483419,-395.083979,270.569000,322.968035,-410.892914,319.935959,332.660438,-281.806760,255.219193,333.038785,-324.249542,305.853241,290.686127,-0.000000,240.809682,259.854741,-298.478897,275.755666,213.648685,-233.003013,236.047567,200.133004,-319.260246,283.479741,206.205028,-253.219141,234.301147,168.668060,-343.802424,282.623139,206.322006,-283.575673,241.617457,169.939773,-356.266439,279.725901,208.409134,-245.029422,240.572485,172.597503,-324.174489,276.887451,328.048239,18.395530,248.238068,309.043361,-18.231917,287.689600,238.940729,-43.816853,259.763417,226.397438,-86.751816,331.541519,162.655953,8.673418,275.654015,141.586592,-60.581328,305.650218,140.918080,11.452480,274.026684,133.426346,-61.871729,322.249283,133.879472,-93.615982,291.947688,116.167986,-137.131793,
0.000000,0.000000,0.000000,0.000000,0.000000,0.000000,0.000000,0.000000,0.000000,0.000000,0.000000,0.000000,0.000000,0.000000,0.000000,0.000000,0.000000,0.000000,0.000000,0.000000,0.000000,0.000000,0.000000,0.000000,0.000000,0.000000,0.000000,0.000000,0.000000,0.000000,0.000000,0.000000,0.000000,0.000000,0.000000,0.000000,0.000000,0.000000,0.000000,0.000000,0.000000,0.000000,0.000000,0.000000,0.000000,0.000000,0.000000,0.000000,0.000000,0.000000,0.000000,0.000000,0.000000,329.349818,-397.383092,0.000000,334.134207,-430.223311,278.182424,334.201527,-430.200833,277.903519,334.285412,-430.220021,278.630397,333.927297,-404.939408,278.512624,333.840995,-405.046262,278.333867,333.769884,-405.120954,300.289851,332.431455,-385.236762,274.135641,330.978927,-411.345647,270.145747,323.483419,-395.083979,270.569000,0.000000,-0.000000,319.935959,332.660438,-250.439292,255.219193,333.038785,-297.228747,305.853241,264.260115,-239.025610,240.809682,259.854741,-271.344452,275.755666,213.648685,-233.003013,0.000000,0.000000,-290.236587,283.479741,206.205028,-253.219141,234.301147,168.668060,-312.547658,254.360825,0.000000,-0.000000,241.617457,169.939773,-323.878581,251.753311,208.409134,-245.029422,240.572485,172.597503,-294.704081,299.961405,328.048239,18.395530,268.924574,331.117887,-0.000000,287.689600,238.940729,-43.816853,279.745219,226.397438,-57.834544,309.438751,162.655953,-31.760823,275.654015,152.477869,-13.277489,305.650218,140.918080,-30.317933,295.105659,153.953476,-11.932457,322.249283,123.581051,-93.615982,291.947688,116.167986,-109.705434,
0.000000,0.000000,0.000000,0.000000,0.000000,0.000000,0.000000,0.000000,0.000000,0.000000,0.000000,0.000000,0.000000,0.000000,0.000000,0.000000,0.000000,0.000000,0.000000,0.000000,0.000000,0.000000,0.000000,0.000000,0.000000,0.000000,0.000000,0.000000,0.000000,0.000000,0.000000,0.000000,0.000000,0.000000,0.000000,0.000000,0.000000,0.000000,0.000000,0.000000,0.000000,0.000000,0.000000,0.000000,0.000000,0.000000,0.000000,0.000000,0.000000,0.000000,0.000000,0.000000,275.554301,329.349818,-511.947339,278.448537,334.134207,-507.181116,278.182424,334.201527,-507.146082,277.903519,334.285412,-507.162421,278.630397,333.927297,-515.579182,278.512624,333.840995,-515.714700,278.333867,333.769884,-515.786016,300.289851,332.431455,-456.024437,274.135641,330.978927,-442.987620,270.145747,323.483419,-467.684930,270.569000,322.968035,-479.375066,319.935959,332.660438,-313.174229,255.219193,333.038785,-351.270338,305.853241,264.260115,-269.653015,240.809682,259.854741,-298.478897,275.755666,213.648685,-290.905342,236.047567,0.000000,-319.260246,283.479741,206.205028,-315.752811,234.301147,168.668060,-343.802424,282.623139,206.322006,-315.234358,241.617457,169.939773,-356.266439,279.725901,208.409134,-302.850075,240.572485,172.597503,-324.174489,299.961405,328.048239,0.000000,268.924574,331.117887,-18.231917,309.819570,238.940729,-43.816853,259.763417,226.397438,-101.210452,309.438751,162.655953,8.673418,254.449860,141.586592,-36.929409,305.650218,151.757933,11.452480,274.026684,133.426346,-36.902093,347.037690,144.177893,-93.615982,291.947688,116.167986,-164.558151,
0.000000,0.000000,0.000000,0.000000,0.000000,0.000000,0.000000,0.000000,0.000000,0.000000,0.000000,0.000000,0.000000,0.000000,0.000000,0.000000,0.000000,0.000000,0.000000,0.000000,0.000000,0.000000,0.000000,0.000000,0.000000,0.000000,0.000000,0.000000,0.000000,0.000000,0.000000,0.000000,0.000000,0.000000,0.000000,0.000000,0.000000,0.000000,0.000000,0.000000,0.000000,0.000000,0.000000,0.000000,0.000000,0.000000,0.000000,0.000000,0.000000,0.000000,0.000000,0.000000,275.554301,329.349818,-473.759257,278.448537,334.134207,-468.702213,278.182424,334.201527,-468.673457,277.903519,334.285412,-468.691221,278.630397,333.927297,-478.699257,278.512624,333.840995,-478.825220,278.333867,333.769884,-478.897662,0.000000,332.431455,-420.630599,274.135641,330.978927,-411.345647,270.145747,323.483419,-431.384454,270.569000,322.968035,-445.133990,319.935959,332.660438,-281.806760,255.219193,333.038785,-324.249542,305.853241,264.260115,-269.653015,240.809682,259.854741,-298.478897,0.000000,213.648685,-290.905342,236.047567,200.133004,-319.260246,283.479741,206.205028,-284.485976,0.000000,168.668060,-343.802424,282.623139,206.322006,-315.234358,241.617457,169.939773,-356.266439,279.725901,208.409134,-273.939748,240.572485,172.597503,-324.174489,299.961405,306.178356,11.303298,268.924574,309.043361,-11.116834,309.819570,238.940729,-0.000000,259.763417,226.397438,-115.669087,331.541519,162.655953,8.673418,254.449860,141.586592,-84.233248,327.482376,151.757933,11.452480,252.947708,123.162781,-86.841365,347.037690,144.177893,-93.615982,269.490174,116.167986,-191.984510,
0.000000,0.000000,0.000000,0.000000,0.000000,0.000000,0.000000,0.000000,0.000000,0.000000,0.000000,0.000000,0.000000,0.000000,0.000000,0.000000,0.000000,0.000000,0.000000,0.000000,0.000000,0.000000,0.000000,0.000000,0.000000,0.000000,0.000000,0.000000,0.000000,0.000000,0.000000,0.000000,0.000000,0.000000,0.000000,0.000000,0.000000,0.000000,0.000000,0.000000,0.000000,0.000000,0.000000,0.000000,0.000000,0.000000,0.000000,0.000000,0.000000,0.000000,0.000000,0.000000,275.554301,296.414836,-435.571174,278.448537,300.720786,-468.702213,278.182424,300.781374,-468.673457,277.903519,300.856871,-468.691221,278.630397,300.534568,-441.819333,250.661362,300.456895,-441.935741,250.500481,300.392896,-442.009308,272.990773,332.431455,-420.630599,246.722077,330.978927,-411.345647,270.145747,323.483419,-431.384454,270.569000,322.968035,-410.892914,319.935959,332.660438,-313.174229,255.219193,333.038785,-297.228747,305.853241,0.000000,-269.653015,240.809682,259.854741,-271.344452,0.000000,213.648685,-261.954178,236.047567,177.896004,-290.236587,283.479741,206.205028,-284.485976,234.301147,168.668060,-312.547658,254.360825,206.322006,-315.234358,241.617457,0.000000,-323.878581,251.753311,208.409134,-273.939748,240.572485,172.597503,-294.704081,299.961405,328.048239,4.211065,268.924574,0.000000,-4.001751,287.689600,238.940729,-70.125628,259.763417,242.568684,-72.293180,309.438751,162.655953,-31.760823,275.654015,141.586592,-13.277489,327.482376,151.757933,-30.317933,274.026684,133.426346,-11.932457,322.249283,133.879472,-93.615982,269.490174,116.167986,-109.705434,
0.000000,0.000000,0.000000,0.000000,0.000000,0.000000,0.000000,0.000000,0.000000,0.000000,0.000000,0.000000,0.000000,0.000000,0.000000,0.000000,0.000000,0.000000,0.000000,0.000000,0.000000,0.000000,0.000000,0.000000,0.000000,0.000000,0.000000,0.000000,0.000000,0.000000,0.000000,0.000000,0.000000,0.000000,0.000000,0.000000,0.000000,0.000000,0.000000,0.000000,0.000000,0.000000,0.000000,0.000000,0.000000,0.000000,0.000000,0.000000,0.000000,0.000000,0.000000,0.000000,275.554301,329.349818,-0.000000,278.448537,300.720786,-507.181116,278.182424,300.781374,-507.146082,277.903519,300.856871,-507.162421,278.630397,300.534568,-0.000000,250.661362,333.840995,-478.825220,250.500481,333.769884,-478.897662,272.990773,332.431455,-456.024437,246.722077,330.978927,-442.987620,270.145747,323.483419,-467.684930,270.569000,322.968035,-445.133990,319.935959,332.660438,-313.174229,255.219193,333.038785,-324.249542,305.853241,0.000000,-269.653015,240.809682,259.854741,-271.344452,275.755666,213.648685,-290.905342,236.047567,177.896004,-290.236587,283.479741,206.205028,-284.485976,234.301147,168.668060,-312.547658,254.360825,206.322006,-315.234358,241.617457,169.939773,-356.266439,251.753311,208.409134,-302.850075,240.572485,172.597503,-324.174489,299.961405,328.048239,4.211065,268.924574,331.117887,-4.001751,309.819570,238.940729,-43.816853,259.763417,226.397438,-86.751816,331.541519,162.655953,8.673418,254.449860,141.586592,-13.277489,327.482376,151.757933,11.452480,274.026684,123.162781,-11.932457,347.037690,144.177893,-93.615982,269.490174,0.000000,-137.131793,
0.000000,0.000000,0.000000,0.000000,0.000000,0.000000,0.000000,0.000000,0.000000,0.000000,0.000000,0.000000,0.000000,0.000000,0.000000,0.000000,0.000000,0.000000,0.000000,0.000000,0.000000,0.000000,0.000000,0.000000,0.000000,0.000000,0.000000,0.000000,0.000000,0.000000,0.000000,0.000000,0.000000,0.000000,0.000000,0.000000,0.000000,0.000000,0.000000,0.000000,0.000000,0.000000,0.000000,0.000000,0.000000,0.000000,0.000000,0.000000,0.000000,0.000000,0.000000,0.000000,275.554301,296.414836,-397.383092,278.448537,300.720786,-430.223311,278.182424,300.781374,-430.200833,277.903519,300.856871,-430.220021,278.630397,300.534568,-404.939408,250.661362,300.456895,-405.046262,250.500481,300.392896,-405.120954,272.990773,332.431455,-385.236762,246.722077,330.978927,-379.703674,270.145747,323.483419,-395.083979,270.569000,322.968035,-0.000000,319.935959,332.660438,-281.806760,255.219193,333.038785,-297.228747,305.853241,264.260115,-269.653015,240.809682,259.854741,-244.210007,275.755666,213.648685,-261.954178,236.047567,177.896004,-261.212929,283.479741,206.205028,-284.485976,234.301147,168.668060,-281.292892,254.360825,206.322006,-283.575673,241.617457,169.939773,-291.490723,251.753311,208.409134,-273.939748,240.572485,172.597503,-265.233673,0.000000,328.048239,4.211065,268.924574,331.117887,-4.001751,309.819570,238.940729,-70.125628,259.763417,0.000000,-86.751816,331.541519,162.655953,-31.760823,254.449860,141.586592,-36.929409,327.482376,162.597785,-0.000000,252.947708,133.426346,-36.902093,347.037690,144.177893,-93.615982,247.032659,107.231987,-137.131793,
0.000000,0.000000,0.000000,0.000000,0.000000,0.000000,0.000000,0.000000,0.000000,0.000000,0.000000,0.000000,0.000000,0.000000,0.000000,0.000000,0.000000,0.000000,0.000000,0.000000,0.000000,0.000000,0.000000,0.000000,0.000000,0.000000,0.000000,0.000000,0.000000,0.000000,0.000000,0.000000,0.000000,0.000000,0.000000,0.000000,0.000000,0.000000,0.000000,0.000000,0.000000,0.000000,0.000000,0.000000,0.000000,0.000000,0.000000,0.000000,0.000000,0.000000,0.000000,0.000000,275.554301,296.414836,-282.818844,0.000000,300.720786,-314.786602,278.182424,300.781374,-314.782960,277.903519,300.856871,-314.806421,278.630397,300.534568,-294.299635,250.661362,300.456895,-294.377824,250.500481,300.392896,-294.455892,272.990773,332.431455,-314.449087,246.722077,330.978927,-316.419729,270.145747,323.483419,-0.000000,270.569000,322.968035,-273.928609,319.935959,332.660438,-0.000000,255.219193,333.038785,-243.187157,280.365471,264.260115,-208.398206,240.809682,259.854741,-217.075562,275.755666,213.648685,-233.003013,236.047567,200.133004,-232.189270,255.131767,206.205028,-221.952306,234.301147,189.751568,-250.038126,254.360825,206.322006,-251.916987,241.617457,191.182245,-0.000000,251.753311,208.409134,-216.119095,240.572485,194.172191,-235.763265,299.961405,328.048239,4.211065,268.924574,331.117887,-4.001751,309.819570,238.940729,-70.125628,259.763417,242.568684,-86.751816,331.541519,162.655953,-31.760823,254.449860,141.586592,-60.581328,327.482376,162.597785,-30.317933,252.947708,133.426346,-61.871729,347.037690,144.177893,-93.615982,247.032659,107.231987,-137.131793,
0.000000,0.000000,0.000000,0.000000,0.000000,0.000000,0.000000,0.000000,0.000000,0.000000,0.000000,0.000000,0.000000,0.000000,0.000000,0.000000,0.000000,0.000000,0.000000,0.000000,0.000000,0.000000,0.000000,0.000000,0.000000,0.000000,0.000000,0.000000,0.000000,0.000000,0.000000,0.000000,0.000000,0.000000,0.000000,0.000000,0.000000,0.000000,0.000000,0.000000,0.000000,0.000000,0.000000,0.000000,0.000000,0.000000,0.000000,0.000000,0.000000,0.000000,0.000000,0.000000,275.554301,296.414836,-130.066514,278.448537,300.720786,-160.870991,278.182424,300.781374,-160.892463,277.903519,300.856871,-160.921621,278.630397,300.534568,-146.779938,278.512624,300.456895,-146.819906,278.333867,300.392896,-146.902477,272.990773,332.431455,-208.267574,274.135641,297.881035,-221.493810,270.145747,323.483419,-140.980650,270.569000,322.968035,-136.964305,295.325501,332.660438,-219.071823,306.263031,333.038785,-189.145566,280.365471,264.260115,-208.398206,288.971618,259.854741,-162.806671,275.755666,213.648685,-204.051849,259.652323,200.133004,-174.141952,255.131767,206.205028,-190.685472,0.000000,189.751568,-187.528595,254.360825,206.322006,-220.258301,265.779203,191.182245,-0.000000,251.753311,208.409134,-187.208768,264.629733,215.746879,-176.822449,276.887451,328.048239,-9.973399,289.611079,331.117887,10.228415,287.689600,238.940729,-96.434402,259.763417,242.568684,-57.834544,331.541519,162.655953,-72.195063,275.654015,152.477869,-36.929409,327.482376,162.597785,-72.088346,274.026684,143.689911,-61.871729,322.249283,113.282630,-136.172028,269.490174,116.167986,-109.705434,
0.000000,0.000000,0.000000,0.000000,0.000000,0.000000,0.000000,0.000000,0.000000,0.000000,0.000000,0.000000,0.000000,0.000000,0.000000,0.000000,0.000000,0.000000,0.000000,0.000000,0.000000,0.000000,0.000000,0.000000,0.000000,0.000000,0.000000,0.000000,0.000000,0.000000,0.000000,0.000000,0.000000,0.000000,0.000000,0.000000,0.000000,0.000000,0.000000,0.000000,0.000000,0.000000,0.000000,0.000000,0.000000,0.000000,0.000000,0.000000,0.000000,0.000000,0.000000,0.000000,275.554301,296.414836,-244.630762,278.448537,300.720786,-237.828797,278.182424,300.781374,-237.837711,277.903519,300.856871,-237.864021,278.630397,300.534568,-257.419711,278.512624,300.456895,-257.488344,278.333867,300.392896,-257.567539,272.990773,332.431455,-279.055249,274.135641,297.881035,-284.777756,270.145747,323.483419,-249.882077,270.569000,322.968035,-239.687533,295.325501,332.660438,-219.071823,280.741112,302.762532,-216.166362,280.365471,264.260115,-208.398206,264.890650,233.869267,-189.941116,275.755666,213.648685,-204.051849,259.652323,200.133004,-174.141952,255.131767,206.205028,-221.952306,257.731262,189.751568,-187.528595,254.360825,206.322006,-220.258301,265.779203,191.182245,-194.327148,251.753311,208.409134,-216.119095,264.629733,194.172191,-176.822449,276.887451,328.048239,-2.881167,289.611079,309.043361,3.113332,287.689600,238.940729,-96.434402,279.745219,242.568684,-57.834544,309.438751,151.037670,-0.000000,296.858170,152.477869,-13.277489,327.482376,140.918080,-0.000000,295.105659,153.953476,-11.932457,322.249283,113.282630,-136.172028,291.947688,116.167986,-82.279076,
0.000000,0.000000,0.000000,0.000000,0.000000,0.000000,0.000000,0.000000,0.000000,0.000000,0.000000,0.000000,0.000000,0.000000,0.000000,0.000000,0.000000,0.000000,0.000000,0.000000,0.000000,0.000000,0.000000,0.000000,0.000000,0.000000,0.000000,0.000000,0.000000,0.000000,0.000000,0.000000,0.000000,0.000000,0.000000,0.000000,0.000000,0.000000,0.000000,0.000000,0.000000,0.000000,0.000000,0.000000,0.000000,0.000000,0.000000,0.000000,0.000000,0.000000,0.000000,0.000000,0.000000,296.414836,-244.630762,278.448537,300.720786,-276.307699,278.182424,300.781374,-276.310336,277.903519,0.000000,-276.335221,278.630397,300.534568,-257.419711,278.512624,300.456895,-0.000000,278.333867,300.392896,-257.567539,272.990773,332.431455,-279.055249,274.135641,297.881035,-284.777756,270.145747,323.483419,-249.882077,270.569000,322.968035,-239.687533,295.325501,332.660438,-219.071823,280.741112,302.762532,-216.166362,280.365471,264.260115,-208.398206,264.890650,233.869267,-189.941116,275.755666,0.000000,-204.051849,259.652323,200.133004,-145.118294,255.131767,206.205028,-221.952306,257.731262,189.751568,-156.273829,254.360825,206.322006,-0.000000,265.779203,212.424717,-161.939290,251.753311,208.409134,-0.000000,264.629733,215.746879,-147.352041,276.887451,328.048239,-2.881167,289.611079,309.043361,3.113332,287.689600,238.940729,-70.125628,279.745219,242.568684,-0.000000,309.438751,139.419388,-31.760823,296.858170,163.369145,-36.929409,305.650218,130.078228,-30.317933,316.184635,153.953476,-36.902093,297.460877,102.984209,-136.172028,291.947688,116.167986,-109.705434,
0.000000,0.000000,0.000000,0.000000,0.000000,0.000000,0.000000,0.000000,0.000000,0.000000,0.000000,0.000000,0.000000,0.000000,0.000000,0.000000,0.000000,0.000000,0.000000,0.000000,0.000000,0.000000,0.000000,0.000000,0.000000,0.000000,0.000000,0.000000,0.000000,0.000000,0.000000,0.000000,0.000000,0.000000,0.000000,0.000000,0.000000,0.000000,0.000000,0.000000,0.000000,0.000000,0.000000,0.000000,0.000000,0.000000,0.000000,0.000000,0.000000,0.000000,0.000000,0.000000,275.554301,296.414836,-282.818844,278.448537,300.720786,-314.786602,278.182424,300.781374,-314.782960,277.903519,300.856871,-314.806421,278.630397,300.534568,-294.299635,278.512624,300.456895,-294.377824,278.333867,300.392896,-294.455892,0.000000,299.188309,-314.449087,274.135641,330.978927,-284.777756,270.145747,291.135077,-286.182552,270.569000,322.968035,-273.928609,295.325501,332.660438,-250.439292,280.741112,302.762532,-243.187157,0.000000,264.260115,-208.398206,0.000000,233.869267,-189.941116,275.755666,213.648685,-204.051849,259.652323,200.133004,-145.118294,255.131767,206.205028,-221.952306,257.731262,189.751568,-156.273829,254.360825,206.322006,-251.916987,265.779203,191.182245,-161.939290,251.753311,208.409134,-216.119095,264.629733,215.746879,-147.352041,299.961405,328.048239,4.211065,0.000000,309.043361,-4.001751,309.819570,238.940729,-70.125628,279.745219,226.397438,-101.210452,331.541519,162.655953,-31.760823,254.449860,141.586592,-84.233248,327.482376,151.757933,-30.317933,252.947708,133.426346,-0.000000,347.037690,133.879472,-93.615982,247.032659,98.295988,-191.984510,
0.000000,0.000000,0.000000,0.000000,0.000000,0.000000,0.000000,0.000000,0.000000,0.000000,0.000000,0.000000,0.000000,0.000000,0.000000,0.000000,0.000000,0.000000,0.000000,0.000000,0.000000,0.000000,0.000000,0.000000,0.000000,0.000000,0.000000,0.000000,0.000000,0.000000,0.000000,0.000000,0.000000,0.000000,0.000000,0.000000,0.000000,0.000000,0.000000,0.000000,0.000000,0.000000,0.000000,0.000000,0.000000,0.000000,0.000000,0.000000,0.000000,0.000000,0.000000,0.000000,275.554301,296.414836,-282.818844,278.448537,300.720786,-314.786602,278.182424,300.781374,-314.782960,277.903519,300.856871,-314.806421,278.630397,300.534568,-294.299635,278.512624,300.456895,-294.377824,278.333867,300.392896,-294.455892,272.990773,332.431455,-314.449087,0.000000,330.978927,-316.419729,270.145747,323.483419,-0.000000,270.569000,322.968035,-273.928609,295.325501,332.660438,-219.071823,280.741112,302.762532,-243.187157,280.365471,264.260115,-177.770801,264.890650,233.869267,-189.941116,275.755666,213.648685,-204.051849,259.652323,200.133004,-145.118294,255.131767,206.205028,-221.952306,257.731262,189.751568,-156.273829,254.360825,206.322006,-220.258301,265.779203,191.182245,-161.939290,251.753311,208.409134,-216.119095,264.629733,215.746879,-147.352041,299.961405,328.048239,11.303298,268.924574,309.043361,-0.000000,309.819570,238.940729,-70.125628,259.763417,226.397438,-101.210452,331.541519,162.655953,-31.760823,254.449860,141.586592,-84.233248,0.000000,151.757933,-30.317933,252.947708,123.162781,-86.841365,347.037690,133.879472,-93.615982,247.032659,98.295988,-164.558151,
0.000000,0.000000,0.000000,0.000000,0.000000,0.000000,0.000000,0.000000,0.000000,0.000000,0.000000,0.000000,0.000000,0.000000,0.000000,0.000000,0.000000,0.000000,0.000000,0.000000,0.000000,0.000000,0.000000,0.000000,0.000000,0.000000,0.000000,0.000000,0.000000,0.000000,0.000000,0.000000,0.000000,0.000000,0.000000,0.000000,0.000000,0.000000,0.000000,0.000000,0.000000,0.000000,0.000000,0.000000,0.000000,0.000000,0.000000,0.000000,0.000000,0.000000,0.000000,0.000000,275.554301,296.414836,-282.818844,278.448537,300.720786,-314.786602,278.182424,300.781374,-314.782960,277.903519,300.856871,-314.806421,278.630397,300.534568,-294.299635,278.512624,300.456895,-294.377824,278.333867,300.392896,-294.455892,272.990773,332.431455,-314.449087,274.135641,330.978927,-316.419729,270.145747,323.483419,-286.182552,270.569000,322.968035,-273.928609,295.325501,332.660438,-219.071823,280.741112,302.762532,-243.187157,280.365471,264.260115,-208.398206,264.890650,233.869267,-189.941116,248.180099,213.648685,-204.051849,259.652323,200.133004,-145.118294,255.131767,206.205028,-221.952306,257.731262,189.751568,-125.019063,254.360825,206.322006,-220.258301,265.779203,191.182245,-161.939290,251.753311,208.409134,-216.119095,264.629733,215.746879,-147.352041,299.961405,328.048239,11.303298,268.924574,309.043361,-11.116834,309.819570,221.873534,-96.434402,259.763417,226.397438,-130.127723,331.541519,162.655953,-31.760823,254.449860,130.695316,-131.537087,327.482376,162.597785,-30.317933,252.947708,112.899216,-136.780637,347.037690,133.879472,-93.615982,247.032659,89.359989,-219.410868,
0.000000,0.000000,0.000000,0.000000,0.000000,0.000000,0.000000,0.000000,0.000000,0.000000,0.000000,0.000000,0.000000,0.000000,0.000000,0.000000,0.000000,0.000000,0.000000,0.000000,0.000000,0.000000,0.000000,0.000000,0.000000,0.000000,0.000000,0.000000,0.000000,0.000000,0.000000,0.000000,0.000000,0.000000,0.000000,0.000000,0.000000,0.000000,0.000000,0.000000,0.000000,0.000000,0.000000,0.000000,0.000000,0.000000,0.000000,0.000000,0.000000,0.000000,0.000000,0.000000,275.554301,296.414836,-282.818844,278.448537,300.720786,-314.786602,278.182424,300.781374,-314.782960,277.903519,300.856871,-314.806421,278.630397,300.534568,-331.179560,278.512624,300.456895,-331.267303,278.333867,300.392896,-331.344246,272.990773,332.431455,-314.449087,274.135641,330.978927,-316.419729,270.145747,323.483419,-286.182552,270.569000,322.968035,-308.169685,295.325501,332.660438,-219.071823,280.741112,302.762532,-0.000000,280.365471,264.260115,-208.398206,264.890650,233.869267,-189.941116,248.180099,0.000000,-204.051849,259.652323,200.133004,-145.118294,255.131767,206.205028,-221.952306,257.731262,189.751568,-156.273829,254.360825,206.322006,-251.916987,265.779203,212.424717,-161.939290,251.753311,208.409134,-216.119095,264.629733,215.746879,-147.352041,299.961405,328.048239,11.303298,268.924574,309.043361,-11.116834,309.819570,221.873534,-70.125628,259.763417,226.397438,-115.669087,309.438751,151.037670,-31.760823,254.449860,130.695316,-107.885168,327.482376,151.757933,-30.317933,252.947708,123.162781,-111.811001,322.249283,123.581051,-93.615982,247.032659,89.359989,-191.984510,
0.000000,0.000000,0.000000,0.000000,0.000000,0.000000,0.000000,0.000000,0.000000,0.000000,0.000000,0.000000,0.000000,0.000000,0.000000,0.000000,0.000000,0.000000,0.000000,0.000000,0.000000,0.000000,0.000000,0.000000,0.000000,0.000000,0.000000,0.000000,0.000000,0.000000,0.000000,0.000000,0.000000,0.000000,0.000000,0.000000,0.000000,0.000000,0.000000,0.000000,0.000000,0.000000,0.000000,0.000000,0.000000,0.000000,0.000000,0.000000,0.000000,0.000000,0.000000,0.000000,275.554301,296.414836,-359.195009,278.448537,300.720786,-391.744408,278.182424,300.781374,-391.728209,277.903519,300.856871,-391.748821,278.630397,300.534568,-368.059484,278.512624,300.456895,-368.156782,278.333867,0.000000,-368.232600,272.990773,332.431455,-349.842924,274.135641,330.978927,-348.061702,270.145747,323.483419,-358.783503,270.569000,322.968035,-342.410761,295.325501,332.660438,-250.439292,280.741112,302.762532,-243.187157,280.365471,264.260115,-177.770801,264.890650,233.869267,-0.000000,248.180099,237.387428,-204.051849,259.652323,200.133004,-116.094635,255.131767,206.205028,-221.952306,257.731262,210.835075,-125.019063,254.360825,206.322006,-251.916987,265.779203,212.424717,-129.551432,251.753311,208.409134,-216.119095,264.629733,215.746879,-117.881633,0.000000,306.178356,18.395530,0.000000,309.043361,-18.231917,309.819570,221.873534,-70.125628,259.763417,226.397438,-144.586359,309.438751,0.000000,8.673418,254.449860,130.695316,-131.537087,327.482376,162.597785,11.452480,0.000000,123.162781,-0.000000,347.037690,133.879472,-51.059937,247.032659,89.359989,-219.410868,
0.000000,0.000000,0.000000,0.000000,0.000000,0.000000,0.000000,0.000000,0.000000,0.000000,0.000000,0.000000,0.000000,0.000000,0.000000,0.000000,0.000000,0.000000,0.000000,0.000000,0.000000,0.000000,0.000000,0.000000,0.000000,0.000000,0.000000,0.000000,0.000000,0.000000,0.000000,0.000000,0.000000,0.000000,0.000000,0.000000,0.000000,0.000000,0.000000,0.000000,0.000000,0.000000,0.000000,0.000000,0.000000,0.000000,0.000000,0.000000,0.000000,0.000000,0.000000,0.000000,275.554301,296.414836,-321.006927,278.448537,300.720786,-314.786602,278.182424,300.781374,-314.782960,277.903519,300.856871,-314.806421,278.630397,300.534568,-331.179560,278.512624,300.456895,-331.267303,278.333867,300.392896,-0.000000,272.990773,299.188309,-314.449087,274.135641,330.978927,-316.419729,270.145747,291.135077,-286.182552,270.569000,290.671231,-308.169685,295.325501,332.660438,-250.439292,280.741112,302.762532,-243.187157,280.365471,264.260115,-208.398206,264.890650,233.869267,-162.806671,248.180099,237.387428,-233.003013,259.652323,200.133004,-116.094635,255.131767,206.205028,-221.952306,257.731262,189.751568,-125.019063,254.360825,206.322006,-251.916987,265.779203,212.424717,-129.551432,251.753311,208.409134,-245.029422,264.629733,215.746879,-117.881633,299.961405,306.178356,11.303298,268.924574,309.043361,-11.116834,309.819570,238.940729,-70.125628,259.763417,226.397438,-130.127723,309.438751,151.037670,-0.000000,254.449860,130.695316,-107.885168,327.482376,162.597785,-30.317933,252.947708,123.162781,-86.841365,322.249283,123.581051,-93.615982,0.000000,89.359989,-164.558151,
0.000000,0.000000,0.000000,0.000000,0.000000,0.000000,0.000000,0.000000,0.000000,0.000000,0.000000,0.000000,0.000000,0.000000,0.000000,0.000000,0.000000,0.000000,0.000000,0.000000,0.000000,0.000000,0.000000,0.000000,0.000000,0.000000,0.000000,0.000000,0.000000,0.000000,0.000000,0.000000,0.000000,0.000000,0.000000,0.000000,0.000000,0.000000,0.000000,0.000000,0.000000,0.000000,0.000000,0.000000,0.000000,0.000000,0.000000,0.000000,0.000000,0.000000,0.000000,0.000000,275.554301,296.414836,-359.195009,278.448537,300.720786,-353.265505,278.182424,300.781374,-353.255584,277.903519,300.856871,-353.277621,278.630397,300.534568,-368.059484,278.512624,300.456895,-368.156782,278.333867,300.392896,-368.232600,272.990773,332.431455,-349.842924,274.135641,330.978927,-348.061702,270.145747,323.483419,-0.000000,270.569000,322.968035,-342.410761,295.325501,332.660438,-219.071823,280.741112,302.762532,-243.187157,0.000000,264.260115,-177.770801,264.890650,233.869267,-162.806671,248.180099,237.387428,-204.051849,259.652323,222.370005,-87.070976,255.131767,229.116697,-190.685472,257.731262,210.835075,-93.764297,0.000000,229.246673,-220.258301,265.779203,212.424717,-97.163574,251.753311,231.565705,-216.119095,264.629733,215.746879,-88.411224,276.887451,306.178356,18.395530,268.924574,309.043361,-18.231917,309.819570,238.940729,-70.125628,259.763417,210.226193,-144.586359,331.541519,162.655953,-0.000000,0.000000,130.695316,-131.537087,327.482376,162.597785,-30.317933,252.947708,112.899216,-136.780637,347.037690,133.879472,-93.615982,247.032659,89.359989,-219.410868,
0.000000,0.000000,0.000000,0.000000,0.000000,0.000000,0.000000,0.000000,0.000000,0.000000,0.000000,0.000000,0.000000,0.000000,0.000000,0.000000,0.000000,0.000000,0.000000,0.000000,0.000000,0.000000,0.000000,0.000000,0.000000,0.000000,0.000000,0.000000,0.000000,0.000000,0.000000,0.000000,0.000000,0.000000,0.000000,0.000000,0.000000,0.000000,0.000000,0.000000,0.000000,0.000000,0.000000,0.000000,0.000000,0.000000,0.000000,0.000000,0.000000,0.000000,0.000000,0.000000,275.554301,296.414836,-397.383092,278.448537,300.720786,-391.744408,278.182424,300.781374,-391.728209,277.903519,300.856871,-391.748821,278.630397,300.534568,-404.939408,278.512624,300.456895,-405.046262,0.000000,300.392896,-0.000000,272.990773,332.431455,-385.236762,274.135641,330.978927,-348.061702,270.145747,323.483419,-358.783503,270.569000,322.968035,-376.651837,295.325501,332.660438,-250.439292,255.219193,302.762532,-243.187157,280.365471,264.260115,-177.770801,264.890650,233.869267,-162.806671,248.180099,237.387428,-204.051849,259.652323,222.370005,-87.070976,255.131767,0.000000,-221.952306,257.731262,210.835075,-93.764297,254.360825,229.246673,-251.916987,265.779203,212.424717,-97.163574,251.753311,231.565705,-216.119095,264.629733,215.746879,-88.411224,299.961405,306.178356,11.303298,268.924574,309.043361,-11.116834,309.819570,238.940729,-0.000000,259.763417,226.397438,-130.127723,331.541519,162.655953,8.673418,254.449860,130.695316,-107.885168,327.482376,0.000000,11.452480,252.947708,112.899216,-111.811001,347.037690,144.177893,-51.059937,247.032659,89.359989,-219.410868,
0.000000,0.000000,0.000000,0.000000,0.000000,0.000000,0.000000,0.000000,0.000000,0.000000,0.000000,0.000000,0.000000,0.000000,0.000000,0.000000,0.000000,0.000000,0.000000,0.000000,0.000000,0.000000,0.000000,0.000000,0.000000,0.000000,0.000000,0.000000,0.000000,0.000000,0.000000,0.000000,0.000000,0.000000,0.000000,0.000000,0.000000,0.000000,0.000000,0.000000,0.000000,0.000000,0.000000,0.000000,0.000000,0.000000,0.000000,0.000000,0.000000,0.000000,0.000000,0.000000,275.554301,296.414836,-282.818844,278.448537,300.720786,-314.786602,278.182424,300.781374,-314.782960,277.903519,300.856871,-314.806421,278.630397,300.534568,-294.299635,278.512624,300.456895,-294.377824,278.333867,300.392896,-294.455892,0.000000,332.431455,-314.449087,274.135641,297.881035,-316.419729,270.145747,323.483419,-286.182552,270.569000,290.671231,-273.928609,295.325501,332.660438,-0.000000,280.741112,302.762532,-216.166362,280.365471,290.686127,-177.770801,264.890650,233.869267,-162.806671,248.180099,237.387428,-204.051849,259.652323,222.370005,-116.094635,255.131767,229.116697,-0.000000,281.161377,0.000000,-93.764297,254.360825,229.246673,-220.258301,265.779203,212.424717,-129.551432,251.753311,231.565705,-216.119095,264.629733,0.000000,-117.881633,276.887451,0.000000,4.211065,268.924574,309.043361,-4.001751,265.559631,221.873534,-70.125628,299.727020,242.568684,-57.834544,265.233215,139.419388,-31.760823,318.062325,152.477869,-36.929409,261.985901,130.078228,-30.317933,316.184635,0.000000,-36.902093,247.884064,102.984209,-93.615982,336.862717,134.039984,-82.279076,
0.000000,0.000000,0.000000,0.000000,0.000000,0.000000,0.000000,0.000000,0.000000,0.000000,0.000000,0.000000,0.000000,0.000000,0.000000,0.000000,0.000000,0.000000,0.000000,0.000000,0.000000,0.000000,0.000000,0.000000,0.000000,0.000000,0.000000,0.000000,0.000000,0.000000,0.000000,0.000000,0.000000,0.000000,0.000000,0.000000,0.000000,0.000000,0.000000,0.000000,0.000000,0.000000,0.000000,0.000000,0.000000,0.000000,0.000000,0.000000,0.000000,0.000000,0.000000,0.000000,275.554301,296.414836,-435.571174,278.448537,300.720786,-430.223311,278.182424,300.781374,-0.000000,277.903519,300.856871,-430.220021,278.630397,300.534568,-441.819333,278.512624,300.456895,-441.935741,278.333867,300.392896,-442.009308,0.000000,332.431455,-385.236762,274.135641,0.000000,-379.703674,270.145747,291.135077,-395.083979,270.569000,290.671231,-410.892914,295.325501,332.660438,-250.439292,280.741112,302.762532,-270.207952,280.365471,290.686127,-177.770801,264.890650,233.869267,-162.806671,248.180099,237.387428,-175.100685,259.652323,200.133004,-87.070976,255.131767,229.116697,-190.685472,257.731262,0.000000,-93.764297,254.360825,229.246673,-220.258301,265.779203,212.424717,-97.163574,251.753311,231.565705,-187.208768,264.629733,215.746879,-88.411224,276.887451,306.178356,4.211065,268.924574,309.043361,-4.001751,265.559631,238.940729,-70.125628,279.745219,226.397438,-101.210452,287.335983,151.037670,0.000000,296.858170,141.586592,-60.581328,283.818059,140.918080,11.452480,295.105659,133.426346,-61.871729,297.460877,113.282630,-51.059937,291.947688,116.167986,-137.131793,
0.000000,0.000000,0.000000,0.000000,0.000000,0.000000,0.000000,0.000000,0.000000,0.000000,0.000000,0.000000,0.000000,0.000000,0.000000,0.000000,0.000000,0.000000,0.000000,0.000000,0.000000,0.000000,0.000000,0.000000,0.000000,0.000000,0.000000,0.000000,0.000000,0.000000,0.000000,0.000000,0.000000,0.000000,0.000000,0.000000,0.000000,0.000000,0.000000,0.000000,0.000000,0.000000,0.000000,0.000000,0.000000,0.000000,0.000000,0.000000,0.000000,0.000000,0.000000,0.000000,275.554301,296.414836,-397.383092,278.448537,300.720786,-430.223311,278.182424,300.781374,-430.200833,277.903519,300.856871,-430.220021,278.630397,300.534568,-441.819333,278.512624,300.456895,-441.935741,278.333867,300.392896,-442.009308,272.990773,332.431455,-385.236762,274.135641,297.881035,-379.703674,270.145747,291.135077,-395.083979,270.569000,290.671231,-376.651837,295.325501,332.660438,-250.439292,280.741112,302.762532,-270.207952,280.365471,264.260115,-177.770801,264.890650,233.869267,-162.806671,248.180099,237.387428,-204.051849,259.652323,200.133004,-87.070976,255.131767,229.116697,-190.685472,257.731262,210.835075,-93.764297,254.360825,206.322006,-220.258301,265.779203,212.424717,-129.551432,251.753311,231.565705,-216.119095,0.000000,215.746879,-88.411224,276.887451,306.178356,4.211065,268.924574,309.043361,-4.001751,287.689600,238.940729,-70.125628,279.745219,226.397438,-101.210452,309.438751,0.000000,8.673418,296.858170,0.000000,-0.000000,305.650218,140.918080,11.452480,295.105659,133.426346,-61.871729,297.460877,113.282630,-51.059937,291.947688,116.167986,-137.131793,
0.000000,0.000000,0.000000,0.000000,0.000000,0.000000,0.000000,0.000000,0.000000,0.000000,0.000000,0.000000,0.000000,0.000000,0.000000,0.000000,0.000000,0.000000,0.000000,0.000000,0.000000,0.000000,0.000000,0.000000,0.000000,0.000000,0.000000,0.000000,0.000000,0.000000,0.000000,0.000000,0.000000,0.000000,0.000000,0.000000,0.000000,0.000000,0.000000,0.000000,0.000000,0.000000,0.000000,0.000000,0.000000,0.000000,0.000000,0.000000,0.000000,0.000000,0.000000,0.000000,275.554301,296.414836,-435.571174,278.448537,300.720786,-468.702213,278.182424,0.000000,-468.673457,0.000000,300.856871,-468.691221,278.630397,300.534568,-478.699257,278.512624,300.456895,-478.825220,278.333867,300.392896,-478.897662,300.289851,332.431455,-420.630599,274.135641,330.978927,-411.345647,270.145747,291.135077,-431.384454,270.569000,290.671231,-410.892914,295.325501,332.660438,-250.439292,255.219193,302.762532,-297.228747,0.000000,264.260115,-177.770801,0.000000,233.869267,-217.075562,248.180099,237.387428,-175.100685,259.652323,200.133004,-174.141952,255.131767,206.205028,-190.685472,257.731262,189.751568,-187.528595,254.360825,206.322006,-220.258301,265.779203,191.182245,-194.327148,251.753311,231.565705,-187.208768,264.629733,194.172191,-176.822449,276.887451,306.178356,18.395530,268.924574,309.043361,-18.231917,309.819570,238.940729,-70.125628,259.763417,0.000000,-144.586359,331.541519,162.655953,8.673418,254.449860,130.695316,-107.885168,305.650218,151.757933,11.452480,252.947708,112.899216,-111.811001,347.037690,144.177893,-51.059937,247.032659,89.359989,-219.410868,
0.000000,0.000000,0.000000,0.000000,0.000000,0.000000,0.000000,0.000000,0.000000,0.000000,0.000000,0.000000,0.000000,0.000000,0.000000,0.000000,0.000000,0.000000,0.000000,0.000000,0.000000,0.000000,0.000000,0.000000,0.000000,0.000000,0.000000,0.000000,0.000000,0.000000,0.000000,0.000000,0.000000,0.000000,0.000000,0.000000,0.000000,0.000000,0.000000,0.000000,0.000000,0.000000,0.000000,0.000000,0.000000,0.000000,0.000000,0.000000,0.000000,0.000000,0.000000,0.000000,0.000000,296.414836,-435.571174,278.448537,300.720786,-430.223311,278.182424,300.781374,-430.200833,277.903519,300.856871,-430.220021,278.630397,300.534568,-441.819333,278.512624,300.456895,-441.935741,278.333867,300.392896,-442.009308,300.289851,332.431455,-385.236762,274.135641,330.978927,-411.345647,297.160321,291.135077,-395.083979,270.569000,290.671231,-410.892914,295.325501,332.660438,-250.439292,255.219193,302.762532,-270.207952,280.365471,264.260115,-177.770801,240.809682,233.869267,-189.941116,248.180099,237.387428,-175.100685,259.652323,200.133004,-116.094635,255.131767,206.205028,-190.685472,257.731262,189.751568,-93.764297,254.360825,206.322006,-220.258301,265.779203,191.182245,-129.551432,251.753311,231.565705,-187.208768,264.629733,194.172191,-117.881633,276.887451,306.178356,0.000000,268.924574,309.043361,-18.231917,309.819570,238.940729,-70.125628,259.763417,226.397438,-144.586359,331.541519,162.655953,8.673418,254.449860,130.695316,-107.885168,327.482376,162.597785,11.452480,252.947708,112.899216,-111.811001,347.037690,0.000000,-51.059937,247.032659,89.359989,-219.410868,
0.000000,0.000000,0.000000,0.000000,0.000000,0.000000,0.000000,0.000000,0.000000,0.000000,0.000000,0.000000,0.000000,0.000000,0.000000,0.000000,0.000000,0.000000,0.000000,0.000000,0.000000,0.000000,0.000000,0.000000,0.000000,0.000000,0.000000,0.000000,0.000000,0.000000,0.000000,0.000000,0.000000,0.000000,0.000000,0.000000,0.000000,0.000000,0.000000,0.000000,0.000000,0.000000,0.000000,0.000000,0.000000,0.000000,0.000000,0.000000,0.000000,0.000000,0.000000,0.000000,275.554301,296.414836,-435.571174,278.448537,300.720786,-430.223311,278.182424,300.781374,-430.200833,277.903519,300.856871,-430.220021,278.630397,300.534568,-441.819333,278.512624,300.456895,-441.935741,278.333867,0.000000,-442.009308,300.289851,332.431455,-385.236762,274.135641,330.978927,-411.345647,297.160321,291.135077,-395.083979,270.569000,290.671231,-410.892914,319.935959,332.660438,-250.439292,255.219193,302.762532,-270.207952,280.365471,264.260115,-177.770801,240.809682,233.869267,-189.941116,248.180099,213.648685,-204.051849,259.652323,200.133004,-116.094635,255.131767,206.205028,-190.685472,257.731262,189.751568,-125.019063,254.360825,206.322006,-220.258301,265.779203,191.182245,-129.551432,251.753311,208.409134,-187.208768,264.629733,194.172191,-117.881633,276.887451,306.178356,18.395530,0.000000,309.043361,-18.231917,309.819570,238.940729,-0.000000,259.763417,226.397438,-0.000000,331.541519,162.655953,8.673418,254.449860,119.804040,-107.885168,327.482376,162.597785,11.452480,252.947708,112.899216,-111.811001,322.249283,133.879472,-51.059937,247.032659,89.359989,-191.984510,
0.000000,0.000000,0.000000,0.000000,0.000000,0.000000,0.000000,0.000000,0.000000,0.000000,0.000000,0.000000,0.000000,0.000000,0.000000,0.000000,0.000000,0.000000,0.000000,0.000000,0.000000,0.000000,0.000000,0.000000,0.000000,0.000000,0.000000,0.000000,0.000000,0.000000,0.000000,0.000000,0.000000,0.000000,0.000000,0.000000,0.000000,0.000000,0.000000,0.000000,0.000000,0.000000,0.000000,0.000000,0.000000,0.000000,0.000000,0.000000,0.000000,0.000000,0.000000,0.000000,275.554301,296.414836,-511.947339,278.448537,0.000000,-507.181116,278.182424,300.781374,-507.146082,277.903519,300.856871,-507.162421,278.630397,300.534568,-515.579182,278.512624,300.456895,-515.714700,278.333867,300.392896,-515.786016,300.289851,332.431455,-420.630599,274.135641,330.978927,-442.987620,297.160321,291.135077,-467.684930,270.569000,290.671231,-479.375066,319.935959,332.660438,-281.806760,255.219193,302.762532,-297.228747,280.365471,0.000000,-177.770801,240.809682,233.869267,-217.075562,275.755666,213.648685,-175.100685,259.652323,200.133004,-203.165611,255.131767,206.205028,-159.418637,257.731262,189.751568,-187.528595,254.360825,206.322006,-188.599615,265.779203,191.182245,-226.715006,251.753311,208.409134,-187.208768,264.629733,194.172191,-206.292857,299.961405,306.178356,18.395530,268.924574,309.043361,-18.231917,309.819570,238.940729,-70.125628,259.763417,210.226193,-144.586359,331.541519,162.655953,49.107658,254.449860,119.804040,-107.885168,327.482376,162.597785,53.222893,231.868732,112.899216,-111.811001,347.037690,0.000000,-8.503891,247.032659,89.359989,-219.410868,
0.000000,0.000000,0.000000,0.000000,0.000000,0.000000,0.000000,0.000000,0.000000,0.000000,0.000000,0.000000,0.000000,0.000000,0.000000,0.000000,0.000000,0.000000,0.000000,0.000000,0.000000,0.000000,0.000000,0.000000,0.000000,0.000000,0.000000,0.000000,0.000000,0.000000,0.000000,0.000000,0.000000,0.000000,0.000000,0.000000,0.000000,0.000000,0.000000,0.000000,0.000000,0.000000,0.000000,0.000000,0.000000,0.000000,0.000000,0.000000,0.000000,0.000000,0.000000,0.000000,275.554301,296.414836,-473.759257,278.448537,300.720786,-468.702213,278.182424,0.000000,-468.673457,277.903519,300.856871,-468.691221,278.630397,300.534568,-441.819333,278.512624,300.456895,-441.935741,278.333867,300.392896,-442.009308,300.289851,332.431455,-420.630599,274.135641,297.881035,-411.345647,297.160321,291.135077,-0.000000,270.569000,290.671231,-410.892914,319.935959,332.660438,-250.439292,255.219193,302.762532,-297.228747,280.365471,264.260115,-147.143397,240.809682,233.869267,-217.075562,275.755666,213.648685,-146.149521,0.000000,200.133004,-174.141952,255.131767,206.205028,-159.418637,257.731262,189.751568,-0.000000,254.360825,206.322006,-188.599615,265.779203,191.182245,-194.327148,251.753311,208.409134,-158.298442,264.629733,194.172191,-176.822449,299.961405,306.178356,25.487762,268.924574,309.043361,-25.347000,309.819570,238.940729,-70.125628,259.763417,210.226193,-144.586359,331.541519,162.655953,8.673418,254.449860,119.804040,-107.885168,327.482376,162.597785,53.222893,252.947708,112.899216,-111.811001,347.037690,144.177893,-0.000000,247.032659,89.359989,-191.984510,
0.000000,0.000000,0.000000,0.000000,0.000000,0.000000,0.000000,0.000000,0.000000,0.000000,0.000000,0.000000,0.000000,0.000000,0.000000,0.000000,0.000000,0.000000,0.000000,0.000000,0.000000,0.000000,0.000000,0.000000,0.000000,0.000000,0.000000,0.000000,0.000000,0.000000,0.000000,0.000000,0.000000,0.000000,0.000000,0.000000,0.000000,0.000000,0.000000,0.000000,0.000000,0.000000,0.000000,0.000000,0.000000,0.000000,0.000000,0.000000,0.000000,0.000000,0.000000,0.000000,275.554301,296.414836,-435.571174,278.448537,300.720786,-430.223311,278.182424,300.781374,-430.200833,277.903519,300.856871,-430.220021,0.000000,300.534568,-441.819333,278.512624,300.456895,-441.935741,278.333867,300.392896,-442.009308,0.000000,332.431455,-0.000000,274.135641,330.978927,-411.345647,297.160321,291.135077,-395.083979,270.569000,290.671231,-410.892914,319.935959,332.660438,-250.439292,255.219193,302.762532,-297.228747,305.853241,264.260115,-147.143397,240.809682,233.869267,-217.075562,275.755666,213.648685,-175.100685,259.652323,200.133004,-145.118294,255.131767,206.205028,-159.418637,257.731262,189.751568,-156.273829,254.360825,206.322006,-188.599615,265.779203,191.182245,-194.327148,251.753311,208.409134,-158.298442,264.629733,194.172191,-176.822449,299.961405,306.178356,25.487762,268.924574,309.043361,-25.347000,309.819570,238.940729,-70.125628,259.763417,210.226193,-144.586359,331.541519,162.655953,8.673418,254.449860,119.804040,-107.885168,327.482376,162.597785,11.452480,252.947708,112.899216,-111.811001,347.037690,144.177893,-51.059937,247.032659,0.000000,-191.984510,
0.000000,0.000000,0.000000,0.000000,0.000000,0.000000,0.000000,0.000000,0.000000,0.000000,0.000000,0.000000,0.000000,0.000000,0.000000,0.000000,0.000000,0.000000,0.000000,0.000000,0.000000,0.000000,0.000000,0.000000,0.000000,0.000000,0.000000,0.000000,0.000000,0.000000,0.000000,0.000000,0.000000,0.000000,0.000000,0.000000,0.000000,0.000000,0.000000,0.000000,0.000000,0.000000,0.000000,0.000000,0.000000,0.000000,0.000000,0.000000,0.000000,0.000000,0.000000,0.000000,275.554301,296.414836,-473.759257,278.448537,300.720786,-468.702213,278.182424,300.781374,-468.673457,277.903519,300.856871,-468.691221,278.630397,300.534568,-478.699257,278.512624,300.456895,-478.825220,278.333867,300.392896,-478.897662,300.289851,332.431455,-420.630599,274.135641,330.978927,-411.345647,297.160321,291.135077,-431.384454,270.569000,290.671231,-445.133990,319.935959,332.660438,-250.439292,255.219193,302.762532,-297.228747,305.853241,264.260115,-147.143397,240.809682,233.869267,-217.075562,275.755666,237.387428,-146.149521,259.652323,200.133004,-145.118294,255.131767,206.205028,-128.151802,257.731262,189.751568,-156.273829,254.360825,206.322006,-156.940930,265.779203,191.182245,-161.939290,251.753311,208.409134,-158.298442,0.000000,215.746879,-147.352041,299.961405,306.178356,25.487762,268.924574,309.043361,-25.347000,309.819570,238.940729,-70.125628,259.763417,210.226193,-144.586359,331.541519,162.655953,49.107658,254.449860,119.804040,-131.537087,327.482376,162.597785,53.222893,252.947708,112.899216,-111.811001,347.037690,144.177893,-8.503891,247.032659,89.359989,-219.410868,
0.000000,0.000000,0.000000,0.000000,0.000000,0.000000,0.000000,0.000000,0.000000,0.000000,0.000000,0.000000,0.000000,0.000000,0.000000,0.000000,0.000000,0.000000,0.000000,0.000000,0.000000,0.000000,0.000000,0.000000,0.000000,0.000000,0.000000,0.000000,0.000000,0.000000,0.000000,0.000000,0.000000,0.000000,0.000000,0.000000,0.000000,0.000000,0.000000,0.000000,0.000000,0.000000,0.000000,0.000000,0.000000,0.000000,0.000000,0.000000,0.000000,0.000000,0.000000,0.000000,275.554301,296.414836,-435.571174,278.448537,300.720786,-430.223311,278.182424,300.781374,-430.200833,277.903519,300.856871,-430.220021,278.630397,300.534568,-441.819333,278.512624,300.456895,-441.935741,278.333867,300.392896,-442.009308,300.289851,332.431455,-385.236762,274.135641,330.978927,-379.703674,297.160321,0.000000,-395.083979,270.569000,290.671231,-410.892914,319.935959,332.660438,-250.439292,255.219193,302.762532,-297.228747,305.853241,264.260115,-147.143397,240.809682,259.854741,-189.941116,275.755666,237.387428,-146.149521,259.652323,200.133004,-145.118294,255.131767,206.205028,-128.151802,257.731262,189.751568,-156.273829,0.000000,206.322006,-0.000000,265.779203,191.182245,-161.939290,251.753311,0.000000,-158.298442,264.629733,194.172191,-147.352041,299.961405,306.178356,25.487762,268.924574,309.043361,-25.347000,309.819570,238.940729,-70.125628,259.763417,210.226193,-144.586359,331.541519,162.655953,8.673418,254.449860,119.804040,-107.885168,327.482376,162.597785,53.222893,252.947708,112.899216,-111.811001,347.037690,144.177893,-0.000000,247.032659,89.359989,-191.984510,
0.000000,0.000000,0.000000,0.000000,0.000000,0.000000,0.000000,0.000000,0.000000,0.000000,0.000000,0.000000,0.000000,0.000000,0.000000,0.000000,0.000000,0.000000,0.000000,0.000000,0.000000,0.000000,0.000000,0.000000,0.000000,0.000000,0.000000,0.000000,0.000000,0.000000,0.000000,0.000000,0.000000,0.000000,0.000000,0.000000,0.000000,0.000000,0.000000,0.000000,0.000000,0.000000,0.000000,0.000000,0.000000,0.000000,0.000000,0.000000,0.000000,0.000000,0.000000,0.000000,275.554301,296.414836,-397.383092,278.448537,300.720786,-430.223311,278.182424,300.781374,-430.200833,0.000000,300.856871,-430.220021,278.630397,300.534568,-404.939408,278.512624,300.456895,-405.046262,278.333867,300.392896,-405.120954,300.289851,332.431455,-385.236762,274.135641,330.978927,-379.703674,297.160321,291.135077,-395.083979,270.569000,290.671231,-376.651837,319.935959,332.660438,-219.071823,255.219193,302.762532,-270.207952,305.853241,264.260115,-147.143397,240.809682,259.854741,-189.941116,275.755666,237.387428,-117.198356,0.000000,200.133004,-145.118294,255.131767,206.205028,-128.151802,257.731262,189.751568,-156.273829,254.360825,206.322006,-0.000000,265.779203,191.182245,-161.939290,251.753311,208.409134,-129.388115,264.629733,194.172191,-147.352041,299.961405,306.178356,25.487762,268.924574,309.043361,-25.347000,309.819570,238.940729,-70.125628,259.763417,0.000000,-144.586359,331.541519,162.655953,8.673418,254.449860,119.804040,-107.885168,327.482376,0.000000,11.452480,0.000000,112.899216,-111.811001,347.037690,144.177893,-8.503891,247.032659,80.423990,-191.984510,
0.000000,0.000000,0.000000,0.000000,0.000000,0.000000,0.000000,0.000000,0.000000,0.000000,0.000000,0.000000,0.000000,0.000000,0.000000,0.000000,0.000000,0.000000,0.000000,0.000000,0.000000,0.000000,0.000000,0.000000,0.000000,0.000000,0.000000,0.000000,0.000000,0.000000,0.000000,0.000000,0.000000,0.000000,0.000000,0.000000,0.000000,0.000000,0.000000,0.000000,0.000000,0.000000,0.000000,0.000000,0.000000,0.000000,0.000000,0.000000,0.000000,0.000000,0.000000,0.000000,275.554301,296.414836,-473.759257,278.448537,300.720786,-468.702213,278.182424,300.781374,-468.673457,277.903519,300.856871,-468.691221,278.630397,300.534568,-478.699257,278.512624,300.456895,-478.825220,278.333867,300.392896,-478.897662,0.000000,332.431455,-420.630599,274.135641,330.978927,-411.345647,270.145747,291.135077,-431.384454,270.569000,290.671231,-445.133990,319.935959,332.660438,-250.439292,255.219193,302.762532,-297.228747,305.853241,264.260115,-147.143397,240.809682,259.854741,-244.210007,275.755666,237.387428,-117.198356,259.652323,200.133004,-232.189270,255.131767,206.205028,-128.151802,257.731262,168.668060,-250.038126,254.360825,206.322006,-156.940930,265.779203,0.000000,-259.102865,251.753311,208.409134,-0.000000,264.629733,194.172191,-235.763265,299.961405,306.178356,25.487762,248.238068,309.043361,-25.347000,309.819570,238.940729,-43.816853,259.763417,0.000000,-144.586359,331.541519,162.655953,49.107658,254.449860,119.804040,-107.885168,327.482376,162.597785,53.222893,252.947708,112.899216,-111.811001,347.037690,144.177893,-8.503891,247.032659,80.423990,-191.984510,
0.000000,0.000000,0.000000,0.000000,0.000000,0.000000,0.000000,0.000000,0.000000,0.000000,0.000000,0.000000,0.000000,0.000000,0.000000,0.000000,0.000000,0.000000,0.000000,0.000000,0.000000,0.000000,0.000000,0.000000,0.000000,0.000000,0.000000,0.000000,0.000000,0.000000,0.000000,0.000000,0.000000,0.000000,0.000000,0.000000,0.000000,0.000000,0.000000,0.000000,0.000000,0.000000,0.000000,0.000000,0.000000,0.000000,0.000000,0.000000,0.000000,0.000000,0.000000,0.000000,0.000000,296.414836,-473.759257,278.448537,300.720786,-468.702213,278.182424,300.781374,-468.673457,277.903519,300.856871,-468.691221,278.630397,300.534568,-478.699257,278.512624,300.456895,-478.825220,278.333867,300.392896,-478.897662,300.289851,332.431455,-0.000000,274.135641,330.978927,-411.345647,270.145747,291.135077,-431.384454,270.569000,290.671231,-445.133990,319.935959,0.000000,-250.439292,255.219193,302.762532,-297.228747,305.853241,264.260115,-147.143397,240.809682,233.869267,-217.075562,275.755666,213.648685,-146.149521,259.652323,200.133004,-174.141952,255.131767,206.205028,-128.151802,257.731262,189.751568,-187.528595,254.360825,206.322006,-156.940930,265.779203,191.182245,-194.327148,0.000000,208.409134,-158.298442,0.000000,194.172191,-176.822449,299.961405,306.178356,25.487762,268.924574,309.043361,-25.347000,309.819570,221.873534,-0.000000,259.763417,210.226193,-144.586359,331.541519,174.274235,49.107658,233.245705,119.804040,-107.885168,327.482376,162.597785,53.222893,252.947708,112.899216,-111.811001,347.037690,144.177893,-8.503891,247.032659,80.423990,-191.984510,
0.000000,0.000000,0.000000,0.000000,0.000000,0.000000,0.000000,0.000000,0.000000,0.000000,0.000000,0.000000,0.000000,0.000000,0.000000,0.000000,0.000000,0.000000,0.000000,0.000000,0.000000,0.000000,0.000000,0.000000,0.000000,0.000000,0.000000,0.000000,0.000000,0.000000,0.000000,0.000000,0.000000,0.000000,0.000000,0.000000,0.000000,0.000000,0.000000,0.000000,0.000000,0.000000,0.000000,0.000000,0.000000,0.000000,0.000000,0.000000,0.000000,0.000000,0.000000,0.000000,275.554301,296.414836,-435.571174,278.448537,300.720786,-430.223311,278.182424,300.781374,-430.200833,277.903519,300.856871,-430.220021,278.630397,300.534568,-441.819333,278.512624,300.456895,-441.935741,278.333867,300.392896,-442.009308,300.289851,332.431455,-385.236762,274.135641,330.978927,-379.703674,270.145747,291.135077,-431.384454,270.569000,290.671231,-410.892914,319.935959,302.418580,-250.439292,255.219193,302.762532,-270.207952,305.853241,0.000000,-147.143397,240.809682,233.869267,-217.075562,275.755666,213.648685,-146.149521,0.000000,200.133004,-174.141952,255.131767,206.205028,-128.151802,257.731262,189.751568,-187.528595,254.360825,206.322006,-156.940930,265.779203,191.182245,-194.327148,251.753311,208.409134,-158.298442,264.629733,194.172191,-176.822449,299.961405,306.178356,25.487762,268.924574,309.043361,-25.347000,309.819570,238.940729,-70.125628,259.763417,226.397438,-144.586359,331.541519,162.655953,8.673418,233.245705,119.804040,-107.885168,327.482376,162.597785,53.222893,252.947708,112.899216,-111.811001,347.037690,144.177893,-8.503891,247.032659,89.359989,-191.984510,
0.000000,0.000000,0.000000,0.000000,0.000000,0.000000,0.000000,0.000000,0.000000,0.000000,0.000000,0.000000,0.000000,0.000000,0.000000,0.000000,0.000000,0.000000,0.000000,0.000000,0.000000,0.000000,0.000000,0.000000,0.000000,0.000000,0.000000,0.000000,0.000000,0.000000,0.000000,0.000000,0.000000,0.000000,0.000000,0.000000,0.000000,0.000000,0.000000,0.000000,0.000000,0.000000,0.000000,0.000000,0.000000,0.000000,0.000000,0.000000,0.000000,0.000000,0.000000,0.000000,275.554301,296.414836,-397.383092,278.448537,300.720786,-430.223311,278.182424,300.781374,-430.200833,277.903519,300.856871,-430.220021,278.630397,300.534568,-404.939408,278.512624,300.456895,-405.046262,278.333867,300.392896,-405.120954,300.289851,332.431455,-385.236762,274.135641,297.881035,-379.703674,270.145747,291.135077,-395.083979,270.569000,290.671231,-376.651837,319.935959,0.000000,-250.439292,255.219193,302.762532,-0.000000,305.853241,0.000000,-147.143397,240.809682,233.869267,-217.075562,0.000000,237.387428,-175.100685,259.652323,200.133004,-203.165611,255.131767,206.205028,-159.418637,257.731262,189.751568,-218.783361,254.360825,206.322006,-188.599615,265.779203,191.182245,-226.715006,251.753311,208.409134,-158.298442,264.629733,194.172191,-206.292857,299.961405,306.178356,25.487762,268.924574,0.000000,-25.347000,309.819570,221.873534,-70.125628,259.763417,226.397438,-173.503631,331.541519,174.274235,49.107658,254.449860,119.804040,-155.189007,327.482376,162.597785,53.222893,252.947708,112.899216,-136.780637,347.037690,144.177893,-8.503891,247.032659,89.359989,-246.837227,
0.000000,0.000000,0.000000,0.000000,0.000000,0.000000,0.000000,0.000000,0.000000,0.000000,0.000000,0.000000,0.000000,0.000000,0.000000,0.000000,0.000000,0.000000,0.000000,0.000000,0.000000,0.000000,0.000000,0.000000,0.000000,0.000000,0.000000,0.000000,0.000000,0.000000,0.000000,0.000000,0.000000,0.000000,0.000000,0.000000,0.000000,0.000000,0.000000,0.000000,0.000000,0.000000,0.000000,0.000000,0.000000,0.000000,0.000000,0.000000,0.000000,0.000000,0.000000,0.000000,275.554301,296.414836,-359.195009,278.448537,300.720786,-391.744408,278.182424,300.781374,-391.728209,277.903519,300.856871,-391.748821,278.630397,300.534568,-368.059484,278.512624,300.456895,-368.156782,250.500481,300.392896,-368.232600,272.990773,299.188309,-349.842924,274.135641,297.881035,-348.061702,270.145747,291.135077,-358.783503,270.569000,290.671231,-342.410761,319.935959,302.418580,-219.071823,255.219193,302.762532,-270.207952,305.853241,264.260115,-147.143397,240.809682,233.869267,-162.806671,275.755666,213.648685,-175.100685,259.652323,200.133004,-145.118294,255.131767,206.205028,-159.418637,257.731262,189.751568,-156.273829,254.360825,206.322006,-188.599615,265.779203,191.182245,-161.939290,251.753311,208.409134,-158.298442,264.629733,194.172191,-147.352041,299.961405,306.178356,18.395530,268.924574,309.043361,-18.231917,309.819570,221.873534,-70.125628,259.763417,226.397438,-130.127723,331.541519,174.274235,8.673418,254.449860,130.695316,-107.885168,327.482376,162.597785,11.452480,252.947708,123.162781,-111.811001,347.037690,144.177893,-51.059937,0.000000,89.359989,-191.984510,
0.000000,0.000000,0.000000,0.000000,0.000000,0.000000,0.000000,0.000000,0.000000,0.000000,0.000000,0.000000,0.000000,0.000000,0.000000,0.000000,0.000000,0.000000,0.000000,0.000000,0.000000,0.000000,0.000000,0.000000,0.000000,0.000000,0.000000,0.000000,0.000000,0.000000,0.000000,0.000000,0.000000,0.000000,0.000000,0.000000,0.000000,0.000000,0.000000,0.000000,0.000000,0.000000,0.000000,0.000000,0.000000,0.000000,0.000000,0.000000,0.000000,0.000000,0.000000,0.000000,275.554301,296.414836,-359.195009,278.448537,300.720786,-353.265505,278.182424,300.781374,-353.255584,277.903519,300.856871,-353.277621,278.630397,300.534568,-368.059484,278.512624,300.456895,-368.156782,278.333867,300.392896,-368.232600,272.990773,0.000000,-0.000000,274.135641,297.881035,-316.419729,270.145747,291.135077,-322.483028,270.569000,290.671231,-342.410761,319.935959,302.418580,-219.071823,255.219193,302.762532,-243.187157,280.365471,264.260115,-147.143397,240.809682,233.869267,-162.806671,275.755666,213.648685,-175.100685,259.652323,200.133004,-116.094635,255.131767,206.205028,-190.685472,257.731262,189.751568,-125.019063,254.360825,206.322006,-188.599615,265.779203,191.182245,-129.551432,251.753311,208.409134,-187.208768,264.629733,194.172191,-117.881633,299.961405,306.178356,18.395530,268.924574,309.043361,-0.000000,309.819570,221.873534,-70.125628,259.763417,226.397438,-159.044995,331.541519,174.274235,8.673418,254.449860,130.695316,-131.537087,327.482376,162.597785,11.452480,252.947708,123.162781,-136.780637,347.037690,144.177893,-8.503891,247.032659,98.295988,-219.410868,
0.000000,0.000000,0.000000,0.000000,0.000000,0.000000,0.000000,0.000000,0.000000,0.000000,0.000000,0.000000,0.000000,0.000000,0.000000,0.000000,0.000000,0.000000,0.000000,0.000000,0.000000,0.000000,0.000000,0.000000,0.000000,0.000000,0.000000,0.000000,0.000000,0.000000,0.000000,0.000000,0.000000,0.000000,0.000000,0.000000,0.000000,0.000000,0.000000,0.000000,0.000000,0.000000,0.000000,0.000000,0.000000,0.000000,0.000000,0.000000,0.000000,0.000000,0.000000,0.000000,275.554301,296.414836,-359.195009,278.448537,300.720786,-391.744408,278.182424,300.781374,-391.728209,277.903519,300.856871,-391.748821,278.630397,300.534568,-368.059484,278.512624,300.456895,-368.156782,278.333867,300.392896,-368.232600,272.990773,299.188309,-349.842924,274.135641,297.881035,-348.061702,270.145747,291.135077,-358.783503,270.569000,290.671231,-342.410761,319.935959,302.418580,-219.071823,255.219193,302.762532,-243.187157,280.365471,264.260115,-177.770801,240.809682,233.869267,-162.806671,275.755666,213.648685,-175.100685,259.652323,200.133004,-145.118294,255.131767,206.205028,-190.685472,257.731262,189.751568,-156.273829,254.360825,206.322006,-220.258301,265.779203,191.182245,-194.327148,251.753311,208.409134,-187.208768,264.629733,194.172191,-147.352041,299.961405,306.178356,18.395530,268.924574,309.043361,-18.231917,309.819570,221.873534,-70.125628,259.763417,226.397438,-144.586359,331.541519,174.274235,8.673418,254.449860,130.695316,-107.885168,327.482376,0.000000,11.452480,252.947708,123.162781,-86.841365,347.037690,144.177893,-51.059937,247.032659,0.000000,-191.984510,
0.000000,0.000000,0.000000,0.000000,0.000000,0.000000,0.000000,0.000000,0.000000,0.000000,0.000000,0.000000,0.000000,0.000000,0.000000,0.000000,0.000000,0.000000,0.000000,0.000000,0.000000,0.000000,0.000000,0.000000,0.000000,0.000000,0.000000,0.000000,0.000000,0.000000,0.000000,0.000000,0.000000,0.000000,0.000000,0.000000,0.000000,0.000000,0.000000,0.000000,0.000000,0.000000,0.000000,0.000000,0.000000,0.000000,0.000000,0.000000,0.000000,0.000000,0.000000,0.000000,275.554301,296.414836,-321.006927,278.448537,300.720786,-353.265505,278.182424,300.781374,-353.255584,277.903519,300.856871,-353.277621,278.630397,300.534568,-331.179560,0.000000,300.456895,-331.267303,278.333867,300.392896,-331.344246,272.990773,332.431455,-314.449087,274.135641,297.881035,-316.419729,270.145747,323.483419,-322.483028,270.569000,290.671231,-308.169685,319.935959,332.660438,-219.071823,255.219193,302.762532,-243.187157,280.365471,264.260115,-177.770801,240.809682,233.869267,-162.806671,275.755666,213.648685,-175.100685,259.652323,200.133004,-145.118294,255.131767,206.205028,-190.685472,257.731262,189.751568,-0.000000,0.000000,206.322006,-220.258301,265.779203,191.182245,-161.939290,251.753311,208.409134,-187.208768,264.629733,194.172191,-147.352041,299.961405,306.178356,18.395530,268.924574,309.043361,-18.231917,309.819570,221.873534,-70.125628,259.763417,226.397438,-0.000000,0.000000,174.274235,8.673418,254.449860,141.586592,-131.537087,327.482376,162.597785,11.452480,252.947708,123.162781,-136.780637,347.037690,144.177893,-51.059937,247.032659,98.295988,-219.410868,
0.000000,0.000000,0.000000,0.000000,0.000000,0.000000,0.000000,0.000000,0.000000,0.000000,0.000000,0.000000,0.000000,0.000000,0.000000,0.000000,0.000000,0.000000,0.000000,0.000000,0.000000,0.000000,0.000000,0.000000,0.000000,0.000000,0.000000,0.000000,0.000000,0.000000,0.000000,0.000000,0.000000,0.000000,0.000000,0.000000,0.000000,0.000000,0.000000,0.000000,0.000000,0.000000,0.000000,0.000000,0.000000,0.000000,0.000000,0.000000,0.000000,0.000000,0.000000,0.000000,275.554301,0.000000,-359.195009,278.448537,300.720786,-353.265505,278.182424,300.781374,-353.255584,277.903519,300.856871,-353.277621,278.630397,0.000000,-368.059484,278.512624,0.000000,-368.156782,278.333867,300.392896,-368.232600,272.990773,332.431455,-349.842924,274.135641,297.881035,-348.061702,270.145747,291.135077,-322.483028,270.569000,290.671231,-342.410761,319.935959,332.660438,-219.071823,255.219193,302.762532,-243.187157,280.365471,264.260115,-177.770801,240.809682,233.869267,-189.941116,275.755666,213.648685,-175.100685,0.000000,200.133004,-145.118294,255.131767,206.205028,-190.685472,257.731262,189.751568,-156.273829,254.360825,206.322006,-220.258301,265.779203,191.182245,-194.327148,251.753311,208.409134,-187.208768,264.629733,194.172191,-147.352041,299.961405,328.048239,18.395530,268.924574,309.043361,-18.231917,309.819570,238.940729,-96.434402,259.763417,226.397438,-130.127723,331.541519,174.274235,8.673418,254.449860,141.586592,-107.885168,327.482376,162.597785,11.452480,252.947708,0.000000,-111.811001,347.037690,144.177893,-51.059937,247.032659,98.295988,-191.984510,
0.000000,0.000000,0.000000,0.000000,0.000000,0.000000,0.000000,0.000000,0.000000,0.000000,0.000000,0.000000,0.000000,0.000000,0.000000,0.000000,0.000000,0.000000,0.000000,0.000000,0.000000,0.000000,0.000000,0.000000,0.000000,0.000000,0.000000,0.000000,0.000000,0.000000,0.000000,0.000000,0.000000,0.000000,0.000000,0.000000,0.000000,0.000000,0.000000,0.000000,0.000000,0.000000,0.000000,0.000000,0.000000,0.000000,0.000000,0.000000,0.000000,0.000000,0.000000,0.000000,275.554301,296.414836,-282.818844,278.448537,300.720786,-314.786602,278.182424,300.781374,-314.782960,277.903519,300.856871,-314.806421,278.630397,300.534568,-294.299635,278.512624,300.456895,-294.377824,278.333867,300.392896,-294.455892,272.990773,332.431455,-314.449087,274.135641,297.881035,-316.419729,270.145747,323.483419,-286.182552,270.569000,290.671231,-273.928609,319.935959,332.660438,-219.071823,255.219193,302.762532,-243.187157,280.365471,0.000000,-177.770801,240.809682,233.869267,-189.941116,275.755666,213.648685,-204.051849,259.652323,200.133004,-145.118294,255.131767,206.205028,-190.685472,257.731262,189.751568,-156.273829,254.360825,0.000000,-220.258301,265.779203,191.182245,-161.939290,251.753311,208.409134,-0.000000,264.629733,194.172191,-147.352041,299.961405,306.178356,18.395530,268.924574,309.043361,-18.231917,309.819570,0.000000,-70.125628,259.763417,0.000000,-0.000000,331.541519,174.274235,8.673418,254.449860,141.586592,-107.885168,327.482376,162.597785,11.452480,252.947708,133.426346,-111.811001,347.037690,144.177893,-51.059937,247.032659,107.231987,-191.984510,
0.000000,0.000000,0.000000,0.000000,0.000000,0.000000,0.000000,0.000000,0.000000,0.000000,0.000000,0.000000,0.000000,0.000000,0.000000,0.000000,0.000000,0.000000,0.000000,0.000000,0.000000,0.000000,0.000000,0.000000,0.000000,0.000000,0.000000,0.000000,0.000000,0.000000,0.000000,0.000000,0.000000,0.000000,0.000000,0.000000,0.000000,0.000000,0.000000,0.000000,0.000000,0.000000,0.000000,0.000000,0.000000,0.000000,0.000000,0.000000,0.000000,0.000000,0.000000,0.000000,275.554301,296.414836,-282.818844,278.448537,300.720786,-276.307699,278.182424,300.781374,-276.310336,277.903519,300.856871,-276.335221,278.630397,300.534568,-294.299635,278.512624,300.456895,-294.377824,278.333867,300.392896,-294.455892,272.990773,299.188309,-314.449087,274.135641,297.881035,-284.777756,270.145747,323.483419,-249.882077,270.569000,290.671231,-273.928609,295.325501,332.660438,-219.071823,280.741112,302.762532,-243.187157,280.365471,264.260115,-177.770801,264.890650,233.869267,-189.941116,275.755666,213.648685,-204.051849,259.652323,200.133004,-145.118294,255.131767,206.205028,-221.952306,257.731262,189.751568,-156.273829,254.360825,206.322006,-220.258301,265.779203,191.182245,-161.939290,251.753311,208.409134,-216.119095,264.629733,194.172191,-147.352041,299.961405,306.178356,11.303298,289.611079,309.043361,-11.116834,287.689600,221.873534,-70.125628,279.745219,226.397438,-101.210452,309.438751,151.037670,-31.760823,275.654015,141.586592,-84.233248,327.482376,162.597785,-30.317933,274.026684,133.426346,-61.871729,297.460877,113.282630,-93.615982,269.490174,107.231987,-137.131793,
0.000000,0.000000,0.000000,0.000000,0.000000,0.000000,0.000000,0.000000,0.000000,0.000000,0.000000,0.000000,0.000000,0.000000,0.000000,0.000000,0.000000,0.000000,0.000000,0.000000,0.000000,0.000000,0.000000,0.000000,0.000000,0.000000,0.000000,0.000000,0.000000,0.000000,0.000000,0.000000,0.000000,0.000000,0.000000,0.000000,0.000000,0.000000,0.000000,0.000000,0.000000,0.000000,0.000000,0.000000,0.000000,0.000000,0.000000,0.000000,0.000000,0.000000,0.000000,0.000000,275.554301,296.414836,-282.818844,278.448537,300.720786,-314.786602,278.182424,0.000000,-314.782960,277.903519,300.856871,-314.806421,278.630397,300.534568,-294.299635,278.512624,300.456895,-294.377824,278.333867,300.392896,-294.455892,272.990773,299.188309,-314.449087,274.135641,297.881035,-316.419729,270.145747,291.135077,-286.182552,270.569000,290.671231,-273.928609,295.325501,332.660438,-219.071823,0.000000,302.762532,-243.187157,280.365471,264.260115,-177.770801,264.890650,233.869267,-217.075562,275.755666,213.648685,-204.051849,259.652323,200.133004,-174.141952,255.131767,206.205028,-221.952306,257.731262,189.751568,-187.528595,254.360825,206.322006,-220.258301,265.779203,191.182245,-194.327148,251.753311,208.409134,-216.119095,264.629733,0.000000,-176.822449,299.961405,328.048239,18.395530,268.924574,309.043361,-18.231917,287.689600,238.940729,-70.125628,279.745219,226.397438,-101.210452,309.438751,151.037670,8.673418,275.654015,141.586592,-60.581328,327.482376,162.597785,11.452480,274.026684,133.426346,-61.871729,322.249283,123.581051,-93.615982,269.490174,107.231987,-137.131793,
0.000000,0.000000,0.000000,0.000000,0.000000,0.000000,0.000000,0.000000,0.000000,0.000000,0.000000,0.000000,0.000000,0.000000,0.000000,0.000000,0.000000,0.000000,0.000000,0.000000,0.000000,0.000000,0.000000,0.000000,0.000000,0.000000,0.000000,0.000000,0.000000,0.000000,0.000000,0.000000,0.000000,0.000000,0.000000,0.000000,0.000000,0.000000,0.000000,0.000000,0.000000,0.000000,0.000000,0.000000,0.000000,0.000000,0.000000,0.000000,0.000000,0.000000,0.000000,0.000000,275.554301,296.414836,-397.383092,278.448537,300.720786,-391.744408,278.182424,300.781374,-391.728209,277.903519,300.856871,-391.748821,278.630397,300.534568,-368.059484,278.512624,300.456895,-368.156782,278.333867,300.392896,-368.232600,272.990773,332.431455,-349.842924,274.135641,0.000000,-348.061702,270.145747,323.483419,-358.783503,270.569000,0.000000,-342.410761,295.325501,332.660438,-250.439292,255.219193,302.762532,-243.187157,280.365471,264.260115,-177.770801,240.809682,233.869267,-217.075562,275.755666,0.000000,-0.000000,259.652323,200.133004,-203.165611,255.131767,206.205028,-221.952306,257.731262,189.751568,-218.783361,254.360825,206.322006,-251.916987,265.779203,191.182245,-226.715006,251.753311,208.409134,-216.119095,264.629733,194.172191,-206.292857,299.961405,306.178356,18.395530,268.924574,309.043361,-18.231917,309.819570,221.873534,-43.816853,279.745219,226.397438,-144.586359,331.541519,162.655953,49.107658,254.449860,141.586592,-84.233248,327.482376,162.597785,53.222893,274.026684,133.426346,-86.841365,347.037690,144.177893,-8.503891,269.490174,107.231987,-191.984510,
0.000000,0.000000,0.000000,0.000000,0.000000,0.000000,0.000000,0.000000,0.000000,0.000000,0.000000,0.000000,0.000000,0.000000,0.000000,0.000000,0.000000,0.000000,0.000000,0.000000,0.000000,0.000000,0.000000,0.000000,0.000000,0.000000,0.000000,0.000000,0.000000,0.000000,0.000000,0.000000,0.000000,0.000000,0.000000,0.000000,0.000000,0.000000,0.000000,0.000000,0.000000,0.000000,0.000000,0.000000,0.000000,0.000000,0.000000,0.000000,0.000000,0.000000,0.000000,0.000000,275.554301,296.414836,-244.630762,278.448537,300.720786,-237.828797,278.182424,300.781374,-237.837711,277.903519,300.856871,-237.864021,278.630397,300.534568,-257.419711,278.512624,300.456895,-257.488344,278.333867,300.392896,-257.567539,272.990773,299.188309,-279.055249,274.135641,297.881035,-284.777756,270.145747,291.135077,-249.882077,270.569000,290.671231,-0.000000,295.325501,332.660438,-0.000000,0.000000,302.762532,-216.166362,280.365471,264.260115,-177.770801,264.890650,233.869267,-189.941116,275.755666,213.648685,-204.051849,259.652323,200.133004,-174.141952,255.131767,206.205028,-221.952306,257.731262,189.751568,-187.528595,254.360825,206.322006,-220.258301,265.779203,191.182245,-194.327148,251.753311,208.409134,-216.119095,264.629733,194.172191,-176.822449,299.961405,328.048239,18.395530,289.611079,331.117887,-18.231917,309.819570,238.940729,-70.125628,259.763417,226.397438,-130.127723,331.541519,162.655953,8.673418,254.449860,141.586592,-107.885168,327.482376,162.597785,11.452480,252.947708,133.426346,-111.811001,347.037690,144.177893,-51.059937,247.032659,98.295988,-191.984510,
0.000000,0.000000,0.000000,0.000000,0.000000,0.000000,0.000000,0.000000,0.000000,0.000000,0.000000,0.000000,0.000000,0.000000,0.000000,0.000000,0.000000,0.000000,0.000000,0.000000,0.000000,0.000000,0.000000,0.000000,0.000000,0.000000,0.000000,0.000000,0.000000,0.000000,0.000000,0.000000,0.000000,0.000000,0.000000,0.000000,0.000000,0.000000,0.000000,0.000000,0.000000,0.000000,0.000000,0.000000,0.000000,0.000000,0.000000,0.000000,0.000000,0.000000,0.000000,0.000000,275.554301,0.000000,-244.630762,278.448537,300.720786,-276.307699,278.182424,300.781374,-276.310336,277.903519,300.856871,-276.335221,278.630397,300.534568,-0.000000,278.512624,0.000000,-257.488344,278.333867,0.000000,-257.567539,272.990773,299.188309,-279.055249,274.135641,297.881035,-0.000000,270.145747,291.135077,-249.882077,270.569000,290.671231,-239.687533,295.325501,332.660438,-219.071823,280.741112,302.762532,-216.166362,280.365471,264.260115,-177.770801,264.890650,233.869267,-162.806671,275.755666,213.648685,-204.051849,259.652323,200.133004,-116.094635,255.131767,206.205028,-221.952306,257.731262,189.751568,-125.019063,254.360825,206.322006,-220.258301,265.779203,212.424717,-129.551432,251.753311,208.409134,-187.208768,264.629733,215.746879,-117.881633,299.961405,328.048239,11.303298,268.924574,309.043361,-11.116834,309.819570,238.940729,-70.125628,259.763417,226.397438,-101.210452,0.000000,151.037670,-31.760823,275.654015,141.586592,-84.233248,327.482376,140.918080,-30.317933,274.026684,133.426346,-86.841365,322.249283,123.581051,-93.615982,269.490174,107.231987,-164.558151,
0.000000,0.000000,0.000000,0.000000,0.000000,0.000000,0.000000,0.000000,0.000000,0.000000,0.000000,0.000000,0.000000,0.000000,0.000000,0.000000,0.000000,0.000000,0.000000,0.000000,0.000000,0.000000,0.000000,0.000000,0.000000,0.000000,0.000000,0.000000,0.000000,0.000000,0.000000,0.000000,0.000000,0.000000,0.000000,0.000000,0.000000,0.000000,0.000000,0.000000,0.000000,0.000000,0.000000,0.000000,0.000000,0.000000,0.000000,0.000000,0.000000,0.000000,0.000000,0.000000,275.554301,296.414836,-244.630762,278.448537,300.720786,-276.307699,278.182424,300.781374,-276.310336,277.903519,300.856871,-276.335221,278.630397,300.534568,-257.419711,278.512624,300.456895,-257.488344,278.333867,300.392896,-257.567539,272.990773,299.188309,-279.055249,274.135641,297.881035,-284.777756,270.145747,291.135077,-249.882077,270.569000,290.671231,-239.687533,295.325501,332.660438,-219.071823,280.741112,302.762532,-216.166362,280.365471,264.260115,-177.770801,264.890650,259.854741,-162.806671,275.755666,213.648685,-204.051849,259.652323,200.133004,-145.118294,255.131767,206.205028,-221.952306,257.731262,210.835075,-156.273829,254.360825,206.322006,-251.916987,265.779203,212.424717,-161.939290,251.753311,208.409134,-216.119095,264.629733,215.746879,-147.352041,299.961405,328.048239,18.395530,289.611079,309.043361,-11.116834,309.819570,238.940729,-70.125628,279.745219,226.397438,-115.669087,0.000000,162.655953,-31.760823,254.449860,141.586592,-107.885168,327.482376,151.757933,-30.317933,274.026684,133.426346,-111.811001,322.249283,123.581051,-93.615982,269.490174,107.231987,-191.984510,
0.000000,0.000000,0.000000,0.000000,0.000000,0.000000,0.000000,0.000000,0.000000,0.000000,0.000000,0.000000,0.000000,0.000000,0.000000,0.000000,0.000000,0.000000,0.000000,0.000000,0.000000,0.000000,0.000000,0.000000,0.000000,0.000000,0.000000,0.000000,0.000000,0.000000,0.000000,0.000000,0.000000,0.000000,0.000000,0.000000,0.000000,0.000000,0.000000,0.000000,0.000000,0.000000,0.000000,0.000000,0.000000,0.000000,0.000000,0.000000,0.000000,0.000000,0.000000,0.000000,0.000000,296.414836,-282.818844,278.448537,300.720786,-276.307699,278.182424,300.781374,-276.310336,277.903519,300.856871,-276.335221,278.630397,300.534568,-294.299635,278.512624,300.456895,-294.377824,278.333867,300.392896,-294.455892,272.990773,299.188309,-314.449087,274.135641,297.881035,-284.777756,270.145747,291.135077,-249.882077,270.569000,290.671231,-273.928609,295.325501,332.660438,-219.071823,280.741112,302.762532,-0.000000,280.365471,0.000000,-177.770801,264.890650,233.869267,-162.806671,248.180099,213.648685,-204.051849,259.652323,0.000000,-0.000000,255.131767,206.205028,-221.952306,257.731262,189.751568,-156.273829,254.360825,206.322006,-220.258301,265.779203,212.424717,-161.939290,251.753311,208.409134,-216.119095,264.629733,215.746879,-0.000000,299.961405,328.048239,11.303298,289.611079,309.043361,-0.000000,287.689600,238.940729,-70.125628,279.745219,226.397438,-72.293180,309.438751,151.037670,-31.760823,275.654015,152.477869,-60.581328,0.000000,140.918080,-30.317933,274.026684,133.426346,-61.871729,322.249283,113.282630,-93.615982,269.490174,116.167986,-137.131793,
0.000000,0.000000,0.000000,0.000000,0.000000,0.000000,0.000000,0.000000,0.000000,0.000000,0.000000,0.000000,0.000000,0.000000,0.000000,0.000000,0.000000,0.000000,0.000000,0.000000,0.000000,0.000000,0.000000,0.000000,0.000000,0.000000,0.000000,0.000000,0.000000,0.000000,0.000000,0.000000,0.000000,0.000000,0.000000,0.000000,0.000000,0.000000,0.000000,0.000000,0.000000,0.000000,0.000000,0.000000,0.000000,0.000000,0.000000,0.000000,0.000000,0.000000,0.000000,0.000000,0.000000,296.414836,-359.195009,278.448537,300.720786,-353.265505,278.182424,300.781374,-353.255584,277.903519,300.856871,-353.277621,278.630397,300.534568,-368.059484,278.512624,300.456895,-368.156782,278.333867,300.392896,-368.232600,272.990773,299.188309,-349.842924,274.135641,297.881035,-348.061702,270.145747,291.135077,-322.483028,270.569000,290.671231,-342.410761,295.325501,332.660438,-250.439292,280.741112,302.762532,-270.207952,280.365471,264.260115,-208.398206,264.890650,259.854741,-244.210007,248.180099,213.648685,-233.003013,259.652323,200.133004,-261.212929,255.131767,206.205028,-253.219141,257.731262,168.668060,-281.292892,254.360825,206.322006,-251.916987,265.779203,191.182245,-291.490723,251.753311,208.409134,-245.029422,264.629733,194.172191,-265.233673,299.961405,328.048239,18.395530,289.611079,331.117887,-18.231917,309.819570,238.940729,-70.125628,279.745219,226.397438,-115.669087,309.438751,162.655953,49.107658,254.449860,130.695316,-60.581328,327.482376,151.757933,0.000000,252.947708,123.162781,-61.871729,347.037690,133.879472,-8.503891,247.032659,98.295988,-191.984510,
0.000000,0.000000,0.000000,0.000000,0.000000,0.000000,0.000000,0.000000,0.000000,0.000000,0.000000,0.000000,0.000000,0.000000,0.000000,0.000000,0.000000,0.000000,0.000000,0.000000,0.000000,0.000000,0.000000,0.000000,0.000000,0.000000,0.000000,0.000000,0.000000,0.000000,0.000000,0.000000,0.000000,0.000000,0.000000,0.000000,0.000000,0.000000,0.000000,0.000000,0.000000,0.000000,0.000000,0.000000,0.000000,0.000000,0.000000,0.000000,0.000000,0.000000,0.000000,0.000000,275.554301,296.414836,-168.254597,278.448537,300.720786,-199.349894,278.182424,300.781374,-199.365087,277.903519,300.856871,-199.392821,278.630397,300.534568,-183.659862,278.512624,300.456895,-183.709386,278.333867,300.392896,-183.790831,272.990773,299.188309,-243.661411,274.135641,297.881035,-253.135783,270.145747,291.135077,-177.281126,270.569000,290.671231,-171.205381,295.325501,332.660438,-219.071823,280.741112,302.762532,-216.166362,280.365471,264.260115,-177.770801,264.890650,259.854741,-189.941116,248.180099,213.648685,-175.100685,259.652323,0.000000,-174.141952,255.131767,206.205028,-190.685472,257.731262,189.751568,-156.273829,254.360825,206.322006,-188.599615,265.779203,191.182245,-194.327148,251.753311,0.000000,-187.208768,264.629733,194.172191,-176.822449,299.961405,328.048239,11.303298,268.924574,331.117887,-11.116834,287.689600,238.940729,-70.125628,279.745219,226.397438,-86.751816,309.438751,151.037670,-31.760823,275.654015,152.477869,-60.581328,305.650218,140.918080,-30.317933,274.026684,143.689911,-61.871729,322.249283,123.581051,-93.615982,269.490174,116.167986,-137.131793,
0.000000,0.000000,0.000000,0.000000,0.000000,0.000000,0.000000,0.000000,0.000000,0.000000,0.000000,0.000000,0.000000,0.000000,0.000000,0.000000,0.000000,0.000000,0.000000,0.000000,0.000000,0.000000,0.000000,0.000000,0.000000,0.000000,0.000000,0.000000,0.000000,0.000000,0.000000,0.000000,0.000000,0.000000,0.000000,0.000000,0.000000,0.000000,0.000000,0.000000,0.000000,0.000000,0.000000,0.000000,0.000000,0.000000,0.000000,0.000000,0.000000,0.000000,0.000000,0.000000,275.554301,296.414836,-244.630762,278.448537,300.720786,-237.828797,278.182424,300.781374,-237.837711,277.903519,300.856871,-237.864021,278.630397,300.534568,-257.419711,0.000000,300.456895,-257.488344,278.333867,300.392896,-257.567539,272.990773,299.188309,-279.055249,274.135641,297.881035,-284.777756,270.145747,291.135077,-213.581601,270.569000,290.671231,-239.687533,319.935959,332.660438,-187.704355,0.000000,302.762532,-216.166362,280.365471,264.260115,-177.770801,240.809682,259.854741,-217.075562,275.755666,213.648685,-175.100685,259.652323,0.000000,-203.165611,255.131767,206.205028,-190.685472,257.731262,189.751568,-218.783361,254.360825,206.322006,-220.258301,265.779203,191.182245,-226.715006,251.753311,208.409134,-187.208768,264.629733,194.172191,-206.292857,299.961405,328.048239,18.395530,268.924574,309.043361,-18.231917,309.819570,238.940729,-70.125628,259.763417,226.397438,-115.669087,309.438751,162.655953,-31.760823,254.449860,152.477869,-60.581328,327.482376,151.757933,-30.317933,252.947708,143.689911,-61.871729,347.037690,144.177893,-0.000000,247.032659,116.167986,-137.131793,
0.000000,0.000000,0.000000,0.000000,0.000000,0.000000,0.000000,0.000000,0.000000,0.000000,0.000000,0.000000,0.000000,0.000000,0.000000,0.000000,0.000000,0.000000,0.000000,0.000000,0.000000,0.000000,0.000000,0.000000,0.000000,0.000000,0.000000,0.000000,0.000000,0.000000,0.000000,0.000000,0.000000,0.000000,0.000000,0.000000,0.000000,0.000000,0.000000,0.000000,0.000000,0.000000,0.000000,0.000000,0.000000,0.000000,0.000000,0.000000,0.000000,0.000000,0.000000,0.000000,275.554301,296.414836,-321.006927,278.448537,300.720786,-314.786602,278.182424,300.781374,-314.782960,277.903519,300.856871,-314.806421,0.000000,300.534568,-331.179560,278.512624,300.456895,-331.267303,278.333867,300.392896,-0.000000,272.990773,299.188309,-314.449087,274.135641,297.881035,-348.061702,270.145747,291.135077,-286.182552,270.569000,290.671231,-308.169685,319.935959,332.660438,-219.071823,255.219193,302.762532,-270.207952,280.365471,264.260115,-177.770801,0.000000,259.854741,-217.075562,275.755666,213.648685,-204.051849,259.652323,200.133004,-203.165611,255.131767,206.205028,-190.685472,257.731262,189.751568,-218.783361,254.360825,206.322006,-220.258301,265.779203,191.182245,-226.715006,251.753311,208.409134,-187.208768,264.629733,194.172191,-206.292857,299.961405,328.048239,18.395530,268.924574,331.117887,-18.231917,309.819570,238.940729,-70.125628,259.763417,226.397438,-101.210452,331.541519,162.655953,8.673418,254.449860,0.000000,-84.233248,327.482376,162.597785,11.452480,252.947708,133.426346,-61.871729,347.037690,144.177893,-51.059937,247.032659,98.295988,-164.558151,
0.000000,0.000000,0.000000,0.000000,0.000000,0.000000,0.000000,0.000000,0.000000,0.000000,0.000000,0.000000,0.000000,0.000000,0.000000,0.000000,0.000000,0.000000,0.000000,0.000000,0.000000,0.000000,0.000000,0.000000,0.000000,0.000000,0.000000,0.000000,0.000000,0.000000,0.000000,0.000000,0.000000,0.000000,0.000000,0.000000,0.000000,0.000000,0.000000,0.000000,0.000000,0.000000,0.000000,0.000000,0.000000,0.000000,0.000000,0.000000,0.000000,0.000000,0.000000,0.000000,275.554301,296.414836,-321.006927,278.448537,300.720786,-314.786602,278.182424,0.000000,-314.782960,277.903519,300.856871,-314.806421,278.630397,300.534568,-331.179560,278.512624,300.456895,-331.267303,278.333867,300.392896,-331.344246,300.289851,299.188309,-314.449087,274.135641,330.978927,-316.419729,270.145747,291.135077,-286.182552,270.569000,322.968035,-308.169685,0.000000,332.660438,-219.071823,255.219193,333.038785,-243.187157,280.365471,264.260115,-177.770801,240.809682,259.854741,-162.806671,275.755666,213.648685,-204.051849,259.652323,200.133004,-116.094635,255.131767,206.205028,-190.685472,257.731262,210.835075,-125.019063,254.360825,206.322006,-220.258301,265.779203,212.424717,-161.939290,251.753311,208.409134,-187.208768,264.629733,215.746879,-147.352041,299.961405,328.048239,11.303298,268.924574,331.117887,-11.116834,309.819570,238.940729,-70.125628,259.763417,226.397438,-86.751816,331.541519,162.655953,-31.760823,254.449860,141.586592,-60.581328,327.482376,162.597785,-30.317933,252.947708,133.426346,-61.871729,347.037690,123.581051,-93.615982,247.032659,107.231987,-137.131793,
0.000000,0.000000,0.000000,0.000000,0.000000,0.000000,0.000000,0.000000,0.000000,0.000000,0.000000,0.000000,0.000000,0.000000,0.000000,0.000000,0.000000,0.000000,0.000000,0.000000,0.000000,0.000000,0.000000,0.000000,0.000000,0.000000,0.000000,0.000000,0.000000,0.000000,0.000000,0.000000,0.000000,0.000000,0.000000,0.000000,0.000000,0.000000,0.000000,0.000000,0.000000,0.000000,0.000000,0.000000,0.000000,0.000000,0.000000,0.000000,0.000000,0.000000,0.000000,0.000000,275.554301,296.414836,-282.818844,278.448537,300.720786,-314.786602,278.182424,300.781374,-314.782960,277.903519,300.856871,-314.806421,278.630397,300.534568,-331.179560,0.000000,300.456895,-331.267303,278.333867,300.392896,-331.344246,300.289851,299.188309,-314.449087,274.135641,330.978927,-316.419729,297.160321,291.135077,-286.182552,270.569000,322.968035,-308.169685,319.935959,332.660438,-219.071823,255.219193,333.038785,-243.187157,280.365471,264.260115,-208.398206,240.809682,0.000000,-189.941116,275.755666,213.648685,-204.051849,259.652323,200.133004,-174.141952,255.131767,206.205028,-221.952306,257.731262,189.751568,-187.528595,254.360825,206.322006,-220.258301,265.779203,212.424717,-194.327148,251.753311,208.409134,-216.119095,264.629733,215.746879,-176.822449,299.961405,328.048239,11.303298,268.924574,331.117887,-11.116834,287.689600,238.940729,-43.816853,279.745219,242.568684,-0.000000,309.438751,151.037670,-31.760823,296.858170,163.369145,-36.929409,305.650218,140.918080,-30.317933,295.105659,153.953476,-36.902093,322.249283,113.282630,-93.615982,314.405203,0.000000,-109.705434,
0.000000,0.000000,0.000000,0.000000,0.000000,0.000000,0.000000,0.000000,0.000000,0.000000,0.000000,0.000000,0.000000,0.000000,0.000000,0.000000,0.000000,0.000000,0.000000,0.000000,0.000000,0.000000,0.000000,0.000000,0.000000,0.000000,0.000000,0.000000,0.000000,0.000000,0.000000,0.000000,0.000000,0.000000,0.000000,0.000000,0.000000,0.000000,0.000000,0.000000,0.000000,0.000000,0.000000,0.000000,0.000000,0.000000,0.000000,0.000000,0.000000,0.000000,0.000000,0.000000,275.554301,296.414836,-359.195009,278.448537,300.720786,-353.265505,278.182424,300.781374,-353.255584,277.903519,300.856871,-353.277621,278.630397,300.534568,-368.059484,278.512624,300.456895,-368.156782,278.333867,300.392896,-368.232600,300.289851,299.188309,-349.842924,274.135641,330.978927,-348.061702,297.160321,291.135077,-322.483028,270.569000,322.968035,-342.410761,319.935959,332.660438,-250.439292,255.219193,333.038785,-270.207952,305.853241,264.260115,-208.398206,240.809682,259.854741,-244.210007,275.755666,0.000000,-204.051849,259.652323,200.133004,-232.189270,283.479741,206.205028,-221.952306,257.731262,189.751568,-250.038126,254.360825,206.322006,-220.258301,265.779203,191.182245,-259.102865,251.753311,0.000000,-216.119095,264.629733,194.172191,-235.763265,299.961405,0.000000,11.303298,268.924574,331.117887,-11.116834,287.689600,238.940729,-43.816853,279.745219,226.397438,-86.751816,309.438751,162.655953,8.673418,254.449860,141.586592,-36.929409,305.650218,151.757933,11.452480,252.947708,133.426346,-36.902093,347.037690,133.879472,-93.615982,269.490174,98.295988,-137.131793,
0.000000,0.000000,0.000000,0.000000,0.000000,0.000000,0.000000,0.000000,0.000000,0.000000,0.000000,0.000000,0.000000,0.000000,0.000000,0.000000,0.000000,0.000000,0.000000,0.000000,0.000000,0.000000,0.000000,0.000000,0.000000,0.000000,0.000000,0.000000,0.000000,0.000000,0.000000,0.000000,0.000000,0.000000,0.000000,0.000000,0.000000,0.000000,0.000000,0.000000,0.000000,0.000000,0.000000,0.000000,0.000000,0.000000,0.000000,0.000000,0.000000,0.000000,0.000000,0.000000,275.554301,296.414836,-397.383092,278.448537,300.720786,-391.744408,278.182424,300.781374,-391.728209,277.903519,300.856871,-391.748821,278.630397,300.534568,-404.939408,278.512624,300.456895,-405.046262,278.333867,300.392896,-405.120954,300.289851,332.431455,-349.842924,274.135641,330.978927,-0.000000,297.160321,323.483419,-358.783503,270.569000,322.968035,-376.651837,319.935959,332.660438,-250.439292,0.000000,333.038785,-297.228747,305.853241,264.260115,-208.398206,240.809682,259.854741,-271.344452,275.755666,213.648685,-204.051849,259.652323,200.133004,-290.236587,283.479741,206.205028,-221.952306,257.731262,189.751568,-0.000000,254.360825,206.322006,-0.000000,265.779203,191.182245,-356.266439,279.725901,208.409134,-216.119095,264.629733,194.172191,-294.704081,299.961405,328.048239,18.395530,268.924574,331.117887,-18.231917,287.689600,238.940729,-43.816853,279.745219,242.568684,-86.751816,287.335983,139.419388,8.673418,296.858170,163.369145,-60.581328,283.818059,130.078228,11.452480,295.105659,153.953476,-0.000000,322.249283,113.282630,-93.615982,314.405203,134.039984,-137.131793,
0.000000,0.000000,0.000000,0.000000,0.000000,0.000000,0.000000,0.000000,0.000000,0.000000,0.000000,0.000000,0.000000,0.000000,0.000000,0.000000,0.000000,0.000000,0.000000,0.000000,0.000000,0.000000,0.000000,0.000000,0.000000,0.000000,0.000000,0.000000,0.000000,0.000000,0.000000,0.000000,0.000000,0.000000,0.000000,0.000000,0.000000,0.000000,0.000000,0.000000,0.000000,0.000000,0.000000,0.000000,0.000000,0.000000,0.000000,0.000000,0.000000,0.000000,0.000000,0.000000,275.554301,296.414836,-397.383092,278.448537,300.720786,-391.744408,306.000666,300.781374,-391.728209,305.693871,300.856871,-0.000000,278.630397,300.534568,-404.939408,278.512624,300.456895,-405.046262,278.333867,300.392896,-405.120954,300.289851,332.431455,-349.842924,274.135641,330.978927,-379.703674,297.160321,323.483419,-358.783503,270.569000,322.968035,-376.651837,319.935959,332.660438,-250.439292,255.219193,333.038785,-297.228747,305.853241,290.686127,-177.770801,240.809682,259.854741,-298.478897,275.755666,237.387428,-146.149521,259.652323,200.133004,-319.260246,283.479741,206.205028,-159.418637,257.731262,189.751568,-343.802424,282.623139,229.246673,-188.599615,265.779203,191.182245,-356.266439,279.725901,231.565705,-158.298442,264.629733,194.172191,-324.174489,299.961405,328.048239,25.487762,268.924574,331.117887,-25.347000,309.819570,238.940729,-17.508079,279.745219,226.397438,-101.210452,309.438751,162.655953,49.107658,254.449860,141.586592,-84.233248,305.650218,151.757933,53.222893,252.947708,133.426346,-86.841365,347.037690,133.879472,-8.503891,0.000000,98.295988,-191.984510,
0.000000,0.000000,0.000000,0.000000,0.000000,0.000000,0.000000,0.000000,0.000000,0.000000,0.000000,0.000000,0.000000,0.000000,0.000000,0.000000,0.000000,0.000000,0.000000,0.000000,0.000000,0.000000,0.000000,0.000000,0.000000,0.000000,0.000000,0.000000,0.000000,0.000000,0.000000,0.000000,0.000000,0.000000,0.000000,0.000000,0.000000,0.000000,0.000000,0.000000,0.000000,0.000000,0.000000,0.000000,0.000000,0.000000,0.000000,0.000000,0.000000,0.000000,0.000000,0.000000,303.109731,296.414836,-397.383092,306.293391,300.720786,-391.744408,306.000666,334.201527,-0.000000,305.693871,334.285412,-391.748821,278.630397,300.534568,-404.939408,278.512624,333.840995,-405.046262,278.333867,333.769884,-405.120954,300.289851,332.431455,-349.842924,274.135641,330.978927,-379.703674,0.000000,323.483419,-358.783503,297.625900,322.968035,-376.651837,319.935959,332.660438,-250.439292,255.219193,333.038785,-297.228747,305.853241,290.686127,-177.770801,240.809682,259.854741,-298.478897,0.000000,237.387428,-175.100685,259.652323,200.133004,-319.260246,283.479741,206.205028,-0.000000,257.731262,189.751568,-343.802424,282.623139,229.246673,-220.258301,265.779203,191.182245,-0.000000,279.725901,231.565705,-187.208768,264.629733,194.172191,-324.174489,299.961405,328.048239,32.579994,268.924574,331.117887,-32.462083,309.819570,238.940729,-17.508079,279.745219,226.397438,-101.210452,331.541519,174.274235,49.107658,254.449860,141.586592,-84.233248,305.650218,162.597785,53.222893,252.947708,133.426346,-86.841365,347.037690,144.177893,-51.059937,269.490174,107.231987,-191.984510,
0.000000,0.000000,0.000000,0.000000,0.000000,0.000000,0.000000,0.000000,0.000000,0.000000,0.000000,0.000000,0.000000,0.000000,0.000000,0.000000,0.000000,0.000000,0.000000,0.000000,0.000000,0.000000,0.000000,0.000000,0.000000,0.000000,0.000000,0.000000,0.000000,0.000000,0.000000,0.000000,0.000000,0.000000,0.000000,0.000000,0.000000,0.000000,0.000000,0.000000,0.000000,0.000000,0.000000,0.000000,0.000000,0.000000,0.000000,0.000000,0.000000,0.000000,0.000000,0.000000,303.109731,329.349818,-397.383092,306.293391,334.134207,-391.744408,306.000666,334.201527,-391.728209,305.693871,334.285412,-391.748821,306.493436,333.927297,-404.939408,306.363886,333.840995,-405.046262,278.333867,333.769884,-405.120954,300.289851,332.431455,-349.842924,274.135641,330.978927,-379.703674,297.160321,323.483419,-358.783503,297.625900,322.968035,-376.651837,319.935959,362.902296,-250.439292,255.219193,333.038785,-0.000000,305.853241,290.686127,-177.770801,240.809682,259.854741,-298.478897,303.331233,237.387428,-175.100685,259.652323,200.133004,-319.260246,283.479741,0.000000,-159.418637,257.731262,189.751568,-343.802424,282.623139,229.246673,-188.599615,265.779203,191.182245,-356.266439,279.725901,231.565705,-187.208768,264.629733,194.172191,-324.174489,299.961405,328.048239,32.579994,248.238068,0.000000,-32.462083,309.819570,238.940729,-17.508079,279.745219,226.397438,-0.000000,331.541519,174.274235,8.673418,254.449860,130.695316,-107.885168,305.650218,162.597785,11.452480,252.947708,123.162781,-0.000000,347.037690,144.177893,-51.059937,247.032659,98.295988,-191.984510,
0.000000,0.000000,0.000000,0.000000,0.000000,0.000000,0.000000,0.000000,0.000000,0.000000,0.000000,0.000000,0.000000,0.000000,0.000000,0.000000,0.000000,0.000000,0.000000,0.000000,0.000000,0.000000,0.000000,0.000000,0.000000,0.000000,0.000000,0.000000,0.000000,0.000000,0.000000,0.000000,0.000000,0.000000,0.000000,0.000000,0.000000,0.000000,0.000000,0.000000,0.000000,0.000000,0.000000,0.000000,0.000000,0.000000,0.000000,0.000000,0.000000,0.000000,0.000000,0.000000,303.109731,329.349818,-0.000000,306.293391,334.134207,-353.265505,306.000666,334.201527,-353.255584,305.693871,334.285412,-353.277621,306.493436,333.927297,-368.059484,306.363886,333.840995,-368.156782,306.167254,333.769884,-368.232600,300.289851,332.431455,-314.449087,301.549205,330.978927,-348.061702,297.160321,323.483419,-322.483028,297.625900,0.000000,-342.410761,319.935959,362.902296,-187.704355,255.219193,333.038785,-297.228747,305.853241,290.686127,-116.515992,240.809682,285.840215,-271.344452,303.331233,237.387428,-88.247192,259.652323,222.370005,-290.236587,283.479741,229.116697,-96.884967,257.731262,189.751568,-312.547658,282.623139,229.246673,-125.282244,265.779203,191.182245,-323.878581,279.725901,231.565705,-100.477788,264.629733,215.746879,-294.704081,299.961405,306.178356,32.579994,248.238068,309.043361,-32.462083,309.819570,238.940729,8.800695,259.763417,226.397438,-130.127723,331.541519,174.274235,49.107658,254.449860,119.804040,-0.000000,327.482376,162.597785,53.222893,252.947708,112.899216,-136.780637,347.037690,144.177893,-8.503891,247.032659,89.359989,-219.410868,
0.000000,0.000000,0.000000,0.000000,0.000000,0.000000,0.000000,0.000000,0.000000,0.000000,0.000000,0.000000,0.000000,0.000000,0.000000,0.000000,0.000000,0.000000,0.000000,0.000000,0.000000,0.000000,0.000000,0.000000,0.000000,0.000000,0.000000,0.000000,0.000000,0.000000,0.000000,0.000000,0.000000,0.000000,0.000000,0.000000,0.000000,0.000000,0.000000,0.000000,0.000000,0.000000,0.000000,0.000000,0.000000,0.000000,0.000000,0.000000,0.000000,0.000000,0.000000,0.000000,303.109731,329.349818,-321.006927,306.293391,0.000000,-314.786602,306.000666,334.201527,-314.782960,305.693871,334.285412,-353.277621,306.493436,333.927297,-331.179560,306.363886,333.840995,-331.267303,306.167254,333.769884,-331.344246,300.289851,332.431455,-279.055249,301.549205,330.978927,-348.061702,297.160321,323.483419,-322.483028,297.625900,322.968035,-308.169685,319.935959,362.902296,-187.704355,0.000000,333.038785,-297.228747,305.853241,317.112138,-116.515992,240.809682,285.840215,-298.478897,303.331233,261.126171,-88.247192,259.652323,222.370005,-319.260246,283.479741,229.116697,-96.884967,257.731262,210.835075,-0.000000,282.623139,229.246673,-125.282244,265.779203,212.424717,-356.266439,279.725901,231.565705,-100.477788,264.629733,215.746879,-324.174489,276.887451,306.178356,32.579994,248.238068,309.043361,-32.462083,309.819570,256.007924,8.800695,259.763417,226.397438,-144.586359,331.541519,174.274235,49.107658,254.449860,119.804040,-131.537087,327.482376,162.597785,53.222893,231.868732,112.899216,-136.780637,347.037690,144.177893,-8.503891,247.032659,89.359989,-219.410868,
0.000000,0.000000,0.000000,0.000000,0.000000,0.000000,0.000000,0.000000,0.000000,0.000000,0.000000,0.000000,0.000000,0.000000,0.000000,0.000000,0.000000,0.000000,0.000000,0.000000,0.000000,0.000000,0.000000,0.000000,0.000000,0.000000,0.000000,0.000000,0.000000,0.000000,0.000000,0.000000,0.000000,0.000000,0.000000,0.000000,0.000000,0.000000,0.000000,0.000000,0.000000,0.000000,0.000000,0.000000,0.000000,0.000000,0.000000,0.000000,0.000000,0.000000,0.000000,0.000000,303.109731,329.349818,-0.000000,306.293391,334.134207,-314.786602,306.000666,334.201527,-0.000000,305.693871,334.285412,-314.806421,306.493436,333.927297,-331.179560,306.363886,333.840995,-331.267303,306.167254,0.000000,-0.000000,327.588928,365.674600,-279.055249,301.549205,330.978927,-348.061702,324.174896,323.483419,-322.483028,297.625900,322.968035,-308.169685,319.935959,362.902296,-187.704355,255.219193,333.038785,-297.228747,305.853241,317.112138,-147.143397,240.809682,285.840215,-0.000000,303.331233,261.126171,-117.198356,259.652323,222.370005,-348.283905,311.827715,229.116697,-128.151802,257.731262,210.835075,-375.057190,282.623139,229.246673,-156.940930,265.779203,212.424717,-388.654297,307.698491,231.565705,-129.388115,264.629733,215.746879,-353.644898,276.887451,306.178356,32.579994,248.238068,309.043361,-32.462083,309.819570,256.007924,8.800695,259.763417,210.226193,-144.586359,331.541519,174.274235,49.107658,254.449860,119.804040,-155.189007,327.482376,162.597785,53.222893,231.868732,112.899216,-161.750273,371.826096,144.177893,-8.503891,247.032659,89.359989,-219.410868,
0.000000,0.000000,0.000000,0.000000,0.000000,0.000000,0.000000,0.000000,0.000000,0.000000,0.000000,0.000000,0.000000,0.000000,0.000000,0.000000,0.000000,0.000000,0.000000,0.000000,0.000000,0.000000,0.000000,0.000000,0.000000,0.000000,0.000000,0.000000,0.000000,0.000000,0.000000,0.000000,0.000000,0.000000,0.000000,0.000000,0.000000,0.000000,0.000000,0.000000,0.000000,0.000000,0.000000,0.000000,0.000000,0.000000,0.000000,0.000000,0.000000,0.000000,0.000000,0.000000,303.109731,329.349818,-359.195009,306.293391,334.134207,-353.265505,306.000666,334.201527,-353.255584,305.693871,334.285412,-353.277621,306.493436,333.927297,-368.059484,306.363886,333.840995,-368.156782,0.000000,333.769884,-368.232600,327.588928,365.674600,-279.055249,301.549205,364.076820,-379.703674,324.174896,355.831761,-322.483028,297.625900,322.968035,-342.410761,319.935959,362.902296,-187.704355,255.219193,363.315038,-324.249542,305.853241,317.112138,-147.143397,240.809682,285.840215,-352.747788,303.331233,261.126171,-175.100685,259.652323,244.607005,-348.283905,311.827715,0.000000,-190.685472,257.731262,210.835075,-375.057190,310.885453,252.171341,-188.599615,289.940949,212.424717,-388.654297,307.698491,254.722275,-0.000000,288.686982,215.746879,-353.644898,276.887451,306.178356,39.672226,248.238068,309.043361,-39.577166,309.819570,256.007924,8.800695,259.763417,210.226193,-187.962267,331.541519,174.274235,89.541898,0.000000,119.804040,-155.189007,327.482376,162.597785,94.993306,0.000000,112.899216,-161.750273,371.826096,154.476314,34.052154,247.032659,89.359989,-246.837227,
0.000000,0.000000,0.000000,0.000000,0.000000,0.000000,0.000000,0.000000,0.000000,0.000000,0.000000,0.000000,0.000000,0.000000,0.000000,0.000000,0.000000,0.000000,0.000000,0.000000,0.000000,0.000000,0.000000,0.000000,0.000000,0.000000,0.000000,0.000000,0.000000,0.000000,0.000000,0.000000,0.000000,0.000000,0.000000,0.000000,0.000000,0.000000,0.000000,0.000000,0.000000,0.000000,0.000000,0.000000,0.000000,0.000000,0.000000,0.000000,0.000000,0.000000,0.000000,0.000000,303.109731,362.284800,-435.571174,306.293391,367.547627,-430.223311,306.000666,367.621679,-430.200833,305.693871,367.713953,-430.220021,306.493436,367.320027,-441.819333,306.363886,0.000000,-441.935741,306.167254,367.146872,-442.009308,327.588928,365.674600,-349.842924,301.549205,364.076820,-411.345647,324.174896,355.831761,-0.000000,297.625900,355.264838,-410.892914,319.935959,362.902296,-250.439292,255.219193,363.315038,-378.291133,331.341011,317.112138,-147.143397,240.809682,285.840215,-379.882233,303.331233,261.126171,-0.000000,259.652323,244.607005,-377.307564,311.827715,252.028367,-190.685472,281.161377,231.918583,-437.566721,310.885453,252.171341,-220.258301,289.940949,233.667188,-421.042155,307.698491,254.722275,-187.208768,288.686982,237.321567,-383.115306,276.887451,306.178356,39.672226,248.238068,309.043361,-39.577166,0.000000,256.007924,8.800695,259.763417,210.226193,-187.962267,331.541519,174.274235,89.541898,254.449860,119.804040,-155.189007,327.482376,0.000000,94.993306,231.868732,112.899216,-161.750273,371.826096,144.177893,34.052154,247.032659,89.359989,-246.837227,
0.000000,0.000000,0.000000,0.000000,0.000000,0.000000,0.000000,0.000000,0.000000,0.000000,0.000000,0.000000,0.000000,0.000000,0.000000,0.000000,0.000000,0.000000,0.000000,0.000000,0.000000,0.000000,0.000000,0.000000,0.000000,0.000000,0.000000,0.000000,0.000000,0.000000,0.000000,0.000000,0.000000,0.000000,0.000000,0.000000,0.000000,0.000000,0.000000,0.000000,0.000000,0.000000,0.000000,0.000000,0.000000,0.000000,0.000000,0.000000,0.000000,0.000000,0.000000,0.000000,303.109731,362.284800,-435.571174,306.293391,367.547627,-430.223311,306.000666,367.621679,-430.200833,305.693871,367.713953,-430.220021,306.493436,367.320027,-478.699257,306.363886,0.000000,-478.825220,306.167254,367.146872,-478.897662,327.588928,365.674600,-385.236762,301.549205,364.076820,-442.987620,324.174896,355.831761,-395.083979,297.625900,355.264838,-445.133990,319.935959,393.144154,-250.439292,255.219193,363.315038,-378.291133,331.341011,317.112138,-147.143397,240.809682,311.825690,-379.882233,303.331233,261.126171,-175.100685,259.652323,244.607005,-377.307564,311.827715,252.028367,-190.685472,0.000000,231.918583,-406.311955,310.885453,252.171341,-188.599615,289.940949,233.667188,-421.042155,307.698491,254.722275,-187.208768,288.686982,237.321567,-383.115306,276.887451,306.178356,46.764459,248.238068,309.043361,-46.692250,309.819570,238.940729,8.800695,259.763417,210.226193,-187.962267,331.541519,174.274235,0.000000,254.449860,0.000000,-131.537087,327.482376,162.597785,136.763719,231.868732,112.899216,-111.811001,371.826096,144.177893,76.608200,247.032659,89.359989,-246.837227,
0.000000,0.000000,0.000000,0.000000,0.000000,0.000000,0.000000,0.000000,0.000000,0.000000,0.000000,0.000000,0.000000,0.000000,0.000000,0.000000,0.000000,0.000000,0.000000,0.000000,0.000000,0.000000,0.000000,0.000000,0.000000,0.000000,0.000000,0.000000,0.000000,0.000000,0.000000,0.000000,0.000000,0.000000,0.000000,0.000000,0.000000,0.000000,0.000000,0.000000,0.000000,0.000000,0.000000,0.000000,0.000000,0.000000,0.000000,0.000000,0.000000,0.000000,0.000000,0.000000,303.109731,362.284800,-473.759257,306.293391,367.547627,-468.702213,306.000666,367.621679,-0.000000,333.484222,367.713953,-507.162421,0.000000,367.320027,-515.579182,306.363886,367.225094,-515.714700,306.167254,367.146872,-515.786016,327.588928,398.917746,-0.000000,301.549205,0.000000,-474.629593,324.174896,355.831761,-467.684930,324.682800,355.264838,-479.375066,319.935959,393.144154,-250.439292,255.219193,363.315038,-405.311928,0.000000,343.538150,-147.143397,240.809682,311.825690,-407.016678,330.906799,284.864914,-175.100685,283.257080,244.607005,-435.354881,0.000000,274.940037,-190.685472,281.161377,231.918583,-468.821487,310.885453,275.096008,-220.258301,0.000000,233.667188,-485.817871,307.698491,277.878846,-187.208768,288.686982,237.321567,-442.056122,276.887451,306.178356,53.856691,227.551562,309.043361,-53.807333,309.819570,238.940729,-17.508079,279.745219,210.226193,-187.962267,331.541519,174.274235,129.976139,254.449860,130.695316,-107.885168,327.482376,0.000000,136.763719,231.868732,123.162781,-86.841365,371.826096,144.177893,34.052154,247.032659,89.359989,-191.984510,
0.000000,0.000000,0.000000,0.000000,0.000000,0.000000,0.000000,0.000000,0.000000,0.000000,0.000000,0.000000,0.000000,0.000000,0.000000,0.000000,0.000000,0.000000,0.000000,0.000000,0.000000,0.000000,0.000000,0.000000,0.000000,0.000000,0.000000,0.000000,0.000000,0.000000,0.000000,0.000000,0.000000,0.000000,0.000000,0.000000,0.000000,0.000000,0.000000,0.000000,0.000000,0.000000,0.000000,0.000000,0.000000,0.000000,0.000000,0.000000,0.000000,0.000000,0.000000,0.000000,330.665161,362.284800,-473.759257,306.293391,400.961048,-468.702213,333.818909,401.041832,-468.673457,333.484222,401.142494,-468.691221,306.493436,367.320027,-478.699257,306.363886,367.225094,-478.825220,306.167254,367.146872,-478.897662,327.588928,398.917746,-385.236762,301.549205,397.174713,-442.987620,324.174896,0.000000,-431.384454,0.000000,387.561642,-445.133990,319.935959,393.144154,-0.000000,255.219193,363.315038,-378.291133,331.341011,343.538150,-116.515992,240.809682,311.825690,-379.882233,330.906799,284.864914,-146.149521,283.257080,266.844006,-406.331222,311.827715,274.940037,-159.418637,281.161377,231.918583,-437.566721,310.885453,275.096008,-188.599615,289.940949,233.667188,-453.430013,307.698491,277.878846,-0.000000,288.686982,258.896255,-412.585714,276.887451,306.178356,53.856691,248.238068,309.043361,-53.807333,309.819570,256.007924,-43.816853,279.745219,210.226193,-173.503631,331.541519,174.274235,89.541898,254.449860,130.695316,-107.885168,327.482376,162.597785,94.993306,231.868732,123.162781,-86.841365,347.037690,144.177893,34.052154,247.032659,89.359989,-191.984510,
0.000000,0.000000,0.000000,0.000000,0.000000,0.000000,0.000000,0.000000,0.000000,0.000000,0.000000,0.000000,0.000000,0.000000,0.000000,0.000000,0.000000,0.000000,0.000000,0.000000,0.000000,0.000000,0.000000,0.000000,0.000000,0.000000,0.000000,0.000000,0.000000,0.000000,0.000000,0.000000,0.000000,0.000000,0.000000,0.000000,0.000000,0.000000,0.000000,0.000000,0.000000,0.000000,0.000000,0.000000,0.000000,0.000000,0.000000,0.000000,0.000000,0.000000,0.000000,0.000000,330.665161,395.219782,-435.571174,334.138245,400.961048,-430.223311,333.818909,401.041832,-430.200833,333.484222,401.142494,-430.220021,306.493436,400.712757,-441.819333,306.363886,400.609194,-441.935741,306.167254,400.523861,-442.009308,327.588928,398.917746,-314.449087,301.549205,397.174713,-411.345647,324.174896,388.180103,-395.083979,324.682800,387.561642,-410.892914,319.935959,393.144154,-187.704355,255.219193,363.315038,-351.270338,331.341011,343.538150,-85.888588,0.000000,311.825690,-379.882233,330.906799,284.864914,-117.198356,283.257080,266.844006,-377.307564,311.827715,274.940037,-128.151802,281.161377,253.002090,-437.566721,310.885453,0.000000,-156.940930,289.940949,254.909660,-421.042155,307.698491,277.878846,-129.388115,288.686982,258.896255,-383.115306,276.887451,306.178356,53.856691,0.000000,286.968835,-53.807333,309.819570,256.007924,-17.508079,279.745219,210.226193,-173.503631,331.541519,174.274235,89.541898,254.449860,130.695316,-107.885168,327.482376,162.597785,94.993306,231.868732,123.162781,-86.841365,347.037690,154.476314,34.052154,247.032659,89.359989,-191.984510,
0.000000,0.000000,0.000000,0.000000,0.000000,0.000000,0.000000,0.000000,0.000000,0.000000,0.000000,0.000000,0.000000,0.000000,0.000000,0.000000,0.000000,0.000000,0.000000,0.000000,0.000000,0.000000,0.000000,0.000000,0.000000,0.000000,0.000000,0.000000,0.000000,0.000000,0.000000,0.000000,0.000000,0.000000,0.000000,0.000000,0.000000,0.000000,0.000000,0.000000,0.000000,0.000000,0.000000,0.000000,0.000000,0.000000,0.000000,0.000000,0.000000,0.000000,0.000000,0.000000,330.665161,395.219782,-397.383092,334.138245,400.961048,-391.744408,333.818909,401.041832,-391.728209,333.484222,401.142494,-391.748821,334.356476,400.712757,-404.939408,306.363886,400.609194,-405.046262,306.167254,400.523861,-405.120954,327.588928,398.917746,-314.449087,301.549205,397.174713,-411.345647,324.174896,388.180103,-358.783503,324.682800,387.561642,-376.651837,319.935959,393.144154,-187.704355,255.219193,363.315038,-351.270338,0.000000,343.538150,-116.515992,264.890650,311.825690,-379.882233,330.906799,0.000000,-117.198356,283.257080,266.844006,-377.307564,0.000000,274.940037,-128.151802,281.161377,253.002090,-406.311955,339.147766,275.096008,-156.940930,289.940949,254.909660,-421.042155,335.671082,277.878846,-129.388115,288.686982,258.896255,-383.115306,276.887451,306.178356,53.856691,248.238068,286.968835,-53.807333,309.819570,256.007924,8.800695,259.763417,226.397438,-159.044995,331.541519,174.274235,129.976139,254.449860,130.695316,-107.885168,327.482376,162.597785,136.763719,231.868732,123.162781,-111.811001,347.037690,154.476314,76.608200,247.032659,89.359989,-191.984510,
0.000000,0.000000,0.000000,0.000000,0.000000,0.000000,0.000000,0.000000,0.000000,0.000000,0.000000,0.000000,0.000000,0.000000,0.000000,0.000000,0.000000,0.000000,0.000000,0.000000,0.000000,0.000000,0.000000,0.000000,0.000000,0.000000,0.000000,0.000000,0.000000,0.000000,0.000000,0.000000,0.000000,0.000000,0.000000,0.000000,0.000000,0.000000,0.000000,0.000000,0.000000,0.000000,0.000000,0.000000,0.000000,0.000000,0.000000,0.000000,0.000000,0.000000,0.000000,0.000000,330.665161,395.219782,-359.195009,334.138245,400.961048,-353.265505,333.818909,401.041832,-353.255584,333.484222,401.142494,-353.277621,334.356476,400.712757,-368.059484,334.215149,400.609194,-368.156782,334.000641,400.523861,-368.232600,327.588928,432.160891,-279.055249,301.549205,397.174713,-379.703674,324.174896,388.180103,-322.483028,324.682800,387.561642,-376.651837,319.935959,393.144154,-187.704355,255.219193,393.591292,-351.270338,331.341011,343.538150,-116.515992,264.890650,311.825690,-379.882233,330.906799,284.864914,-146.149521,283.257080,266.844006,-406.331222,340.175690,274.940037,-128.151802,281.161377,253.002090,-437.566721,339.147766,275.096008,-156.940930,289.940949,254.909660,-453.430013,335.671082,277.878846,-129.388115,288.686982,258.896255,-412.585714,276.887451,306.178356,53.856691,248.238068,286.968835,-53.807333,309.819570,256.007924,35.109469,259.763417,210.226193,-159.044995,331.541519,174.274235,129.976139,0.000000,130.695316,-107.885168,0.000000,162.597785,136.763719,231.868732,123.162781,-111.811001,347.037690,154.476314,76.608200,247.032659,89.359989,-219.410868,
0.000000,0.000000,0.000000,0.000000,0.000000,0.000000,0.000000,0.000000,0.000000,0.000000,0.000000,0.000000,0.000000,0.000000,0.000000,0.000000,0.000000,0.000000,0.000000,0.000000,0.000000,0.000000,0.000000,0.000000,0.000000,0.000000,0.000000,0.000000,0.000000,0.000000,0.000000,0.000000,0.000000,0.000000,0.000000,0.000000,0.000000,0.000000,0.000000,0.000000,0.000000,0.000000,0.000000,0.000000,0.000000,0.000000,0.000000,0.000000,0.000000,0.000000,0.000000,0.000000,330.665161,395.219782,-282.818844,334.138245,434.374469,-276.307699,333.818909,434.461985,-276.310336,333.484222,434.571036,-276.335221,334.356476,434.105487,-294.299635,334.215149,433.993293,-294.377824,334.000641,433.900849,-294.455892,327.588928,432.160891,-208.267574,301.549205,430.272606,-316.419729,324.174896,388.180103,-249.882077,324.682800,387.561642,-308.169685,319.935959,393.144154,-124.969418,280.741112,393.591292,-324.249542,331.341011,343.538150,-55.261183,264.890650,337.811164,-352.747788,330.906799,284.864914,-88.247192,283.257080,266.844006,-0.000000,0.000000,274.940037,-96.884967,281.161377,253.002090,-375.057190,339.147766,275.096008,-125.282244,289.940949,254.909660,-388.654297,335.671082,277.878846,-100.477788,288.686982,258.896255,-353.644898,276.887451,306.178356,60.948923,248.238068,309.043361,-0.000000,309.819570,256.007924,61.418244,259.763417,210.226193,-144.586359,331.541519,0.000000,170.410379,254.449860,119.804040,-107.885168,327.482376,162.597785,178.534132,231.868732,112.899216,-111.811001,371.826096,154.476314,119.164245,269.490174,0.000000,-219.410868,
0.000000,0.000000,0.000000,0.000000,0.000000,0.000000,0.000000,0.000000,0.000000,0.000000,0.000000,0.000000,0.000000,0.000000,0.000000,0.000000,0.000000,0.000000,0.000000,0.000000,0.000000,0.000000,0.000000,0.000000,0.000000,0.000000,0.000000,0.000000,0.000000,0.000000,0.000000,0.000000,0.000000,0.000000,0.000000,0.000000,0.000000,0.000000,0.000000,0.000000,0.000000,0.000000,0.000000,0.000000,0.000000,0.000000,0.000000,0.000000,0.000000,0.000000,0.000000,0.000000,330.665161,428.154763,-244.630762,334.138245,434.374469,-237.828797,333.818909,434.461985,-237.837711,333.484222,434.571036,-237.864021,0.000000,434.105487,-0.000000,334.215149,433.993293,-294.377824,334.000641,433.900849,-294.455892,327.588928,432.160891,-172.873736,301.549205,430.272606,-316.419729,324.174896,420.528445,-249.882077,324.682800,419.858445,-273.928609,319.935959,393.144154,-93.601949,280.741112,393.591292,-297.228747,331.341011,343.538150,-24.633779,264.890650,337.811164,-325.613342,0.000000,284.864914,-59.296028,283.257080,266.844006,-319.260246,340.175690,274.940037,-65.618132,304.591492,253.002090,-375.057190,339.147766,275.096008,-93.623558,289.940949,254.909660,-356.266439,335.671082,277.878846,-71.567462,312.744230,258.896255,-324.174489,276.887451,306.178356,60.948923,248.238068,309.043361,-60.922416,309.819570,256.007924,114.035792,259.763417,210.226193,-144.586359,331.541519,174.274235,210.844619,254.449860,119.804040,-131.537087,327.482376,0.000000,220.304545,231.868732,112.899216,-136.780637,371.826096,154.476314,161.720291,269.490174,89.359989,-219.410868,
0.000000,0.000000,0.000000,0.000000,0.000000,0.000000,0.000000,0.000000,0.000000,0.000000,0.000000,0.000000,0.000000,0.000000,0.000000,0.000000,0.000000,0.000000,0.000000,0.000000,0.000000,0.000000,0.000000,0.000000,0.000000,0.000000,0.000000,0.000000,0.000000,0.000000,0.000000,0.000000,0.000000,0.000000,0.000000,0.000000,0.000000,0.000000,0.000000,0.000000,0.000000,0.000000,0.000000,0.000000,0.000000,0.000000,0.000000,0.000000,0.000000,0.000000,0.000000,0.000000,330.665161,428.154763,-282.818844,334.138245,434.374469,-276.307699,333.818909,434.461985,-276.310336,333.484222,434.571036,-276.335221,334.356476,434.105487,-294.299635,334.215149,433.993293,-294.377824,334.000641,433.900849,-294.455892,327.588928,432.160891,-172.873736,0.000000,430.272606,-316.419729,324.174896,420.528445,-249.882077,324.682800,419.858445,-273.928609,319.935959,423.386012,-0.000000,280.741112,0.000000,-324.249542,331.341011,343.538150,-24.633779,264.890650,337.811164,-325.613342,0.000000,284.864914,-88.247192,306.861837,289.081006,-348.283905,340.175690,274.940037,-96.884967,304.591492,253.002090,-375.057190,339.147766,275.096008,-93.623558,314.102695,254.909660,-388.654297,0.000000,277.878846,-100.477788,312.744230,280.470943,-353.644898,276.887451,306.178356,68.041155,248.238068,309.043361,-68.037499,309.819570,256.007924,140.344566,0.000000,210.226193,-144.586359,331.541519,174.274235,251.278860,254.449860,130.695316,-131.537087,0.000000,162.597785,0.000000,231.868732,112.899216,-136.780637,371.826096,154.476314,204.276336,269.490174,98.295988,-246.837227,
0.000000,0.000000,0.000000,0.000000,0.000000,0.000000,0.000000,0.000000,0.000000,0.000000,0.000000,0.000000,0.000000,0.000000,0.000000,0.000000,0.000000,0.000000,0.000000,0.000000,0.000000,0.000000,0.000000,0.000000,0.000000,0.000000,0.000000,0.000000,0.000000,0.000000,0.000000,0.000000,0.000000,0.000000,0.000000,0.000000,0.000000,0.000000,0.000000,0.000000,0.000000,0.000000,0.000000,0.000000,0.000000,0.000000,0.000000,0.000000,0.000000,0.000000,0.000000,0.000000,330.665161,428.154763,-282.818844,334.138245,434.374469,-276.307699,333.818909,434.461985,-276.310336,333.484222,434.571036,-276.335221,334.356476,434.105487,-294.299635,334.215149,433.993293,-294.377824,334.000641,433.900849,-294.455892,327.588928,432.160891,-208.267574,328.962769,430.272606,-316.419729,351.189471,420.528445,-249.882077,324.682800,419.858445,-308.169685,319.935959,423.386012,-93.601949,280.741112,393.591292,-324.249542,331.341011,343.538150,-55.261183,288.971618,337.811164,-352.747788,330.906799,308.603656,-88.247192,306.861837,289.081006,-348.283905,340.175690,0.000000,-96.884967,304.591492,274.085598,-406.311955,339.147766,275.096008,-125.282244,314.102695,276.152132,-0.000000,335.671082,277.878846,-100.477788,312.744230,280.470943,-353.644898,299.961405,306.178356,68.041155,248.238068,309.043361,-68.037499,309.819570,256.007924,166.653341,259.763417,210.226193,-144.586359,331.541519,174.274235,332.147340,254.449860,119.804040,-131.537087,327.482376,162.597785,303.845372,231.868732,112.899216,-136.780637,371.826096,154.476314,289.388427,269.490174,98.295988,-246.837227,
0.000000,0.000000,0.000000,0.000000,0.000000,0.000000,0.000000,0.000000,0.000000,0.000000,0.000000,0.000000,0.000000,0.000000,0.000000,0.000000,0.000000,0.000000,0.000000,0.000000,0.000000,0.000000,0.000000,0.000000,0.000000,0.000000,0.000000,0.000000,0.000000,0.000000,0.000000,0.000000,0.000000,0.000000,0.000000,0.000000,0.000000,0.000000,0.000000,0.000000,0.000000,0.000000,0.000000,0.000000,0.000000,0.000000,0.000000,0.000000,0.000000,0.000000,0.000000,0.000000,358.220591,428.154763,-282.818844,334.138245,434.374469,-276.307699,333.818909,434.461985,-276.310336,333.484222,434.571036,-276.335221,334.356476,434.105487,-294.299635,334.215149,433.993293,-294.377824,334.000641,433.900849,-294.455892,327.588928,432.160891,-208.267574,328.962769,430.272606,-316.419729,351.189471,420.528445,-249.882077,0.000000,419.858445,-273.928609,319.935959,423.386012,-93.601949,280.741112,393.591292,-324.249542,331.341011,343.538150,-24.633779,288.971618,337.811164,-0.000000,330.906799,308.603656,-88.247192,306.861837,289.081006,-348.283905,340.175690,274.940037,-96.884967,304.591492,274.085598,-375.057190,339.147766,275.096008,-125.282244,314.102695,276.152132,-388.654297,335.671082,277.878846,-100.477788,312.744230,280.470943,-353.644898,299.961405,306.178356,68.041155,268.924574,309.043361,-68.037499,309.819570,256.007924,166.653341,259.763417,210.226193,-130.127723,331.541519,174.274235,291.713100,254.449860,119.804040,-107.885168,327.482376,162.597785,303.845372,231.868732,112.899216,-0.000000,371.826096,154.476314,246.832382,0.000000,89.359989,-246.837227,
0.000000,0.000000,0.000000,0.000000,0.000000,0.000000,0.000000,0.000000,0.000000,0.000000,0.000000,0.000000,0.000000,0.000000,0.000000,0.000000,0.000000,0.000000,0.000000,0.000000,0.000000,0.000000,0.000000,0.000000,0.000000,0.000000,0.000000,0.000000,0.000000,0.000000,0.000000,0.000000,0.000000,0.000000,0.000000,0.000000,0.000000,0.000000,0.000000,0.000000,0.000000,0.000000,0.000000,0.000000,0.000000,0.000000,0.000000,0.000000,0.000000,0.000000,0.000000,0.000000,358.220591,428.154763,-244.630762,361.983099,434.374469,-237.828797,361.637151,434.461985,-237.837711,361.274574,434.571036,-237.864021,362.219516,434.105487,-0.000000,334.215149,433.993293,-257.488344,334.000641,433.900849,-257.567539,327.588928,432.160891,-172.873736,328.962769,463.370498,-284.777756,351.189471,420.528445,-213.581601,351.739700,419.858445,-273.928609,344.546418,423.386012,-62.234481,0.000000,393.591292,-324.249542,331.341011,343.538150,-24.633779,0.000000,337.811164,-325.613342,330.906799,308.603656,-88.247192,306.861837,289.081006,-319.260246,340.175690,274.940037,-96.884967,328.021606,274.085598,-375.057190,339.147766,0.000000,-125.282244,314.102695,276.152132,-356.266439,335.671082,277.878846,-100.477788,312.744230,280.470943,-324.174489,299.961405,306.178356,75.133387,268.924574,309.043361,-75.152582,309.819570,256.007924,192.962115,259.763417,210.226193,-101.210452,331.541519,174.274235,332.147340,254.449860,119.804040,-60.581328,327.482376,151.757933,345.615785,231.868732,112.899216,-86.841365,371.826096,154.476314,289.388427,269.490174,89.359989,-191.984510,
0.000000,0.000000,0.000000,0.000000,0.000000,0.000000,0.000000,0.000000,0.000000,0.000000,0.000000,0.000000,0.000000,0.000000,0.000000,0.000000,0.000000,0.000000,0.000000,0.000000,0.000000,0.000000,0.000000,0.000000,0.000000,0.000000,0.000000,0.000000,0.000000,0.000000,0.000000,0.000000,0.000000,0.000000,0.000000,0.000000,0.000000,0.000000,0.000000,0.000000,0.000000,0.000000,0.000000,0.000000,0.000000,0.000000,0.000000,0.000000,0.000000,0.000000,0.000000,0.000000,358.220591,428.154763,-206.442679,361.983099,434.374469,-199.349894,361.637151,434.461985,-199.365087,361.274574,434.571036,-199.392821,362.219516,434.105487,-220.539786,362.066411,433.993293,-220.598865,361.834028,433.900849,-220.679185,354.888005,0.000000,-137.479899,328.962769,463.370498,-253.135783,351.189471,420.528445,-177.281126,351.739700,419.858445,-205.446457,344.546418,423.386012,-30.867012,306.263031,423.867545,-297.228747,331.341011,343.538150,5.993626,288.971618,337.811164,-325.613342,330.906799,308.603656,-59.296028,306.861837,289.081006,-319.260246,340.175690,274.940037,-65.618132,328.021606,274.085598,-343.802424,339.147766,275.096008,-93.623558,338.264440,0.000000,-356.266439,335.671082,0.000000,-71.567462,336.801479,280.470943,-324.174489,299.961405,0.000000,75.133387,268.924574,309.043361,-75.152582,309.819570,238.940729,245.579663,259.763417,210.226193,-115.669087,331.541519,174.274235,0.000000,254.449860,119.804040,-107.885168,327.482376,151.757933,429.156611,231.868732,112.899216,-111.811001,371.826096,154.476314,374.500518,269.490174,89.359989,-219.410868,
0.000000,0.000000,0.000000,0.000000,0.000000,0.000000,0.000000,0.000000,0.000000,0.000000,0.000000,0.000000,0.000000,0.000000,0.000000,0.000000,0.000000,0.000000,0.000000,0.000000,0.000000,0.000000,0.000000,0.000000,0.000000,0.000000,0.000000,0.000000,0.000000,0.000000,0.000000,0.000000,0.000000,0.000000,0.000000,0.000000,0.000000,0.000000,0.000000,0.000000,0.000000,0.000000,0.000000,0.000000,0.000000,0.000000,0.000000,0.000000,0.000000,0.000000,0.000000,0.000000,358.220591,428.154763,-206.442679,361.983099,0.000000,-199.349894,361.637151,434.461985,-199.365087,361.274574,434.571036,-199.392821,362.219516,434.105487,-220.539786,362.066411,433.993293,-220.598865,361.834028,467.277838,-220.679185,354.888005,465.404037,-102.086061,356.376333,0.000000,-253.135783,351.189471,420.528445,-177.281126,351.739700,419.858445,-205.446457,344.546418,423.386012,-30.867012,306.263031,423.867545,-270.207952,331.341011,343.538150,36.621030,288.971618,337.811164,-298.478897,358.482366,308.603656,-59.296028,330.466593,289.081006,-319.260246,340.175690,274.940037,-65.618132,328.021606,274.085598,-343.802424,339.147766,275.096008,-93.623558,338.264440,276.152132,-356.266439,363.643672,277.878846,-71.567462,336.801479,280.470943,-324.174489,299.961405,306.178356,82.225620,268.924574,309.043361,-82.267665,309.819570,238.940729,271.888438,259.763417,210.226193,-130.127723,331.541519,174.274235,453.450061,254.449860,119.804040,-107.885168,327.482376,151.757933,470.927024,231.868732,112.899216,-111.811001,371.826096,154.476314,417.056564,269.490174,89.359989,-219.410868,
0.000000,0.000000,0.000000,0.000000,0.000000,0.000000,0.000000,0.000000,0.000000,0.000000,0.000000,0.000000,0.000000,0.000000,0.000000,0.000000,0.000000,0.000000,0.000000,0.000000,0.000000,0.000000,0.000000,0.000000,0.000000,0.000000,0.000000,0.000000,0.000000,0.000000,0.000000,0.000000,0.000000,0.000000,0.000000,0.000000,0.000000,0.000000,0.000000,0.000000,0.000000,0.000000,0.000000,0.000000,0.000000,0.000000,0.000000,0.000000,0.000000,0.000000,0.000000,0.000000,358.220591,428.154763,-206.442679,361.983099,0.000000,-199.349894,361.637151,0.000000,-199.365087,361.274574,434.571036,-0.000000,362.219516,434.105487,-220.539786,362.066411,467.377393,-220.598865,361.834028,467.277838,-220.679185,354.888005,465.404037,-102.086061,356.376333,463.370498,-253.135783,351.189471,420.528445,-177.281126,351.739700,419.858445,-205.446457,344.546418,423.386012,0.500456,0.000000,423.867545,-270.207952,356.828781,343.538150,36.621030,313.052587,337.811164,-298.478897,358.482366,308.603656,-30.344864,330.466593,289.081006,-319.260246,368.523664,274.940037,-65.618132,328.021606,274.085598,-0.000000,367.410080,275.096008,-61.964872,338.264440,276.152132,-356.266439,363.643672,0.000000,-42.657135,336.801479,280.470943,-324.174489,299.961405,306.178356,82.225620,268.924574,309.043361,-82.267665,309.819570,238.940729,271.888438,259.763417,210.226193,-115.669087,331.541519,174.274235,493.884302,254.449860,119.804040,-107.885168,327.482376,151.757933,512.697437,231.868732,112.899216,-111.811001,371.826096,154.476314,459.612609,269.490174,89.359989,-219.410868,
0.000000,0.000000,0.000000,0.000000,0.000000,0.000000,0.000000,0.000000,0.000000,0.000000,0.000000,0.000000,0.000000,0.000000,0.000000,0.000000,0.000000,0.000000,0.000000,0.000000,0.000000,0.000000,0.000000,0.000000,0.000000,0.000000,0.000000,0.000000,0.000000,0.000000,0.000000,0.000000,0.000000,0.000000,0.000000,0.000000,0.000000,0.000000,0.000000,0.000000,0.000000,0.000000,0.000000,0.000000,0.000000,0.000000,0.000000,0.000000,0.000000,0.000000,0.000000,0.000000,0.000000,428.154763,-168.254597,389.827952,434.374469,-160.870991,389.455394,434.461985,-160.892463,389.064926,434.571036,-160.921621,362.219516,434.105487,-220.539786,362.066411,467.377393,-220.598865,361.834028,467.277838,-220.679185,354.888005,465.404037,-102.086061,356.376333,463.370498,-221.493810,378.204045,420.528445,-140.980650,378.796600,419.858445,-205.446457,344.546418,423.386012,0.500456,306.263031,423.867545,-270.207952,356.828781,343.538150,36.621030,313.052587,363.796638,-298.478897,358.482366,0.000000,-30.344864,330.466593,289.081006,-290.236587,368.523664,274.940037,-34.351297,328.021606,274.085598,-343.802424,367.410080,275.096008,-61.964872,338.264440,276.152132,-356.266439,363.643672,277.878846,-0.000000,336.801479,280.470943,-294.704081,299.961405,306.178356,82.225620,268.924574,309.043361,-82.267665,309.819570,238.940729,298.197212,259.763417,210.226193,-115.669087,331.541519,174.274235,493.884302,254.449860,119.804040,-84.233248,327.482376,151.757933,512.697437,231.868732,112.899216,-86.841365,0.000000,154.476314,459.612609,269.490174,89.359989,-219.410868,
0.000000,0.000000,0.000000,0.000000,0.000000,0.000000,0.000000,0.000000,0.000000,0.000000,0.000000,0.000000,0.000000,0.000000,0.000000,0.000000,0.000000,0.000000,0.000000,0.000000,0.000000,0.000000,0.000000,0.000000,0.000000,0.000000,0.000000,0.000000,0.000000,0.000000,0.000000,0.000000,0.000000,0.000000,0.000000,0.000000,0.000000,0.000000,0.000000,0.000000,0.000000,0.000000,0.000000,0.000000,0.000000,0.000000,0.000000,0.000000,0.000000,0.000000,0.000000,0.000000,385.776021,428.154763,-168.254597,389.827952,434.374469,-160.870991,389.455394,434.461985,-160.892463,389.064926,434.571036,-160.921621,390.082555,434.105487,-183.659862,389.917674,467.377393,-183.709386,389.667414,467.277838,-183.790831,382.187083,465.404037,-66.692223,356.376333,463.370498,-221.493810,378.204045,420.528445,-140.980650,378.796600,419.858445,-171.205381,344.546418,423.386012,0.000000,331.784950,423.867545,-270.207952,356.828781,343.538150,67.248435,313.052587,363.796638,-298.478897,358.482366,308.603656,-0.000000,330.466593,289.081006,-290.236587,368.523664,274.940037,-34.351297,328.021606,274.085598,-312.547658,367.410080,275.096008,-61.964872,338.264440,276.152132,-323.878581,363.643672,277.878846,-13.746808,336.801479,280.470943,-294.704081,299.961405,306.178356,89.317852,268.924574,309.043361,-89.382748,309.819570,238.940729,298.197212,259.763417,210.226193,-115.669087,331.541519,174.274235,493.884302,254.449860,119.804040,-107.885168,327.482376,151.757933,512.697437,231.868732,112.899216,-111.811001,371.826096,154.476314,459.612609,269.490174,89.359989,-219.410868,
0.000000,0.000000,0.000000,0.000000,0.000000,0.000000,0.000000,0.000000,0.000000,0.000000,0.000000,0.000000,0.000000,0.000000,0.000000,0.000000,0.000000,0.000000,0.000000,0.000000,0.000000,0.000000,0.000000,0.000000,0.000000,0.000000,0.000000,0.000000,0.000000,0.000000,0.000000,0.000000,0.000000,0.000000,0.000000,0.000000,0.000000,0.000000,0.000000,0.000000,0.000000,0.000000,0.000000,0.000000,0.000000,0.000000,0.000000,0.000000,0.000000,0.000000,0.000000,0.000000,385.776021,428.154763,-168.254597,389.827952,434.374469,-160.870991,389.455394,434.461985,-160.892463,389.064926,434.571036,-160.921621,390.082555,434.105487,-183.659862,389.917674,433.993293,-183.709386,389.667414,467.277838,-183.790831,382.187083,465.404037,-66.692223,356.376333,463.370498,-221.493810,378.204045,420.528445,-140.980650,378.796600,419.858445,-171.205381,369.156876,423.386012,31.867925,331.784950,423.867545,-270.207952,356.828781,343.538150,67.248435,313.052587,363.796638,-298.478897,358.482366,308.603656,-1.393699,330.466593,289.081006,-290.236587,368.523664,274.940037,-3.084462,328.021606,274.085598,-343.802424,367.410080,275.096008,-30.306187,338.264440,276.152132,-356.266439,363.643672,277.878846,-13.746808,336.801479,280.470943,-294.704081,299.961405,306.178356,89.317852,268.924574,309.043361,-89.382748,309.819570,238.940729,298.197212,259.763417,210.226193,-130.127723,331.541519,174.274235,493.884302,254.449860,119.804040,-131.537087,0.000000,162.597785,512.697437,0.000000,112.899216,-136.780637,371.826096,154.476314,459.612609,269.490174,89.359989,-246.837227,
0.000000,0.000000,0.000000,0.000000,0.000000,0.000000,0.000000,0.000000,0.000000,0.000000,0.000000,0.000000,0.000000,0.000000,0.000000,0.000000,0.000000,0.000000,0.000000,0.000000,0.000000,0.000000,0.000000,0.000000,0.000000,0.000000,0.000000,0.000000,0.000000,0.000000,0.000000,0.000000,0.000000,0.000000,0.000000,0.000000,0.000000,0.000000,0.000000,0.000000,0.000000,0.000000,0.000000,0.000000,0.000000,0.000000,0.000000,0.000000,0.000000,0.000000,0.000000,0.000000,385.776021,428.154763,-168.254597,389.827952,434.374469,-160.870991,389.455394,434.461985,-160.892463,389.064926,434.571036,-160.921621,390.082555,434.105487,-183.659862,389.917674,433.993293,-183.709386,389.667414,433.900849,-183.790831,382.187083,465.404037,-66.692223,383.789897,463.370498,-221.493810,378.204045,420.528445,-140.980650,378.796600,419.858445,-171.205381,369.156876,423.386012,31.867925,331.784950,423.867545,-270.207952,356.828781,343.538150,67.248435,313.052587,363.796638,-0.000000,386.057932,308.603656,-1.393699,330.466593,289.081006,-319.260246,368.523664,274.940037,-34.351297,328.021606,274.085598,-343.802424,367.410080,275.096008,-0.000000,338.264440,276.152132,-356.266439,363.643672,277.878846,-13.746808,336.801479,280.470943,-324.174489,299.961405,306.178356,89.317852,268.924574,309.043361,-89.382748,309.819570,238.940729,271.888438,259.763417,210.226193,-144.586359,331.541519,174.274235,493.884302,254.449860,119.804040,-155.189007,327.482376,162.597785,470.927024,231.868732,112.899216,-161.750273,371.826096,154.476314,459.612609,0.000000,89.359989,-274.263585,
0.000000,0.000000,0.000000,0.000000,0.000000,0.000000,0.000000,0.000000,0.000000,0.000000,0.000000,0.000000,0.000000,0.000000,0.000000,0.000000,0.000000,0.000000,0.000000,0.000000,0.000000,0.000000,0.000000,0.000000,0.000000,0.000000,0.000000,0.000000,0.000000,0.000000,0.000000,0.000000,0.000000,0.000000,0.000000,0.000000,0.000000,0.000000,0.000000,0.000000,0.000000,0.000000,0.000000,0.000000,0.000000,0.000000,0.000000,0.000000,0.000000,0.000000,0.000000,0.000000,385.776021,428.154763,-130.066514,389.827952,434.374469,-122.392088,389.455394,434.461985,-122.419838,389.064926,434.571036,-122.450421,390.082555,434.105487,-146.779938,389.917674,433.993293,-146.819906,389.667414,433.900849,-146.902477,382.187083,432.160891,-66.692223,383.789897,463.370498,-189.851837,0.000000,420.528445,-104.680175,378.796600,419.858445,-136.964305,0.000000,393.144154,63.235393,331.784950,423.867545,-243.187157,356.828781,343.538150,97.875839,337.133555,363.796638,-298.478897,386.057932,284.864914,27.557465,330.466593,289.081006,-319.260246,368.523664,274.940037,28.182373,328.021606,274.085598,-0.000000,367.410080,275.096008,1.352499,338.264440,276.152132,-356.266439,363.643672,277.878846,15.163518,336.801479,280.470943,-324.174489,299.961405,306.178356,96.410084,268.924574,309.043361,-96.497831,309.819570,238.940729,271.888438,259.763417,226.397438,-173.503631,331.541519,174.274235,453.450061,254.449860,119.804040,-178.840927,327.482376,162.597785,470.927024,231.868732,112.899216,-186.719909,371.826096,154.476314,417.056564,269.490174,89.359989,-301.689944,
0.000000,0.000000,0.000000,0.000000,0.000000,0.000000,0.000000,0.000000,0.000000,0.000000,0.000000,0.000000,0.000000,0.000000,0.000000,0.000000,0.000000,0.000000,0.000000,0.000000,0.000000,0.000000,0.000000,0.000000,0.000000,0.000000,0.000000,0.000000,0.000000,0.000000,0.000000,0.000000,0.000000,0.000000,0.000000,0.000000,0.000000,0.000000,0.000000,0.000000,0.000000,0.000000,0.000000,0.000000,0.000000,0.000000,0.000000,0.000000,0.000000,0.000000,0.000000,0.000000,0.000000,428.154763,-91.878432,389.827952,434.374469,-83.913185,389.455394,434.461985,-83.947214,389.064926,434.571036,-83.979221,390.082555,434.105487,-109.900013,389.917674,433.993293,-0.000000,389.667414,433.900849,-110.014123,382.187083,432.160891,-31.298386,383.789897,463.370498,-158.209864,405.218620,420.528445,-0.000000,378.796600,419.858445,-102.723228,369.156876,393.144154,63.235393,357.306870,0.000000,-0.000000,356.828781,343.538150,128.503244,337.133555,363.796638,-271.344452,386.057932,284.864914,56.508629,330.466593,289.081006,-319.260246,368.523664,274.940037,59.449207,328.021606,274.085598,-343.802424,367.410080,275.096008,33.011185,338.264440,276.152132,-356.266439,363.643672,277.878846,44.073845,336.801479,280.470943,-294.704081,299.961405,306.178356,96.410084,268.924574,309.043361,-96.497831,309.819570,238.940729,271.888438,259.763417,226.397438,-173.503631,331.541519,174.274235,413.015821,254.449860,119.804040,-226.144766,327.482376,162.597785,429.156611,231.868732,112.899216,-236.659181,371.826096,154.476314,417.056564,269.490174,0.000000,-329.116302,
0.000000,0.000000,0.000000,0.000000,0.000000,0.000000,0.000000,0.000000,0.000000,0.000000,0.000000,0.000000,0.000000,0.000000,0.000000,0.000000,0.000000,0.000000,0.000000,0.000000,0.000000,0.000000,0.000000,0.000000,0.000000,0.000000,0.000000,0.000000,0.000000,0.000000,0.000000,0.000000,0.000000,0.000000,0.000000,0.000000,0.000000,0.000000,0.000000,0.000000,0.000000,0.000000,0.000000,0.000000,0.000000,0.000000,0.000000,0.000000,0.000000,0.000000,0.000000,0.000000,0.000000,428.154763,-91.878432,0.000000,434.374469,-45.434283,417.273636,434.461985,-45.474590,416.855278,434.571036,-45.508021,417.945595,434.105487,-109.900013,417.768936,433.993293,-109.930427,389.667414,433.900849,-110.014123,382.187083,432.160891,4.095452,383.789897,430.272606,-126.567891,405.218620,420.528445,-32.079224,405.853500,419.858445,-102.723228,0.000000,393.144154,94.602862,357.306870,423.867545,-189.145566,356.828781,343.538150,128.503244,337.133555,363.796638,-271.344452,386.057932,284.864914,85.459793,330.466593,311.318007,-290.236587,368.523664,274.940037,59.449207,0.000000,295.169105,-343.802424,367.410080,275.096008,33.011185,338.264440,276.152132,-323.878581,363.643672,277.878846,72.984172,336.801479,280.470943,-294.704081,299.961405,306.178356,96.410084,268.924574,0.000000,-96.497831,309.819570,238.940729,245.579663,259.763417,226.397438,-187.962267,331.541519,174.274235,413.015821,233.245705,119.804040,-226.144766,327.482376,162.597785,429.156611,231.868732,112.899216,-261.628817,371.826096,154.476314,417.056564,269.490174,89.359989,-356.542661,
0.000000,0.000000,0.000000,0.000000,0.000000,0.000000,0.000000,0.000000,0.000000,0.000000,0.000000,0.000000,0.000000,0.000000,0.000000,0.000000,0.000000,0.000000,0.000000,0.000000,0.000000,0.000000,0.000000,0.000000,0.000000,0.000000,0.000000,0.000000,0.000000,0.000000,0.000000,0.000000,0.000000,0.000000,0.000000,0.000000,0.000000,0.000000,0.000000,0.000000,0.000000,0.000000,0.000000,0.000000,0.000000,0.000000,0.000000,0.000000,0.000000,0.000000,0.000000,0.000000,413.331451,428.154763,-53.690349,417.672806,434.374469,-45.434283,417.273636,434.461985,-45.474590,416.855278,0.000000,-45.508021,417.945595,434.105487,-73.020089,417.768936,433.993293,-73.040948,417.500801,433.900849,-73.125769,409.486160,432.160891,39.489289,383.789897,430.272606,-94.925919,405.218620,420.528445,-32.079224,405.853500,419.858445,-68.482152,369.156876,393.144154,125.970330,357.306870,423.867545,-162.124771,356.828781,343.538150,159.130648,337.133555,363.796638,-217.075562,386.057932,284.864914,114.410958,330.466593,311.318007,-261.212929,368.523664,274.940037,121.982877,328.021606,295.169105,-281.292892,367.410080,252.171341,96.328556,338.264440,276.152132,-291.490723,363.643672,277.878846,101.894498,336.801479,280.470943,-265.233673,299.961405,306.178356,96.410084,268.924574,309.043361,-96.497831,309.819570,238.940729,245.579663,259.763417,226.397438,-202.420903,331.541519,174.274235,372.581581,233.245705,119.804040,-249.796686,327.482376,162.597785,387.386198,231.868732,112.899216,-286.598453,371.826096,154.476314,0.000000,269.490174,98.295988,-383.969019,
0.000000,0.000000,0.000000,0.000000,0.000000,0.000000,0.000000,0.000000,0.000000,0.000000,0.000000,0.000000,0.000000,0.000000,0.000000,0.000000,0.000000,0.000000,0.000000,0.000000,0.000000,0.000000,0.000000,0.000000,0.000000,0.000000,0.000000,0.000000,0.000000,0.000000,0.000000,0.000000,0.000000,0.000000,0.000000,0.000000,0.000000,0.000000,0.000000,0.000000,0.000000,0.000000,0.000000,0.000000,0.000000,0.000000,0.000000,0.000000,0.000000,0.000000,0.000000,0.000000,413.331451,395.219782,-15.502267,417.672806,434.374469,-6.955380,417.273636,434.461985,-7.001965,416.855278,434.571036,-7.036821,417.945595,434.105487,-36.140164,417.768936,433.993293,-36.151468,417.500801,433.900849,-0.000000,409.486160,432.160891,39.489289,411.203461,430.272606,-63.283946,405.218620,420.528445,4.221252,405.853500,419.858445,-34.241076,369.156876,393.144154,157.337799,357.306870,423.867545,-135.103976,356.828781,343.538150,189.758053,361.214523,363.796638,-217.075562,386.057932,284.864914,114.410958,330.466593,289.081006,-232.189270,368.523664,252.028367,121.982877,0.000000,295.169105,-250.038126,395.672394,252.171341,96.328556,338.264440,276.152132,-259.102865,391.616262,254.722275,101.894498,336.801479,280.470943,-235.763265,299.961405,306.178356,96.410084,289.611079,309.043361,-96.497831,309.819570,238.940729,192.962115,259.763417,226.397438,-216.879539,331.541519,174.274235,0.000000,233.245705,119.804040,-297.100525,327.482376,0.000000,262.074959,231.868732,112.899216,-311.568089,371.826096,154.476314,246.832382,269.490174,0.000000,-411.395378,
0.000000,0.000000,0.000000,0.000000,0.000000,0.000000,0.000000,0.000000,0.000000,0.000000,0.000000,0.000000,0.000000,0.000000,0.000000,0.000000,0.000000,0.000000,0.000000,0.000000,0.000000,0.000000,0.000000,0.000000,0.000000,0.000000,0.000000,0.000000,0.000000,0.000000,0.000000,0.000000,0.000000,0.000000,0.000000,0.000000,0.000000,0.000000,0.000000,0.000000,0.000000,0.000000,0.000000,0.000000,0.000000,0.000000,0.000000,0.000000,0.000000,0.000000,0.000000,0.000000,413.331451,395.219782,-15.502267,417.672806,400.961048,-6.955380,417.273636,401.041832,-7.001965,416.855278,401.142494,-7.036821,417.945595,400.712757,-36.140164,417.768936,400.609194,-36.151468,417.500801,400.523861,-36.237415,409.486160,432.160891,0.000000,411.203461,430.272606,-94.925919,405.218620,388.180103,4.221252,405.853500,387.561642,-34.241076,369.156876,393.144154,157.337799,357.306870,423.867545,-162.124771,356.828781,343.538150,189.758053,361.214523,363.796638,-217.075562,386.057932,284.864914,143.362122,354.071350,289.081006,-203.165611,368.523664,252.028367,153.249712,328.021606,274.085598,-250.038126,367.410080,252.171341,127.987242,338.264440,276.152132,-226.715006,363.643672,254.722275,130.804825,336.801479,280.470943,-206.292857,299.961405,306.178356,96.410084,289.611079,309.043361,-96.497831,309.819570,238.940729,192.962115,259.763417,226.397438,-202.420903,331.541519,174.274235,291.713100,233.245705,119.804040,-249.796686,327.482376,162.597785,303.845372,231.868732,112.899216,-261.628817,371.826096,154.476314,289.388427,269.490174,98.295988,-356.542661,
0.000000,0.000000,0.000000,0.000000,0.000000,0.000000,0.000000,0.000000,0.000000,0.000000,0.000000,0.000000,0.000000,0.000000,0.000000,0.000000,0.000000,0.000000,0.000000,0.000000,0.000000,0.000000,0.000000,0.000000,0.000000,0.000000,0.000000,0.000000,0.000000,0.000000,0.000000,0.000000,0.000000,0.000000,0.000000,0.000000,0.000000,0.000000,0.000000,0.000000,0.000000,0.000000,0.000000,0.000000,0.000000,0.000000,0.000000,0.000000,0.000000,0.000000,0.000000,0.000000,413.331451,395.219782,22.685816,417.672806,400.961048,31.523523,417.273636,401.041832,31.470659,416.855278,401.142494,31.434379,417.945595,400.712757,0.739760,417.768936,400.609194,0.738011,417.500801,400.523861,0.650939,409.486160,432.160891,74.883127,411.203461,430.272606,-63.283946,405.218620,388.180103,40.521727,0.000000,387.561642,0.000000,369.156876,393.144154,157.337799,382.828789,393.591292,-162.124771,356.828781,343.538150,189.758053,361.214523,337.811164,-189.941116,358.482366,284.864914,143.362122,354.071350,289.081006,-174.141952,368.523664,252.028367,153.249712,351.451721,0.000000,-187.528595,367.410080,252.171341,127.987242,362.426186,276.152132,-161.939290,363.643672,254.722275,130.804825,336.801479,280.470943,-147.352041,299.961405,306.178356,96.410084,289.611079,309.043361,-96.497831,331.949539,238.940729,192.962115,259.763417,226.397438,-0.000000,331.541519,174.274235,291.713100,0.000000,130.695316,-226.144766,327.482376,162.597785,303.845372,231.868732,112.899216,-236.659181,371.826096,154.476314,289.388427,269.490174,98.295988,-301.689944,
0.000000,0.000000,0.000000,0.000000,0.000000,0.000000,0.000000,0.000000,0.000000,0.000000,0.000000,0.000000,0.000000,0.000000,0.000000,0.000000,0.000000,0.000000,0.000000,0.000000,0.000000,0.000000,0.000000,0.000000,0.000000,0.000000,0.000000,0.000000,0.000000,0.000000,0.000000,0.000000,0.000000,0.000000,0.000000,0.000000,0.000000,0.000000,0.000000,0.000000,0.000000,0.000000,0.000000,0.000000,0.000000,0.000000,0.000000,0.000000,0.000000,0.000000,0.000000,0.000000,413.331451,395.219782,22.685816,417.672806,400.961048,31.523523,417.273636,401.041832,31.470659,416.855278,401.142494,0.000000,417.945595,400.712757,0.739760,417.768936,400.609194,0.738011,417.500801,400.523861,0.650939,409.486160,398.917746,74.883127,411.203461,397.174713,-63.283946,405.218620,388.180103,0.000000,405.853500,0.000000,0.000000,369.156876,393.144154,157.337799,382.828789,393.591292,-0.000000,356.828781,343.538150,189.758053,361.214523,337.811164,-189.941116,358.482366,0.000000,0.000000,0.000000,289.081006,-174.141952,368.523664,252.028367,153.249712,351.451721,274.085598,-187.528595,367.410080,252.171341,127.987242,338.264440,254.909660,-194.327148,363.643672,254.722275,130.804825,360.858727,280.470943,-176.822449,299.961405,306.178356,96.410084,289.611079,309.043361,-96.497831,331.949539,238.940729,192.962115,259.763417,226.397438,-159.044995,331.541519,174.274235,291.713100,233.245705,130.695316,-226.144766,327.482376,162.597785,303.845372,231.868732,123.162781,-236.659181,371.826096,154.476314,289.388427,269.490174,89.359989,-301.689944,
0.000000,0.000000,0.000000,0.000000,0.000000,0.000000,0.000000,0.000000,0.000000,0.000000,0.000000,0.000000,0.000000,0.000000,0.000000,0.000000,0.000000,0.000000,0.000000,0.000000,0.000000,0.000000,0.000000,0.000000,0.000000,0.000000,0.000000,0.000000,0.000000,0.000000,0.000000,0.000000,0.000000,0.000000,0.000000,0.000000,0.000000,0.000000,0.000000,0.000000,0.000000,0.000000,0.000000,0.000000,0.000000,0.000000,0.000000,0.000000,0.000000,0.000000,0.000000,0.000000,413.331451,395.219782,22.685816,417.672806,400.961048,31.523523,417.273636,401.041832,31.470659,416.855278,401.142494,31.434379,417.945595,400.712757,0.739760,417.768936,400.609194,0.738011,417.500801,400.523861,0.650939,409.486160,398.917746,74.883127,411.203461,397.174713,-63.283946,405.218620,0.000000,40.521727,405.853500,387.561642,0.000000,369.156876,393.144154,157.337799,0.000000,393.591292,-162.124771,356.828781,343.538150,189.758053,361.214523,337.811164,-189.941116,358.482366,284.864914,114.410958,354.071350,289.081006,-174.141952,368.523664,252.028367,121.982877,351.451721,274.085598,-187.528595,367.410080,252.171341,96.328556,338.264440,0.000000,-194.327148,363.643672,254.722275,101.894498,336.801479,258.896255,-176.822449,299.961405,306.178356,96.410084,289.611079,309.043361,-96.497831,331.949539,238.940729,192.962115,259.763417,226.397438,-144.586359,331.541519,174.274235,291.713100,0.000000,130.695316,-178.840927,327.482376,162.597785,303.845372,231.868732,123.162781,-186.719909,371.826096,154.476314,289.388427,247.032659,89.359989,-246.837227,
0.000000,0.000000,0.000000,0.000000,0.000000,0.000000,0.000000,0.000000,0.000000,0.000000,0.000000,0.000000,0.000000,0.000000,0.000000,0.000000,0.000000,0.000000,0.000000,0.000000,0.000000,0.000000,0.000000,0.000000,0.000000,0.000000,0.000000,0.000000,0.000000,0.000000,0.000000,0.000000,0.000000,0.000000,0.000000,0.000000,0.000000,0.000000,0.000000,0.000000,0.000000,0.000000,0.000000,0.000000,0.000000,0.000000,0.000000,0.000000,0.000000,0.000000,0.000000,0.000000,413.331451,395.219782,22.685816,417.672806,0.000000,31.523523,417.273636,401.041832,31.470659,416.855278,401.142494,31.434379,417.945595,400.712757,0.739760,417.768936,400.609194,0.738011,417.500801,400.523861,0.650939,409.486160,0.000000,74.883127,411.203461,397.174713,-63.283946,405.218620,388.180103,40.521727,405.853500,387.561642,0.000000,369.156876,393.144154,125.970330,382.828789,393.591292,-162.124771,331.341011,343.538150,159.130648,361.214523,0.000000,-0.000000,358.482366,284.864914,114.410958,354.071350,266.844006,-145.118294,340.175690,252.028367,121.982877,351.451721,253.002090,-187.528595,339.147766,275.096008,96.328556,362.426186,254.909660,-161.939290,335.671082,277.878846,101.894498,360.858727,258.896255,-147.352041,299.961405,306.178356,96.410084,289.611079,309.043361,-96.497831,331.949539,0.000000,192.962115,259.763417,226.397438,-130.127723,331.541519,174.274235,291.713100,233.245705,130.695316,-155.189007,327.482376,162.597785,0.000000,231.868732,123.162781,-161.750273,371.826096,154.476314,289.388427,247.032659,89.359989,-219.410868,
0.000000,0.000000,0.000000,0.000000,0.000000,0.000000,0.000000,0.000000,0.000000,0.000000,0.000000,0.000000,0.000000,0.000000,0.000000,0.000000,0.000000,0.000000,0.000000,0.000000,0.000000,0.000000,0.000000,0.000000,0.000000,0.000000,0.000000,0.000000,0.000000,0.000000,0.000000,0.000000,0.000000,0.000000,0.000000,0.000000,0.000000,0.000000,0.000000,0.000000,0.000000,0.000000,0.000000,0.000000,0.000000,0.000000,0.000000,0.000000,0.000000,0.000000,0.000000,0.000000,0.000000,0.000000,-15.502267,0.000000,0.000000,-6.955380,0.000000,0.000000,-7.001965,0.000000,0.000000,-7.036821,0.000000,0.000000,0.739760,0.000000,0.000000,0.738011,0.000000,0.000000,0.650939,0.000000,0.000000,4.095452,0.000000,0.000000,0.000000,0.000000,0.000000,4.221252,0.000000,0.000000,0.000000,0.000000,0.000000,0.500456,0.000000,0.000000,0.000000,0.000000,0.000000,5.993626,0.000000,0.000000,0.000000,0.000000,0.000000,-1.393699,0.000000,0.000000,0.000000,0.000000,0.000000,-3.084462,0.000000,0.000000,0.000000,0.000000,0.000000,1.352499,0.000000,0.000000,0.000000,0.000000,0.000000,-13.746808,0.000000,0.000000,0.000000,0.000000,0.000000,-2.881167,0.000000,0.000000,3.113332,0.000000,0.000000,8.800695,0.000000,0.000000,0.000000,0.000000,0.000000,8.673418,0.000000,0.000000,10.374431,0.000000,0.000000,11.452480,0.000000,0.000000,-11.932457,0.000000,0.000000,-8.503891,0.000000,0.000000,0.000000,
0.000000,0.000000,0.000000,0.000000,0.000000,0.000000,0.000000,0.000000,0.000000,0.000000,0.000000,0.000000,0.000000,0.000000,0.000000,0.000000,0.000000,0.000000,0.000000,0.000000,0.000000,0.000000,0.000000,0.000000,0.000000,0.000000,0.000000,0.000000,0.000000,0.000000,0.000000,0.000000,0.000000,0.000000,0.000000,0.000000,0.000000,0.000000,0.000000,0.000000,0.000000,0.000000,0.000000,0.000000,0.000000,0.000000,0.000000,0.000000,0.000000,0.000000,0.000000,0.000000,0.000000,0.000000,-15.502267,0.000000,0.000000,-6.955380,0.000000,0.000000,-7.001965,0.000000,0.000000,-7.036821,0.000000,0.000000,0.739760,0.000000,0.000000,0.738011,0.000000,0.000000,0.650939,0.000000,0.000000,4.095452,0.000000,0.000000,0.000000,0.000000,0.000000,4.221252,0.000000,0.000000,0.000000,0.000000,0.000000,0.500456,0.000000,0.000000,0.000000,0.000000,0.000000,5.993626,0.000000,0.000000,0.000000,0.000000,0.000000,-0.000000,0.000000,0.000000,0.000000,0.000000,0.000000,-3.084462,0.000000,0.000000,0.000000,0.000000,0.000000,1.352499,0.000000,0.000000,0.000000,0.000000,0.000000,-13.746808,0.000000,0.000000,0.000000,0.000000,0.000000,-2.881167,0.000000,0.000000,3.113332,0.000000,0.000000,8.800695,0.000000,0.000000,0.000000,0.000000,0.000000,8.673418,0.000000,0.000000,10.374431,0.000000,0.000000,0.000000,0.000000,0.000000,-11.932457,0.000000,0.000000,-8.503891,0.000000,0.000000,0.000000,
0.000000,0.000000,0.000000,0.000000,0.000000,0.000000,0.000000,0.000000,0.000000,0.000000,0.000000,0.000000,0.000000,0.000000,0.000000,0.000000,0.000000,0.000000,0.000000,0.000000,0.000000,0.000000,0.000000,0.000000,0.000000,0.000000,0.000000,0.000000,0.000000,0.000000,0.000000,0.000000,0.000000,0.000000,0.000000,0.000000,0.000000,0.000000,0.000000,0.000000,0.000000,0.000000,0.000000,0.000000,0.000000,0.000000,0.000000,0.000000,0.000000,0.000000,0.000000,0.000000,0.000000,0.000000,-15.502267,0.000000,0.000000,-6.955380,0.000000,0.000000,-7.001965,0.000000,0.000000,-7.036821,0.000000,0.000000,0.739760,0.000000,0.000000,0.738011,0.000000,0.000000,0.650939,0.000000,0.000000,4.095452,0.000000,0.000000,0.000000,0.000000,0.000000,4.221252,0.000000,0.000000,0.000000,0.000000,0.000000,0.500456,0.000000,0.000000,0.000000,0.000000,0.000000,5.993626,0.000000,0.000000,0.000000,0.000000,0.000000,-1.393699,0.000000,0.000000,0.000000,0.000000,0.000000,-3.084462,0.000000,0.000000,0.000000,0.000000,0.000000,1.352499,0.000000,0.000000,0.000000,0.000000,0.000000,-13.746808,0.000000,0.000000,0.000000,0.000000,0.000000,-2.881167,0.000000,0.000000,3.113332,0.000000,0.000000,8.800695,0.000000,0.000000,0.000000,0.000000,0.000000,8.673418,0.000000,0.000000,10.374431,0.000000,0.000000,11.452480,0.000000,0.000000,-11.932457,0.000000,0.000000,-8.503891,0.000000,0.000000,0.000000,
