0.000000,0.000000,0.000000,0.000000,0.000000,0.000000,0.000000,0.000000,0.000000,0.000000,0.000000,0.000000,0.000000,0.000000,0.000000,0.000000,0.000000,0.000000,0.000000,0.000000,0.000000,0.000000,0.000000,0.000000,0.000000,0.000000,0.000000,0.000000,0.000000,0.000000,0.000000,0.000000,0.000000,0.000000,0.000000,0.000000,0.000000,0.000000,0.000000,0.000000,0.000000,0.000000,0.000000,0.000000,0.000000,0.000000,0.000000,0.000000,0.000000,0.000000,0.000000,0.000000,319.521828,486.962836,-230.538540,324.256287,496.012330,-219.109669,327.818604,496.059773,-219.189053,0.000000,496.185901,-0.000000,314.094658,496.105585,-216.091442,311.046143,496.213474,-216.069355,307.911320,496.213710,-216.026897,335.448418,494.769115,-131.564789,304.652824,494.599106,-117.421007,325.808945,478.257930,-196.972198,0.000000,477.337782,-192.701855,362.163696,448.737795,-84.312019,280.343781,448.097284,-39.201603,407.006721,411.760283,-92.222166,241.612320,406.100242,-0.000000,450.290451,382.855039,-231.093121,0.000000,372.285032,-85.317125,467.434959,374.190946,-262.120304,177.336216,362.222757,-0.000000,466.511383,375.169072,-0.000000,177.202988,363.694947,-142.585173,459.539642,377.025568,-249.533920,184.195862,366.015015,-105.017014,346.361046,319.809394,-8.255049,299.490166,318.733463,8.276871,351.324806,240.370603,60.186224,0.000000,239.685030,72.465501,358.284492,164.388299,212.645473,286.301117,164.265003,230.610294,0.000000,154.474168,221.980114,293.742180,155.511861,240.682373,365.002594,135.379500,117.368717,275.836754,133.627911,144.057102,
0.000000,0.000000,0.000000,0.000000,0.000000,0.000000,0.000000,0.000000,0.000000,0.000000,0.000000,0.000000,0.000000,0.000000,0.000000,0.000000,0.000000,0.000000,0.000000,0.000000,0.000000,0.000000,0.000000,0.000000,0.000000,0.000000,0.000000,0.000000,0.000000,0.000000,0.000000,0.000000,0.000000,0.000000,0.000000,0.000000,0.000000,0.000000,0.000000,0.000000,0.000000,0.000000,0.000000,0.000000,0.000000,0.000000,0.000000,0.000000,0.000000,0.000000,0.000000,0.000000,319.669743,486.763666,-0.000000,324.261360,0.000000,-219.250755,327.796860,495.868371,-219.331551,330.464325,496.060181,-219.361229,314.172211,495.708747,-0.000000,311.071205,495.842793,-217.791176,0.000000,495.917101,-217.745342,335.193672,494.579279,-127.961502,304.548759,493.897161,-122.235746,325.823784,478.259389,-197.747765,314.475594,477.361772,-0.000000,362.081947,448.498843,-83.503342,279.863129,0.000000,-53.457646,406.970558,410.622811,-125.748920,241.019688,405.256956,-68.517523,449.776344,382.064903,-294.744568,194.823723,370.326290,-192.759876,466.848679,373.066800,-331.238441,178.488693,360.450633,-220.875816,465.648994,373.496768,-359.651108,179.063797,361.622629,-250.913391,459.083023,375.446134,-311.777229,185.862789,364.034944,-209.777031,346.362076,319.802785,-6.509801,299.660892,318.904138,6.532730,351.320000,240.124011,60.186138,291.749516,239.704599,58.277769,358.284225,164.214277,0.000000,286.272774,164.263844,0.000000,351.918106,154.188952,207.354527,293.178825,155.313034,205.795040,364.984093,135.358086,106.726999,275.878391,133.631172,106.172819,
0.000000,0.000000,0.000000,0.000000,0.000000,0.000000,0.000000,0.000000,0.000000,0.000000,0.000000,0.000000,0.000000,0.000000,0.000000,0.000000,0.000000,0.000000,0.000000,0.000000,0.000000,0.000000,0.000000,0.000000,0.000000,0.000000,0.000000,0.000000,0.000000,0.000000,0.000000,0.000000,0.000000,0.000000,0.000000,0.000000,0.000000,0.000000,0.000000,0.000000,0.000000,0.000000,0.000000,0.000000,0.000000,0.000000,0.000000,0.000000,0.000000,0.000000,0.000000,0.000000,319.594173,486.641357,-240.884991,324.131393,495.640876,-227.057209,327.385483,495.746362,-227.130241,0.000000,495.882425,-227.153397,314.117775,495.587103,-226.594791,310.833473,495.651863,-0.000000,307.765408,495.615106,-226.546097,334.950142,494.055841,-134.529314,303.978672,493.011947,-132.890873,325.650368,478.154655,-206.397133,314.306393,477.340186,-0.000000,361.866531,447.810159,-92.528048,279.255943,0.000000,-61.530581,0.000000,409.222891,-143.246813,241.018181,403.335721,-68.642244,448.358955,379.009287,-309.817715,196.106300,366.212211,-183.562412,464.419327,370.185249,-344.812050,180.803795,356.150193,-209.025459,462.057724,369.581516,-0.000000,181.830978,356.888509,-240.159454,455.558128,371.715889,-326.007919,188.146248,359.427166,-200.480995,346.371422,319.939556,-6.516533,0.000000,319.515553,6.535683,350.409164,240.066547,48.236742,291.674767,240.604663,45.636997,358.293419,164.206724,180.274181,285.511513,164.291697,183.594151,351.793518,154.128227,187.239933,291.432838,155.267200,190.856991,365.002594,0.000000,85.318127,275.379696,133.710823,90.977678,
0.000000,0.000000,0.000000,0.000000,0.000000,0.000000,0.000000,0.000000,0.000000,0.000000,0.000000,0.000000,0.000000,0.000000,0.000000,0.000000,0.000000,0.000000,0.000000,0.000000,0.000000,0.000000,0.000000,0.000000,0.000000,0.000000,0.000000,0.000000,0.000000,0.000000,0.000000,0.000000,0.000000,0.000000,0.000000,0.000000,0.000000,0.000000,0.000000,0.000000,0.000000,0.000000,0.000000,0.000000,0.000000,0.000000,0.000000,0.000000,0.000000,0.000000,0.000000,0.000000,318.920383,486.584558,-254.286823,323.481064,495.607831,-240.627785,326.423225,0.000000,-240.682735,328.939400,495.780351,-240.697079,313.658447,495.576868,-0.000000,310.149193,0.000000,-239.963341,307.059364,495.589013,-239.917908,334.039040,493.742280,-147.153168,303.119659,492.894080,-144.504347,324.658203,478.122554,-219.411125,313.375282,477.340078,-218.497963,361.110840,447.173488,-100.741129,278.378201,446.203344,-70.222001,0.000000,0.000000,-147.946911,241.019917,401.605010,-72.387123,445.297165,374.703848,-313.974609,198.741264,361.604133,-183.948479,460.956268,0.000000,-348.931503,183.861866,351.232352,-209.610958,458.137131,364.436159,-378.499794,185.454082,351.495981,-240.657520,451.588783,0.000000,-330.270157,191.853199,354.094720,-200.429859,346.202850,320.596676,-5.879310,299.669952,320.443168,5.882689,349.578247,239.751291,30.384469,291.294212,240.650539,26.809387,358.292809,164.199772,180.490227,284.974766,164.273930,177.280159,351.747055,0.000000,189.126987,0.000000,155.257158,0.000000,365.244865,0.000000,84.223881,0.000000,133.134599,82.857008,
0.000000,0.000000,0.000000,0.000000,0.000000,0.000000,0.000000,0.000000,0.000000,0.000000,0.000000,0.000000,0.000000,0.000000,0.000000,0.000000,0.000000,0.000000,0.000000,0.000000,0.000000,0.000000,0.000000,0.000000,0.000000,0.000000,0.000000,0.000000,0.000000,0.000000,0.000000,0.000000,0.000000,0.000000,0.000000,0.000000,0.000000,0.000000,0.000000,0.000000,0.000000,0.000000,0.000000,0.000000,0.000000,0.000000,0.000000,0.000000,0.000000,0.000000,0.000000,0.000000,318.144779,486.736028,-0.000000,322.384834,495.722222,-246.357841,325.122910,495.782862,-246.414299,327.437248,495.863628,-0.000000,312.922554,495.719583,-245.986156,309.360352,495.747993,-245.989113,306.294193,495.681753,-245.950832,332.255859,493.774981,-153.085423,302.105808,0.000000,-151.941681,323.582916,0.000000,-225.169868,0.000000,477.607934,-224.671192,360.149078,446.896513,-104.200306,276.940556,445.896993,-78.007965,401.930237,405.963278,-142.969666,241.135063,399.261382,-75.645304,443.417587,372.703006,-301.869087,200.495625,358.083057,-181.455975,458.145218,361.612887,-335.768280,185.684605,346.285243,-206.508904,455.007324,360.184386,-366.474342,0.000000,346.379099,-238.192692,448.990250,363.074133,-318.391113,193.705482,349.293737,-197.919369,345.385094,321.122818,-4.390829,299.103699,321.257100,4.387635,349.101143,239.491954,25.009243,291.016808,240.838895,19.816755,358.273354,163.802547,163.192444,284.601860,164.240413,163.524075,351.646538,153.525395,170.475254,288.810635,155.120687,170.981121,365.692444,133.407969,65.221710,274.797096,133.158073,68.473272,
0.000000,0.000000,0.000000,0.000000,0.000000,0.000000,0.000000,0.000000,0.000000,0.000000,0.000000,0.000000,0.000000,0.000000,0.000000,0.000000,0.000000,0.000000,0.000000,0.000000,0.000000,0.000000,0.000000,0.000000,0.000000,0.000000,0.000000,0.000000,0.000000,0.000000,0.000000,0.000000,0.000000,0.000000,0.000000,0.000000,0.000000,0.000000,0.000000,0.000000,0.000000,0.000000,0.000000,0.000000,0.000000,0.000000,0.000000,0.000000,0.000000,0.000000,0.000000,0.000000,316.765041,486.762013,-272.775421,320.808144,495.771940,-259.652557,323.513031,495.825348,-259.707451,325.628815,495.891459,-259.725494,311.501770,495.771382,-259.015198,307.999763,495.781338,-259.019527,304.951134,495.705807,-258.986206,329.997597,493.788049,-166.350441,300.687752,492.914808,-164.146767,321.948929,478.404701,-237.643013,311.214199,0.000000,-0.000000,0.000000,446.749763,-111.119680,275.672913,445.770929,-87.933273,399.646683,404.791410,-135.441494,241.142769,396.825442,-69.025106,441.974564,370.494626,-289.649143,200.547237,352.457628,-162.067146,456.574860,358.429856,-324.242325,185.917397,338.481045,-185.464420,453.548164,356.918592,-354.639931,187.654953,338.910627,-218.769360,447.521820,0.000000,-306.836052,193.780308,342.540021,-179.269581,343.574753,321.360183,-2.703967,298.085327,321.564717,2.689351,348.575668,238.918648,26.238322,290.846367,240.572906,21.754556,357.931137,163.425407,169.280949,284.566154,164.048882,171.644630,351.362572,153.025861,177.143040,288.979549,154.816289,179.838371,0.000000,133.165154,72.957597,274.293823,133.134599,77.691069,
0.000000,0.000000,0.000000,0.000000,0.000000,0.000000,0.000000,0.000000,0.000000,0.000000,0.000000,0.000000,0.000000,0.000000,0.000000,0.000000,0.000000,0.000000,0.000000,0.000000,0.000000,0.000000,0.000000,0.000000,0.000000,0.000000,0.000000,0.000000,0.000000,0.000000,0.000000,0.000000,0.000000,0.000000,0.000000,0.000000,0.000000,0.000000,0.000000,0.000000,0.000000,0.000000,0.000000,0.000000,0.000000,0.000000,0.000000,0.000000,0.000000,0.000000,0.000000,0.000000,0.000000,486.783965,-283.252411,317.949734,495.764580,-270.876427,320.953407,495.808246,-270.926876,323.231316,495.858607,-270.949059,0.000000,495.768571,-269.849586,305.413780,495.770009,-269.857388,302.098904,495.679865,-269.823189,327.500610,493.720758,-179.610119,298.521271,492.882020,-175.192852,319.267673,478.457766,-248.561020,0.000000,477.865920,-247.153816,357.084579,446.649556,-124.480295,273.979607,445.721405,-95.989094,397.786217,404.507353,-136.754093,240.950260,395.611260,-69.994097,441.575851,369.773262,-285.016785,200.297222,349.877944,-157.220335,456.180077,357.178531,-313.303528,185.862179,334.653983,-179.580116,453.146439,0.000000,-346.526909,187.673759,334.535365,-213.896942,0.000000,359.153366,-301.169586,193.558674,338.719010,-174.515495,341.177559,322.045670,-2.817268,296.048927,322.175703,2.815554,347.429581,238.857107,30.418260,289.896355,240.360088,28.701465,0.000000,163.437982,174.973469,284.573460,164.024162,178.508682,352.137299,153.113322,183.048286,289.004860,154.816160,187.412758,366.474991,133.126831,78.146276,274.160824,133.124127,86.988640,
0.000000,0.000000,0.000000,0.000000,0.000000,0.000000,0.000000,0.000000,0.000000,0.000000,0.000000,0.000000,0.000000,0.000000,0.000000,0.000000,0.000000,0.000000,0.000000,0.000000,0.000000,0.000000,0.000000,0.000000,0.000000,0.000000,0.000000,0.000000,0.000000,0.000000,0.000000,0.000000,0.000000,0.000000,0.000000,0.000000,0.000000,0.000000,0.000000,0.000000,0.000000,0.000000,0.000000,0.000000,0.000000,0.000000,0.000000,0.000000,0.000000,0.000000,0.000000,0.000000,311.138248,487.311673,-296.863041,315.192528,496.084685,-284.273129,318.387547,496.110284,-284.320431,320.748978,496.117043,-284.351082,305.818977,496.054130,-283.713951,302.601891,496.009798,-283.728523,299.197731,495.891459,-283.700294,325.041618,493.776720,-191.167297,296.044254,492.945685,-0.000000,316.663914,478.808234,-261.316891,305.523224,478.329620,-260.443420,354.091263,446.641917,-133.003645,271.696835,445.940316,-106.637897,395.588188,404.740877,-137.086849,239.564629,395.977457,-78.158202,441.228943,370.655429,-273.617916,200.210838,350.102606,-163.093472,455.594635,358.330593,-299.435978,185.720596,334.388809,-184.774017,452.945442,356.869841,-333.871002,187.555809,333.758082,-220.575104,447.297401,360.366883,-290.053902,193.210697,338.715277,-180.726738,338.368416,323.146620,-3.294558,293.495331,322.939553,3.264164,346.753922,238.263845,23.870797,288.498383,240.364337,0.000000,357.885056,163.430042,177.348976,284.575596,164.095016,182.175846,352.358551,153.168340,185.821133,289.400673,154.833455,190.276680,366.477165,0.000000,79.391503,274.045982,133.159318,91.102047,
0.000000,0.000000,0.000000,0.000000,0.000000,0.000000,0.000000,0.000000,0.000000,0.000000,0.000000,0.000000,0.000000,0.000000,0.000000,0.000000,0.000000,0.000000,0.000000,0.000000,0.000000,0.000000,0.000000,0.000000,0.000000,0.000000,0.000000,0.000000,0.000000,0.000000,0.000000,0.000000,0.000000,0.000000,0.000000,0.000000,0.000000,0.000000,0.000000,0.000000,0.000000,0.000000,0.000000,0.000000,0.000000,0.000000,0.000000,0.000000,0.000000,0.000000,0.000000,0.000000,308.680363,487.499471,-251.650925,312.635403,496.207445,-237.872658,315.777378,496.238322,-237.937202,318.124027,0.000000,-237.966976,303.362846,496.159186,-237.699146,300.207157,496.095006,-237.700367,296.918488,495.942957,-237.678642,322.459259,493.901796,-143.976536,293.478394,492.979224,-0.000000,314.258366,479.210458,-216.048470,303.115578,0.000000,-215.605431,350.951004,446.776006,-0.000000,269.548397,446.830831,-70.358758,393.875961,405.720613,-88.861380,238.361588,398.556218,-51.252427,439.205399,374.498198,-220.883942,200.132771,352.830563,-154.226379,453.180618,361.068506,-247.804337,187.009850,335.720730,-177.886887,0.000000,358.746357,-280.278931,188.550301,335.623269,-213.740807,445.947456,363.684196,-237.519798,193.616810,339.659801,-172.213001,335.849953,323.539853,-3.357027,291.357689,323.174429,3.319333,345.491600,237.355285,18.766510,0.000000,0.000000,24.796956,357.745361,163.439527,168.065014,284.509678,164.064202,175.072689,352.375717,153.338370,176.124382,289.872036,154.816203,183.099670,0.000000,132.170978,0.000000,273.660030,133.029542,82.574301,
0.000000,0.000000,0.000000,0.000000,0.000000,0.000000,0.000000,0.000000,0.000000,0.000000,0.000000,0.000000,0.000000,0.000000,0.000000,0.000000,0.000000,0.000000,0.000000,0.000000,0.000000,0.000000,0.000000,0.000000,0.000000,0.000000,0.000000,0.000000,0.000000,0.000000,0.000000,0.000000,0.000000,0.000000,0.000000,0.000000,0.000000,0.000000,0.000000,0.000000,0.000000,0.000000,0.000000,0.000000,0.000000,0.000000,0.000000,0.000000,0.000000,0.000000,0.000000,0.000000,306.436272,487.491424,-207.299519,310.204277,0.000000,-194.314384,313.271446,496.230319,-194.392586,0.000000,496.236734,-194.414177,300.995121,496.081445,-193.371353,297.919712,496.000228,-193.350105,294.715633,495.836034,-193.312683,319.984226,493.924134,-103.217297,291.113892,492.823527,-98.269281,312.085018,0.000000,-172.585182,300.939426,478.786991,-171.105480,0.000000,447.275262,-50.551543,267.642117,448.582249,-28.402715,0.000000,411.725521,-67.257223,235.689049,403.673100,-21.137002,435.970840,385.487981,-216.408768,199.846992,362.612944,-131.340199,449.705734,370.218744,-246.291656,186.948032,0.000000,-155.483274,447.006340,0.000000,-278.561401,189.110603,343.313956,-188.939037,441.420479,374.197233,-233.258858,193.850269,349.185419,-148.790607,333.729057,324.341040,-3.451636,289.270439,323.648815,3.406853,345.271645,236.967587,16.640249,285.642853,240.302753,19.016644,357.367325,163.429484,154.498768,284.512424,163.985667,155.595188,352.246933,0.000000,161.493473,290.714836,0.000000,162.284737,367.102280,131.295633,57.786498,273.515015,132.865777,63.432040,
0.000000,0.000000,0.000000,0.000000,0.000000,0.000000,0.000000,0.000000,0.000000,0.000000,0.000000,0.000000,0.000000,0.000000,0.000000,0.000000,0.000000,0.000000,0.000000,0.000000,0.000000,0.000000,0.000000,0.000000,0.000000,0.000000,0.000000,0.000000,0.000000,0.000000,0.000000,0.000000,0.000000,0.000000,0.000000,0.000000,0.000000,0.000000,0.000000,0.000000,0.000000,0.000000,0.000000,0.000000,0.000000,0.000000,0.000000,0.000000,0.000000,0.000000,0.000000,0.000000,303.327332,487.480352,-216.805210,307.226105,496.182618,-203.634071,310.431519,496.239889,-203.704319,313.106575,496.277633,-203.715553,297.836514,496.048207,-202.109337,0.000000,495.980294,-202.091866,291.574917,495.824747,-202.031059,317.428474,494.025156,-110.769405,288.305473,492.826273,-103.545074,0.000000,479.330320,-181.544971,297.709770,0.000000,-179.384537,346.056747,448.074131,-56.328688,265.654488,0.000000,-18.495451,387.381058,419.540641,-52.972851,233.339233,409.596620,0.000000,432.375641,397.769752,-176.810608,199.746971,375.586853,84.040699,444.895439,382.595208,-200.220680,0.000000,358.361235,80.152225,440.621719,381.887083,-235.325451,191.647072,357.033391,47.496181,435.284691,385.926125,-194.146881,196.735477,363.088253,70.570707,331.720200,324.485621,-7.977896,287.420311,323.607230,8.006691,344.650040,236.974411,12.741481,283.072968,240.230913,18.662481,0.000000,163.855162,162.040443,284.445915,163.984509,166.938896,352.262726,153.971500,170.048218,290.928841,154.683123,174.837837,367.205734,131.005182,64.922142,273.459072,132.825308,72.632675,
0.000000,0.000000,0.000000,0.000000,0.000000,0.000000,0.000000,0.000000,0.000000,0.000000,0.000000,0.000000,0.000000,0.000000,0.000000,0.000000,0.000000,0.000000,0.000000,0.000000,0.000000,0.000000,0.000000,0.000000,0.000000,0.000000,0.000000,0.000000,0.000000,0.000000,0.000000,0.000000,0.000000,0.000000,0.000000,0.000000,0.000000,0.000000,0.000000,0.000000,0.000000,0.000000,0.000000,0.000000,0.000000,0.000000,0.000000,0.000000,0.000000,0.000000,0.000000,0.000000,300.647774,487.693019,-209.275532,304.644966,496.417429,-195.981903,307.893410,496.508002,-196.015129,310.651741,496.602287,-0.000000,294.998207,496.189506,-194.790611,291.776772,0.000000,-194.798527,288.640938,495.914505,-194.742432,314.893646,494.328804,-98.188038,285.485134,492.873158,-93.939209,0.000000,479.750676,-172.064648,294.882469,479.148896,-170.907269,342.695084,449.961612,-0.000000,0.000000,452.599447,-23.936975,383.872261,426.889315,-75.757113,231.746349,418.256400,-0.000000,425.974846,409.750149,-242.624111,200.619164,390.618553,-170.860348,439.076157,396.013892,-276.008205,190.309906,373.566377,-196.662254,434.391785,396.136715,-303.907566,197.116661,373.458273,-218.877869,0.000000,400.416341,-258.449516,202.424488,377.777853,-183.638573,329.902000,324.771309,-0.000000,285.805931,323.563929,7.912565,344.243240,237.075391,18.222151,280.793114,240.183878,4.875022,357.064133,164.796209,0.000000,284.146767,163.908205,145.260363,352.494316,154.855170,186.192360,290.949211,154.627376,152.641878,0.000000,130.986772,84.366989,273.461246,132.722096,55.504293,
0.000000,0.000000,0.000000,0.000000,0.000000,0.000000,0.000000,0.000000,0.000000,0.000000,0.000000,0.000000,0.000000,0.000000,0.000000,0.000000,0.000000,0.000000,0.000000,0.000000,0.000000,0.000000,0.000000,0.000000,0.000000,0.000000,0.000000,0.000000,0.000000,0.000000,0.000000,0.000000,0.000000,0.000000,0.000000,0.000000,0.000000,0.000000,0.000000,0.000000,0.000000,0.000000,0.000000,0.000000,0.000000,0.000000,0.000000,0.000000,0.000000,0.000000,0.000000,0.000000,299.395657,487.904227,-0.000000,303.284550,496.676896,-203.717060,306.518211,496.842527,-203.740063,309.074650,497.032621,-203.715324,293.510380,496.446655,-203.951988,290.234718,496.415005,-203.959389,287.028103,496.321192,-203.905792,313.201256,494.807010,-97.261133,283.064156,493.145564,-102.151937,305.198879,480.120778,-178.547363,293.598442,479.493678,-179.661350,340.473633,451.020548,-37.441735,261.171684,454.025717,-30.304284,378.926544,0.000000,-108.211803,228.323631,423.930109,-165.681095,418.807602,422.836862,-319.597721,202.905216,0.000000,-404.565086,432.821922,409.531989,-361.836166,193.609314,390.670695,-450.481339,427.006874,409.380927,-385.009727,202.311420,391.286917,-468.175240,421.047554,0.000000,-334.791412,207.354088,395.788844,-418.489113,327.813759,325.146046,-6.100012,282.651520,323.535819,6.074554,342.947273,237.426653,43.875618,278.724918,239.954453,-4.746910,357.079315,166.015520,211.224079,283.780975,163.713970,137.745514,352.585526,157.038875,220.549049,290.967197,154.569955,145.563917,367.327728,131.690111,114.220819,273.543797,132.689266,44.379992,
0.000000,0.000000,0.000000,0.000000,0.000000,0.000000,0.000000,0.000000,0.000000,0.000000,0.000000,0.000000,0.000000,0.000000,0.000000,0.000000,0.000000,0.000000,0.000000,0.000000,0.000000,0.000000,0.000000,0.000000,0.000000,0.000000,0.000000,0.000000,0.000000,0.000000,0.000000,0.000000,0.000000,0.000000,0.000000,0.000000,0.000000,0.000000,0.000000,0.000000,0.000000,0.000000,0.000000,0.000000,0.000000,0.000000,0.000000,0.000000,0.000000,0.000000,0.000000,0.000000,297.716274,488.012781,-220.407810,301.509247,496.803839,-0.000000,304.790039,497.042341,-0.000000,307.278805,497.325797,-206.445236,291.558571,496.572740,-0.000000,288.321533,496.604111,-0.000000,285.079536,496.585186,-206.674786,311.474762,495.202260,-0.000000,281.178226,493.377972,-103.359604,303.611183,480.368185,-180.074501,291.908417,479.684930,-180.953732,338.736839,453.323278,-0.000000,259.595375,455.571742,-45.826149,374.652138,437.694755,-186.970139,225.793495,430.292909,-0.000000,409.968758,435.461204,-421.679688,206.603050,421.860237,-455.971756,422.404099,426.138361,-470.629044,197.307167,407.518959,-506.557693,416.347580,425.772593,-486.827621,207.976875,408.920810,-518.719254,410.651360,427.995458,-0.000000,212.570038,412.377748,-468.514252,325.588531,325.875049,-6.176301,280.046997,0.000000,6.151732,0.000000,238.802390,44.199724,277.162666,239.951878,0.000000,0.000000,168.633871,204.699631,283.261147,163.776112,143.933811,352.858658,161.007771,213.682518,290.219631,0.000000,151.630154,364.748306,133.156443,106.359968,273.815498,132.729263,0.000000,
0.000000,0.000000,0.000000,0.000000,0.000000,0.000000,0.000000,0.000000,0.000000,0.000000,0.000000,0.000000,0.000000,0.000000,0.000000,0.000000,0.000000,0.000000,0.000000,0.000000,0.000000,0.000000,0.000000,0.000000,0.000000,0.000000,0.000000,0.000000,0.000000,0.000000,0.000000,0.000000,0.000000,0.000000,0.000000,0.000000,0.000000,0.000000,0.000000,0.000000,0.000000,0.000000,0.000000,0.000000,0.000000,0.000000,0.000000,0.000000,0.000000,0.000000,0.000000,0.000000,296.116581,488.196824,-230.599499,299.942570,496.932242,-0.000000,303.171749,497.239237,-216.525154,305.693626,497.591271,-216.522141,290.069637,496.698933,-217.518883,286.887913,496.799934,-217.506046,283.618107,496.863642,-217.403564,309.497776,495.471361,-101.686764,279.759331,493.667865,-0.000000,301.933632,480.607996,-187.717094,290.075645,479.940104,-0.000000,335.888596,454.927948,-76.432791,258.205471,456.552851,-79.911461,365.067406,442.807281,-272.330780,225.408669,436.246684,-269.993496,392.452965,448.259890,-0.000000,212.907143,437.202494,-534.592361,407.409744,441.195037,-588.202438,205.586529,427.150304,-590.656433,398.673019,441.244884,-597.592583,215.876369,428.924124,-595.218201,391.150589,442.238588,-0.000000,0.000000,430.961766,-545.223465,324.498672,326.817985,-6.179317,279.019585,323.769364,6.153306,340.652390,240.642471,36.434007,276.270638,239.908061,4.527291,356.450729,175.748591,225.901642,282.777042,163.775768,149.337177,352.789230,169.704480,239.125443,289.142265,154.604630,157.630692,363.834534,136.364493,134.052944,273.817139,132.056694,55.460238,
0.000000,0.000000,0.000000,0.000000,0.000000,0.000000,0.000000,0.000000,0.000000,0.000000,0.000000,0.000000,0.000000,0.000000,0.000000,0.000000,0.000000,0.000000,0.000000,0.000000,0.000000,0.000000,0.000000,0.000000,0.000000,0.000000,0.000000,0.000000,0.000000,0.000000,0.000000,0.000000,0.000000,0.000000,0.000000,0.000000,0.000000,0.000000,0.000000,0.000000,0.000000,0.000000,0.000000,0.000000,0.000000,0.000000,0.000000,0.000000,0.000000,0.000000,0.000000,0.000000,294.490166,489.427485,-230.664253,298.502655,498.134387,-216.896439,301.744194,498.449900,-216.855297,0.000000,498.806977,-216.845970,288.330326,497.829988,-218.093433,284.929008,498.000448,-218.073330,281.510010,498.162711,-217.961922,308.388977,496.416872,-102.214499,277.155209,494.765060,-113.217983,300.657463,481.685815,-0.000000,288.447266,481.025906,-0.000000,334.114189,456.456656,-92.480583,256.176567,457.166047,-95.617456,357.649422,446.284218,-313.995514,225.216961,441.999507,-302.094421,381.856956,0.000000,-0.000000,216.866646,0.000000,-557.130432,397.571030,449.867306,-639.160576,209.785442,440.483029,-611.866531,388.308907,0.000000,-643.806000,221.105213,441.340542,-612.968941,381.300087,449.719141,-591.957283,226.197205,441.828833,-566.507149,323.380814,328.095016,-6.004416,277.795353,0.000000,5.963830,338.846931,243.329058,52.080698,275.975437,239.909348,5.372015,354.717712,184.712362,243.230858,282.529354,164.331436,152.372761,352.207565,179.286790,255.761452,288.693600,155.586662,160.404472,362.200661,144.609904,151.664333,274.404488,132.451558,56.616101,
0.000000,0.000000,0.000000,0.000000,0.000000,0.000000,0.000000,0.000000,0.000000,0.000000,0.000000,0.000000,0.000000,0.000000,0.000000,0.000000,0.000000,0.000000,0.000000,0.000000,0.000000,0.000000,0.000000,0.000000,0.000000,0.000000,0.000000,0.000000,0.000000,0.000000,0.000000,0.000000,0.000000,0.000000,0.000000,0.000000,0.000000,0.000000,0.000000,0.000000,0.000000,0.000000,0.000000,0.000000,0.000000,0.000000,0.000000,0.000000,0.000000,0.000000,0.000000,0.000000,292.540398,0.000000,-228.013077,296.676388,498.907335,-215.751305,299.985008,499.285033,-215.721283,302.375679,499.678202,-215.706310,286.305180,498.352783,-216.084690,282.828560,498.465929,-216.060467,279.374504,0.000000,-215.977554,0.000000,497.174606,-108.247252,275.352135,495.166812,-114.128609,299.086514,482.426255,-188.333092,286.570702,481.577861,-188.773060,332.845955,458.419733,-87.456884,256.016026,457.574472,-91.818151,355.129166,445.920725,-302.154274,225.331154,437.315254,-291.741791,372.032509,457.911294,-569.039536,221.402416,451.158993,-0.000000,384.443436,458.962398,-624.379692,214.382801,0.000000,-0.000000,377.353249,460.675600,-628.492012,223.790703,454.588981,-0.000000,371.389885,458.519168,-579.946518,228.105507,453.500583,-554.936333,322.421646,329.547014,-2.618366,276.984463,325.231919,2.543527,336.883316,247.183156,113.859587,276.103249,239.907160,-3.896304,0.000000,193.448982,324.656754,282.295742,164.335985,92.196064,350.871582,189.526992,339.899445,288.336525,155.575376,95.578394,360.411568,153.886828,245.123997,274.374447,132.237840,-16.165516,
0.000000,0.000000,0.000000,0.000000,0.000000,0.000000,0.000000,0.000000,0.000000,0.000000,0.000000,0.000000,0.000000,0.000000,0.000000,0.000000,0.000000,0.000000,0.000000,0.000000,0.000000,0.000000,0.000000,0.000000,0.000000,0.000000,0.000000,0.000000,0.000000,0.000000,0.000000,0.000000,0.000000,0.000000,0.000000,0.000000,0.000000,0.000000,0.000000,0.000000,0.000000,0.000000,0.000000,0.000000,0.000000,0.000000,0.000000,0.000000,0.000000,0.000000,0.000000,0.000000,291.069889,490.095184,-236.935768,295.335083,0.000000,-225.731621,298.740292,499.258811,-225.705662,301.241341,499.647968,-225.693855,284.957638,498.336110,-225.957260,0.000000,498.446274,-225.920887,278.056488,498.508372,-225.861378,306.273537,497.151175,-123.761320,274.077148,495.147693,-126.226368,297.732201,482.406192,-197.611504,285.191498,481.551812,-197.995110,330.664749,459.322393,-94.343109,254.721966,457.634683,-106.182384,352.105026,444.815676,-327.629890,225.624924,436.280608,-316.682835,363.680153,457.421072,-599.312210,222.701149,449.012690,-568.506088,0.000000,463.236229,-655.102997,217.400093,456.745005,-623.892708,367.008743,466.092417,-656.470413,225.002251,459.886622,-622.347946,361.580238,462.632411,-609.389038,229.261322,456.847873,-576.897812,0.000000,331.106644,1.042693,275.687141,326.157088,-1.157466,335.141029,250.006299,132.294798,0.000000,240.404849,-27.648284,349.470711,199.676342,369.973526,282.197170,164.631157,54.568434,348.868141,195.951376,388.129807,288.156338,155.634470,56.704259,358.340530,162.201591,0.000000,274.302158,132.224751,-59.528823,
0.000000,0.000000,0.000000,0.000000,0.000000,0.000000,0.000000,0.000000,0.000000,0.000000,0.000000,0.000000,0.000000,0.000000,0.000000,0.000000,0.000000,0.000000,0.000000,0.000000,0.000000,0.000000,0.000000,0.000000,0.000000,0.000000,0.000000,0.000000,0.000000,0.000000,0.000000,0.000000,0.000000,0.000000,0.000000,0.000000,0.000000,0.000000,0.000000,0.000000,0.000000,0.000000,0.000000,0.000000,0.000000,0.000000,0.000000,0.000000,0.000000,0.000000,0.000000,0.000000,289.198265,490.069327,-236.831398,293.501396,498.873453,-225.448608,296.861210,499.246409,-225.399246,299.448891,0.000000,-225.382957,283.430901,498.290491,-0.000000,279.958382,498.387115,-225.619011,276.704712,498.409538,-225.595970,304.992332,497.141840,-122.687130,272.642326,495.140784,-124.961796,296.191254,482.393038,-197.069244,0.000000,481.539645,-197.574196,328.929520,459.211264,-81.013374,253.331337,457.578764,-94.543209,357.102470,443.521028,-266.896877,225.120697,436.670408,-270.151577,362.948227,462.279625,-499.119530,223.898239,456.114879,-491.372757,364.142685,472.232015,-546.226997,220.912342,463.741429,-540.196457,358.419876,473.847070,-556.397514,0.000000,466.311650,-536.336441,0.000000,469.956622,-508.577042,231.300507,463.303993,-497.122917,320.730476,0.000000,4.204255,274.973183,326.393123,-4.318992,334.662895,250.699511,113.501740,276.504021,240.281596,-35.512567,346.809311,206.206598,383.622246,282.157536,164.726558,0.000000,0.000000,205.351939,406.424713,288.116055,155.689874,64.360723,356.153488,168.112106,325.331039,274.193115,132.207284,-50.902467,
0.000000,0.000000,0.000000,0.000000,0.000000,0.000000,0.000000,0.000000,0.000000,0.000000,0.000000,0.000000,0.000000,0.000000,0.000000,0.000000,0.000000,0.000000,0.000000,0.000000,0.000000,0.000000,0.000000,0.000000,0.000000,0.000000,0.000000,0.000000,0.000000,0.000000,0.000000,0.000000,0.000000,0.000000,0.000000,0.000000,0.000000,0.000000,0.000000,0.000000,0.000000,0.000000,0.000000,0.000000,0.000000,0.000000,0.000000,0.000000,0.000000,0.000000,0.000000,0.000000,287.290039,490.055444,-236.591530,291.432533,498.845193,-224.940529,294.785004,499.214072,-224.904385,297.598667,499.594581,-224.891205,281.663513,498.281093,-225.244694,278.324223,498.373318,-225.240479,275.083275,498.375356,-225.253239,303.626747,497.108603,-125.269995,0.000000,495.059502,-122.389355,294.641819,482.380958,-197.461452,282.876854,481.530182,-197.544842,327.854691,458.943429,-81.972933,253.363380,457.407768,-84.904175,359.564781,442.390831,-254.204597,222.623920,436.258721,-243.690510,359.346390,466.506250,-489.627419,225.679779,463.859682,-462.163467,356.908836,480.350118,-513.500252,226.022873,470.509779,-506.935730,350.619812,480.946040,-493.840408,232.883606,471.661220,-502.134018,349.282227,475.655329,-471.523285,234.579811,469.106512,-466.699333,320.292664,332.177081,3.767104,274.709511,326.496720,-3.880020,333.721695,251.384139,79.197679,276.674747,239.404621,-24.100764,344.947968,212.983017,346.970901,282.106018,164.688835,88.914976,344.195900,213.857846,370.633965,288.080025,0.000000,94.639587,354.398880,174.785099,293.668671,274.083099,132.119608,-15.229403,
0.000000,0.000000,0.000000,0.000000,0.000000,0.000000,0.000000,0.000000,0.000000,0.000000,0.000000,0.000000,0.000000,0.000000,0.000000,0.000000,0.000000,0.000000,0.000000,0.000000,0.000000,0.000000,0.000000,0.000000,0.000000,0.000000,0.000000,0.000000,0.000000,0.000000,0.000000,0.000000,0.000000,0.000000,0.000000,0.000000,0.000000,0.000000,0.000000,0.000000,0.000000,0.000000,0.000000,0.000000,0.000000,0.000000,0.000000,0.000000,0.000000,0.000000,0.000000,0.000000,287.161140,489.987895,-245.015621,291.046028,498.797965,-232.244091,294.281502,499.188237,-232.210083,297.034512,499.582329,-232.218323,281.622467,498.105161,-230.610752,0.000000,498.127091,-230.629578,0.000000,498.002057,-230.645084,302.718620,497.034874,-134.145718,270.647011,494.663458,-126.009541,294.388218,482.261953,-206.945477,282.954464,481.372383,-205.104046,327.043152,458.775480,-91.428099,0.000000,457.063930,-83.698130,359.768143,442.085295,-0.000000,0.000000,435.093956,-245.266800,359.442863,464.580359,-476.022072,227.850094,0.000000,-463.779831,353.268051,480.454402,-513.995857,230.160370,475.305290,-508.804932,348.348923,482.306821,-496.935501,0.000000,477.241416,-499.484253,347.876205,476.769111,-473.516159,237.947121,473.324254,-466.667786,320.405502,332.119746,0.522571,274.897709,326.472516,-0.620037,333.852921,250.993738,46.089005,276.663570,238.257709,-19.511836,343.701820,214.976134,341.065292,282.105350,164.704027,92.522640,342.833099,217.115636,0.000000,288.090820,155.657516,103.957520,353.076668,177.784238,293.261719,273.872128,132.168961,-6.042896,
0.000000,0.000000,0.000000,0.000000,0.000000,0.000000,0.000000,0.000000,0.000000,0.000000,0.000000,0.000000,0.000000,0.000000,0.000000,0.000000,0.000000,0.000000,0.000000,0.000000,0.000000,0.000000,0.000000,0.000000,0.000000,0.000000,0.000000,0.000000,0.000000,0.000000,0.000000,0.000000,0.000000,0.000000,0.000000,0.000000,0.000000,0.000000,0.000000,0.000000,0.000000,0.000000,0.000000,0.000000,0.000000,0.000000,0.000000,0.000000,0.000000,0.000000,0.000000,0.000000,286.379662,489.842756,-247.755470,290.191078,498.674304,-234.859390,293.367882,0.000000,-234.823341,296.167049,499.476264,-234.834499,281.145115,497.902257,-232.150440,278.098755,497.889705,-232.176285,274.958229,497.714159,-232.199039,301.872196,0.000000,-140.642300,270.347939,494.056678,-127.858486,293.549080,482.015469,-211.440659,0.000000,481.121435,-0.000000,326.748886,457.758858,-101.440229,253.245678,455.885410,-0.000000,359.087868,438.543298,-268.273430,218.506260,0.000000,-247.365379,358.236961,462.376399,-468.845711,228.205013,463.963559,-459.358025,350.501366,478.928719,-509.637108,231.848869,476.061974,-503.689346,346.193199,481.166024,-496.765327,237.060356,478.431544,-493.707352,346.039543,475.695970,-471.007195,238.570690,474.385443,-461.714706,320.771332,332.064342,-2.908557,275.153198,326.119666,2.812131,334.198074,250.916705,27.666342,276.682892,237.767873,-7.632605,342.868881,217.527194,326.250534,282.075596,164.788270,148.610706,341.225166,218.333488,0.000000,288.067513,155.753474,159.734468,352.957420,178.573108,278.168983,273.686161,132.190118,0.000000,
0.000000,0.000000,0.000000,0.000000,0.000000,0.000000,0.000000,0.000000,0.000000,0.000000,0.000000,0.000000,0.000000,0.000000,0.000000,0.000000,0.000000,0.000000,0.000000,0.000000,0.000000,0.000000,0.000000,0.000000,0.000000,0.000000,0.000000,0.000000,0.000000,0.000000,0.000000,0.000000,0.000000,0.000000,0.000000,0.000000,0.000000,0.000000,0.000000,0.000000,0.000000,0.000000,0.000000,0.000000,0.000000,0.000000,0.000000,0.000000,0.000000,0.000000,0.000000,0.000000,0.000000,488.760109,-257.507973,290.040989,497.772353,-244.484386,293.191280,498.145652,-244.445305,295.991631,498.525023,-244.458542,280.912266,497.061589,-241.629181,0.000000,497.096286,-241.664257,274.730034,497.001979,-241.684208,301.692715,495.462091,-149.108019,270.138054,493.233325,-136.416397,293.020821,480.805600,-220.688515,282.218132,479.934976,-217.433910,326.250496,456.547701,-106.080656,253.236580,454.323206,-85.322323,359.244461,434.532602,-261.934757,217.789440,431.336203,-240.029392,358.167305,459.433694,-459.441872,228.466167,460.521491,-450.452461,350.305672,475.257912,-498.063622,232.514000,474.234424,-494.587212,346.002502,477.944734,-484.734383,237.339649,476.932554,-486.352768,0.000000,472.400200,-457.730293,238.844757,472.554803,-455.919113,321.027451,331.943793,-7.751135,275.438118,325.909081,7.658510,334.396553,251.084118,17.099741,0.000000,237.053075,4.119344,0.000000,215.177236,317.125492,282.081566,0.000000,166.490307,341.474953,215.442967,0.000000,288.220673,156.116881,177.457943,352.903290,177.114973,261.981754,273.403721,131.736159,0.000000,
0.000000,0.000000,0.000000,0.000000,0.000000,0.000000,0.000000,0.000000,0.000000,0.000000,0.000000,0.000000,0.000000,0.000000,0.000000,0.000000,0.000000,0.000000,0.000000,0.000000,0.000000,0.000000,0.000000,0.000000,0.000000,0.000000,0.000000,0.000000,0.000000,0.000000,0.000000,0.000000,0.000000,0.000000,0.000000,0.000000,0.000000,0.000000,0.000000,0.000000,0.000000,0.000000,0.000000,0.000000,0.000000,0.000000,0.000000,0.000000,0.000000,0.000000,0.000000,0.000000,285.842628,487.199814,-243.587456,289.921989,496.313424,-229.947987,293.093071,0.000000,-229.923306,295.907440,496.978655,-229.947567,280.680485,495.540991,-226.374035,277.574863,495.519190,-226.413021,274.398346,495.357893,-226.454258,301.819572,493.749640,-136.156864,269.852486,491.692879,-119.763088,292.937660,479.118533,-207.359524,281.966248,478.238103,-202.946377,326.538200,454.457574,-0.000000,253.296795,0.000000,-64.962883,358.306923,429.182003,-0.000000,218.484993,426.089716,-209.306793,357.691002,457.335563,-442.899780,228.850384,456.565983,-419.346581,351.620369,471.142802,-483.040848,231.928711,470.085840,-462.141724,346.891251,473.890007,-474.085007,236.534824,473.146348,-450.850105,346.048965,468.097079,-443.498192,238.525410,468.807328,-421.077652,0.000000,331.029439,-10.141441,275.599022,325.101671,10.074992,335.599327,0.000000,2.834702,276.648903,234.219332,2.906569,343.595200,212.080979,307.855892,282.140350,164.736943,163.355446,341.579437,211.877003,337.810478,288.425255,156.122632,174.671059,0.000000,173.730454,253.020687,273.347836,131.515059,73.184190,
0.000000,0.000000,0.000000,0.000000,0.000000,0.000000,0.000000,0.000000,0.000000,0.000000,0.000000,0.000000,0.000000,0.000000,0.000000,0.000000,0.000000,0.000000,0.000000,0.000000,0.000000,0.000000,0.000000,0.000000,0.000000,0.000000,0.000000,0.000000,0.000000,0.000000,0.000000,0.000000,0.000000,0.000000,0.000000,0.000000,0.000000,0.000000,0.000000,0.000000,0.000000,0.000000,0.000000,0.000000,0.000000,0.000000,0.000000,0.000000,0.000000,0.000000,0.000000,0.000000,285.399666,484.349678,-228.992882,289.465141,493.712904,-215.879192,292.799320,494.196968,-215.877495,295.636177,494.625714,-215.906906,279.963989,492.521617,-212.644558,276.704464,492.220459,-212.665005,273.652840,492.005024,-212.687740,301.659050,491.687021,-120.725870,269.403343,0.000000,-105.619974,0.000000,476.519923,-191.858883,281.490326,475.113373,-187.859039,326.601982,0.000000,-81.302567,253.126068,450.950124,-48.797889,356.109047,424.972157,-230.347595,218.923531,421.975100,-187.387581,358.017235,0.000000,-438.663750,228.959122,453.955722,-403.291092,353.395309,470.940650,-481.049500,231.114616,464.642630,-447.149467,348.833275,0.000000,-475.737991,235.467014,0.000000,-439.236908,347.718582,467.232420,-441.354599,0.000000,463.925600,-406.485596,321.318970,329.400458,-11.026505,275.737705,323.443251,10.976485,338.509789,246.993728,-9.312955,275.841980,231.164532,0.937414,344.835472,210.357714,293.103828,282.199802,164.720292,170.841713,342.549019,209.482498,322.493820,288.693047,156.383858,183.765697,0.000000,170.662050,245.242500,0.000000,131.294904,85.146112,
0.000000,0.000000,0.000000,0.000000,0.000000,0.000000,0.000000,0.000000,0.000000,0.000000,0.000000,0.000000,0.000000,0.000000,0.000000,0.000000,0.000000,0.000000,0.000000,0.000000,0.000000,0.000000,0.000000,0.000000,0.000000,0.000000,0.000000,0.000000,0.000000,0.000000,0.000000,0.000000,0.000000,0.000000,0.000000,0.000000,0.000000,0.000000,0.000000,0.000000,0.000000,0.000000,0.000000,0.000000,0.000000,0.000000,0.000000,0.000000,0.000000,0.000000,0.000000,0.000000,285.224342,482.390785,-213.973179,289.207706,491.500533,-200.870323,292.545223,0.000000,-200.881195,295.335045,492.316954,-200.906334,279.851990,490.445716,-0.000000,276.682281,490.251975,-0.000000,273.631954,490.032463,-0.000000,301.696167,489.541061,-104.936190,269.523373,486.816452,-93.648911,292.615204,474.698896,-176.567097,281.340027,473.386588,-173.700447,326.372528,449.610929,-62.015133,252.826900,448.904114,-35.740952,355.329208,418.814814,-204.117680,219.789734,415.585606,-0.000000,359.086533,440.065699,-420.774307,228.709755,443.773777,-383.804855,356.075592,456.135435,-463.652267,230.170727,459.157233,-427.745094,351.584587,459.421420,-461.650658,234.510689,465.898161,-422.203941,350.169106,454.606898,-425.015564,236.912518,458.731105,-387.902336,321.350517,327.596297,-10.758932,275.838833,321.514120,0.000000,340.979118,244.427776,-7.108951,275.276451,229.909730,-7.045569,347.357063,205.381637,271.682034,282.249660,164.497519,160.192490,344.431038,202.348380,296.160183,289.096527,156.366992,171.640816,357.967415,163.653803,214.220505,273.393440,131.049643,0.000000,
0.000000,0.000000,0.000000,0.000000,0.000000,0.000000,0.000000,0.000000,0.000000,0.000000,0.000000,0.000000,0.000000,0.000000,0.000000,0.000000,0.000000,0.000000,0.000000,0.000000,0.000000,0.000000,0.000000,0.000000,0.000000,0.000000,0.000000,0.000000,0.000000,0.000000,0.000000,0.000000,0.000000,0.000000,0.000000,0.000000,0.000000,0.000000,0.000000,0.000000,0.000000,0.000000,0.000000,0.000000,0.000000,0.000000,0.000000,0.000000,0.000000,0.000000,0.000000,0.000000,285.445919,479.943366,-203.917580,289.445343,488.894970,-0.000000,292.723541,489.262240,-190.733395,295.513039,489.620583,-190.770836,280.062008,488.003104,-189.015293,276.882820,487.896502,-0.000000,0.000000,487.645447,-189.041634,301.871700,487.127802,-93.809376,269.632626,484.187222,-85.809221,292.742977,472.387884,-166.077805,281.326027,471.080210,-164.163990,326.474571,446.422062,-46.972294,252.588387,445.888710,-23.858638,0.000000,407.536683,-179.123726,223.280907,407.199068,-138.041153,360.205650,0.000000,-402.957954,228.236504,430.658226,-353.650284,358.012009,441.030393,-446.366653,229.514656,445.333772,-397.286301,353.770103,445.439386,-447.777863,233.835297,0.000000,-394.234085,352.159119,441.313076,-408.871002,0.000000,446.160707,-358.672867,321.495018,324.883618,-0.000000,275.891075,318.619652,10.477053,343.690262,239.576111,-11.068985,274.849358,226.973891,-7.795579,353.000221,195.308847,250.669575,282.260494,163.985066,0.000000,349.856377,191.536674,272.443237,289.591789,156.265798,187.648869,0.000000,153.978710,182.287445,273.435097,130.875750,90.450048,
0.000000,0.000000,0.000000,0.000000,0.000000,0.000000,0.000000,0.000000,0.000000,0.000000,0.000000,0.000000,0.000000,0.000000,0.000000,0.000000,0.000000,0.000000,0.000000,0.000000,0.000000,0.000000,0.000000,0.000000,0.000000,0.000000,0.000000,0.000000,0.000000,0.000000,0.000000,0.000000,0.000000,0.000000,0.000000,0.000000,0.000000,0.000000,0.000000,0.000000,0.000000,0.000000,0.000000,0.000000,0.000000,0.000000,0.000000,0.000000,0.000000,0.000000,0.000000,0.000000,285.666771,476.154413,-210.764122,289.670067,484.789989,-197.817841,292.925224,485.100696,-197.844887,295.710030,485.440350,-197.883110,280.272102,484.364913,-196.033001,0.000000,484.470055,-196.049805,273.995266,484.475462,-196.050911,301.954861,483.668633,-99.515295,269.824772,481.386845,-91.106100,292.869835,468.996391,-172.253361,281.420040,467.916405,-170.219784,326.623230,443.333852,-48.823566,252.674904,441.741693,-24.116659,352.017899,400.517514,-182.273521,227.287865,400.677524,-135.461073,361.035080,415.953069,-412.805901,227.976665,417.289302,-361.253815,359.456749,427.915592,-457.222290,228.944721,431.263762,-405.557404,354.963036,433.385732,-458.286247,233.394699,437.163355,-405.517311,353.329086,429.023838,-418.715553,236.051388,431.936738,-367.704010,321.882896,322.258615,-10.836836,276.004829,315.214233,10.794880,346.494675,236.300683,-26.079659,274.361229,223.520279,-7.669246,358.998260,184.521475,220.579166,282.283058,163.191218,197.804203,355.497551,180.439153,240.332870,290.066414,155.881705,214.052162,367.759933,145.137162,142.849903,273.311653,130.687695,119.303131,
0.000000,0.000000,0.000000,0.000000,0.000000,0.000000,0.000000,0.000000,0.000000,0.000000,0.000000,0.000000,0.000000,0.000000,0.000000,0.000000,0.000000,0.000000,0.000000,0.000000,0.000000,0.000000,0.000000,0.000000,0.000000,0.000000,0.000000,0.000000,0.000000,0.000000,0.000000,0.000000,0.000000,0.000000,0.000000,0.000000,0.000000,0.000000,0.000000,0.000000,0.000000,0.000000,0.000000,0.000000,0.000000,0.000000,0.000000,0.000000,0.000000,0.000000,0.000000,0.000000,0.000000,472.207382,-216.772346,289.948311,480.561583,-204.864178,293.069515,0.000000,-204.937401,295.770664,481.024940,-205.010605,280.417118,480.293834,-204.603310,277.146397,0.000000,-204.629211,274.023933,480.593877,-204.602547,301.984463,479.596031,-101.511946,270.054474,478.189244,-0.000000,292.986507,465.019705,-173.428440,281.532192,464.146035,-173.856697,326.809158,0.000000,-0.000000,252.722721,437.598195,-32.380147,351.610947,395.889072,-178.138142,232.537098,392.488611,-141.106825,361.397820,406.394770,-411.244545,228.352013,407.950172,-373.645554,360.832672,417.101827,-456.724739,228.573418,420.373070,-418.392487,356.625290,423.216212,-459.742699,232.565117,426.106024,-419.961739,354.367027,418.689737,-418.094826,235.137825,422.007394,-381.083984,322.585030,319.940071,-11.204298,276.271935,313.100009,11.174915,347.623062,232.897153,-34.324989,273.588352,221.262460,4.007754,363.510284,175.276351,166.533947,282.269497,162.357845,211.325970,359.552383,170.382929,180.908699,290.203285,155.375605,227.104607,373.803253,140.110660,77.271032,273.295746,130.657268,134.117460,
0.000000,0.000000,0.000000,0.000000,0.000000,0.000000,0.000000,0.000000,0.000000,0.000000,0.000000,0.000000,0.000000,0.000000,0.000000,0.000000,0.000000,0.000000,0.000000,0.000000,0.000000,0.000000,0.000000,0.000000,0.000000,0.000000,0.000000,0.000000,0.000000,0.000000,0.000000,0.000000,0.000000,0.000000,0.000000,0.000000,0.000000,0.000000,0.000000,0.000000,0.000000,0.000000,0.000000,0.000000,0.000000,0.000000,0.000000,0.000000,0.000000,0.000000,0.000000,0.000000,287.168846,466.722543,-224.123116,291.406403,475.528300,-211.996918,294.332886,475.731912,-212.079430,297.462807,476.059742,-212.147713,281.406803,475.468605,-213.615284,277.876072,475.679684,-213.641396,274.804726,475.766094,-213.611603,303.372707,475.263963,-0.000000,270.718288,473.757248,-110.922537,293.940639,459.085908,-179.179878,282.057095,458.636026,-182.821999,0.000000,436.082833,-49.417162,253.431358,432.985783,-44.925685,352.102509,389.880624,-167.164955,241.243515,383.388369,-0.000000,365.613022,397.842343,-402.747803,230.149021,398.345547,-391.779671,368.075790,406.952519,-447.527771,228.315544,409.739528,-439.625626,364.034424,412.576811,-454.133377,230.883293,416.192687,-448.707008,0.000000,409.229500,-411.495590,0.000000,412.283850,-402.707634,0.000000,315.944867,-9.453155,276.982422,309.820032,9.446363,349.047508,230.226488,-39.713597,273.165894,218.889842,3.353831,367.508926,169.761000,141.737871,282.451820,161.715403,215.592003,363.204002,163.676033,153.877945,290.697746,0.000000,232.091846,378.270645,134.474974,49.441094,273.705788,0.000000,143.226528,
0.000000,0.000000,0.000000,0.000000,0.000000,0.000000,0.000000,0.000000,0.000000,0.000000,0.000000,0.000000,0.000000,0.000000,0.000000,0.000000,0.000000,0.000000,0.000000,0.000000,0.000000,0.000000,0.000000,0.000000,0.000000,0.000000,0.000000,0.000000,0.000000,0.000000,0.000000,0.000000,0.000000,0.000000,0.000000,0.000000,0.000000,0.000000,0.000000,0.000000,0.000000,0.000000,0.000000,0.000000,0.000000,0.000000,0.000000,0.000000,0.000000,0.000000,0.000000,0.000000,289.618626,461.818049,-239.832325,293.757286,470.844455,-227.094002,296.540337,471.116002,-227.159863,299.951172,471.517603,-0.000000,283.716545,470.772421,-0.000000,280.124722,471.017103,-227.176132,277.177181,471.143854,-227.135925,305.489044,470.965841,-117.535744,272.773991,469.528584,-118.907833,295.861149,454.083073,-196.477261,284.095039,453.915639,-197.160187,330.082855,430.867460,-0.000000,254.612236,428.727293,-45.531569,0.000000,383.955452,-164.947586,244.135094,380.174825,-141.970234,371.385040,387.021732,-399.867668,0.000000,389.143703,-386.751022,375.063515,396.029470,-445.952911,227.922554,398.156891,-434.883804,370.634270,401.398437,-455.390511,229.309044,404.826729,-447.079315,367.616615,398.729918,-409.574890,232.718201,401.402922,-398.911629,323.845673,310.969391,-9.422285,0.000000,306.371784,9.412512,350.077782,226.335740,-35.911822,273.080940,216.503448,2.721369,369.337082,166.649423,153.165035,282.454491,161.281056,223.712311,365.131187,160.455151,166.110611,290.695095,154.999065,241.008110,380.645981,132.064590,60.359707,273.706779,130.601091,151.022854,
0.000000,0.000000,0.000000,0.000000,0.000000,0.000000,0.000000,0.000000,0.000000,0.000000,0.000000,0.000000,0.000000,0.000000,0.000000,0.000000,0.000000,0.000000,0.000000,0.000000,0.000000,0.000000,0.000000,0.000000,0.000000,0.000000,0.000000,0.000000,0.000000,0.000000,0.000000,0.000000,0.000000,0.000000,0.000000,0.000000,0.000000,0.000000,0.000000,0.000000,0.000000,0.000000,0.000000,0.000000,0.000000,0.000000,0.000000,0.000000,0.000000,0.000000,0.000000,0.000000,291.362267,457.659938,-238.318691,295.536232,466.553071,-225.590973,298.297939,466.943815,-225.649204,0.000000,467.396336,-225.695553,285.799046,466.264679,-224.755745,282.368469,466.523416,-224.777317,0.000000,466.649072,-224.742489,307.289524,466.784942,-118.778086,275.912075,465.421629,-118.708839,297.673073,450.260732,-196.389999,286.009312,450.102224,-195.747719,332.818832,426.285646,-54.858236,257.295170,425.611811,-34.710648,0.000000,379.376922,-155.524826,0.000000,376.259701,-109.513149,375.358810,378.618093,-392.738113,230.430622,380.170019,-347.025490,381.666412,384.812772,-439.770126,226.476326,388.374295,-393.390465,376.897469,390.672455,-452.614212,227.006340,394.349914,-408.091660,372.977562,388.896081,-403.712234,230.684700,391.660881,-359.654503,324.990234,306.766949,-9.875057,278.769531,0.000000,9.872980,351.427345,224.419785,-44.731512,273.107872,213.878446,-1.073507,370.996475,164.534554,151.068087,282.451515,161.043262,223.180580,366.974487,158.289385,164.870167,290.573006,0.000000,241.184444,381.702194,131.052775,57.978277,273.880577,130.620403,151.755037,
0.000000,0.000000,0.000000,0.000000,0.000000,0.000000,0.000000,0.000000,0.000000,0.000000,0.000000,0.000000,0.000000,0.000000,0.000000,0.000000,0.000000,0.000000,0.000000,0.000000,0.000000,0.000000,0.000000,0.000000,0.000000,0.000000,0.000000,0.000000,0.000000,0.000000,0.000000,0.000000,0.000000,0.000000,0.000000,0.000000,0.000000,0.000000,0.000000,0.000000,0.000000,0.000000,0.000000,0.000000,0.000000,0.000000,0.000000,0.000000,0.000000,0.000000,0.000000,0.000000,0.000000,453.610597,-243.596687,298.035927,462.200682,-230.950966,300.839195,462.527354,-231.011486,303.873863,0.000000,-231.052094,288.599434,462.033484,-228.914452,285.321350,462.326961,-228.935127,282.789059,462.505124,-228.890266,310.045471,462.448690,-124.548817,279.387703,461.447604,-117.395926,300.432796,446.150451,-201.742496,288.867035,446.076078,-199.093246,336.003952,422.193089,-56.042171,260.072536,422.174399,-30.095863,360.014801,375.058050,-149.765577,0.000000,371.743097,-94.479465,380.179100,369.191458,-388.216858,230.256100,372.038977,-0.000000,387.191963,373.252645,-436.311836,224.199638,378.939486,-377.293472,382.455597,380.071206,-451.446266,225.513248,384.562383,-393.991928,378.247604,378.886635,-400.042229,229.338913,382.804956,-345.028229,326.986504,303.234501,-11.446278,280.729027,299.456921,11.453316,353.335495,221.009173,-54.494128,0.000000,210.289135,-6.805593,371.575470,162.810473,0.000000,282.448997,160.156846,225.287132,367.546730,156.252365,0.000000,290.511227,154.492021,243.945789,382.494926,130.641131,58.579092,273.859215,130.402350,154.451933,
0.000000,0.000000,0.000000,0.000000,0.000000,0.000000,0.000000,0.000000,0.000000,0.000000,0.000000,0.000000,0.000000,0.000000,0.000000,0.000000,0.000000,0.000000,0.000000,0.000000,0.000000,0.000000,0.000000,0.000000,0.000000,0.000000,0.000000,0.000000,0.000000,0.000000,0.000000,0.000000,0.000000,0.000000,0.000000,0.000000,0.000000,0.000000,0.000000,0.000000,0.000000,0.000000,0.000000,0.000000,0.000000,0.000000,0.000000,0.000000,0.000000,0.000000,0.000000,0.000000,297.393703,450.576911,-241.078148,301.284542,0.000000,-228.654213,304.072838,459.217379,-228.754196,306.959991,459.637563,-228.793831,292.325287,458.590665,-226.126976,289.162407,458.851461,-226.136169,286.769047,459.045868,-226.052322,313.189182,0.000000,-0.000000,283.380070,458.207495,-111.731253,303.695927,0.000000,-198.737698,292.510319,443.176267,-195.264969,338.958664,0.000000,-52.483988,264.054260,419.087005,-26.934497,361.264000,0.000000,-124.836788,246.659317,366.993012,-87.123861,385.325241,357.380490,-355.997849,231.644917,361.204140,-320.769196,393.609543,360.996516,-404.177208,224.272346,366.433654,-367.616768,0.000000,366.716895,-0.000000,225.602531,373.122783,-386.776466,385.475121,365.131774,-370.791588,229.356041,371.894867,-335.154190,328.792458,300.197682,-11.424918,282.565365,296.466751,11.431444,355.686340,218.802938,-50.453644,274.006748,207.315230,-12.386420,371.760101,161.325560,150.134602,282.450142,159.841547,225.057869,367.415237,154.046431,164.210243,290.486240,154.454041,244.376259,383.235397,129.343457,59.612837,273.883762,129.867668,159.186325,
0.000000,0.000000,0.000000,0.000000,0.000000,0.000000,0.000000,0.000000,0.000000,0.000000,0.000000,0.000000,0.000000,0.000000,0.000000,0.000000,0.000000,0.000000,0.000000,0.000000,0.000000,0.000000,0.000000,0.000000,0.000000,0.000000,0.000000,0.000000,0.000000,0.000000,0.000000,0.000000,0.000000,0.000000,0.000000,0.000000,0.000000,0.000000,0.000000,0.000000,0.000000,0.000000,0.000000,0.000000,0.000000,0.000000,0.000000,0.000000,0.000000,0.000000,0.000000,0.000000,302.998848,449.508598,-230.976315,306.614342,457.963715,-217.120380,309.303131,0.000000,-217.208748,312.447605,0.000000,-217.240067,297.819481,457.718260,-0.000000,294.480133,457.876468,-215.733376,291.660576,458.021629,-215.653820,317.639065,457.648008,-113.603382,0.000000,456.443481,-106.809254,308.325920,441.983156,-190.806904,297.617302,441.935520,-188.603477,342.579002,416.436489,-48.980789,266.894226,414.585636,-28.674982,364.448776,369.771845,-100.469770,250.354614,359.269795,-85.191326,0.000000,349.834642,-306.629372,235.535622,0.000000,-309.763794,399.226303,351.374488,-350.432434,226.051197,356.510038,-355.662613,397.085114,356.829114,-375.937614,226.325359,363.156981,-375.341911,0.000000,355.864592,-322.033806,230.460548,362.651310,-324.279976,332.632866,296.937232,-7.779878,285.623989,293.570910,7.784535,358.511505,214.464626,-44.823442,275.240841,205.016985,-20.255413,371.517830,160.595698,168.056126,282.765350,0.000000,216.914139,366.761856,153.444457,183.556175,290.520744,154.106855,234.413319,383.319855,128.962712,82.406549,273.872929,129.418902,146.288271,
0.000000,0.000000,0.000000,0.000000,0.000000,0.000000,0.000000,0.000000,0.000000,0.000000,0.000000,0.000000,0.000000,0.000000,0.000000,0.000000,0.000000,0.000000,0.000000,0.000000,0.000000,0.000000,0.000000,0.000000,0.000000,0.000000,0.000000,0.000000,0.000000,0.000000,0.000000,0.000000,0.000000,0.000000,0.000000,0.000000,0.000000,0.000000,0.000000,0.000000,0.000000,0.000000,0.000000,0.000000,0.000000,0.000000,0.000000,0.000000,0.000000,0.000000,0.000000,0.000000,308.926582,446.506863,-213.220901,311.904945,455.019014,-199.845486,314.927063,455.303264,-199.924984,317.673302,455.646265,-199.962330,303.392143,454.916296,-200.330849,299.953251,455.134091,-200.315475,0.000000,455.279574,-200.242500,321.918335,454.885311,-98.798656,291.341190,453.935487,-100.048361,313.149605,438.902864,-173.733521,303.375511,438.801413,-174.150944,344.919090,414.899347,-36.277127,270.497398,412.073951,-27.050931,365.355568,367.438173,-62.966785,256.961784,356.873016,-76.582451,390.696907,340.332284,-245.605450,242.897530,347.384176,-292.991486,0.000000,340.515490,-286.150017,232.180634,347.571115,-338.072701,401.994820,345.299907,-0.000000,231.596642,354.055624,-361.210403,396.310806,344.675875,-262.330780,236.058788,354.273763,-308.659153,334.918251,296.060257,-4.460785,287.690468,292.660890,4.480551,361.673584,213.576236,-46.359792,277.562447,203.675151,-21.287441,371.447296,159.062762,0.000000,283.588467,158.894405,213.861656,366.177902,151.226206,164.223900,291.125793,0.000000,230.335464,383.461113,128.208175,68.126945,273.861942,128.988118,145.723848,
0.000000,0.000000,0.000000,0.000000,0.000000,0.000000,0.000000,0.000000,0.000000,0.000000,0.000000,0.000000,0.000000,0.000000,0.000000,0.000000,0.000000,0.000000,0.000000,0.000000,0.000000,0.000000,0.000000,0.000000,0.000000,0.000000,0.000000,0.000000,0.000000,0.000000,0.000000,0.000000,0.000000,0.000000,0.000000,0.000000,0.000000,0.000000,0.000000,0.000000,0.000000,0.000000,0.000000,0.000000,0.000000,0.000000,0.000000,0.000000,0.000000,0.000000,0.000000,0.000000,312.359562,444.751840,-214.070091,315.314999,453.117285,-201.022797,318.357029,453.377802,-201.090584,321.039352,453.730845,-201.122818,306.905003,453.074799,-202.035637,303.431854,453.317420,-202.024288,300.159454,453.551137,-0.000000,325.303421,0.000000,-101.027203,295.023003,452.407680,-101.841516,316.716270,437.226806,-174.836292,307.076073,437.163055,-176.102257,347.244148,413.776510,-37.547538,274.290123,410.706046,-32.289326,365.536575,365.919807,-33.850417,264.176273,355.588517,-85.700464,391.162643,331.862769,-174.354362,252.290535,342.499166,-294.202385,404.156532,329.233603,-207.065601,239.988270,341.082230,-337.331924,404.503098,333.521533,-0.000000,239.665070,346.204863,-362.176895,398.350182,333.901806,-190.680351,244.013023,346.895328,-310.400963,337.970352,0.000000,-2.297274,291.218605,292.232895,2.299264,363.715591,212.900147,-0.000000,280.045776,203.754029,-22.178984,0.000000,158.844066,157.580872,284.382381,158.527093,202.550125,365.722542,150.935841,171.955147,291.656303,153.292408,219.924850,383.414078,0.000000,77.781754,273.876286,128.532100,144.564667,
0.000000,0.000000,0.000000,0.000000,0.000000,0.000000,0.000000,0.000000,0.000000,0.000000,0.000000,0.000000,0.000000,0.000000,0.000000,0.000000,0.000000,0.000000,0.000000,0.000000,0.000000,0.000000,0.000000,0.000000,0.000000,0.000000,0.000000,0.000000,0.000000,0.000000,0.000000,0.000000,0.000000,0.000000,0.000000,0.000000,0.000000,0.000000,0.000000,0.000000,0.000000,0.000000,0.000000,0.000000,0.000000,0.000000,0.000000,0.000000,0.000000,0.000000,0.000000,0.000000,316.002140,442.609656,-227.555637,319.085941,451.173134,-213.864670,322.165642,451.476932,-213.945160,324.605713,451.870852,-213.989830,310.794468,451.108053,-0.000000,307.291565,451.303639,-217.159672,303.842564,451.570251,-217.114029,328.596268,451.257849,-0.000000,298.276215,450.572791,-123.617153,0.000000,435.082154,-186.415939,310.835667,0.000000,-191.014118,349.116173,412.788792,-40.681734,278.554802,0.000000,-51.180000,366.531754,363.720267,2.347624,273.423519,353.168778,-86.885729,391.262779,324.578619,-0.000000,260.766087,338.379292,-279.856625,404.977760,319.655499,-120.167923,248.553333,336.002426,-320.814743,405.483437,322.080045,-155.194855,247.408180,340.564499,-348.805962,398.681870,322.831707,-111.925411,251.623001,341.169648,-297.001286,0.000000,294.146748,0.890320,294.171944,291.461835,-0.906988,367.096596,0.000000,-36.318843,281.335106,0.000000,-22.398152,370.775681,159.480329,192.828827,285.442238,158.540225,217.414131,365.486641,152.413716,211.016712,292.545414,154.141831,238.148212,383.915138,127.892704,129.690113,273.871765,128.519654,167.239723,
0.000000,0.000000,0.000000,0.000000,0.000000,0.000000,0.000000,0.000000,0.000000,0.000000,0.000000,0.000000,0.000000,0.000000,0.000000,0.000000,0.000000,0.000000,0.000000,0.000000,0.000000,0.000000,0.000000,0.000000,0.000000,0.000000,0.000000,0.000000,0.000000,0.000000,0.000000,0.000000,0.000000,0.000000,0.000000,0.000000,0.000000,0.000000,0.000000,0.000000,0.000000,0.000000,0.000000,0.000000,0.000000,0.000000,0.000000,0.000000,0.000000,0.000000,0.000000,0.000000,319.221230,441.619320,-226.251793,322.386131,450.182712,-213.066711,325.420227,450.477262,-213.141994,327.878036,450.857277,-213.185692,0.000000,449.998970,-216.885509,310.471592,450.122588,-216.870613,307.135963,450.381625,-216.822891,331.717300,450.212581,-109.190912,301.593208,449.480832,-124.051981,323.414993,434.086797,-184.833946,314.245911,433.976526,-190.743618,351.464500,411.784058,-28.924298,0.000000,409.616146,-58.434534,367.288742,360.999606,44.887958,283.441658,354.793983,-93.924398,391.101303,318.316112,-16.241195,272.316589,339.484148,-281.670227,404.767075,311.052990,-31.078322,261.934872,336.329699,-320.847206,404.739380,312.581034,-0.000000,259.538994,340.666852,-346.280479,398.035431,314.657664,-31.530633,0.000000,341.713428,-297.288303,0.000000,293.001165,5.548195,296.773167,290.533447,-5.586643,368.806267,210.407581,-17.911221,282.787685,200.928054,-15.199659,370.681877,159.310770,204.856777,285.825405,0.000000,226.653843,365.328598,152.940845,222.717457,292.621880,154.155951,247.534695,384.082413,128.118353,145.009260,273.873100,127.981882,177.277107,
0.000000,0.000000,0.000000,0.000000,0.000000,0.000000,0.000000,0.000000,0.000000,0.000000,0.000000,0.000000,0.000000,0.000000,0.000000,0.000000,0.000000,0.000000,0.000000,0.000000,0.000000,0.000000,0.000000,0.000000,0.000000,0.000000,0.000000,0.000000,0.000000,0.000000,0.000000,0.000000,0.000000,0.000000,0.000000,0.000000,0.000000,0.000000,0.000000,0.000000,0.000000,0.000000,0.000000,0.000000,0.000000,0.000000,0.000000,0.000000,0.000000,0.000000,0.000000,0.000000,322.092056,442.051392,-219.537334,325.576363,450.916929,-206.571541,0.000000,0.000000,-0.000000,0.000000,451.620333,-206.673470,316.854649,450.729561,-0.000000,313.158760,450.864379,-210.300159,309.924412,451.014583,-210.267906,335.214462,450.923796,-104.807873,304.580688,449.899471,-121.519651,326.496201,434.542043,-179.067154,316.871147,434.357443,-184.876232,0.000000,410.886633,-26.091669,287.175751,409.487314,-59.932647,0.000000,357.243118,0.000000,291.284676,355.286479,-119.833088,391.489334,311.373911,-28.848007,281.106606,0.000000,-326.287956,0.000000,0.000000,-44.743204,271.406975,337.689772,-0.000000,404.870529,302.587938,-78.971415,270.080357,342.680655,-393.246155,398.467255,305.543561,-43.391080,274.118958,0.000000,-342.044296,345.981140,291.780095,6.578389,300.700588,290.204115,-6.632010,370.135841,209.111495,-11.681952,284.535370,201.109328,-12.111788,370.632782,158.900070,215.993843,286.291142,158.408861,221.867733,365.253029,153.037663,234.489613,292.784023,154.217448,241.706066,0.000000,128.040290,158.907299,273.899422,127.682633,168.152733,
0.000000,0.000000,0.000000,0.000000,0.000000,0.000000,0.000000,0.000000,0.000000,0.000000,0.000000,0.000000,0.000000,0.000000,0.000000,0.000000,0.000000,0.000000,0.000000,0.000000,0.000000,0.000000,0.000000,0.000000,0.000000,0.000000,0.000000,0.000000,0.000000,0.000000,0.000000,0.000000,0.000000,0.000000,0.000000,0.000000,0.000000,0.000000,0.000000,0.000000,0.000000,0.000000,0.000000,0.000000,0.000000,0.000000,0.000000,0.000000,0.000000,0.000000,0.000000,0.000000,326.287460,442.071691,-211.224785,329.764633,450.865817,-196.905899,332.627029,451.106894,-0.000000,335.021133,451.374085,-196.967297,321.261024,450.865839,-202.352467,317.464294,451.076210,-202.346802,313.893528,451.196072,-202.319069,338.093109,450.295472,-92.128696,0.000000,449.983156,-0.000000,329.984474,434.399436,-169.844055,320.439415,434.214664,-177.948036,355.233040,410.176063,-8.783072,288.901825,409.757810,-74.605393,368.928375,0.000000,61.861372,298.931522,357.452502,-167.390575,391.540146,307.199793,0.000000,293.639069,343.261943,-375.026550,404.070854,296.993022,0.000000,284.354458,339.352140,-419.326286,403.244286,296.802135,-24.933176,282.821655,343.865891,-436.021500,397.472000,299.632573,4.552819,0.000000,0.000000,-387.479019,349.279289,291.982870,0.000000,305.989227,290.279989,-0.000000,371.642570,208.819628,3.752982,0.000000,201.874466,-18.852899,370.501328,158.116565,226.893959,286.353493,158.321657,219.637566,364.753723,152.096744,245.217648,292.706394,154.172559,240.091763,384.301682,127.481189,173.726616,273.800621,127.109799,169.800396,
0.000000,0.000000,0.000000,0.000000,0.000000,0.000000,0.000000,0.000000,0.000000,0.000000,0.000000,0.000000,0.000000,0.000000,0.000000,0.000000,0.000000,0.000000,0.000000,0.000000,0.000000,0.000000,0.000000,0.000000,0.000000,0.000000,0.000000,0.000000,0.000000,0.000000,0.000000,0.000000,0.000000,0.000000,0.000000,0.000000,0.000000,0.000000,0.000000,0.000000,0.000000,0.000000,0.000000,0.000000,0.000000,0.000000,0.000000,0.000000,0.000000,0.000000,0.000000,0.000000,328.110428,442.060726,-213.123207,331.624680,450.901694,-200.134163,334.296532,451.159980,-200.176086,336.958542,451.510770,-200.207844,323.244438,450.963063,-202.579880,319.736729,451.203947,-202.581921,316.021214,451.357455,-202.588387,0.000000,450.283263,-93.766575,309.017525,450.137136,-122.467175,331.917801,434.393213,-173.059444,322.620621,434.322875,-179.968967,356.606522,410.114801,-8.350851,290.233727,410.136817,-90.366192,369.271393,0.000000,52.686405,302.721806,358.850513,-201.079731,392.023430,301.662340,4.382238,0.000000,346.210613,-417.223129,404.123573,290.243297,-5.844269,294.715672,342.643447,-463.741035,403.013229,289.807234,-36.242633,294.412136,347.326884,-477.363853,397.900467,0.000000,-8.046232,297.584190,0.000000,-428.487854,351.183052,0.000000,14.351656,307.483273,289.847703,-14.459598,372.857018,209.508333,3.607130,0.000000,0.000000,-42.579999,370.428238,158.488469,229.187679,286.168518,158.329039,208.238297,364.665070,152.245231,247.656689,291.896935,154.172130,0.000000,384.080582,127.814555,176.916924,0.000000,127.091904,0.000000,
0.000000,0.000000,0.000000,0.000000,0.000000,0.000000,0.000000,0.000000,0.000000,0.000000,0.000000,0.000000,0.000000,0.000000,0.000000,0.000000,0.000000,0.000000,0.000000,0.000000,0.000000,0.000000,0.000000,0.000000,0.000000,0.000000,0.000000,0.000000,0.000000,0.000000,0.000000,0.000000,0.000000,0.000000,0.000000,0.000000,0.000000,0.000000,0.000000,0.000000,0.000000,0.000000,0.000000,0.000000,0.000000,0.000000,0.000000,0.000000,0.000000,0.000000,0.000000,0.000000,329.648361,442.341757,-214.728794,333.260117,0.000000,-199.974327,335.858536,451.491587,-199.989185,338.341942,451.819096,-200.005932,324.974976,451.335568,-204.046516,321.467628,451.570058,-204.050236,317.670689,451.719425,-204.047050,341.053543,450.504878,-90.389709,310.488739,450.451577,-121.267233,333.398018,434.586847,-173.219109,0.000000,434.604528,-180.590401,357.855072,408.980184,-5.025898,291.452999,410.839899,-102.669077,370.139503,353.769979,49.497652,302.886391,365.418642,-0.000000,391.681633,0.000000,13.463795,305.860691,349.925666,-469.758224,403.267288,284.776955,5.873721,302.844543,346.144438,-519.605598,401.992226,284.688635,-23.285947,304.701118,350.978980,-527.287292,396.892700,287.738199,2.028952,306.322727,351.245699,-479.220009,352.314110,290.856986,17.165257,308.121071,287.970800,-17.269738,0.000000,210.036364,5.978146,285.779610,202.825727,-41.961102,370.358047,158.076782,230.775681,285.763664,158.345561,221.809406,364.354286,151.814876,248.917885,290.880547,154.099774,246.672516,0.000000,127.965016,172.364769,273.296871,126.948438,177.808590,
0.000000,0.000000,0.000000,0.000000,0.000000,0.000000,0.000000,0.000000,0.000000,0.000000,0.000000,0.000000,0.000000,0.000000,0.000000,0.000000,0.000000,0.000000,0.000000,0.000000,0.000000,0.000000,0.000000,0.000000,0.000000,0.000000,0.000000,0.000000,0.000000,0.000000,0.000000,0.000000,0.000000,0.000000,0.000000,0.000000,0.000000,0.000000,0.000000,0.000000,0.000000,0.000000,0.000000,0.000000,0.000000,0.000000,0.000000,0.000000,0.000000,0.000000,0.000000,0.000000,330.887794,442.744904,-214.991989,334.398270,451.711571,-199.338837,336.951180,451.918144,-199.332542,339.279175,452.205119,-199.328060,326.054115,451.839502,-0.000000,0.000000,452.088904,-203.812828,318.614502,452.246318,-203.805771,341.576920,450.942099,-88.090334,311.225929,450.953879,-0.000000,334.460831,434.935491,-172.426262,324.978218,435.050654,-179.961071,358.179321,409.136739,-4.800412,292.261295,411.810279,-95.799179,369.822769,354.619961,47.726398,301.363468,382.989471,-242.676582,391.572037,295.171738,21.102071,311.165218,361.925912,-464.044724,402.477798,282.002306,14.659745,311.994324,352.320385,-0.000000,399.934921,281.918836,-13.152837,0.000000,352.606974,-515.922623,394.426003,285.229282,10.796347,317.040520,354.788361,-471.552544,353.016243,291.275067,16.323175,308.262634,288.288803,-16.429060,0.000000,210.416508,12.382016,0.000000,0.000000,-36.845005,370.306664,157.839546,232.354240,285.387516,158.880415,225.041523,364.329453,151.583819,249.614830,289.923916,154.098830,247.763023,383.842316,128.113418,166.785545,273.214626,127.075982,173.016319,
0.000000,0.000000,0.000000,0.000000,0.000000,0.000000,0.000000,0.000000,0.000000,0.000000,0.000000,0.000000,0.000000,0.000000,0.000000,0.000000,0.000000,0.000000,0.000000,0.000000,0.000000,0.000000,0.000000,0.000000,0.000000,0.000000,0.000000,0.000000,0.000000,0.000000,0.000000,0.000000,0.000000,0.000000,0.000000,0.000000,0.000000,0.000000,0.000000,0.000000,0.000000,0.000000,0.000000,0.000000,0.000000,0.000000,0.000000,0.000000,0.000000,0.000000,0.000000,0.000000,331.149673,442.758658,-215.739002,334.475632,451.799462,-200.198803,337.068329,452.037942,-200.194416,339.285660,0.000000,-200.190811,326.194077,451.889670,-204.507008,322.570877,452.156303,-204.511604,318.816109,452.378883,-204.501247,0.000000,451.200557,-89.221601,311.676941,0.000000,-116.689291,0.000000,435.092282,-173.120899,325.582771,435.267463,-180.304527,358.789597,409.432125,-5.621166,292.545052,412.176111,-98.241501,369.663048,355.284719,43.763151,299.879875,388.023033,-252.337284,390.985718,295.083933,15.393418,312.117100,365.591269,-0.000000,401.299324,282.059040,8.477333,313.175354,355.040359,-527.873001,397.998085,281.912141,-19.332129,317.894554,355.184727,-530.680313,392.234421,285.255289,4.976473,318.787937,358.177943,-485.816650,353.454208,0.000000,16.303587,308.669014,288.247604,-16.397282,374.088898,210.542507,13.738245,285.282936,204.677997,-33.048611,370.293236,157.772942,237.455940,285.239906,158.923287,225.463619,364.093704,151.457047,255.078125,289.497795,154.097457,247.837696,0.000000,128.166547,171.412849,273.170376,126.992598,171.209679,
0.000000,0.000000,0.000000,0.000000,0.000000,0.000000,0.000000,0.000000,0.000000,0.000000,0.000000,0.000000,0.000000,0.000000,0.000000,0.000000,0.000000,0.000000,0.000000,0.000000,0.000000,0.000000,0.000000,0.000000,0.000000,0.000000,0.000000,0.000000,0.000000,0.000000,0.000000,0.000000,0.000000,0.000000,0.000000,0.000000,0.000000,0.000000,0.000000,0.000000,0.000000,0.000000,0.000000,0.000000,0.000000,0.000000,0.000000,0.000000,0.000000,0.000000,0.000000,0.000000,331.183243,442.956519,-227.071877,334.545708,452.028286,-0.000000,0.000000,452.266746,-210.300808,339.185715,452.606142,-210.283585,326.544418,452.145209,-217.663364,322.945786,452.412722,-217.668171,319.187202,452.610390,-217.661209,341.090088,451.481802,-92.687502,0.000000,451.153135,-0.000000,334.617844,435.385931,-181.420784,325.249176,435.544438,-192.550735,357.798233,409.906769,-9.153517,291.281338,414.389105,-0.000000,367.839470,353.327823,28.446071,302.588005,0.000000,-0.000000,386.586151,293.133473,-16.186670,321.805077,375.512974,-448.167305,395.727615,277.087426,-24.811921,328.762169,368.505349,-493.685074,390.907974,276.793714,-52.935719,331.878433,368.982847,-495.564651,0.000000,281.032076,-27.017503,330.194893,371.900296,-454.067039,352.310410,291.652164,16.640224,307.570133,288.289533,-16.727110,373.383522,210.718246,7.874142,285.010223,206.303158,-31.069276,370.251465,158.004084,233.509216,0.000000,159.579034,223.969345,364.068642,151.690807,251.168594,288.614655,154.151917,245.704002,383.226395,0.000000,164.484749,273.026943,127.632251,168.168755,
0.000000,0.000000,0.000000,0.000000,0.000000,0.000000,0.000000,0.000000,0.000000,0.000000,0.000000,0.000000,0.000000,0.000000,0.000000,0.000000,0.000000,0.000000,0.000000,0.000000,0.000000,0.000000,0.000000,0.000000,0.000000,0.000000,0.000000,0.000000,0.000000,0.000000,0.000000,0.000000,0.000000,0.000000,0.000000,0.000000,0.000000,0.000000,0.000000,0.000000,0.000000,0.000000,0.000000,0.000000,0.000000,0.000000,0.000000,0.000000,0.000000,0.000000,0.000000,0.000000,330.139275,442.980981,-244.404125,0.000000,452.251961,-227.803249,336.226044,452.488918,-0.000000,338.403549,452.802286,-227.830009,325.554733,452.498038,-235.968037,321.945724,452.881444,-235.959511,318.142700,0.000000,-235.950260,340.424728,451.646512,-113.121262,310.392361,452.190163,-0.000000,333.694839,0.000000,-199.278584,324.140053,435.662026,-211.284485,357.433090,410.018885,-34.740014,290.360069,416.081235,-128.164949,364.599953,352.701173,19.512329,0.000000,388.719206,-227.460194,380.659904,290.700946,-26.614392,333.539276,381.414886,-337.952347,388.904037,274.073138,-37.077694,343.928299,377.154551,-371.467171,383.833694,273.267446,-65.211310,344.848137,377.792594,-372.835922,379.203072,278.695893,-37.343631,342.045937,0.000000,-341.380539,351.318092,291.942015,16.838732,307.026329,288.590455,-16.861365,372.986908,210.895700,6.040864,284.629250,205.657969,-24.046946,370.224075,157.223067,0.000000,283.970680,159.527149,264.611320,364.016495,150.825548,264.865818,288.061275,154.200196,289.701900,383.146172,127.713189,170.267220,273.001308,127.380552,208.188896,
0.000000,0.000000,0.000000,0.000000,0.000000,0.000000,0.000000,0.000000,0.000000,0.000000,0.000000,0.000000,0.000000,0.000000,0.000000,0.000000,0.000000,0.000000,0.000000,0.000000,0.000000,0.000000,0.000000,0.000000,0.000000,0.000000,0.000000,0.000000,0.000000,0.000000,0.000000,0.000000,0.000000,0.000000,0.000000,0.000000,0.000000,0.000000,0.000000,0.000000,0.000000,0.000000,0.000000,0.000000,0.000000,0.000000,0.000000,0.000000,0.000000,0.000000,0.000000,0.000000,329.166374,0.000000,-253.680916,332.658005,452.711971,-238.345127,335.263519,452.955022,-238.351669,337.503281,453.214531,-238.361588,324.477158,452.983646,-245.748482,320.887642,453.420074,-245.746002,317.171288,453.890963,-245.741043,339.762802,452.050474,-126.520653,309.839840,453.267360,-163.177013,332.881508,435.983183,-209.187889,323.454552,436.076202,-220.213890,356.732292,410.252538,-51.105042,288.405609,417.701805,-134.057770,360.563393,351.589408,4.822425,301.738071,390.450776,-240.872993,375.335007,289.347696,-28.296089,333.830376,384.605749,-358.692474,382.447472,272.552218,-37.911015,346.113243,0.000000,-394.064713,0.000000,272.422314,-65.709052,346.844902,384.050424,-394.864731,373.510971,0.000000,-38.496258,342.870102,385.753884,-362.782516,349.557266,292.119684,16.731358,305.747070,288.793874,-0.000000,0.000000,210.918746,20.292921,284.590454,205.575743,20.371723,0.000000,157.377434,258.848324,283.976536,0.000000,296.398373,364.712372,150.998540,277.767448,288.216286,154.236159,320.050278,383.089409,127.640920,178.087349,273.006134,127.467971,0.000000,
0.000000,0.000000,0.000000,0.000000,0.000000,0.000000,0.000000,0.000000,0.000000,0.000000,0.000000,0.000000,0.000000,0.000000,0.000000,0.000000,0.000000,0.000000,0.000000,0.000000,0.000000,0.000000,0.000000,0.000000,0.000000,0.000000,0.000000,0.000000,0.000000,0.000000,0.000000,0.000000,0.000000,0.000000,0.000000,0.000000,0.000000,0.000000,0.000000,0.000000,0.000000,0.000000,0.000000,0.000000,0.000000,0.000000,0.000000,0.000000,0.000000,0.000000,0.000000,0.000000,327.460327,443.365202,-254.255028,331.432190,452.861788,-240.133858,334.197769,453.222320,-240.134869,336.630783,453.559506,-240.132618,322.941208,453.074434,-0.000000,319.232998,453.584526,-246.947975,315.520134,454.100776,-246.949654,338.743935,0.000000,-131.923265,308.157806,453.868947,-165.713291,331.059303,436.361933,-210.732994,321.347923,436.410148,-220.950890,353.435898,410.304379,-57.798176,284.972782,419.562013,-132.887163,355.583191,351.388478,-12.130388,299.815884,390.197854,-0.000000,368.450050,289.823713,-39.056568,339.747543,387.167215,-330.892029,374.521561,0.000000,-45.292659,351.259041,386.958411,-363.987198,369.952049,272.400126,-72.282600,351.834946,390.666597,-361.980629,366.672745,277.606831,-46.846385,347.960129,391.317923,-332.800903,0.000000,0.000000,16.228936,303.174400,288.931203,-16.235325,370.526047,212.373447,21.286888,284.493828,206.392765,24.887002,370.230560,157.466354,252.296333,283.974648,159.428658,288.875923,365.052643,151.124067,270.480099,288.265781,154.264956,311.433659,383.042336,127.661390,172.049217,272.906837,127.813096,221.446552,
0.000000,0.000000,0.000000,0.000000,0.000000,0.000000,0.000000,0.000000,0.000000,0.000000,0.000000,0.000000,0.000000,0.000000,0.000000,0.000000,0.000000,0.000000,0.000000,0.000000,0.000000,0.000000,0.000000,0.000000,0.000000,0.000000,0.000000,0.000000,0.000000,0.000000,0.000000,0.000000,0.000000,0.000000,0.000000,0.000000,0.000000,0.000000,0.000000,0.000000,0.000000,0.000000,0.000000,0.000000,0.000000,0.000000,0.000000,0.000000,0.000000,0.000000,0.000000,0.000000,324.093246,443.754466,-251.766014,328.168678,453.194189,-237.449608,330.924225,453.636110,-237.443428,333.517761,454.043248,-0.000000,319.707642,453.332269,-243.674526,315.975037,453.901134,-243.680687,312.274818,0.000000,-243.688030,335.438919,453.114281,-129.668579,304.772587,0.000000,-160.523911,327.274246,436.812437,-208.743057,317.603359,436.627686,-218.145714,348.436356,410.501318,-57.826819,281.333675,421.845453,-133.133545,350.638809,349.167094,-0.000000,299.652672,400.636110,-245.116081,361.055870,288.415918,-61.570616,339.598198,391.965430,-354.163551,366.039124,271.151333,-74.333115,351.213646,392.941990,-392.780190,361.222343,271.884584,-102.244625,351.751366,397.941263,-392.706985,358.463745,277.213125,-71.469698,347.587585,397.942894,-359.432182,342.044640,0.000000,16.054929,300.170326,289.061193,-16.053593,0.000000,212.492795,20.484948,284.360962,206.493659,33.034077,370.209999,157.568107,249.340649,283.953609,159.453378,306.657143,0.000000,151.227064,267.525082,288.282566,154.540815,330.630798,383.004341,127.479000,169.331551,0.000000,128.054452,243.383293,
0.000000,0.000000,0.000000,0.000000,0.000000,0.000000,0.000000,0.000000,0.000000,0.000000,0.000000,0.000000,0.000000,0.000000,0.000000,0.000000,0.000000,0.000000,0.000000,0.000000,0.000000,0.000000,0.000000,0.000000,0.000000,0.000000,0.000000,0.000000,0.000000,0.000000,0.000000,0.000000,0.000000,0.000000,0.000000,0.000000,0.000000,0.000000,0.000000,0.000000,0.000000,0.000000,0.000000,0.000000,0.000000,0.000000,0.000000,0.000000,0.000000,0.000000,0.000000,0.000000,321.753082,445.576844,-247.839928,325.569534,454.789524,-233.311138,327.983017,455.144284,-233.305168,330.288124,455.434048,-233.299217,317.660618,455.090640,-239.715996,314.023037,455.735850,-239.723854,310.186977,456.374474,-239.729443,330.297356,454.286427,-126.257992,301.543388,455.828912,-0.000000,323.921585,438.496499,-205.124092,314.879646,438.260679,-214.915504,343.023415,410.669246,-57.056055,0.000000,424.877164,-137.746763,344.261475,348.378310,-29.441867,295.240173,406.587760,-251.230526,0.000000,286.941605,-83.051548,338.428612,0.000000,-356.449432,358.284988,268.779101,-99.805880,0.000000,399.526191,-394.400291,353.036575,269.580674,-128.333845,352.361908,404.688542,-388.153877,350.589371,275.562215,-94.547043,348.057365,404.501131,-357.987747,335.405884,292.525449,16.030802,0.000000,289.710159,-16.017593,366.410332,213.108716,20.741730,283.742161,208.064318,43.771696,370.212212,0.000000,0.000000,283.832455,159.247942,290.038338,365.151863,151.166081,250.207024,288.317471,153.573847,311.122341,383.181305,127.396903,144.438553,272.880135,128.006344,221.652470,
0.000000,0.000000,0.000000,0.000000,0.000000,0.000000,0.000000,0.000000,0.000000,0.000000,0.000000,0.000000,0.000000,0.000000,0.000000,0.000000,0.000000,0.000000,0.000000,0.000000,0.000000,0.000000,0.000000,0.000000,0.000000,0.000000,0.000000,0.000000,0.000000,0.000000,0.000000,0.000000,0.000000,0.000000,0.000000,0.000000,0.000000,0.000000,0.000000,0.000000,0.000000,0.000000,0.000000,0.000000,0.000000,0.000000,0.000000,0.000000,0.000000,0.000000,0.000000,0.000000,318.212490,446.587436,-251.772404,321.754532,0.000000,-237.378559,324.023514,456.233304,-237.360191,326.216125,456.602418,-237.346973,314.035091,456.121488,-243.571281,310.332890,456.844997,-243.583012,306.199646,457.592690,-243.593636,325.528870,455.768616,-133.014727,297.156563,457.189951,-163.716946,319.836464,439.455442,-210.187340,311.353245,439.044378,-0.000000,338.554497,411.081491,-71.482482,272.560062,426.471040,-134.458561,338.028336,348.664727,-53.065538,287.349644,409.374747,-242.703667,347.849808,287.374921,-115.130749,336.658554,402.972078,-315.131378,350.558167,268.450413,-134.788923,350.380936,0.000000,-0.000000,344.277611,269.837050,-162.174625,351.675034,409.334557,-342.908859,342.340813,276.324134,-126.437511,347.400894,0.000000,-0.000000,331.478729,293.699870,13.635845,291.033478,290.474353,-13.593447,363.163795,214.685254,12.053419,282.180061,208.764610,56.739116,370.496941,157.648187,200.196934,0.000000,158.630047,291.433620,365.155258,151.002703,213.779411,288.300133,152.725883,310.968056,383.708763,127.332401,0.000000,272.812157,127.833481,219.519768,
0.000000,0.000000,0.000000,0.000000,0.000000,0.000000,0.000000,0.000000,0.000000,0.000000,0.000000,0.000000,0.000000,0.000000,0.000000,0.000000,0.000000,0.000000,0.000000,0.000000,0.000000,0.000000,0.000000,0.000000,0.000000,0.000000,0.000000,0.000000,0.000000,0.000000,0.000000,0.000000,0.000000,0.000000,0.000000,0.000000,0.000000,0.000000,0.000000,0.000000,0.000000,0.000000,0.000000,0.000000,0.000000,0.000000,0.000000,0.000000,0.000000,0.000000,0.000000,0.000000,316.419678,449.050391,-251.112213,319.372311,457.736306,-236.973038,321.401138,458.045812,-236.944695,323.205490,458.369286,-0.000000,312.266293,458.178806,-244.792900,308.641052,458.870795,-244.808388,304.699821,459.594970,-0.000000,320.878105,457.472892,-135.522509,294.893303,458.860967,-175.435276,317.344761,441.805787,-210.263023,309.393215,0.000000,-221.849327,333.475075,412.449954,-79.060926,268.361607,428.456326,-145.494671,333.549042,349.212928,-60.931644,280.964108,409.864841,-244.430351,341.710396,286.960616,-127.743378,333.818169,405.252492,-334.802246,0.000000,267.639141,-148.798018,347.908859,407.188940,-371.055336,335.543861,269.126458,-174.841671,349.214439,412.240334,-366.282730,334.040604,275.776749,-138.457918,344.982071,411.962156,-335.831261,328.381615,296.782093,11.458001,287.832451,292.962971,-11.430479,0.000000,217.218161,5.335992,0.000000,211.005993,57.053127,370.618858,157.692218,184.321461,283.353882,158.595843,290.985622,365.174294,0.000000,196.990547,288.320427,152.372003,299.372311,383.699074,127.549810,91.528635,272.900085,127.835069,202.150307,
0.000000,0.000000,0.000000,0.000000,0.000000,0.000000,0.000000,0.000000,0.000000,0.000000,0.000000,0.000000,0.000000,0.000000,0.000000,0.000000,0.000000,0.000000,0.000000,0.000000,0.000000,0.000000,0.000000,0.000000,0.000000,0.000000,0.000000,0.000000,0.000000,0.000000,0.000000,0.000000,0.000000,0.000000,0.000000,0.000000,0.000000,0.000000,0.000000,0.000000,0.000000,0.000000,0.000000,0.000000,0.000000,0.000000,0.000000,0.000000,0.000000,0.000000,0.000000,0.000000,313.780918,450.253973,-256.708336,316.573238,459.032929,-242.944431,318.545227,459.383097,-242.909794,320.244064,459.745688,-242.879906,309.397182,459.461782,-0.000000,0.000000,0.000000,-249.962177,301.853828,460.859771,-249.970779,317.544041,458.830969,-142.997694,291.655006,460.074527,-176.879883,314.632759,442.898433,-216.423302,306.986389,442.117739,-226.761055,330.175209,412.892497,-89.921589,0.000000,429.627507,-143.343029,0.000000,0.000000,-76.712136,0.000000,410.269318,-238.936386,335.572433,287.732277,-144.729280,331.603889,409.304774,-325.683746,335.931778,268.299093,-167.113361,345.340347,410.798914,-361.813889,328.880844,269.387898,-192.056522,346.795540,0.000000,-357.717972,0.000000,0.000000,-154.890184,0.000000,415.843785,-326.688194,326.321716,299.090338,8.370534,285.375061,294.498396,-8.368624,356.440086,219.510999,2.150974,277.598724,212.141232,49.146538,370.671272,158.577776,189.214668,283.060188,0.000000,266.547089,0.000000,151.610770,202.683277,288.277473,151.765094,278.878899,383.666573,127.844982,97.305470,272.899265,127.803268,184.184017,
0.000000,0.000000,0.000000,0.000000,0.000000,0.000000,0.000000,0.000000,0.000000,0.000000,0.000000,0.000000,0.000000,0.000000,0.000000,0.000000,0.000000,0.000000,0.000000,0.000000,0.000000,0.000000,0.000000,0.000000,0.000000,0.000000,0.000000,0.000000,0.000000,0.000000,0.000000,0.000000,0.000000,0.000000,0.000000,0.000000,0.000000,0.000000,0.000000,0.000000,0.000000,0.000000,0.000000,0.000000,0.000000,0.000000,0.000000,0.000000,0.000000,0.000000,0.000000,0.000000,311.268005,452.233057,-254.965153,313.677273,460.846553,-240.731907,315.434990,461.195090,-240.700645,316.938896,461.576993,-240.673027,306.814022,461.348855,-248.708153,303.269596,462.107534,-0.000000,299.397678,462.906425,-248.728199,313.629246,460.658841,-139.299040,288.642921,461.876564,-179.179268,311.696720,444.725790,-214.226151,304.254799,443.978248,-225.958920,326.337662,414.270101,-86.013012,261.666775,431.485784,-148.029575,327.670822,349.268246,-0.000000,270.625362,411.993012,-249.959297,330.021286,288.730917,-143.568268,329.232254,411.124170,-342.941780,328.395538,269.673929,-166.530037,342.751694,413.037078,-382.319679,321.313858,270.690937,-190.880489,344.135513,417.913356,-371.077957,320.507660,277.143860,-153.670502,340.640564,417.852652,-0.000000,324.175644,302.238135,7.743435,282.978935,296.820331,-7.751070,353.671951,222.399416,-4.690917,274.879036,213.969555,41.194329,370.631752,160.091186,185.193596,281.831303,158.152914,249.020081,365.287895,0.000000,198.748360,287.708988,151.801572,264.456978,383.367920,128.095822,91.335268,272.916222,127.407246,171.725063,
0.000000,0.000000,0.000000,0.000000,0.000000,0.000000,0.000000,0.000000,0.000000,0.000000,0.000000,0.000000,0.000000,0.000000,0.000000,0.000000,0.000000,0.000000,0.000000,0.000000,0.000000,0.000000,0.000000,0.000000,0.000000,0.000000,0.000000,0.000000,0.000000,0.000000,0.000000,0.000000,0.000000,0.000000,0.000000,0.000000,0.000000,0.000000,0.000000,0.000000,0.000000,0.000000,0.000000,0.000000,0.000000,0.000000,0.000000,0.000000,0.000000,0.000000,0.000000,0.000000,309.066353,454.609408,-264.597168,0.000000,463.126259,-250.644875,313.213654,463.414757,-250.609589,314.822121,463.770440,-250.581532,304.439182,463.631887,-257.872524,300.987148,0.000000,-257.889290,297.090359,465.121543,-257.899818,311.631737,462.425151,-0.000000,286.592503,463.792455,-183.610954,309.214630,447.131410,-223.416977,301.920586,446.209266,-233.993282,325.559006,415.893588,-99.065552,259.134254,433.980775,-145.549059,325.196762,349.968581,-90.680685,263.977509,411.981575,-246.536770,322.458992,0.000000,-154.800014,321.210365,413.221099,-0.000000,319.373684,270.713382,-177.777882,339.749794,414.247527,-387.247543,313.352718,271.747985,-200.246601,341.567574,419.752707,-375.220108,312.568474,277.986717,-163.736744,0.000000,419.947565,-345.392456,321.371460,304.973860,4.950946,279.533806,299.079523,-4.965797,350.073357,224.675345,-4.794235,272.822475,215.623899,40.155878,369.552460,161.741495,177.661819,281.502113,158.152056,242.977219,365.220032,155.038376,189.938316,287.683315,151.825132,258.459015,382.673874,0.000000,80.544777,272.916164,127.511058,166.000690,
0.000000,0.000000,0.000000,0.000000,0.000000,0.000000,0.000000,0.000000,0.000000,0.000000,0.000000,0.000000,0.000000,0.000000,0.000000,0.000000,0.000000,0.000000,0.000000,0.000000,0.000000,0.000000,0.000000,0.000000,0.000000,0.000000,0.000000,0.000000,0.000000,0.000000,0.000000,0.000000,0.000000,0.000000,0.000000,0.000000,0.000000,0.000000,0.000000,0.000000,0.000000,0.000000,0.000000,0.000000,0.000000,0.000000,0.000000,0.000000,0.000000,0.000000,0.000000,0.000000,307.241554,455.900259,-264.189968,309.466286,464.683249,-249.879894,311.193886,464.941986,-249.841442,312.796516,465.293355,-249.818153,302.423668,465.184093,-257.560883,298.990231,465.828359,-257.582340,295.086823,466.521142,-257.593536,309.365540,463.910623,-147.664213,284.263058,465.206795,-184.774418,307.292271,448.208349,-223.060093,299.994564,447.183831,-234.242897,0.000000,417.152531,-99.268742,256.540375,435.240469,-146.256437,0.000000,351.065454,-95.358601,252.929554,412.117188,-253.460255,316.086082,289.552832,-159.103060,312.440281,414.959257,-365.140076,311.739044,0.000000,-183.140049,331.330490,416.124043,-403.740311,0.000000,0.000000,-204.503975,333.637466,421.697867,-393.642654,306.099243,278.518009,-167.722797,327.556381,421.749837,-0.000000,320.899048,307.392998,5.486072,0.000000,301.497631,-5.499550,349.412155,225.292382,-4.748727,271.145172,215.928726,35.279393,367.721062,164.340019,186.732140,280.572701,0.000000,230.936012,363.007736,158.019662,200.377216,0.000000,152.935781,246.452618,382.206154,129.540954,94.136448,272.980385,127.536335,150.268373,
0.000000,0.000000,0.000000,0.000000,0.000000,0.000000,0.000000,0.000000,0.000000,0.000000,0.000000,0.000000,0.000000,0.000000,0.000000,0.000000,0.000000,0.000000,0.000000,0.000000,0.000000,0.000000,0.000000,0.000000,0.000000,0.000000,0.000000,0.000000,0.000000,0.000000,0.000000,0.000000,0.000000,0.000000,0.000000,0.000000,0.000000,0.000000,0.000000,0.000000,0.000000,0.000000,0.000000,0.000000,0.000000,0.000000,0.000000,0.000000,0.000000,0.000000,0.000000,0.000000,303.877983,456.762300,-278.177280,306.618843,465.677812,-265.060883,308.595467,0.000000,-265.006981,310.465088,466.226356,-264.977322,298.885689,466.384757,-270.477333,295.150757,467.077453,-270.499821,291.179771,0.000000,-270.510502,308.527031,465.017860,-163.215141,281.133385,466.738915,-191.055298,304.560452,449.115515,-236.802082,296.418114,448.283601,-245.218258,323.605118,419.087369,-117.992096,254.110107,437.492774,-144.378185,0.000000,352.944417,-120.105801,0.000000,413.077977,-249.080639,310.163727,290.904708,-176.977444,304.347534,416.620638,-363.824234,305.673313,272.254000,-201.189613,322.432175,417.097342,-402.055702,299.347725,273.375463,-218.954258,325.347328,423.380620,-393.343010,299.714413,280.501556,-183.631077,319.662571,423.530009,-363.036766,319.862480,310.406170,5.229633,0.000000,303.621383,-5.263077,346.955643,228.114882,-4.063117,0.000000,218.839030,11.529815,362.091408,169.708815,190.631905,280.436096,158.977489,201.231461,358.409004,163.858080,204.538765,287.109165,152.981186,216.148949,379.398613,133.025336,96.932325,272.939301,127.539253,122.032614,
0.000000,0.000000,0.000000,0.000000,0.000000,0.000000,0.000000,0.000000,0.000000,0.000000,0.000000,0.000000,0.000000,0.000000,0.000000,0.000000,0.000000,0.000000,0.000000,0.000000,0.000000,0.000000,0.000000,0.000000,0.000000,0.000000,0.000000,0.000000,0.000000,0.000000,0.000000,0.000000,0.000000,0.000000,0.000000,0.000000,0.000000,0.000000,0.000000,0.000000,0.000000,0.000000,0.000000,0.000000,0.000000,0.000000,0.000000,0.000000,0.000000,0.000000,0.000000,0.000000,301.820011,457.810915,-297.204990,304.701118,466.703146,-285.114040,306.721001,466.845603,-285.050049,308.621578,467.106228,-285.028381,296.935539,467.646446,-290.833855,293.341217,468.413279,-290.860996,289.412746,469.212427,-0.000000,306.837978,466.207902,-184.429035,279.557495,468.424501,-0.000000,0.000000,450.501916,-256.016655,294.207401,449.981568,-264.948177,321.907463,421.196036,-139.090652,251.642075,438.111720,-151.235399,314.997673,354.683003,-135.610075,241.142941,413.658407,-246.649647,303.699493,292.316022,-183.935909,297.775879,418.064203,-356.909866,298.671532,274.048934,-207.367210,315.591888,419.116981,-389.202652,0.000000,0.000000,-223.064823,318.189602,425.323892,-382.175560,293.185730,282.738390,-189.445133,312.654514,425.245914,-356.067123,0.000000,315.219254,5.481098,277.471104,0.000000,-5.517998,344.494934,230.675769,5.578495,269.308586,220.272231,11.722881,356.628494,175.303302,212.842216,280.345974,159.438186,194.627895,352.067413,169.829836,228.689156,287.125607,0.000000,0.000000,375.612526,0.000000,132.394133,272.969913,127.559080,111.833525,
0.000000,0.000000,0.000000,0.000000,0.000000,0.000000,0.000000,0.000000,0.000000,0.000000,0.000000,0.000000,0.000000,0.000000,0.000000,0.000000,0.000000,0.000000,0.000000,0.000000,0.000000,0.000000,0.000000,0.000000,0.000000,0.000000,0.000000,0.000000,0.000000,0.000000,0.000000,0.000000,0.000000,0.000000,0.000000,0.000000,0.000000,0.000000,0.000000,0.000000,0.000000,0.000000,0.000000,0.000000,0.000000,0.000000,0.000000,0.000000,0.000000,0.000000,0.000000,0.000000,300.318394,459.700327,-292.330132,303.056583,468.634379,-279.265041,305.062809,468.662467,-279.206486,306.871681,468.777158,-279.190578,295.519829,469.659476,-284.902706,292.103729,470.425215,-284.931889,288.388519,471.204236,-284.935341,304.855556,467.845359,-176.994514,0.000000,470.375197,-206.728172,301.218014,452.440338,-250.940857,292.963829,452.028995,-259.792118,319.436760,423.363669,-134.261656,250.874043,439.451172,-148.494797,312.200718,356.789460,-133.033752,234.722366,413.651090,-240.813370,299.780998,294.712415,-178.561230,0.000000,419.221566,-347.489586,293.188896,276.624370,-201.668453,309.046268,420.341313,-378.185349,288.239174,278.436384,-0.000000,0.000000,425.747445,-0.000000,288.799095,285.433044,-183.822670,306.277275,0.000000,-346.408348,320.351334,318.082652,5.569270,278.311462,0.000000,-5.614721,343.253555,232.853079,0.000000,269.768219,221.862588,3.700679,350.834427,182.193060,232.392387,280.368042,160.000291,199.887295,345.190239,177.061930,0.000000,287.285519,154.455371,216.166229,370.825462,143.871717,173.872814,273.022709,127.651906,128.750410,
0.000000,0.000000,0.000000,0.000000,0.000000,0.000000,0.000000,0.000000,0.000000,0.000000,0.000000,0.000000,0.000000,0.000000,0.000000,0.000000,0.000000,0.000000,0.000000,0.000000,0.000000,0.000000,0.000000,0.000000,0.000000,0.000000,0.000000,0.000000,0.000000,0.000000,0.000000,0.000000,0.000000,0.000000,0.000000,0.000000,0.000000,0.000000,0.000000,0.000000,0.000000,0.000000,0.000000,0.000000,0.000000,0.000000,0.000000,0.000000,0.000000,0.000000,0.000000,0.000000,298.258858,461.085591,-297.806702,0.000000,469.834828,-284.328194,0.000000,469.854054,-0.000000,305.118828,469.947996,-284.262600,293.446751,470.814929,-289.268494,290.103035,471.511145,-289.304199,286.578674,472.211244,-289.318428,303.290958,468.967724,-180.561104,277.311516,471.413019,-207.672501,299.538078,453.884804,-255.919685,291.033478,453.536804,-263.973732,318.491154,426.026223,-138.278990,0.000000,440.763030,-146.557131,311.598167,359.749589,-136.787624,227.245865,414.567697,-240.644951,295.911713,297.628984,-178.539639,285.865383,422.382174,-347.357063,287.984467,279.802637,-0.000000,304.520721,423.751366,-378.773918,283.361702,0.000000,-0.000000,306.497383,427.920871,-0.000000,284.374352,0.000000,-183.185902,302.113705,427.550962,-346.072922,320.594482,0.000000,4.678406,278.485661,311.222334,-4.759373,341.617889,232.676096,3.096859,269.275665,222.809987,4.621034,0.000000,187.255054,275.683937,280.490761,160.060415,211.733570,0.000000,182.119460,300.386391,287.516441,154.524894,228.216190,366.130753,150.149889,0.000000,272.961025,127.918196,0.000000,
0.000000,0.000000,0.000000,0.000000,0.000000,0.000000,0.000000,0.000000,0.000000,0.000000,0.000000,0.000000,0.000000,0.000000,0.000000,0.000000,0.000000,0.000000,0.000000,0.000000,0.000000,0.000000,0.000000,0.000000,0.000000,0.000000,0.000000,0.000000,0.000000,0.000000,0.000000,0.000000,0.000000,0.000000,0.000000,0.000000,0.000000,0.000000,0.000000,0.000000,0.000000,0.000000,0.000000,0.000000,0.000000,0.000000,0.000000,0.000000,0.000000,0.000000,0.000000,0.000000,296.850281,462.530293,-290.079956,299.771919,471.270046,-276.260681,301.898193,471.355233,-0.000000,303.854790,471.475031,-276.190376,292.026920,471.932702,-281.357079,288.639641,0.000000,-281.386833,284.945717,472.997839,-281.397362,302.374840,470.279367,-172.956219,0.000000,471.916008,-204.560795,298.376961,455.265691,-248.695946,289.607811,454.726589,-256.564426,318.170738,427.208304,-0.000000,249.322701,441.347687,-134.555607,311.574612,360.881717,-141.456299,224.177513,0.000000,-236.308708,291.691799,0.000000,-186.847229,0.000000,424.383187,-344.511642,0.000000,284.812961,-211.885872,298.506222,425.928741,-376.590347,278.772125,288.749886,-222.943783,300.332451,0.000000,-364.917717,280.017853,294.547577,-190.764847,296.652622,428.418517,-342.273521,320.882950,319.775405,3.630923,278.614559,311.530294,-3.723522,0.000000,234.773455,3.196769,0.000000,224.126115,0.819713,341.155205,195.547543,302.176971,280.546455,160.591536,212.559147,334.368629,191.159663,330.058556,0.000000,155.415902,230.598373,360.192986,157.039905,268.414307,272.946587,128.159852,146.577196,
0.000000,0.000000,0.000000,0.000000,0.000000,0.000000,0.000000,0.000000,0.000000,0.000000,0.000000,0.000000,0.000000,0.000000,0.000000,0.000000,0.000000,0.000000,0.000000,0.000000,0.000000,0.000000,0.000000,0.000000,0.000000,0.000000,0.000000,0.000000,0.000000,0.000000,0.000000,0.000000,0.000000,0.000000,0.000000,0.000000,0.000000,0.000000,0.000000,0.000000,0.000000,0.000000,0.000000,0.000000,0.000000,0.000000,0.000000,0.000000,0.000000,0.000000,0.000000,0.000000,295.164337,463.183079,-267.425346,297.972050,471.825929,-252.333488,300.144444,471.971734,-252.270088,302.221069,472.162986,-252.238121,290.167027,472.277827,-255.348301,286.825256,472.700586,-0.000000,283.195248,473.125083,-255.423393,301.103172,470.769889,-150.854387,274.167366,471.726816,-169.541759,297.134609,455.812562,-227.576942,288.175907,455.129392,-232.759533,317.783566,428.185980,-132.440853,249.647503,441.585460,-113.058033,311.530495,362.523894,-128.206253,219.904938,416.045465,-229.738674,287.884922,303.450193,-175.488510,274.560757,428.105857,-342.539330,0.000000,289.222984,-199.310799,292.252293,432.232597,-375.655670,274.613495,292.302461,-215.136395,293.813438,434.287620,-360.747566,276.479130,297.316604,-180.815392,0.000000,433.469889,-339.280243,320.990829,319.770727,1.925777,278.677578,311.576471,-2.020728,338.753319,236.836309,-24.361079,269.747810,225.272298,-6.960400,335.890388,204.360595,305.892067,280.563698,160.975456,208.508263,329.476471,201.736708,337.722702,287.490025,0.000000,227.608757,354.183083,164.602232,286.366997,272.948055,128.345804,146.790266,
0.000000,0.000000,0.000000,0.000000,0.000000,0.000000,0.000000,0.000000,0.000000,0.000000,0.000000,0.000000,0.000000,0.000000,0.000000,0.000000,0.000000,0.000000,0.000000,0.000000,0.000000,0.000000,0.000000,0.000000,0.000000,0.000000,0.000000,0.000000,0.000000,0.000000,0.000000,0.000000,0.000000,0.000000,0.000000,0.000000,0.000000,0.000000,0.000000,0.000000,0.000000,0.000000,0.000000,0.000000,0.000000,0.000000,0.000000,0.000000,0.000000,0.000000,0.000000,0.000000,294.631710,463.233247,-252.881374,297.473793,471.756341,-238.024559,299.605064,471.892447,-237.951508,301.615639,472.084901,-237.909451,0.000000,472.215815,-241.576672,286.391907,472.644238,-241.621437,282.757359,473.084593,-241.661758,300.198631,0.000000,-137.780895,273.474331,471.641200,-158.360157,296.635799,455.834384,-213.576565,287.644558,455.222604,-219.573479,317.465305,428.980858,-112.949057,248.670082,441.362193,-0.000000,311.643677,0.000000,-120.261106,216.622677,415.996649,-222.978382,286.854362,307.890730,-161.521397,269.723053,427.692497,-336.395950,277.281380,294.454451,-185.238209,288.136997,432.081642,-369.986191,273.226223,296.743941,-194.170170,0.000000,434.460611,-353.509102,275.475197,301.158772,-164.688873,285.372887,433.243296,-332.584953,320.919418,321.195860,2.220351,278.707771,313.125629,-2.309225,338.230324,240.850697,-0.000000,270.693855,226.804032,-5.216013,330.942078,209.056220,316.331139,280.578671,0.000000,182.988415,324.952621,207.382736,348.417740,287.233887,155.626659,198.904915,349.805717,169.611740,299.829521,273.186893,129.064250,113.078709,
0.000000,0.000000,0.000000,0.000000,0.000000,0.000000,0.000000,0.000000,0.000000,0.000000,0.000000,0.000000,0.000000,0.000000,0.000000,0.000000,0.000000,0.000000,0.000000,0.000000,0.000000,0.000000,0.000000,0.000000,0.000000,0.000000,0.000000,0.000000,0.000000,0.000000,0.000000,0.000000,0.000000,0.000000,0.000000,0.000000,0.000000,0.000000,0.000000,0.000000,0.000000,0.000000,0.000000,0.000000,0.000000,0.000000,0.000000,0.000000,0.000000,0.000000,0.000000,0.000000,294.612923,464.322803,-250.000801,297.200413,472.548065,-234.771080,299.239445,0.000000,-234.697170,301.158962,472.779443,-234.648628,289.786777,473.007560,-238.605061,286.539402,473.434074,-238.654976,282.982388,473.863013,-238.706856,299.346409,471.226187,-0.000000,273.506069,472.128096,-156.568937,296.556587,456.749661,-210.840282,287.830448,456.205902,-217.416363,316.675625,429.742777,-107.634697,247.934399,440.961192,-103.950357,310.899448,364.846902,-117.563334,211.876602,415.852110,-222.967110,281.618805,309.803681,-0.000000,264.895363,426.073451,-337.492523,272.552490,298.239756,-184.951591,0.000000,430.121677,-370.694046,267.880001,301.158085,-191.812611,284.758511,432.658725,-354.486923,270.317192,304.070492,-163.570595,279.957123,431.488917,-333.665810,320.734673,322.058802,2.271800,0.000000,313.740778,-2.362625,338.580627,244.861393,-19.033531,270.937405,226.784377,-2.635539,326.873245,215.344005,322.607040,280.535679,0.000000,175.361671,320.470657,214.690189,355.677376,286.455326,154.682565,190.099831,345.345192,174.567432,313.219948,273.293514,0.000000,101.172695,
0.000000,0.000000,0.000000,0.000000,0.000000,0.000000,0.000000,0.000000,0.000000,0.000000,0.000000,0.000000,0.000000,0.000000,0.000000,0.000000,0.000000,0.000000,0.000000,0.000000,0.000000,0.000000,0.000000,0.000000,0.000000,0.000000,0.000000,0.000000,0.000000,0.000000,0.000000,0.000000,0.000000,0.000000,0.000000,0.000000,0.000000,0.000000,0.000000,0.000000,0.000000,0.000000,0.000000,0.000000,0.000000,0.000000,0.000000,0.000000,0.000000,0.000000,0.000000,0.000000,294.451599,465.676653,-248.855343,296.912041,473.526406,-233.403282,298.946781,473.516922,-233.338375,300.809116,473.535912,-233.298397,289.699821,0.000000,-237.439308,286.480045,474.657311,-237.492924,0.000000,475.113072,-237.551880,299.149075,471.595581,-132.852812,273.454037,0.000000,-156.006489,296.367683,0.000000,-209.658680,287.823544,457.664337,-216.543846,315.933495,0.000000,-105.863132,247.055779,440.689387,-101.519136,311.685543,365.383945,-117.665195,207.768288,415.609918,-217.982121,279.593697,314.123883,-167.705059,0.000000,425.542288,-330.665474,269.777622,303.722835,-192.811432,277.926388,428.533959,-362.177048,264.763374,306.829863,-197.615490,281.226921,431.529300,-346.394768,267.296600,310.091429,-169.441128,276.611423,0.000000,-326.651154,320.058899,322.246213,2.457900,278.722897,314.189501,-2.547475,338.450851,246.215501,-49.986677,271.292973,226.478348,-4.605490,323.611717,217.996688,311.936283,280.261021,159.924502,166.103935,316.475182,217.352829,327.087326,285.522728,0.000000,179.886341,340.852432,176.908808,269.619446,272.929726,128.788347,90.124388,
0.000000,0.000000,0.000000,0.000000,0.000000,0.000000,0.000000,0.000000,0.000000,0.000000,0.000000,0.000000,0.000000,0.000000,0.000000,0.000000,0.000000,0.000000,0.000000,0.000000,0.000000,0.000000,0.000000,0.000000,0.000000,0.000000,0.000000,0.000000,0.000000,0.000000,0.000000,0.000000,0.000000,0.000000,0.000000,0.000000,0.000000,0.000000,0.000000,0.000000,0.000000,0.000000,0.000000,0.000000,0.000000,0.000000,0.000000,0.000000,0.000000,0.000000,0.000000,0.000000,294.211941,466.636562,-248.469124,296.920166,474.549036,-232.899208,298.986320,474.418960,-232.829361,0.000000,474.339180,-0.000000,289.682980,475.725989,-237.150517,286.433067,476.392744,-237.209949,282.892513,0.000000,-237.268105,299.515419,472.327738,-132.047577,273.207664,475.503323,-156.480837,0.000000,0.000000,-209.109306,287.864895,459.343379,-216.358910,316.028099,431.014981,-102.736635,245.520458,440.572293,-101.673450,312.332878,365.887363,-116.957779,203.762455,414.393246,-217.840557,277.215481,319.540958,-0.000000,257.484436,421.377010,-334.694672,266.625633,309.725533,-190.888634,271.251717,423.213229,-362.864647,261.820526,314.171948,-195.399876,275.622807,0.000000,-0.000000,264.790592,316.968570,-169.097595,271.773739,425.428798,-327.576523,319.848576,322.683134,2.572196,278.727913,0.000000,-2.670387,339.018173,248.848014,-83.875523,272.557487,226.183476,-3.458761,0.000000,221.798258,254.477272,280.260315,159.639287,180.944481,314.310856,221.381807,285.446568,0.000000,152.481608,196.314278,336.615257,180.922551,263.331146,272.941036,128.687925,108.414059,
0.000000,0.000000,0.000000,0.000000,0.000000,0.000000,0.000000,0.000000,0.000000,0.000000,0.000000,0.000000,0.000000,0.000000,0.000000,0.000000,0.000000,0.000000,0.000000,0.000000,0.000000,0.000000,0.000000,0.000000,0.000000,0.000000,0.000000,0.000000,0.000000,0.000000,0.000000,0.000000,0.000000,0.000000,0.000000,0.000000,0.000000,0.000000,0.000000,0.000000,0.000000,0.000000,0.000000,0.000000,0.000000,0.000000,0.000000,0.000000,0.000000,0.000000,0.000000,0.000000,294.678860,467.377388,-245.749855,297.402153,475.501091,-229.733391,299.448185,475.406270,-229.663944,301.279240,475.341704,-229.621086,290.128059,476.554255,-235.586605,286.857605,477.191548,-235.652218,283.298092,477.777793,-235.714436,299.905205,473.352299,-126.281490,273.627167,476.439478,-157.824173,296.551704,459.475708,-205.128155,288.148136,460.084934,-214.549294,316.387844,431.552496,-89.865732,245.100117,0.000000,-105.654545,312.445316,366.264031,-99.338427,201.157284,411.990502,-227.412224,274.230804,327.726460,-160.558376,256.231728,413.731899,-369.746323,262.393456,318.187795,-182.350197,269.896049,412.314448,-402.016678,257.633057,324.548278,-182.961445,274.814548,417.205811,-384.589729,260.319862,0.000000,-160.378227,271.171303,417.688200,-363.478470,319.704075,323.256569,4.537778,0.000000,0.000000,-4.633926,0.000000,250.169849,-91.372547,273.436928,226.603060,-0.000000,321.608696,222.137890,248.599110,280.226021,159.304204,179.186382,314.425869,221.918592,281.601257,284.940643,0.000000,194.547424,334.217644,181.677432,255.841560,0.000000,128.686380,102.970352,
0.000000,0.000000,0.000000,0.000000,0.000000,0.000000,0.000000,0.000000,0.000000,0.000000,0.000000,0.000000,0.000000,0.000000,0.000000,0.000000,0.000000,0.000000,0.000000,0.000000,0.000000,0.000000,0.000000,0.000000,0.000000,0.000000,0.000000,0.000000,0.000000,0.000000,0.000000,0.000000,0.000000,0.000000,0.000000,0.000000,0.000000,0.000000,0.000000,0.000000,0.000000,0.000000,0.000000,0.000000,0.000000,0.000000,0.000000,0.000000,0.000000,0.000000,0.000000,0.000000,295.011330,467.608531,-241.236267,297.725773,475.900934,-224.718761,299.769249,475.828943,-224.651299,301.597996,475.792487,-224.619446,290.426178,476.983109,-0.000000,287.145653,477.669411,-231.062794,283.565578,478.280139,-0.000000,300.226021,473.820248,-0.000000,273.774815,477.338748,-154.814148,296.869602,459.614840,-200.664730,288.283329,460.249171,-210.693855,316.657600,432.093508,-81.020575,245.276623,440.429406,-101.654682,314.384918,366.294715,-85.822153,197.261772,409.825594,-220.503292,273.394718,333.889446,-147.399521,250.520439,407.738729,-363.825035,259.990044,328.817883,-167.005177,262.734928,406.290014,-396.139030,255.865974,335.665541,-167.727337,266.687222,411.836908,-0.000000,259.454250,336.963301,-0.000000,264.669838,412.480381,-358.708153,0.000000,323.146491,6.584697,0.000000,315.263028,-0.000000,342.074699,250.230532,-98.320656,0.000000,226.404061,-23.740828,322.554741,223.031902,239.378033,280.229759,159.163527,167.083721,314.995117,222.900410,272.493935,284.965820,151.851611,182.504005,336.017838,182.275586,240.802536,273.129272,128.675737,92.163839,
0.000000,0.000000,0.000000,0.000000,0.000000,0.000000,0.000000,0.000000,0.000000,0.000000,0.000000,0.000000,0.000000,0.000000,0.000000,0.000000,0.000000,0.000000,0.000000,0.000000,0.000000,0.000000,0.000000,0.000000,0.000000,0.000000,0.000000,0.000000,0.000000,0.000000,0.000000,0.000000,0.000000,0.000000,0.000000,0.000000,0.000000,0.000000,0.000000,0.000000,0.000000,0.000000,0.000000,0.000000,0.000000,0.000000,0.000000,0.000000,0.000000,0.000000,0.000000,0.000000,295.976562,468.121111,-236.819382,0.000000,476.590970,-219.885311,300.166321,0.000000,-219.827805,301.911678,476.567109,-219.808178,291.127930,477.603922,-226.858826,287.755089,478.276491,-226.922569,284.154167,478.944383,-226.981297,300.279789,474.565945,-115.412979,273.802376,478.143797,-152.287998,297.838345,460.194519,-196.027470,289.552670,460.612922,-206.924553,316.881466,433.255484,-72.734423,245.618248,440.350657,-96.777248,317.187405,367.696738,-72.357721,0.000000,406.755280,-208.263206,274.300499,340.430474,-139.344025,246.004467,400.792429,-363.675423,260.493622,338.919425,-159.442949,259.027061,399.498618,-393.979721,257.017365,345.727129,-161.462097,262.747040,404.678564,-375.468674,260.287666,346.419311,-139.528179,260.953465,405.240455,-356.191025,319.787636,323.694906,6.921249,278.681240,315.834446,-7.005266,344.395676,251.412549,-126.399364,274.628258,226.637521,-39.447651,323.649826,221.262331,204.068947,280.232697,159.221420,148.761368,315.734291,220.830302,236.063995,284.995270,151.868477,163.425064,337.783470,181.247849,189.708824,273.114567,128.658099,69.393935,
0.000000,0.000000,0.000000,0.000000,0.000000,0.000000,0.000000,0.000000,0.000000,0.000000,0.000000,0.000000,0.000000,0.000000,0.000000,0.000000,0.000000,0.000000,0.000000,0.000000,0.000000,0.000000,0.000000,0.000000,0.000000,0.000000,0.000000,0.000000,0.000000,0.000000,0.000000,0.000000,0.000000,0.000000,0.000000,0.000000,0.000000,0.000000,0.000000,0.000000,0.000000,0.000000,0.000000,0.000000,0.000000,0.000000,0.000000,0.000000,0.000000,0.000000,0.000000,0.000000,296.905918,468.094590,-234.246407,299.223080,476.650965,-218.464241,301.093044,476.698472,-218.412151,302.826271,476.809473,-218.402481,291.861115,477.610209,-224.503803,288.487701,478.347130,-224.564552,284.873257,0.000000,-224.617214,301.464634,475.058677,-116.172514,274.769020,478.550227,-148.371449,298.865318,460.409696,-194.033947,290.807076,460.645409,-203.542671,318.543949,434.309077,-70.006514,245.859356,440.267508,-0.000000,323.439827,0.000000,-72.975082,196.982365,403.722560,-180.674171,275.202274,349.891462,-141.190510,243.732471,391.626699,-324.947433,261.411629,349.041309,-160.397072,256.511784,0.000000,-354.322281,258.896999,356.671314,-169.387302,260.355263,395.722346,-341.782188,262.238617,358.510752,-144.510250,0.000000,396.651764,-320.969315,320.283203,324.704361,7.316837,278.856297,316.974106,-0.000000,349.423676,252.897248,-142.488117,275.762596,227.297559,-74.454679,324.948730,218.893704,0.000000,280.264473,159.320512,100.329618,317.432289,218.325119,186.141434,0.000000,151.977654,113.428173,339.209633,179.419312,131.627026,0.000000,129.606571,17.850695,
0.000000,0.000000,0.000000,0.000000,0.000000,0.000000,0.000000,0.000000,0.000000,0.000000,0.000000,0.000000,0.000000,0.000000,0.000000,0.000000,0.000000,0.000000,0.000000,0.000000,0.000000,0.000000,0.000000,0.000000,0.000000,0.000000,0.000000,0.000000,0.000000,0.000000,0.000000,0.000000,0.000000,0.000000,0.000000,0.000000,0.000000,0.000000,0.000000,0.000000,0.000000,0.000000,0.000000,0.000000,0.000000,0.000000,0.000000,0.000000,0.000000,0.000000,0.000000,0.000000,299.546814,468.449392,-207.474880,301.616364,477.050228,-191.840954,303.362980,477.163997,-191.805096,305.094643,477.349455,-191.807652,294.240990,477.826116,-197.622147,290.716858,478.512204,-197.659836,286.890717,479.177198,-197.679977,303.282986,475.838149,-91.614666,276.412048,478.509822,-122.103481,301.329308,460.676479,-168.322582,293.326778,460.684226,-177.311058,320.815086,435.711272,-0.000000,246.056271,440.098228,-59.230604,331.488152,371.538327,-76.931739,198.196602,402.765849,-137.469511,276.792412,361.336985,-183.964462,241.548424,382.609434,-274.799843,264.325409,361.222293,-213.664665,253.812771,378.659549,-303.075008,261.121159,370.555995,-212.915001,256.886292,386.557839,-295.439663,264.228020,371.186635,-184.531441,254.592705,387.949240,-273.168278,321.138687,325.019317,7.790104,279.088020,317.665515,-7.847219,352.976303,0.000000,-175.663567,276.279697,228.078446,-74.778948,328.933144,217.667227,92.093887,280.260277,0.000000,96.424618,321.046066,216.851964,117.617750,285.040627,153.031697,108.890657,344.907379,178.271413,55.885153,273.293095,129.791493,14.887980,
0.000000,0.000000,0.000000,0.000000,0.000000,0.000000,0.000000,0.000000,0.000000,0.000000,0.000000,0.000000,0.000000,0.000000,0.000000,0.000000,0.000000,0.000000,0.000000,0.000000,0.000000,0.000000,0.000000,0.000000,0.000000,0.000000,0.000000,0.000000,0.000000,0.000000,0.000000,0.000000,0.000000,0.000000,0.000000,0.000000,0.000000,0.000000,0.000000,0.000000,0.000000,0.000000,0.000000,0.000000,0.000000,0.000000,0.000000,0.000000,0.000000,0.000000,0.000000,0.000000,304.757957,469.223950,-179.001427,305.500298,477.461014,-162.816429,306.967049,0.000000,-162.793541,0.000000,477.793930,-162.805176,299.162502,478.189523,-172.088108,295.705662,478.821130,-0.000000,292.201042,479.438853,-172.120094,304.946232,476.411777,-65.658441,281.307259,478.336401,-111.636353,305.821476,461.453097,-141.534786,298.268547,461.130223,-155.061979,322.108192,436.843507,-34.540584,0.000000,438.366702,-51.667442,338.953629,376.191595,-66.145616,200.344582,400.901241,-116.197071,282.486229,371.538477,-0.000000,239.107475,374.878943,-244.714451,266.262207,369.816005,-223.218040,250.326481,0.000000,-273.674526,264.923954,377.212808,-222.143784,254.016151,378.260500,-271.060848,267.652225,378.615818,-190.628338,251.145744,379.859827,-245.221138,322.370872,325.057597,10.061996,280.246849,0.000000,-10.078644,356.446304,253.502698,-151.647825,277.327003,228.327484,-73.340392,336.682320,214.820609,0.000000,280.363770,160.559521,89.742041,328.605042,213.448563,123.656368,285.062141,153.878288,101.032925,0.000000,174.923887,60.209813,273.916168,130.056195,5.934609,
0.000000,0.000000,0.000000,0.000000,0.000000,0.000000,0.000000,0.000000,0.000000,0.000000,0.000000,0.000000,0.000000,0.000000,0.000000,0.000000,0.000000,0.000000,0.000000,0.000000,0.000000,0.000000,0.000000,0.000000,0.000000,0.000000,0.000000,0.000000,0.000000,0.000000,0.000000,0.000000,0.000000,0.000000,0.000000,0.000000,0.000000,0.000000,0.000000,0.000000,0.000000,0.000000,0.000000,0.000000,0.000000,0.000000,0.000000,0.000000,0.000000,0.000000,0.000000,0.000000,0.000000,0.000000,-187.973900,307.956352,477.873216,-171.027126,309.417534,477.971578,-171.021061,310.800476,478.140364,-171.046982,301.409111,0.000000,-177.453270,297.973576,479.271548,-177.453461,294.512482,479.791017,-177.456398,307.599373,476.638241,-67.879624,284.688168,478.269603,-100.876112,308.485813,462.285676,-148.271503,300.000305,461.866822,-158.094406,324.947243,0.000000,-0.000000,248.375282,437.777903,-21.663780,346.449051,379.202921,-72.950258,201.893959,398.643637,-45.185480,295.510197,381.141815,-238.761921,236.825905,0.000000,-168.750877,277.037659,378.462868,-0.000000,248.175049,358.963079,-195.291939,276.426449,387.551844,-278.532143,251.248684,366.126745,-202.203655,280.219421,389.787927,-240.677261,0.000000,368.493783,-173.121853,324.242897,324.965029,9.636503,281.175995,317.768383,-9.634976,360.670547,253.319535,-138.346806,278.535271,228.224487,-70.523252,0.000000,206.369376,117.704248,0.000000,161.007214,108.019218,336.313744,203.348265,140.798779,285.304451,153.898973,120.540342,363.745270,169.513550,65.888901,273.992825,130.134645,21.299071,
0.000000,0.000000,0.000000,0.000000,0.000000,0.000000,0.000000,0.000000,0.000000,0.000000,0.000000,0.000000,0.000000,0.000000,0.000000,0.000000,0.000000,0.000000,0.000000,0.000000,0.000000,0.000000,0.000000,0.000000,0.000000,0.000000,0.000000,0.000000,0.000000,0.000000,0.000000,0.000000,0.000000,0.000000,0.000000,0.000000,0.000000,0.000000,0.000000,0.000000,0.000000,0.000000,0.000000,0.000000,0.000000,0.000000,0.000000,0.000000,0.000000,0.000000,0.000000,0.000000,310.515652,470.034492,-181.693382,311.295891,477.857294,-164.211655,312.647190,477.964132,-164.216881,313.845177,478.143046,-164.249420,0.000000,478.640027,-171.334171,301.662197,479.222109,-171.318989,298.302097,479.751105,-171.317177,309.925575,476.601377,-60.398417,288.284855,478.195639,-96.622982,311.436214,462.398136,-141.842823,303.027859,0.000000,-152.553816,326.679878,437.748270,-25.671134,249.881458,0.000000,-19.275391,355.283928,383.819368,-76.173453,204.431725,396.215701,-22.326925,308.520718,389.989629,-255.698967,235.213203,356.003680,-114.447012,292.892570,386.995018,-297.246799,246.254597,346.694870,-137.643280,289.097290,395.282164,-296.611633,249.929714,354.488726,-145.836430,293.530636,397.683921,-258.149071,248.492413,0.000000,-118.414927,325.050049,324.869456,9.566096,281.685543,317.612128,-0.000000,363.897438,252.876306,-121.722765,279.100285,228.125782,-77.765512,353.632050,199.402285,149.304609,280.444603,161.296163,116.147041,343.541908,194.858451,174.255867,285.313377,154.075613,130.390062,375.120850,162.163568,104.369450,274.260559,130.190048,33.284879,
0.000000,0.000000,0.000000,0.000000,0.000000,0.000000,0.000000,0.000000,0.000000,0.000000,0.000000,0.000000,0.000000,0.000000,0.000000,0.000000,0.000000,0.000000,0.000000,0.000000,0.000000,0.000000,0.000000,0.000000,0.000000,0.000000,0.000000,0.000000,0.000000,0.000000,0.000000,0.000000,0.000000,0.000000,0.000000,0.000000,0.000000,0.000000,0.000000,0.000000,0.000000,0.000000,0.000000,0.000000,0.000000,0.000000,0.000000,0.000000,0.000000,0.000000,0.000000,0.000000,315.337486,470.846150,-177.558098,315.045738,0.000000,-160.407524,315.995388,0.000000,-160.409222,316.876469,478.868873,-160.440292,309.636192,0.000000,-169.978008,306.558475,479.498441,-169.968452,303.246212,0.000000,-169.967537,311.576138,476.940773,-58.384128,292.551994,478.183494,-104.521580,315.465736,463.248160,-138.253117,308.260231,462.688222,-152.020321,329.817429,438.746331,-17.295172,252.390251,436.979334,-35.723782,362.955055,388.742187,-73.767409,211.411934,391.260073,-43.177285,0.000000,0.000000,-245.834122,233.722038,346.922321,-124.764004,0.000000,398.175817,-284.584141,241.669464,336.216960,-148.130341,0.000000,405.743337,-281.464272,246.929359,342.115459,-157.127657,305.513344,407.063391,-247.559433,246.235676,346.509562,-128.921680,0.000000,324.751568,10.722488,281.971092,317.503424,-10.741402,366.482620,250.929880,-81.786022,0.000000,227.494283,-70.605774,363.181152,192.076678,157.725735,280.602055,161.421819,125.629711,352.797318,186.270447,180.320702,285.172367,0.000000,143.332806,385.609665,153.488789,106.182795,0.000000,130.016241,50.643048,
0.000000,0.000000,0.000000,0.000000,0.000000,0.000000,0.000000,0.000000,0.000000,0.000000,0.000000,0.000000,0.000000,0.000000,0.000000,0.000000,0.000000,0.000000,0.000000,0.000000,0.000000,0.000000,0.000000,0.000000,0.000000,0.000000,0.000000,0.000000,0.000000,0.000000,0.000000,0.000000,0.000000,0.000000,0.000000,0.000000,0.000000,0.000000,0.000000,0.000000,0.000000,0.000000,0.000000,0.000000,0.000000,0.000000,0.000000,0.000000,0.000000,0.000000,0.000000,0.000000,318.451195,471.644289,-221.858540,317.746277,479.027574,-202.546711,318.613625,479.189773,-202.579784,319.401894,479.396474,-202.644005,312.778740,479.316351,-212.713928,309.777222,479.678557,-212.686234,306.694832,480.005014,-212.672920,313.780766,477.067523,-83.986921,295.749359,478.124850,-133.846645,318.498802,463.956370,-176.876354,312.071629,463.412933,-191.039314,334.851151,439.022577,-33.034997,256.120911,436.638865,-42.640772,372.469254,394.633005,-108.530302,218.859978,388.421609,-24.572194,332.803459,409.561086,-309.044094,233.328705,340.356617,-73.344297,319.387875,409.277716,-350.785370,237.335796,325.114546,-92.128124,316.174107,416.783652,-348.668633,244.319401,330.107746,-108.112535,319.494476,417.472808,-0.000000,244.851418,334.723592,-79.605293,328.132401,0.000000,12.891796,283.437309,317.423687,-12.951381,370.113297,0.000000,-0.000000,0.000000,226.323380,-53.796034,372.639236,184.121847,196.861763,280.861568,161.884747,169.404030,363.145828,177.338991,215.668335,0.000000,0.000000,186.876545,392.884026,147.624321,0.000000,274.222927,0.000000,90.409822,
0.000000,0.000000,0.000000,0.000000,0.000000,0.000000,0.000000,0.000000,0.000000,0.000000,0.000000,0.000000,0.000000,0.000000,0.000000,0.000000,0.000000,0.000000,0.000000,0.000000,0.000000,0.000000,0.000000,0.000000,0.000000,0.000000,0.000000,0.000000,0.000000,0.000000,0.000000,0.000000,0.000000,0.000000,0.000000,0.000000,0.000000,0.000000,0.000000,0.000000,0.000000,0.000000,0.000000,0.000000,0.000000,0.000000,0.000000,0.000000,0.000000,0.000000,0.000000,0.000000,322.342644,471.476297,-259.718361,321.783524,0.000000,-241.367226,322.616234,479.113426,-241.389179,323.281937,479.354138,-241.451588,316.766605,479.240434,-250.727959,0.000000,479.625878,-250.705929,310.765133,479.967828,-250.694122,316.661339,477.041774,-124.488010,299.100075,478.008313,-168.319416,322.190018,463.786490,-214.350090,316.018677,463.304594,-227.277584,339.642143,438.731267,-61.232991,259.756374,436.468685,-71.081214,382.728844,395.494573,-151.124325,226.323967,386.034915,-30.227580,0.000000,0.000000,-357.810402,0.000000,336.675854,-69.179201,335.433197,417.696290,-400.870399,235.069275,319.981227,-85.103312,332.216415,425.507913,-397.186165,241.620617,0.000000,-104.654026,334.503098,425.271749,-360.616531,243.268356,328.236723,-76.734591,329.857254,323.389821,12.727213,284.270172,317.153792,-12.781516,372.294502,0.000000,-48.489428,281.535702,225.250025,-0.000000,0.000000,177.963753,169.521408,281.009922,162.146745,191.456337,371.447220,169.572558,184.872952,285.310879,154.921260,207.559624,399.097710,140.405231,83.559275,274.135189,130.536847,107.812672,
0.000000,0.000000,0.000000,0.000000,0.000000,0.000000,0.000000,0.000000,0.000000,0.000000,0.000000,0.000000,0.000000,0.000000,0.000000,0.000000,0.000000,0.000000,0.000000,0.000000,0.000000,0.000000,0.000000,0.000000,0.000000,0.000000,0.000000,0.000000,0.000000,0.000000,0.000000,0.000000,0.000000,0.000000,0.000000,0.000000,0.000000,0.000000,0.000000,0.000000,0.000000,0.000000,0.000000,0.000000,0.000000,0.000000,0.000000,0.000000,0.000000,0.000000,0.000000,0.000000,325.493546,471.336350,-282.257481,324.662094,478.852329,-263.318844,325.320282,479.030557,-263.328800,325.854568,479.268587,-263.384819,320.003586,479.174688,-271.992760,317.185249,0.000000,-271.968536,314.052391,479.924719,-271.940670,318.472958,476.988537,-148.346968,301.465855,477.866285,-188.423023,325.222435,463.653131,-238.388176,319.116211,463.221316,-250.336647,342.762146,0.000000,-89.869175,263.420963,436.243165,-94.862604,390.725594,401.256409,-0.000000,232.879219,383.880801,-49.385462,361.727219,421.490028,-392.323227,233.799419,333.002729,-93.408728,348.540459,423.416111,-435.457535,234.004097,315.966325,-109.793282,345.326004,430.699339,-429.703674,239.482288,317.094612,-130.135164,346.533585,430.111077,-394.466972,241.978416,323.169236,-101.597939,0.000000,322.205143,11.842393,286.515770,316.980929,-11.925519,374.917297,242.527785,-34.348731,281.971836,224.487376,-17.169653,385.564880,173.341384,179.925423,281.015167,162.201290,210.149860,377.815514,163.439698,193.635826,285.322056,154.932718,227.213478,403.995476,134.143538,99.973307,274.120693,130.783739,128.619537,
0.000000,0.000000,0.000000,0.000000,0.000000,0.000000,0.000000,0.000000,0.000000,0.000000,0.000000,0.000000,0.000000,0.000000,0.000000,0.000000,0.000000,0.000000,0.000000,0.000000,0.000000,0.000000,0.000000,0.000000,0.000000,0.000000,0.000000,0.000000,0.000000,0.000000,0.000000,0.000000,0.000000,0.000000,0.000000,0.000000,0.000000,0.000000,0.000000,0.000000,0.000000,0.000000,0.000000,0.000000,0.000000,0.000000,0.000000,0.000000,0.000000,0.000000,0.000000,0.000000,330.093727,471.267171,-287.730713,328.975143,478.794458,-269.635773,329.492340,478.974767,-0.000000,0.000000,479.219577,-269.711266,0.000000,479.126408,-0.000000,321.839371,479.525006,-278.622990,318.718376,479.882877,-278.595181,321.525612,476.966350,-156.705341,305.087280,477.840278,-197.960911,329.636040,463.566871,-244.492302,0.000000,463.139305,-0.000000,347.608223,436.470273,-100.534353,266.640072,435.810964,-102.713737,394.810410,405.345275,-200.113411,238.783588,382.187533,-47.548480,378.639336,426.753573,-424.261169,234.046555,331.010728,-89.690247,368.214493,430.364299,-470.467148,233.015251,313.597999,-106.246023,362.483139,436.326635,-470.362587,237.842884,314.408798,-129.834089,363.757095,435.047243,-429.205704,240.520344,320.612640,-99.369936,335.816460,320.018349,8.603202,289.566441,0.000000,-8.630365,377.188187,238.930621,-44.345365,282.307377,223.673787,1.574620,390.123596,167.256331,158.509884,281.141777,162.194166,236.905327,383.099442,157.506609,172.366161,285.614376,154.912291,254.099140,407.104759,127.720098,64.273491,0.000000,130.885062,155.179749,
0.000000,0.000000,0.000000,0.000000,0.000000,0.000000,0.000000,0.000000,0.000000,0.000000,0.000000,0.000000,0.000000,0.000000,0.000000,0.000000,0.000000,0.000000,0.000000,0.000000,0.000000,0.000000,0.000000,0.000000,0.000000,0.000000,0.000000,0.000000,0.000000,0.000000,0.000000,0.000000,0.000000,0.000000,0.000000,0.000000,0.000000,0.000000,0.000000,0.000000,0.000000,0.000000,0.000000,0.000000,0.000000,0.000000,0.000000,0.000000,0.000000,0.000000,0.000000,0.000000,334.811401,0.000000,-0.000000,333.213425,478.749869,-251.899834,333.583298,478.923976,-251.923923,333.831520,479.164002,-251.968727,329.134827,479.092247,-0.000000,326.321220,479.492605,-260.015450,323.287277,479.856377,-259.990578,324.992180,476.934378,-140.376720,309.692421,477.804186,-178.073387,333.982201,463.494751,-227.914448,328.936348,463.051887,-0.000000,352.873688,436.346183,-88.308344,271.306038,434.969566,-0.000000,399.219894,0.000000,-190.678635,243.103256,380.631294,-19.115040,395.397568,431.498101,-417.586861,0.000000,329.154167,-48.172088,386.075859,436.521127,-463.145981,232.123184,311.504245,-61.426649,0.000000,442.130549,-465.576668,236.762409,311.724787,-86.873264,381.571579,440.179231,-423.752327,239.689865,317.835460,-58.371511,340.286446,315.565753,7.156870,293.585815,313.068552,-7.144761,379.633102,234.318295,-36.494904,283.022976,221.182766,-0.634291,0.000000,0.000000,177.572479,0.000000,162.052245,259.747219,387.052841,154.953189,191.823997,0.000000,154.847574,280.086021,408.414917,125.568709,87.463312,273.837700,130.908365,183.250618,
0.000000,0.000000,0.000000,0.000000,0.000000,0.000000,0.000000,0.000000,0.000000,0.000000,0.000000,0.000000,0.000000,0.000000,0.000000,0.000000,0.000000,0.000000,0.000000,0.000000,0.000000,0.000000,0.000000,0.000000,0.000000,0.000000,0.000000,0.000000,0.000000,0.000000,0.000000,0.000000,0.000000,0.000000,0.000000,0.000000,0.000000,0.000000,0.000000,0.000000,0.000000,0.000000,0.000000,0.000000,0.000000,0.000000,0.000000,0.000000,0.000000,0.000000,0.000000,0.000000,337.785873,470.395861,-281.455650,336.799355,478.321981,-263.282108,337.373505,478.529134,-263.314629,337.838211,478.805809,-263.350182,332.276878,478.603721,-268.765202,329.458618,478.996310,-268.735104,326.093216,479.369116,-268.703003,331.245308,476.745400,-0.000000,313.007755,477.309158,-174.806728,337.063065,462.546837,-238.287849,332.078896,462.185791,-245.536270,358.663864,436.348393,-0.000000,276.050453,433.765683,-90.421352,406.113243,413.565152,-223.813000,247.479515,378.096349,-19.795454,409.996758,436.190615,-466.263351,234.904385,325.557046,-64.679565,404.224930,442.002554,-513.983154,230.910206,307.792840,-79.018631,395.992203,447.458854,-517.612190,235.417633,307.643967,-106.809425,395.466499,444.682746,-473.280449,238.707390,313.425822,-76.195669,345.040588,312.210460,2.491356,297.610283,310.021734,-2.451501,382.213249,230.702119,-0.000000,285.102291,219.876337,0.615462,394.749985,162.430072,189.422989,281.186733,161.649313,269.399662,389.203987,152.594304,205.993004,285.526333,154.666858,290.429020,408.843155,125.097799,0.000000,273.669624,130.874634,192.671394,
0.000000,0.000000,0.000000,0.000000,0.000000,0.000000,0.000000,0.000000,0.000000,0.000000,0.000000,0.000000,0.000000,0.000000,0.000000,0.000000,0.000000,0.000000,0.000000,0.000000,0.000000,0.000000,0.000000,0.000000,0.000000,0.000000,0.000000,0.000000,0.000000,0.000000,0.000000,0.000000,0.000000,0.000000,0.000000,0.000000,0.000000,0.000000,0.000000,0.000000,0.000000,0.000000,0.000000,0.000000,0.000000,0.000000,0.000000,0.000000,0.000000,0.000000,0.000000,0.000000,342.732010,470.369103,-272.449093,340.721054,478.316939,-0.000000,341.111298,478.519220,-254.585781,341.364594,478.793192,-254.616547,336.703949,478.586962,-260.885658,334.042969,478.988500,-260.864677,330.923271,479.337552,-260.836945,334.497871,476.729178,-0.000000,317.115135,476.910732,-0.000000,342.185631,462.532504,-230.939407,337.305298,462.174804,-239.153233,364.086075,436.397767,-99.851332,281.408024,431.760979,-86.803865,0.000000,419.288428,-217.330208,252.108879,0.000000,-29.099212,424.526558,440.052609,-444.485855,235.137615,323.265495,-71.761827,421.039810,448.971169,-490.385017,231.187038,305.902634,-85.739393,413.811340,451.553986,-495.976334,235.169659,305.491076,-114.377089,412.444611,447.416754,-452.617493,238.602409,311.146288,-83.849087,349.330368,309.774628,-0.901442,0.000000,307.678041,0.957476,0.000000,229.554090,-15.749167,286.872311,219.050903,32.891049,396.388893,0.000000,0.000000,281.244411,160.681701,281.207886,391.120377,150.983477,222.739811,285.576668,153.813787,299.703884,408.484039,125.962415,106.011257,273.650169,130.756660,197.680340,
0.000000,0.000000,0.000000,0.000000,0.000000,0.000000,0.000000,0.000000,0.000000,0.000000,0.000000,0.000000,0.000000,0.000000,0.000000,0.000000,0.000000,0.000000,0.000000,0.000000,0.000000,0.000000,0.000000,0.000000,0.000000,0.000000,0.000000,0.000000,0.000000,0.000000,0.000000,0.000000,0.000000,0.000000,0.000000,0.000000,0.000000,0.000000,0.000000,0.000000,0.000000,0.000000,0.000000,0.000000,0.000000,0.000000,0.000000,0.000000,0.000000,0.000000,0.000000,0.000000,346.764374,470.256214,-266.688843,344.227982,478.259604,-248.876400,344.533195,478.471348,-248.900566,344.720535,478.765104,-248.930454,340.451241,478.463860,-255.571842,337.902794,478.812139,-255.555229,334.991798,479.121838,-0.000000,337.996292,476.596334,-139.623699,322.187920,476.165164,-168.833885,346.328659,0.000000,-225.199299,341.357193,461.969690,-234.038677,369.859390,436.672597,-94.483480,287.530632,430.200233,-81.552258,420.714073,424.715331,-210.586948,257.997494,375.186710,-25.364535,436.606293,445.158763,-440.103989,236.725960,322.173257,-71.580796,436.556473,454.582822,-486.804886,231.565609,305.768995,-0.000000,430.201759,456.464660,-495.211029,235.393696,304.970512,-116.857071,427.821503,452.108517,-449.957886,239.050007,310.242147,-84.640379,354.742432,308.480773,-2.376844,307.261467,306.268272,2.449255,386.791153,226.854715,-24.244180,0.000000,218.636341,26.517675,397.030487,160.577931,210.927067,281.302490,159.921885,276.959343,390.416107,151.811399,229.131660,285.578194,153.150144,295.760918,409.199028,125.831952,113.303738,273.522396,130.106921,190.736866,
0.000000,0.000000,0.000000,0.000000,0.000000,0.000000,0.000000,0.000000,0.000000,0.000000,0.000000,0.000000,0.000000,0.000000,0.000000,0.000000,0.000000,0.000000,0.000000,0.000000,0.000000,0.000000,0.000000,0.000000,0.000000,0.000000,0.000000,0.000000,0.000000,0.000000,0.000000,0.000000,0.000000,0.000000,0.000000,0.000000,0.000000,0.000000,0.000000,0.000000,0.000000,0.000000,0.000000,0.000000,0.000000,0.000000,0.000000,0.000000,0.000000,0.000000,0.000000,0.000000,0.000000,470.095818,-259.790230,349.287643,478.133905,-241.809387,349.574165,478.356228,-241.847916,349.732666,478.670154,-241.850700,345.368118,478.202784,-248.386803,342.773514,478.458023,-248.373890,339.860611,478.689380,-248.341160,342.645950,0.000000,-136.232653,327.459030,475.217485,-163.225060,351.775284,462.211003,-220.992393,0.000000,461.589396,-0.000000,376.381760,436.751711,-91.122999,292.410069,427.929711,-81.198921,425.329819,429.412866,-200.134983,263.689766,373.055942,-34.868896,453.145638,452.195399,-428.795128,238.451462,321.642566,-81.632500,456.021576,462.746544,-0.000000,0.000000,306.042066,-96.343870,450.170593,465.009770,-486.216507,234.733658,305.412798,-126.021404,447.288666,0.000000,-440.489998,239.255486,310.319653,-94.533501,0.000000,307.102032,-1.526290,312.234135,304.944634,1.589168,389.538307,224.840527,-8.272496,293.444061,218.349538,22.272701,398.131943,0.000000,230.644417,281.098576,159.239573,256.707764,389.858208,0.000000,249.059010,285.019131,152.660050,274.017677,410.087814,125.669560,139.950838,273.498192,0.000000,169.581814,
0.000000,0.000000,0.000000,0.000000,0.000000,0.000000,0.000000,0.000000,0.000000,0.000000,0.000000,0.000000,0.000000,0.000000,0.000000,0.000000,0.000000,0.000000,0.000000,0.000000,0.000000,0.000000,0.000000,0.000000,0.000000,0.000000,0.000000,0.000000,0.000000,0.000000,0.000000,0.000000,0.000000,0.000000,0.000000,0.000000,0.000000,0.000000,0.000000,0.000000,0.000000,0.000000,0.000000,0.000000,0.000000,0.000000,0.000000,0.000000,0.000000,0.000000,0.000000,0.000000,356.499176,469.258969,-238.203850,353.838806,477.578795,-220.989876,354.181633,477.855062,-221.026421,354.395065,478.234627,-221.022758,349.850273,477.458568,-228.887596,347.319107,477.638876,-228.884182,344.504738,0.000000,-228.867989,346.866531,475.676293,-118.205013,332.358551,474.020426,-151.848345,356.377907,461.429815,-199.941444,351.136932,460.683968,-209.767685,381.273613,436.943114,-73.882837,297.967339,0.000000,-81.797085,430.233841,433.510981,-185.107231,269.116402,370.494626,-55.324926,467.798729,456.822231,-407.079048,240.852394,321.133161,-101.239691,471.968689,467.557182,-450.949059,0.000000,306.183043,-114.997540,468.027840,470.493922,-457.080612,235.158825,305.777450,-153.004026,465.874405,466.364157,-413.671989,239.757729,310.400677,-118.420801,366.733398,305.192428,-1.172703,318.914642,303.827677,1.213624,393.060684,221.752639,-7.538434,297.483120,0.000000,25.132506,396.829758,158.387704,224.406490,281.184788,158.828015,252.115746,388.628464,149.302998,241.970024,285.018978,152.111378,268.749657,410.044479,125.800924,136.516781,273.604889,129.277024,164.529400,
0.000000,0.000000,0.000000,0.000000,0.000000,0.000000,0.000000,0.000000,0.000000,0.000000,0.000000,0.000000,0.000000,0.000000,0.000000,0.000000,0.000000,0.000000,0.000000,0.000000,0.000000,0.000000,0.000000,0.000000,0.000000,0.000000,0.000000,0.000000,0.000000,0.000000,0.000000,0.000000,0.000000,0.000000,0.000000,0.000000,0.000000,0.000000,0.000000,0.000000,0.000000,0.000000,0.000000,0.000000,0.000000,0.000000,0.000000,0.000000,0.000000,0.000000,0.000000,0.000000,362.342567,468.215933,-236.293221,359.760284,476.655815,-218.530788,360.128822,476.975899,-218.567238,360.324554,477.398100,-218.566895,355.573196,476.317770,-228.284550,352.995949,0.000000,-228.282051,350.130310,476.413944,-228.270073,352.050323,474.834981,-113.518763,337.630081,472.548537,-152.146072,362.693443,460.447333,-197.003288,357.098465,459.577997,-209.436970,386.012268,437.406149,-63.365450,303.951778,421.362913,-96.302738,435.154877,437.174342,-145.866518,274.016113,369.023466,-81.735840,0.000000,0.000000,-342.436409,243.391914,321.375890,-130.969791,482.442245,473.096974,-382.990570,232.376919,307.186790,-147.319012,480.097275,475.739980,-402.181053,235.768147,306.947923,-182.076015,478.408813,471.175375,-358.280563,240.062866,311.415753,-146.853580,0.000000,302.739515,5.675507,324.598885,302.069778,-5.636035,396.228523,219.389420,0.000000,302.873268,218.677797,24.483263,395.367813,157.199421,262.355461,282.296200,158.659315,255.404758,387.186623,149.427238,281.527920,285.088997,151.868305,272.833519,409.834709,124.821725,181.989365,275.041542,129.161325,167.984524,
0.000000,0.000000,0.000000,0.000000,0.000000,0.000000,0.000000,0.000000,0.000000,0.000000,0.000000,0.000000,0.000000,0.000000,0.000000,0.000000,0.000000,0.000000,0.000000,0.000000,0.000000,0.000000,0.000000,0.000000,0.000000,0.000000,0.000000,0.000000,0.000000,0.000000,0.000000,0.000000,0.000000,0.000000,0.000000,0.000000,0.000000,0.000000,0.000000,0.000000,0.000000,0.000000,0.000000,0.000000,0.000000,0.000000,0.000000,0.000000,0.000000,0.000000,0.000000,0.000000,0.000000,466.307123,-236.312752,365.685463,474.915619,-0.000000,366.079597,475.277138,-218.541794,366.329880,475.735774,-218.545017,361.452484,474.471166,-228.481960,358.854294,0.000000,-0.000000,355.852890,474.476852,-228.467751,0.000000,473.432486,-112.543669,342.598267,471.025536,-152.564449,0.000000,458.590643,-196.492710,362.520790,457.781947,-209.357643,391.249657,437.707543,-56.658044,309.901371,0.000000,-0.000000,440.899277,440.855126,-125.761280,279.349251,368.725011,-100.256100,487.282219,464.507983,-305.118141,246.443043,322.715836,-161.755638,493.387070,0.000000,-343.203278,232.767811,0.000000,-180.440712,491.679802,479.042916,-363.618050,235.979748,308.300571,-214.713764,489.879990,474.072826,-321.527519,240.961361,312.589703,-177.676525,376.620636,301.144996,0.000000,0.000000,301.091352,-12.072595,399.864616,216.450448,18.749536,306.873360,0.000000,19.285053,394.615479,156.509814,263.588676,282.608337,159.187303,237.082672,386.108551,149.269652,282.635899,285.015450,152.505598,254.367638,409.978523,123.373032,189.857693,275.385838,129.439802,155.206890,
0.000000,0.000000,0.000000,0.000000,0.000000,0.000000,0.000000,0.000000,0.000000,0.000000,0.000000,0.000000,0.000000,0.000000,0.000000,0.000000,0.000000,0.000000,0.000000,0.000000,0.000000,0.000000,0.000000,0.000000,0.000000,0.000000,0.000000,0.000000,0.000000,0.000000,0.000000,0.000000,0.000000,0.000000,0.000000,0.000000,0.000000,0.000000,0.000000,0.000000,0.000000,0.000000,0.000000,0.000000,0.000000,0.000000,0.000000,0.000000,0.000000,0.000000,0.000000,0.000000,374.040680,464.584115,-234.054680,371.572075,473.094742,-215.668335,371.871719,473.460746,-215.705872,0.000000,473.890071,-215.711937,367.505341,472.617202,-227.828407,364.917984,472.642221,-227.830124,361.920509,472.637930,-227.828655,363.512459,471.404886,-109.448557,348.739281,469.190068,-161.223297,373.550186,456.901731,-193.994255,368.223152,455.970125,-209.545345,395.331345,437.954628,-46.940541,315.883904,418.307040,-120.503960,447.391586,443.626192,-67.680006,284.514256,368.126063,-0.000000,497.432518,467.370114,-197.078362,250.217190,323.184214,-187.320995,503.888016,479.784536,-226.594753,234.821949,309.405727,-207.360344,503.168030,481.491516,-0.000000,237.004642,309.174671,-240.773640,501.424026,476.622427,-214.192066,0.000000,313.201246,-203.170357,381.779518,0.000000,18.616457,334.695816,300.261369,-18.611119,402.319527,217.230992,31.175649,309.364567,221.136975,18.903605,394.388084,156.614313,270.800438,282.934074,159.668083,226.224327,385.842285,149.473157,289.411106,284.791145,152.594047,242.937317,409.252052,123.984361,200.564861,275.531960,130.449343,144.681883,
0.000000,0.000000,0.000000,0.000000,0.000000,0.000000,0.000000,0.000000,0.000000,0.000000,0.000000,0.000000,0.000000,0.000000,0.000000,0.000000,0.000000,0.000000,0.000000,0.000000,0.000000,0.000000,0.000000,0.000000,0.000000,0.000000,0.000000,0.000000,0.000000,0.000000,0.000000,0.000000,0.000000,0.000000,0.000000,0.000000,0.000000,0.000000,0.000000,0.000000,0.000000,0.000000,0.000000,0.000000,0.000000,0.000000,0.000000,0.000000,0.000000,0.000000,0.000000,0.000000,378.711853,463.614035,-235.541553,376.169281,471.919441,-217.022820,376.556702,472.273600,-217.057629,376.820946,472.671747,-0.000000,372.052345,471.493936,-0.000000,0.000000,471.544125,-229.239674,366.397171,471.549811,-0.000000,369.039955,470.078566,-110.734453,353.267365,467.944901,-0.000000,378.230858,455.954204,-195.387039,372.847786,0.000000,-209.959297,400.752869,438.016963,-0.000000,320.561790,416.118808,-138.851757,452.954369,445.090828,-17.329376,289.545174,367.093563,-153.336229,505.583725,471.000023,-95.643425,254.287205,323.030834,-226.648293,512.462349,482.485907,-115.603695,238.151665,309.989676,-248.671322,512.209091,483.726997,-143.231812,239.415016,309.849987,-282.528629,0.000000,479.181404,-0.000000,246.203060,313.545642,-242.979469,386.375351,297.845364,23.610368,339.084778,298.889236,-0.000000,404.377022,213.431396,31.555364,309.387760,221.077237,15.581839,394.749641,156.029162,268.164864,283.275146,160.595226,230.640678,385.958023,148.379073,286.622982,284.809875,153.611312,248.295879,409.098892,124.016719,202.259121,275.399437,130.786014,156.742725,
0.000000,0.000000,0.000000,0.000000,0.000000,0.000000,0.000000,0.000000,0.000000,0.000000,0.000000,0.000000,0.000000,0.000000,0.000000,0.000000,0.000000,0.000000,0.000000,0.000000,0.000000,0.000000,0.000000,0.000000,0.000000,0.000000,0.000000,0.000000,0.000000,0.000000,0.000000,0.000000,0.000000,0.000000,0.000000,0.000000,0.000000,0.000000,0.000000,0.000000,0.000000,0.000000,0.000000,0.000000,0.000000,0.000000,0.000000,0.000000,0.000000,0.000000,0.000000,0.000000,383.125343,461.563346,-251.400204,380.907745,469.986298,-231.057854,381.519852,470.376441,-231.083870,381.999168,470.795488,-231.106930,376.385269,469.637225,-246.319313,373.593826,0.000000,-246.338978,370.497894,469.832618,-246.340446,374.727364,468.367145,-117.722578,357.687149,466.415312,-188.928642,382.899170,453.863626,-208.771458,377.136993,452.705898,-228.531609,405.516090,438.008916,-44.856062,325.199890,413.286052,-151.344528,457.519722,445.725932,-9.569184,293.250942,0.000000,-169.058628,511.636543,471.963258,-76.197562,257.876015,322.500572,-244.429436,0.000000,483.148413,-92.768011,241.603184,309.987273,-265.289650,0.000000,484.422913,-119.351664,242.193317,309.997487,-299.357605,516.598091,479.820735,-92.581291,249.039879,0.000000,-260.611420,389.927177,296.637726,26.898730,343.064613,298.611960,-27.021422,407.256927,211.334252,37.462325,0.000000,221.108136,2.227142,394.826393,155.083308,273.303165,283.368645,161.537647,210.104694,385.833969,147.969060,291.576958,0.000000,154.239249,227.061348,409.238243,123.421955,210.247326,275.159397,130.838971,134.170256,
0.000000,0.000000,0.000000,0.000000,0.000000,0.000000,0.000000,0.000000,0.000000,0.000000,0.000000,0.000000,0.000000,0.000000,0.000000,0.000000,0.000000,0.000000,0.000000,0.000000,0.000000,0.000000,0.000000,0.000000,0.000000,0.000000,0.000000,0.000000,0.000000,0.000000,0.000000,0.000000,0.000000,0.000000,0.000000,0.000000,0.000000,0.000000,0.000000,0.000000,0.000000,0.000000,0.000000,0.000000,0.000000,0.000000,0.000000,0.000000,0.000000,0.000000,0.000000,0.000000,387.620125,0.000000,-269.970894,385.520439,0.000000,-249.138737,0.000000,469.244571,-249.157372,386.718369,0.000000,-249.185772,380.858994,468.554921,-265.144749,378.026047,468.700125,-265.171108,374.893188,468.768039,-265.175438,379.619408,467.054300,-132.494183,362.544708,465.272584,-206.794434,387.236938,452.728236,-226.151981,381.407661,451.572332,-247.295265,409.749985,0.000000,-49.127340,329.993134,0.000000,-165.802765,0.000000,0.000000,-21.655192,297.105103,364.090304,-183.952618,517.774353,472.553537,-91.845293,260.817986,321.354604,-262.559204,527.066460,483.719079,-108.919477,244.827156,309.330540,-283.824368,526.806030,485.657737,-0.000000,245.289497,309.473276,-318.293610,523.772774,481.186817,-108.268585,251.892490,312.724757,-278.881683,393.930130,295.885334,27.348287,0.000000,0.000000,-27.505479,409.341049,209.887705,28.617282,311.810722,221.101055,-5.026737,0.000000,154.621840,268.386116,283.838100,161.987057,209.619637,386.277504,147.898550,286.952000,284.258480,154.564762,226.971188,409.716606,122.825260,204.060230,275.044765,130.910468,0.000000,
0.000000,0.000000,0.000000,0.000000,0.000000,0.000000,0.000000,0.000000,0.000000,0.000000,0.000000,0.000000,0.000000,0.000000,0.000000,0.000000,0.000000,0.000000,0.000000,0.000000,0.000000,0.000000,0.000000,0.000000,0.000000,0.000000,0.000000,0.000000,0.000000,0.000000,0.000000,0.000000,0.000000,0.000000,0.000000,0.000000,0.000000,0.000000,0.000000,0.000000,0.000000,0.000000,0.000000,0.000000,0.000000,0.000000,0.000000,0.000000,0.000000,0.000000,0.000000,0.000000,392.140350,458.712072,-283.544865,390.151634,467.001557,-263.399906,390.826797,467.392087,-263.423042,391.382523,467.803473,-263.458652,385.567703,466.728873,-278.359985,0.000000,466.909440,-278.387508,379.718628,467.028852,-278.392029,384.446411,465.297582,-0.000000,367.539177,463.931608,-216.289234,391.635361,450.966003,-239.451389,385.901108,449.810572,-259.260712,414.511642,437.223029,-61.495023,333.947067,411.794443,-169.063473,467.649078,446.437662,-39.493473,299.785500,362.396371,-181.465149,523.344841,472.587183,-117.994328,264.403782,318.509445,-261.997128,534.431953,483.463132,-137.737598,248.571815,307.370510,-283.892307,0.000000,0.000000,-165.113182,248.919945,307.551055,-319.142361,529.950867,481.151218,-135.038862,255.135288,310.712328,-278.656120,396.089096,0.000000,25.469882,348.528175,297.439642,-25.615172,411.894264,0.000000,22.456288,0.000000,0.000000,-7.235309,395.762100,154.377136,277.434025,284.427605,162.484360,214.723625,0.000000,147.969618,297.906132,284.441338,154.871392,235.430565,410.540314,121.513853,215.091648,274.827232,0.000000,145.150862,
0.000000,0.000000,0.000000,0.000000,0.000000,0.000000,0.000000,0.000000,0.000000,0.000000,0.000000,0.000000,0.000000,0.000000,0.000000,0.000000,0.000000,0.000000,0.000000,0.000000,0.000000,0.000000,0.000000,0.000000,0.000000,0.000000,0.000000,0.000000,0.000000,0.000000,0.000000,0.000000,0.000000,0.000000,0.000000,0.000000,0.000000,0.000000,0.000000,0.000000,0.000000,0.000000,0.000000,0.000000,0.000000,0.000000,0.000000,0.000000,0.000000,0.000000,0.000000,0.000000,395.728340,458.082268,-293.546085,393.703003,466.346047,-273.267269,394.340477,466.710570,-273.285427,394.902878,467.097709,-273.319054,389.151993,466.070573,-287.966919,386.368103,466.184793,-287.996426,383.221245,466.249166,-288.000393,387.937088,464.566412,-156.096802,0.000000,463.106604,-224.484367,0.000000,450.163035,-249.220848,389.628029,449.084165,-268.735142,418.138504,436.448300,-71.742034,337.978325,410.736945,-175.409260,471.734962,445.879118,-46.933284,303.183594,360.103920,-186.908035,526.942444,473.021336,-123.054237,267.676888,315.046263,-263.216400,540.063667,482.611113,-142.523289,251.814156,303.547225,-283.847160,539.951286,484.852195,-169.147816,251.977158,303.727942,-319.201870,535.450974,481.076396,-139.744892,258.233337,306.945219,-279.752407,398.148270,293.504863,25.309882,351.182480,297.082500,-25.476122,412.741737,207.108722,29.701962,313.487091,221.010890,-5.866354,395.836258,154.388423,283.684292,284.963799,162.694774,209.785767,386.581345,147.916059,303.607388,284.818115,155.033011,227.257900,410.737076,121.490293,220.383415,274.812355,131.130795,129.931545,
0.000000,0.000000,0.000000,0.000000,0.000000,0.000000,0.000000,0.000000,0.000000,0.000000,0.000000,0.000000,0.000000,0.000000,0.000000,0.000000,0.000000,0.000000,0.000000,0.000000,0.000000,0.000000,0.000000,0.000000,0.000000,0.000000,0.000000,0.000000,0.000000,0.000000,0.000000,0.000000,0.000000,0.000000,0.000000,0.000000,0.000000,0.000000,0.000000,0.000000,0.000000,0.000000,0.000000,0.000000,0.000000,0.000000,0.000000,0.000000,0.000000,0.000000,0.000000,0.000000,0.000000,456.769402,-309.880466,397.447090,465.042644,-290.326481,398.027115,465.471303,-290.349770,398.555489,465.933695,-290.395107,393.009377,464.606023,-304.940071,390.223312,0.000000,-304.970894,387.100754,464.754617,-304.973755,391.641312,463.721838,-172.507019,374.340057,462.102170,-240.383587,0.000000,449.089530,-264.862061,0.000000,447.732482,-284.227505,421.797638,435.870981,-86.054335,342.096100,410.204408,-187.957954,475.831261,445.318515,-56.240439,305.765343,357.667294,-199.323311,532.390251,471.868587,-131.204662,271.879978,310.333900,-278.094540,546.067009,481.727228,-150.571136,255.737724,299.236765,-299.280338,546.050339,0.000000,-177.897167,256.015987,299.485631,-335.972481,540.718269,479.845283,-148.014402,262.741966,302.291608,-295.170746,0.000000,291.658859,0.000000,353.083191,296.283889,-25.254195,413.891258,205.826283,34.527709,313.778114,220.820904,-5.682012,396.021767,154.100289,302.065372,285.350704,162.687564,212.005577,386.648979,147.525873,323.420029,284.873562,154.719429,229.407902,411.311874,121.069164,241.197662,274.735622,131.145988,130.705776,
0.000000,0.000000,0.000000,0.000000,0.000000,0.000000,0.000000,0.000000,0.000000,0.000000,0.000000,0.000000,0.000000,0.000000,0.000000,0.000000,0.000000,0.000000,0.000000,0.000000,0.000000,0.000000,0.000000,0.000000,0.000000,0.000000,0.000000,0.000000,0.000000,0.000000,0.000000,0.000000,0.000000,0.000000,0.000000,0.000000,0.000000,0.000000,0.000000,0.000000,0.000000,0.000000,0.000000,0.000000,0.000000,0.000000,0.000000,0.000000,0.000000,0.000000,0.000000,0.000000,401.470070,0.000000,-302.241020,399.124374,465.272133,-282.833252,399.790268,465.670710,-282.856941,400.392303,0.000000,-282.898808,394.384537,464.788392,-297.993050,391.427879,464.815106,-298.023777,388.056297,0.000000,-298.031044,393.293839,463.564489,-168.652840,375.476227,461.719966,-239.347897,401.512032,449.071655,-258.849945,395.714302,447.722311,-0.000000,424.950981,435.121529,-90.050488,343.564377,409.568553,-189.062061,479.169273,444.694419,-60.267134,309.130440,355.165629,-198.499947,537.933884,470.394766,-0.000000,276.012630,306.892734,-270.617523,552.359848,480.010250,-152.767439,259.610500,295.943441,-291.107674,552.350235,482.244701,-180.249596,259.965324,296.092958,-327.507706,546.557808,478.274260,-150.288467,267.199955,298.398457,-287.663116,400.873680,290.763173,24.395945,354.057388,295.911384,-24.571271,414.348564,206.204238,35.980556,314.220676,0.000000,-7.210065,396.135864,154.081492,305.945129,286.015835,162.907119,212.743549,0.000000,147.284131,327.345505,285.237007,0.000000,230.078449,411.200714,120.689707,241.208076,0.000000,131.193924,128.228483,
0.000000,0.000000,0.000000,0.000000,0.000000,0.000000,0.000000,0.000000,0.000000,0.000000,0.000000,0.000000,0.000000,0.000000,0.000000,0.000000,0.000000,0.000000,0.000000,0.000000,0.000000,0.000000,0.000000,0.000000,0.000000,0.000000,0.000000,0.000000,0.000000,0.000000,0.000000,0.000000,0.000000,0.000000,0.000000,0.000000,0.000000,0.000000,0.000000,0.000000,0.000000,0.000000,0.000000,0.000000,0.000000,0.000000,0.000000,0.000000,0.000000,0.000000,0.000000,0.000000,402.173347,455.757866,-311.152611,400.366745,464.356363,-291.252995,401.336098,464.688914,-291.281128,402.250061,465.079980,-291.329708,395.076218,464.026709,-304.149227,391.882553,464.044755,-304.176083,388.278732,463.971713,-304.170723,396.565285,462.773323,-173.059101,375.936356,461.084991,-233.575001,402.224007,447.635643,-266.351871,395.601730,446.018958,-0.000000,426.935425,433.922088,-89.561214,346.068382,409.162509,-180.678387,482.104263,444.379699,-61.902637,313.323936,0.000000,-190.471306,542.319832,469.406898,-134.829178,280.635986,0.000000,-266.046600,557.370300,479.656606,-0.000000,264.610748,291.996946,-286.128349,557.062187,481.633201,-181.701202,0.000000,291.978192,-0.000000,551.066895,477.213650,-0.000000,0.000000,294.050188,-283.060551,401.527023,289.699817,23.928812,355.017471,295.060802,-24.091675,0.000000,206.140337,32.536988,314.852962,220.428829,-19.337612,396.139297,154.015188,294.946861,286.735935,163.016982,192.926922,386.658554,0.000000,315.476036,285.733395,154.789124,209.362316,411.106606,120.366082,0.000000,274.570675,131.279969,105.914001,
0.000000,0.000000,0.000000,0.000000,0.000000,0.000000,0.000000,0.000000,0.000000,0.000000,0.000000,0.000000,0.000000,0.000000,0.000000,0.000000,0.000000,0.000000,0.000000,0.000000,0.000000,0.000000,0.000000,0.000000,0.000000,0.000000,0.000000,0.000000,0.000000,0.000000,0.000000,0.000000,0.000000,0.000000,0.000000,0.000000,0.000000,0.000000,0.000000,0.000000,0.000000,0.000000,0.000000,0.000000,0.000000,0.000000,0.000000,0.000000,0.000000,0.000000,0.000000,0.000000,402.871170,454.668331,-318.907681,401.225243,463.505158,-300.298405,402.337265,463.874960,-300.330448,403.468323,464.304500,-300.385532,395.776787,0.000000,-312.558479,392.515640,463.235414,-312.588902,388.751335,463.174646,-312.584801,398.349113,462.189717,-184.360752,376.586838,460.592215,-241.474361,403.452225,446.615417,-0.000000,396.327896,444.984956,-290.943108,428.467941,432.747860,-96.206675,347.609978,409.136589,-191.682396,484.721451,442.104092,-63.182335,318.469429,348.895268,-0.000000,545.615921,463.190525,-134.877872,0.000000,298.802590,-0.000000,560.988464,473.343201,-154.565639,0.000000,287.651682,-310.669861,560.915833,474.965250,-181.411915,273.661346,0.000000,-346.506882,554.418106,470.305717,-151.131916,280.003605,289.536738,-305.331230,401.558609,289.189210,23.985114,354.616356,294.701858,-24.160137,413.607445,0.000000,31.476407,314.906254,220.288281,-0.000000,396.096001,154.127970,292.478333,0.000000,163.185596,181.468143,386.634407,146.974196,312.856331,286.172142,155.175619,197.583656,411.006851,120.481181,0.000000,274.584846,131.380992,93.797207,
0.000000,0.000000,0.000000,0.000000,0.000000,0.000000,0.000000,0.000000,0.000000,0.000000,0.000000,0.000000,0.000000,0.000000,0.000000,0.000000,0.000000,0.000000,0.000000,0.000000,0.000000,0.000000,0.000000,0.000000,0.000000,0.000000,0.000000,0.000000,0.000000,0.000000,0.000000,0.000000,0.000000,0.000000,0.000000,0.000000,0.000000,0.000000,0.000000,0.000000,0.000000,0.000000,0.000000,0.000000,0.000000,0.000000,0.000000,0.000000,0.000000,0.000000,0.000000,0.000000,404.355698,453.581393,-314.225521,402.932930,462.281363,-295.420895,404.062004,462.666721,-295.449982,405.217819,463.105338,-295.503731,397.405853,461.940830,-308.127956,394.091682,462.049277,-308.158684,390.219803,462.009301,-308.144016,400.644341,461.384819,-179.215279,378.225632,459.909732,-238.344860,404.981461,445.667417,-0.000000,397.632523,443.993354,-286.761837,429.583054,431.821511,-92.042332,349.783707,0.000000,-193.307095,486.665268,438.811884,-59.796505,322.870140,348.948698,-228.319359,547.887802,455.063903,-126.544733,292.734222,298.622689,-328.057060,564.449272,463.381541,-146.722717,279.169579,286.129045,-353.486023,564.340134,464.755712,-175.398293,280.343933,285.681267,-386.806870,557.732010,460.847325,-143.605404,285.789280,287.986979,-344.013901,401.504898,0.000000,25.041649,354.663544,294.634995,-25.213220,414.081039,206.476579,20.021067,315.335445,220.318108,-67.325487,396.040688,154.218607,274.444466,287.357979,163.177357,128.744907,386.608963,147.030716,293.638153,286.283531,155.144634,143.307238,410.938797,120.609756,208.586006,274.675331,131.348162,39.789422,
0.000000,0.000000,0.000000,0.000000,0.000000,0.000000,0.000000,0.000000,0.000000,0.000000,0.000000,0.000000,0.000000,0.000000,0.000000,0.000000,0.000000,0.000000,0.000000,0.000000,0.000000,0.000000,0.000000,0.000000,0.000000,0.000000,0.000000,0.000000,0.000000,0.000000,0.000000,0.000000,0.000000,0.000000,0.000000,0.000000,0.000000,0.000000,0.000000,0.000000,0.000000,0.000000,0.000000,0.000000,0.000000,0.000000,0.000000,0.000000,0.000000,0.000000,0.000000,0.000000,403.220711,451.873598,-326.976013,402.908821,461.011777,-309.533501,404.237289,461.463439,-309.561977,405.599899,0.000000,-309.625854,397.023697,460.841939,-319.292240,393.590317,460.986392,-319.326572,389.706917,461.049414,-319.299126,402.288971,460.838227,-192.168961,378.089600,459.466910,-238.608475,404.214592,443.934195,-281.643124,0.000000,442.533116,-294.726925,430.126228,430.656810,-97.067900,0.000000,409.609580,-189.811668,487.904358,434.224212,-62.433991,327.728386,350.540729,-228.184395,548.784561,444.766238,-137.218599,303.366356,300.293555,-343.116074,565.941048,452.591422,-159.016705,289.748230,286.971431,-371.117210,565.968399,454.363675,-186.699581,291.612282,286.574850,-403.797760,559.329910,450.912874,-154.268370,297.658386,289.039564,-0.000000,400.939445,0.000000,24.914079,353.915520,294.777989,-25.076668,413.917389,206.799259,20.311306,315.397243,220.325575,-65.284014,396.024590,154.604802,273.440495,287.586784,0.000000,127.973242,0.000000,147.093158,292.279968,286.642799,155.455513,142.340193,410.908127,120.891237,205.277233,0.000000,131.425152,36.827388,
0.000000,0.000000,0.000000,0.000000,0.000000,0.000000,0.000000,0.000000,0.000000,0.000000,0.000000,0.000000,0.000000,0.000000,0.000000,0.000000,0.000000,0.000000,0.000000,0.000000,0.000000,0.000000,0.000000,0.000000,0.000000,0.000000,0.000000,0.000000,0.000000,0.000000,0.000000,0.000000,0.000000,0.000000,0.000000,0.000000,0.000000,0.000000,0.000000,0.000000,0.000000,0.000000,0.000000,0.000000,0.000000,0.000000,0.000000,0.000000,0.000000,0.000000,0.000000,0.000000,402.463837,451.623166,-318.216038,402.712517,460.917470,-299.464779,404.171600,461.390355,-299.487305,405.716057,461.903472,-299.528465,396.237831,460.729973,-314.081783,392.711334,460.890970,-314.119358,388.819160,460.976908,-314.146938,404.035797,460.750551,-186.887779,378.211212,459.460516,-220.746613,403.720932,443.589606,-275.741692,395.625000,442.237580,-0.000000,429.506416,429.986322,-81.010122,351.167259,410.200567,-0.000000,486.658096,0.000000,-47.708735,0.000000,351.197891,-225.669117,547.798462,434.614291,-125.614462,312.095604,301.600714,-360.181160,565.211487,441.089208,-149.729748,298.522186,288.758855,-0.000000,565.520020,442.576547,-180.942707,301.916695,0.000000,-423.225288,558.638916,440.032718,-143.811874,308.718929,291.058517,-375.916557,400.245590,289.836030,26.000540,353.029099,294.817643,-26.114876,414.003983,0.000000,21.016645,315.482063,220.350380,-61.021252,396.092873,154.665356,272.687836,287.529850,163.637023,134.067249,386.562729,0.000000,291.374264,286.629829,155.438948,148.608828,410.744362,120.933123,203.778610,274.857941,131.421332,42.426715,
0.000000,0.000000,0.000000,0.000000,0.000000,0.000000,0.000000,0.000000,0.000000,0.000000,0.000000,0.000000,0.000000,0.000000,0.000000,0.000000,0.000000,0.000000,0.000000,0.000000,0.000000,0.000000,0.000000,0.000000,0.000000,0.000000,0.000000,0.000000,0.000000,0.000000,0.000000,0.000000,0.000000,0.000000,0.000000,0.000000,0.000000,0.000000,0.000000,0.000000,0.000000,0.000000,0.000000,0.000000,0.000000,0.000000,0.000000,0.000000,0.000000,0.000000,0.000000,0.000000,401.588974,451.421013,-270.109520,401.957169,460.760829,-251.521740,0.000000,461.252511,-0.000000,405.075760,461.791377,-251.622486,395.352097,460.601099,-260.508919,391.850243,460.807199,-260.529022,0.000000,460.938327,-260.511475,403.848457,460.762761,-135.687914,377.736740,0.000000,-173.576832,403.020973,443.403654,-225.820599,394.751205,442.112246,-237.044125,428.985367,429.377654,-40.206113,351.444168,411.872034,-144.408474,484.540634,0.000000,-11.422427,336.341591,0.000000,-218.483925,545.878716,424.996576,-96.202946,322.972946,304.627662,-370.717850,563.594589,429.684756,-120.079975,311.418819,290.635500,-406.260071,564.220047,431.474884,-151.451921,314.410286,291.745591,-433.451767,556.846199,429.307830,-114.391680,319.421844,295.306406,-385.571098,399.814301,289.816504,28.268950,352.718315,294.857340,-28.321369,0.000000,207.076406,38.372502,315.116825,220.350423,-63.467951,0.000000,154.744792,287.576942,287.509155,163.745341,136.152172,386.545372,0.000000,306.562653,0.000000,0.000000,151.585541,410.376816,121.244259,224.262638,275.143223,131.452703,49.712176,
0.000000,0.000000,0.000000,0.000000,0.000000,0.000000,0.000000,0.000000,0.000000,0.000000,0.000000,0.000000,0.000000,0.000000,0.000000,0.000000,0.000000,0.000000,0.000000,0.000000,0.000000,0.000000,0.000000,0.000000,0.000000,0.000000,0.000000,0.000000,0.000000,0.000000,0.000000,0.000000,0.000000,0.000000,0.000000,0.000000,0.000000,0.000000,0.000000,0.000000,0.000000,0.000000,0.000000,0.000000,0.000000,0.000000,0.000000,0.000000,0.000000,0.000000,0.000000,0.000000,400.823174,451.417687,-234.343052,401.045723,460.850651,-214.794865,402.691345,461.364477,-214.841900,404.439735,0.000000,-214.892006,394.483147,460.695684,-221.740837,391.066208,460.929422,-221.753025,387.254486,0.000000,-221.729069,404.367142,460.876701,-97.966967,377.062645,459.585078,-130.756149,402.179909,443.290486,-190.165977,394.067955,442.275968,-199.536057,428.207512,428.288612,-7.372067,351.801300,414.644387,-111.097984,0.000000,420.533724,17.886013,339.326401,361.002116,-212.466526,542.919540,414.560337,-0.000000,334.274826,313.952222,-0.000000,560.693855,417.814994,-0.000000,325.978394,298.984723,-418.660889,561.056442,0.000000,-121.494675,329.714928,300.764465,-440.606766,553.410110,0.000000,-85.711489,334.514732,0.000000,-393.641129,399.404984,289.905896,29.668899,352.658997,295.166245,-29.696419,413.544426,207.748418,0.000000,314.776211,220.813007,-76.158090,396.104164,155.026016,291.468697,0.000000,163.772163,0.000000,386.525307,147.528620,309.499550,286.655312,155.633912,109.201031,410.318375,121.669636,230.540085,275.100670,131.515274,6.938952,
0.000000,0.000000,0.000000,0.000000,0.000000,0.000000,0.000000,0.000000,0.000000,0.000000,0.000000,0.000000,0.000000,0.000000,0.000000,0.000000,0.000000,0.000000,0.000000,0.000000,0.000000,0.000000,0.000000,0.000000,0.000000,0.000000,0.000000,0.000000,0.000000,0.000000,0.000000,0.000000,0.000000,0.000000,0.000000,0.000000,0.000000,0.000000,0.000000,0.000000,0.000000,0.000000,0.000000,0.000000,0.000000,0.000000,0.000000,0.000000,0.000000,0.000000,0.000000,0.000000,399.792595,0.000000,-213.728123,400.457382,460.889275,-194.293423,401.938858,461.414194,-194.334297,403.608513,461.982350,-194.379711,394.106140,460.731626,-200.302334,390.689545,0.000000,-200.308266,387.112045,0.000000,-200.296211,403.469772,460.962596,-0.000000,376.475601,459.664299,-107.633657,401.820755,443.481202,-169.898472,392.846985,442.451019,-178.197613,427.364922,426.804836,12.072828,351.113510,417.587156,-98.635616,482.544708,413.900278,32.961650,341.474800,368.725612,-220.661259,541.178894,405.721107,-53.609934,342.848473,328.678665,-0.000000,558.393631,406.812894,-74.850831,337.564125,313.306174,-444.953766,0.000000,409.460793,-104.439754,344.099808,316.707258,-459.984970,551.289291,408.057032,-70.397215,346.935539,322.658372,-415.296745,398.967667,289.882679,30.498695,352.446327,295.872545,-30.506651,413.180046,208.633504,59.658871,314.010506,221.789632,-77.001982,395.915108,155.079575,290.045128,287.222805,163.733110,78.280716,386.163445,147.578745,306.628151,286.833839,155.232310,89.290600,410.142097,121.939101,225.862389,274.194527,131.511583,-14.241312,
0.000000,0.000000,0.000000,0.000000,0.000000,0.000000,0.000000,0.000000,0.000000,0.000000,0.000000,0.000000,0.000000,0.000000,0.000000,0.000000,0.000000,0.000000,0.000000,0.000000,0.000000,0.000000,0.000000,0.000000,0.000000,0.000000,0.000000,0.000000,0.000000,0.000000,0.000000,0.000000,0.000000,0.000000,0.000000,0.000000,0.000000,0.000000,0.000000,0.000000,0.000000,0.000000,0.000000,0.000000,0.000000,0.000000,0.000000,0.000000,0.000000,0.000000,0.000000,0.000000,396.699867,451.624088,-207.680988,399.152794,460.785549,-188.668747,401.302719,461.305876,-188.713341,403.434296,461.879954,-188.773670,391.927757,460.721734,-194.926662,388.756065,461.049929,-0.000000,385.510521,461.265299,-194.915428,402.347641,461.005576,-73.569136,376.291580,459.709017,-103.242502,399.803543,443.543365,-163.795624,389.880180,442.606137,-172.346153,425.039482,425.516539,16.083260,350.163383,420.067384,-97.558784,475.674667,407.486579,32.234867,344.606323,379.949284,-231.891842,538.138809,394.792092,-61.827145,353.445168,341.743727,-425.947762,0.000000,395.383229,-83.487263,351.336403,326.635251,-470.500336,558.174362,397.840476,-113.635330,0.000000,329.102154,-0.000000,549.969482,396.734612,-78.995218,360.922966,334.083939,-434.967575,395.685844,289.942288,30.305057,349.008789,296.392078,-30.348451,411.961441,208.659725,51.252375,309.851837,221.778302,-81.478281,395.899239,155.101376,288.710327,287.183628,163.616338,105.321064,0.000000,147.617068,304.843903,287.746639,155.186048,119.696856,409.836197,0.000000,224.646435,273.459587,131.494074,20.061474,
0.000000,0.000000,0.000000,0.000000,0.000000,0.000000,0.000000,0.000000,0.000000,0.000000,0.000000,0.000000,0.000000,0.000000,0.000000,0.000000,0.000000,0.000000,0.000000,0.000000,0.000000,0.000000,0.000000,0.000000,0.000000,0.000000,0.000000,0.000000,0.000000,0.000000,0.000000,0.000000,0.000000,0.000000,0.000000,0.000000,0.000000,0.000000,0.000000,0.000000,0.000000,0.000000,0.000000,0.000000,0.000000,0.000000,0.000000,0.000000,0.000000,0.000000,0.000000,0.000000,392.720070,451.517787,-188.973255,395.927353,460.576143,-170.286484,398.561554,0.000000,-170.331974,401.155281,461.735222,-170.390873,388.294296,460.581443,-175.467243,385.288887,460.964119,-175.464363,382.257767,0.000000,-175.462036,402.281380,461.040037,-58.493319,374.592209,459.764099,-82.867680,396.220436,443.537657,-146.209898,386.081123,442.727566,-153.261080,420.829849,424.890404,25.069535,349.736023,421.802666,-81.661272,467.058411,401.099253,38.027592,345.485344,388.052216,-227.147541,530.732117,384.933472,-52.340665,357.504768,353.335977,-415.961533,548.722305,385.770042,-72.238708,361.610413,340.721140,-459.541206,550.390396,388.048804,-0.000000,368.398781,342.851071,-465.416451,543.059998,386.540952,-68.651543,368.071518,346.628437,-423.559914,392.056732,290.019836,27.252564,345.509644,296.800246,-27.217512,0.000000,209.665446,0.000000,306.399803,221.806927,-109.653111,395.270958,155.131888,224.945679,286.485653,162.624693,85.303154,385.129204,147.651057,241.334496,287.827396,154.333234,100.193615,409.816628,122.008367,156.363220,270.354271,131.363568,1.445305,
0.000000,0.000000,0.000000,0.000000,0.000000,0.000000,0.000000,0.000000,0.000000,0.000000,0.000000,0.000000,0.000000,0.000000,0.000000,0.000000,0.000000,0.000000,0.000000,0.000000,0.000000,0.000000,0.000000,0.000000,0.000000,0.000000,0.000000,0.000000,0.000000,0.000000,0.000000,0.000000,0.000000,0.000000,0.000000,0.000000,0.000000,0.000000,0.000000,0.000000,0.000000,0.000000,0.000000,0.000000,0.000000,0.000000,0.000000,0.000000,0.000000,0.000000,0.000000,0.000000,387.785645,450.869315,-184.139004,391.521225,459.737942,-166.293392,394.336243,460.261595,-166.339684,397.209244,460.901163,-166.402779,383.712540,460.128407,-170.653744,380.752487,460.698946,-170.650520,377.725945,461.219852,-170.643387,400.049171,460.848978,-54.777603,371.074371,459.869864,-75.955606,391.653061,443.071747,-141.071930,381.333694,442.710593,-0.000000,415.866241,423.332491,30.470784,346.724205,423.834300,-73.924484,460.859375,0.000000,47.170897,342.905083,391.325068,-232.186241,522.066154,376.193290,-39.117439,355.789871,368.430183,-442.234077,539.539986,376.210091,-57.040691,363.494682,356.987171,-488.899841,540.657730,379.125180,-87.153187,369.740677,360.825713,-491.870537,533.832092,377.929688,-54.957619,368.642883,363.382201,-449.542809,388.035889,290.358653,25.424314,341.325455,296.894531,-25.371087,408.170128,210.516415,-0.000000,303.918552,221.800618,-117.459183,0.000000,154.940658,210.446377,285.546227,161.689439,69.663553,385.105362,147.494330,226.689682,287.825375,153.233442,83.770103,409.859772,122.030210,140.282183,268.283901,131.490254,-15.254499,
0.000000,0.000000,0.000000,0.000000,0.000000,0.000000,0.000000,0.000000,0.000000,0.000000,0.000000,0.000000,0.000000,0.000000,0.000000,0.000000,0.000000,0.000000,0.000000,0.000000,0.000000,0.000000,0.000000,0.000000,0.000000,0.000000,0.000000,0.000000,0.000000,0.000000,0.000000,0.000000,0.000000,0.000000,0.000000,0.000000,0.000000,0.000000,0.000000,0.000000,0.000000,0.000000,0.000000,0.000000,0.000000,0.000000,0.000000,0.000000,0.000000,0.000000,0.000000,0.000000,384.260635,450.853093,-185.881157,387.290764,459.708073,-168.712292,389.876900,460.267904,-168.756771,392.474480,460.931375,-168.811302,379.957504,460.026162,-173.669930,377.079353,460.623114,-173.659153,374.030113,461.194768,-0.000000,394.514694,460.902493,-59.474473,366.656876,459.881022,-0.000000,387.572403,443.140755,-0.000000,378.050842,0.000000,-150.404224,409.574852,423.329873,24.369717,342.728653,426.019828,-0.000000,453.865471,392.423058,35.281339,342.651596,389.521658,-246.143265,513.385506,368.508782,-60.820799,373.344650,370.846617,-450.799522,530.938492,368.303797,-80.845394,378.496017,364.089425,-498.921127,531.613579,371.034243,-109.897690,382.532806,370.266960,-497.421188,525.118523,369.942262,-77.230210,381.552238,371.763461,-456.048813,0.000000,292.434168,25.215023,338.371468,298.654318,-25.152495,406.192360,211.221213,-10.744164,301.698036,222.138877,-102.179794,395.033531,154.581928,192.156925,284.889870,160.915203,71.005545,385.070229,147.144957,206.499691,287.796135,152.395821,0.000000,0.000000,122.024674,117.527485,267.168980,131.578960,-17.392117,
0.000000,0.000000,0.000000,0.000000,0.000000,0.000000,0.000000,0.000000,0.000000,0.000000,0.000000,0.000000,0.000000,0.000000,0.000000,0.000000,0.000000,0.000000,0.000000,0.000000,0.000000,0.000000,0.000000,0.000000,0.000000,0.000000,0.000000,0.000000,0.000000,0.000000,0.000000,0.000000,0.000000,0.000000,0.000000,0.000000,0.000000,0.000000,0.000000,0.000000,0.000000,0.000000,0.000000,0.000000,0.000000,0.000000,0.000000,0.000000,0.000000,0.000000,0.000000,0.000000,379.017868,450.910771,-194.875240,382.227211,459.756374,-177.671719,384.860268,460.319295,-177.699699,387.275620,460.982637,-177.737598,374.637070,460.052619,-183.217201,371.572952,460.649679,-183.213615,368.397179,461.216912,-183.206692,389.132156,460.980685,-67.111535,361.385994,459.969707,-0.000000,382.228928,443.196158,-151.952438,372.486076,442.940104,-159.441099,403.496895,423.119073,23.789308,337.161827,426.612983,-93.643942,446.708450,389.617381,0.000000,341.195068,386.548913,-0.000000,502.050476,360.825777,-63.236942,381.758080,376.489921,-460.683250,519.381638,359.787312,-81.895733,390.855255,374.995844,-508.710823,520.319939,363.156316,-112.801790,393.939438,380.693672,-502.658463,514.670944,362.297494,-79.513702,391.811028,381.134670,-463.418350,381.678276,293.590651,26.351507,334.357834,298.894987,-26.291878,403.308983,211.575480,-27.438624,298.620872,221.144185,-88.040514,395.039902,154.153934,175.228024,283.810120,160.649643,120.943403,385.112381,146.877937,189.990177,287.730865,152.428050,137.597599,410.796432,122.000813,101.924162,267.172050,131.568103,48.288407,
0.000000,0.000000,0.000000,0.000000,0.000000,0.000000,0.000000,0.000000,0.000000,0.000000,0.000000,0.000000,0.000000,0.000000,0.000000,0.000000,0.000000,0.000000,0.000000,0.000000,0.000000,0.000000,0.000000,0.000000,0.000000,0.000000,0.000000,0.000000,0.000000,0.000000,0.000000,0.000000,0.000000,0.000000,0.000000,0.000000,0.000000,0.000000,0.000000,0.000000,0.000000,0.000000,0.000000,0.000000,0.000000,0.000000,0.000000,0.000000,0.000000,0.000000,0.000000,0.000000,374.720535,451.163843,-0.000000,377.949219,459.933808,-181.697731,380.394516,460.498145,-181.719112,382.316208,461.164083,-181.746330,369.953041,460.267754,-188.208885,366.768837,460.936546,-188.210621,363.589668,461.566672,-188.215904,383.857918,461.322548,-71.247840,356.363068,460.526791,-100.857487,378.129425,443.749809,-154.351521,368.133240,443.806887,-163.027763,398.845444,423.315604,26.113687,333.026772,0.000000,-94.845982,439.687576,385.602651,55.166650,341.103477,385.755837,-269.791508,490.850906,354.201322,-50.305624,384.565964,381.889594,-460.542412,507.755890,353.129854,-66.591825,397.249756,385.012972,-507.132530,508.588486,357.453017,-99.258757,398.583145,390.300143,-501.103592,503.174896,356.195512,-66.807060,395.204506,389.887018,-462.744179,378.320580,0.000000,28.151927,0.000000,299.531507,-28.098629,399.774513,212.015834,-16.195996,296.314735,220.698338,-74.000664,395.088348,153.923693,0.000000,283.091068,160.378375,132.688885,385.105972,146.756701,208.368473,287.613163,152.359300,148.930893,410.860939,122.053900,0.000000,266.883488,131.551623,57.324762,
0.000000,0.000000,0.000000,0.000000,0.000000,0.000000,0.000000,0.000000,0.000000,0.000000,0.000000,0.000000,0.000000,0.000000,0.000000,0.000000,0.000000,0.000000,0.000000,0.000000,0.000000,0.000000,0.000000,0.000000,0.000000,0.000000,0.000000,0.000000,0.000000,0.000000,0.000000,0.000000,0.000000,0.000000,0.000000,0.000000,0.000000,0.000000,0.000000,0.000000,0.000000,0.000000,0.000000,0.000000,0.000000,0.000000,0.000000,0.000000,0.000000,0.000000,0.000000,0.000000,369.421005,451.727257,-198.851128,372.502670,460.287302,-183.031273,374.985428,460.800955,-0.000000,376.998062,461.435115,-183.071117,0.000000,460.723021,-190.512962,361.671524,461.437626,-190.518761,358.445129,462.146180,-190.532818,378.415947,461.632118,-73.166494,351.067505,461.388144,-106.234379,372.478485,444.738472,-155.342045,362.634850,444.837520,-165.281639,392.896500,423.409889,25.655131,326.801300,428.564386,-102.496061,431.589737,0.000000,60.606127,336.443481,386.349936,-272.864723,477.254868,350.572743,-41.875181,381.958084,388.733346,-457.481308,495.687904,348.779397,-56.830392,396.179886,391.811707,-503.303604,496.386452,352.889099,-89.971542,396.987495,398.475838,-496.269569,488.751755,352.088599,-58.322515,392.833519,397.913754,-459.015274,374.502411,296.753983,29.343948,326.846657,300.144811,-29.293041,397.063942,213.370972,-28.895166,293.707314,220.537791,-64.397554,395.518646,153.645558,162.483940,282.733879,160.253491,0.000000,385.704041,146.303387,175.599289,287.610741,152.136612,156.300964,410.943871,122.085958,81.589775,266.365452,131.395626,62.729774,
0.000000,0.000000,0.000000,0.000000,0.000000,0.000000,0.000000,0.000000,0.000000,0.000000,0.000000,0.000000,0.000000,0.000000,0.000000,0.000000,0.000000,0.000000,0.000000,0.000000,0.000000,0.000000,0.000000,0.000000,0.000000,0.000000,0.000000,0.000000,0.000000,0.000000,0.000000,0.000000,0.000000,0.000000,0.000000,0.000000,0.000000,0.000000,0.000000,0.000000,0.000000,0.000000,0.000000,0.000000,0.000000,0.000000,0.000000,0.000000,0.000000,0.000000,0.000000,0.000000,363.979797,451.738501,-203.597717,367.202797,460.294619,-186.575985,369.583092,460.810890,-186.605625,371.556587,461.452088,-186.639099,359.231949,0.000000,-190.928955,355.920601,461.380162,-190.901947,352.606163,462.099724,-190.818024,0.000000,461.657567,-74.821672,345.404892,461.456273,-119.490404,366.930275,0.000000,-160.014629,357.155800,444.831147,-169.350548,389.904175,423.445466,23.287575,321.764717,429.351711,-0.000000,418.100548,376.930876,72.042031,330.436630,388.215787,-296.050301,461.453972,347.792430,-7.354618,381.290321,0.000000,-479.668427,0.000000,344.384694,-18.723428,396.803398,397.296567,-527.742920,479.124069,348.319473,-53.735442,397.374954,405.447414,-518.289185,471.678123,348.703094,-23.801129,392.974701,405.889807,-480.331268,369.874191,0.000000,31.311688,321.990738,300.170217,-31.254766,394.329948,214.322834,-27.573864,290.167351,219.748707,-47.192774,395.641785,153.569083,167.543163,282.127075,160.202637,181.077385,385.933685,145.876036,181.260643,287.575130,152.136354,199.588737,410.810814,122.413831,0.000000,266.017418,131.125045,0.000000,
0.000000,0.000000,0.000000,0.000000,0.000000,0.000000,0.000000,0.000000,0.000000,0.000000,0.000000,0.000000,0.000000,0.000000,0.000000,0.000000,0.000000,0.000000,0.000000,0.000000,0.000000,0.000000,0.000000,0.000000,0.000000,0.000000,0.000000,0.000000,0.000000,0.000000,0.000000,0.000000,0.000000,0.000000,0.000000,0.000000,0.000000,0.000000,0.000000,0.000000,0.000000,0.000000,0.000000,0.000000,0.000000,0.000000,0.000000,0.000000,0.000000,0.000000,0.000000,0.000000,356.359024,451.813688,-196.121025,360.181656,460.315883,-180.895329,0.000000,460.818121,-180.918846,365.243340,461.470735,-180.953922,0.000000,460.785313,-187.348728,0.000000,461.520882,-187.346611,345.224876,462.264647,-187.351761,367.559891,461.669948,-74.614868,339.371185,0.000000,-109.345617,359.535904,444.953456,-153.879061,349.057541,444.938071,-163.009415,384.050865,422.899346,19.109375,315.509396,430.836089,-122.212324,406.550064,0.000000,64.222617,323.898811,391.558528,-283.129616,443.832130,344.914913,-23.063207,378.144455,400.213351,-462.494049,458.677597,342.444577,-40.348096,394.008636,401.162510,-509.251976,459.744225,347.009997,-75.576124,395.514297,409.450901,-500.798225,453.886948,346.942921,-43.495903,390.727806,409.622648,-463.514938,364.852753,297.024093,24.518666,317.196198,300.100050,-24.399099,0.000000,216.280503,-103.353710,287.495022,218.859758,-19.842968,396.009254,153.533549,59.036031,0.000000,160.211992,0.000000,387.089500,145.690556,70.061607,0.000000,152.215319,249.235935,410.729103,122.663813,-40.276842,266.166286,130.995655,160.212402,
0.000000,0.000000,0.000000,0.000000,0.000000,0.000000,0.000000,0.000000,0.000000,0.000000,0.000000,0.000000,0.000000,0.000000,0.000000,0.000000,0.000000,0.000000,0.000000,0.000000,0.000000,0.000000,0.000000,0.000000,0.000000,0.000000,0.000000,0.000000,0.000000,0.000000,0.000000,0.000000,0.000000,0.000000,0.000000,0.000000,0.000000,0.000000,0.000000,0.000000,0.000000,0.000000,0.000000,0.000000,0.000000,0.000000,0.000000,0.000000,0.000000,0.000000,0.000000,0.000000,351.373062,451.860294,-199.264641,355.385399,460.357704,-183.998032,358.009682,460.858119,-184.015617,360.375290,461.501956,-184.050179,346.831093,460.809195,-191.126957,343.447456,461.538391,-191.129723,0.000000,462.278874,-191.142159,362.650070,461.772559,-75.386496,334.141235,461.836309,-110.146732,354.735985,0.000000,-156.848087,344.068527,444.948606,-166.623268,0.000000,422.094941,15.517706,309.203224,431.946223,-127.406740,395.930557,375.314920,61.841364,316.154900,399.736948,-308.283043,427.992554,342.945571,18.865181,374.073868,0.000000,-484.581833,442.273521,340.166116,0.000000,388.411293,405.734797,-532.366714,442.716713,344.700079,-19.675400,390.420876,413.490715,-519.552917,436.095619,345.023489,5.643854,385.859833,412.700171,-483.919754,359.807625,297.143698,23.295927,311.622410,299.892426,-23.185923,0.000000,217.134390,-0.000000,284.394112,217.042465,-8.785645,395.962257,153.600712,93.775549,282.553673,160.211477,266.412601,387.526474,145.704632,106.695986,288.902950,152.468090,290.440865,410.530243,123.040652,1.414068,265.926723,130.549507,0.000000,
0.000000,0.000000,0.000000,0.000000,0.000000,0.000000,0.000000,0.000000,0.000000,0.000000,0.000000,0.000000,0.000000,0.000000,0.000000,0.000000,0.000000,0.000000,0.000000,0.000000,0.000000,0.000000,0.000000,0.000000,0.000000,0.000000,0.000000,0.000000,0.000000,0.000000,0.000000,0.000000,0.000000,0.000000,0.000000,0.000000,0.000000,0.000000,0.000000,0.000000,0.000000,0.000000,0.000000,0.000000,0.000000,0.000000,0.000000,0.000000,0.000000,0.000000,0.000000,0.000000,346.764641,452.721841,-193.407021,350.743675,461.204081,-178.025761,353.260422,461.579611,-178.023243,355.371475,462.087901,-178.039837,342.211304,461.704624,-0.000000,338.703995,462.420065,-186.167850,335.219650,463.136623,-186.189461,357.126083,462.003937,-72.827606,328.779678,462.372429,-108.475399,349.566879,445.675442,-151.810856,339.267731,445.512965,-162.389488,0.000000,421.113961,8.379158,0.000000,432.667909,-124.580984,388.770027,375.683370,3.355116,306.769257,407.897151,-300.957947,411.451492,343.664789,-87.701540,371.115875,408.680270,-466.548843,420.334740,340.638056,-106.846981,384.201393,408.657310,-512.536430,419.436951,345.633016,-130.507107,386.436195,0.000000,-508.751717,0.000000,346.260009,-99.175005,383.431854,415.255351,-468.034592,354.989662,297.679582,21.319752,307.285004,299.489450,-21.213965,385.431099,218.818731,-0.000000,281.930027,216.511688,-6.087334,0.000000,154.354906,85.343256,282.574406,160.217142,260.846901,387.793961,0.000000,97.311401,0.000000,152.583361,283.694572,410.200424,123.129745,-9.343165,266.020241,130.544143,200.516853,
0.000000,0.000000,0.000000,0.000000,0.000000,0.000000,0.000000,0.000000,0.000000,0.000000,0.000000,0.000000,0.000000,0.000000,0.000000,0.000000,0.000000,0.000000,0.000000,0.000000,0.000000,0.000000,0.000000,0.000000,0.000000,0.000000,0.000000,0.000000,0.000000,0.000000,0.000000,0.000000,0.000000,0.000000,0.000000,0.000000,0.000000,0.000000,0.000000,0.000000,0.000000,0.000000,0.000000,0.000000,0.000000,0.000000,0.000000,0.000000,0.000000,0.000000,0.000000,0.000000,341.966896,454.460213,-186.730576,346.232147,462.993093,-169.963703,348.672714,463.369718,-169.958916,350.751152,0.000000,-169.973221,337.218628,463.451815,-177.211227,333.498230,464.158330,-177.213440,330.053520,464.775496,-177.224483,353.183327,463.069310,-61.670389,323.395157,463.533053,-91.723633,345.355453,447.159326,-144.295654,334.598465,447.180398,-153.470478,368.869057,420.943029,9.413411,297.754974,433.595438,-106.486340,385.005112,376.093469,-23.728511,296.837063,409.397557,-289.355984,398.230324,347.619352,-141.821384,359.509315,412.504520,-0.000000,401.566658,342.991619,-165.733700,377.521210,412.912045,-505.603065,399.072800,348.054814,-184.994087,379.836922,418.426452,-486.475449,396.526031,349.425144,-152.048111,374.162674,418.021309,-453.678741,350.569992,298.664274,20.248232,302.752285,0.000000,-20.145965,383.487511,219.735703,-102.078381,279.269676,215.583773,-0.000000,395.315094,154.541073,46.738353,0.000000,160.294046,269.193153,387.845612,145.892644,56.275544,289.887028,152.905226,292.068577,409.456558,123.398695,-54.741278,266.045780,130.432820,209.357357,
0.000000,0.000000,0.000000,0.000000,0.000000,0.000000,0.000000,0.000000,0.000000,0.000000,0.000000,0.000000,0.000000,0.000000,0.000000,0.000000,0.000000,0.000000,0.000000,0.000000,0.000000,0.000000,0.000000,0.000000,0.000000,0.000000,0.000000,0.000000,0.000000,0.000000,0.000000,0.000000,0.000000,0.000000,0.000000,0.000000,0.000000,0.000000,0.000000,0.000000,0.000000,0.000000,0.000000,0.000000,0.000000,0.000000,0.000000,0.000000,0.000000,0.000000,0.000000,0.000000,336.284103,455.582986,-189.109001,340.558395,463.906975,-172.407494,343.121262,464.107969,-172.408352,345.147133,464.375782,-172.430763,331.576920,0.000000,-178.371601,327.903252,465.284021,-178.369408,324.490280,465.860202,-178.369770,347.688980,463.239126,-63.035479,318.040276,464.321709,-86.298361,339.462318,447.820287,-146.322117,0.000000,447.931395,-153.826294,363.457603,420.547457,0.000000,291.137886,434.487326,-88.894939,383.358383,375.048287,-0.000000,286.754646,413.879313,-270.936470,386.431427,349.053326,-0.000000,346.564598,414.678955,-446.595306,384.078217,341.721668,-272.133904,363.320961,412.493470,-495.793571,380.603371,349.224515,-287.176208,367.434464,0.000000,-475.594101,379.701614,351.059575,-0.000000,361.974411,417.930994,-442.283630,346.260643,300.003619,16.252067,299.106388,299.436278,-16.141173,380.094948,221.545358,-80.020533,276.757011,215.662136,-0.000000,394.974594,154.750414,82.782383,282.530880,160.298209,235.983906,388.354607,145.900755,93.218365,290.098000,152.978268,255.790310,409.341850,123.449721,-17.021214,266.056557,130.308881,166.659622,
0.000000,0.000000,0.000000,0.000000,0.000000,0.000000,0.000000,0.000000,0.000000,0.000000,0.000000,0.000000,0.000000,0.000000,0.000000,0.000000,0.000000,0.000000,0.000000,0.000000,0.000000,0.000000,0.000000,0.000000,0.000000,0.000000,0.000000,0.000000,0.000000,0.000000,0.000000,0.000000,0.000000,0.000000,0.000000,0.000000,0.000000,0.000000,0.000000,0.000000,0.000000,0.000000,0.000000,0.000000,0.000000,0.000000,0.000000,0.000000,0.000000,0.000000,0.000000,0.000000,332.550735,455.847087,-198.329659,336.315498,464.004006,-0.000000,338.496704,464.209528,-0.000000,340.482216,464.496717,-182.694244,328.363914,464.636257,-188.008308,324.881706,465.357213,-187.985401,321.396332,465.970387,-187.933006,342.158852,463.416238,-71.747103,313.529453,464.821630,-88.415527,0.000000,448.260469,-154.253788,325.004616,448.508112,-160.746746,357.828255,420.646462,-10.933021,285.619240,436.200571,-86.624966,383.495865,374.427280,-85.304699,274.053230,419.076812,-229.705982,375.436325,348.149400,-260.288486,334.241142,417.370627,-0.000000,368.968353,339.660101,-298.018799,349.809990,413.998232,-417.256470,365.199547,348.080306,-312.116127,0.000000,418.105810,-406.236191,365.906563,350.397263,-269.427795,349.659843,418.815544,-371.406059,341.278305,0.000000,13.040742,295.393314,0.000000,-12.892998,375.781937,223.223305,-69.129548,274.644260,215.766463,2.917674,394.354706,155.080090,102.472019,282.248421,160.229716,234.284859,0.000000,146.114388,113.793573,290.153389,152.949171,252.774315,408.852196,0.000000,0.000000,265.719414,130.283432,161.375160,
0.000000,0.000000,0.000000,0.000000,0.000000,0.000000,0.000000,0.000000,0.000000,0.000000,0.000000,0.000000,0.000000,0.000000,0.000000,0.000000,0.000000,0.000000,0.000000,0.000000,0.000000,0.000000,0.000000,0.000000,0.000000,0.000000,0.000000,0.000000,0.000000,0.000000,0.000000,0.000000,0.000000,0.000000,0.000000,0.000000,0.000000,0.000000,0.000000,0.000000,0.000000,0.000000,0.000000,0.000000,0.000000,0.000000,0.000000,0.000000,0.000000,0.000000,0.000000,0.000000,327.450905,456.485345,-199.223061,331.611366,464.331708,-183.335171,333.730469,464.495108,-183.332405,336.057816,464.757128,-183.369598,323.772545,465.163279,-0.000000,320.248299,466.002145,-188.605747,0.000000,466.791723,-188.533592,338.166313,463.806639,-72.165771,308.407230,466.240969,-91.498947,330.117950,448.831823,-155.150909,0.000000,449.401395,-161.732101,352.745628,420.741842,-13.415748,0.000000,436.827672,-78.756509,381.237030,374.585080,-62.019253,264.820461,423.295133,-210.072556,363.746605,345.085931,-204.223213,323.427582,419.942265,-354.153671,356.490135,336.769366,-235.361443,340.224419,416.249979,-397.026367,0.000000,344.835262,-0.000000,343.798904,419.949045,-387.797813,354.054260,347.616949,-212.127037,339.570885,0.000000,-354.077873,337.511139,303.672709,10.762328,291.714020,299.793248,-10.652549,373.212090,224.775467,-0.000000,271.746788,215.415416,5.348195,394.289703,155.203085,106.973686,0.000000,160.083976,233.412132,389.426613,146.250772,117.868176,290.143700,152.953849,251.418629,408.229980,124.031739,2.661370,265.739498,130.195756,158.436794,
0.000000,0.000000,0.000000,0.000000,0.000000,0.000000,0.000000,0.000000,0.000000,0.000000,0.000000,0.000000,0.000000,0.000000,0.000000,0.000000,0.000000,0.000000,0.000000,0.000000,0.000000,0.000000,0.000000,0.000000,0.000000,0.000000,0.000000,0.000000,0.000000,0.000000,0.000000,0.000000,0.000000,0.000000,0.000000,0.000000,0.000000,0.000000,0.000000,0.000000,0.000000,0.000000,0.000000,0.000000,0.000000,0.000000,0.000000,0.000000,0.000000,0.000000,0.000000,0.000000,321.538925,457.424569,-215.178967,326.050720,465.076289,-198.770752,328.482094,465.142894,-198.765602,330.983963,465.260310,-198.801804,0.000000,466.198032,-204.370842,314.195194,467.075908,-0.000000,310.648537,467.888296,-204.306316,333.606644,464.163415,-86.888256,302.676144,467.242699,-109.852734,324.627800,449.689636,-171.197147,314.008293,450.533695,-178.728218,348.468094,0.000000,-32.561886,271.661949,437.677181,-0.000000,377.600899,0.000000,-0.000000,0.000000,428.073049,-208.694725,356.375313,342.350292,-262.109795,312.249947,424.254313,-345.626831,348.037491,0.000000,-298.969231,330.242195,419.082820,-388.911781,343.617325,342.643404,-310.110378,333.274117,421.104219,-378.378105,345.536461,345.253644,-0.000000,330.057831,0.000000,-345.401039,333.455048,304.818163,6.751146,287.062721,299.900451,-6.652831,370.980377,225.274529,-57.565241,269.939060,214.916611,19.087446,394.194107,155.303421,0.000000,0.000000,159.736104,252.862835,0.000000,146.255794,122.168236,290.137177,152.838750,271.391239,407.539444,124.133620,5.566412,265.770359,129.906549,178.750648,
0.000000,0.000000,0.000000,0.000000,0.000000,0.000000,0.000000,0.000000,0.000000,0.000000,0.000000,0.000000,0.000000,0.000000,0.000000,0.000000,0.000000,0.000000,0.000000,0.000000,0.000000,0.000000,0.000000,0.000000,0.000000,0.000000,0.000000,0.000000,0.000000,0.000000,0.000000,0.000000,0.000000,0.000000,0.000000,0.000000,0.000000,0.000000,0.000000,0.000000,0.000000,0.000000,0.000000,0.000000,0.000000,0.000000,0.000000,0.000000,0.000000,0.000000,0.000000,0.000000,0.000000,0.000000,-237.791538,0.000000,465.455918,-223.332253,324.237823,465.447936,-223.310585,326.812515,465.460274,-223.336964,313.355198,466.710913,-227.868843,309.382782,467.556603,-227.876701,305.794735,468.377831,-227.834282,329.302597,464.431400,-114.434547,297.540474,467.651575,-135.004520,320.141487,450.053000,-194.665585,309.577389,451.146333,-201.263466,344.769669,422.003059,-55.768604,268.229008,438.825037,-83.685532,374.145317,374.692969,-100.024891,0.000000,437.279420,-174.651604,0.000000,341.004639,-242.096748,302.642250,428.667512,-0.000000,343.233910,332.338400,-276.493034,320.853958,422.513773,-312.794590,338.635788,338.549538,-0.000000,324.951210,423.252926,-303.390923,340.680695,342.094259,-249.718876,321.674614,424.511697,-275.608253,329.723358,306.332388,4.918363,282.971382,300.232229,-4.844788,0.000000,226.356468,-55.574555,267.162991,214.423513,19.371681,394.172058,155.492249,108.245487,281.623344,159.729924,263.864594,390.385551,146.363468,118.909130,0.000000,153.062124,283.865776,407.555923,124.230266,-1.113592,265.495148,129.740038,194.207973,
0.000000,0.000000,0.000000,0.000000,0.000000,0.000000,0.000000,0.000000,0.000000,0.000000,0.000000,0.000000,0.000000,0.000000,0.000000,0.000000,0.000000,0.000000,0.000000,0.000000,0.000000,0.000000,0.000000,0.000000,0.000000,0.000000,0.000000,0.000000,0.000000,0.000000,0.000000,0.000000,0.000000,0.000000,0.000000,0.000000,0.000000,0.000000,0.000000,0.000000,0.000000,0.000000,0.000000,0.000000,0.000000,0.000000,0.000000,0.000000,0.000000,0.000000,0.000000,0.000000,313.229713,458.880193,-228.313103,317.299194,466.225820,-0.000000,319.789467,466.147842,-212.883492,322.360535,466.063728,-212.910805,0.000000,467.598531,-217.699852,305.318642,468.395576,-217.704964,301.744595,469.180412,-217.676392,324.513626,465.041013,-105.629711,0.000000,468.279576,-130.996046,316.069679,450.762370,-186.485481,305.838833,452.015111,-192.490101,340.248489,422.196436,-56.632094,265.953331,438.559821,-66.799736,371.573067,374.714363,-113.577518,231.584587,446.151309,-150.653439,347.875710,338.541512,-251.853886,291.409950,432.896111,-231.865234,337.466164,330.077577,-286.845512,308.947792,0.000000,-266.974430,333.372955,335.601125,-298.357334,313.493996,426.597447,-253.295193,335.908394,338.936291,-258.736172,309.157505,0.000000,-0.000000,327.560959,306.612110,1.881225,280.967464,300.359516,-1.855216,366.052742,226.780214,-51.617422,265.304375,213.201499,18.699526,394.252586,155.948482,106.723309,281.617794,159.753485,264.087982,390.701370,146.750264,0.000000,290.219421,153.114910,284.717216,407.569046,124.363689,1.998578,265.380974,129.654164,204.390392,
0.000000,0.000000,0.000000,0.000000,0.000000,0.000000,0.000000,0.000000,0.000000,0.000000,0.000000,0.000000,0.000000,0.000000,0.000000,0.000000,0.000000,0.000000,0.000000,0.000000,0.000000,0.000000,0.000000,0.000000,0.000000,0.000000,0.000000,0.000000,0.000000,0.000000,0.000000,0.000000,0.000000,0.000000,0.000000,0.000000,0.000000,0.000000,0.000000,0.000000,0.000000,0.000000,0.000000,0.000000,0.000000,0.000000,0.000000,0.000000,0.000000,0.000000,0.000000,0.000000,309.611244,459.775279,-238.725204,313.393040,467.198088,-223.420601,315.881615,466.996086,-223.398018,318.429413,466.750824,-223.434086,305.259342,468.890498,-226.525421,301.291351,469.815409,-0.000000,297.579098,470.574110,-226.482658,320.542679,465.327966,-118.049974,289.048061,0.000000,-133.569822,312.598782,451.420197,-0.000000,302.429295,453.058019,-202.986183,336.295776,422.320375,-71.899438,262.284203,438.471823,-73.479981,369.033966,374.895937,-0.000000,225.314007,452.708688,-140.126143,346.332779,337.001023,-289.007721,280.788536,438.275871,-189.023762,335.507240,328.771534,-325.792694,295.279579,0.000000,-220.636864,330.984268,334.264913,-338.785286,300.332432,430.563576,-208.480492,333.817101,337.456698,-297.078800,0.000000,431.639743,-188.489170,324.528732,306.268659,0.751973,278.044224,299.889636,-0.723291,363.693275,227.061396,-43.876543,264.161129,211.348801,18.800455,394.272614,156.837087,116.419992,281.532707,159.850817,280.346165,391.053200,147.880054,127.754288,290.266609,153.941288,302.985992,0.000000,124.905925,6.720704,265.408669,0.000000,223.988304,
0.000000,0.000000,0.000000,0.000000,0.000000,0.000000,0.000000,0.000000,0.000000,0.000000,0.000000,0.000000,0.000000,0.000000,0.000000,0.000000,0.000000,0.000000,0.000000,0.000000,0.000000,0.000000,0.000000,0.000000,0.000000,0.000000,0.000000,0.000000,0.000000,0.000000,0.000000,0.000000,0.000000,0.000000,0.000000,0.000000,0.000000,0.000000,0.000000,0.000000,0.000000,0.000000,0.000000,0.000000,0.000000,0.000000,0.000000,0.000000,0.000000,0.000000,0.000000,0.000000,305.467072,459.942477,-241.201134,309.294930,467.692001,-226.061325,311.711540,467.507401,-226.037254,314.252815,467.321448,-226.078281,300.905094,469.301348,-227.785854,297.077999,470.193107,-227.799664,293.015995,470.915458,-227.738476,316.755791,465.606766,-121.272936,285.409756,468.795912,-130.649090,308.989983,451.652198,-201.099815,298.420448,453.132241,-0.000000,333.359985,422.191372,-71.611471,259.887791,438.151889,-76.829004,366.450386,374.000895,-130.452728,0.000000,457.866940,-172.341118,342.655258,0.000000,-269.259586,269.159489,446.767144,-265.684471,0.000000,322.476325,-301.908455,282.974548,437.836483,-303.074493,327.593422,326.810775,-313.763084,288.476467,436.952233,-288.979244,330.183220,0.000000,-0.000000,284.135933,439.083216,-265.422878,321.504440,306.025372,0.952039,276.051083,0.000000,-0.954457,361.543961,227.156539,-35.782051,262.938538,211.078348,20.681536,394.241142,157.400694,126.906872,281.526184,160.222592,276.811371,0.000000,148.406367,138.557482,290.288448,155.103221,298.802128,407.276535,124.940600,21.126130,265.521584,129.464307,218.829250,
0.000000,0.000000,0.000000,0.000000,0.000000,0.000000,0.000000,0.000000,0.000000,0.000000,0.000000,0.000000,0.000000,0.000000,0.000000,0.000000,0.000000,0.000000,0.000000,0.000000,0.000000,0.000000,0.000000,0.000000,0.000000,0.000000,0.000000,0.000000,0.000000,0.000000,0.000000,0.000000,0.000000,0.000000,0.000000,0.000000,0.000000,0.000000,0.000000,0.000000,0.000000,0.000000,0.000000,0.000000,0.000000,0.000000,0.000000,0.000000,0.000000,0.000000,0.000000,0.000000,301.595154,459.833579,-248.481026,305.945187,467.635267,-233.432941,308.272209,467.499697,-233.400383,310.834293,467.380285,-0.000000,297.280674,469.150887,-234.102612,293.293037,470.026231,-234.120789,289.184761,470.746071,-234.061394,313.943386,465.648694,-128.934889,282.198334,468.725724,-133.142071,305.834141,451.611814,-208.549404,294.666328,453.106298,-210.244808,331.590309,421.581545,-78.901548,0.000000,438.016427,-77.542748,365.479279,373.107784,-132.467327,212.811222,461.566372,-0.000000,343.405571,327.237139,-266.573944,264.039154,452.146690,-242.809906,0.000000,314.860396,-299.836521,277.426796,442.530155,-279.119759,327.852478,320.072808,-312.159767,282.005348,441.952493,-263.899632,330.418777,324.206715,-273.953857,279.163246,444.223702,-242.378616,320.089111,305.839763,-0.000000,274.729118,299.557428,0.000000,359.873848,227.076974,-31.833601,262.153664,210.256305,27.568829,394.168205,157.955890,0.000000,281.528969,160.327649,277.476997,391.100388,149.001346,148.465633,290.467472,155.246215,298.755951,407.283401,125.127625,33.206058,0.000000,0.000000,216.937637,
0.000000,0.000000,0.000000,0.000000,0.000000,0.000000,0.000000,0.000000,0.000000,0.000000,0.000000,0.000000,0.000000,0.000000,0.000000,0.000000,0.000000,0.000000,0.000000,0.000000,0.000000,0.000000,0.000000,0.000000,0.000000,0.000000,0.000000,0.000000,0.000000,0.000000,0.000000,0.000000,0.000000,0.000000,0.000000,0.000000,0.000000,0.000000,0.000000,0.000000,0.000000,0.000000,0.000000,0.000000,0.000000,0.000000,0.000000,0.000000,0.000000,0.000000,0.000000,0.000000,298.701210,459.771051,-261.649208,303.006935,0.000000,-246.618748,305.271416,467.487144,-246.575928,307.755489,467.398417,-246.613560,294.617214,0.000000,-247.165413,290.826359,469.944477,-247.184772,286.742859,0.000000,-247.127361,310.665684,465.662599,-142.560444,279.194489,468.737676,-145.818577,302.734737,451.558192,-221.771927,291.712036,452.974677,-223.364220,328.217850,421.436319,-94.889908,252.955971,438.250766,-78.595352,362.603722,372.108972,-147.785769,208.122005,467.765343,-161.100521,344.352379,323.282704,-279.022884,259.480534,458.234189,-218.016014,333.290482,309.970622,-312.256165,273.591118,449.609706,-251.491890,328.656197,315.374179,-324.392166,277.392483,448.945699,-236.521053,330.939560,319.652839,-286.250801,274.350128,450.521250,-0.000000,318.884945,305.881691,-3.646328,273.068848,299.559617,3.598294,358.463936,227.024059,-33.631904,262.120152,209.644032,45.837908,394.143295,158.093305,127.371006,281.567116,160.341382,0.000000,391.185532,149.084773,137.973814,290.698051,155.342817,321.449356,407.197456,125.127583,18.877156,0.000000,129.498639,244.312630,
0.000000,0.000000,0.000000,0.000000,0.000000,0.000000,0.000000,0.000000,0.000000,0.000000,0.000000,0.000000,0.000000,0.000000,0.000000,0.000000,0.000000,0.000000,0.000000,0.000000,0.000000,0.000000,0.000000,0.000000,0.000000,0.000000,0.000000,0.000000,0.000000,0.000000,0.000000,0.000000,0.000000,0.000000,0.000000,0.000000,0.000000,0.000000,0.000000,0.000000,0.000000,0.000000,0.000000,0.000000,0.000000,0.000000,0.000000,0.000000,0.000000,0.000000,0.000000,0.000000,294.222412,460.000391,-273.061333,298.876915,467.708094,-257.932167,301.153927,467.566559,-257.881527,303.659306,467.451782,-257.914028,290.707397,469.292507,-258.278389,287.176018,470.252073,-258.303947,283.365898,471.126044,-258.250923,306.603642,465.678627,-153.154125,276.226082,469.476871,-155.817814,298.108101,451.676574,-233.107204,287.235374,453.081751,-234.560318,324.497871,421.475759,-102.977715,249.394665,439.845157,-86.601362,358.729019,371.997993,-145.034685,203.748302,471.591074,-158.294773,346.028328,320.524063,-269.928169,256.551056,463.988278,-191.972733,335.933762,305.849633,-302.133236,269.907074,0.000000,-223.895683,331.045265,310.651817,-317.776489,273.394508,456.075590,-209.259605,332.896576,315.427694,-278.636875,269.987640,457.005522,-0.000000,317.289925,305.888386,-4.248261,271.580849,299.535842,4.192440,0.000000,227.480121,-23.410294,261.692410,209.540691,56.053038,0.000000,158.156047,134.015141,281.286163,160.419660,305.974426,0.000000,149.097819,144.891329,0.000000,155.733948,327.629280,407.092514,125.136166,23.940647,265.561981,129.578805,246.791515,
0.000000,0.000000,0.000000,0.000000,0.000000,0.000000,0.000000,0.000000,0.000000,0.000000,0.000000,0.000000,0.000000,0.000000,0.000000,0.000000,0.000000,0.000000,0.000000,0.000000,0.000000,0.000000,0.000000,0.000000,0.000000,0.000000,0.000000,0.000000,0.000000,0.000000,0.000000,0.000000,0.000000,0.000000,0.000000,0.000000,0.000000,0.000000,0.000000,0.000000,0.000000,0.000000,0.000000,0.000000,0.000000,0.000000,0.000000,0.000000,0.000000,0.000000,0.000000,0.000000,0.000000,0.000000,-277.739372,294.875450,468.376372,-262.264156,297.249908,468.152075,-262.211571,0.000000,467.954857,-262.240543,286.953831,470.106268,-262.753487,283.568840,471.038625,-262.785683,280.151253,471.908154,-262.736244,302.644005,465.999119,-157.091646,273.459721,470.082600,-160.490456,293.834019,452.119761,-237.944736,283.244839,453.774233,-239.638405,321.395416,421.491272,-104.237156,246.030827,440.635378,-91.240072,0.000000,0.000000,-131.005201,204.301281,472.834589,-152.859783,348.521652,318.496871,-252.651119,249.152584,467.232356,-172.593555,340.507965,302.623301,-279.570503,261.595497,463.063731,-204.617958,334.984169,306.354961,-308.550510,265.381660,462.479889,-189.782982,335.901184,311.518149,-266.132698,262.505684,461.604245,-172.922134,315.177879,305.844998,-4.562117,269.349937,299.474216,0.000000,357.047806,227.599468,-11.739269,261.393795,209.673085,70.561004,394.118805,158.347235,142.621441,281.118984,160.581708,315.118198,391.800461,149.417496,153.075209,0.000000,155.870376,335.986099,406.989517,125.379453,28.697639,265.817680,130.067310,250.736618,
0.000000,0.000000,0.000000,0.000000,0.000000,0.000000,0.000000,0.000000,0.000000,0.000000,0.000000,0.000000,0.000000,0.000000,0.000000,0.000000,0.000000,0.000000,0.000000,0.000000,0.000000,0.000000,0.000000,0.000000,0.000000,0.000000,0.000000,0.000000,0.000000,0.000000,0.000000,0.000000,0.000000,0.000000,0.000000,0.000000,0.000000,0.000000,0.000000,0.000000,0.000000,0.000000,0.000000,0.000000,0.000000,0.000000,0.000000,0.000000,0.000000,0.000000,0.000000,0.000000,287.842216,461.340187,-276.181698,292.164669,0.000000,-260.751247,294.528351,468.702593,-0.000000,296.978035,468.495204,-0.000000,284.426765,470.673652,-261.300049,280.909672,471.518247,-261.332359,277.565460,472.371190,-261.292019,299.926720,466.550560,-154.441757,270.512905,470.568058,-158.533802,290.950317,452.486107,-235.868645,280.859642,454.265378,-237.742386,319.293404,421.499898,-99.354000,243.757114,441.676483,-94.096546,0.000000,371.525667,-123.827305,197.390099,477.115073,-157.992430,351.335373,317.611012,-230.925350,242.910767,473.754673,-219.523983,343.307419,301.023502,-258.112087,255.747871,471.165440,-0.000000,338.935814,304.313307,-0.000000,259.577541,470.025587,-240.861855,339.874649,309.723644,-244.872932,256.961365,468.619466,-219.848232,313.363400,305.789809,-3.528013,267.470608,299.475374,3.479306,0.000000,227.932878,-0.000000,260.368843,209.693813,63.916850,394.032745,158.855696,147.556410,281.119289,160.932369,301.136131,391.880875,149.748373,157.814608,290.541840,156.131473,321.300278,406.595726,126.397877,0.000000,266.229668,130.301285,234.475975,
0.000000,0.000000,0.000000,0.000000,0.000000,0.000000,0.000000,0.000000,0.000000,0.000000,0.000000,0.000000,0.000000,0.000000,0.000000,0.000000,0.000000,0.000000,0.000000,0.000000,0.000000,0.000000,0.000000,0.000000,0.000000,0.000000,0.000000,0.000000,0.000000,0.000000,0.000000,0.000000,0.000000,0.000000,0.000000,0.000000,0.000000,0.000000,0.000000,0.000000,0.000000,0.000000,0.000000,0.000000,0.000000,0.000000,0.000000,0.000000,0.000000,0.000000,0.000000,0.000000,286.416225,461.668210,-267.779999,290.170479,469.220259,-252.226429,292.382298,468.988538,-0.000000,294.606476,468.800719,-252.202492,283.000603,470.804093,-0.000000,279.791927,471.560755,-253.434792,276.502724,472.353723,-253.398418,296.446896,466.786702,-146.883669,269.045830,470.608571,-153.262434,288.871460,452.905283,-227.740841,279.643917,454.502034,-230.259285,317.124443,421.547556,-92.372169,242.054958,441.816709,-95.564842,349.325333,371.433806,-98.957100,198.437557,478.495960,-180.636578,351.521530,318.087330,-176.385002,243.643646,476.810095,-224.690571,349.852638,300.652585,-199.510727,254.888496,0.000000,-259.075508,344.196777,303.027778,-227.228165,259.034920,473.820913,-250.258446,342.035370,308.543601,-189.600792,256.210270,472.235684,-222.236462,312.250366,305.718999,-0.000000,266.977081,299.456835,2.844253,355.533638,228.294697,-11.401870,259.865627,209.782305,61.025634,394.002380,159.147091,142.811413,281.016636,161.353712,294.823494,391.970596,150.005865,153.914127,290.489960,156.412783,317.455292,406.605759,126.702018,28.337779,266.413078,130.412092,228.157768,
0.000000,0.000000,0.000000,0.000000,0.000000,0.000000,0.000000,0.000000,0.000000,0.000000,0.000000,0.000000,0.000000,0.000000,0.000000,0.000000,0.000000,0.000000,0.000000,0.000000,0.000000,0.000000,0.000000,0.000000,0.000000,0.000000,0.000000,0.000000,0.000000,0.000000,0.000000,0.000000,0.000000,0.000000,0.000000,0.000000,0.000000,0.000000,0.000000,0.000000,0.000000,0.000000,0.000000,0.000000,0.000000,0.000000,0.000000,0.000000,0.000000,0.000000,0.000000,0.000000,283.093109,461.936152,-269.598751,286.995964,469.574590,-253.756409,289.349022,469.359004,-253.704567,291.772823,469.200733,-253.721581,279.805946,470.991075,-255.062828,276.697903,471.656027,-255.099468,273.574524,472.388999,-255.067520,294.411278,467.205040,-146.635561,266.770840,470.701933,-154.424362,285.926399,453.115633,-228.883781,276.662502,454.681463,-231.831779,315.709438,421.604097,-87.897243,240.775948,442.833781,-102.697697,346.669846,371.302636,-68.119535,198.248672,478.598013,-233.431072,355.090103,318.756466,-129.635057,223.655281,482.839358,-366.945953,358.230324,301.044917,-149.339447,231.408062,0.000000,-415.486679,351.955795,302.504897,-179.766617,240.515099,479.840498,-401.336136,348.447800,307.836699,-143.384829,239.742317,477.878666,-369.968033,311.611576,305.668917,-2.827420,266.865997,299.455762,2.787794,354.487839,228.720074,-7.265646,259.423943,210.667434,55.169630,394.012756,159.233351,151.370115,280.856476,161.539750,292.939053,392.463074,150.114741,161.933098,290.424614,156.587706,314.002743,406.492462,127.128038,35.186813,266.766911,130.607057,224.670200,
0.000000,0.000000,0.000000,0.000000,0.000000,0.000000,0.000000,0.000000,0.000000,0.000000,0.000000,0.000000,0.000000,0.000000,0.000000,0.000000,0.000000,0.000000,0.000000,0.000000,0.000000,0.000000,0.000000,0.000000,0.000000,0.000000,0.000000,0.000000,0.000000,0.000000,0.000000,0.000000,0.000000,0.000000,0.000000,0.000000,0.000000,0.000000,0.000000,0.000000,0.000000,0.000000,0.000000,0.000000,0.000000,0.000000,0.000000,0.000000,0.000000,0.000000,0.000000,0.000000,278.288021,461.943855,-256.243629,283.121071,469.680011,-240.096817,285.600586,469.478889,-240.037594,288.211269,469.343812,-240.034523,275.187588,471.056457,-239.959469,272.197838,471.693664,-240.000629,269.202614,472.393076,-0.000000,292.054596,467.532420,-133.690319,0.000000,470.839069,-135.780411,282.369804,453.132627,-216.016121,272.612495,454.744270,-217.171726,314.397087,421.800756,-64.630585,239.922371,443.349431,-100.576668,344.257355,371.532683,-37.316444,199.425812,476.825888,-0.000000,360.232773,319.973674,-89.284945,210.784760,485.094645,-0.000000,364.342003,302.432413,-104.635296,217.860603,487.401237,-507.800102,358.934822,303.537226,-134.961300,226.845245,486.358116,-0.000000,355.576744,308.805985,-102.742682,226.870308,483.883660,-456.521378,311.643219,305.643167,-2.417962,267.122955,299.466276,2.319771,353.652077,228.850150,-5.310915,258.997688,211.472397,54.273925,394.011612,159.455266,151.505833,280.682106,161.705489,294.217186,392.807388,150.590501,161.382256,290.226250,156.690016,314.637241,406.473656,127.153444,0.000000,266.826057,130.752068,224.782009,
0.000000,0.000000,0.000000,0.000000,0.000000,0.000000,0.000000,0.000000,0.000000,0.000000,0.000000,0.000000,0.000000,0.000000,0.000000,0.000000,0.000000,0.000000,0.000000,0.000000,0.000000,0.000000,0.000000,0.000000,0.000000,0.000000,0.000000,0.000000,0.000000,0.000000,0.000000,0.000000,0.000000,0.000000,0.000000,0.000000,0.000000,0.000000,0.000000,0.000000,0.000000,0.000000,0.000000,0.000000,0.000000,0.000000,0.000000,0.000000,0.000000,0.000000,0.000000,0.000000,274.947109,462.120237,-245.025768,280.220299,470.135064,-228.447609,282.851372,469.961686,-228.394489,285.633965,469.839399,-228.394051,271.852112,471.346629,-227.846775,0.000000,471.912403,-227.885437,266.161747,472.530363,-227.873268,290.362701,467.932777,-123.281288,261.871986,470.994852,-122.877407,279.896507,453.252897,-205.293388,269.531670,454.928763,-205.745888,313.420811,0.000000,-59.564466,0.000000,443.678977,-90.327358,343.044052,371.751251,-42.714095,200.083504,473.923974,-257.948647,364.352646,320.741343,-96.922178,205.920296,487.596052,-470.583344,369.832420,303.192401,-112.106133,210.735378,493.093529,-526.723328,365.156174,303.957539,-141.280193,219.514885,493.098722,-514.122925,361.781693,309.154587,-109.828548,220.489922,490.377009,-475.068130,311.260948,305.803199,-4.481308,266.893864,299.476447,4.339946,353.192062,229.030223,-14.713129,258.735237,212.154408,56.354299,393.966560,159.465222,133.273268,280.673370,161.680126,292.211952,393.095093,150.597796,141.378384,290.386925,156.178336,312.498817,405.915604,127.272234,13.103663,266.734505,130.854077,224.660759,
0.000000,0.000000,0.000000,0.000000,0.000000,0.000000,0.000000,0.000000,0.000000,0.000000,0.000000,0.000000,0.000000,0.000000,0.000000,0.000000,0.000000,0.000000,0.000000,0.000000,0.000000,0.000000,0.000000,0.000000,0.000000,0.000000,0.000000,0.000000,0.000000,0.000000,0.000000,0.000000,0.000000,0.000000,0.000000,0.000000,0.000000,0.000000,0.000000,0.000000,0.000000,0.000000,0.000000,0.000000,0.000000,0.000000,0.000000,0.000000,0.000000,0.000000,0.000000,0.000000,273.427982,462.192636,-234.582367,278.892632,470.157359,-218.240089,281.720638,470.000246,-218.191071,284.574928,0.000000,-218.185310,270.723877,471.352615,-217.492371,267.990017,471.906438,-217.523804,265.427856,472.510042,-217.504158,289.496822,468.083560,-115.461998,261.568966,471.010580,-114.475813,278.483334,453.391836,-195.881462,268.283997,455.104394,-196.197758,311.492977,422.071595,-57.633719,237.916374,443.548944,-77.927170,341.610947,372.069662,-0.000000,200.650063,472.372477,-0.000000,0.000000,320.802755,-87.208300,204.049683,493.603642,-447.717476,374.411392,304.244857,-99.834995,208.804665,500.406346,-501.006699,369.937553,305.154319,-128.294096,216.418400,501.412046,-489.887009,0.000000,310.233264,-99.626560,0.000000,498.184705,-452.727318,310.667057,0.000000,-5.877977,266.771183,299.471812,5.687273,352.673912,229.217420,-20.329962,258.608208,0.000000,51.686678,0.000000,159.508953,0.000000,280.611877,161.640859,272.645626,393.281021,150.689464,134.710865,290.477848,155.836430,290.607414,405.971527,127.137737,0.000000,266.677189,130.928793,204.640388,
0.000000,0.000000,0.000000,0.000000,0.000000,0.000000,0.000000,0.000000,0.000000,0.000000,0.000000,0.000000,0.000000,0.000000,0.000000,0.000000,0.000000,0.000000,0.000000,0.000000,0.000000,0.000000,0.000000,0.000000,0.000000,0.000000,0.000000,0.000000,0.000000,0.000000,0.000000,0.000000,0.000000,0.000000,0.000000,0.000000,0.000000,0.000000,0.000000,0.000000,0.000000,0.000000,0.000000,0.000000,0.000000,0.000000,0.000000,0.000000,0.000000,0.000000,0.000000,0.000000,271.174507,462.399144,-220.944157,0.000000,470.409980,-204.402199,279.662132,470.246429,-204.365005,0.000000,470.176821,-204.363308,268.306274,471.491404,-203.120842,265.529518,471.980789,-203.147182,262.741432,472.521780,-203.117409,287.747307,468.280048,-104.032526,0.000000,470.997019,-100.503416,276.749725,453.453484,-183.505077,266.116886,455.212154,-183.097343,310.497551,0.000000,-53.037372,237.224693,443.526113,-65.271783,340.938950,372.116976,-44.107876,201.331253,471.867042,-233.393745,370.789185,321.308727,-101.027164,201.364479,497.083154,-439.847031,0.000000,304.441967,-115.043507,203.549919,505.572302,-492.981682,374.400558,306.148281,-143.383284,211.064968,506.565492,-482.877159,370.885544,311.119165,-113.793888,212.436523,0.000000,-445.578537,310.423088,305.779896,-0.000000,266.602116,299.391775,6.214800,352.539406,229.221969,-28.514950,258.509483,212.639351,38.693032,393.885345,159.537277,122.572041,280.602608,161.591506,256.333218,393.296394,0.000000,130.958300,290.479126,155.629621,273.735657,0.000000,126.811452,7.887386,266.645317,130.989304,0.000000,
0.000000,0.000000,0.000000,0.000000,0.000000,0.000000,0.000000,0.000000,0.000000,0.000000,0.000000,0.000000,0.000000,0.000000,0.000000,0.000000,0.000000,0.000000,0.000000,0.000000,0.000000,0.000000,0.000000,0.000000,0.000000,0.000000,0.000000,0.000000,0.000000,0.000000,0.000000,0.000000,0.000000,0.000000,0.000000,0.000000,0.000000,0.000000,0.000000,0.000000,0.000000,0.000000,0.000000,0.000000,0.000000,0.000000,0.000000,0.000000,0.000000,0.000000,0.000000,0.000000,269.936218,462.391334,-218.544464,275.592384,470.432210,-201.627655,278.543587,470.269003,-0.000000,281.458836,470.205445,-201.593571,266.807671,0.000000,-200.440388,263.931122,471.966798,-200.464821,261.015472,472.496760,-200.423813,286.913261,0.000000,-100.302763,258.250694,470.933418,-96.450253,275.895081,0.000000,-180.798912,265.062923,455.196404,-180.319252,309.583168,422.123587,-49.656620,236.868629,443.214955,-57.005210,340.597458,372.145965,-41.426249,0.000000,471.129477,-0.000000,373.148880,322.186561,-105.882912,199.447594,503.198848,-419.304314,382.088890,304.669976,-122.240171,200.056057,513.216233,-472.565079,377.238846,0.000000,-150.963955,207.115059,513.880713,-463.424454,373.569412,311.689811,-119.185343,0.000000,509.898942,-425.691566,310.313873,305.778522,-6.978755,266.879921,299.260111,6.773635,352.569313,229.551258,-40.324426,258.449860,212.660851,25.865033,393.817177,159.535389,118.176699,280.098057,161.715231,253.871403,393.296356,150.880437,127.098169,290.405617,155.639019,272.158871,406.014519,126.707511,1.626297,0.000000,131.453905,185.093174,
0.000000,0.000000,0.000000,0.000000,0.000000,0.000000,0.000000,0.000000,0.000000,0.000000,0.000000,0.000000,0.000000,0.000000,0.000000,0.000000,0.000000,0.000000,0.000000,0.000000,0.000000,0.000000,0.000000,0.000000,0.000000,0.000000,0.000000,0.000000,0.000000,0.000000,0.000000,0.000000,0.000000,0.000000,0.000000,0.000000,0.000000,0.000000,0.000000,0.000000,0.000000,0.000000,0.000000,0.000000,0.000000,0.000000,0.000000,0.000000,0.000000,0.000000,0.000000,0.000000,270.832767,462.379425,-224.394417,276.079044,470.418456,-207.481441,278.903618,470.257416,-207.447796,281.786556,0.000000,-207.448483,267.544289,471.469259,-207.328129,264.644680,471.953409,-207.354164,261.861210,472.438223,-0.000000,286.018467,468.334186,-104.661808,257.729130,470.828404,-105.217829,275.974159,453.446360,-185.842571,265.183372,455.182736,-186.585617,308.815365,422.180665,-52.799654,235.905724,442.316823,-0.000000,340.442429,372.143884,-47.288642,201.624146,470.645070,-220.782661,0.000000,322.940969,-119.151525,195.676975,0.000000,-415.673752,384.675293,305.381470,-137.327070,196.230373,520.152447,-469.113731,379.675064,307.159710,-165.573006,203.436699,521.489496,-459.545860,375.815048,312.054462,-0.000000,205.151787,517.678120,-422.054482,310.510349,0.000000,-7.162606,267.098999,299.142866,6.963151,0.000000,229.619322,-41.074357,258.406315,212.643642,16.991069,393.814430,159.632463,120.344687,279.960327,161.796770,254.281368,393.479309,150.981030,129.121265,290.296478,155.633912,273.461399,406.139221,0.000000,5.544633,266.674900,131.649170,187.330360,
0.000000,0.000000,0.000000,0.000000,0.000000,0.000000,0.000000,0.000000,0.000000,0.000000,0.000000,0.000000,0.000000,0.000000,0.000000,0.000000,0.000000,0.000000,0.000000,0.000000,0.000000,0.000000,0.000000,0.000000,0.000000,0.000000,0.000000,0.000000,0.000000,0.000000,0.000000,0.000000,0.000000,0.000000,0.000000,0.000000,0.000000,0.000000,0.000000,0.000000,0.000000,0.000000,0.000000,0.000000,0.000000,0.000000,0.000000,0.000000,0.000000,0.000000,0.000000,0.000000,270.611687,462.150750,-227.789383,275.532932,470.334020,-211.120415,278.392067,0.000000,-211.083641,281.501064,470.193064,-211.089134,267.043877,471.209729,-211.179466,264.134789,471.589165,-211.205864,261.470375,471.947658,-211.168804,285.697727,468.404546,-107.056627,257.109165,470.473902,-109.277477,0.000000,453.375206,-188.929405,265.159817,0.000000,-189.918633,308.421535,422.173884,-54.728861,0.000000,441.695001,-64.014025,340.527992,371.897700,-51.512399,201.731586,0.000000,-215.037117,376.984558,323.958836,-124.836149,192.879086,512.121377,-408.675156,386.939392,306.947622,-143.975277,193.287163,0.000000,-461.367493,381.881943,307.482433,-168.232441,200.190125,526.560674,-0.000000,377.901764,312.122998,-0.000000,0.000000,522.313879,-415.379829,310.664711,305.657029,-8.610970,267.281189,299.076433,8.403615,352.212601,229.612627,-39.809852,258.431129,212.454042,21.729906,393.218498,159.815969,121.567316,279.768257,162.061815,258.925514,393.396187,151.054802,130.528259,290.059910,0.000000,278.083687,406.040115,126.655626,0.000000,266.875496,131.548705,191.563244,
0.000000,0.000000,0.000000,0.000000,0.000000,0.000000,0.000000,0.000000,0.000000,0.000000,0.000000,0.000000,0.000000,0.000000,0.000000,0.000000,0.000000,0.000000,0.000000,0.000000,0.000000,0.000000,0.000000,0.000000,0.000000,0.000000,0.000000,0.000000,0.000000,0.000000,0.000000,0.000000,0.000000,0.000000,0.000000,0.000000,0.000000,0.000000,0.000000,0.000000,0.000000,0.000000,0.000000,0.000000,0.000000,0.000000,0.000000,0.000000,0.000000,0.000000,0.000000,0.000000,269.446449,462.142832,-228.132858,274.473457,470.339899,-0.000000,277.320957,470.237911,-211.600685,280.213528,470.243897,-211.596680,266.125431,471.183786,-210.716400,263.372154,471.505072,-210.746269,260.731258,471.775503,-210.710907,284.748840,468.567281,-109.164753,256.955261,470.343525,-106.807880,274.982395,453.483117,-189.924049,264.549351,0.000000,-189.727192,308.359413,422.180750,-55.900908,236.203194,441.243811,-60.106816,340.701294,371.723850,-53.219614,201.294727,470.152016,-209.276829,379.052086,325.537648,-125.633488,189.504890,517.449918,-405.331955,389.727745,308.656597,-146.734238,189.911461,530.153053,-457.290955,0.000000,308.385587,-168.596497,196.444225,532.305086,-447.644424,380.362549,312.954226,-138.078442,198.008118,0.000000,-411.811218,310.801086,305.615788,-9.497671,267.416534,0.000000,9.280883,352.150650,229.616790,-40.535269,258.492794,212.395763,0.000000,392.640686,0.000000,0.000000,279.749870,162.848196,260.187416,393.119583,151.346111,131.430893,0.000000,156.654525,279.645271,406.026115,126.669874,8.355200,267.095375,131.546516,191.981201,
0.000000,0.000000,0.000000,0.000000,0.000000,0.000000,0.000000,0.000000,0.000000,0.000000,0.000000,0.000000,0.000000,0.000000,0.000000,0.000000,0.000000,0.000000,0.000000,0.000000,0.000000,0.000000,0.000000,0.000000,0.000000,0.000000,0.000000,0.000000,0.000000,0.000000,0.000000,0.000000,0.000000,0.000000,0.000000,0.000000,0.000000,0.000000,0.000000,0.000000,0.000000,0.000000,0.000000,0.000000,0.000000,0.000000,0.000000,0.000000,0.000000,0.000000,0.000000,0.000000,269.798985,0.000000,-230.819340,274.733486,470.331681,-214.469662,277.537956,470.231688,-214.449520,280.378265,470.243404,-214.436226,0.000000,471.131859,-213.205605,263.420773,471.393986,-213.243294,260.656166,471.591332,-213.206768,284.828949,468.600004,-113.715820,256.714211,470.203600,-108.768330,0.000000,453.527792,-192.866459,264.824867,454.883637,-192.012005,308.463707,422.222078,-60.239758,235.985126,440.615530,-62.871985,341.122665,371.409967,-53.911638,200.271378,470.105324,-209.673405,380.945549,325.807672,-126.795549,186.035023,0.000000,-408.610954,392.095108,309.436755,-145.360413,187.156467,533.390501,-460.293694,387.298813,308.693504,-171.720085,193.469925,535.868454,-451.148224,382.629013,313.105631,-140.113506,194.810371,532.864037,-415.405540,310.952358,305.607591,-9.564261,267.514992,298.980603,0.000000,352.265930,229.753690,-41.205797,258.693638,211.935368,25.865068,392.471581,160.441332,126.580257,279.762630,163.054190,265.530396,392.997589,0.000000,137.121229,289.916496,157.141743,285.748444,0.000000,126.825786,12.561901,267.483063,131.573553,198.739986,
0.000000,0.000000,0.000000,0.000000,0.000000,0.000000,0.000000,0.000000,0.000000,0.000000,0.000000,0.000000,0.000000,0.000000,0.000000,0.000000,0.000000,0.000000,0.000000,0.000000,0.000000,0.000000,0.000000,0.000000,0.000000,0.000000,0.000000,0.000000,0.000000,0.000000,0.000000,0.000000,0.000000,0.000000,0.000000,0.000000,0.000000,0.000000,0.000000,0.000000,0.000000,0.000000,0.000000,0.000000,0.000000,0.000000,0.000000,0.000000,0.000000,0.000000,0.000000,0.000000,270.395107,462.130258,-236.821632,275.237179,470.324922,-221.309433,278.018379,470.226560,-221.297951,280.912361,470.239713,-221.281319,266.695156,471.122460,-219.782200,263.802738,471.358688,-0.000000,260.996647,471.522882,-219.785519,285.318489,468.599467,-121.563816,256.971035,470.173194,-115.060759,0.000000,453.525946,-198.641872,265.318413,454.844327,-197.304001,308.349094,422.341039,-69.450760,236.146774,440.121982,-64.008284,341.378021,371.071751,-56.095872,199.839039,0.000000,-203.607063,382.655067,326.346216,-128.576641,183.178902,521.954098,-406.843643,394.292374,310.600705,-0.000000,183.925076,0.000000,-459.303627,389.547310,309.514604,-173.678322,0.000000,538.261220,-445.592995,384.713440,313.690867,-142.768373,191.683559,535.049415,-410.626144,311.182709,305.602441,-0.000000,267.788200,298.973136,11.875089,352.300529,229.746737,-0.000000,258.986168,211.678519,28.353703,392.459488,160.449100,126.747847,279.631310,163.591619,274.688931,392.995262,151.395378,137.349110,0.000000,157.658830,294.797878,406.095467,0.000000,12.656362,267.568245,131.586900,208.279514,
0.000000,0.000000,0.000000,0.000000,0.000000,0.000000,0.000000,0.000000,0.000000,0.000000,0.000000,0.000000,0.000000,0.000000,0.000000,0.000000,0.000000,0.000000,0.000000,0.000000,0.000000,0.000000,0.000000,0.000000,0.000000,0.000000,0.000000,0.000000,0.000000,0.000000,0.000000,0.000000,0.000000,0.000000,0.000000,0.000000,0.000000,0.000000,0.000000,0.000000,0.000000,0.000000,0.000000,0.000000,0.000000,0.000000,0.000000,0.000000,0.000000,0.000000,0.000000,0.000000,270.995598,462.162681,-249.950199,275.739841,470.335886,-234.106712,278.456230,0.000000,-234.094334,0.000000,470.248017,-234.086590,267.341557,471.162157,-232.853565,264.406776,471.407676,-0.000000,261.590786,471.590967,-232.861938,285.234032,468.640966,-132.638111,257.217045,470.392299,-0.000000,276.327572,453.646431,-211.054325,265.666771,454.965971,-210.116539,308.534145,422.518344,-83.852491,235.618763,440.150971,-67.610369,341.511421,370.597107,-78.696046,199.046497,470.196111,-0.000000,384.453506,326.747174,-159.703522,180.849514,523.395302,-414.976501,396.192322,311.561451,-0.000000,180.944328,537.765098,-466.234818,391.521378,310.508566,-208.201866,186.970291,540.727061,-459.885902,0.000000,314.396696,-173.725319,188.509140,537.377551,-422.687912,311.563015,305.517426,-14.714931,268.100433,298.940520,14.489019,352.391510,229.707255,-45.524154,259.284973,211.710148,45.587335,392.460594,160.787101,139.086323,279.293308,163.585567,288.121834,393.114853,151.456962,150.331926,289.375420,157.590165,0.000000,405.793343,126.770983,23.457160,267.510319,131.270142,217.392673,
0.000000,0.000000,0.000000,0.000000,0.000000,0.000000,0.000000,0.000000,0.000000,0.000000,0.000000,0.000000,0.000000,0.000000,0.000000,0.000000,0.000000,0.000000,0.000000,0.000000,0.000000,0.000000,0.000000,0.000000,0.000000,0.000000,0.000000,0.000000,0.000000,0.000000,0.000000,0.000000,0.000000,0.000000,0.000000,0.000000,0.000000,0.000000,0.000000,0.000000,0.000000,0.000000,0.000000,0.000000,0.000000,0.000000,0.000000,0.000000,0.000000,0.000000,0.000000,0.000000,270.315094,0.000000,-248.103619,275.120125,470.340607,-232.938862,277.901573,470.237546,-232.925224,0.000000,470.268853,-232.922745,266.588650,471.157415,-231.050453,263.773899,471.402934,-231.091194,261.036987,471.584809,-231.057796,285.253868,468.778296,-136.621876,257.307377,470.479503,-126.353283,276.201515,0.000000,-210.319328,265.344143,455.032103,-208.484058,308.781128,422.803795,-92.664623,235.770302,0.000000,-62.050681,341.705551,0.000000,-89.798002,0.000000,470.298142,-180.711422,385.814285,327.077065,-169.357281,178.441353,524.338646,-360.533409,397.689285,312.292857,-191.238937,177.057781,539.219327,-407.110634,393.027382,311.285505,-218.112888,183.019772,542.469864,-406.745529,388.125877,314.981761,-183.007431,185.027885,539.000437,-370.819626,312.299232,305.512319,-20.238426,268.809566,298.986783,20.019078,352.483597,229.697428,-44.478436,259.778137,211.839151,66.816878,392.400131,161.434736,0.000000,278.993187,164.155569,0.000000,393.136215,151.623173,145.120974,289.199829,158.019233,319.034214,405.510941,126.896982,17.467349,267.512054,131.259198,232.048664,
0.000000,0.000000,0.000000,0.000000,0.000000,0.000000,0.000000,0.000000,0.000000,0.000000,0.000000,0.000000,0.000000,0.000000,0.000000,0.000000,0.000000,0.000000,0.000000,0.000000,0.000000,0.000000,0.000000,0.000000,0.000000,0.000000,0.000000,0.000000,0.000000,0.000000,0.000000,0.000000,0.000000,0.000000,0.000000,0.000000,0.000000,0.000000,0.000000,0.000000,0.000000,0.000000,0.000000,0.000000,0.000000,0.000000,0.000000,0.000000,0.000000,0.000000,0.000000,0.000000,270.668087,462.245357,-247.730389,275.432281,470.349255,-232.715359,278.170834,470.244370,-232.703590,280.994453,470.280461,-232.704716,266.970577,471.162930,-230.903912,264.139156,471.415658,-230.945854,261.404209,471.611266,-230.914040,0.000000,468.808873,-136.186199,257.563725,470.646143,-127.257442,276.460781,453.845065,-210.143585,265.602207,455.129907,-0.000000,308.949184,422.947304,-91.520071,235.942059,440.151315,-63.254509,342.571411,369.996786,-88.800488,198.671436,470.584538,-181.835728,386.690140,0.000000,-171.270561,176.499996,0.000000,-360.306358,398.763123,312.599316,-193.232937,174.297466,540.157918,-407.288208,394.342041,311.548834,-220.214291,179.238911,543.182302,-407.079239,389.358864,315.138187,-185.016632,181.516323,539.425879,-370.505028,313.399754,305.409536,-21.000013,269.841709,298.897390,20.794640,352.592888,229.692149,-43.123636,260.255585,211.843400,62.630482,392.492752,161.457868,126.029291,278.997955,164.140506,295.261288,393.556938,151.496143,135.222073,289.201698,158.062148,313.605404,405.339546,0.000000,7.417985,0.000000,131.106763,226.618023,
0.000000,0.000000,0.000000,0.000000,0.000000,0.000000,0.000000,0.000000,0.000000,0.000000,0.000000,0.000000,0.000000,0.000000,0.000000,0.000000,0.000000,0.000000,0.000000,0.000000,0.000000,0.000000,0.000000,0.000000,0.000000,0.000000,0.000000,0.000000,0.000000,0.000000,0.000000,0.000000,0.000000,0.000000,0.000000,0.000000,0.000000,0.000000,0.000000,0.000000,0.000000,0.000000,0.000000,0.000000,0.000000,0.000000,0.000000,0.000000,0.000000,0.000000,0.000000,0.000000,270.925846,0.000000,-245.431156,275.693512,470.546730,-231.559410,278.418217,0.000000,-231.566257,281.186466,0.000000,-231.571236,267.247581,0.000000,-228.950386,264.407845,471.742179,-0.000000,261.661415,471.976283,-228.962154,0.000000,469.181485,-0.000000,257.657661,471.236808,-126.896553,276.586914,453.964262,-0.000000,265.788574,455.302513,-206.670113,309.186897,423.177009,-91.953974,0.000000,440.165284,-60.183711,343.371735,369.701357,-0.000000,198.760490,470.748904,-168.909702,387.626915,327.212849,-171.143875,174.909172,524.646049,-337.726746,399.909592,312.833419,-192.984581,172.070427,541.029131,-382.245407,395.848999,311.900311,-219.694195,176.482868,0.000000,-383.572769,390.785789,315.400658,-0.000000,178.981800,540.110539,-348.427811,0.000000,305.412369,-22.033429,270.742435,299.018154,21.829722,0.000000,229.677901,-0.000000,260.942268,212.269335,59.640722,392.726898,161.512799,127.612276,278.938484,164.023304,281.727295,393.977585,151.391730,136.650925,289.203243,157.723675,297.594604,405.302162,127.914805,13.456273,267.538509,130.573368,213.048401,
0.000000,0.000000,0.000000,0.000000,0.000000,0.000000,0.000000,0.000000,0.000000,0.000000,0.000000,0.000000,0.000000,0.000000,0.000000,0.000000,0.000000,0.000000,0.000000,0.000000,0.000000,0.000000,0.000000,0.000000,0.000000,0.000000,0.000000,0.000000,0.000000,0.000000,0.000000,0.000000,0.000000,0.000000,0.000000,0.000000,0.000000,0.000000,0.000000,0.000000,0.000000,0.000000,0.000000,0.000000,0.000000,0.000000,0.000000,0.000000,0.000000,0.000000,0.000000,0.000000,271.115627,462.578337,-248.186607,275.731621,470.674918,-234.507771,278.450985,470.569453,-234.512310,281.297359,470.652816,-234.521523,267.327271,471.539447,-231.983471,0.000000,471.822667,-232.025337,0.000000,472.052007,-231.992912,286.008396,469.350379,-139.992247,257.870636,0.000000,-130.432310,277.078152,454.041016,-212.034836,266.120148,455.350041,-209.282227,309.980469,423.280177,-97.834234,236.474152,440.052867,-61.283078,344.357643,369.340053,-95.949306,198.783150,470.721180,-165.583191,0.000000,327.311683,-180.484142,173.233032,523.848488,-0.000000,400.754509,312.996368,-0.000000,169.064350,540.467348,-376.026649,396.957550,312.167115,-230.143394,173.594913,543.380849,-378.804817,391.764946,315.643644,-194.432564,176.475773,539.146135,-343.079834,315.884438,305.415974,-22.444193,271.575127,299.032788,22.247453,352.932549,229.708071,-29.457238,261.830025,212.758441,64.644632,393.072586,161.589060,130.914888,278.956413,163.767443,282.420654,394.289742,151.313539,139.852648,289.253750,157.267528,298.111324,405.248184,128.526778,17.132483,0.000000,130.204511,213.282871,
0.000000,0.000000,0.000000,0.000000,0.000000,0.000000,0.000000,0.000000,0.000000,0.000000,0.000000,0.000000,0.000000,0.000000,0.000000,0.000000,0.000000,0.000000,0.000000,0.000000,0.000000,0.000000,0.000000,0.000000,0.000000,0.000000,0.000000,0.000000,0.000000,0.000000,0.000000,0.000000,0.000000,0.000000,0.000000,0.000000,0.000000,0.000000,0.000000,0.000000,0.000000,0.000000,0.000000,0.000000,0.000000,0.000000,0.000000,0.000000,0.000000,0.000000,0.000000,0.000000,272.426815,462.974467,-0.000000,276.968899,470.996332,-233.748798,279.738922,470.890718,-233.744316,282.783756,470.994723,-233.751335,268.616333,471.955705,-231.337090,0.000000,472.288663,-231.377754,262.795658,472.554824,-231.346416,287.688198,469.765391,-138.160477,259.083500,471.979394,-130.584431,278.249969,454.390197,-211.109200,267.209930,455.705831,-208.643837,311.351051,423.613501,-95.632372,237.681160,440.050893,-61.973062,345.644989,369.136012,-91.700115,198.855476,470.667150,-0.000000,389.098244,327.270312,-174.266777,172.276402,523.820894,-315.580635,401.767578,312.978387,-195.771923,167.115993,540.097858,-357.403412,398.167191,312.173080,-0.000000,171.412029,543.546642,-360.866051,393.048859,315.670938,-188.169575,174.790611,539.467185,-326.660461,317.631588,305.671492,-22.091451,0.000000,299.266033,21.891139,354.108887,229.703736,-24.161754,263.210335,213.296857,65.499344,393.281517,161.587601,135.182266,278.958931,163.695560,279.030151,394.508591,151.101151,0.000000,289.254875,156.918755,294.213810,405.218887,128.657413,24.175029,267.482033,130.108767,209.758892,
0.000000,0.000000,0.000000,0.000000,0.000000,0.000000,0.000000,0.000000,0.000000,0.000000,0.000000,0.000000,0.000000,0.000000,0.000000,0.000000,0.000000,0.000000,0.000000,0.000000,0.000000,0.000000,0.000000,0.000000,0.000000,0.000000,0.000000,0.000000,0.000000,0.000000,0.000000,0.000000,0.000000,0.000000,0.000000,0.000000,0.000000,0.000000,0.000000,0.000000,0.000000,0.000000,0.000000,0.000000,0.000000,0.000000,0.000000,0.000000,0.000000,0.000000,0.000000,0.000000,276.797447,463.448188,-246.296921,281.303673,471.528697,-231.336174,284.298401,471.413491,-231.343346,287.280388,471.442437,-231.347046,273.172703,472.628403,-230.853939,270.187473,473.059680,-230.893745,266.845608,473.417723,-230.857391,291.032906,469.924006,-133.724899,0.000000,472.810857,-130.620556,281.478424,454.741631,-208.415642,270.647697,456.067801,-0.000000,0.000000,424.058511,-90.755825,239.540462,440.063939,-62.350755,347.584610,369.022586,-82.065248,198.906116,470.277801,-165.986004,389.220810,326.727433,-167.129936,170.334511,523.140171,-331.490211,401.796036,312.426066,-186.728115,165.113544,539.069467,-375.083961,398.561859,311.747446,-214.311924,169.367962,542.675815,-375.977478,393.686867,315.058966,-181.549263,172.756996,538.622911,-341.609879,320.177956,306.005287,-21.497416,274.982204,299.544382,21.299882,0.000000,229.699531,-23.743498,265.330811,213.471479,55.173392,394.293594,161.334658,143.314943,0.000000,163.682942,261.726284,395.399818,0.000000,153.423100,289.485531,156.644182,277.135563,404.963264,128.858171,32.089329,267.502899,130.132670,188.342018,
