0.000000,0.000000,0.000000,0.000000,0.000000,0.000000,0.000000,0.000000,0.000000,0.000000,0.000000,0.000000,0.000000,0.000000,0.000000,0.000000,0.000000,0.000000,0.000000,0.000000,0.000000,0.000000,0.000000,0.000000,0.000000,0.000000,0.000000,0.000000,0.000000,0.000000,0.000000,0.000000,0.000000,0.000000,0.000000,0.000000,0.000000,0.000000,0.000000,0.000000,0.000000,0.000000,0.000000,0.000000,0.000000,0.000000,0.000000,0.000000,0.000000,0.000000,0.000000,0.000000,0.000000,0.000000,0.000000,0.000000,0.000000,0.000000,0.000000,0.000000,0.000000,0.000000,0.000000,0.000000,0.000000,0.000000,0.000000,0.000000,0.000000,0.000000,0.000000,0.000000,0.000000,0.000000,0.000000,-10.780902,0.000000,0.000000,-2.365618,0.000000,0.000000,0.000000,0.000000,0.000000,0.000000,0.000000,0.000000,3.424330,0.000000,0.000000,4.051239,0.000000,0.000000,0.296878,0.000000,0.000000,-10.647323,0.000000,0.000000,-15.493729,0.000000,0.000000,6.384653,0.000000,0.000000,9.037844,0.000000,0.000000,-0.000000,0.000000,0.000000,0.000000,0.000000,0.000000,8.116685,0.000000,0.000000,3.015794,0.000000,0.000000,-3.648234,0.000000,0.000000,-0.437270,0.000000,0.000000,0.368411,0.000000,0.000000,-6.602338,0.000000,0.000000,-5.227735,0.000000,0.000000,-6.338979,0.000000,0.000000,-10.267652,0.000000,0.000000,1.563400,0.000000,0.000000,-0.206827,0.000000,0.000000,-7.518555,0.000000,0.000000,3.878155,
0.000000,0.000000,0.000000,0.000000,0.000000,0.000000,0.000000,0.000000,0.000000,0.000000,0.000000,0.000000,0.000000,0.000000,0.000000,0.000000,0.000000,0.000000,0.000000,0.000000,0.000000,0.000000,0.000000,0.000000,0.000000,0.000000,0.000000,0.000000,0.000000,0.000000,0.000000,0.000000,0.000000,0.000000,0.000000,0.000000,0.000000,0.000000,0.000000,0.000000,0.000000,0.000000,0.000000,0.000000,0.000000,0.000000,0.000000,0.000000,0.000000,0.000000,0.000000,0.000000,0.000000,0.000000,0.000000,0.000000,0.000000,0.000000,0.000000,0.000000,0.000000,0.000000,0.000000,0.000000,0.000000,0.000000,0.000000,0.000000,0.000000,0.000000,0.000000,0.000000,0.000000,0.000000,0.000000,-10.780902,0.000000,0.000000,-2.365618,0.000000,0.000000,0.000000,0.000000,0.000000,0.000000,0.000000,0.000000,3.424330,0.000000,0.000000,4.051239,0.000000,0.000000,0.296878,0.000000,0.000000,-10.647323,0.000000,0.000000,-15.493729,0.000000,0.000000,0.000000,0.000000,0.000000,9.037844,0.000000,0.000000,-4.540076,0.000000,0.000000,0.000000,0.000000,0.000000,8.116685,0.000000,0.000000,3.015794,0.000000,0.000000,-3.648234,0.000000,0.000000,-0.437270,0.000000,0.000000,0.368411,0.000000,0.000000,-6.602338,0.000000,0.000000,-5.227735,0.000000,0.000000,-6.338979,0.000000,0.000000,-10.267652,0.000000,0.000000,1.563400,0.000000,0.000000,-0.206827,0.000000,0.000000,-7.518555,0.000000,0.000000,3.878155,
0.000000,0.000000,0.000000,0.000000,0.000000,0.000000,0.000000,0.000000,0.000000,0.000000,0.000000,0.000000,0.000000,0.000000,0.000000,0.000000,0.000000,0.000000,0.000000,0.000000,0.000000,0.000000,0.000000,0.000000,0.000000,0.000000,0.000000,0.000000,0.000000,0.000000,0.000000,0.000000,0.000000,0.000000,0.000000,0.000000,0.000000,0.000000,0.000000,0.000000,0.000000,0.000000,0.000000,0.000000,0.000000,0.000000,0.000000,0.000000,0.000000,0.000000,0.000000,0.000000,0.000000,0.000000,0.000000,0.000000,0.000000,0.000000,0.000000,0.000000,0.000000,0.000000,0.000000,0.000000,0.000000,0.000000,0.000000,0.000000,0.000000,0.000000,0.000000,0.000000,0.000000,0.000000,0.000000,-10.780902,0.000000,0.000000,-2.365618,0.000000,0.000000,0.000000,0.000000,0.000000,0.000000,0.000000,0.000000,3.424330,0.000000,0.000000,4.051239,0.000000,0.000000,0.296878,0.000000,0.000000,-10.647323,0.000000,0.000000,-0.000000,0.000000,0.000000,6.384653,0.000000,0.000000,9.037844,0.000000,0.000000,-4.540076,0.000000,0.000000,0.000000,0.000000,0.000000,8.116685,0.000000,0.000000,3.015794,0.000000,0.000000,-3.648234,0.000000,0.000000,-0.437270,0.000000,0.000000,0.368411,0.000000,0.000000,-6.602338,0.000000,0.000000,-5.227735,0.000000,0.000000,-6.338979,0.000000,0.000000,-10.267652,0.000000,0.000000,1.563400,0.000000,0.000000,-0.206827,0.000000,0.000000,-7.518555,0.000000,0.000000,3.878155,
0.000000,0.000000,0.000000,0.000000,0.000000,0.000000,0.000000,0.000000,0.000000,0.000000,0.000000,0.000000,0.000000,0.000000,0.000000,0.000000,0.000000,0.000000,0.000000,0.000000,0.000000,0.000000,0.000000,0.000000,0.000000,0.000000,0.000000,0.000000,0.000000,0.000000,0.000000,0.000000,0.000000,0.000000,0.000000,0.000000,0.000000,0.000000,0.000000,0.000000,0.000000,0.000000,0.000000,0.000000,0.000000,0.000000,0.000000,0.000000,0.000000,0.000000,0.000000,0.000000,332.372010,507.930961,-446.506348,332.759338,514.121847,-433.473015,334.043976,513.714655,-433.472176,335.389099,513.285723,-433.485947,327.532990,514.716033,-436.584091,324.845002,514.649893,-436.654396,295.134160,514.496766,-436.625748,334.796051,507.632236,-319.014168,314.143189,508.827196,-334.340210,334.107361,497.448595,-400.956841,327.365234,498.249501,-405.130615,352.026855,466.259396,-216.749420,265.898430,445.457978,-217.309055,387.873047,402.417059,-164.074543,248.629132,380.943382,-168.150065,416.234436,363.875086,-284.299275,214.768193,378.648552,-268.573370,427.621826,333.438022,-316.983633,189.567844,346.674482,-301.632306,426.719422,375.351102,-363.371658,191.755943,348.209908,-340.135176,422.411438,372.661256,-297.792439,193.608055,345.476795,-308.680009,360.925123,349.055606,-0.437270,293.951080,350.040341,0.368411,356.709486,258.040272,-40.893115,300.623347,240.323567,-42.603641,366.629186,166.927168,66.152939,277.757998,160.766767,56.041834,365.687055,0.000000,52.007134,279.525424,155.178995,67.186913,0.000000,132.771669,-63.803136,271.923642,132.658565,-66.200337,
0.000000,0.000000,0.000000,0.000000,0.000000,0.000000,0.000000,0.000000,0.000000,0.000000,0.000000,0.000000,0.000000,0.000000,0.000000,0.000000,0.000000,0.000000,0.000000,0.000000,0.000000,0.000000,0.000000,0.000000,0.000000,0.000000,0.000000,0.000000,0.000000,0.000000,0.000000,0.000000,0.000000,0.000000,0.000000,0.000000,0.000000,0.000000,0.000000,0.000000,0.000000,0.000000,0.000000,0.000000,0.000000,0.000000,0.000000,0.000000,0.000000,0.000000,0.000000,0.000000,332.372010,507.930961,-446.506348,332.759338,514.121847,-433.473015,334.043976,513.714655,-433.472176,335.389099,0.000000,-433.485947,327.532990,514.716033,-436.584091,324.845002,514.649893,-436.654396,295.134160,514.496766,-436.625748,334.796051,507.632236,-319.014168,314.143189,508.827196,-334.340210,334.107361,497.448595,-400.956841,327.365234,498.249501,-405.130615,352.026855,466.259396,-216.749420,265.898430,445.457978,-217.309055,387.873047,0.000000,-164.074543,248.629132,380.943382,-168.150065,416.234436,363.875086,-284.299275,214.768193,378.648552,-268.573370,427.621826,333.438022,-316.983633,189.567844,346.674482,-264.495777,426.719422,375.351102,-363.371658,191.755943,348.209908,-305.309990,422.411438,372.661256,-297.792439,193.608055,345.476795,-274.787590,360.925123,349.055606,-0.437270,293.951080,350.040341,0.368411,356.709486,258.040272,-23.747727,300.623347,258.809996,-23.915688,366.629186,166.927168,90.316911,277.757998,160.766767,78.144996,365.687055,167.385315,102.450868,279.525424,155.178995,89.651493,366.595101,142.984875,-35.660845,271.923642,132.658565,-42.840839,
0.000000,0.000000,0.000000,0.000000,0.000000,0.000000,0.000000,0.000000,0.000000,0.000000,0.000000,0.000000,0.000000,0.000000,0.000000,0.000000,0.000000,0.000000,0.000000,0.000000,0.000000,0.000000,0.000000,0.000000,0.000000,0.000000,0.000000,0.000000,0.000000,0.000000,0.000000,0.000000,0.000000,0.000000,0.000000,0.000000,0.000000,0.000000,0.000000,0.000000,0.000000,0.000000,0.000000,0.000000,0.000000,0.000000,0.000000,0.000000,0.000000,0.000000,0.000000,0.000000,332.372010,507.930961,-386.972168,332.759338,514.121847,-375.676613,334.043976,513.714655,-375.675886,335.389099,513.285723,-375.687821,327.532990,514.716033,-378.372879,324.845002,514.649893,-378.433810,295.134160,514.496766,-378.408982,334.796051,507.632236,-271.593666,314.143189,508.827196,-286.915268,334.107361,497.448595,-347.495929,327.365234,498.249501,-351.113200,352.026855,466.259396,-182.876535,265.898430,445.457978,-180.415673,387.873047,402.417059,-140.592912,248.629132,380.943382,-141.899608,416.234436,363.875086,-250.698582,214.768193,378.648552,-234.203617,427.621826,333.438022,-280.759024,189.567844,346.674482,-264.495777,426.719422,375.351102,-290.697326,0.000000,348.209908,-305.309990,422.411438,372.661256,-264.369302,193.608055,345.476795,-240.895170,360.925123,349.055606,-0.437270,293.951080,350.040341,0.368411,356.709486,258.040272,-58.038503,300.623347,258.809996,-23.915688,366.629186,166.927168,41.988966,277.757998,173.133442,78.144996,0.000000,167.385315,52.007134,279.525424,155.178995,89.651493,366.595101,142.984875,-63.803136,271.923642,142.863070,-42.840839,
0.000000,0.000000,0.000000,0.000000,0.000000,0.000000,0.000000,0.000000,0.000000,0.000000,0.000000,0.000000,0.000000,0.000000,0.000000,0.000000,0.000000,0.000000,0.000000,0.000000,0.000000,0.000000,0.000000,0.000000,0.000000,0.000000,0.000000,0.000000,0.000000,0.000000,0.000000,0.000000,0.000000,0.000000,0.000000,0.000000,0.000000,0.000000,0.000000,0.000000,0.000000,0.000000,0.000000,0.000000,0.000000,0.000000,0.000000,0.000000,0.000000,0.000000,0.000000,0.000000,332.372010,507.930961,-386.972168,332.759338,514.121847,-375.676613,334.043976,513.714655,-375.675886,335.389099,513.285723,-375.687821,327.532990,514.716033,-378.372879,324.845002,514.649893,-378.433810,295.134160,514.496766,-378.408982,334.796051,507.632236,-271.593666,314.143189,508.827196,-286.915268,334.107361,497.448595,-347.495929,327.365234,498.249501,-351.113200,352.026855,466.259396,-182.876535,265.898430,445.457978,-180.415673,387.873047,402.417059,-140.592912,248.629132,380.943382,-141.899608,416.234436,363.875086,-250.698582,214.768193,336.576491,-234.203617,427.621826,375.117775,-280.759024,189.567844,346.674482,-264.495777,426.719422,375.351102,-290.697326,191.755943,348.209908,-305.309990,422.411438,372.661256,-264.369302,193.608055,0.000000,-240.895170,360.925123,349.055606,-0.437270,293.951080,350.040341,0.368411,0.000000,258.040272,-40.893115,300.623347,258.809996,-23.915688,366.629186,166.927168,66.152939,277.757998,173.133442,78.144996,365.687055,167.385315,77.229001,279.525424,155.178995,89.651493,366.595101,142.984875,-35.660845,271.923642,142.863070,-42.840839,
0.000000,0.000000,0.000000,0.000000,0.000000,0.000000,0.000000,0.000000,0.000000,0.000000,0.000000,0.000000,0.000000,0.000000,0.000000,0.000000,0.000000,0.000000,0.000000,0.000000,0.000000,0.000000,0.000000,0.000000,0.000000,0.000000,0.000000,0.000000,0.000000,0.000000,0.000000,0.000000,0.000000,0.000000,0.000000,0.000000,0.000000,0.000000,0.000000,0.000000,0.000000,0.000000,0.000000,0.000000,0.000000,0.000000,0.000000,0.000000,0.000000,0.000000,0.000000,0.000000,332.372010,507.930961,-386.972168,332.759338,514.121847,-346.778412,334.043976,513.714655,-346.777741,335.389099,513.285723,-346.788758,327.532990,514.716033,-349.267273,324.845002,514.649893,-349.323517,295.134160,514.496766,-349.300598,334.796051,507.632236,-271.593666,314.143189,508.827196,-263.202797,334.107361,497.448595,-320.765473,327.365234,498.249501,-324.104492,352.026855,466.259396,-182.876535,265.898430,445.457978,-180.415673,387.873047,402.417059,-164.074543,248.629132,380.943382,-141.899608,416.234436,363.875086,-250.698582,214.768193,336.576491,-234.203617,427.621826,375.117775,-280.759024,189.567844,346.674482,-227.359248,426.719422,375.351102,-327.034492,191.755943,348.209908,-270.484804,422.411438,372.661256,-264.369302,193.608055,345.476795,-240.895170,360.925123,349.055606,3.174392,293.951080,350.040341,-3.257558,356.709486,258.040272,-23.747727,300.623347,258.809996,-23.915688,366.629186,166.927168,90.316911,277.757998,173.133442,78.144996,365.687055,167.385315,102.450868,279.525424,155.178995,89.651493,366.595101,142.984875,-7.518555,271.923642,142.863070,-19.481342,
0.000000,0.000000,0.000000,0.000000,0.000000,0.000000,0.000000,0.000000,0.000000,0.000000,0.000000,0.000000,0.000000,0.000000,0.000000,0.000000,0.000000,0.000000,0.000000,0.000000,0.000000,0.000000,0.000000,0.000000,0.000000,0.000000,0.000000,0.000000,0.000000,0.000000,0.000000,0.000000,0.000000,0.000000,0.000000,0.000000,0.000000,0.000000,0.000000,0.000000,0.000000,0.000000,0.000000,0.000000,0.000000,0.000000,0.000000,0.000000,0.000000,0.000000,0.000000,0.000000,332.372010,507.930961,-357.205078,332.759338,514.121847,-346.778412,334.043976,513.714655,-346.777741,335.389099,513.285723,-346.788758,327.532990,514.716033,-349.267273,324.845002,514.649893,-349.323517,295.134160,514.496766,-349.300598,334.796051,507.632236,-247.883414,314.143189,508.827196,-263.202797,334.107361,497.448595,-320.765473,327.365234,0.000000,-324.104492,352.026855,466.259396,-182.876535,265.898430,445.457978,-180.415673,387.873047,402.417059,-140.592912,248.629132,380.943382,-141.899608,416.234436,363.875086,-250.698582,214.768193,378.648552,-199.833864,427.621826,375.117775,-280.759024,189.567844,346.674482,-227.359248,426.719422,375.351102,-327.034492,191.755943,348.209908,-270.484804,422.411438,372.661256,-264.369302,193.608055,345.476795,-240.895170,360.925123,349.055606,3.174392,293.951080,350.040341,-3.257558,356.709486,258.040272,-23.747727,300.623347,258.809996,-23.915688,366.629186,179.767720,90.316911,277.757998,173.133442,78.144996,365.687055,167.385315,77.229001,279.525424,155.178995,89.651493,366.595101,0.000000,-35.660845,271.923642,142.863070,-19.481342,
0.000000,0.000000,0.000000,0.000000,0.000000,0.000000,0.000000,0.000000,0.000000,0.000000,0.000000,0.000000,0.000000,0.000000,0.000000,0.000000,0.000000,0.000000,0.000000,0.000000,0.000000,0.000000,0.000000,0.000000,0.000000,0.000000,0.000000,0.000000,0.000000,0.000000,0.000000,0.000000,0.000000,0.000000,0.000000,0.000000,0.000000,0.000000,0.000000,0.000000,0.000000,0.000000,0.000000,0.000000,0.000000,0.000000,0.000000,0.000000,0.000000,0.000000,0.000000,0.000000,332.372010,507.930961,-386.972168,332.759338,514.121847,-375.676613,334.043976,513.714655,-375.675886,335.389099,513.285723,-375.687821,327.532990,514.716033,-378.372879,324.845002,514.649893,-378.433810,295.134160,514.496766,-378.408982,334.796051,507.632236,-271.593666,314.143189,508.827196,-286.915268,334.107361,497.448595,-347.495929,327.365234,498.249501,-351.113200,352.026855,466.259396,-182.876535,265.898430,445.457978,-180.415673,387.873047,402.417059,-164.074543,248.629132,380.943382,-141.899608,416.234436,363.875086,-284.299275,214.768193,336.576491,-234.203617,427.621826,375.117775,-280.759024,189.567844,346.674482,-227.359248,426.719422,375.351102,-327.034492,191.755943,348.209908,-270.484804,422.411438,372.661256,-297.792439,193.608055,345.476795,-240.895170,360.925123,349.055606,3.174392,293.951080,350.040341,-3.257558,356.709486,258.040272,-23.747727,300.623347,258.809996,-23.915688,366.629186,179.767720,90.316911,277.757998,173.133442,78.144996,365.687055,167.385315,102.450868,279.525424,155.178995,89.651493,366.595101,142.984875,-7.518555,271.923642,142.863070,-19.481342,
0.000000,0.000000,0.000000,0.000000,0.000000,0.000000,0.000000,0.000000,0.000000,0.000000,0.000000,0.000000,0.000000,0.000000,0.000000,0.000000,0.000000,0.000000,0.000000,0.000000,0.000000,0.000000,0.000000,0.000000,0.000000,0.000000,0.000000,0.000000,0.000000,0.000000,0.000000,0.000000,0.000000,0.000000,0.000000,0.000000,0.000000,0.000000,0.000000,0.000000,0.000000,0.000000,0.000000,0.000000,0.000000,0.000000,0.000000,0.000000,0.000000,0.000000,0.000000,0.000000,332.372010,507.930961,-357.205078,332.759338,514.121847,-346.778412,334.043976,513.714655,-346.777741,335.389099,513.285723,-346.788758,327.532990,514.716033,-349.267273,324.845002,514.649893,-349.323517,295.134160,514.496766,-349.300598,334.796051,507.632236,-247.883414,314.143189,508.827196,-263.202797,334.107361,497.448595,-320.765473,327.365234,498.249501,-324.104492,352.026855,466.259396,-182.876535,265.898430,445.457978,-180.415673,387.873047,402.417059,-164.074543,248.629132,380.943382,-141.899608,416.234436,363.875086,-250.698582,214.768193,336.576491,-234.203617,427.621826,333.438022,-280.759024,189.567844,346.674482,-227.359248,426.719422,375.351102,-327.034492,191.755943,348.209908,-270.484804,422.411438,372.661256,-264.369302,193.608055,345.476795,-240.895170,360.925123,349.055606,3.174392,293.951080,350.040341,-3.257558,356.709486,258.040272,-40.893115,300.623347,258.809996,-23.915688,366.629186,179.767720,66.152939,277.757998,173.133442,78.144996,365.687055,167.385315,77.229001,279.525424,155.178995,89.651493,366.595101,142.984875,-35.660845,271.923642,142.863070,-19.481342,
0.000000,0.000000,0.000000,0.000000,0.000000,0.000000,0.000000,0.000000,0.000000,0.000000,0.000000,0.000000,0.000000,0.000000,0.000000,0.000000,0.000000,0.000000,0.000000,0.000000,0.000000,0.000000,0.000000,0.000000,0.000000,0.000000,0.000000,0.000000,0.000000,0.000000,0.000000,0.000000,0.000000,0.000000,0.000000,0.000000,0.000000,0.000000,0.000000,0.000000,0.000000,0.000000,0.000000,0.000000,0.000000,0.000000,0.000000,0.000000,0.000000,0.000000,0.000000,0.000000,332.372010,507.930961,-386.972168,332.759338,514.121847,-375.676613,334.043976,513.714655,-375.675886,335.389099,513.285723,-375.687821,327.532990,514.716033,-378.372879,0.000000,514.649893,-378.433810,295.134160,514.496766,-378.408982,334.796051,0.000000,-271.593666,314.143189,508.827196,-263.202797,334.107361,497.448595,-347.495929,327.365234,498.249501,-351.113200,352.026855,466.259396,-182.876535,265.898430,445.457978,-180.415673,387.873047,402.417059,-164.074543,248.629132,380.943382,-141.899608,416.234436,363.875086,-284.299275,214.768193,336.576491,-234.203617,427.621826,333.438022,-280.759024,189.567844,346.674482,-227.359248,426.719422,333.645424,-327.034492,191.755943,348.209908,-270.484804,422.411438,372.661256,-0.000000,193.608055,345.476795,-240.895170,360.925123,349.055606,3.174392,293.951080,350.040341,-3.257558,356.709486,0.000000,-0.000000,300.623347,258.809996,-23.915688,366.629186,179.767720,66.152939,277.757998,173.133442,100.248158,365.687055,167.385315,77.229001,279.525424,155.178995,112.116073,366.595101,142.984875,-35.660845,271.923642,142.863070,-19.481342,
0.000000,0.000000,0.000000,0.000000,0.000000,0.000000,0.000000,0.000000,0.000000,0.000000,0.000000,0.000000,0.000000,0.000000,0.000000,0.000000,0.000000,0.000000,0.000000,0.000000,0.000000,0.000000,0.000000,0.000000,0.000000,0.000000,0.000000,0.000000,0.000000,0.000000,0.000000,0.000000,0.000000,0.000000,0.000000,0.000000,0.000000,0.000000,0.000000,0.000000,0.000000,0.000000,0.000000,0.000000,0.000000,0.000000,0.000000,0.000000,0.000000,0.000000,0.000000,0.000000,332.372010,507.930961,-386.972168,332.759338,514.121847,-375.676613,334.043976,513.714655,-375.675886,335.389099,513.285723,-375.687821,327.532990,514.716033,-378.372879,324.845002,514.649893,-378.433810,295.134160,514.496766,-378.408982,334.796051,507.632236,-271.593666,314.143189,508.827196,-286.915268,334.107361,497.448595,-347.495929,327.365234,498.249501,-351.113200,352.026855,466.259396,-182.876535,265.898430,445.457978,-198.862364,387.873047,402.417059,-164.074543,248.629132,380.943382,-168.150065,416.234436,363.875086,-250.698582,214.768193,336.576491,-234.203617,427.621826,333.438022,-280.759024,189.567844,346.674482,-264.495777,426.719422,333.645424,-327.034492,191.755943,348.209908,-305.309990,422.411438,331.254450,-297.792439,193.608055,345.476795,-240.895170,360.925123,349.055606,3.174392,293.951080,325.037460,-3.257558,356.709486,258.040272,-75.183891,300.623347,258.809996,-23.915688,366.629186,166.927168,41.988966,277.757998,173.133442,100.248158,365.687055,167.385315,52.007134,279.525424,155.178995,112.116073,366.595101,142.984875,-63.803136,271.923642,142.863070,3.878155,
0.000000,0.000000,0.000000,0.000000,0.000000,0.000000,0.000000,0.000000,0.000000,0.000000,0.000000,0.000000,0.000000,0.000000,0.000000,0.000000,0.000000,0.000000,0.000000,0.000000,0.000000,0.000000,0.000000,0.000000,0.000000,0.000000,0.000000,0.000000,0.000000,0.000000,0.000000,0.000000,0.000000,0.000000,0.000000,0.000000,0.000000,0.000000,0.000000,0.000000,0.000000,0.000000,0.000000,0.000000,0.000000,0.000000,0.000000,0.000000,0.000000,0.000000,0.000000,0.000000,332.372010,507.930961,-386.972168,332.759338,514.121847,-375.676613,334.043976,513.714655,-375.675886,335.389099,513.285723,-375.687821,327.532990,514.716033,-378.372879,324.845002,514.649893,-378.433810,295.134160,514.496766,-378.408982,334.796051,507.632236,-271.593666,314.143189,508.827196,-286.915268,334.107361,497.448595,-347.495929,327.365234,498.249501,-351.113200,352.026855,432.955154,-199.812978,265.898430,445.457978,-198.862364,387.873047,402.417059,-164.074543,248.629132,380.943382,-0.000000,416.234436,363.875086,-250.698582,214.768193,336.576491,-234.203617,427.621826,333.438022,-280.759024,210.630938,303.340172,-264.495777,426.719422,333.645424,-327.034492,213.062159,304.683669,-305.309990,422.411438,331.254450,-264.369302,215.120061,345.476795,-274.787590,360.925123,349.055606,3.174392,293.951080,325.037460,-3.257558,356.709486,258.040272,-126.620056,300.623347,240.323567,-23.915688,366.629186,166.927168,-6.338979,277.757998,173.133442,100.248158,365.687055,167.385315,1.563400,279.525424,155.178995,112.116073,366.595101,142.984875,-120.087718,271.923642,142.863070,3.878155,
0.000000,0.000000,0.000000,0.000000,0.000000,0.000000,0.000000,0.000000,0.000000,0.000000,0.000000,0.000000,0.000000,0.000000,0.000000,0.000000,0.000000,0.000000,0.000000,0.000000,0.000000,0.000000,0.000000,0.000000,0.000000,0.000000,0.000000,0.000000,0.000000,0.000000,0.000000,0.000000,0.000000,0.000000,0.000000,0.000000,0.000000,0.000000,0.000000,0.000000,0.000000,0.000000,0.000000,0.000000,0.000000,0.000000,0.000000,0.000000,0.000000,0.000000,0.000000,0.000000,332.372010,471.650178,-357.205078,332.759338,514.121847,-346.778412,334.043976,513.714655,-0.000000,335.389099,513.285723,-346.788758,327.532990,514.716033,-349.267273,324.845002,514.649893,-349.323517,295.134160,514.496766,-349.300598,334.796051,507.632236,-247.883414,314.143189,508.827196,-263.202797,334.107361,461.916553,-320.765473,0.000000,462.660251,-324.104492,352.026855,432.955154,-182.876535,265.898430,445.457978,-180.415673,387.873047,365.833690,-164.074543,248.629132,380.943382,-168.150065,416.234436,323.444521,-250.698582,214.768193,336.576491,-234.203617,427.621826,333.438022,-280.759024,210.630938,303.340172,-264.495777,426.719422,333.645424,-327.034492,213.062159,304.683669,-305.309990,422.411438,331.254450,-264.369302,215.120061,302.292196,-240.895170,360.925123,324.123062,-0.437270,293.951080,325.037460,0.368411,356.709486,258.040272,-178.056221,300.623347,240.323567,-23.915688,366.629186,166.927168,-54.666924,277.757998,173.133442,122.351320,365.687055,167.385315,-48.880334,279.525424,155.178995,134.580653,366.595101,142.984875,-176.372299,271.923642,142.863070,27.237652,
0.000000,0.000000,0.000000,0.000000,0.000000,0.000000,0.000000,0.000000,0.000000,0.000000,0.000000,0.000000,0.000000,0.000000,0.000000,0.000000,0.000000,0.000000,0.000000,0.000000,0.000000,0.000000,0.000000,0.000000,0.000000,0.000000,0.000000,0.000000,0.000000,0.000000,0.000000,0.000000,0.000000,0.000000,0.000000,0.000000,0.000000,0.000000,0.000000,0.000000,0.000000,0.000000,0.000000,0.000000,0.000000,0.000000,0.000000,0.000000,0.000000,0.000000,0.000000,0.000000,332.372010,471.650178,-357.205078,332.759338,477.398858,-346.778412,334.043976,477.020751,-346.777741,335.389099,476.622457,-346.788758,327.532990,477.950602,-349.267273,324.845002,477.889187,-349.323517,295.134160,477.746997,-349.300598,334.796051,471.372790,-247.883414,314.143189,472.482397,-263.202797,334.107361,461.916553,-320.765473,327.365234,462.660251,-324.104492,352.026855,432.955154,-0.000000,265.898430,411.191980,-180.415673,387.873047,365.833690,-164.074543,248.629132,342.849044,-141.899608,416.234436,323.444521,-250.698582,214.768193,336.576491,-234.203617,0.000000,333.438022,-280.759024,210.630938,303.340172,-264.495777,426.719422,333.645424,-327.034492,213.062159,304.683669,-270.484804,422.411438,331.254450,-264.369302,215.120061,302.292196,-240.895170,360.925123,0.000000,-0.437270,293.951080,325.037460,0.368411,356.709486,239.608824,-160.910833,300.623347,240.323567,-61.291593,366.629186,166.927168,-6.338979,277.757998,173.133442,122.351320,365.687055,167.385315,1.563400,279.525424,155.178995,134.580653,366.595101,142.984875,-120.087718,271.923642,142.863070,27.237652,
0.000000,0.000000,0.000000,0.000000,0.000000,0.000000,0.000000,0.000000,0.000000,0.000000,0.000000,0.000000,0.000000,0.000000,0.000000,0.000000,0.000000,0.000000,0.000000,0.000000,0.000000,0.000000,0.000000,0.000000,0.000000,0.000000,0.000000,0.000000,0.000000,0.000000,0.000000,0.000000,0.000000,0.000000,0.000000,0.000000,0.000000,0.000000,0.000000,0.000000,0.000000,0.000000,0.000000,0.000000,0.000000,0.000000,0.000000,0.000000,0.000000,0.000000,0.000000,0.000000,332.372010,471.650178,-357.205078,332.759338,477.398858,-317.880211,334.043976,477.020751,-317.879596,335.389099,476.622457,-317.889694,0.000000,477.950602,-320.161667,324.845002,477.889187,-320.213224,295.134160,477.746997,-320.192215,334.796051,471.372790,-224.173163,314.143189,472.482397,-239.490327,334.107361,461.916553,-320.765473,327.365234,462.660251,-324.104492,352.026855,432.955154,-182.876535,265.898430,411.191980,-161.968981,387.873047,365.833690,-164.074543,248.629132,342.849044,-141.899608,416.234436,323.444521,-250.698582,214.768193,336.576491,-234.203617,427.621826,291.758270,-280.759024,210.630938,0.000000,-227.359248,426.719422,291.939746,-327.034492,213.062159,304.683669,-270.484804,422.411438,289.847643,-264.369302,215.120061,302.292196,-240.895170,360.925123,324.123062,-0.437270,293.951080,325.037460,0.368411,356.709486,239.608824,-0.000000,300.623347,240.323567,-42.603641,366.629186,166.927168,114.480884,277.757998,173.133442,144.454483,365.687055,167.385315,127.672735,279.525424,155.178995,157.045232,366.595101,142.984875,20.623736,271.923642,142.863070,50.597149,
0.000000,0.000000,0.000000,0.000000,0.000000,0.000000,0.000000,0.000000,0.000000,0.000000,0.000000,0.000000,0.000000,0.000000,0.000000,0.000000,0.000000,0.000000,0.000000,0.000000,0.000000,0.000000,0.000000,0.000000,0.000000,0.000000,0.000000,0.000000,0.000000,0.000000,0.000000,0.000000,0.000000,0.000000,0.000000,0.000000,0.000000,0.000000,0.000000,0.000000,0.000000,0.000000,0.000000,0.000000,0.000000,0.000000,0.000000,0.000000,0.000000,0.000000,0.000000,0.000000,332.372010,471.650178,-357.205078,332.759338,0.000000,-346.778412,334.043976,477.020751,-346.777741,335.389099,476.622457,-346.788758,327.532990,477.950602,-349.267273,324.845002,477.889187,-349.323517,295.134160,477.746997,-349.300598,334.796051,471.372790,-247.883414,314.143189,472.482397,-239.490327,334.107361,461.916553,-320.765473,327.365234,462.660251,-324.104492,352.026855,432.955154,-182.876535,265.898430,411.191980,-161.968981,387.873047,365.833690,-164.074543,248.629132,342.849044,-141.899608,416.234436,323.444521,-250.698582,214.768193,336.576491,-234.203617,427.621826,291.758270,-280.759024,210.630938,303.340172,-264.495777,426.719422,291.939746,-327.034492,213.062159,304.683669,-305.309990,422.411438,289.847643,-264.369302,215.120061,302.292196,-240.895170,360.925123,324.123062,-0.437270,293.951080,300.034578,0.368411,356.709486,239.608824,-75.183891,300.623347,240.323567,-5.227735,366.629186,166.927168,114.480884,277.757998,173.133442,188.660807,365.687055,167.385315,127.672735,279.525424,155.178995,201.974392,366.595101,142.984875,20.623736,271.923642,142.863070,73.956646,
0.000000,0.000000,0.000000,0.000000,0.000000,0.000000,0.000000,0.000000,0.000000,0.000000,0.000000,0.000000,0.000000,0.000000,0.000000,0.000000,0.000000,0.000000,0.000000,0.000000,0.000000,0.000000,0.000000,0.000000,0.000000,0.000000,0.000000,0.000000,0.000000,0.000000,0.000000,0.000000,0.000000,0.000000,0.000000,0.000000,0.000000,0.000000,0.000000,0.000000,0.000000,0.000000,0.000000,0.000000,0.000000,0.000000,0.000000,0.000000,0.000000,0.000000,0.000000,0.000000,332.372010,471.650178,-357.205078,332.759338,477.398858,-346.778412,334.043976,477.020751,-346.777741,335.389099,476.622457,-346.788758,327.532990,477.950602,-349.267273,324.845002,477.889187,-349.323517,295.134160,477.746997,-349.300598,334.796051,471.372790,-247.883414,314.143189,472.482397,-239.490327,334.107361,461.916553,-320.765473,327.365234,0.000000,-324.104492,352.026855,432.955154,-182.876535,265.898430,411.191980,-161.968981,387.873047,365.833690,-164.074543,248.629132,380.943382,-141.899608,416.234436,323.444521,-250.698582,214.768193,336.576491,-234.203617,427.621826,291.758270,-280.759024,210.630938,346.674482,-264.495777,426.719422,291.939746,-327.034492,191.755943,348.209908,-305.309990,422.411438,289.847643,-264.369302,215.120061,345.476795,-274.787590,360.925123,324.123062,-0.437270,293.951080,300.034578,0.368411,356.709486,239.608824,-23.747727,300.623347,240.323567,-5.227735,366.629186,166.927168,186.972801,277.757998,173.133442,188.660807,365.687055,167.385315,203.338335,279.525424,155.178995,201.974392,366.595101,142.984875,76.908318,271.923642,142.863070,97.316143,
0.000000,0.000000,0.000000,0.000000,0.000000,0.000000,0.000000,0.000000,0.000000,0.000000,0.000000,0.000000,0.000000,0.000000,0.000000,0.000000,0.000000,0.000000,0.000000,0.000000,0.000000,0.000000,0.000000,0.000000,0.000000,0.000000,0.000000,0.000000,0.000000,0.000000,0.000000,0.000000,0.000000,0.000000,0.000000,0.000000,0.000000,0.000000,0.000000,0.000000,0.000000,0.000000,0.000000,0.000000,0.000000,0.000000,0.000000,0.000000,0.000000,0.000000,0.000000,0.000000,332.372010,471.650178,-297.670899,0.000000,477.398858,-288.982010,334.043976,477.020751,-288.981451,335.389099,476.622457,-288.990631,327.532990,477.950602,-291.056061,324.845002,477.889187,-291.102931,321.964538,477.746997,-291.083832,334.796051,471.372790,-176.752661,314.143189,472.482397,-192.065385,334.107361,461.916553,-267.304561,327.365234,462.660251,-270.087077,352.026855,432.955154,-132.067208,265.898430,411.191980,-125.075599,387.873047,365.833690,-117.111280,248.629132,380.943382,-141.899608,416.234436,323.444521,-183.497196,214.768193,378.648552,-337.312875,427.621826,291.758270,-208.309807,210.630938,390.008792,-375.905363,426.719422,291.939746,-254.360161,191.755943,391.736146,-374.960363,422.411438,289.847643,-197.523028,215.120061,388.661395,-342.572429,360.925123,324.123062,-0.437270,293.951080,325.037460,0.368411,356.709486,239.608824,-6.602338,300.623347,240.323567,13.460217,366.629186,166.927168,162.808829,277.757998,173.133442,188.660807,365.687055,167.385315,178.116468,279.525424,155.178995,201.974392,366.595101,142.984875,76.908318,271.923642,142.863070,97.316143,
0.000000,0.000000,0.000000,0.000000,0.000000,0.000000,0.000000,0.000000,0.000000,0.000000,0.000000,0.000000,0.000000,0.000000,0.000000,0.000000,0.000000,0.000000,0.000000,0.000000,0.000000,0.000000,0.000000,0.000000,0.000000,0.000000,0.000000,0.000000,0.000000,0.000000,0.000000,0.000000,0.000000,0.000000,0.000000,0.000000,0.000000,0.000000,0.000000,0.000000,0.000000,0.000000,0.000000,0.000000,0.000000,0.000000,0.000000,0.000000,0.000000,0.000000,0.000000,0.000000,332.372010,507.930961,-208.369629,332.759338,514.121847,-173.389206,334.043976,513.714655,-173.388870,335.389099,513.285723,-173.394379,327.532990,514.716033,-174.633636,324.845002,514.649893,-174.661758,321.964538,514.496766,-174.650299,334.796051,507.632236,-105.621907,314.143189,508.827196,-120.927972,334.107361,497.448595,-160.382736,327.365234,498.249501,-162.052246,352.026855,432.955154,-81.257881,265.898430,445.457978,-69.735525,387.873047,365.833690,-70.148017,248.629132,380.943382,-141.899608,381.548233,323.444521,-116.295809,214.768193,420.720613,-302.943123,391.986674,291.758270,-135.860590,210.630938,433.343103,-338.768834,391.159470,291.939746,-181.685829,213.062159,435.262385,-340.135176,387.210484,331.254450,-130.676754,215.120061,431.845994,-308.680009,360.925123,324.123062,-0.437270,293.951080,325.037460,0.368411,356.709486,239.608824,10.543050,300.623347,240.323567,13.460217,366.629186,166.927168,138.644856,277.757998,173.133442,144.454483,365.687055,154.509522,152.894601,279.525424,167.115841,157.045232,366.595101,142.984875,48.766027,271.923642,142.863070,73.956646,
0.000000,0.000000,0.000000,0.000000,0.000000,0.000000,0.000000,0.000000,0.000000,0.000000,0.000000,0.000000,0.000000,0.000000,0.000000,0.000000,0.000000,0.000000,0.000000,0.000000,0.000000,0.000000,0.000000,0.000000,0.000000,0.000000,0.000000,0.000000,0.000000,0.000000,0.000000,0.000000,0.000000,0.000000,0.000000,0.000000,0.000000,0.000000,0.000000,0.000000,0.000000,0.000000,0.000000,0.000000,0.000000,0.000000,0.000000,0.000000,0.000000,0.000000,0.000000,0.000000,332.372010,507.930961,-178.602539,332.759338,514.121847,-173.389206,334.043976,513.714655,-173.388870,335.389099,513.285723,-173.394379,327.532990,514.716033,-174.633636,324.845002,514.649893,-174.661758,321.964538,514.496766,-174.650299,334.796051,507.632236,-105.621907,314.143189,508.827196,-97.215501,334.107361,497.448595,-160.382736,327.365234,498.249501,-162.052246,352.026855,432.955154,-64.321439,265.898430,445.457978,-0.000000,387.873047,365.833690,-70.148017,248.629132,419.037720,-115.649151,381.548233,323.444521,-116.295809,214.768193,420.720613,-302.943123,391.986674,333.438022,-135.860590,210.630938,433.343103,-338.768834,391.159470,333.645424,-181.685829,213.062159,478.788623,-340.135176,387.210484,331.254450,-130.676754,215.120061,431.845994,-308.680009,360.925123,324.123062,-0.437270,293.951080,325.037460,0.368411,356.709486,239.608824,-6.602338,300.623347,240.323567,-5.227735,366.629186,166.927168,114.480884,277.757998,173.133442,122.351320,365.687055,154.509522,127.672735,279.525424,167.115841,134.580653,366.595101,0.000000,20.623736,271.923642,142.863070,50.597149,
0.000000,0.000000,0.000000,0.000000,0.000000,0.000000,0.000000,0.000000,0.000000,0.000000,0.000000,0.000000,0.000000,0.000000,0.000000,0.000000,0.000000,0.000000,0.000000,0.000000,0.000000,0.000000,0.000000,0.000000,0.000000,0.000000,0.000000,0.000000,0.000000,0.000000,0.000000,0.000000,0.000000,0.000000,0.000000,0.000000,0.000000,0.000000,0.000000,0.000000,0.000000,0.000000,0.000000,0.000000,0.000000,0.000000,0.000000,0.000000,0.000000,0.000000,0.000000,0.000000,332.372010,507.930961,-119.068359,332.759338,514.121847,-115.592804,334.043976,513.714655,-115.592580,335.389099,513.285723,-115.596253,327.532990,514.716033,-116.422424,324.845002,514.649893,-116.441172,321.964538,514.496766,-116.433533,334.796051,507.632236,-58.201405,314.143189,508.827196,-49.790560,334.107361,497.448595,-106.921824,327.365234,498.249501,-108.034831,352.026855,466.259396,-30.448554,290.071014,479.723977,-14.395452,387.873047,402.417059,-23.184754,226.026484,419.037720,-89.398694,381.548233,323.444521,-82.695116,0.000000,462.792675,-268.573370,391.986674,333.438022,-99.635982,210.630938,476.677413,-301.632306,391.159470,333.645424,-109.011497,234.368375,478.788623,-305.309990,387.210484,331.254450,-97.253617,236.632067,475.030593,-274.787590,360.925123,349.055606,-0.437270,293.951080,350.040341,0.368411,356.709486,258.040272,-23.747727,300.623347,258.809996,-23.915688,366.629186,166.927168,66.152939,277.757998,173.133442,78.144996,365.687055,154.509522,77.229001,279.525424,167.115841,89.651493,366.595101,142.984875,-7.518555,271.923642,142.863070,3.878155,
0.000000,0.000000,0.000000,0.000000,0.000000,0.000000,0.000000,0.000000,0.000000,0.000000,0.000000,0.000000,0.000000,0.000000,0.000000,0.000000,0.000000,0.000000,0.000000,0.000000,0.000000,0.000000,0.000000,0.000000,0.000000,0.000000,0.000000,0.000000,0.000000,0.000000,0.000000,0.000000,0.000000,0.000000,0.000000,0.000000,0.000000,0.000000,0.000000,0.000000,0.000000,0.000000,0.000000,0.000000,0.000000,0.000000,0.000000,0.000000,0.000000,0.000000,0.000000,0.000000,332.372010,544.211744,-148.835449,332.759338,550.844836,-144.491005,334.043976,550.408559,-144.490725,335.389099,549.948989,-144.495316,327.532990,551.481464,-145.528030,324.845002,551.410600,-145.551465,321.964538,551.246535,-145.541916,334.796051,543.891681,-58.201405,314.143189,545.171996,-49.790560,334.107361,532.980638,-106.921824,327.365234,533.838751,-108.034831,381.362426,466.259396,-30.448554,290.071014,479.723977,-14.395452,387.873047,402.417059,-23.184754,226.026484,457.132058,-115.649151,381.548233,363.875086,-82.695116,236.245013,504.864736,-268.573370,391.986674,333.438022,-99.635982,231.694032,520.011723,-301.632306,391.159470,0.000000,-109.011497,234.368375,522.314862,-305.309990,387.210484,331.254450,-63.830480,236.632067,518.215193,-274.787590,333.161652,349.055606,-0.437270,293.951080,350.040341,0.368411,356.709486,258.040272,-23.747727,277.498474,258.809996,-23.915688,366.629186,179.767720,90.316911,277.757998,173.133442,78.144996,365.687055,167.385315,77.229001,279.525424,167.115841,89.651493,366.595101,142.984875,-7.518555,271.923642,142.863070,-19.481342,
0.000000,0.000000,0.000000,0.000000,0.000000,0.000000,0.000000,0.000000,0.000000,0.000000,0.000000,0.000000,0.000000,0.000000,0.000000,0.000000,0.000000,0.000000,0.000000,0.000000,0.000000,0.000000,0.000000,0.000000,0.000000,0.000000,0.000000,0.000000,0.000000,0.000000,0.000000,0.000000,0.000000,0.000000,0.000000,0.000000,0.000000,0.000000,0.000000,0.000000,0.000000,0.000000,0.000000,0.000000,0.000000,0.000000,0.000000,0.000000,0.000000,0.000000,0.000000,0.000000,332.372010,544.211744,-178.602539,332.759338,550.844836,-173.389206,334.043976,550.408559,-173.388870,335.389099,549.948989,-173.394379,327.532990,551.481464,-174.633636,324.845002,551.410600,-174.661758,321.964538,551.246535,-174.650299,362.695722,543.891681,-129.332158,314.143189,545.171996,-120.927972,334.107361,0.000000,-187.113192,327.365234,533.838751,-189.060954,381.362426,466.259396,-81.257881,290.071014,479.723977,-51.288834,387.873047,402.417059,-70.148017,226.026484,495.226397,-141.899608,381.548233,363.875086,-149.896502,236.245013,546.936797,-371.682628,391.986674,333.438022,-135.860590,231.694032,563.346033,-413.041892,391.159470,333.645424,-181.685829,234.368375,565.841100,-409.785549,387.210484,331.254450,-130.676754,236.632067,561.399792,-342.572429,333.161652,373.988149,-0.437270,293.951080,375.043223,0.368411,356.709486,258.040272,-23.747727,277.498474,258.809996,-23.915688,366.629186,179.767720,114.480884,277.757998,173.133442,100.248158,365.687055,167.385315,127.672735,279.525424,167.115841,112.116073,366.595101,142.984875,-7.518555,271.923642,142.863070,3.878155,
0.000000,0.000000,0.000000,0.000000,0.000000,0.000000,0.000000,0.000000,0.000000,0.000000,0.000000,0.000000,0.000000,0.000000,0.000000,0.000000,0.000000,0.000000,0.000000,0.000000,0.000000,0.000000,0.000000,0.000000,0.000000,0.000000,0.000000,0.000000,0.000000,0.000000,0.000000,0.000000,0.000000,0.000000,0.000000,0.000000,0.000000,0.000000,0.000000,0.000000,0.000000,0.000000,0.000000,0.000000,0.000000,0.000000,0.000000,0.000000,0.000000,0.000000,0.000000,0.000000,332.372010,544.211744,-238.136719,332.759338,550.844836,-231.185608,334.043976,550.408559,-231.185161,335.389099,549.948989,-231.192505,327.532990,551.481464,-232.844849,324.845002,551.410600,-232.882345,321.964538,551.246535,-232.867066,362.695722,543.891681,-129.332158,314.143189,545.171996,-144.640443,334.107361,532.980638,-213.843649,327.365234,533.838751,-0.000000,381.362426,466.259396,-81.257881,290.071014,513.989975,-69.735525,387.873047,402.417059,-70.148017,226.026484,495.226397,-194.400522,381.548233,363.875086,-149.896502,236.245013,546.936797,-371.682628,391.986674,333.438022,-0.000000,231.694032,563.346033,-413.041892,391.159470,333.645424,-181.685829,234.368375,565.841100,-409.785549,387.210484,331.254450,-164.099891,236.632067,561.399792,-376.464848,333.161652,373.988149,-0.437270,293.951080,375.043223,0.368411,356.709486,276.471720,-23.747727,277.498474,277.296424,-23.915688,366.629186,179.767720,114.480884,277.757998,185.500116,122.351320,365.687055,0.000000,127.672735,279.525424,179.052687,134.580653,366.595101,142.984875,-7.518555,271.923642,142.863070,3.878155,
0.000000,0.000000,0.000000,0.000000,0.000000,0.000000,0.000000,0.000000,0.000000,0.000000,0.000000,0.000000,0.000000,0.000000,0.000000,0.000000,0.000000,0.000000,0.000000,0.000000,0.000000,0.000000,0.000000,0.000000,0.000000,0.000000,0.000000,0.000000,0.000000,0.000000,0.000000,0.000000,0.000000,0.000000,0.000000,0.000000,0.000000,0.000000,0.000000,0.000000,0.000000,0.000000,0.000000,0.000000,0.000000,0.000000,0.000000,0.000000,0.000000,0.000000,0.000000,0.000000,332.372010,544.211744,-238.136719,332.759338,550.844836,-231.185608,334.043976,550.408559,-231.185161,335.389099,549.948989,-0.000000,327.532990,551.481464,-232.844849,324.845002,551.410600,-232.882345,321.964538,551.246535,-232.867066,362.695722,543.891681,-129.332158,314.143189,545.171996,-144.640443,334.107361,532.980638,-213.843649,327.365234,533.838751,-216.069661,381.362426,466.259396,-64.321439,290.071014,513.989975,-69.735525,387.873047,402.417059,-46.666385,226.026484,533.320735,-194.400522,381.548233,363.875086,-116.295809,236.245013,589.008859,-371.682628,391.986674,333.438022,-135.860590,231.694032,606.680344,-413.041892,391.159470,333.645424,-145.348663,234.368375,609.367339,-409.785549,387.210484,331.254450,-130.676754,236.632067,604.584392,-376.464848,333.161652,373.988149,-0.437270,293.951080,375.043223,0.368411,356.709486,276.471720,-23.747727,277.498474,277.296424,-23.915688,366.629186,179.767720,114.480884,277.757998,185.500116,122.351320,365.687055,180.261109,127.672735,279.525424,179.052687,134.580653,366.595101,153.198080,-7.518555,271.923642,153.067575,3.878155,
0.000000,0.000000,0.000000,0.000000,0.000000,0.000000,0.000000,0.000000,0.000000,0.000000,0.000000,0.000000,0.000000,0.000000,0.000000,0.000000,0.000000,0.000000,0.000000,0.000000,0.000000,0.000000,0.000000,0.000000,0.000000,0.000000,0.000000,0.000000,0.000000,0.000000,0.000000,0.000000,0.000000,0.000000,0.000000,0.000000,0.000000,0.000000,0.000000,0.000000,0.000000,0.000000,0.000000,0.000000,0.000000,0.000000,0.000000,0.000000,0.000000,0.000000,0.000000,0.000000,332.372010,544.211744,-238.136719,332.759338,550.844836,-202.287407,334.043976,550.408559,-202.287015,335.389099,549.948989,-202.293442,327.532990,551.481464,-203.739242,324.845002,551.410600,-203.772051,321.964538,551.246535,-203.758682,0.000000,543.891681,-105.621907,314.143189,545.171996,-120.927972,334.107361,532.980638,-187.113192,327.365234,533.838751,-189.060954,381.362426,466.259396,-64.321439,290.071014,513.989975,-69.735525,387.873047,402.417059,-46.666385,226.026484,533.320735,-0.000000,381.548233,363.875086,-116.295809,236.245013,589.008859,-337.312875,391.986674,333.438022,-135.860590,231.694032,606.680344,-375.905363,391.159470,333.645424,-145.348663,234.368375,609.367339,-374.960363,387.210484,331.254450,-130.676754,236.632067,604.584392,-342.572429,333.161652,373.988149,-0.437270,293.951080,375.043223,0.368411,356.709486,276.471720,-23.747727,277.498474,277.296424,-23.915688,366.629186,179.767720,114.480884,277.757998,185.500116,100.248158,365.687055,180.261109,127.672735,279.525424,179.052687,112.116073,366.595101,153.198080,-7.518555,271.923642,153.067575,-19.481342,
0.000000,0.000000,0.000000,0.000000,0.000000,0.000000,0.000000,0.000000,0.000000,0.000000,0.000000,0.000000,0.000000,0.000000,0.000000,0.000000,0.000000,0.000000,0.000000,0.000000,0.000000,0.000000,0.000000,0.000000,0.000000,0.000000,0.000000,0.000000,0.000000,0.000000,0.000000,0.000000,0.000000,0.000000,0.000000,0.000000,0.000000,0.000000,0.000000,0.000000,0.000000,0.000000,0.000000,0.000000,0.000000,0.000000,0.000000,0.000000,0.000000,0.000000,0.000000,0.000000,332.372010,544.211744,-148.835449,332.759338,550.844836,-144.491005,334.043976,550.408559,-144.490725,0.000000,549.948989,-144.495316,327.532990,551.481464,-145.528030,324.845002,551.410600,-145.551465,321.964538,551.246535,-145.541916,362.695722,543.891681,-58.201405,314.143189,545.171996,-49.790560,334.107361,532.980638,-133.652280,327.365234,533.838751,-108.034831,381.362426,466.259396,-30.448554,290.071014,513.989975,-14.395452,387.873047,402.417059,-23.184754,248.629132,533.320735,-89.398694,381.548233,363.875086,-82.695116,236.245013,589.008859,-165.464111,391.986674,333.438022,-99.635982,231.694032,606.680344,-190.222720,391.159470,333.645424,-109.011497,0.000000,609.367339,-200.834432,387.210484,331.254450,-97.253617,236.632067,604.584392,-173.110331,333.161652,373.988149,-0.437270,293.951080,375.043223,0.368411,356.709486,276.471720,-23.747727,277.498474,277.296424,-23.915688,366.629186,192.608271,90.316911,277.757998,185.500116,0.000000,365.687055,180.261109,102.450868,279.525424,179.052687,112.116073,366.595101,153.198080,-7.518555,271.923642,153.067575,-19.481342,
0.000000,0.000000,0.000000,0.000000,0.000000,0.000000,0.000000,0.000000,0.000000,0.000000,0.000000,0.000000,0.000000,0.000000,0.000000,0.000000,0.000000,0.000000,0.000000,0.000000,0.000000,0.000000,0.000000,0.000000,0.000000,0.000000,0.000000,0.000000,0.000000,0.000000,0.000000,0.000000,0.000000,0.000000,0.000000,0.000000,0.000000,0.000000,0.000000,0.000000,0.000000,0.000000,0.000000,0.000000,0.000000,0.000000,0.000000,0.000000,0.000000,0.000000,0.000000,0.000000,0.000000,544.211744,-178.602539,332.759338,550.844836,-144.491005,334.043976,550.408559,-144.490725,335.389099,549.948989,-144.495316,327.532990,551.481464,-145.528030,324.845002,551.410600,-145.551465,321.964538,551.246535,-145.541916,362.695722,543.891681,-81.911656,314.143189,545.171996,-0.000000,334.107361,532.980638,-133.652280,327.365234,533.838751,-135.043538,381.362426,466.259396,-47.384997,290.071014,513.989975,-32.842143,387.873047,402.417059,-46.666385,248.629132,533.320735,-63.148237,381.548233,363.875086,-82.695116,236.245013,589.008859,-96.724605,391.986674,333.438022,-99.635982,210.630938,606.680344,-115.949662,391.159470,333.645424,-109.011497,0.000000,609.367339,-131.184060,387.210484,331.254450,-97.253617,215.120061,604.584392,-105.325492,333.161652,373.988149,-0.437270,293.951080,375.043223,0.368411,356.709486,276.471720,-23.747727,277.498474,277.296424,-23.915688,366.629186,179.767720,114.480884,277.757998,185.500116,100.248158,365.687055,180.261109,102.450868,279.525424,179.052687,112.116073,366.595101,153.198080,-7.518555,271.923642,153.067575,3.878155,
0.000000,0.000000,0.000000,0.000000,0.000000,0.000000,0.000000,0.000000,0.000000,0.000000,0.000000,0.000000,0.000000,0.000000,0.000000,0.000000,0.000000,0.000000,0.000000,0.000000,0.000000,0.000000,0.000000,0.000000,0.000000,0.000000,0.000000,0.000000,0.000000,0.000000,0.000000,0.000000,0.000000,0.000000,0.000000,0.000000,0.000000,0.000000,0.000000,0.000000,0.000000,0.000000,0.000000,0.000000,0.000000,0.000000,0.000000,0.000000,0.000000,0.000000,0.000000,0.000000,332.372010,544.211744,-148.835449,332.759338,550.844836,-115.592804,334.043976,550.408559,-115.592580,335.389099,549.948989,-115.596253,327.532990,551.481464,-0.000000,324.845002,0.000000,-116.441172,321.964538,551.246535,-116.433533,362.695722,543.891681,-58.201405,314.143189,545.171996,-26.078089,334.107361,532.980638,-106.921824,327.365234,533.838751,-108.034831,381.362426,466.259396,-13.512112,290.071014,513.989975,4.051239,387.873047,402.417059,0.296878,248.629132,571.415073,-10.647323,381.548233,363.875086,-49.094423,236.245013,589.008859,-62.354852,391.986674,333.438022,-63.411373,210.630938,606.680344,-78.813134,391.159470,0.000000,-109.011497,213.062159,0.000000,-96.358874,387.210484,331.254450,-63.830480,236.632067,604.584392,-71.433073,333.161652,373.988149,-0.437270,293.951080,375.043223,0.368411,356.709486,258.040272,-6.602338,277.498474,277.296424,-23.915688,366.629186,179.767720,0.000000,277.757998,173.133442,0.000000,365.687055,167.385315,127.672735,279.525424,167.115841,112.116073,366.595101,153.198080,20.623736,271.923642,153.067575,3.878155,
0.000000,0.000000,0.000000,0.000000,0.000000,0.000000,0.000000,0.000000,0.000000,0.000000,0.000000,0.000000,0.000000,0.000000,0.000000,0.000000,0.000000,0.000000,0.000000,0.000000,0.000000,0.000000,0.000000,0.000000,0.000000,0.000000,0.000000,0.000000,0.000000,0.000000,0.000000,0.000000,0.000000,0.000000,0.000000,0.000000,0.000000,0.000000,0.000000,0.000000,0.000000,0.000000,0.000000,0.000000,0.000000,0.000000,0.000000,0.000000,0.000000,0.000000,0.000000,0.000000,332.372010,507.930961,-178.602539,332.759338,514.121847,-173.389206,334.043976,513.714655,-173.388870,335.389099,513.285723,-173.394379,327.532990,514.716033,-174.633636,324.845002,514.649893,-174.661758,321.964538,0.000000,-174.650299,362.695722,507.632236,-81.911656,314.143189,545.171996,-73.503030,334.107361,497.448595,-0.000000,327.365234,498.249501,-135.043538,381.362426,466.259396,-30.448554,290.071014,513.989975,-32.842143,387.873047,402.417059,0.296878,271.231781,533.320735,-63.148237,381.548233,363.875086,-49.094423,236.245013,589.008859,-131.094358,391.986674,333.438022,-63.411373,231.694032,606.680344,-153.086191,391.159470,333.645424,-109.011497,234.368375,609.367339,-166.009246,387.210484,331.254450,-63.830480,236.632067,604.584392,-139.217912,333.161652,349.055606,3.174392,293.951080,350.040341,-3.257558,356.709486,258.040272,-23.747727,277.498474,258.809996,-23.915688,366.629186,179.767720,114.480884,277.757998,173.133442,100.248158,337.557282,167.385315,127.672735,279.525424,167.115841,112.116073,366.595101,142.984875,-7.518555,271.923642,142.863070,3.878155,
0.000000,0.000000,0.000000,0.000000,0.000000,0.000000,0.000000,0.000000,0.000000,0.000000,0.000000,0.000000,0.000000,0.000000,0.000000,0.000000,0.000000,0.000000,0.000000,0.000000,0.000000,0.000000,0.000000,0.000000,0.000000,0.000000,0.000000,0.000000,0.000000,0.000000,0.000000,0.000000,0.000000,0.000000,0.000000,0.000000,0.000000,0.000000,0.000000,0.000000,0.000000,0.000000,0.000000,0.000000,0.000000,0.000000,0.000000,0.000000,0.000000,0.000000,0.000000,0.000000,332.372010,507.930961,-238.136719,332.759338,514.121847,-231.185608,334.043976,513.714655,-231.185161,335.389099,513.285723,-231.192505,327.532990,514.716033,-232.844849,324.845002,514.649893,-232.882345,321.964538,514.496766,-232.867066,362.695722,507.632236,-105.621907,314.143189,508.827196,-120.927972,334.107361,497.448595,-187.113192,327.365234,498.249501,-189.060954,381.362426,466.259396,-30.448554,290.071014,479.723977,-106.628908,387.873047,402.417059,-23.184754,271.231781,533.320735,-194.400522,381.548233,323.444521,-82.695116,257.721832,589.008859,-268.573370,391.986674,333.438022,-99.635982,252.757126,606.680344,-301.632306,391.159470,333.645424,-109.011497,255.674591,609.367339,-305.309990,387.210484,331.254450,-97.253617,258.144074,604.584392,-274.787590,333.161652,349.055606,14.009379,293.951080,350.040341,-14.135466,356.709486,258.040272,27.688438,300.623347,258.809996,-23.915688,366.629186,179.767720,186.972801,277.757998,173.133442,144.454483,337.557282,167.385315,203.338335,279.525424,167.115841,157.045232,366.595101,142.984875,105.050608,271.923642,142.863070,50.597149,
0.000000,0.000000,0.000000,0.000000,0.000000,0.000000,0.000000,0.000000,0.000000,0.000000,0.000000,0.000000,0.000000,0.000000,0.000000,0.000000,0.000000,0.000000,0.000000,0.000000,0.000000,0.000000,0.000000,0.000000,0.000000,0.000000,0.000000,0.000000,0.000000,0.000000,0.000000,0.000000,0.000000,0.000000,0.000000,0.000000,0.000000,0.000000,0.000000,0.000000,0.000000,0.000000,0.000000,0.000000,0.000000,0.000000,0.000000,0.000000,0.000000,0.000000,0.000000,0.000000,332.372010,507.930961,-267.903809,332.759338,514.121847,-231.185608,334.043976,513.714655,-231.185161,335.389099,513.285723,-231.192505,327.532990,514.716033,-232.844849,324.845002,514.649893,-232.882345,321.964538,514.496766,-232.867066,362.695722,507.632236,-129.332158,314.143189,508.827196,-144.640443,334.107361,497.448595,-213.843649,327.365234,498.249501,-216.069661,352.026855,432.955154,-47.384997,290.071014,479.723977,-125.075599,387.873047,365.833690,-23.184754,271.231781,533.320735,-246.901437,381.548233,323.444521,-82.695116,257.721832,589.008859,-371.682628,0.000000,291.758270,-99.635982,252.757126,606.680344,-413.041892,391.159470,291.939746,-145.348663,255.674591,609.367339,-409.785549,387.210484,331.254450,-97.253617,258.144074,604.584392,-376.464848,333.161652,324.123062,17.621041,293.951080,325.037460,-17.761435,356.709486,239.608824,61.979215,300.623347,240.323567,-5.227735,338.426941,179.767720,259.464719,277.757998,160.766767,0.000000,337.557282,167.385315,253.782069,279.525424,167.115841,201.974392,366.595101,142.984875,161.335190,271.923642,132.658565,73.956646,
0.000000,0.000000,0.000000,0.000000,0.000000,0.000000,0.000000,0.000000,0.000000,0.000000,0.000000,0.000000,0.000000,0.000000,0.000000,0.000000,0.000000,0.000000,0.000000,0.000000,0.000000,0.000000,0.000000,0.000000,0.000000,0.000000,0.000000,0.000000,0.000000,0.000000,0.000000,0.000000,0.000000,0.000000,0.000000,0.000000,0.000000,0.000000,0.000000,0.000000,0.000000,0.000000,0.000000,0.000000,0.000000,0.000000,0.000000,0.000000,0.000000,0.000000,0.000000,0.000000,332.372010,507.930961,-267.903809,332.759338,514.121847,-260.083809,334.043976,513.714655,-260.083306,335.389099,513.285723,-260.091568,327.532990,514.716033,-261.950455,324.845002,514.649893,-261.992638,321.964538,514.496766,-261.975449,362.695722,507.632236,-129.332158,314.143189,508.827196,-168.352914,334.107361,497.448595,-240.574105,327.365234,498.249501,-243.078369,352.026855,432.955154,-47.384997,290.071014,479.723977,-143.522290,387.873047,365.833690,-23.184754,248.629132,533.320735,-273.151894,381.548233,323.444521,-82.695116,279.198651,589.008859,-371.682628,391.986674,291.758270,-99.635982,273.820219,606.680344,-413.041892,391.159470,291.939746,-109.011497,276.980807,609.367339,-374.960363,387.210484,331.254450,-97.253617,279.656080,604.584392,-376.464848,333.161652,324.123062,21.232703,293.951080,325.037460,-21.387404,356.709486,239.608824,61.979215,300.623347,240.323567,-5.227735,338.426941,166.927168,259.464719,277.757998,160.766767,166.557645,337.557282,167.385315,279.003936,279.525424,155.178995,179.509812,366.595101,142.984875,161.335190,271.923642,132.658565,50.597149,
0.000000,0.000000,0.000000,0.000000,0.000000,0.000000,0.000000,0.000000,0.000000,0.000000,0.000000,0.000000,0.000000,0.000000,0.000000,0.000000,0.000000,0.000000,0.000000,0.000000,0.000000,0.000000,0.000000,0.000000,0.000000,0.000000,0.000000,0.000000,0.000000,0.000000,0.000000,0.000000,0.000000,0.000000,0.000000,0.000000,0.000000,0.000000,0.000000,0.000000,0.000000,0.000000,0.000000,0.000000,0.000000,0.000000,0.000000,0.000000,0.000000,0.000000,0.000000,0.000000,332.372010,507.930961,-267.903809,332.759338,514.121847,-260.083809,334.043976,513.714655,-260.083306,335.389099,513.285723,-260.091568,327.532990,514.716033,-261.950455,324.845002,514.649893,-261.992638,321.964538,514.496766,-261.975449,362.695722,507.632236,-129.332158,314.143189,508.827196,-168.352914,334.107361,497.448595,-240.574105,327.365234,498.249501,-243.078369,352.026855,432.955154,-47.384997,290.071014,479.723977,-143.522290,355.550293,365.833690,-23.184754,248.629132,533.320735,-299.402351,381.548233,323.444521,-82.695116,279.198651,589.008859,-406.052381,391.986674,291.758270,-99.635982,273.820219,606.680344,-450.178420,391.159470,291.939746,-109.011497,276.980807,609.367339,-444.610735,387.210484,331.254450,-97.253617,279.656080,604.584392,-410.357268,333.161652,324.123062,21.232703,293.951080,325.037460,-21.387404,356.709486,239.608824,61.979215,300.623347,240.323567,-5.227735,338.426941,166.927168,235.300746,277.757998,160.766767,188.660807,337.557282,167.385315,253.782069,279.525424,155.178995,201.974392,366.595101,142.984875,133.192899,271.923642,132.658565,73.956646,
0.000000,0.000000,0.000000,0.000000,0.000000,0.000000,0.000000,0.000000,0.000000,0.000000,0.000000,0.000000,0.000000,0.000000,0.000000,0.000000,0.000000,0.000000,0.000000,0.000000,0.000000,0.000000,0.000000,0.000000,0.000000,0.000000,0.000000,0.000000,0.000000,0.000000,0.000000,0.000000,0.000000,0.000000,0.000000,0.000000,0.000000,0.000000,0.000000,0.000000,0.000000,0.000000,0.000000,0.000000,0.000000,0.000000,0.000000,0.000000,0.000000,0.000000,0.000000,0.000000,332.372010,507.930961,-267.903809,332.759338,514.121847,-231.185608,334.043976,513.714655,-231.185161,335.389099,513.285723,-231.192505,327.532990,514.716033,-261.950455,324.845002,514.649893,-261.992638,321.964538,514.496766,-261.975449,362.695722,507.632236,-129.332158,314.143189,508.827196,-168.352914,334.107361,497.448595,-213.843649,327.365234,498.249501,-216.069661,352.026855,432.955154,-47.384997,290.071014,0.000000,-125.075599,355.550293,365.833690,-23.184754,248.629132,533.320735,-246.901437,381.548233,323.444521,-82.695116,279.198651,589.008859,-337.312875,391.986674,291.758270,-99.635982,273.820219,606.680344,-375.905363,391.159470,291.939746,-109.011497,276.980807,609.367339,-0.000000,387.210484,331.254450,-97.253617,279.656080,604.584392,-342.572429,333.161652,324.123062,21.232703,293.951080,325.037460,-21.387404,356.709486,239.608824,44.833826,300.623347,240.323567,-5.227735,338.426941,166.927168,211.136774,277.757998,160.766767,166.557645,337.557282,167.385315,228.560202,279.525424,155.178995,179.509812,366.595101,142.984875,105.050608,271.923642,132.658565,27.237652,
0.000000,0.000000,0.000000,0.000000,0.000000,0.000000,0.000000,0.000000,0.000000,0.000000,0.000000,0.000000,0.000000,0.000000,0.000000,0.000000,0.000000,0.000000,0.000000,0.000000,0.000000,0.000000,0.000000,0.000000,0.000000,0.000000,0.000000,0.000000,0.000000,0.000000,0.000000,0.000000,0.000000,0.000000,0.000000,0.000000,0.000000,0.000000,0.000000,0.000000,0.000000,0.000000,0.000000,0.000000,0.000000,0.000000,0.000000,0.000000,0.000000,0.000000,0.000000,0.000000,332.372010,507.930961,-238.136719,332.759338,514.121847,-231.185608,334.043976,513.714655,-231.185161,335.389099,513.285723,-231.192505,327.532990,514.716033,-232.844849,324.845002,514.649893,-232.882345,321.964538,514.496766,-232.867066,334.796051,507.632236,-105.621907,314.143189,508.827196,-144.640443,334.107361,497.448595,-213.843649,327.365234,498.249501,-216.069661,352.026855,432.955154,-47.384997,290.071014,479.723977,-125.075599,355.550293,365.833690,-23.184754,248.629132,533.320735,-220.650980,381.548233,323.444521,-82.695116,279.198651,589.008859,-337.312875,391.986674,333.438022,-99.635982,273.820219,606.680344,-375.905363,391.159470,333.645424,-109.011497,276.980807,609.367339,-340.135176,387.210484,331.254450,-97.253617,279.656080,604.584392,-342.572429,0.000000,349.055606,17.621041,293.951080,350.040341,-17.761435,356.709486,239.608824,27.688438,277.498474,240.323567,-5.227735,338.426941,166.927168,186.972801,277.757998,160.766767,122.351320,337.557282,167.385315,203.338335,279.525424,155.178995,134.580653,366.595101,142.984875,76.908318,271.923642,132.658565,3.878155,
0.000000,0.000000,0.000000,0.000000,0.000000,0.000000,0.000000,0.000000,0.000000,0.000000,0.000000,0.000000,0.000000,0.000000,0.000000,0.000000,0.000000,0.000000,0.000000,0.000000,0.000000,0.000000,0.000000,0.000000,0.000000,0.000000,0.000000,0.000000,0.000000,0.000000,0.000000,0.000000,0.000000,0.000000,0.000000,0.000000,0.000000,0.000000,0.000000,0.000000,0.000000,0.000000,0.000000,0.000000,0.000000,0.000000,0.000000,0.000000,0.000000,0.000000,0.000000,0.000000,332.372010,507.930961,-178.602539,332.759338,514.121847,-173.389206,334.043976,513.714655,-173.388870,335.389099,513.285723,-0.000000,327.532990,514.716033,-174.633636,324.845002,514.649893,-174.661758,321.964538,514.496766,-0.000000,334.796051,507.632236,-58.201405,314.143189,508.827196,-97.215501,334.107361,497.448595,-160.382736,327.365234,498.249501,-162.052246,352.026855,466.259396,-30.448554,290.071014,479.723977,-88.182217,355.550293,402.417059,-23.184754,248.629132,533.320735,-220.650980,381.548233,363.875086,-82.695116,279.198651,631.080920,-302.943123,356.351522,333.438022,-99.635982,273.820219,650.014654,-338.768834,355.599518,333.645424,-109.011497,276.980807,652.893577,-305.309990,352.009531,331.254450,-97.253617,279.656080,647.768991,-308.680009,333.161652,349.055606,17.621041,293.951080,350.040341,-17.761435,329.270294,258.040272,10.543050,277.498474,258.809996,-23.915688,338.426941,166.927168,162.808829,277.757998,160.766767,122.351320,337.557282,167.385315,152.894601,279.525424,155.178995,134.580653,366.595101,142.984875,48.766027,271.923642,132.658565,3.878155,
0.000000,0.000000,0.000000,0.000000,0.000000,0.000000,0.000000,0.000000,0.000000,0.000000,0.000000,0.000000,0.000000,0.000000,0.000000,0.000000,0.000000,0.000000,0.000000,0.000000,0.000000,0.000000,0.000000,0.000000,0.000000,0.000000,0.000000,0.000000,0.000000,0.000000,0.000000,0.000000,0.000000,0.000000,0.000000,0.000000,0.000000,0.000000,0.000000,0.000000,0.000000,0.000000,0.000000,0.000000,0.000000,0.000000,0.000000,0.000000,0.000000,0.000000,0.000000,0.000000,332.372010,544.211744,-148.835449,332.759338,550.844836,-115.592804,334.043976,550.408559,-115.592580,335.389099,0.000000,-115.596253,327.532990,551.481464,-116.422424,324.845002,551.410600,-116.441172,321.964538,551.246535,-116.433533,334.796051,543.891681,-34.491154,314.143189,545.171996,-49.790560,334.107361,532.980638,-106.921824,327.365234,0.000000,-108.034831,352.026855,466.259396,3.424330,290.071014,513.989975,-69.735525,355.550293,402.417059,-23.184754,248.629132,571.415073,-194.400522,346.862030,363.875086,-116.295809,257.721832,631.080920,-268.573370,0.000000,333.438022,-135.860590,252.757126,650.014654,-301.632306,355.599518,333.645424,-145.348663,255.674591,652.893577,-270.484804,352.009531,331.254450,-97.253617,258.144074,647.768991,-274.787590,333.161652,349.055606,17.621041,269.455157,350.040341,-17.761435,329.270294,258.040272,-6.602338,277.498474,258.809996,-23.915688,338.426941,166.927168,114.480884,277.757998,173.133442,122.351320,337.557282,167.385315,127.672735,279.525424,167.115841,134.580653,366.595101,142.984875,20.623736,271.923642,132.658565,27.237652,
0.000000,0.000000,0.000000,0.000000,0.000000,0.000000,0.000000,0.000000,0.000000,0.000000,0.000000,0.000000,0.000000,0.000000,0.000000,0.000000,0.000000,0.000000,0.000000,0.000000,0.000000,0.000000,0.000000,0.000000,0.000000,0.000000,0.000000,0.000000,0.000000,0.000000,0.000000,0.000000,0.000000,0.000000,0.000000,0.000000,0.000000,0.000000,0.000000,0.000000,0.000000,0.000000,0.000000,0.000000,0.000000,0.000000,0.000000,0.000000,0.000000,0.000000,0.000000,0.000000,332.372010,544.211744,-148.835449,332.759338,550.844836,-115.592804,334.043976,0.000000,-115.592580,335.389099,549.948989,-115.596253,327.532990,551.481464,-116.422424,324.845002,551.410600,-116.441172,321.964538,551.246535,-116.433533,334.796051,543.891681,-34.491154,314.143189,545.171996,-49.790560,334.107361,532.980638,-106.921824,327.365234,533.838751,-108.034831,352.026855,466.259396,3.424330,290.071014,513.989975,-51.288834,355.550293,402.417059,0.296878,248.629132,571.415073,-194.400522,346.862030,363.875086,-82.695116,257.721832,631.080920,-268.573370,356.351522,333.438022,-99.635982,252.757126,650.014654,-301.632306,355.599518,333.645424,-109.011497,255.674591,652.893577,-305.309990,352.009531,372.661256,-97.253617,258.144074,647.768991,-274.787590,333.161652,349.055606,17.621041,269.455157,375.043223,-17.761435,329.270294,258.040272,-6.602338,277.498474,258.809996,-23.915688,338.426941,179.767720,114.480884,256.391998,173.133442,122.351320,337.557282,167.385315,127.672735,258.023468,167.115841,134.580653,366.595101,142.984875,20.623736,271.923642,142.863070,27.237652,
0.000000,0.000000,0.000000,0.000000,0.000000,0.000000,0.000000,0.000000,0.000000,0.000000,0.000000,0.000000,0.000000,0.000000,0.000000,0.000000,0.000000,0.000000,0.000000,0.000000,0.000000,0.000000,0.000000,0.000000,0.000000,0.000000,0.000000,0.000000,0.000000,0.000000,0.000000,0.000000,0.000000,0.000000,0.000000,0.000000,0.000000,0.000000,0.000000,0.000000,0.000000,0.000000,0.000000,0.000000,0.000000,0.000000,0.000000,0.000000,0.000000,0.000000,0.000000,0.000000,332.372010,544.211744,-178.602539,332.759338,550.844836,-144.491005,334.043976,550.408559,-144.490725,335.389099,549.948989,-144.495316,327.532990,551.481464,-145.528030,324.845002,551.410600,-145.551465,321.964538,551.246535,-145.541916,334.796051,543.891681,-58.201405,314.143189,545.171996,-73.503030,334.107361,532.980638,-133.652280,327.365234,533.838751,-135.043538,352.026855,466.259396,-30.448554,290.071014,513.989975,-69.735525,355.550293,402.417059,-46.666385,248.629132,571.415073,-168.150065,346.862030,363.875086,-116.295809,236.245013,631.080920,-234.203617,356.351522,333.438022,-99.635982,231.694032,650.014654,-264.495777,355.599518,333.645424,-145.348663,234.368375,652.893577,-270.484804,352.009531,372.661256,-130.676754,236.632067,647.768991,-240.895170,333.161652,373.988149,10.397717,269.455157,375.043223,-10.509497,329.270294,276.471720,-23.747727,277.498474,277.296424,-5.227735,338.426941,179.767720,90.316911,256.391998,185.500116,122.351320,337.557282,167.385315,102.450868,258.023468,0.000000,134.580653,338.395478,142.984875,-7.518555,251.006439,142.863070,27.237652,
0.000000,0.000000,0.000000,0.000000,0.000000,0.000000,0.000000,0.000000,0.000000,0.000000,0.000000,0.000000,0.000000,0.000000,0.000000,0.000000,0.000000,0.000000,0.000000,0.000000,0.000000,0.000000,0.000000,0.000000,0.000000,0.000000,0.000000,0.000000,0.000000,0.000000,0.000000,0.000000,0.000000,0.000000,0.000000,0.000000,0.000000,0.000000,0.000000,0.000000,0.000000,0.000000,0.000000,0.000000,0.000000,0.000000,0.000000,0.000000,0.000000,0.000000,0.000000,0.000000,332.372010,544.211744,-178.602539,332.759338,550.844836,-144.491005,334.043976,550.408559,-144.490725,335.389099,549.948989,-0.000000,327.532990,551.481464,-174.633636,324.845002,551.410600,-174.661758,321.964538,551.246535,-174.650299,334.796051,543.891681,-81.911656,314.143189,545.171996,-97.215501,334.107361,532.980638,-133.652280,327.365234,533.838751,-135.043538,352.026855,466.259396,-47.384997,265.898430,513.989975,-69.735525,355.550293,402.417059,-46.666385,248.629132,571.415073,-168.150065,346.862030,363.875086,-116.295809,236.245013,631.080920,-268.573370,356.351522,333.438022,-135.860590,0.000000,650.014654,-301.632306,355.599518,333.645424,-145.348663,234.368375,652.893577,-270.484804,352.009531,372.661256,-130.676754,236.632067,647.768991,-274.787590,333.161652,373.988149,10.397717,269.455157,375.043223,-10.509497,329.270294,276.471720,-6.602338,254.373602,277.296424,-5.227735,338.426941,179.767720,114.480884,256.391998,185.500116,122.351320,337.557282,167.385315,127.672735,258.023468,179.052687,134.580653,338.395478,153.198080,20.623736,251.006439,142.863070,27.237652,
0.000000,0.000000,0.000000,0.000000,0.000000,0.000000,0.000000,0.000000,0.000000,0.000000,0.000000,0.000000,0.000000,0.000000,0.000000,0.000000,0.000000,0.000000,0.000000,0.000000,0.000000,0.000000,0.000000,0.000000,0.000000,0.000000,0.000000,0.000000,0.000000,0.000000,0.000000,0.000000,0.000000,0.000000,0.000000,0.000000,0.000000,0.000000,0.000000,0.000000,0.000000,0.000000,0.000000,0.000000,0.000000,0.000000,0.000000,0.000000,0.000000,0.000000,0.000000,0.000000,332.372010,544.211744,-178.602539,332.759338,550.844836,-173.389206,334.043976,550.408559,-173.388870,335.389099,0.000000,-173.394379,327.532990,551.481464,-174.633636,0.000000,551.410600,-174.661758,295.134160,551.246535,-174.650299,334.796051,543.891681,-81.911656,287.964590,545.171996,-97.215501,334.107361,0.000000,-160.382736,327.365234,533.838751,-162.052246,352.026855,466.259396,-47.384997,265.898430,0.000000,-69.735525,355.550293,402.417059,-23.184754,248.629132,571.415073,-168.150065,346.862030,363.875086,-82.695116,236.245013,631.080920,-268.573370,356.351522,333.438022,-99.635982,231.694032,650.014654,-301.632306,355.599518,333.645424,-109.011497,234.368375,652.893577,-270.484804,352.009531,372.661256,-97.253617,236.632067,647.768991,-274.787590,333.161652,373.988149,10.397717,269.455157,375.043223,-10.509497,329.270294,276.471720,0.000000,254.373602,277.296424,-23.915688,310.224696,179.767720,0.000000,256.391998,185.500116,100.248158,309.427508,180.261109,127.672735,258.023468,179.052687,112.116073,310.195854,153.198080,20.623736,251.006439,142.863070,-19.481342,
0.000000,0.000000,0.000000,0.000000,0.000000,0.000000,0.000000,0.000000,0.000000,0.000000,0.000000,0.000000,0.000000,0.000000,0.000000,0.000000,0.000000,0.000000,0.000000,0.000000,0.000000,0.000000,0.000000,0.000000,0.000000,0.000000,0.000000,0.000000,0.000000,0.000000,0.000000,0.000000,0.000000,0.000000,0.000000,0.000000,0.000000,0.000000,0.000000,0.000000,0.000000,0.000000,0.000000,0.000000,0.000000,0.000000,0.000000,0.000000,0.000000,0.000000,0.000000,0.000000,304.674342,544.211744,-238.136719,332.759338,550.844836,-231.185608,334.043976,550.408559,-231.185161,335.389099,549.948989,-231.192505,300.238574,551.481464,-232.844849,297.774585,551.410600,-232.882345,295.134160,551.246535,-232.867066,334.796051,543.891681,-129.332158,287.964590,545.171996,-120.927972,334.107361,532.980638,-213.843649,300.084798,533.838751,-216.069661,352.026855,466.259396,-81.257881,265.898430,513.989975,-88.182217,355.550293,402.417059,-70.148017,226.026484,571.415073,-194.400522,346.862030,363.875086,-116.295809,236.245013,631.080920,-337.312875,356.351522,333.438022,-135.860590,231.694032,650.014654,-375.905363,355.599518,333.645424,-181.685829,234.368375,652.893577,-340.135176,352.009531,331.254450,-130.676754,236.632067,647.768991,-342.572429,333.161652,373.988149,10.397717,269.455157,375.043223,-10.509497,329.270294,276.471720,-6.602338,254.373602,277.296424,-23.915688,310.224696,179.767720,162.808829,256.391998,185.500116,122.351320,309.427508,180.261109,178.116468,258.023468,179.052687,134.580653,310.195854,153.198080,76.908318,251.006439,142.863070,3.878155,
0.000000,0.000000,0.000000,0.000000,0.000000,0.000000,0.000000,0.000000,0.000000,0.000000,0.000000,0.000000,0.000000,0.000000,0.000000,0.000000,0.000000,0.000000,0.000000,0.000000,0.000000,0.000000,0.000000,0.000000,0.000000,0.000000,0.000000,0.000000,0.000000,0.000000,0.000000,0.000000,0.000000,0.000000,0.000000,0.000000,0.000000,0.000000,0.000000,0.000000,0.000000,0.000000,0.000000,0.000000,0.000000,0.000000,0.000000,0.000000,0.000000,0.000000,0.000000,0.000000,304.674342,544.211744,-208.369629,332.759338,550.844836,-173.389206,334.043976,550.408559,-173.388870,335.389099,549.948989,-173.394379,300.238574,551.481464,-174.633636,297.774585,551.410600,-174.661758,295.134160,551.246535,-174.650299,334.796051,543.891681,-81.911656,287.964590,545.171996,-97.215501,334.107361,532.980638,-160.382736,300.084798,533.838751,-162.052246,352.026855,466.259396,-30.448554,265.898430,513.989975,-69.735525,355.550293,402.417059,0.296878,248.629132,571.415073,-194.400522,346.862030,363.875086,-49.094423,236.245013,631.080920,-302.943123,356.351522,333.438022,-63.411373,231.694032,650.014654,-0.000000,355.599518,333.645424,-109.011497,234.368375,652.893577,-340.135176,352.009531,331.254450,-63.830480,236.632067,647.768991,-308.680009,333.161652,373.988149,10.397717,269.455157,375.043223,-10.509497,329.270294,276.471720,10.543050,254.373602,277.296424,-23.915688,310.224696,179.767720,162.808829,256.391998,185.500116,100.248158,0.000000,180.261109,178.116468,258.023468,167.115841,112.116073,310.195854,153.198080,48.766027,251.006439,142.863070,-19.481342,
0.000000,0.000000,0.000000,0.000000,0.000000,0.000000,0.000000,0.000000,0.000000,0.000000,0.000000,0.000000,0.000000,0.000000,0.000000,0.000000,0.000000,0.000000,0.000000,0.000000,0.000000,0.000000,0.000000,0.000000,0.000000,0.000000,0.000000,0.000000,0.000000,0.000000,0.000000,0.000000,0.000000,0.000000,0.000000,0.000000,0.000000,0.000000,0.000000,0.000000,0.000000,0.000000,0.000000,0.000000,0.000000,0.000000,0.000000,0.000000,0.000000,0.000000,0.000000,0.000000,304.674342,544.211744,-208.369629,332.759338,550.844836,-173.389206,334.043976,550.408559,-173.388870,335.389099,549.948989,-173.394379,300.238574,551.481464,-203.739242,297.774585,551.410600,-203.772051,295.134160,551.246535,-203.758682,334.796051,543.891681,-81.911656,287.964590,545.171996,-0.000000,334.107361,532.980638,-160.382736,300.084798,533.838751,-162.052246,352.026855,466.259396,-13.512112,265.898430,479.723977,-69.735525,355.550293,402.417059,0.296878,226.026484,533.320735,-194.400522,346.862030,363.875086,-82.695116,236.245013,589.008859,-371.682628,356.351522,333.438022,-99.635982,231.694032,606.680344,-413.041892,355.599518,333.645424,-109.011497,234.368375,609.367339,-374.960363,352.009531,331.254450,-97.253617,236.632067,604.584392,-376.464848,305.398181,349.055606,17.621041,269.455157,350.040341,-17.761435,301.831103,258.040272,44.833826,254.373602,258.809996,-23.915688,310.224696,179.767720,211.136774,235.025999,173.133442,100.248158,309.427508,180.261109,228.560202,236.521512,167.115841,112.116073,310.195854,153.198080,133.192899,251.006439,132.658565,3.878155,
0.000000,0.000000,0.000000,0.000000,0.000000,0.000000,0.000000,0.000000,0.000000,0.000000,0.000000,0.000000,0.000000,0.000000,0.000000,0.000000,0.000000,0.000000,0.000000,0.000000,0.000000,0.000000,0.000000,0.000000,0.000000,0.000000,0.000000,0.000000,0.000000,0.000000,0.000000,0.000000,0.000000,0.000000,0.000000,0.000000,0.000000,0.000000,0.000000,0.000000,0.000000,0.000000,0.000000,0.000000,0.000000,0.000000,0.000000,0.000000,0.000000,0.000000,0.000000,0.000000,304.674342,507.930961,-238.136719,305.029394,514.121847,-0.000000,306.206978,513.714655,-231.185161,307.440008,513.285723,-231.192505,300.238574,514.716033,-232.844849,297.774585,514.649893,-232.882345,295.134160,514.496766,-232.867066,334.796051,507.632236,-105.621907,287.964590,508.827196,-144.640443,306.265081,497.448595,-213.843649,300.084798,498.249501,-216.069661,352.026855,466.259396,-13.512112,265.898430,479.723977,-106.628908,355.550293,402.417059,0.296878,203.423836,495.226397,-220.650980,346.862030,323.444521,-82.695116,236.245013,546.936797,-371.682628,356.351522,333.438022,-99.635982,231.694032,563.346033,-413.041892,355.599518,333.645424,-109.011497,234.368375,565.841100,-409.785549,352.009531,331.254450,-97.253617,236.632067,561.399792,-376.464848,305.398181,324.123062,0.000000,269.455157,350.040341,-28.639342,301.831103,239.608824,79.124603,254.373602,240.323567,-23.915688,282.022451,179.767720,259.464719,235.025999,160.766767,100.248158,281.297735,180.261109,279.003936,236.521512,155.178995,112.116073,310.195854,142.984875,189.477481,251.006439,132.658565,3.878155,
0.000000,0.000000,0.000000,0.000000,0.000000,0.000000,0.000000,0.000000,0.000000,0.000000,0.000000,0.000000,0.000000,0.000000,0.000000,0.000000,0.000000,0.000000,0.000000,0.000000,0.000000,0.000000,0.000000,0.000000,0.000000,0.000000,0.000000,0.000000,0.000000,0.000000,0.000000,0.000000,0.000000,0.000000,0.000000,0.000000,0.000000,0.000000,0.000000,0.000000,0.000000,0.000000,0.000000,0.000000,0.000000,0.000000,0.000000,0.000000,0.000000,0.000000,0.000000,0.000000,304.674342,507.930961,-267.903809,305.029394,514.121847,-0.000000,306.206978,513.714655,-260.083306,307.440008,513.285723,-260.091568,300.238574,514.716033,-261.950455,297.774585,514.649893,-261.992638,295.134160,514.496766,-261.975449,306.896380,507.632236,-129.332158,287.964590,508.827196,-144.640443,306.265081,497.448595,-240.574105,300.084798,498.249501,-243.078369,352.026855,432.955154,-47.384997,0.000000,479.723977,-106.628908,355.550293,365.833690,-23.184754,203.423836,495.226397,-246.901437,346.862030,323.444521,-82.695116,236.245013,546.936797,-371.682628,356.351522,291.758270,-99.635982,231.694032,563.346033,-413.041892,355.599518,291.939746,-145.348663,234.368375,565.841100,-409.785549,352.009531,331.254450,-97.253617,0.000000,561.399792,-376.464848,0.000000,324.123062,28.456028,269.455157,325.037460,-28.639342,301.831103,239.608824,79.124603,254.373602,240.323567,-23.915688,282.022451,179.767720,283.628691,235.025999,160.766767,122.351320,281.297735,180.261109,304.225803,236.521512,155.178995,134.580653,310.195854,142.984875,217.619771,251.006439,132.658565,3.878155,
0.000000,0.000000,0.000000,0.000000,0.000000,0.000000,0.000000,0.000000,0.000000,0.000000,0.000000,0.000000,0.000000,0.000000,0.000000,0.000000,0.000000,0.000000,0.000000,0.000000,0.000000,0.000000,0.000000,0.000000,0.000000,0.000000,0.000000,0.000000,0.000000,0.000000,0.000000,0.000000,0.000000,0.000000,0.000000,0.000000,0.000000,0.000000,0.000000,0.000000,0.000000,0.000000,0.000000,0.000000,0.000000,0.000000,0.000000,0.000000,0.000000,0.000000,0.000000,0.000000,304.674342,507.930961,-267.903809,305.029394,514.121847,-231.185608,306.206978,0.000000,-231.185161,307.440008,513.285723,-231.192505,300.238574,514.716033,-232.844849,297.774585,514.649893,-0.000000,295.134160,514.496766,-232.867066,306.896380,507.632236,-129.332158,287.964590,508.827196,-144.640443,306.265081,497.448595,-213.843649,300.084798,498.249501,-216.069661,322.691284,432.955154,-47.384997,265.898430,479.723977,-125.075599,355.550293,365.833690,-23.184754,203.423836,495.226397,-246.901437,346.862030,323.444521,-82.695116,236.245013,546.936797,-371.682628,356.351522,291.758270,-99.635982,231.694032,563.346033,-413.041892,320.039566,291.939746,-109.011497,234.368375,565.841100,-409.785549,352.009531,289.847643,-97.253617,236.632067,561.399792,-376.464848,305.398181,324.123062,32.067690,269.455157,325.037460,-32.265311,301.831103,239.608824,79.124603,254.373602,240.323567,-42.603641,282.022451,179.767720,307.792664,235.025999,160.766767,122.351320,281.297735,180.261109,329.447670,236.521512,155.178995,134.580653,310.195854,142.984875,217.619771,251.006439,132.658565,3.878155,
0.000000,0.000000,0.000000,0.000000,0.000000,0.000000,0.000000,0.000000,0.000000,0.000000,0.000000,0.000000,0.000000,0.000000,0.000000,0.000000,0.000000,0.000000,0.000000,0.000000,0.000000,0.000000,0.000000,0.000000,0.000000,0.000000,0.000000,0.000000,0.000000,0.000000,0.000000,0.000000,0.000000,0.000000,0.000000,0.000000,0.000000,0.000000,0.000000,0.000000,0.000000,0.000000,0.000000,0.000000,0.000000,0.000000,0.000000,0.000000,0.000000,0.000000,0.000000,0.000000,0.000000,507.930961,-238.136719,305.029394,514.121847,-202.287407,306.206978,513.714655,-202.287015,307.440008,513.285723,-202.293442,300.238574,514.716033,-203.739242,297.774585,514.649893,-203.772051,295.134160,514.496766,-203.758682,306.896380,507.632236,-81.911656,0.000000,508.827196,-120.927972,306.265081,497.448595,-187.113192,300.084798,498.249501,-189.060954,322.691284,432.955154,-13.512112,265.898430,479.723977,-106.628908,355.550293,365.833690,0.296878,203.423836,495.226397,-273.151894,346.862030,323.444521,-49.094423,236.245013,546.936797,-440.422134,356.351522,291.758270,-63.411373,231.694032,563.346033,-450.178420,320.039566,291.939746,-72.674332,234.368375,565.841100,-444.610735,316.808578,289.847643,-63.830480,236.632067,561.399792,-410.357268,305.398181,324.123062,35.679352,269.455157,325.037460,-35.891280,0.000000,239.608824,61.979215,254.373602,240.323567,-61.291593,282.022451,179.767720,307.792664,235.025999,160.766767,122.351320,281.297735,180.261109,329.447670,236.521512,155.178995,134.580653,310.195854,142.984875,245.762062,251.006439,132.658565,0.000000,
0.000000,0.000000,0.000000,0.000000,0.000000,0.000000,0.000000,0.000000,0.000000,0.000000,0.000000,0.000000,0.000000,0.000000,0.000000,0.000000,0.000000,0.000000,0.000000,0.000000,0.000000,0.000000,0.000000,0.000000,0.000000,0.000000,0.000000,0.000000,0.000000,0.000000,0.000000,0.000000,0.000000,0.000000,0.000000,0.000000,0.000000,0.000000,0.000000,0.000000,0.000000,0.000000,0.000000,0.000000,0.000000,0.000000,0.000000,0.000000,0.000000,0.000000,0.000000,0.000000,304.674342,507.930961,-238.136719,305.029394,514.121847,-202.287407,306.206978,513.714655,-202.287015,307.440008,0.000000,-202.293442,300.238574,514.716033,-203.739242,297.774585,514.649893,-203.772051,295.134160,0.000000,-203.758682,306.896380,507.632236,-81.911656,287.964590,508.827196,-120.927972,306.265081,497.448595,-187.113192,300.084798,498.249501,-189.060954,322.691284,432.955154,-13.512112,241.725845,479.723977,-106.628908,0.000000,365.833690,0.296878,203.423836,495.226397,-246.901437,346.862030,323.444521,-82.695116,236.245013,546.936797,-406.052381,356.351522,291.758270,-99.635982,231.694032,563.346033,-450.178420,320.039566,291.939746,-109.011497,234.368375,565.841100,-409.785549,352.009531,331.254450,-97.253617,236.632067,561.399792,-410.357268,305.398181,324.123062,32.067690,269.455157,325.037460,-32.265311,329.270294,239.608824,-23.747727,254.373602,240.323567,-79.979546,282.022451,179.767720,0.000000,235.025999,160.766767,122.351320,281.297735,180.261109,304.225803,236.521512,155.178995,157.045232,310.195854,142.984875,217.619771,251.006439,132.658565,27.237652,
0.000000,0.000000,0.000000,0.000000,0.000000,0.000000,0.000000,0.000000,0.000000,0.000000,0.000000,0.000000,0.000000,0.000000,0.000000,0.000000,0.000000,0.000000,0.000000,0.000000,0.000000,0.000000,0.000000,0.000000,0.000000,0.000000,0.000000,0.000000,0.000000,0.000000,0.000000,0.000000,0.000000,0.000000,0.000000,0.000000,0.000000,0.000000,0.000000,0.000000,0.000000,0.000000,0.000000,0.000000,0.000000,0.000000,0.000000,0.000000,0.000000,0.000000,0.000000,0.000000,304.674342,507.930961,-208.369629,305.029394,514.121847,-202.287407,306.206978,513.714655,-202.287015,307.440008,513.285723,-202.293442,300.238574,514.716033,-203.739242,297.774585,514.649893,-203.772051,295.134160,514.496766,-203.758682,306.896380,507.632236,-81.911656,287.964590,508.827196,-97.215501,306.265081,497.448595,-187.113192,300.084798,498.249501,-189.060954,0.000000,432.955154,-13.512112,241.725845,479.723977,-106.628908,355.550293,365.833690,0.296878,203.423836,495.226397,-246.901437,346.862030,323.444521,-82.695116,214.768193,589.008859,-371.682628,356.351522,291.758270,-99.635982,231.694032,606.680344,-413.041892,355.599518,291.939746,-109.011497,234.368375,609.367339,-409.785549,352.009531,331.254450,-97.253617,236.632067,604.584392,-376.464848,305.398181,324.123062,32.067690,269.455157,325.037460,-32.265311,329.270294,239.608824,-40.893115,254.373602,240.323567,-61.291593,282.022451,192.608271,235.300746,235.025999,160.766767,144.454483,281.297735,193.136902,253.782069,236.521512,155.178995,157.045232,310.195854,142.984875,161.335190,251.006439,132.658565,27.237652,
0.000000,0.000000,0.000000,0.000000,0.000000,0.000000,0.000000,0.000000,0.000000,0.000000,0.000000,0.000000,0.000000,0.000000,0.000000,0.000000,0.000000,0.000000,0.000000,0.000000,0.000000,0.000000,0.000000,0.000000,0.000000,0.000000,0.000000,0.000000,0.000000,0.000000,0.000000,0.000000,0.000000,0.000000,0.000000,0.000000,0.000000,0.000000,0.000000,0.000000,0.000000,0.000000,0.000000,0.000000,0.000000,0.000000,0.000000,0.000000,0.000000,0.000000,0.000000,0.000000,304.674342,507.930961,-238.136719,305.029394,514.121847,-231.185608,306.206978,0.000000,-231.185161,307.440008,513.285723,-231.192505,300.238574,514.716033,-232.844849,297.774585,514.649893,-232.882345,295.134160,514.496766,-232.867066,306.896380,507.632236,-105.621907,287.964590,508.827196,-120.927972,306.265081,497.448595,-187.113192,300.084798,498.249501,-216.069661,322.691284,466.259396,-30.448554,241.725845,479.723977,-106.628908,355.550293,402.417059,-23.184754,203.423836,0.000000,-246.901437,346.862030,323.444521,-116.295809,214.768193,589.008859,-371.682628,356.351522,333.438022,-135.860590,210.630938,606.680344,-413.041892,355.599518,333.645424,-145.348663,213.062159,609.367339,-409.785549,352.009531,331.254450,-130.676754,215.120061,604.584392,-376.464848,305.398181,324.123062,28.456028,269.455157,325.037460,-28.639342,329.270294,239.608824,-58.038503,254.373602,240.323567,-42.603641,310.224696,192.608271,211.136774,235.025999,160.766767,188.660807,281.297735,193.136902,253.782069,236.521512,155.178995,201.974392,310.195854,142.984875,161.335190,251.006439,132.658565,97.316143,
0.000000,0.000000,0.000000,0.000000,0.000000,0.000000,0.000000,0.000000,0.000000,0.000000,0.000000,0.000000,0.000000,0.000000,0.000000,0.000000,0.000000,0.000000,0.000000,0.000000,0.000000,0.000000,0.000000,0.000000,0.000000,0.000000,0.000000,0.000000,0.000000,0.000000,0.000000,0.000000,0.000000,0.000000,0.000000,0.000000,0.000000,0.000000,0.000000,0.000000,0.000000,0.000000,0.000000,0.000000,0.000000,0.000000,0.000000,0.000000,0.000000,0.000000,0.000000,0.000000,304.674342,507.930961,-297.670899,305.029394,514.121847,-288.982010,306.206978,513.714655,-288.981451,307.440008,513.285723,-288.990631,300.238574,514.716033,-291.056061,297.774585,0.000000,-291.102931,295.134160,514.496766,-291.083832,306.896380,507.632236,-153.042410,287.964590,508.827196,-168.352914,306.265081,497.448595,-240.574105,300.084798,498.249501,-270.087077,322.691284,466.259396,-81.257881,241.725845,479.723977,-161.968981,355.550293,402.417059,-70.148017,203.423836,533.320735,-299.402351,346.862030,363.875086,-149.896502,214.768193,589.008859,-440.422134,0.000000,333.438022,-172.085199,210.630938,606.680344,-487.314949,355.599518,333.645424,-218.022995,213.062159,609.367339,-479.435921,352.009531,331.254450,-164.099891,215.120061,604.584392,-444.249687,305.398181,349.055606,24.844365,269.455157,350.040341,-25.013373,329.270294,258.040272,-23.747727,254.373602,240.323567,-42.603641,310.224696,192.608271,211.136774,235.025999,160.766767,144.454483,281.297735,193.136902,228.560202,236.521512,155.178995,157.045232,310.195854,142.984875,133.192899,251.006439,132.658565,27.237652,
0.000000,0.000000,0.000000,0.000000,0.000000,0.000000,0.000000,0.000000,0.000000,0.000000,0.000000,0.000000,0.000000,0.000000,0.000000,0.000000,0.000000,0.000000,0.000000,0.000000,0.000000,0.000000,0.000000,0.000000,0.000000,0.000000,0.000000,0.000000,0.000000,0.000000,0.000000,0.000000,0.000000,0.000000,0.000000,0.000000,0.000000,0.000000,0.000000,0.000000,0.000000,0.000000,0.000000,0.000000,0.000000,0.000000,0.000000,0.000000,0.000000,0.000000,0.000000,0.000000,304.674342,507.930961,-267.903809,305.029394,514.121847,-260.083809,306.206978,550.408559,-260.083306,307.440008,549.948989,-260.091568,300.238574,514.716033,-261.950455,297.774585,514.649893,-261.992638,295.134160,514.496766,-261.975449,306.896380,543.891681,-153.042410,287.964590,508.827196,-168.352914,306.265081,497.448595,-240.574105,300.084798,498.249501,-243.078369,322.691284,466.259396,-64.321439,265.898430,479.723977,-143.522290,355.550293,402.417059,-70.148017,203.423836,533.320735,-299.402351,346.862030,363.875086,-116.295809,214.768193,589.008859,-440.422134,356.351522,333.438022,-135.860590,210.630938,606.680344,-487.314949,355.599518,333.645424,-181.685829,213.062159,609.367339,-444.610735,352.009531,331.254450,-130.676754,215.120061,604.584392,-444.249687,333.161652,349.055606,24.844365,269.455157,350.040341,-25.013373,329.270294,258.040272,-23.747727,254.373602,258.809996,-42.603641,310.224696,192.608271,186.972801,235.025999,160.766767,100.248158,309.427508,193.136902,178.116468,236.521512,155.178995,112.116073,338.395478,142.984875,76.908318,251.006439,132.658565,-19.481342,
0.000000,0.000000,0.000000,0.000000,0.000000,0.000000,0.000000,0.000000,0.000000,0.000000,0.000000,0.000000,0.000000,0.000000,0.000000,0.000000,0.000000,0.000000,0.000000,0.000000,0.000000,0.000000,0.000000,0.000000,0.000000,0.000000,0.000000,0.000000,0.000000,0.000000,0.000000,0.000000,0.000000,0.000000,0.000000,0.000000,0.000000,0.000000,0.000000,0.000000,0.000000,0.000000,0.000000,0.000000,0.000000,0.000000,0.000000,0.000000,0.000000,0.000000,0.000000,0.000000,304.674342,507.930961,-327.437989,305.029394,550.844836,-288.982010,306.206978,550.408559,-288.981451,307.440008,549.948989,-288.990631,300.238574,514.716033,-291.056061,297.774585,514.649893,-291.102931,295.134160,514.496766,-291.083832,306.896380,543.891681,-176.752661,287.964590,508.827196,-192.065385,306.265081,497.448595,-267.304561,300.084798,498.249501,-270.087077,322.691284,466.259396,-98.194324,265.898430,479.723977,-161.968981,355.550293,402.417059,-70.148017,203.423836,533.320735,-299.402351,346.862030,363.875086,-149.896502,214.768193,589.008859,-440.422134,356.351522,333.438022,-172.085199,210.630938,606.680344,-487.314949,355.599518,333.645424,-181.685829,213.062159,609.367339,-479.435921,352.009531,331.254450,-164.099891,215.120061,604.584392,-444.249687,333.161652,349.055606,21.232703,269.455157,350.040341,-21.387404,356.709486,258.040272,10.543050,254.373602,258.809996,-23.915688,338.426941,192.608271,186.972801,235.025999,173.133442,122.351320,337.557282,193.136902,203.338335,236.521512,167.115841,112.116073,338.395478,142.984875,105.050608,251.006439,132.658565,3.878155,
0.000000,0.000000,0.000000,0.000000,0.000000,0.000000,0.000000,0.000000,0.000000,0.000000,0.000000,0.000000,0.000000,0.000000,0.000000,0.000000,0.000000,0.000000,0.000000,0.000000,0.000000,0.000000,0.000000,0.000000,0.000000,0.000000,0.000000,0.000000,0.000000,0.000000,0.000000,0.000000,0.000000,0.000000,0.000000,0.000000,0.000000,0.000000,0.000000,0.000000,0.000000,0.000000,0.000000,0.000000,0.000000,0.000000,0.000000,0.000000,0.000000,0.000000,0.000000,0.000000,304.674342,507.930961,-327.437989,305.029394,550.844836,-288.982010,306.206978,550.408559,-288.981451,307.440008,549.948989,-288.990631,300.238574,551.481464,-291.056061,297.774585,514.649893,-291.102931,295.134160,514.496766,-291.083832,306.896380,543.891681,-176.752661,287.964590,508.827196,-192.065385,306.265081,532.980638,-267.304561,300.084798,498.249501,-270.087077,352.026855,466.259396,-81.257881,265.898430,479.723977,-161.968981,355.550293,402.417059,-70.148017,203.423836,533.320735,-273.151894,381.548233,363.875086,-149.896502,214.768193,589.008859,-0.000000,356.351522,333.438022,-172.085199,210.630938,606.680344,-487.314949,355.599518,333.645424,-181.685829,213.062159,609.367339,-479.435921,352.009531,331.254450,-164.099891,215.120061,604.584392,-444.249687,333.161652,349.055606,21.232703,293.951080,350.040341,-21.387404,356.709486,258.040272,27.688438,254.373602,258.809996,-23.915688,338.426941,192.608271,186.972801,235.025999,173.133442,0.000000,337.557282,180.261109,203.338335,0.000000,0.000000,134.580653,366.595101,142.984875,105.050608,251.006439,142.863070,3.878155,
0.000000,0.000000,0.000000,0.000000,0.000000,0.000000,0.000000,0.000000,0.000000,0.000000,0.000000,0.000000,0.000000,0.000000,0.000000,0.000000,0.000000,0.000000,0.000000,0.000000,0.000000,0.000000,0.000000,0.000000,0.000000,0.000000,0.000000,0.000000,0.000000,0.000000,0.000000,0.000000,0.000000,0.000000,0.000000,0.000000,0.000000,0.000000,0.000000,0.000000,0.000000,0.000000,0.000000,0.000000,0.000000,0.000000,0.000000,0.000000,0.000000,0.000000,0.000000,0.000000,304.674342,507.930961,-297.670899,305.029394,550.844836,-288.982010,306.206978,550.408559,-288.981451,307.440008,549.948989,-288.990631,300.238574,514.716033,-291.056061,297.774585,514.649893,-291.102931,295.134160,514.496766,-291.083832,306.896380,543.891681,-0.000000,287.964590,508.827196,-192.065385,306.265081,532.980638,-267.304561,300.084798,498.249501,-270.087077,352.026855,466.259396,-81.257881,0.000000,479.723977,-143.522290,355.550293,402.417059,-70.148017,203.423836,533.320735,-273.151894,0.000000,363.875086,-149.896502,0.000000,589.008859,-440.422134,391.986674,333.438022,-135.860590,210.630938,606.680344,-487.314949,355.599518,333.645424,-181.685829,213.062159,609.367339,-479.435921,352.009531,331.254450,-164.099891,215.120061,604.584392,-444.249687,333.161652,349.055606,21.232703,293.951080,350.040341,-21.387404,356.709486,258.040272,10.543050,277.498474,258.809996,-23.915688,366.629186,179.767720,186.972801,256.391998,173.133442,144.454483,365.687055,167.385315,203.338335,258.023468,167.115841,157.045232,366.595101,142.984875,76.908318,251.006439,142.863070,27.237652,
0.000000,0.000000,0.000000,0.000000,0.000000,0.000000,0.000000,0.000000,0.000000,0.000000,0.000000,0.000000,0.000000,0.000000,0.000000,0.000000,0.000000,0.000000,0.000000,0.000000,0.000000,0.000000,0.000000,0.000000,0.000000,0.000000,0.000000,0.000000,0.000000,0.000000,0.000000,0.000000,0.000000,0.000000,0.000000,0.000000,0.000000,0.000000,0.000000,0.000000,0.000000,0.000000,0.000000,0.000000,0.000000,0.000000,0.000000,0.000000,0.000000,0.000000,0.000000,0.000000,304.674342,507.930961,-267.903809,305.029394,514.121847,-260.083809,306.206978,513.714655,-260.083306,307.440008,549.948989,-260.091568,300.238574,514.716033,-261.950455,297.774585,514.649893,-261.992638,295.134160,514.496766,-261.975449,306.896380,543.891681,-153.042410,287.964590,508.827196,-168.352914,306.265081,497.448595,-240.574105,300.084798,498.249501,-243.078369,352.026855,466.259396,-81.257881,265.898430,479.723977,-106.628908,355.550293,402.417059,-70.148017,203.423836,495.226397,-220.650980,381.548233,363.875086,-116.295809,214.768193,546.936797,-371.682628,391.986674,333.438022,-135.860590,210.630938,606.680344,-413.041892,391.159470,333.645424,-145.348663,213.062159,565.841100,-374.960363,387.210484,331.254450,-130.676754,215.120061,561.399792,-342.572429,333.161652,349.055606,6.786054,293.951080,350.040341,-6.883527,356.709486,258.040272,10.543050,277.498474,0.000000,13.460217,366.629186,166.927168,162.808829,256.391998,173.133442,166.557645,365.687055,154.509522,152.894601,258.023468,167.115841,179.509812,394.794724,142.984875,48.766027,251.006439,142.863070,73.956646,
0.000000,0.000000,0.000000,0.000000,0.000000,0.000000,0.000000,0.000000,0.000000,0.000000,0.000000,0.000000,0.000000,0.000000,0.000000,0.000000,0.000000,0.000000,0.000000,0.000000,0.000000,0.000000,0.000000,0.000000,0.000000,0.000000,0.000000,0.000000,0.000000,0.000000,0.000000,0.000000,0.000000,0.000000,0.000000,0.000000,0.000000,0.000000,0.000000,0.000000,0.000000,0.000000,0.000000,0.000000,0.000000,0.000000,0.000000,0.000000,0.000000,0.000000,0.000000,0.000000,304.674342,507.930961,-297.670899,305.029394,514.121847,-260.083809,306.206978,0.000000,-260.083306,307.440008,513.285723,-260.091568,300.238574,514.716033,-261.950455,297.774585,514.649893,-261.992638,295.134160,514.496766,-261.975449,306.896380,507.632236,-176.752661,287.964590,508.827196,-168.352914,306.265081,497.448595,-240.574105,300.084798,498.249501,-243.078369,352.026855,466.259396,-98.194324,265.898430,479.723977,-106.628908,387.873047,402.417059,-93.629649,226.026484,495.226397,-246.901437,381.548233,323.444521,-149.896502,236.245013,546.936797,-371.682628,391.986674,333.438022,-135.860590,231.694032,563.346033,-413.041892,391.159470,333.645424,-181.685829,234.368375,565.841100,-409.785549,387.210484,331.254450,-130.676754,236.632067,561.399792,-376.464848,333.161652,349.055606,3.174392,293.951080,350.040341,-3.257558,356.709486,239.608824,10.543050,277.498474,258.809996,13.460217,394.831431,166.927168,138.644856,256.391998,173.133442,166.557645,393.816829,154.509522,152.894601,258.023468,167.115841,179.509812,394.794724,132.771669,20.623736,251.006439,132.658565,73.956646,
0.000000,0.000000,0.000000,0.000000,0.000000,0.000000,0.000000,0.000000,0.000000,0.000000,0.000000,0.000000,0.000000,0.000000,0.000000,0.000000,0.000000,0.000000,0.000000,0.000000,0.000000,0.000000,0.000000,0.000000,0.000000,0.000000,0.000000,0.000000,0.000000,0.000000,0.000000,0.000000,0.000000,0.000000,0.000000,0.000000,0.000000,0.000000,0.000000,0.000000,0.000000,0.000000,0.000000,0.000000,0.000000,0.000000,0.000000,0.000000,0.000000,0.000000,0.000000,0.000000,304.674342,507.930961,-267.903809,305.029394,514.121847,-260.083809,306.206978,513.714655,-260.083306,307.440008,513.285723,-0.000000,300.238574,514.716033,-261.950455,297.774585,514.649893,-261.992638,295.134160,514.496766,-261.975449,334.796051,507.632236,-153.042410,287.964590,508.827196,-168.352914,306.265081,497.448595,-240.574105,300.084798,498.249501,-243.078369,352.026855,0.000000,-98.194324,265.898430,445.457978,-106.628908,387.873047,402.417059,-93.629649,226.026484,495.226397,-246.901437,381.548233,323.444521,-149.896502,236.245013,546.936797,-371.682628,391.986674,333.438022,-135.860590,231.694032,563.346033,-413.041892,391.159470,333.645424,-181.685829,234.368375,565.841100,-409.785549,387.210484,331.254450,-130.676754,236.632067,561.399792,-376.464848,333.161652,324.123062,-0.000000,293.951080,325.037460,0.368411,356.709486,239.608824,10.543050,277.498474,240.323567,32.148170,394.831431,154.086617,162.808829,256.391998,160.766767,210.763969,393.816829,154.509522,178.116468,258.023468,155.178995,224.438972,394.794724,132.771669,48.766027,251.006439,132.658565,120.675640,
0.000000,0.000000,0.000000,0.000000,0.000000,0.000000,0.000000,0.000000,0.000000,0.000000,0.000000,0.000000,0.000000,0.000000,0.000000,0.000000,0.000000,0.000000,0.000000,0.000000,0.000000,0.000000,0.000000,0.000000,0.000000,0.000000,0.000000,0.000000,0.000000,0.000000,0.000000,0.000000,0.000000,0.000000,0.000000,0.000000,0.000000,0.000000,0.000000,0.000000,0.000000,0.000000,0.000000,0.000000,0.000000,0.000000,0.000000,0.000000,0.000000,0.000000,0.000000,0.000000,304.674342,507.930961,-267.903809,305.029394,514.121847,-260.083809,334.043976,513.714655,-260.083306,335.389099,513.285723,-260.091568,300.238574,514.716033,-261.950455,297.774585,514.649893,-0.000000,295.134160,514.496766,-261.975449,334.796051,507.632236,-153.042410,287.964590,508.827196,-168.352914,334.107361,0.000000,-240.574105,300.084798,498.249501,-243.078369,352.026855,432.955154,-98.194324,265.898430,445.457978,-106.628908,387.873047,365.833690,-93.629649,226.026484,457.132058,-246.901437,0.000000,323.444521,-149.896502,236.245013,0.000000,-371.682628,391.986674,291.758270,-172.085199,252.757126,563.346033,-413.041892,391.159470,291.939746,-181.685829,255.674591,565.841100,-409.785549,387.210484,331.254450,-164.099891,258.144074,561.399792,-376.464848,360.925123,324.123062,-0.437270,293.951080,325.037460,0.368411,356.709486,239.608824,10.543050,277.498474,240.323567,32.148170,394.831431,154.086617,162.808829,256.391998,160.766767,210.763969,393.816829,141.633728,178.116468,258.023468,155.178995,224.438972,394.794724,122.558464,48.766027,251.006439,132.658565,97.316143,
0.000000,0.000000,0.000000,0.000000,0.000000,0.000000,0.000000,0.000000,0.000000,0.000000,0.000000,0.000000,0.000000,0.000000,0.000000,0.000000,0.000000,0.000000,0.000000,0.000000,0.000000,0.000000,0.000000,0.000000,0.000000,0.000000,0.000000,0.000000,0.000000,0.000000,0.000000,0.000000,0.000000,0.000000,0.000000,0.000000,0.000000,0.000000,0.000000,0.000000,0.000000,0.000000,0.000000,0.000000,0.000000,0.000000,0.000000,0.000000,0.000000,0.000000,0.000000,0.000000,332.372010,0.000000,-297.670899,332.759338,514.121847,-0.000000,334.043976,513.714655,-260.083306,335.389099,513.285723,-260.091568,327.532990,514.716033,-261.950455,324.845002,514.649893,-261.992638,321.964538,514.496766,-261.975449,334.796051,507.632236,-176.752661,314.143189,508.827196,-168.352914,334.107361,497.448595,-240.574105,327.365234,498.249501,-243.078369,352.026855,432.955154,-98.194324,290.071014,445.457978,-125.075599,387.873047,365.833690,-93.629649,226.026484,457.132058,-273.151894,381.548233,323.444521,-149.896502,236.245013,546.936797,-406.052381,391.986674,291.758270,-172.085199,252.757126,563.346033,-450.178420,391.159470,291.939746,-218.022995,255.674591,565.841100,-444.610735,387.210484,289.847643,-164.099891,258.144074,561.399792,-410.357268,360.925123,324.123062,3.174392,293.951080,325.037460,-3.257558,356.709486,239.608824,27.688438,277.498474,240.323567,13.460217,394.831431,154.086617,211.136774,256.391998,160.766767,210.763969,393.816829,141.633728,228.560202,258.023468,155.178995,224.438972,394.794724,132.771669,105.050608,251.006439,132.658565,97.316143,
0.000000,0.000000,0.000000,0.000000,0.000000,0.000000,0.000000,0.000000,0.000000,0.000000,0.000000,0.000000,0.000000,0.000000,0.000000,0.000000,0.000000,0.000000,0.000000,0.000000,0.000000,0.000000,0.000000,0.000000,0.000000,0.000000,0.000000,0.000000,0.000000,0.000000,0.000000,0.000000,0.000000,0.000000,0.000000,0.000000,0.000000,0.000000,0.000000,0.000000,0.000000,0.000000,0.000000,0.000000,0.000000,0.000000,0.000000,0.000000,0.000000,0.000000,0.000000,0.000000,332.372010,507.930961,-327.437989,332.759338,514.121847,-288.982010,334.043976,513.714655,-288.981451,335.389099,513.285723,-288.990631,327.532990,514.716033,-291.056061,324.845002,514.649893,-291.102931,321.964538,514.496766,-291.083832,334.796051,507.632236,-200.462912,314.143189,508.827196,-192.065385,334.107361,497.448595,-267.304561,327.365234,498.249501,-270.087077,381.362426,432.955154,-132.067208,290.071014,445.457978,-143.522290,387.873047,365.833690,-117.111280,226.026484,457.132058,-299.402351,381.548233,323.444521,-183.497196,257.721832,546.936797,-440.422134,391.986674,291.758270,-208.309807,252.757126,563.346033,-487.314949,391.159470,291.939746,-218.022995,255.674591,565.841100,-479.435921,387.210484,289.847643,-197.523028,258.144074,561.399792,-444.249687,360.925123,324.123062,3.174392,318.447003,325.037460,-3.257558,356.709486,239.608824,44.833826,277.498474,240.323567,13.460217,394.831431,154.086617,235.300746,256.391998,160.766767,210.763969,393.816829,154.509522,0.000000,258.023468,155.178995,224.438972,394.794724,132.771669,133.192899,251.006439,132.658565,97.316143,
0.000000,0.000000,0.000000,0.000000,0.000000,0.000000,0.000000,0.000000,0.000000,0.000000,0.000000,0.000000,0.000000,0.000000,0.000000,0.000000,0.000000,0.000000,0.000000,0.000000,0.000000,0.000000,0.000000,0.000000,0.000000,0.000000,0.000000,0.000000,0.000000,0.000000,0.000000,0.000000,0.000000,0.000000,0.000000,0.000000,0.000000,0.000000,0.000000,0.000000,0.000000,0.000000,0.000000,0.000000,0.000000,0.000000,0.000000,0.000000,0.000000,0.000000,0.000000,0.000000,332.372010,507.930961,-297.670899,332.759338,514.121847,-288.982010,334.043976,513.714655,-288.981451,335.389099,513.285723,-288.990631,0.000000,514.716033,-291.056061,324.845002,514.649893,-291.102931,321.964538,514.496766,-291.083832,334.796051,507.632236,-176.752661,314.143189,508.827196,-192.065385,334.107361,497.448595,-267.304561,327.365234,498.249501,-270.087077,381.362426,432.955154,-115.130766,0.000000,445.457978,-143.522290,387.873047,365.833690,-117.111280,226.026484,457.132058,-273.151894,381.548233,323.444521,-183.497196,236.245013,546.936797,-440.422134,391.986674,291.758270,-208.309807,252.757126,563.346033,-487.314949,391.159470,291.939746,-218.022995,255.674591,565.841100,-444.610735,387.210484,331.254450,-197.523028,258.144074,561.399792,-410.357268,360.925123,324.123062,3.174392,318.447003,325.037460,-3.257558,356.709486,239.608824,27.688438,300.623347,240.323567,13.460217,394.831431,154.086617,211.136774,256.391998,160.766767,166.557645,393.816829,154.509522,228.560202,258.023468,155.178995,179.509812,394.794724,132.771669,105.050608,251.006439,132.658565,73.956646,
0.000000,0.000000,0.000000,0.000000,0.000000,0.000000,0.000000,0.000000,0.000000,0.000000,0.000000,0.000000,0.000000,0.000000,0.000000,0.000000,0.000000,0.000000,0.000000,0.000000,0.000000,0.000000,0.000000,0.000000,0.000000,0.000000,0.000000,0.000000,0.000000,0.000000,0.000000,0.000000,0.000000,0.000000,0.000000,0.000000,0.000000,0.000000,0.000000,0.000000,0.000000,0.000000,0.000000,0.000000,0.000000,0.000000,0.000000,0.000000,0.000000,0.000000,0.000000,0.000000,332.372010,507.930961,-267.903809,332.759338,514.121847,-260.083809,334.043976,513.714655,-260.083306,335.389099,513.285723,-260.091568,327.532990,514.716033,-261.950455,324.845002,514.649893,-261.992638,321.964538,514.496766,-261.975449,334.796051,507.632236,-153.042410,314.143189,508.827196,-168.352914,334.107361,497.448595,-240.574105,327.365234,498.249501,-243.078369,381.362426,466.259396,-115.130766,290.071014,445.457978,-106.628908,387.873047,402.417059,-117.111280,248.629132,495.226397,-0.000000,0.000000,323.444521,-183.497196,236.245013,546.936797,-406.052381,391.986674,333.438022,-208.309807,252.757126,563.346033,-450.178420,391.159470,333.645424,-254.360161,255.674591,565.841100,-444.610735,387.210484,331.254450,-197.523028,258.144074,561.399792,-410.357268,360.925123,324.123062,3.174392,318.447003,325.037460,-3.257558,384.148677,239.608824,27.688438,300.623347,240.323567,-5.227735,394.831431,154.086617,162.808829,256.391998,160.766767,144.454483,393.816829,141.633728,0.000000,258.023468,155.178995,134.580653,394.794724,132.771669,76.908318,251.006439,132.658565,27.237652,
0.000000,0.000000,0.000000,0.000000,0.000000,0.000000,0.000000,0.000000,0.000000,0.000000,0.000000,0.000000,0.000000,0.000000,0.000000,0.000000,0.000000,0.000000,0.000000,0.000000,0.000000,0.000000,0.000000,0.000000,0.000000,0.000000,0.000000,0.000000,0.000000,0.000000,0.000000,0.000000,0.000000,0.000000,0.000000,0.000000,0.000000,0.000000,0.000000,0.000000,0.000000,0.000000,0.000000,0.000000,0.000000,0.000000,0.000000,0.000000,0.000000,0.000000,0.000000,0.000000,332.372010,507.930961,-267.903809,332.759338,514.121847,-260.083809,334.043976,0.000000,-260.083306,335.389099,513.285723,-260.091568,327.532990,0.000000,-261.950455,324.845002,514.649893,-261.992638,321.964538,514.496766,-261.975449,362.695722,507.632236,-153.042410,314.143189,508.827196,-168.352914,361.949641,497.448595,-240.574105,327.365234,498.249501,-243.078369,381.362426,466.259396,-115.130766,290.071014,479.723977,-106.628908,420.195801,402.417059,-117.111280,248.629132,457.132058,-246.901437,416.234436,363.875086,-183.497196,236.245013,546.936797,-406.052381,427.621826,333.438022,-208.309807,231.694032,563.346033,-450.178420,391.159470,333.645424,-218.022995,234.368375,565.841100,-444.610735,387.210484,331.254450,-197.523028,236.632067,561.399792,-410.357268,360.925123,349.055606,3.174392,318.447003,0.000000,-3.257558,384.148677,239.608824,-6.602338,300.623347,258.809996,-5.227735,394.831431,154.086617,138.644856,277.757998,173.133442,122.351320,393.816829,154.509522,152.894601,279.525424,167.115841,134.580653,394.794724,132.771669,20.623736,251.006439,142.863070,27.237652,
0.000000,0.000000,0.000000,0.000000,0.000000,0.000000,0.000000,0.000000,0.000000,0.000000,0.000000,0.000000,0.000000,0.000000,0.000000,0.000000,0.000000,0.000000,0.000000,0.000000,0.000000,0.000000,0.000000,0.000000,0.000000,0.000000,0.000000,0.000000,0.000000,0.000000,0.000000,0.000000,0.000000,0.000000,0.000000,0.000000,0.000000,0.000000,0.000000,0.000000,0.000000,0.000000,0.000000,0.000000,0.000000,0.000000,0.000000,0.000000,0.000000,0.000000,0.000000,0.000000,360.069677,507.930961,-267.903809,360.489283,514.121847,-231.185608,361.880974,513.714655,-231.185161,363.338191,549.948989,-231.192505,354.827405,514.716033,-232.844849,324.845002,514.649893,-0.000000,321.964538,514.496766,-232.867066,362.695722,543.891681,-153.042410,314.143189,508.827196,-144.640443,0.000000,497.448595,-213.843649,354.645671,498.249501,-216.069661,381.362426,466.259396,-81.257881,314.243599,479.723977,-88.182217,420.195801,402.417059,-70.148017,248.629132,457.132058,-220.650980,416.234436,363.875086,-149.896502,236.245013,504.864736,-406.052381,427.621826,333.438022,-172.085199,231.694032,520.011723,-450.178420,426.719422,333.645424,-181.685829,234.368375,522.314862,-0.000000,422.411438,331.254450,-164.099891,236.632067,518.215193,-410.357268,388.688594,349.055606,-0.437270,318.447003,350.040341,0.368411,384.148677,239.608824,-23.747727,300.623347,258.809996,-5.227735,394.831431,154.086617,138.644856,277.757998,173.133442,144.454483,393.816829,154.509522,127.672735,279.525424,167.115841,134.580653,394.794724,132.771669,20.623736,271.923642,142.863070,27.237652,
0.000000,0.000000,0.000000,0.000000,0.000000,0.000000,0.000000,0.000000,0.000000,0.000000,0.000000,0.000000,0.000000,0.000000,0.000000,0.000000,0.000000,0.000000,0.000000,0.000000,0.000000,0.000000,0.000000,0.000000,0.000000,0.000000,0.000000,0.000000,0.000000,0.000000,0.000000,0.000000,0.000000,0.000000,0.000000,0.000000,0.000000,0.000000,0.000000,0.000000,0.000000,0.000000,0.000000,0.000000,0.000000,0.000000,0.000000,0.000000,0.000000,0.000000,0.000000,0.000000,360.069677,544.211744,-208.369629,360.489283,550.844836,-202.287407,361.880974,550.408559,-202.287015,363.338191,549.948989,-202.293442,354.827405,551.481464,-203.739242,351.915418,551.410600,-203.772051,348.794917,551.246535,-203.758682,362.695722,543.891681,-81.911656,340.321788,545.171996,-120.927972,361.949641,532.980638,-160.382736,354.645671,533.838751,-189.060954,381.362426,466.259396,-30.448554,314.243599,479.723977,-51.288834,420.195801,0.000000,-23.184754,248.629132,457.132058,-168.150065,416.234436,363.875086,-82.695116,236.245013,504.864736,-406.052381,427.621826,375.117775,-99.635982,231.694032,520.011723,-450.178420,426.719422,375.351102,-145.348663,234.368375,522.314862,-444.610735,422.411438,372.661256,-97.253617,236.632067,518.215193,-410.357268,388.688594,349.055606,-0.000000,318.447003,350.040341,0.368411,384.148677,258.040272,-23.747727,300.623347,258.809996,-5.227735,394.831431,166.927168,114.480884,0.000000,173.133442,144.454483,393.816829,154.509522,127.672735,279.525424,0.000000,157.045232,394.794724,132.771669,-7.518555,271.923642,142.863070,27.237652,
0.000000,0.000000,0.000000,0.000000,0.000000,0.000000,0.000000,0.000000,0.000000,0.000000,0.000000,0.000000,0.000000,0.000000,0.000000,0.000000,0.000000,0.000000,0.000000,0.000000,0.000000,0.000000,0.000000,0.000000,0.000000,0.000000,0.000000,0.000000,0.000000,0.000000,0.000000,0.000000,0.000000,0.000000,0.000000,0.000000,0.000000,0.000000,0.000000,0.000000,0.000000,0.000000,0.000000,0.000000,0.000000,0.000000,0.000000,0.000000,0.000000,0.000000,0.000000,0.000000,360.069677,544.211744,-178.602539,360.489283,550.844836,-144.491005,361.880974,550.408559,-144.490725,363.338191,549.948989,-144.495316,354.827405,551.481464,-174.633636,351.915418,551.410600,-174.661758,348.794917,551.246535,-174.650299,362.695722,543.891681,-58.201405,340.321788,545.171996,-73.503030,361.949641,532.980638,-133.652280,354.645671,533.838751,-135.043538,410.697998,466.259396,-13.512112,314.243599,479.723977,-32.842143,0.000000,439.000428,0.296878,0.000000,457.132058,-115.649151,450.920639,404.305651,-82.695116,236.245013,504.864736,-302.943123,463.256979,375.117775,-99.635982,0.000000,520.011723,-375.905363,462.279373,375.351102,-109.011497,234.368375,522.314862,-374.960363,457.612391,372.661256,-97.253617,236.632067,518.215193,-342.572429,388.688594,349.055606,-0.437270,342.942927,350.040341,0.368411,384.148677,258.040272,-6.602338,323.748220,258.809996,-5.227735,394.831431,166.927168,90.316911,299.123998,185.500116,122.351320,393.816829,154.509522,102.450868,0.000000,167.115841,134.580653,394.794724,132.771669,-7.518555,292.840846,153.067575,27.237652,
0.000000,0.000000,0.000000,0.000000,0.000000,0.000000,0.000000,0.000000,0.000000,0.000000,0.000000,0.000000,0.000000,0.000000,0.000000,0.000000,0.000000,0.000000,0.000000,0.000000,0.000000,0.000000,0.000000,0.000000,0.000000,0.000000,0.000000,0.000000,0.000000,0.000000,0.000000,0.000000,0.000000,0.000000,0.000000,0.000000,0.000000,0.000000,0.000000,0.000000,0.000000,0.000000,0.000000,0.000000,0.000000,0.000000,0.000000,0.000000,0.000000,0.000000,0.000000,0.000000,360.069677,544.211744,-178.602539,360.489283,550.844836,-173.389206,361.880974,550.408559,-173.388870,363.338191,549.948989,-173.394379,354.827405,551.481464,-174.633636,351.915418,551.410600,-174.661758,348.794917,551.246535,-174.650299,362.695722,543.891681,-58.201405,340.321788,545.171996,-73.503030,361.949641,0.000000,-133.652280,354.645671,533.838751,-135.043538,410.697998,466.259396,-13.512112,314.243599,479.723977,4.051239,452.518555,439.000428,0.296878,271.231781,457.132058,-89.398694,450.920639,404.305651,-82.695116,236.245013,462.792675,-302.943123,463.256979,416.797528,-99.635982,231.694032,476.677413,-375.905363,462.279373,375.351102,-145.348663,234.368375,478.788623,-374.960363,457.612391,414.068062,-97.253617,236.632067,475.030593,-342.572429,388.688594,349.055606,-4.048932,342.942927,350.040341,3.994380,384.148677,258.040272,-6.602338,323.748220,258.809996,-5.227735,423.033676,166.927168,114.480884,299.123998,185.500116,122.351320,421.946602,154.509522,127.672735,301.027379,167.115841,134.580653,422.994347,132.771669,20.623736,292.840846,153.067575,27.237652,
0.000000,0.000000,0.000000,0.000000,0.000000,0.000000,0.000000,0.000000,0.000000,0.000000,0.000000,0.000000,0.000000,0.000000,0.000000,0.000000,0.000000,0.000000,0.000000,0.000000,0.000000,0.000000,0.000000,0.000000,0.000000,0.000000,0.000000,0.000000,0.000000,0.000000,0.000000,0.000000,0.000000,0.000000,0.000000,0.000000,0.000000,0.000000,0.000000,0.000000,0.000000,0.000000,0.000000,0.000000,0.000000,0.000000,0.000000,0.000000,0.000000,0.000000,0.000000,0.000000,387.767345,544.211744,-148.835449,360.489283,550.844836,-144.491005,361.880974,550.408559,-144.490725,363.338191,549.948989,-144.495316,354.827405,551.481464,-145.528030,351.915418,551.410600,-145.551465,348.794917,551.246535,-145.541916,390.595393,543.891681,-34.491154,340.321788,545.171996,-49.790560,389.791921,532.980638,-106.921824,381.926107,533.838751,-108.034831,410.697998,466.259396,3.424330,314.243599,479.723977,22.497931,452.518555,439.000428,-23.184754,271.231781,457.132058,-36.897780,485.606842,404.305651,-149.896502,236.245013,462.792675,-199.833864,498.892131,416.797528,-172.085199,231.694032,433.343103,-227.359248,497.839325,417.056780,-181.685829,234.368375,435.262385,-270.484804,492.813344,414.068062,-164.099891,236.632067,431.845994,-240.895170,388.688594,349.055606,-4.048932,342.942927,350.040341,3.994380,0.000000,258.040272,-6.602338,323.748220,258.809996,-5.227735,423.033676,166.927168,114.480884,320.489998,185.500116,122.351320,421.946602,154.509522,127.672735,322.529335,167.115841,112.116073,422.994347,132.771669,-7.518555,313.758049,142.863070,3.878155,
0.000000,0.000000,0.000000,0.000000,0.000000,0.000000,0.000000,0.000000,0.000000,0.000000,0.000000,0.000000,0.000000,0.000000,0.000000,0.000000,0.000000,0.000000,0.000000,0.000000,0.000000,0.000000,0.000000,0.000000,0.000000,0.000000,0.000000,0.000000,0.000000,0.000000,0.000000,0.000000,0.000000,0.000000,0.000000,0.000000,0.000000,0.000000,0.000000,0.000000,0.000000,0.000000,0.000000,0.000000,0.000000,0.000000,0.000000,0.000000,0.000000,0.000000,0.000000,0.000000,387.767345,507.930961,-148.835449,388.219228,514.121847,-115.592804,389.717972,513.714655,-115.592580,391.287282,513.285723,-115.596253,382.121821,514.716033,-145.528030,378.985835,514.649893,-145.551465,375.625295,514.496766,-145.541916,390.595393,543.891681,-34.491154,366.500387,508.827196,-0.000000,389.791921,532.980638,-106.921824,381.926107,498.249501,-108.034831,410.697998,466.259396,3.424330,338.416183,479.723977,22.497931,452.518555,439.000428,47.260141,293.834429,419.037720,68.104049,485.606842,444.736216,-15.493729,257.721832,420.720613,40.754406,498.892131,458.477281,-27.186765,231.694032,433.343103,32.596452,497.839325,458.762458,-36.337166,234.368375,435.262385,-26.708501,492.813344,455.474868,-0.000000,236.632067,431.845994,30.244186,388.688594,349.055606,-7.660594,342.942927,350.040341,7.620349,411.587868,258.040272,-6.602338,323.748220,258.809996,13.460217,423.033676,0.000000,114.480884,320.489998,173.133442,122.351320,421.946602,154.509522,127.672735,322.529335,167.115841,134.580653,422.994347,132.771669,-7.518555,313.758049,142.863070,27.237652,
0.000000,0.000000,0.000000,0.000000,0.000000,0.000000,0.000000,0.000000,0.000000,0.000000,0.000000,0.000000,0.000000,0.000000,0.000000,0.000000,0.000000,0.000000,0.000000,0.000000,0.000000,0.000000,0.000000,0.000000,0.000000,0.000000,0.000000,0.000000,0.000000,0.000000,0.000000,0.000000,0.000000,0.000000,0.000000,0.000000,0.000000,0.000000,0.000000,0.000000,0.000000,0.000000,0.000000,0.000000,0.000000,0.000000,0.000000,0.000000,0.000000,0.000000,0.000000,0.000000,387.767345,507.930961,-178.602539,388.219228,514.121847,-144.491005,389.717972,513.714655,-144.490725,391.287282,513.285723,-144.495316,382.121821,514.716033,-145.528030,378.985835,514.649893,-145.551465,375.625295,0.000000,-145.541916,390.595393,507.632236,-58.201405,0.000000,508.827196,-73.503030,389.791921,497.448595,-133.652280,381.926107,498.249501,-135.043538,410.697998,466.259396,-13.512112,338.416183,479.723977,-14.395452,452.518555,439.000428,-117.111280,293.834429,419.037720,-36.897780,485.606842,444.736216,-317.899969,257.721832,378.648552,-96.724605,498.892131,458.477281,-353.208241,252.757126,390.008792,-115.949662,497.839325,458.762458,-363.371658,234.368375,391.736146,-166.009246,492.813344,0.000000,-331.215576,258.144074,388.661395,-139.217912,388.688594,349.055606,-4.048932,342.942927,350.040341,3.994380,411.587868,258.040272,-6.602338,346.873093,258.809996,13.460217,423.033676,166.927168,114.480884,320.489998,173.133442,122.351320,421.946602,154.509522,102.450868,322.529335,167.115841,134.580653,422.994347,132.771669,-7.518555,313.758049,142.863070,27.237652,
0.000000,0.000000,0.000000,0.000000,0.000000,0.000000,0.000000,0.000000,0.000000,0.000000,0.000000,0.000000,0.000000,0.000000,0.000000,0.000000,0.000000,0.000000,0.000000,0.000000,0.000000,0.000000,0.000000,0.000000,0.000000,0.000000,0.000000,0.000000,0.000000,0.000000,0.000000,0.000000,0.000000,0.000000,0.000000,0.000000,0.000000,0.000000,0.000000,0.000000,0.000000,0.000000,0.000000,0.000000,0.000000,0.000000,0.000000,0.000000,0.000000,0.000000,0.000000,0.000000,387.767345,507.930961,-0.000000,388.219228,514.121847,-173.389206,389.717972,513.714655,-173.388870,391.287282,513.285723,-173.394379,382.121821,514.716033,-174.633636,378.985835,514.649893,-174.661758,375.625295,514.496766,-174.650299,390.595393,507.632236,-81.911656,366.500387,508.827196,-73.503030,389.791921,497.448595,-133.652280,381.926107,498.249501,-162.052246,410.697998,466.259396,-47.384997,338.416183,445.457978,-32.842143,452.518555,439.000428,-187.556175,293.834429,419.037720,15.603135,485.606842,485.166782,-418.702048,279.198651,378.648552,-27.985100,498.892131,500.157034,-461.882067,252.757126,390.008792,-41.676605,497.839325,500.468136,-472.383155,255.674591,391.736146,-61.533687,492.813344,496.881674,-431.484987,258.144074,388.661395,-37.540653,388.688594,349.055606,-7.660594,342.942927,325.037460,7.620349,411.587868,239.608824,-6.602338,346.873093,240.323567,13.460217,423.033676,166.927168,114.480884,320.489998,173.133442,122.351320,421.946602,154.509522,127.672735,322.529335,167.115841,134.580653,422.994347,132.771669,-7.518555,313.758049,142.863070,27.237652,
0.000000,0.000000,0.000000,0.000000,0.000000,0.000000,0.000000,0.000000,0.000000,0.000000,0.000000,0.000000,0.000000,0.000000,0.000000,0.000000,0.000000,0.000000,0.000000,0.000000,0.000000,0.000000,0.000000,0.000000,0.000000,0.000000,0.000000,0.000000,0.000000,0.000000,0.000000,0.000000,0.000000,0.000000,0.000000,0.000000,0.000000,0.000000,0.000000,0.000000,0.000000,0.000000,0.000000,0.000000,0.000000,0.000000,0.000000,0.000000,0.000000,0.000000,0.000000,0.000000,387.767345,507.930961,-148.835449,388.219228,514.121847,-144.491005,389.717972,513.714655,-144.490725,391.287282,513.285723,-144.495316,382.121821,514.716033,-145.528030,378.985835,514.649893,-145.551465,375.625295,0.000000,-145.541916,390.595393,507.632236,-58.201405,366.500387,508.827196,-49.790560,389.791921,497.448595,-133.652280,381.926107,498.249501,-135.043538,410.697998,466.259396,-47.384997,338.416183,445.457978,-14.395452,452.518555,439.000428,-164.074543,0.000000,419.037720,15.603135,485.606842,485.166782,-351.500662,279.198651,378.648552,-27.985100,498.892131,500.157034,-389.432850,273.820219,346.674482,-41.676605,497.839325,500.468136,-399.708824,255.674591,348.209908,-61.533687,492.813344,496.881674,-364.638713,279.656080,345.476795,-37.540653,416.452065,324.123062,-7.660594,367.438850,325.037460,7.620349,411.587868,239.608824,-23.747727,346.873093,240.323567,-5.227735,423.033676,154.086617,90.316911,320.489998,173.133442,122.351320,421.946602,154.509522,102.450868,322.529335,167.115841,112.116073,422.994347,132.771669,-7.518555,313.758049,142.863070,27.237652,
0.000000,0.000000,0.000000,0.000000,0.000000,0.000000,0.000000,0.000000,0.000000,0.000000,0.000000,0.000000,0.000000,0.000000,0.000000,0.000000,0.000000,0.000000,0.000000,0.000000,0.000000,0.000000,0.000000,0.000000,0.000000,0.000000,0.000000,0.000000,0.000000,0.000000,0.000000,0.000000,0.000000,0.000000,0.000000,0.000000,0.000000,0.000000,0.000000,0.000000,0.000000,0.000000,0.000000,0.000000,0.000000,0.000000,0.000000,0.000000,0.000000,0.000000,0.000000,0.000000,387.767345,507.930961,-148.835449,388.219228,514.121847,-115.592804,389.717972,513.714655,-115.592580,391.287282,513.285723,-115.596253,382.121821,514.716033,-116.422424,378.985835,514.649893,-116.441172,375.625295,514.496766,-116.433533,390.595393,507.632236,-0.000000,366.500387,508.827196,-49.790560,389.791921,497.448595,-106.921824,381.926107,498.249501,-108.034831,440.033569,466.259396,-47.384997,338.416183,445.457978,4.051239,452.518555,475.583797,-0.000000,316.437078,380.943382,41.853592,485.606842,485.166782,-351.500662,279.198651,336.576491,6.384653,498.892131,500.157034,-389.432850,273.820219,346.674482,-4.540076,497.839325,542.173814,-363.371658,276.980807,348.209908,-26.708501,492.813344,496.881674,-364.638713,279.656080,345.476795,-3.648234,416.452065,324.123062,-7.660594,367.438850,325.037460,7.620349,411.587868,239.608824,-23.747727,0.000000,240.323567,-5.227735,423.033676,154.086617,90.316911,320.489998,173.133442,144.454483,421.946602,154.509522,102.450868,322.529335,167.115841,134.580653,422.994347,132.771669,20.623736,313.758049,142.863070,50.597149,
0.000000,0.000000,0.000000,0.000000,0.000000,0.000000,0.000000,0.000000,0.000000,0.000000,0.000000,0.000000,0.000000,0.000000,0.000000,0.000000,0.000000,0.000000,0.000000,0.000000,0.000000,0.000000,0.000000,0.000000,0.000000,0.000000,0.000000,0.000000,0.000000,0.000000,0.000000,0.000000,0.000000,0.000000,0.000000,0.000000,0.000000,0.000000,0.000000,0.000000,0.000000,0.000000,0.000000,0.000000,0.000000,0.000000,0.000000,0.000000,0.000000,0.000000,0.000000,0.000000,415.465012,507.930961,-148.835449,415.949173,514.121847,-144.491005,417.554970,513.714655,-144.490725,419.236374,513.285723,-144.495316,382.121821,514.716033,-145.528030,378.985835,514.649893,-145.551465,375.625295,514.496766,-145.541916,418.495064,507.632236,-34.491154,366.500387,508.827196,-49.790560,417.634201,497.448595,-106.921824,409.206543,498.249501,-108.034831,440.033569,466.259396,-30.448554,362.588768,445.457978,4.051239,452.518555,475.583797,-140.592912,316.437078,380.943382,68.104049,485.606842,525.597347,-351.500662,300.675471,0.000000,40.754406,498.892131,541.836786,-389.432850,294.883313,346.674482,32.596452,497.839325,542.173814,-399.708824,276.980807,348.209908,8.116685,492.813344,538.288481,-331.215576,301.168086,345.476795,30.244186,416.452065,324.123062,-7.660594,367.438850,325.037460,7.620349,411.587868,239.608824,-6.602338,346.873093,240.323567,-5.227735,423.033676,154.086617,114.480884,320.489998,173.133442,122.351320,421.946602,154.509522,127.672735,322.529335,167.115841,134.580653,422.994347,132.771669,20.623736,313.758049,142.863070,27.237652,
0.000000,0.000000,0.000000,0.000000,0.000000,0.000000,0.000000,0.000000,0.000000,0.000000,0.000000,0.000000,0.000000,0.000000,0.000000,0.000000,0.000000,0.000000,0.000000,0.000000,0.000000,0.000000,0.000000,0.000000,0.000000,0.000000,0.000000,0.000000,0.000000,0.000000,0.000000,0.000000,0.000000,0.000000,0.000000,0.000000,0.000000,0.000000,0.000000,0.000000,0.000000,0.000000,0.000000,0.000000,0.000000,0.000000,0.000000,0.000000,0.000000,0.000000,0.000000,0.000000,415.465012,507.930961,-89.301270,415.949173,514.121847,-86.694603,417.554970,513.714655,-86.694435,419.236374,513.285723,-86.697189,409.416237,514.716033,-87.316818,406.056252,514.649893,-87.330879,402.455673,514.496766,-87.325150,418.495064,507.632236,-10.780902,392.678986,508.827196,-2.365618,417.634201,497.448595,-80.191368,409.206543,498.249501,-81.026123,440.033569,466.259396,-13.512112,362.588768,445.457978,40.944622,452.518555,475.583797,-140.592912,339.039726,380.943382,94.354506,485.606842,525.597347,-351.500662,300.675471,336.576491,75.124159,498.892131,541.836786,-389.432850,294.883313,346.674482,69.732981,497.839325,542.173814,-399.708824,298.287023,348.209908,42.941871,492.813344,538.288481,-364.638713,301.168086,345.476795,64.136605,416.452065,324.123062,-11.272257,367.438850,325.037460,11.246318,411.587868,239.608824,-23.747727,346.873093,240.323567,-5.227735,423.033676,154.086617,90.316911,320.489998,173.133442,122.351320,421.946602,154.509522,102.450868,322.529335,167.115841,112.116073,422.994347,132.771669,-7.518555,313.758049,142.863070,27.237652,
0.000000,0.000000,0.000000,0.000000,0.000000,0.000000,0.000000,0.000000,0.000000,0.000000,0.000000,0.000000,0.000000,0.000000,0.000000,0.000000,0.000000,0.000000,0.000000,0.000000,0.000000,0.000000,0.000000,0.000000,0.000000,0.000000,0.000000,0.000000,0.000000,0.000000,0.000000,0.000000,0.000000,0.000000,0.000000,0.000000,0.000000,0.000000,0.000000,0.000000,0.000000,0.000000,0.000000,0.000000,0.000000,0.000000,0.000000,0.000000,0.000000,0.000000,0.000000,0.000000,415.465012,507.930961,-89.301270,415.949173,514.121847,-86.694603,417.554970,513.714655,-0.000000,419.236374,513.285723,-86.697189,409.416237,514.716033,-87.316818,406.056252,514.649893,-87.330879,402.455673,514.496766,-87.325150,418.495064,507.632236,12.929349,392.678986,508.827196,-2.365618,417.634201,497.448595,-53.460912,409.206543,498.249501,-81.026123,440.033569,466.259396,3.424330,362.588768,479.723977,40.944622,452.518555,512.167166,-140.592912,339.039726,419.037720,94.354506,485.606842,525.597347,-317.899969,322.152290,336.576491,75.124159,498.892131,541.836786,-353.208241,294.883313,346.674482,69.732981,497.839325,542.173814,-363.371658,298.287023,348.209908,42.941871,492.813344,538.288481,-331.215576,322.680092,345.476795,64.136605,416.452065,349.055606,-11.272257,367.438850,350.040341,11.246318,411.587868,239.608824,-23.747727,346.873093,240.323567,-5.227735,423.033676,166.927168,90.316911,320.489998,173.133442,122.351320,421.946602,154.509522,102.450868,322.529335,167.115841,134.580653,422.994347,132.771669,-7.518555,313.758049,142.863070,27.237652,
0.000000,0.000000,0.000000,0.000000,0.000000,0.000000,0.000000,0.000000,0.000000,0.000000,0.000000,0.000000,0.000000,0.000000,0.000000,0.000000,0.000000,0.000000,0.000000,0.000000,0.000000,0.000000,0.000000,0.000000,0.000000,0.000000,0.000000,0.000000,0.000000,0.000000,0.000000,0.000000,0.000000,0.000000,0.000000,0.000000,0.000000,0.000000,0.000000,0.000000,0.000000,0.000000,0.000000,0.000000,0.000000,0.000000,0.000000,0.000000,0.000000,0.000000,0.000000,0.000000,415.465012,544.211744,-59.534180,415.949173,514.121847,-57.796402,417.554970,513.714655,-57.796290,419.236374,513.285723,-57.798126,409.416237,514.716033,-58.211212,406.056252,0.000000,-58.220586,402.455673,514.496766,-58.216766,418.495064,507.632236,36.639600,392.678986,508.827196,-2.365618,417.634201,532.980638,-26.730456,409.206543,533.838751,-54.017415,440.033569,499.563639,37.297215,362.588768,479.723977,40.944622,484.841309,512.167166,-23.184754,339.039726,419.037720,41.853592,520.293045,566.027912,-149.896502,322.152290,378.648552,6.384653,534.527283,541.836786,-172.085199,315.946407,346.674482,-0.000000,533.399277,542.173814,-181.685829,319.593239,348.209908,-26.708501,528.014297,538.288481,-164.099891,322.680092,345.476795,-3.648234,416.452065,349.055606,-11.272257,367.438850,350.040341,11.246318,411.587868,258.040272,-40.893115,346.873093,258.809996,-23.915688,423.033676,166.927168,114.480884,320.489998,173.133442,122.351320,421.946602,154.509522,102.450868,322.529335,167.115841,112.116073,422.994347,132.771669,-7.518555,313.758049,142.863070,27.237652,
0.000000,0.000000,0.000000,0.000000,0.000000,0.000000,0.000000,0.000000,0.000000,0.000000,0.000000,0.000000,0.000000,0.000000,0.000000,0.000000,0.000000,0.000000,0.000000,0.000000,0.000000,0.000000,0.000000,0.000000,0.000000,0.000000,0.000000,0.000000,0.000000,0.000000,0.000000,0.000000,0.000000,0.000000,0.000000,0.000000,0.000000,0.000000,0.000000,0.000000,0.000000,0.000000,0.000000,0.000000,0.000000,0.000000,0.000000,0.000000,0.000000,0.000000,0.000000,0.000000,415.465012,544.211744,-59.534180,415.949173,550.844836,-28.898201,417.554970,550.408559,-28.898145,419.236374,549.948989,-28.899063,409.416237,551.481464,-29.105606,406.056252,551.410600,-29.110293,402.455673,551.246535,-29.108383,418.495064,543.891681,36.639600,392.678986,545.171996,21.346853,417.634201,532.980638,-26.730456,409.206543,533.838751,-27.008708,440.033569,499.563639,37.297215,362.588768,479.723977,40.944622,484.841309,512.167166,0.296878,339.039726,419.037720,68.104049,520.293045,566.027912,-49.094423,322.152290,378.648552,6.384653,534.527283,583.516539,-63.411373,315.946407,346.674482,-4.540076,533.399277,583.879492,-109.011497,319.593239,348.209908,-26.708501,528.014297,579.695287,-63.830480,322.680092,345.476795,-3.648234,416.452065,349.055606,-11.272257,367.438850,350.040341,11.246318,411.587868,258.040272,-23.747727,346.873093,258.809996,-23.915688,423.033676,166.927168,0.000000,320.489998,185.500116,100.248158,421.946602,154.509522,102.450868,322.529335,179.052687,112.116073,422.994347,132.771669,-35.660845,313.758049,142.863070,3.878155,
0.000000,0.000000,0.000000,0.000000,0.000000,0.000000,0.000000,0.000000,0.000000,0.000000,0.000000,0.000000,0.000000,0.000000,0.000000,0.000000,0.000000,0.000000,0.000000,0.000000,0.000000,0.000000,0.000000,0.000000,0.000000,0.000000,0.000000,0.000000,0.000000,0.000000,0.000000,0.000000,0.000000,0.000000,0.000000,0.000000,0.000000,0.000000,0.000000,0.000000,0.000000,0.000000,0.000000,0.000000,0.000000,0.000000,0.000000,0.000000,0.000000,0.000000,0.000000,0.000000,415.465012,544.211744,-89.301270,415.949173,550.844836,-57.796402,417.554970,550.408559,-57.796290,419.236374,549.948989,-57.798126,409.416237,551.481464,-58.211212,406.056252,551.410600,-58.220586,402.455673,551.246535,-58.216766,418.495064,543.891681,12.929349,392.678986,545.171996,21.346853,417.634201,532.980638,-53.460912,409.206543,533.838751,-54.017415,440.033569,499.563639,20.360773,362.588768,479.723977,59.391313,484.841309,548.750535,-23.184754,339.039726,419.037720,94.354506,520.293045,566.027912,-183.497196,322.152290,378.648552,40.754406,534.527283,583.516539,-208.309807,315.946407,346.674482,32.596452,533.399277,583.879492,-218.022995,319.593239,348.209908,8.116685,528.014297,579.695287,-197.523028,322.680092,345.476795,30.244186,416.452065,349.055606,-18.495581,367.438850,375.043223,0.000000,411.587868,258.040272,-40.893115,346.873093,258.809996,-5.227735,423.033676,166.927168,90.316911,320.489998,185.500116,100.248158,421.946602,154.509522,77.229001,322.529335,179.052687,112.116073,422.994347,132.771669,-35.660845,313.758049,153.067575,3.878155,
0.000000,0.000000,0.000000,0.000000,0.000000,0.000000,0.000000,0.000000,0.000000,0.000000,0.000000,0.000000,0.000000,0.000000,0.000000,0.000000,0.000000,0.000000,0.000000,0.000000,0.000000,0.000000,0.000000,0.000000,0.000000,0.000000,0.000000,0.000000,0.000000,0.000000,0.000000,0.000000,0.000000,0.000000,0.000000,0.000000,0.000000,0.000000,0.000000,0.000000,0.000000,0.000000,0.000000,0.000000,0.000000,0.000000,0.000000,0.000000,0.000000,0.000000,0.000000,0.000000,415.465012,544.211744,-89.301270,415.949173,550.844836,-57.796402,417.554970,550.408559,-57.796290,419.236374,549.948989,-57.798126,409.416237,551.481464,-58.211212,406.056252,551.410600,-58.220586,402.455673,551.246535,-58.216766,0.000000,543.891681,12.929349,392.678986,545.171996,-2.365618,417.634201,532.980638,-53.460912,409.206543,533.838751,-54.017415,440.033569,499.563639,20.360773,362.588768,479.723977,40.944622,484.841309,512.167166,-70.148017,339.039726,419.037720,68.104049,520.293045,566.027912,-250.698582,322.152290,378.648552,6.384653,534.527283,583.516539,-280.759024,315.946407,346.674482,-4.540076,533.399277,583.879492,-327.034492,319.593239,348.209908,-26.708501,528.014297,579.695287,-264.369302,322.680092,345.476795,-3.648234,416.452065,373.988149,-18.495581,367.438850,375.043223,18.498256,0.000000,258.040272,-40.893115,346.873093,0.000000,-5.227735,423.033676,166.927168,90.316911,320.489998,185.500116,100.248158,421.946602,167.385315,77.229001,322.529335,179.052687,112.116073,422.994347,142.984875,-35.660845,313.758049,153.067575,3.878155,
0.000000,0.000000,0.000000,0.000000,0.000000,0.000000,0.000000,0.000000,0.000000,0.000000,0.000000,0.000000,0.000000,0.000000,0.000000,0.000000,0.000000,0.000000,0.000000,0.000000,0.000000,0.000000,0.000000,0.000000,0.000000,0.000000,0.000000,0.000000,0.000000,0.000000,0.000000,0.000000,0.000000,0.000000,0.000000,0.000000,0.000000,0.000000,0.000000,0.000000,0.000000,0.000000,0.000000,0.000000,0.000000,0.000000,0.000000,0.000000,0.000000,0.000000,0.000000,0.000000,415.465012,0.000000,-148.835449,415.949173,550.844836,-144.491005,417.554970,550.408559,-144.490725,419.236374,549.948989,-144.495316,409.416237,551.481464,-145.528030,406.056252,551.410600,-145.551465,402.455673,551.246535,-145.541916,418.495064,543.891681,-34.491154,392.678986,545.171996,-26.078089,417.634201,532.980638,-106.921824,409.206543,533.838751,-108.034831,440.033569,499.563639,-13.512112,362.588768,479.723977,40.944622,484.841309,512.167166,-93.629649,0.000000,419.037720,94.354506,520.293045,566.027912,-284.299275,322.152290,378.648552,40.754406,534.527283,583.516539,-316.983633,315.946407,346.674482,32.596452,533.399277,583.879492,-327.034492,319.593239,348.209908,8.116685,528.014297,579.695287,-297.792439,322.680092,345.476795,30.244186,416.452065,373.988149,-18.495581,367.438850,375.043223,18.498256,411.587868,258.040272,-40.893115,346.873093,258.809996,-5.227735,423.033676,166.927168,90.316911,320.489998,185.500116,122.351320,421.946602,167.385315,102.450868,322.529335,179.052687,134.580653,422.994347,142.984875,-35.660845,313.758049,153.067575,3.878155,
0.000000,0.000000,0.000000,0.000000,0.000000,0.000000,0.000000,0.000000,0.000000,0.000000,0.000000,0.000000,0.000000,0.000000,0.000000,0.000000,0.000000,0.000000,0.000000,0.000000,0.000000,0.000000,0.000000,0.000000,0.000000,0.000000,0.000000,0.000000,0.000000,0.000000,0.000000,0.000000,0.000000,0.000000,0.000000,0.000000,0.000000,0.000000,0.000000,0.000000,0.000000,0.000000,0.000000,0.000000,0.000000,0.000000,0.000000,0.000000,0.000000,0.000000,0.000000,0.000000,415.465012,544.211744,-148.835449,415.949173,550.844836,-144.491005,417.554970,550.408559,-144.490725,419.236374,549.948989,-144.495316,409.416237,551.481464,-145.528030,406.056252,551.410600,-145.551465,0.000000,551.246535,-145.541916,418.495064,543.891681,-34.491154,392.678986,545.171996,-49.790560,417.634201,532.980638,-133.652280,409.206543,533.838751,-135.043538,440.033569,499.563639,-13.512112,362.588768,479.723977,40.944622,484.841309,512.167166,-93.629649,339.039726,419.037720,94.354506,520.293045,566.027912,-284.299275,322.152290,378.648552,75.124159,534.527283,583.516539,-316.983633,315.946407,346.674482,69.732981,533.399277,583.879492,-327.034492,319.593239,348.209908,0.000000,528.014297,579.695287,-297.792439,322.680092,345.476795,64.136605,416.452065,349.055606,-18.495581,0.000000,375.043223,18.498256,411.587868,258.040272,-23.747727,346.873093,258.809996,-5.227735,423.033676,166.927168,90.316911,320.489998,185.500116,122.351320,421.946602,154.509522,102.450868,322.529335,179.052687,134.580653,394.794724,142.984875,-35.660845,313.758049,153.067575,3.878155,
0.000000,0.000000,0.000000,0.000000,0.000000,0.000000,0.000000,0.000000,0.000000,0.000000,0.000000,0.000000,0.000000,0.000000,0.000000,0.000000,0.000000,0.000000,0.000000,0.000000,0.000000,0.000000,0.000000,0.000000,0.000000,0.000000,0.000000,0.000000,0.000000,0.000000,0.000000,0.000000,0.000000,0.000000,0.000000,0.000000,0.000000,0.000000,0.000000,0.000000,0.000000,0.000000,0.000000,0.000000,0.000000,0.000000,0.000000,0.000000,0.000000,0.000000,0.000000,0.000000,415.465012,544.211744,-148.835449,415.949173,550.844836,-115.592804,417.554970,550.408559,-115.592580,419.236374,549.948989,-115.596253,409.416237,551.481464,-116.422424,406.056252,551.410600,-116.441172,402.455673,551.246535,-116.433533,418.495064,543.891681,-10.780902,392.678986,545.171996,-26.078089,417.634201,532.980638,-106.921824,409.206543,533.838751,-108.034831,0.000000,499.563639,3.424330,362.588768,479.723977,40.944622,484.841309,512.167166,-93.629649,339.039726,419.037720,94.354506,520.293045,566.027912,-284.299275,322.152290,378.648552,75.124159,534.527283,541.836786,-316.983633,315.946407,346.674482,32.596452,533.399277,542.173814,-327.034492,319.593239,348.209908,8.116685,528.014297,538.288481,-297.792439,322.680092,345.476795,30.244186,416.452065,349.055606,-18.495581,367.438850,375.043223,18.498256,411.587868,258.040272,-23.747727,346.873093,258.809996,-5.227735,423.033676,166.927168,90.316911,320.489998,185.500116,100.248158,421.946602,154.509522,77.229001,322.529335,179.052687,112.116073,394.794724,132.771669,-35.660845,313.758049,142.863070,3.878155,
0.000000,0.000000,0.000000,0.000000,0.000000,0.000000,0.000000,0.000000,0.000000,0.000000,0.000000,0.000000,0.000000,0.000000,0.000000,0.000000,0.000000,0.000000,0.000000,0.000000,0.000000,0.000000,0.000000,0.000000,0.000000,0.000000,0.000000,0.000000,0.000000,0.000000,0.000000,0.000000,0.000000,0.000000,0.000000,0.000000,0.000000,0.000000,0.000000,0.000000,0.000000,0.000000,0.000000,0.000000,0.000000,0.000000,0.000000,0.000000,0.000000,0.000000,0.000000,0.000000,415.465012,507.930961,-119.068359,415.949173,514.121847,-86.694603,417.554970,513.714655,-86.694435,419.236374,513.285723,-86.697189,409.416237,514.716033,-87.316818,406.056252,514.649893,-87.330879,402.455673,514.496766,-87.325150,418.495064,507.632236,12.929349,392.678986,508.827196,-2.365618,417.634201,497.448595,-80.191368,409.206543,498.249501,-81.026123,440.033569,466.259396,20.360773,362.588768,479.723977,40.944622,484.841309,475.583797,-93.629649,339.039726,419.037720,94.354506,520.293045,566.027912,-250.698582,322.152290,336.576491,40.754406,498.892131,541.836786,-316.983633,315.946407,346.674482,32.596452,497.839325,542.173814,-327.034492,319.593239,348.209908,0.000000,492.813344,538.288481,-264.369302,322.680092,345.476795,30.244186,416.452065,349.055606,-18.495581,367.438850,350.040341,18.498256,411.587868,258.040272,-23.747727,346.873093,258.809996,-5.227735,423.033676,166.927168,66.152939,320.489998,173.133442,78.144996,421.946602,154.509522,77.229001,322.529335,167.115841,89.651493,394.794724,132.771669,-35.660845,313.758049,142.863070,-19.481342,
0.000000,0.000000,0.000000,0.000000,0.000000,0.000000,0.000000,0.000000,0.000000,0.000000,0.000000,0.000000,0.000000,0.000000,0.000000,0.000000,0.000000,0.000000,0.000000,0.000000,0.000000,0.000000,0.000000,0.000000,0.000000,0.000000,0.000000,0.000000,0.000000,0.000000,0.000000,0.000000,0.000000,0.000000,0.000000,0.000000,0.000000,0.000000,0.000000,0.000000,0.000000,0.000000,0.000000,0.000000,0.000000,0.000000,0.000000,0.000000,0.000000,0.000000,0.000000,0.000000,415.465012,507.930961,-119.068359,415.949173,514.121847,-115.592804,417.554970,513.714655,-115.592580,419.236374,513.285723,-115.596253,409.416237,514.716033,-116.422424,406.056252,514.649893,-116.441172,402.455673,514.496766,-116.433533,418.495064,507.632236,-10.780902,392.678986,508.827196,-26.078089,417.634201,497.448595,-80.191368,409.206543,498.249501,-108.034831,440.033569,466.259396,3.424330,362.588768,445.457978,22.497931,484.841309,475.583797,-117.111280,339.039726,380.943382,68.104049,485.606842,525.597347,-317.899969,322.152290,336.576491,6.384653,498.892131,541.836786,-353.208241,315.946407,346.674482,-4.540076,497.839325,542.173814,-0.000000,319.593239,304.683669,-26.708501,492.813344,538.288481,-331.215576,322.680092,345.476795,-3.648234,416.452065,349.055606,-14.883919,367.438850,350.040341,14.872287,0.000000,239.608824,-23.747727,346.873093,258.809996,-23.915688,423.033676,0.000000,90.316911,320.489998,0.000000,100.248158,393.816829,154.509522,102.450868,322.529335,167.115841,89.651493,394.794724,132.771669,-7.518555,313.758049,142.863070,-19.481342,
0.000000,0.000000,0.000000,0.000000,0.000000,0.000000,0.000000,0.000000,0.000000,0.000000,0.000000,0.000000,0.000000,0.000000,0.000000,0.000000,0.000000,0.000000,0.000000,0.000000,0.000000,0.000000,0.000000,0.000000,0.000000,0.000000,0.000000,0.000000,0.000000,0.000000,0.000000,0.000000,0.000000,0.000000,0.000000,0.000000,0.000000,0.000000,0.000000,0.000000,0.000000,0.000000,0.000000,0.000000,0.000000,0.000000,0.000000,0.000000,0.000000,0.000000,0.000000,0.000000,415.465012,507.930961,-119.068359,415.949173,514.121847,-115.592804,417.554970,513.714655,-115.592580,419.236374,513.285723,-115.596253,409.416237,514.716033,-116.422424,406.056252,514.649893,-116.441172,402.455673,514.496766,-116.433533,418.495064,507.632236,-10.780902,392.678986,508.827196,-26.078089,417.634201,497.448595,-80.191368,409.206543,498.249501,-108.034831,440.033569,466.259396,3.424330,362.588768,445.457978,22.497931,484.841309,475.583797,-117.111280,339.039726,380.943382,68.104049,485.606842,525.597347,-284.299275,322.152290,336.576491,6.384653,498.892131,541.836786,-316.983633,315.946407,303.340172,-4.540076,497.839325,542.173814,-327.034492,319.593239,304.683669,-26.708501,492.813344,538.288481,-297.792439,322.680092,345.476795,-3.648234,416.452065,324.123062,-11.272257,367.438850,325.037460,11.246318,411.587868,239.608824,-23.747727,346.873093,240.323567,-23.915688,394.831431,166.927168,114.480884,320.489998,173.133442,100.248158,393.816829,154.509522,102.450868,322.529335,167.115841,112.116073,394.794724,132.771669,-7.518555,313.758049,142.863070,-19.481342,
0.000000,0.000000,0.000000,0.000000,0.000000,0.000000,0.000000,0.000000,0.000000,0.000000,0.000000,0.000000,0.000000,0.000000,0.000000,0.000000,0.000000,0.000000,0.000000,0.000000,0.000000,0.000000,0.000000,0.000000,0.000000,0.000000,0.000000,0.000000,0.000000,0.000000,0.000000,0.000000,0.000000,0.000000,0.000000,0.000000,0.000000,0.000000,0.000000,0.000000,0.000000,0.000000,0.000000,0.000000,0.000000,0.000000,0.000000,0.000000,0.000000,0.000000,0.000000,0.000000,415.465012,507.930961,-178.602539,415.949173,514.121847,-173.389206,417.554970,513.714655,-173.388870,419.236374,513.285723,-173.394379,409.416237,514.716033,-174.633636,406.056252,514.649893,-174.661758,402.455673,514.496766,-174.650299,418.495064,507.632236,-58.201405,392.678986,508.827196,-97.215501,417.634201,497.448595,-133.652280,409.206543,498.249501,-162.052246,440.033569,466.259396,-30.448554,362.588768,445.457978,-14.395452,484.841309,439.000428,-140.592912,339.039726,380.943382,15.603135,485.606842,525.597347,-317.899969,322.152290,336.576491,6.384653,498.892131,541.836786,-353.208241,315.946407,303.340172,-4.540076,497.839325,542.173814,-363.371658,319.593239,304.683669,-26.708501,492.813344,538.288481,-331.215576,322.680092,302.292196,-3.648234,416.452065,324.123062,-4.048932,367.438850,325.037460,3.994380,411.587868,239.608824,10.543050,346.873093,240.323567,-23.915688,394.831431,166.927168,162.808829,320.489998,173.133442,122.351320,393.816829,154.509522,178.116468,322.529335,167.115841,134.580653,394.794724,132.771669,76.908318,313.758049,142.863070,3.878155,
0.000000,0.000000,0.000000,0.000000,0.000000,0.000000,0.000000,0.000000,0.000000,0.000000,0.000000,0.000000,0.000000,0.000000,0.000000,0.000000,0.000000,0.000000,0.000000,0.000000,0.000000,0.000000,0.000000,0.000000,0.000000,0.000000,0.000000,0.000000,0.000000,0.000000,0.000000,0.000000,0.000000,0.000000,0.000000,0.000000,0.000000,0.000000,0.000000,0.000000,0.000000,0.000000,0.000000,0.000000,0.000000,0.000000,0.000000,0.000000,0.000000,0.000000,0.000000,0.000000,415.465012,507.930961,-178.602539,415.949173,514.121847,-144.491005,417.554970,513.714655,-144.490725,419.236374,513.285723,-144.495316,409.416237,514.716033,-145.528030,406.056252,514.649893,-145.551465,402.455673,514.496766,-145.541916,418.495064,507.632236,-58.201405,392.678986,508.827196,-73.503030,417.634201,497.448595,-133.652280,409.206543,498.249501,-135.043538,440.033569,466.259396,-13.512112,362.588768,445.457978,-14.395452,484.841309,439.000428,-117.111280,339.039726,380.943382,15.603135,485.606842,525.597347,-284.299275,322.152290,336.576491,-27.985100,498.892131,541.836786,-353.208241,315.946407,303.340172,-4.540076,497.839325,542.173814,-0.000000,319.593239,304.683669,-61.533687,492.813344,538.288481,-297.792439,322.680092,302.292196,-37.540653,416.452065,324.123062,-4.048932,367.438850,325.037460,3.994380,411.587868,239.608824,10.543050,346.873093,240.323567,-5.227735,394.831431,166.927168,138.644856,320.489998,173.133442,122.351320,393.816829,154.509522,152.894601,322.529335,155.178995,134.580653,394.794724,132.771669,48.766027,313.758049,142.863070,3.878155,
0.000000,0.000000,0.000000,0.000000,0.000000,0.000000,0.000000,0.000000,0.000000,0.000000,0.000000,0.000000,0.000000,0.000000,0.000000,0.000000,0.000000,0.000000,0.000000,0.000000,0.000000,0.000000,0.000000,0.000000,0.000000,0.000000,0.000000,0.000000,0.000000,0.000000,0.000000,0.000000,0.000000,0.000000,0.000000,0.000000,0.000000,0.000000,0.000000,0.000000,0.000000,0.000000,0.000000,0.000000,0.000000,0.000000,0.000000,0.000000,0.000000,0.000000,0.000000,0.000000,415.465012,507.930961,-178.602539,415.949173,514.121847,-144.491005,417.554970,513.714655,-144.490725,419.236374,513.285723,-144.495316,409.416237,514.716033,-145.528030,406.056252,514.649893,-145.551465,402.455673,514.496766,-145.541916,418.495064,507.632236,-58.201405,392.678986,508.827196,-73.503030,417.634201,497.448595,-133.652280,409.206543,498.249501,-135.043538,0.000000,466.259396,-13.512112,362.588768,445.457978,-32.842143,484.841309,475.583797,-117.111280,339.039726,380.943382,-10.647323,485.606842,525.597347,-317.899969,322.152290,336.576491,-62.354852,498.892131,541.836786,-353.208241,315.946407,303.340172,-78.813134,497.839325,542.173814,-327.034492,319.593239,304.683669,-96.358874,492.813344,538.288481,-297.792439,322.680092,302.292196,-71.433073,416.452065,324.123062,-4.048932,0.000000,325.037460,3.994380,411.587868,239.608824,0.000000,346.873093,240.323567,-0.000000,394.831431,166.927168,138.644856,320.489998,173.133442,122.351320,393.816829,154.509522,152.894601,322.529335,155.178995,134.580653,394.794724,132.771669,48.766027,313.758049,142.863070,27.237652,
0.000000,0.000000,0.000000,0.000000,0.000000,0.000000,0.000000,0.000000,0.000000,0.000000,0.000000,0.000000,0.000000,0.000000,0.000000,0.000000,0.000000,0.000000,0.000000,0.000000,0.000000,0.000000,0.000000,0.000000,0.000000,0.000000,0.000000,0.000000,0.000000,0.000000,0.000000,0.000000,0.000000,0.000000,0.000000,0.000000,0.000000,0.000000,0.000000,0.000000,0.000000,0.000000,0.000000,0.000000,0.000000,0.000000,0.000000,0.000000,0.000000,0.000000,0.000000,0.000000,415.465012,507.930961,-148.835449,415.949173,514.121847,-144.491005,417.554970,0.000000,-144.490725,419.236374,513.285723,-144.495316,409.416237,514.716033,-145.528030,406.056252,514.649893,-145.551465,402.455673,514.496766,-145.541916,418.495064,507.632236,-58.201405,392.678986,508.827196,-73.503030,417.634201,497.448595,-106.921824,409.206543,498.249501,-135.043538,440.033569,466.259396,-13.512112,362.588768,445.457978,-14.395452,484.841309,475.583797,-117.111280,339.039726,380.943382,15.603135,485.606842,525.597347,-284.299275,0.000000,336.576491,-27.985100,498.892131,541.836786,-353.208241,315.946407,303.340172,-41.676605,497.839325,542.173814,-327.034492,319.593239,304.683669,-61.533687,492.813344,538.288481,-297.792439,0.000000,345.476795,-37.540653,416.452065,324.123062,-4.048932,367.438850,325.037460,3.994380,411.587868,239.608824,10.543050,346.873093,240.323567,-5.227735,423.033676,166.927168,138.644856,320.489998,173.133442,122.351320,393.816829,154.509522,127.672735,322.529335,167.115841,134.580653,394.794724,132.771669,20.623736,313.758049,142.863070,27.237652,
0.000000,0.000000,0.000000,0.000000,0.000000,0.000000,0.000000,0.000000,0.000000,0.000000,0.000000,0.000000,0.000000,0.000000,0.000000,0.000000,0.000000,0.000000,0.000000,0.000000,0.000000,0.000000,0.000000,0.000000,0.000000,0.000000,0.000000,0.000000,0.000000,0.000000,0.000000,0.000000,0.000000,0.000000,0.000000,0.000000,0.000000,0.000000,0.000000,0.000000,0.000000,0.000000,0.000000,0.000000,0.000000,0.000000,0.000000,0.000000,0.000000,0.000000,0.000000,0.000000,415.465012,507.930961,-119.068359,0.000000,514.121847,-86.694603,417.554970,513.714655,-86.694435,419.236374,513.285723,-86.697189,409.416237,514.716033,-87.316818,406.056252,514.649893,-87.330879,402.455673,514.496766,-87.325150,418.495064,507.632236,-10.780902,392.678986,508.827196,-26.078089,417.634201,497.448595,-80.191368,409.206543,498.249501,-81.026123,440.033569,466.259396,-13.512112,362.588768,445.457978,-14.395452,484.841309,475.583797,-117.111280,339.039726,380.943382,15.603135,485.606842,525.597347,-317.899969,322.152290,336.576491,-27.985100,498.892131,541.836786,-353.208241,315.946407,303.340172,-41.676605,497.839325,542.173814,-327.034492,319.593239,304.683669,-61.533687,492.813344,538.288481,-297.792439,322.680092,345.476795,-37.540653,416.452065,324.123062,-7.660594,367.438850,350.040341,7.620349,411.587868,239.608824,-23.747727,346.873093,240.323567,-5.227735,423.033676,166.927168,90.316911,320.489998,173.133442,122.351320,393.816829,154.509522,102.450868,322.529335,167.115841,112.116073,394.794724,132.771669,-7.518555,313.758049,142.863070,27.237652,
0.000000,0.000000,0.000000,0.000000,0.000000,0.000000,0.000000,0.000000,0.000000,0.000000,0.000000,0.000000,0.000000,0.000000,0.000000,0.000000,0.000000,0.000000,0.000000,0.000000,0.000000,0.000000,0.000000,0.000000,0.000000,0.000000,0.000000,0.000000,0.000000,0.000000,0.000000,0.000000,0.000000,0.000000,0.000000,0.000000,0.000000,0.000000,0.000000,0.000000,0.000000,0.000000,0.000000,0.000000,0.000000,0.000000,0.000000,0.000000,0.000000,0.000000,0.000000,0.000000,415.465012,507.930961,-89.301270,415.949173,514.121847,-57.796402,417.554970,513.714655,-57.796290,419.236374,513.285723,-57.798126,409.416237,514.716033,-58.211212,406.056252,514.649893,-58.220586,402.455673,514.496766,-58.216766,390.595393,507.632236,12.929349,392.678986,508.827196,-2.365618,417.634201,497.448595,-53.460912,409.206543,498.249501,-54.017415,440.033569,466.259396,3.424330,362.588768,479.723977,22.497931,484.841309,512.167166,-117.111280,339.039726,419.037720,15.603135,520.293045,525.597347,-284.299275,322.152290,336.576491,-27.985100,534.527283,541.836786,-316.983633,315.946407,346.674482,-41.676605,533.399277,542.173814,-327.034492,319.593239,304.683669,-61.533687,528.014297,538.288481,-297.792439,322.680092,345.476795,-37.540653,416.452065,349.055606,-11.272257,367.438850,350.040341,11.246318,411.587868,258.040272,-23.747727,323.748220,258.809996,-5.227735,423.033676,166.927168,66.152939,320.489998,173.133442,100.248158,393.816829,154.509522,77.229001,322.529335,167.115841,89.651493,394.794724,132.771669,-35.660845,313.758049,142.863070,-19.481342,
0.000000,0.000000,0.000000,0.000000,0.000000,0.000000,0.000000,0.000000,0.000000,0.000000,0.000000,0.000000,0.000000,0.000000,0.000000,0.000000,0.000000,0.000000,0.000000,0.000000,0.000000,0.000000,0.000000,0.000000,0.000000,0.000000,0.000000,0.000000,0.000000,0.000000,0.000000,0.000000,0.000000,0.000000,0.000000,0.000000,0.000000,0.000000,0.000000,0.000000,0.000000,0.000000,0.000000,0.000000,0.000000,0.000000,0.000000,0.000000,0.000000,0.000000,0.000000,0.000000,415.465012,544.211744,-59.534180,415.949173,550.844836,-28.898201,417.554970,550.408559,-28.898145,419.236374,549.948989,-28.899063,409.416237,551.481464,-29.105606,406.056252,551.410600,-29.110293,402.455673,514.496766,-29.108383,390.595393,543.891681,36.639600,392.678986,508.827196,21.346853,417.634201,532.980638,-26.730456,409.206543,533.838751,-27.008708,440.033569,499.563639,20.360773,362.588768,479.723977,40.944622,484.841309,512.167166,-70.148017,339.039726,419.037720,41.853592,520.293045,525.597347,-217.097889,322.152290,336.576491,6.384653,534.527283,541.836786,-244.534416,315.946407,346.674482,-4.540076,533.399277,542.173814,-254.360161,319.593239,348.209908,-26.708501,528.014297,538.288481,-230.946165,322.680092,0.000000,-3.648234,416.452065,349.055606,-11.272257,367.438850,350.040341,11.246318,411.587868,258.040272,-40.893115,323.748220,258.809996,-5.227735,423.033676,166.927168,66.152939,299.123998,173.133442,78.144996,393.816829,154.509522,52.007134,301.027379,167.115841,89.651493,394.794724,132.771669,-63.803136,313.758049,142.863070,-0.000000,
0.000000,0.000000,0.000000,0.000000,0.000000,0.000000,0.000000,0.000000,0.000000,0.000000,0.000000,0.000000,0.000000,0.000000,0.000000,0.000000,0.000000,0.000000,0.000000,0.000000,0.000000,0.000000,0.000000,0.000000,0.000000,0.000000,0.000000,0.000000,0.000000,0.000000,0.000000,0.000000,0.000000,0.000000,0.000000,0.000000,0.000000,0.000000,0.000000,0.000000,0.000000,0.000000,0.000000,0.000000,0.000000,0.000000,0.000000,0.000000,0.000000,0.000000,0.000000,0.000000,415.465012,544.211744,-59.534180,388.219228,550.844836,-57.796402,389.717972,550.408559,-57.796290,391.287282,549.948989,-57.798126,409.416237,551.481464,-58.211212,406.056252,551.410600,-58.220586,402.455673,551.246535,-58.216766,390.595393,543.891681,36.639600,392.678986,545.171996,-2.365618,417.634201,532.980638,-26.730456,409.206543,533.838751,-54.017415,440.033569,499.563639,20.360773,362.588768,479.723977,22.497931,484.841309,512.167166,0.296878,339.039726,419.037720,41.853592,520.293045,525.597347,-82.695116,322.152290,336.576491,6.384653,534.527283,541.836786,-99.635982,315.946407,346.674482,-4.540076,0.000000,542.173814,-109.011497,319.593239,348.209908,-26.708501,528.014297,538.288481,-97.253617,322.680092,345.476795,-3.648234,416.452065,349.055606,-11.272257,367.438850,350.040341,11.246318,411.587868,258.040272,-23.747727,323.748220,277.296424,-23.915688,394.831431,166.927168,66.152939,299.123998,185.500116,78.144996,393.816829,154.509522,52.007134,301.027379,179.052687,89.651493,394.794724,142.984875,-63.803136,292.840846,142.863070,-19.481342,
0.000000,0.000000,0.000000,0.000000,0.000000,0.000000,0.000000,0.000000,0.000000,0.000000,0.000000,0.000000,0.000000,0.000000,0.000000,0.000000,0.000000,0.000000,0.000000,0.000000,0.000000,0.000000,0.000000,0.000000,0.000000,0.000000,0.000000,0.000000,0.000000,0.000000,0.000000,0.000000,0.000000,0.000000,0.000000,0.000000,0.000000,0.000000,0.000000,0.000000,0.000000,0.000000,0.000000,0.000000,0.000000,0.000000,0.000000,0.000000,0.000000,0.000000,0.000000,0.000000,387.767345,544.211744,-89.301270,388.219228,550.844836,-57.796402,389.717972,550.408559,-57.796290,391.287282,0.000000,-57.798126,382.121821,551.481464,-58.211212,378.985835,551.410600,-58.220586,375.625295,551.246535,-58.216766,390.595393,543.891681,12.929349,0.000000,545.171996,-2.365618,389.791921,532.980638,-53.460912,409.206543,533.838751,-54.017415,440.033569,499.563639,20.360773,338.416183,479.723977,22.497931,484.841309,512.167166,-46.666385,0.000000,419.037720,15.603135,520.293045,566.027912,-149.896502,322.152290,336.576491,-27.985100,534.527283,541.836786,-208.309807,315.946407,346.674482,-41.676605,533.399277,542.173814,-218.022995,298.287023,348.209908,-96.358874,528.014297,538.288481,-164.099891,322.680092,345.476795,-37.540653,416.452065,349.055606,-11.272257,367.438850,375.043223,11.246318,411.587868,258.040272,-23.747727,323.748220,277.296424,-42.603641,394.831431,166.927168,41.988966,299.123998,185.500116,56.041834,393.816829,154.509522,52.007134,301.027379,179.052687,44.722333,394.794724,142.984875,-63.803136,292.840846,142.863070,-66.200337,
0.000000,0.000000,0.000000,0.000000,0.000000,0.000000,0.000000,0.000000,0.000000,0.000000,0.000000,0.000000,0.000000,0.000000,0.000000,0.000000,0.000000,0.000000,0.000000,0.000000,0.000000,0.000000,0.000000,0.000000,0.000000,0.000000,0.000000,0.000000,0.000000,0.000000,0.000000,0.000000,0.000000,0.000000,0.000000,0.000000,0.000000,0.000000,0.000000,0.000000,0.000000,0.000000,0.000000,0.000000,0.000000,0.000000,0.000000,0.000000,0.000000,0.000000,0.000000,0.000000,387.767345,544.211744,-119.068359,388.219228,550.844836,-115.592804,389.717972,550.408559,-115.592580,391.287282,549.948989,-115.596253,382.121821,551.481464,-116.422424,378.985835,551.410600,-116.441172,375.625295,551.246535,-116.433533,390.595393,543.891681,-10.780902,366.500387,545.171996,-49.790560,389.791921,532.980638,-80.191368,381.926107,533.838751,-0.000000,410.697998,499.563639,3.424330,338.416183,479.723977,-14.395452,484.841309,512.167166,-70.148017,316.437078,419.037720,-10.647323,520.293045,566.027912,-217.097889,300.675471,336.576491,-62.354852,534.527283,541.836786,-280.759024,294.883313,346.674482,-78.813134,533.399277,542.173814,-290.697326,298.287023,348.209908,-96.358874,528.014297,538.288481,-264.369302,301.168086,345.476795,-71.433073,416.452065,349.055606,-11.272257,342.942927,350.040341,11.246318,411.587868,258.040272,-6.602338,323.748220,277.296424,-42.603641,394.831431,166.927168,66.152939,277.757998,185.500116,33.938672,393.816829,154.509522,52.007134,279.525424,179.052687,44.722333,394.794724,142.984875,-63.803136,271.923642,142.863070,-66.200337,
0.000000,0.000000,0.000000,0.000000,0.000000,0.000000,0.000000,0.000000,0.000000,0.000000,0.000000,0.000000,0.000000,0.000000,0.000000,0.000000,0.000000,0.000000,0.000000,0.000000,0.000000,0.000000,0.000000,0.000000,0.000000,0.000000,0.000000,0.000000,0.000000,0.000000,0.000000,0.000000,0.000000,0.000000,0.000000,0.000000,0.000000,0.000000,0.000000,0.000000,0.000000,0.000000,0.000000,0.000000,0.000000,0.000000,0.000000,0.000000,0.000000,0.000000,0.000000,0.000000,387.767345,544.211744,-119.068359,388.219228,550.844836,-115.592804,389.717972,550.408559,-115.592580,391.287282,549.948989,-115.596253,382.121821,551.481464,-116.422424,378.985835,551.410600,-116.441172,375.625295,551.246535,-116.433533,390.595393,543.891681,-10.780902,366.500387,545.171996,-49.790560,389.791921,532.980638,-80.191368,381.926107,533.838751,-108.034831,410.697998,499.563639,20.360773,338.416183,479.723977,-0.000000,452.518555,512.167166,-23.184754,316.437078,419.037720,-10.647323,520.293045,525.597347,-116.295809,300.675471,336.576491,-62.354852,534.527283,541.836786,-172.085199,294.883313,346.674482,-78.813134,533.399277,542.173814,-181.685829,298.287023,348.209908,-96.358874,528.014297,538.288481,-130.676754,301.168086,345.476795,-71.433073,416.452065,349.055606,-0.437270,342.942927,350.040341,0.368411,411.587868,258.040272,10.543050,323.748220,277.296424,-42.603641,394.831431,166.927168,90.316911,277.757998,185.500116,56.041834,393.816829,154.509522,102.450868,279.525424,179.052687,44.722333,394.794724,142.984875,-7.518555,271.923642,142.863070,-66.200337,
0.000000,0.000000,0.000000,0.000000,0.000000,0.000000,0.000000,0.000000,0.000000,0.000000,0.000000,0.000000,0.000000,0.000000,0.000000,0.000000,0.000000,0.000000,0.000000,0.000000,0.000000,0.000000,0.000000,0.000000,0.000000,0.000000,0.000000,0.000000,0.000000,0.000000,0.000000,0.000000,0.000000,0.000000,0.000000,0.000000,0.000000,0.000000,0.000000,0.000000,0.000000,0.000000,0.000000,0.000000,0.000000,0.000000,0.000000,0.000000,0.000000,0.000000,0.000000,0.000000,387.767345,507.930961,-119.068359,0.000000,514.121847,-115.592804,389.717972,513.714655,-115.592580,391.287282,513.285723,-115.596253,382.121821,514.716033,-116.422424,378.985835,514.649893,-116.441172,375.625295,514.496766,-116.433533,390.595393,507.632236,-0.000000,366.500387,508.827196,-73.503030,389.791921,532.980638,-106.921824,381.926107,498.249501,-0.000000,410.697998,499.563639,3.424330,338.416183,445.457978,-32.842143,452.518555,512.167166,-46.666385,316.437078,380.943382,-36.897780,520.293045,525.597347,-183.497196,300.675471,336.576491,-96.724605,534.527283,541.836786,-208.309807,294.883313,346.674482,-78.813134,533.399277,542.173814,-181.685829,298.287023,304.683669,-131.184060,528.014297,0.000000,-164.099891,301.168086,345.476795,-105.325492,388.688594,349.055606,6.786054,342.942927,350.040341,-6.883527,411.587868,258.040272,0.000000,323.748220,258.809996,-79.979546,394.831431,166.927168,162.808829,277.757998,173.133442,11.835510,393.816829,154.509522,178.116468,258.023468,167.115841,22.257753,394.794724,142.984875,76.908318,251.006439,142.863070,-112.919331,
0.000000,0.000000,0.000000,0.000000,0.000000,0.000000,0.000000,0.000000,0.000000,0.000000,0.000000,0.000000,0.000000,0.000000,0.000000,0.000000,0.000000,0.000000,0.000000,0.000000,0.000000,0.000000,0.000000,0.000000,0.000000,0.000000,0.000000,0.000000,0.000000,0.000000,0.000000,0.000000,0.000000,0.000000,0.000000,0.000000,0.000000,0.000000,0.000000,0.000000,0.000000,0.000000,0.000000,0.000000,0.000000,0.000000,0.000000,0.000000,0.000000,0.000000,0.000000,0.000000,387.767345,507.930961,-148.835449,388.219228,514.121847,-144.491005,389.717972,513.714655,-144.490725,391.287282,513.285723,-144.495316,382.121821,514.716033,-145.528030,378.985835,514.649893,-145.551465,375.625295,514.496766,-145.541916,362.695722,507.632236,-34.491154,366.500387,508.827196,-120.927972,389.791921,497.448595,-133.652280,381.926107,498.249501,-135.043538,410.697998,466.259396,3.424330,338.416183,445.457978,-69.735525,452.518555,512.167166,-23.184754,316.437078,380.943382,-63.148237,485.606842,525.597347,-116.295809,300.675471,336.576491,-0.000000,498.892131,541.836786,-135.860590,294.883313,303.340172,-115.949662,497.839325,542.173814,-181.685829,298.287023,304.683669,-166.009246,492.813344,538.288481,-130.676754,301.168086,302.292196,-105.325492,388.688594,349.055606,14.009379,342.942927,350.040341,-14.135466,411.587868,258.040272,44.833826,300.623347,258.809996,-79.979546,394.831431,0.000000,211.136774,256.391998,173.133442,33.938672,393.816829,167.385315,228.560202,258.023468,167.115841,22.257753,394.794724,142.984875,105.050608,251.006439,142.863070,-89.559834,
0.000000,0.000000,0.000000,0.000000,0.000000,0.000000,0.000000,0.000000,0.000000,0.000000,0.000000,0.000000,0.000000,0.000000,0.000000,0.000000,0.000000,0.000000,0.000000,0.000000,0.000000,0.000000,0.000000,0.000000,0.000000,0.000000,0.000000,0.000000,0.000000,0.000000,0.000000,0.000000,0.000000,0.000000,0.000000,0.000000,0.000000,0.000000,0.000000,0.000000,0.000000,0.000000,0.000000,0.000000,0.000000,0.000000,0.000000,0.000000,0.000000,0.000000,0.000000,0.000000,387.767345,507.930961,-148.835449,388.219228,514.121847,-115.592804,389.717972,513.714655,-115.592580,391.287282,513.285723,-115.596253,382.121821,514.716033,-145.528030,378.985835,514.649893,-145.551465,375.625295,514.496766,-145.541916,362.695722,507.632236,-34.491154,366.500387,508.827196,-97.215501,389.791921,497.448595,-106.921824,0.000000,498.249501,-135.043538,410.697998,466.259396,3.424330,338.416183,445.457978,-88.182217,452.518555,512.167166,0.296878,316.437078,380.943382,-89.398694,485.606842,525.597347,-82.695116,300.675471,336.576491,-131.094358,498.892131,541.836786,-99.635982,294.883313,303.340172,-0.000000,497.839325,542.173814,-145.348663,298.287023,304.683669,-166.009246,492.813344,538.288481,-97.253617,301.168086,302.292196,-139.217912,388.688594,324.123062,21.232703,342.942927,325.037460,-21.387404,411.587868,239.608824,0.000000,300.623347,240.323567,-79.979546,394.831431,166.927168,211.136774,256.391998,173.133442,33.938672,393.816829,167.385315,228.560202,236.521512,167.115841,44.722333,394.794724,142.984875,105.050608,251.006439,142.863070,-66.200337,
0.000000,0.000000,0.000000,0.000000,0.000000,0.000000,0.000000,0.000000,0.000000,0.000000,0.000000,0.000000,0.000000,0.000000,0.000000,0.000000,0.000000,0.000000,0.000000,0.000000,0.000000,0.000000,0.000000,0.000000,0.000000,0.000000,0.000000,0.000000,0.000000,0.000000,0.000000,0.000000,0.000000,0.000000,0.000000,0.000000,0.000000,0.000000,0.000000,0.000000,0.000000,0.000000,0.000000,0.000000,0.000000,0.000000,0.000000,0.000000,0.000000,0.000000,0.000000,0.000000,387.767345,507.930961,-148.835449,360.489283,514.121847,-115.592804,361.880974,513.714655,-115.592580,363.338191,513.285723,-115.596253,354.827405,514.716033,-145.528030,378.985835,514.649893,-0.000000,375.625295,514.496766,-145.541916,362.695722,507.632236,-34.491154,340.321788,508.827196,-120.927972,389.791921,497.448595,-106.921824,381.926107,498.249501,-135.043538,410.697998,466.259396,3.424330,314.243599,445.457978,-88.182217,452.518555,512.167166,0.296878,316.437078,380.943382,-89.398694,485.606842,525.597347,-0.000000,279.198651,336.576491,-131.094358,498.892131,0.000000,-99.635982,273.820219,303.340172,-153.086191,497.839325,542.173814,-145.348663,276.980807,304.683669,-166.009246,492.813344,538.288481,-97.253617,0.000000,302.292196,-139.217912,388.688594,324.123062,17.621041,342.942927,325.037460,-17.761435,411.587868,239.608824,27.688438,300.623347,240.323567,-79.979546,394.831431,166.927168,235.300746,256.391998,173.133442,33.938672,393.816829,154.509522,253.782069,236.521512,167.115841,44.722333,394.794724,142.984875,161.335190,251.006439,132.658565,-66.200337,
0.000000,0.000000,0.000000,0.000000,0.000000,0.000000,0.000000,0.000000,0.000000,0.000000,0.000000,0.000000,0.000000,0.000000,0.000000,0.000000,0.000000,0.000000,0.000000,0.000000,0.000000,0.000000,0.000000,0.000000,0.000000,0.000000,0.000000,0.000000,0.000000,0.000000,0.000000,0.000000,0.000000,0.000000,0.000000,0.000000,0.000000,0.000000,0.000000,0.000000,0.000000,0.000000,0.000000,0.000000,0.000000,0.000000,0.000000,0.000000,0.000000,0.000000,0.000000,0.000000,360.069677,507.930961,-148.835449,360.489283,514.121847,-115.592804,361.880974,513.714655,-115.592580,363.338191,513.285723,-115.596253,354.827405,514.716033,-145.528030,351.915418,514.649893,-145.551465,348.794917,514.496766,-145.541916,362.695722,507.632236,-34.491154,340.321788,0.000000,-120.927972,361.949641,497.448595,-106.921824,354.645671,498.249501,-135.043538,381.362426,466.259396,0.000000,314.243599,445.457978,-106.628908,452.518555,512.167166,0.296878,293.834429,380.943382,-89.398694,485.606842,525.597347,-82.695116,0.000000,294.504429,-131.094358,498.892131,541.836786,-99.635982,273.820219,303.340172,-153.086191,497.839325,0.000000,-109.011497,276.980807,304.683669,-200.834432,492.813344,538.288481,-97.253617,279.656080,302.292196,-139.217912,388.688594,324.123062,21.232703,342.942927,325.037460,-21.387404,411.587868,239.608824,27.688438,300.623347,240.323567,-98.667499,394.831431,166.927168,235.300746,256.391998,160.766767,33.938672,393.816829,154.509522,228.560202,236.521512,167.115841,44.722333,394.794724,142.984875,133.192899,251.006439,132.658565,-66.200337,
0.000000,0.000000,0.000000,0.000000,0.000000,0.000000,0.000000,0.000000,0.000000,0.000000,0.000000,0.000000,0.000000,0.000000,0.000000,0.000000,0.000000,0.000000,0.000000,0.000000,0.000000,0.000000,0.000000,0.000000,0.000000,0.000000,0.000000,0.000000,0.000000,0.000000,0.000000,0.000000,0.000000,0.000000,0.000000,0.000000,0.000000,0.000000,0.000000,0.000000,0.000000,0.000000,0.000000,0.000000,0.000000,0.000000,0.000000,0.000000,0.000000,0.000000,0.000000,0.000000,360.069677,507.930961,-148.835449,360.489283,514.121847,-115.592804,361.880974,513.714655,-115.592580,363.338191,513.285723,-115.596253,354.827405,514.716033,-145.528030,351.915418,514.649893,-145.551465,348.794917,514.496766,-145.541916,362.695722,507.632236,-34.491154,340.321788,508.827196,-120.927972,361.949641,497.448595,-106.921824,354.645671,498.249501,-135.043538,381.362426,466.259396,3.424330,314.243599,445.457978,-106.628908,420.195801,512.167166,47.260141,293.834429,380.943382,-89.398694,485.606842,525.597347,18.106964,279.198651,294.504429,-131.094358,0.000000,541.836786,9.037844,273.820219,303.340172,-153.086191,497.839325,542.173814,-36.337166,276.980807,304.683669,-200.834432,492.813344,538.288481,3.015794,279.656080,302.292196,-139.217912,388.688594,324.123062,17.621041,342.942927,325.037460,-17.761435,384.148677,239.608824,27.688438,300.623347,240.323567,-79.979546,394.831431,166.927168,235.300746,256.391998,160.766767,56.041834,393.816829,154.509522,228.560202,236.521512,167.115841,67.186913,394.794724,142.984875,133.192899,251.006439,132.658565,-42.840839,
0.000000,0.000000,0.000000,0.000000,0.000000,0.000000,0.000000,0.000000,0.000000,0.000000,0.000000,0.000000,0.000000,0.000000,0.000000,0.000000,0.000000,0.000000,0.000000,0.000000,0.000000,0.000000,0.000000,0.000000,0.000000,0.000000,0.000000,0.000000,0.000000,0.000000,0.000000,0.000000,0.000000,0.000000,0.000000,0.000000,0.000000,0.000000,0.000000,0.000000,0.000000,0.000000,0.000000,0.000000,0.000000,0.000000,0.000000,0.000000,0.000000,0.000000,0.000000,0.000000,360.069677,507.930961,-178.602539,360.489283,514.121847,-144.491005,361.880974,513.714655,-144.490725,363.338191,513.285723,-144.495316,354.827405,514.716033,-174.633636,351.915418,514.649893,-174.661758,348.794917,514.496766,-174.650299,334.796051,507.632236,-58.201405,340.321788,508.827196,-120.927972,361.949641,497.448595,-133.652280,354.645671,498.249501,-162.052246,381.362426,466.259396,-13.512112,314.243599,445.457978,-106.628908,420.195801,512.167166,23.778509,293.834429,380.943382,-89.398694,450.920639,525.597347,-49.094423,279.198651,294.504429,-131.094358,498.892131,541.836786,-99.635982,273.820219,303.340172,-153.086191,497.839325,542.173814,-109.011497,276.980807,304.683669,-200.834432,492.813344,538.288481,-0.000000,279.656080,302.292196,-139.217912,388.688594,324.123062,21.232703,342.942927,325.037460,-21.387404,384.148677,239.608824,10.543050,300.623347,240.323567,-79.979546,394.831431,166.927168,211.136774,256.391998,160.766767,56.041834,393.816829,154.509522,228.560202,236.521512,155.178995,67.186913,394.794724,142.984875,133.192899,251.006439,132.658565,-42.840839,
0.000000,0.000000,0.000000,0.000000,0.000000,0.000000,0.000000,0.000000,0.000000,0.000000,0.000000,0.000000,0.000000,0.000000,0.000000,0.000000,0.000000,0.000000,0.000000,0.000000,0.000000,0.000000,0.000000,0.000000,0.000000,0.000000,0.000000,0.000000,0.000000,0.000000,0.000000,0.000000,0.000000,0.000000,0.000000,0.000000,0.000000,0.000000,0.000000,0.000000,0.000000,0.000000,0.000000,0.000000,0.000000,0.000000,0.000000,0.000000,0.000000,0.000000,0.000000,0.000000,332.372010,507.930961,-178.602539,332.759338,514.121847,-173.389206,334.043976,513.714655,-173.388870,335.389099,513.285723,-173.394379,327.532990,514.716033,-174.633636,324.845002,514.649893,-174.661758,321.964538,514.496766,-174.650299,334.796051,507.632236,-58.201405,314.143189,508.827196,-144.640443,334.107361,497.448595,-160.382736,354.645671,498.249501,-162.052246,381.362426,466.259396,-13.512112,290.071014,445.457978,-106.628908,420.195801,512.167166,0.296878,293.834429,0.000000,-115.649151,450.920639,525.597347,-49.094423,279.198651,294.504429,-165.464111,463.256979,541.836786,-63.411373,273.820219,303.340172,-190.222720,497.839325,542.173814,-109.011497,276.980807,304.683669,-200.834432,492.813344,538.288481,-63.830480,279.656080,302.292196,-173.110331,360.925123,324.123062,17.621041,318.447003,325.037460,-17.761435,384.148677,239.608824,10.543050,300.623347,240.323567,-79.979546,394.831431,166.927168,211.136774,0.000000,160.766767,78.144996,393.816829,154.509522,203.338335,236.521512,167.115841,89.651493,394.794724,142.984875,105.050608,251.006439,132.658565,-42.840839,
0.000000,0.000000,0.000000,0.000000,0.000000,0.000000,0.000000,0.000000,0.000000,0.000000,0.000000,0.000000,0.000000,0.000000,0.000000,0.000000,0.000000,0.000000,0.000000,0.000000,0.000000,0.000000,0.000000,0.000000,0.000000,0.000000,0.000000,0.000000,0.000000,0.000000,0.000000,0.000000,0.000000,0.000000,0.000000,0.000000,0.000000,0.000000,0.000000,0.000000,0.000000,0.000000,0.000000,0.000000,0.000000,0.000000,0.000000,0.000000,0.000000,0.000000,0.000000,0.000000,332.372010,507.930961,-178.602539,332.759338,514.121847,-144.491005,334.043976,513.714655,-144.490725,335.389099,513.285723,-144.495316,327.532990,514.716033,-174.633636,324.845002,514.649893,-174.661758,321.964538,514.496766,-174.650299,334.796051,507.632236,-58.201405,314.143189,508.827196,-120.927972,334.107361,497.448595,-133.652280,327.365234,498.249501,-162.052246,352.026855,466.259396,3.424330,290.071014,445.457978,-88.182217,420.195801,512.167166,23.778509,271.231781,380.943382,-89.398694,450.920639,525.597347,-49.094423,279.198651,0.000000,-131.094358,463.256979,541.836786,-63.411373,273.820219,303.340172,-153.086191,462.279373,542.173814,-109.011497,276.980807,304.683669,-166.009246,457.612391,538.288481,-63.830480,279.656080,302.292196,-139.217912,360.925123,324.123062,17.621041,318.447003,325.037460,-17.761435,384.148677,239.608824,10.543050,300.623347,240.323567,-79.979546,394.831431,166.927168,186.972801,256.391998,160.766767,33.938672,393.816829,154.509522,178.116468,236.521512,167.115841,44.722333,394.794724,142.984875,76.908318,251.006439,132.658565,-89.559834,
0.000000,0.000000,0.000000,0.000000,0.000000,0.000000,0.000000,0.000000,0.000000,0.000000,0.000000,0.000000,0.000000,0.000000,0.000000,0.000000,0.000000,0.000000,0.000000,0.000000,0.000000,0.000000,0.000000,0.000000,0.000000,0.000000,0.000000,0.000000,0.000000,0.000000,0.000000,0.000000,0.000000,0.000000,0.000000,0.000000,0.000000,0.000000,0.000000,0.000000,0.000000,0.000000,0.000000,0.000000,0.000000,0.000000,0.000000,0.000000,0.000000,0.000000,0.000000,0.000000,332.372010,507.930961,-178.602539,332.759338,514.121847,-173.389206,334.043976,513.714655,-173.388870,335.389099,513.285723,-173.394379,327.532990,514.716033,-174.633636,324.845002,514.649893,-174.661758,321.964538,0.000000,-174.650299,306.896380,507.632236,-58.201405,314.143189,508.827196,-168.352914,334.107361,497.448595,-160.382736,0.000000,498.249501,-162.052246,352.026855,499.563639,-13.512112,290.071014,445.457978,-125.075599,420.195801,512.167166,-23.184754,271.231781,380.943382,-115.649151,450.920639,525.597347,-149.896502,257.721832,294.504429,-165.464111,463.256979,541.836786,-172.085199,273.820219,303.340172,-190.222720,462.279373,542.173814,-181.685829,276.980807,304.683669,-0.000000,457.612391,538.288481,-164.099891,279.656080,302.292196,-173.110331,360.925123,349.055606,21.232703,318.447003,350.040341,-21.387404,384.148677,258.040272,10.543050,277.498474,240.323567,-79.979546,394.831431,166.927168,186.972801,235.025999,160.766767,33.938672,393.816829,154.509522,178.116468,236.521512,167.115841,44.722333,394.794724,142.984875,76.908318,251.006439,132.658565,-66.200337,
0.000000,0.000000,0.000000,0.000000,0.000000,0.000000,0.000000,0.000000,0.000000,0.000000,0.000000,0.000000,0.000000,0.000000,0.000000,0.000000,0.000000,0.000000,0.000000,0.000000,0.000000,0.000000,0.000000,0.000000,0.000000,0.000000,0.000000,0.000000,0.000000,0.000000,0.000000,0.000000,0.000000,0.000000,0.000000,0.000000,0.000000,0.000000,0.000000,0.000000,0.000000,0.000000,0.000000,0.000000,0.000000,0.000000,0.000000,0.000000,0.000000,0.000000,0.000000,0.000000,332.372010,507.930961,-208.369629,305.029394,514.121847,-202.287407,306.206978,513.714655,-202.287015,307.440008,513.285723,-202.293442,327.532990,514.716033,-232.844849,324.845002,514.649893,-232.882345,321.964538,514.496766,-232.867066,306.896380,507.632236,-105.621907,287.964590,508.827196,-192.065385,334.107361,497.448595,-0.000000,327.365234,498.249501,-216.069661,352.026855,499.563639,-30.448554,265.898430,445.457978,-143.522290,387.873047,512.167166,-23.184754,271.231781,380.943382,-141.899608,450.920639,525.597347,-116.295809,257.721832,336.576491,-165.464111,463.256979,541.836786,-135.860590,252.757126,303.340172,-190.222720,462.279373,0.000000,-181.685829,255.674591,304.683669,-235.659618,457.612391,538.288481,-130.676754,258.144074,302.292196,-207.002751,360.925123,349.055606,21.232703,318.447003,350.040341,-21.387404,384.148677,258.040272,10.543050,277.498474,240.323567,-79.979546,394.831431,166.927168,186.972801,235.025999,160.766767,56.041834,365.687055,167.385315,203.338335,236.521512,167.115841,44.722333,394.794724,142.984875,76.908318,251.006439,132.658565,-66.200337,
0.000000,0.000000,0.000000,0.000000,0.000000,0.000000,0.000000,0.000000,0.000000,0.000000,0.000000,0.000000,0.000000,0.000000,0.000000,0.000000,0.000000,0.000000,0.000000,0.000000,0.000000,0.000000,0.000000,0.000000,0.000000,0.000000,0.000000,0.000000,0.000000,0.000000,0.000000,0.000000,0.000000,0.000000,0.000000,0.000000,0.000000,0.000000,0.000000,0.000000,0.000000,0.000000,0.000000,0.000000,0.000000,0.000000,0.000000,0.000000,0.000000,0.000000,0.000000,0.000000,304.674342,507.930961,-208.369629,305.029394,514.121847,-202.287407,306.206978,513.714655,-202.287015,307.440008,513.285723,-202.293442,300.238574,514.716033,-203.739242,297.774585,514.649893,-203.772051,295.134160,514.496766,-203.758682,306.896380,507.632236,-105.621907,287.964590,508.827196,-192.065385,306.265081,497.448595,-187.113192,300.084798,498.249501,-189.060954,352.026855,499.563639,-30.448554,265.898430,445.457978,-143.522290,387.873047,512.167166,-23.184754,271.231781,380.943382,-141.899608,450.920639,525.597347,-149.896502,257.721832,336.576491,-165.464111,463.256979,541.836786,-172.085199,252.757126,303.340172,-190.222720,462.279373,542.173814,-218.022995,255.674591,304.683669,-200.834432,457.612391,538.288481,-164.099891,258.144074,302.292196,-173.110331,360.925123,349.055606,21.232703,293.951080,350.040341,-21.387404,384.148677,258.040272,44.833826,277.498474,258.809996,-79.979546,394.831431,166.927168,235.300746,235.025999,160.766767,33.938672,365.687055,167.385315,253.782069,236.521512,155.178995,44.722333,394.794724,142.984875,133.192899,251.006439,132.658565,-66.200337,
0.000000,0.000000,0.000000,0.000000,0.000000,0.000000,0.000000,0.000000,0.000000,0.000000,0.000000,0.000000,0.000000,0.000000,0.000000,0.000000,0.000000,0.000000,0.000000,0.000000,0.000000,0.000000,0.000000,0.000000,0.000000,0.000000,0.000000,0.000000,0.000000,0.000000,0.000000,0.000000,0.000000,0.000000,0.000000,0.000000,0.000000,0.000000,0.000000,0.000000,0.000000,0.000000,0.000000,0.000000,0.000000,0.000000,0.000000,0.000000,0.000000,0.000000,0.000000,0.000000,304.674342,507.930961,-208.369629,305.029394,514.121847,-173.389206,306.206978,513.714655,-173.388870,307.440008,513.285723,-173.394379,300.238574,514.716033,-203.739242,297.774585,514.649893,-203.772051,295.134160,514.496766,-203.758682,278.996709,507.632236,-0.000000,287.964590,508.827196,-168.352914,306.265081,497.448595,-160.382736,300.084798,498.249501,-189.060954,322.691284,499.563639,-30.448554,265.898430,445.457978,-125.075599,387.873047,512.167166,-23.184754,248.629132,380.943382,-115.649151,416.234436,525.597347,-149.896502,257.721832,336.576491,-165.464111,463.256979,541.836786,-172.085199,252.757126,303.340172,-190.222720,462.279373,542.173814,-181.685829,255.674591,304.683669,-200.834432,457.612391,538.288481,-164.099891,258.144074,302.292196,-173.110331,333.161652,349.055606,21.232703,293.951080,350.040341,-21.387404,384.148677,258.040272,44.833826,277.498474,258.809996,-0.000000,366.629186,166.927168,235.300746,235.025999,160.766767,33.938672,365.687055,167.385315,228.560202,236.521512,155.178995,44.722333,394.794724,142.984875,133.192899,230.089236,132.658565,-66.200337,
0.000000,0.000000,0.000000,0.000000,0.000000,0.000000,0.000000,0.000000,0.000000,0.000000,0.000000,0.000000,0.000000,0.000000,0.000000,0.000000,0.000000,0.000000,0.000000,0.000000,0.000000,0.000000,0.000000,0.000000,0.000000,0.000000,0.000000,0.000000,0.000000,0.000000,0.000000,0.000000,0.000000,0.000000,0.000000,0.000000,0.000000,0.000000,0.000000,0.000000,0.000000,0.000000,0.000000,0.000000,0.000000,0.000000,0.000000,0.000000,0.000000,0.000000,0.000000,0.000000,304.674342,507.930961,-178.602539,305.029394,514.121847,-144.491005,306.206978,513.714655,-144.490725,307.440008,513.285723,-144.495316,300.238574,514.716033,-174.633636,297.774585,514.649893,-174.661758,295.134160,514.496766,-174.650299,278.996709,507.632236,-58.201405,261.785991,508.827196,-144.640443,306.265081,497.448595,-133.652280,300.084798,498.249501,-162.052246,322.691284,499.563639,-13.512112,241.725845,445.457978,-125.075599,387.873047,512.167166,0.296878,248.629132,380.943382,-0.000000,416.234436,525.597347,-116.295809,236.245013,294.504429,-165.464111,427.621826,541.836786,-135.860590,252.757126,0.000000,-153.086191,426.719422,542.173814,-181.685829,255.674591,304.683669,-200.834432,422.411438,538.288481,-130.676754,258.144074,302.292196,-173.110331,333.161652,349.055606,21.232703,293.951080,350.040341,-21.387404,356.709486,258.040272,44.833826,0.000000,240.323567,-98.667499,366.629186,166.927168,211.136774,235.025999,160.766767,11.835510,365.687055,167.385315,228.560202,236.521512,155.178995,22.257753,394.794724,142.984875,133.192899,0.000000,132.658565,-89.559834,
0.000000,0.000000,0.000000,0.000000,0.000000,0.000000,0.000000,0.000000,0.000000,0.000000,0.000000,0.000000,0.000000,0.000000,0.000000,0.000000,0.000000,0.000000,0.000000,0.000000,0.000000,0.000000,0.000000,0.000000,0.000000,0.000000,0.000000,0.000000,0.000000,0.000000,0.000000,0.000000,0.000000,0.000000,0.000000,0.000000,0.000000,0.000000,0.000000,0.000000,0.000000,0.000000,0.000000,0.000000,0.000000,0.000000,0.000000,0.000000,0.000000,0.000000,0.000000,0.000000,304.674342,507.930961,-148.835449,277.299449,514.121847,-144.491005,278.369980,513.714655,-144.490725,279.490916,513.285723,-144.495316,272.944158,514.716033,-145.528030,270.704168,514.649893,-145.551465,268.303782,514.496766,-145.541916,278.996709,507.632236,-34.491154,261.785991,508.827196,-144.640443,306.265081,497.448595,-106.921824,300.084798,498.249501,-135.043538,322.691284,499.563639,3.424330,241.725845,445.457978,-125.075599,355.550293,512.167166,0.296878,248.629132,380.943382,-115.649151,416.234436,525.597347,-116.295809,236.245013,294.504429,-165.464111,427.621826,541.836786,-135.860590,231.694032,303.340172,-153.086191,426.719422,542.173814,-181.685829,234.368375,304.683669,-200.834432,422.411438,538.288481,-130.676754,236.632067,302.292196,-173.110331,333.161652,349.055606,32.067690,293.951080,325.037460,-32.265311,356.709486,258.040272,44.833826,277.498474,240.323567,-79.979546,366.629186,166.927168,211.136774,235.025999,160.766767,78.144996,365.687055,167.385315,228.560202,215.019557,155.178995,89.651493,394.794724,142.984875,133.192899,230.089236,132.658565,-19.481342,
0.000000,0.000000,0.000000,0.000000,0.000000,0.000000,0.000000,0.000000,0.000000,0.000000,0.000000,0.000000,0.000000,0.000000,0.000000,0.000000,0.000000,0.000000,0.000000,0.000000,0.000000,0.000000,0.000000,0.000000,0.000000,0.000000,0.000000,0.000000,0.000000,0.000000,0.000000,0.000000,0.000000,0.000000,0.000000,0.000000,0.000000,0.000000,0.000000,0.000000,0.000000,0.000000,0.000000,0.000000,0.000000,0.000000,0.000000,0.000000,0.000000,0.000000,0.000000,0.000000,276.976675,507.930961,-208.369629,277.299449,514.121847,-202.287407,278.369980,513.714655,-202.287015,279.490916,513.285723,-202.293442,272.944158,514.716033,-203.739242,270.704168,514.649893,-203.772051,268.303782,514.496766,-203.758682,278.996709,507.632236,-81.911656,261.785991,508.827196,-192.065385,278.422801,497.448595,-160.382736,272.804362,498.249501,-189.060954,322.691284,466.259396,-13.512112,241.725845,411.191980,-161.968981,355.550293,512.167166,0.296878,248.629132,342.849044,-168.150065,416.234436,525.597347,-116.295809,236.245013,294.504429,-199.833864,427.621826,541.836786,-135.860590,231.694032,260.005862,-190.222720,426.719422,542.173814,-181.685829,234.368375,261.157431,-235.659618,422.411438,538.288481,-130.676754,236.632067,302.292196,-207.002751,333.161652,324.123062,32.067690,269.455157,325.037460,-32.265311,356.709486,239.608824,27.688438,254.373602,240.323567,-61.291593,366.629186,166.927168,235.300746,235.025999,160.766767,122.351320,365.687055,154.509522,253.782069,215.019557,155.178995,157.045232,394.794724,142.984875,161.335190,230.089236,132.658565,50.597149,
0.000000,0.000000,0.000000,0.000000,0.000000,0.000000,0.000000,0.000000,0.000000,0.000000,0.000000,0.000000,0.000000,0.000000,0.000000,0.000000,0.000000,0.000000,0.000000,0.000000,0.000000,0.000000,0.000000,0.000000,0.000000,0.000000,0.000000,0.000000,0.000000,0.000000,0.000000,0.000000,0.000000,0.000000,0.000000,0.000000,0.000000,0.000000,0.000000,0.000000,0.000000,0.000000,0.000000,0.000000,0.000000,0.000000,0.000000,0.000000,0.000000,0.000000,0.000000,0.000000,276.976675,507.930961,-208.369629,277.299449,514.121847,-202.287407,278.369980,513.714655,-202.287015,279.490916,513.285723,-202.293442,272.944158,477.950602,-232.844849,270.704168,477.889187,-232.882345,268.303782,477.746997,-232.867066,278.996709,507.632236,-105.621907,261.785991,472.482397,-192.065385,278.422801,497.448595,-187.113192,272.804362,462.660251,-216.069661,293.355713,466.259396,-30.448554,241.725845,411.191980,-161.968981,355.550293,512.167166,-23.184754,226.026484,342.849044,-168.150065,416.234436,525.597347,-116.295809,236.245013,294.504429,-199.833864,427.621826,0.000000,-135.860590,231.694032,260.005862,-227.359248,426.719422,542.173814,-181.685829,234.368375,261.157431,-235.659618,422.411438,538.288481,-130.676754,236.632067,259.107596,-207.002751,333.161652,324.123062,32.067690,269.455157,325.037460,-32.265311,356.709486,239.608824,27.688438,254.373602,221.837139,-79.979546,366.629186,166.927168,235.300746,235.025999,160.766767,122.351320,365.687055,154.509522,253.782069,215.019557,155.178995,134.580653,394.794724,142.984875,161.335190,230.089236,132.658565,50.597149,
0.000000,0.000000,0.000000,0.000000,0.000000,0.000000,0.000000,0.000000,0.000000,0.000000,0.000000,0.000000,0.000000,0.000000,0.000000,0.000000,0.000000,0.000000,0.000000,0.000000,0.000000,0.000000,0.000000,0.000000,0.000000,0.000000,0.000000,0.000000,0.000000,0.000000,0.000000,0.000000,0.000000,0.000000,0.000000,0.000000,0.000000,0.000000,0.000000,0.000000,0.000000,0.000000,0.000000,0.000000,0.000000,0.000000,0.000000,0.000000,0.000000,0.000000,0.000000,0.000000,276.976675,471.650178,-238.136719,277.299449,477.398858,-202.287407,278.369980,477.020751,-202.287015,279.490916,476.622457,-202.293442,272.944158,477.950602,-232.844849,270.704168,477.889187,-232.882345,268.303782,477.746997,-232.867066,251.097038,471.372790,-105.621907,235.607392,472.482397,-192.065385,278.422801,461.916553,-187.113192,272.804362,462.660251,-216.069661,293.355713,466.259396,-47.384997,217.553261,411.191980,-161.968981,355.550293,475.583797,-23.184754,226.026484,342.849044,-168.150065,381.548233,525.597347,-82.695116,214.768193,294.504429,-199.833864,427.621826,500.157034,-99.635982,210.630938,0.000000,-227.359248,426.719422,500.468136,-145.348663,213.062159,261.157431,-235.659618,422.411438,496.881674,-130.676754,215.120061,259.107596,-0.000000,305.398181,324.123062,35.679352,269.455157,300.034578,-35.891280,356.709486,0.000000,27.688438,254.373602,221.837139,-79.979546,366.629186,166.927168,235.300746,235.025999,160.766767,144.454483,365.687055,154.509522,253.782069,215.019557,155.178995,157.045232,394.794724,142.984875,161.335190,0.000000,132.658565,73.956646,
0.000000,0.000000,0.000000,0.000000,0.000000,0.000000,0.000000,0.000000,0.000000,0.000000,0.000000,0.000000,0.000000,0.000000,0.000000,0.000000,0.000000,0.000000,0.000000,0.000000,0.000000,0.000000,0.000000,0.000000,0.000000,0.000000,0.000000,0.000000,0.000000,0.000000,0.000000,0.000000,0.000000,0.000000,0.000000,0.000000,0.000000,0.000000,0.000000,0.000000,0.000000,0.000000,0.000000,0.000000,0.000000,0.000000,0.000000,0.000000,0.000000,0.000000,0.000000,0.000000,276.976675,471.650178,-208.369629,0.000000,477.398858,-202.287407,250.532982,477.020751,-202.287015,251.541824,476.622457,-202.293442,245.649742,477.950602,-232.844849,243.633751,477.889187,-232.882345,241.473404,477.746997,-232.867066,251.097038,471.372790,-105.621907,235.607392,472.482397,-192.065385,278.422801,461.916553,-187.113192,272.804362,462.660251,-216.069661,293.355713,466.259396,-47.384997,217.553261,411.191980,-161.968981,355.550293,475.583797,0.296878,226.026484,342.849044,-141.899608,381.548233,525.597347,-49.094423,214.768193,294.504429,-199.833864,391.986674,500.157034,-63.411373,210.630938,260.005862,-190.222720,426.719422,500.468136,-72.674332,213.062159,261.157431,-235.659618,422.411438,496.881674,-63.830480,0.000000,259.107596,-207.002751,305.398181,324.123062,32.067690,269.455157,300.034578,-32.265311,356.709486,239.608824,27.688438,254.373602,221.837139,-154.731357,366.629186,166.927168,235.300746,235.025999,160.766767,-0.000000,365.687055,154.509522,253.782069,215.019557,155.178995,-0.206827,394.794724,142.984875,161.335190,230.089236,132.658565,-89.559834,
0.000000,0.000000,0.000000,0.000000,0.000000,0.000000,0.000000,0.000000,0.000000,0.000000,0.000000,0.000000,0.000000,0.000000,0.000000,0.000000,0.000000,0.000000,0.000000,0.000000,0.000000,0.000000,0.000000,0.000000,0.000000,0.000000,0.000000,0.000000,0.000000,0.000000,0.000000,0.000000,0.000000,0.000000,0.000000,0.000000,0.000000,0.000000,0.000000,0.000000,0.000000,0.000000,0.000000,0.000000,0.000000,0.000000,0.000000,0.000000,0.000000,0.000000,0.000000,0.000000,249.279007,471.650178,-208.369629,249.569504,477.398858,-202.287407,250.532982,477.020751,-202.287015,251.541824,476.622457,-202.293442,245.649742,477.950602,-232.844849,243.633751,477.889187,-232.882345,241.473404,477.746997,-232.867066,251.097038,471.372790,-105.621907,235.607392,472.482397,-192.065385,250.580521,461.916553,-187.113192,272.804362,462.660251,-216.069661,293.355713,466.259396,-30.448554,0.000000,411.191980,-161.968981,323.227539,475.583797,0.296878,226.026484,342.849044,-141.899608,381.548233,525.597347,-49.094423,214.768193,294.504429,-199.833864,391.986674,500.157034,-63.411373,210.630938,260.005862,-190.222720,391.159470,500.468136,-109.011497,213.062159,261.157431,-235.659618,387.210484,496.881674,-63.830480,215.120061,259.107596,-207.002751,305.398181,324.123062,32.067690,269.455157,325.037460,-32.265311,356.709486,239.608824,27.688438,254.373602,221.837139,-136.043404,366.629186,166.927168,235.300746,235.025999,160.766767,33.938672,365.687055,154.509522,228.560202,215.019557,155.178995,44.722333,394.794724,142.984875,133.192899,230.089236,132.658565,-66.200337,
0.000000,0.000000,0.000000,0.000000,0.000000,0.000000,0.000000,0.000000,0.000000,0.000000,0.000000,0.000000,0.000000,0.000000,0.000000,0.000000,0.000000,0.000000,0.000000,0.000000,0.000000,0.000000,0.000000,0.000000,0.000000,0.000000,0.000000,0.000000,0.000000,0.000000,0.000000,0.000000,0.000000,0.000000,0.000000,0.000000,0.000000,0.000000,0.000000,0.000000,0.000000,0.000000,0.000000,0.000000,0.000000,0.000000,0.000000,0.000000,0.000000,0.000000,0.000000,0.000000,249.279007,471.650178,-208.369629,249.569504,477.398858,-202.287407,250.532982,477.020751,-202.287015,251.541824,476.622457,-202.293442,245.649742,477.950602,-203.739242,243.633751,477.889187,-203.772051,241.473404,477.746997,-203.758682,251.097038,471.372790,-81.911656,235.607392,472.482397,-192.065385,250.580521,461.916553,-160.382736,245.523926,462.660251,-216.069661,293.355713,466.259396,-13.512112,217.553261,411.191980,-143.522290,323.227539,475.583797,0.000000,226.026484,342.849044,-141.899608,381.548233,525.597347,-15.493729,214.768193,294.504429,-165.464111,391.986674,500.157034,-27.186765,210.630938,260.005862,-190.222720,391.159470,500.468136,-72.674332,213.062159,261.157431,-235.659618,387.210484,496.881674,-30.407343,215.120061,259.107596,-207.002751,305.398181,324.123062,35.679352,269.455157,325.037460,-0.000000,356.709486,239.608824,-6.602338,254.373602,221.837139,-192.107262,366.629186,166.927168,162.808829,235.025999,160.766767,-54.473977,365.687055,154.509522,178.116468,215.019557,155.178995,-45.135986,394.794724,142.984875,76.908318,230.089236,132.658565,-136.278828,
0.000000,0.000000,0.000000,0.000000,0.000000,0.000000,0.000000,0.000000,0.000000,0.000000,0.000000,0.000000,0.000000,0.000000,0.000000,0.000000,0.000000,0.000000,0.000000,0.000000,0.000000,0.000000,0.000000,0.000000,0.000000,0.000000,0.000000,0.000000,0.000000,0.000000,0.000000,0.000000,0.000000,0.000000,0.000000,0.000000,0.000000,0.000000,0.000000,0.000000,0.000000,0.000000,0.000000,0.000000,0.000000,0.000000,0.000000,0.000000,0.000000,0.000000,0.000000,0.000000,249.279007,471.650178,-238.136719,249.569504,477.398858,-231.185608,250.532982,477.020751,-231.185161,251.541824,476.622457,-231.192505,245.649742,477.950602,-232.844849,243.633751,477.889187,-232.882345,241.473404,477.746997,-232.867066,251.097038,471.372790,-105.621907,235.607392,472.482397,-215.777856,250.580521,461.916553,-187.113192,245.523926,462.660251,-216.069661,293.355713,466.259396,-47.384997,217.553261,411.191980,-0.000000,323.227539,512.167166,23.778509,0.000000,342.849044,-168.150065,381.548233,525.597347,-49.094423,214.768193,294.504429,-199.833864,391.986674,541.836786,-63.411373,210.630938,260.005862,-190.222720,391.159470,542.173814,-109.011497,213.062159,261.157431,-235.659618,387.210484,538.288481,-63.830480,215.120061,259.107596,-207.002751,305.398181,324.123062,35.679352,269.455157,325.037460,-35.891280,356.709486,239.608824,-58.038503,254.373602,221.837139,-154.731357,366.629186,166.927168,114.480884,235.025999,160.766767,-32.370814,337.557282,154.509522,127.672735,236.521512,155.178995,-0.206827,394.794724,142.984875,20.623736,230.089236,132.658565,-89.559834,
0.000000,0.000000,0.000000,0.000000,0.000000,0.000000,0.000000,0.000000,0.000000,0.000000,0.000000,0.000000,0.000000,0.000000,0.000000,0.000000,0.000000,0.000000,0.000000,0.000000,0.000000,0.000000,0.000000,0.000000,0.000000,0.000000,0.000000,0.000000,0.000000,0.000000,0.000000,0.000000,0.000000,0.000000,0.000000,0.000000,0.000000,0.000000,0.000000,0.000000,0.000000,0.000000,0.000000,0.000000,0.000000,0.000000,0.000000,0.000000,0.000000,0.000000,0.000000,0.000000,249.279007,507.930961,-267.903809,249.569504,514.121847,-231.185608,250.532982,513.714655,-231.185161,251.541824,513.285723,-231.192505,245.649742,0.000000,-261.950455,243.633751,477.889187,-261.992638,241.473404,477.746997,-261.975449,223.197367,507.632236,-129.332158,235.607392,472.482397,-215.777856,250.580521,497.448595,-213.843649,245.523926,462.660251,-0.000000,264.020141,466.259396,-47.384997,217.553261,0.000000,-161.968981,323.227539,512.167166,0.296878,226.026484,342.849044,-168.150065,381.548233,525.597347,-82.695116,214.768193,294.504429,-199.833864,391.986674,541.836786,-99.635982,210.630938,260.005862,-190.222720,391.159470,542.173814,-145.348663,213.062159,261.157431,-235.659618,387.210484,538.288481,-97.253617,215.120061,259.107596,-207.002751,305.398181,324.123062,32.067690,269.455157,325.037460,-32.265311,356.709486,258.040272,-0.000000,254.373602,221.837139,-117.355451,366.629186,0.000000,90.316911,235.025999,160.766767,33.938672,337.557282,167.385315,102.450868,236.521512,155.178995,44.722333,366.595101,132.771669,-7.518555,230.089236,132.658565,-89.559834,
0.000000,0.000000,0.000000,0.000000,0.000000,0.000000,0.000000,0.000000,0.000000,0.000000,0.000000,0.000000,0.000000,0.000000,0.000000,0.000000,0.000000,0.000000,0.000000,0.000000,0.000000,0.000000,0.000000,0.000000,0.000000,0.000000,0.000000,0.000000,0.000000,0.000000,0.000000,0.000000,0.000000,0.000000,0.000000,0.000000,0.000000,0.000000,0.000000,0.000000,0.000000,0.000000,0.000000,0.000000,0.000000,0.000000,0.000000,0.000000,0.000000,0.000000,0.000000,0.000000,249.279007,507.930961,-238.136719,249.569504,514.121847,-231.185608,250.532982,513.714655,-231.185161,251.541824,513.285723,-231.192505,0.000000,514.716033,-261.950455,243.633751,514.649893,-261.992638,241.473404,514.496766,-261.975449,223.197367,507.632236,-129.332158,209.428793,508.827196,-215.777856,250.580521,497.448595,-213.843649,245.523926,498.249501,-243.078369,264.020141,466.259396,-47.384997,217.553261,411.191980,-161.968981,323.227539,512.167166,23.778509,226.026484,342.849044,-168.150065,381.548233,525.597347,-49.094423,214.768193,294.504429,-199.833864,391.986674,541.836786,-63.411373,210.630938,260.005862,-227.359248,391.159470,542.173814,-109.011497,213.062159,261.157431,-235.659618,387.210484,538.288481,-63.830480,215.120061,259.107596,-207.002751,305.398181,349.055606,32.067690,269.455157,325.037460,-32.265311,356.709486,258.040272,-92.329280,254.373602,240.323567,-98.667499,338.426941,166.927168,66.152939,235.025999,160.766767,0.000000,337.557282,167.385315,77.229001,236.521512,155.178995,67.186913,366.595101,132.771669,-35.660845,0.000000,132.658565,-42.840839,
0.000000,0.000000,0.000000,0.000000,0.000000,0.000000,0.000000,0.000000,0.000000,0.000000,0.000000,0.000000,0.000000,0.000000,0.000000,0.000000,0.000000,0.000000,0.000000,0.000000,0.000000,0.000000,0.000000,0.000000,0.000000,0.000000,0.000000,0.000000,0.000000,0.000000,0.000000,0.000000,0.000000,0.000000,0.000000,0.000000,0.000000,0.000000,0.000000,0.000000,0.000000,0.000000,0.000000,0.000000,0.000000,0.000000,0.000000,0.000000,0.000000,0.000000,0.000000,0.000000,249.279007,507.930961,-238.136719,249.569504,514.121847,-0.000000,222.695984,513.714655,-202.287015,223.592733,513.285723,-202.293442,245.649742,514.716033,-232.844849,216.563334,514.649893,-232.882345,214.643026,514.496766,-232.867066,223.197367,507.632236,-81.911656,209.428793,508.827196,-168.352914,250.580521,497.448595,-187.113192,245.523926,498.249501,-216.069661,264.020141,499.563639,-13.512112,217.553261,411.191980,-143.522290,323.227539,512.167166,47.260141,0.000000,342.849044,-115.649151,381.548233,525.597347,-15.493729,214.768193,294.504429,-165.464111,391.986674,541.836786,-27.186765,210.630938,260.005862,-190.222720,391.159470,542.173814,-72.674332,213.062159,261.157431,-235.659618,387.210484,538.288481,-30.407343,215.120061,302.292196,-207.002751,305.398181,349.055606,32.067690,269.455157,325.037460,-32.265311,329.270294,258.040272,-92.329280,254.373602,240.323567,-173.419309,338.426941,166.927168,41.988966,235.025999,160.766767,-32.370814,309.427508,167.385315,52.007134,215.019557,155.178995,-22.671407,338.395478,132.771669,-63.803136,0.000000,132.658565,-136.278828,
0.000000,0.000000,0.000000,0.000000,0.000000,0.000000,0.000000,0.000000,0.000000,0.000000,0.000000,0.000000,0.000000,0.000000,0.000000,0.000000,0.000000,0.000000,0.000000,0.000000,0.000000,0.000000,0.000000,0.000000,0.000000,0.000000,0.000000,0.000000,0.000000,0.000000,0.000000,0.000000,0.000000,0.000000,0.000000,0.000000,0.000000,0.000000,0.000000,0.000000,0.000000,0.000000,0.000000,0.000000,0.000000,0.000000,0.000000,0.000000,0.000000,0.000000,0.000000,0.000000,249.279007,507.930961,-238.136719,221.839559,514.121847,-231.185608,222.695984,513.714655,-231.185161,223.592733,513.285723,-231.192505,218.355326,514.716033,-232.844849,216.563334,514.649893,-232.882345,214.643026,514.496766,-232.867066,223.197367,507.632236,-105.621907,209.428793,508.827196,-192.065385,250.580521,497.448595,-213.843649,245.523926,498.249501,-216.069661,264.020141,499.563639,-13.512112,217.553261,445.457978,-143.522290,323.227539,512.167166,47.260141,226.026484,342.849044,-141.899608,381.548233,525.597347,-15.493729,214.768193,294.504429,-199.833864,391.986674,541.836786,-27.186765,210.630938,260.005862,-190.222720,391.159470,542.173814,-72.674332,213.062159,261.157431,-0.000000,387.210484,538.288481,-30.407343,215.120061,302.292196,-207.002751,305.398181,349.055606,28.456028,269.455157,350.040341,-28.639342,329.270294,258.040272,-109.474668,254.373602,258.809996,-210.795215,338.426941,179.767720,41.988966,235.025999,160.766767,-76.577139,309.427508,167.385315,52.007134,215.019557,155.178995,-67.600566,338.395478,132.771669,-63.803136,230.089236,132.658565,-182.997822,
0.000000,0.000000,0.000000,0.000000,0.000000,0.000000,0.000000,0.000000,0.000000,0.000000,0.000000,0.000000,0.000000,0.000000,0.000000,0.000000,0.000000,0.000000,0.000000,0.000000,0.000000,0.000000,0.000000,0.000000,0.000000,0.000000,0.000000,0.000000,0.000000,0.000000,0.000000,0.000000,0.000000,0.000000,0.000000,0.000000,0.000000,0.000000,0.000000,0.000000,0.000000,0.000000,0.000000,0.000000,0.000000,0.000000,0.000000,0.000000,0.000000,0.000000,0.000000,0.000000,249.279007,507.930961,-238.136719,221.839559,514.121847,-231.185608,222.695984,513.714655,-231.185161,223.592733,513.285723,-231.192505,218.355326,514.716033,-232.844849,216.563334,514.649893,-232.882345,214.643026,514.496766,-0.000000,223.197367,507.632236,-105.621907,209.428793,0.000000,-168.352914,250.580521,497.448595,-213.843649,245.523926,498.249501,-216.069661,264.020141,499.563639,-13.512112,217.553261,445.457978,-125.075599,323.227539,512.167166,47.260141,226.026484,342.849044,-115.649151,381.548233,525.597347,-15.493729,214.768193,294.504429,-165.464111,391.986674,541.836786,-27.186765,210.630938,303.340172,-190.222720,391.159470,542.173814,-72.674332,213.062159,261.157431,-235.659618,387.210484,538.288481,-30.407343,215.120061,302.292196,-207.002751,305.398181,349.055606,24.844365,269.455157,350.040341,-25.013373,329.270294,258.040272,-92.329280,254.373602,258.809996,-248.171120,310.224696,166.927168,66.152939,235.025999,173.133442,-120.783463,309.427508,167.385315,77.229001,236.521512,167.115841,-112.529726,338.395478,132.771669,-35.660845,230.089236,132.658565,-229.716816,
0.000000,0.000000,0.000000,0.000000,0.000000,0.000000,0.000000,0.000000,0.000000,0.000000,0.000000,0.000000,0.000000,0.000000,0.000000,0.000000,0.000000,0.000000,0.000000,0.000000,0.000000,0.000000,0.000000,0.000000,0.000000,0.000000,0.000000,0.000000,0.000000,0.000000,0.000000,0.000000,0.000000,0.000000,0.000000,0.000000,0.000000,0.000000,0.000000,0.000000,0.000000,0.000000,0.000000,0.000000,0.000000,0.000000,0.000000,0.000000,0.000000,0.000000,0.000000,0.000000,221.581340,507.930961,-238.136719,221.839559,514.121847,-202.287407,222.695984,513.714655,-202.287015,223.592733,513.285723,-202.293442,218.355326,514.716033,-232.844849,216.563334,514.649893,-232.882345,214.643026,514.496766,-232.867066,223.197367,507.632236,-0.000000,209.428793,508.827196,-144.640443,250.580521,497.448595,-187.113192,245.523926,498.249501,-216.069661,264.020141,499.563639,-13.512112,217.553261,445.457978,-106.628908,323.227539,512.167166,47.260141,226.026484,342.849044,-89.398694,381.548233,525.597347,-15.493729,214.768193,0.000000,-165.464111,391.986674,541.836786,-27.186765,210.630938,303.340172,-153.086191,391.159470,542.173814,-72.674332,213.062159,261.157431,-200.834432,387.210484,538.288481,-30.407343,215.120061,302.292196,-173.110331,305.398181,349.055606,21.232703,269.455157,350.040341,-21.387404,329.270294,258.040272,-75.183891,254.373602,258.809996,-229.483167,310.224696,166.927168,90.316911,235.025999,173.133442,-120.783463,281.297735,167.385315,102.450868,236.521512,167.115841,-112.529726,338.395478,132.771669,-7.518555,230.089236,132.658565,-229.716816,
0.000000,0.000000,0.000000,0.000000,0.000000,0.000000,0.000000,0.000000,0.000000,0.000000,0.000000,0.000000,0.000000,0.000000,0.000000,0.000000,0.000000,0.000000,0.000000,0.000000,0.000000,0.000000,0.000000,0.000000,0.000000,0.000000,0.000000,0.000000,0.000000,0.000000,0.000000,0.000000,0.000000,0.000000,0.000000,0.000000,0.000000,0.000000,0.000000,0.000000,0.000000,0.000000,0.000000,0.000000,0.000000,0.000000,0.000000,0.000000,0.000000,0.000000,0.000000,0.000000,221.581340,507.930961,-267.903809,221.839559,514.121847,-231.185608,222.695984,513.714655,-231.185161,223.592733,513.285723,-231.192505,218.355326,514.716033,-232.844849,216.563334,514.649893,-232.882345,214.643026,514.496766,-232.867066,223.197367,507.632236,-105.621907,209.428793,508.827196,-144.640443,250.580521,497.448595,-213.843649,245.523926,498.249501,-216.069661,264.020141,499.563639,-30.448554,217.553261,445.457978,-106.628908,323.227539,512.167166,23.778509,226.026484,342.849044,-115.649151,381.548233,525.597347,-15.493729,214.768193,294.504429,-165.464111,391.986674,541.836786,-63.411373,210.630938,303.340172,-190.222720,391.159470,542.173814,-72.674332,213.062159,261.157431,-200.834432,387.210484,538.288481,-30.407343,0.000000,302.292196,-173.110331,305.398181,349.055606,21.232703,269.455157,350.040341,-21.387404,329.270294,258.040272,-75.183891,254.373602,258.809996,-229.483167,310.224696,166.927168,90.316911,235.025999,173.133442,-120.783463,0.000000,167.385315,102.450868,236.521512,155.178995,-112.529726,310.195854,132.771669,-7.518555,230.089236,132.658565,-229.716816,
0.000000,0.000000,0.000000,0.000000,0.000000,0.000000,0.000000,0.000000,0.000000,0.000000,0.000000,0.000000,0.000000,0.000000,0.000000,0.000000,0.000000,0.000000,0.000000,0.000000,0.000000,0.000000,0.000000,0.000000,0.000000,0.000000,0.000000,0.000000,0.000000,0.000000,0.000000,0.000000,0.000000,0.000000,0.000000,0.000000,0.000000,0.000000,0.000000,0.000000,0.000000,0.000000,0.000000,0.000000,0.000000,0.000000,0.000000,0.000000,0.000000,0.000000,0.000000,0.000000,249.279007,507.930961,-267.903809,221.839559,514.121847,-260.083809,222.695984,513.714655,-260.083306,223.592733,513.285723,-260.091568,218.355326,514.716033,-261.950455,216.563334,514.649893,-261.992638,214.643026,514.496766,-261.975449,223.197367,507.632236,-129.332158,209.428793,508.827196,-192.065385,250.580521,497.448595,-240.574105,245.523926,498.249501,-243.078369,264.020141,499.563639,-47.384997,217.553261,445.457978,-125.075599,323.227539,512.167166,0.296878,226.026484,342.849044,-115.649151,381.548233,525.597347,-82.695116,214.768193,294.504429,-165.464111,391.986674,541.836786,-99.635982,210.630938,260.005862,-190.222720,391.159470,542.173814,-145.348663,213.062159,261.157431,-235.659618,387.210484,538.288481,-97.253617,215.120061,302.292196,-173.110331,305.398181,349.055606,21.232703,244.959233,350.040341,-21.387404,329.270294,258.040272,-58.038503,254.373602,258.809996,-229.483167,310.224696,166.927168,138.644856,235.025999,160.766767,-98.680301,281.297735,154.509522,127.672735,236.521512,155.178995,-90.065146,310.195854,132.771669,48.766027,230.089236,132.658565,-206.357319,
0.000000,0.000000,0.000000,0.000000,0.000000,0.000000,0.000000,0.000000,0.000000,0.000000,0.000000,0.000000,0.000000,0.000000,0.000000,0.000000,0.000000,0.000000,0.000000,0.000000,0.000000,0.000000,0.000000,0.000000,0.000000,0.000000,0.000000,0.000000,0.000000,0.000000,0.000000,0.000000,0.000000,0.000000,0.000000,0.000000,0.000000,0.000000,0.000000,0.000000,0.000000,0.000000,0.000000,0.000000,0.000000,0.000000,0.000000,0.000000,0.000000,0.000000,0.000000,0.000000,249.279007,507.930961,-267.903809,221.839559,514.121847,-231.185608,222.695984,513.714655,-231.185161,223.592733,513.285723,-231.192505,218.355326,514.716033,-232.844849,0.000000,514.649893,-232.882345,214.643026,514.496766,-232.867066,223.197367,507.632236,-105.621907,209.428793,472.482397,-168.352914,250.580521,497.448595,-213.843649,245.523926,498.249501,-216.069661,264.020141,466.259396,-30.448554,217.553261,411.191980,-106.628908,323.227539,475.583797,0.296878,226.026484,342.849044,-89.398694,381.548233,525.597347,-82.695116,214.768193,294.504429,-131.094358,391.986674,541.836786,-99.635982,210.630938,260.005862,-153.086191,391.159470,542.173814,-145.348663,213.062159,261.157431,-200.834432,387.210484,538.288481,-97.253617,215.120061,302.292196,-173.110331,305.398181,349.055606,21.232703,244.959233,0.000000,-21.387404,329.270294,239.608824,-58.038503,254.373602,240.323567,-229.483167,310.224696,166.927168,138.644856,235.025999,160.766767,-76.577139,281.297735,154.509522,127.672735,236.521512,155.178995,-67.600566,310.195854,132.771669,48.766027,230.089236,132.658565,-182.997822,
0.000000,0.000000,0.000000,0.000000,0.000000,0.000000,0.000000,0.000000,0.000000,0.000000,0.000000,0.000000,0.000000,0.000000,0.000000,0.000000,0.000000,0.000000,0.000000,0.000000,0.000000,0.000000,0.000000,0.000000,0.000000,0.000000,0.000000,0.000000,0.000000,0.000000,0.000000,0.000000,0.000000,0.000000,0.000000,0.000000,0.000000,0.000000,0.000000,0.000000,0.000000,0.000000,0.000000,0.000000,0.000000,0.000000,0.000000,0.000000,0.000000,0.000000,0.000000,0.000000,249.279007,507.930961,-238.136719,221.839559,514.121847,-202.287407,0.000000,513.714655,-202.287015,223.592733,513.285723,-202.293442,218.355326,514.716033,-203.739242,216.563334,477.889187,-203.772051,214.643026,477.746997,-203.758682,223.197367,507.632236,-81.911656,209.428793,472.482397,-144.640443,250.580521,497.448595,-187.113192,245.523926,498.249501,-189.060954,264.020141,466.259396,-30.448554,217.553261,411.191980,-88.182217,323.227539,475.583797,0.296878,226.026484,0.000000,-89.398694,381.548233,485.166782,-116.295809,214.768193,294.504429,-131.094358,391.986674,500.157034,-135.860590,210.630938,260.005862,-153.086191,391.159470,500.468136,-145.348663,213.062159,261.157431,-200.834432,387.210484,496.881674,-130.676754,215.120061,259.107596,-139.217912,305.398181,324.123062,21.232703,244.959233,325.037460,-21.387404,329.270294,239.608824,-58.038503,254.373602,240.323567,-210.795215,310.224696,166.927168,138.644856,235.025999,160.766767,-54.473977,281.297735,154.509522,152.894601,236.521512,155.178995,-45.135986,310.195854,132.771669,48.766027,230.089236,122.454060,-159.638325,
0.000000,0.000000,0.000000,0.000000,0.000000,0.000000,0.000000,0.000000,0.000000,0.000000,0.000000,0.000000,0.000000,0.000000,0.000000,0.000000,0.000000,0.000000,0.000000,0.000000,0.000000,0.000000,0.000000,0.000000,0.000000,0.000000,0.000000,0.000000,0.000000,0.000000,0.000000,0.000000,0.000000,0.000000,0.000000,0.000000,0.000000,0.000000,0.000000,0.000000,0.000000,0.000000,0.000000,0.000000,0.000000,0.000000,0.000000,0.000000,0.000000,0.000000,0.000000,0.000000,249.279007,471.650178,-297.670899,221.839559,477.398858,-260.083809,222.695984,513.714655,-260.083306,223.592733,513.285723,-260.091568,218.355326,477.950602,-261.950455,216.563334,477.889187,-261.992638,214.643026,477.746997,-261.975449,223.197367,507.632236,-153.042410,209.428793,472.482397,-168.352914,250.580521,497.448595,-240.574105,245.523926,462.660251,-243.078369,293.355713,466.259396,-81.257881,217.553261,411.191980,-106.628908,323.227539,475.583797,-140.592912,226.026484,342.849044,-89.398694,381.548233,485.166782,-351.500662,214.768193,294.504429,-131.094358,391.986674,500.157034,-389.432850,210.630938,260.005862,-153.086191,391.159470,500.468136,-399.708824,213.062159,261.157431,-200.834432,387.210484,496.881674,-364.638713,215.120061,259.107596,-173.110331,305.398181,324.123062,17.621041,244.959233,325.037460,-17.761435,329.270294,239.608824,-92.329280,254.373602,240.323567,-192.107262,310.224696,166.927168,138.644856,235.025999,160.766767,11.835510,281.297735,154.509522,152.894601,236.521512,155.178995,22.257753,310.195854,132.771669,48.766027,230.089236,122.454060,-89.559834,
0.000000,0.000000,0.000000,0.000000,0.000000,0.000000,0.000000,0.000000,0.000000,0.000000,0.000000,0.000000,0.000000,0.000000,0.000000,0.000000,0.000000,0.000000,0.000000,0.000000,0.000000,0.000000,0.000000,0.000000,0.000000,0.000000,0.000000,0.000000,0.000000,0.000000,0.000000,0.000000,0.000000,0.000000,0.000000,0.000000,0.000000,0.000000,0.000000,0.000000,0.000000,0.000000,0.000000,0.000000,0.000000,0.000000,0.000000,0.000000,0.000000,0.000000,0.000000,0.000000,249.279007,471.650178,-267.903809,249.569504,477.398858,-260.083809,250.532982,477.020751,-260.083306,251.541824,476.622457,-260.091568,218.355326,477.950602,-261.950455,216.563334,477.889187,-261.992638,214.643026,477.746997,-261.975449,223.197367,471.372790,-129.332158,209.428793,472.482397,-144.640443,250.580521,461.916553,-240.574105,245.523926,462.660251,-243.078369,293.355713,466.259396,-64.321439,217.553261,411.191980,-88.182217,323.227539,475.583797,-164.074543,226.026484,342.849044,-63.148237,381.548233,485.166782,-385.101355,214.768193,294.504429,-131.094358,356.351522,500.157034,-425.657458,210.630938,260.005862,-153.086191,355.599518,500.468136,-436.045990,213.062159,261.157431,-166.009246,352.009531,496.881674,-398.061850,215.120061,259.107596,-139.217912,305.398181,324.123062,17.621041,244.959233,325.037460,-17.761435,329.270294,239.608824,-92.329280,254.373602,240.323567,-136.043404,310.224696,166.927168,138.644856,235.025999,160.766767,56.041834,281.297735,154.509522,152.894601,236.521512,155.178995,89.651493,310.195854,132.771669,76.908318,230.089236,122.454060,-19.481342,
0.000000,0.000000,0.000000,0.000000,0.000000,0.000000,0.000000,0.000000,0.000000,0.000000,0.000000,0.000000,0.000000,0.000000,0.000000,0.000000,0.000000,0.000000,0.000000,0.000000,0.000000,0.000000,0.000000,0.000000,0.000000,0.000000,0.000000,0.000000,0.000000,0.000000,0.000000,0.000000,0.000000,0.000000,0.000000,0.000000,0.000000,0.000000,0.000000,0.000000,0.000000,0.000000,0.000000,0.000000,0.000000,0.000000,0.000000,0.000000,0.000000,0.000000,0.000000,0.000000,249.279007,471.650178,-267.903809,249.569504,477.398858,-231.185608,250.532982,477.020751,-231.185161,251.541824,513.285723,-231.192505,245.649742,477.950602,-232.844849,243.633751,477.889187,-232.882345,241.473404,477.746997,-232.867066,251.097038,471.372790,-129.332158,209.428793,472.482397,-144.640443,250.580521,497.448595,-213.843649,245.523926,462.660251,-216.069661,293.355713,466.259396,-64.321439,217.553261,411.191980,-88.182217,355.550293,439.000428,-164.074543,226.026484,342.849044,-63.148237,346.862030,485.166782,-385.101355,214.768193,294.504429,-131.094358,356.351522,500.157034,-425.657458,210.630938,260.005862,-153.086191,355.599518,500.468136,-436.045990,213.062159,261.157431,-200.834432,352.009531,496.881674,-364.638713,215.120061,259.107596,-139.217912,305.398181,324.123062,17.621041,244.959233,325.037460,-17.761435,329.270294,239.608824,-109.474668,254.373602,240.323567,-192.107262,310.224696,166.927168,138.644856,235.025999,160.766767,11.835510,281.297735,154.509522,152.894601,236.521512,155.178995,22.257753,310.195854,132.771669,48.766027,230.089236,132.658565,-66.200337,
0.000000,0.000000,0.000000,0.000000,0.000000,0.000000,0.000000,0.000000,0.000000,0.000000,0.000000,0.000000,0.000000,0.000000,0.000000,0.000000,0.000000,0.000000,0.000000,0.000000,0.000000,0.000000,0.000000,0.000000,0.000000,0.000000,0.000000,0.000000,0.000000,0.000000,0.000000,0.000000,0.000000,0.000000,0.000000,0.000000,0.000000,0.000000,0.000000,0.000000,0.000000,0.000000,0.000000,0.000000,0.000000,0.000000,0.000000,0.000000,0.000000,0.000000,0.000000,0.000000,249.279007,471.650178,-267.903809,249.569504,477.398858,-260.083809,250.532982,513.714655,-260.083306,251.541824,513.285723,-260.091568,245.649742,477.950602,-261.950455,243.633751,477.889187,-261.992638,241.473404,477.746997,-261.975449,251.097038,507.632236,-129.332158,235.607392,472.482397,-144.640443,250.580521,497.448595,-240.574105,245.523926,462.660251,-243.078369,293.355713,466.259396,-47.384997,217.553261,411.191980,-88.182217,355.550293,475.583797,-164.074543,226.026484,342.849044,-89.398694,346.862030,525.597347,-385.101355,214.768193,294.504429,-165.464111,356.351522,541.836786,-425.657458,210.630938,260.005862,-0.000000,355.599518,542.173814,-436.045990,213.062159,261.157431,-200.834432,352.009531,538.288481,-398.061850,215.120061,259.107596,-173.110331,305.398181,324.123062,17.621041,244.959233,325.037460,-17.761435,329.270294,239.608824,-143.765444,254.373602,240.323567,-192.107262,310.224696,166.927168,90.316911,235.025999,160.766767,33.938672,281.297735,167.385315,102.450868,236.521512,155.178995,44.722333,310.195854,132.771669,-7.518555,230.089236,132.658565,-42.840839,
0.000000,0.000000,0.000000,0.000000,0.000000,0.000000,0.000000,0.000000,0.000000,0.000000,0.000000,0.000000,0.000000,0.000000,0.000000,0.000000,0.000000,0.000000,0.000000,0.000000,0.000000,0.000000,0.000000,0.000000,0.000000,0.000000,0.000000,0.000000,0.000000,0.000000,0.000000,0.000000,0.000000,0.000000,0.000000,0.000000,0.000000,0.000000,0.000000,0.000000,0.000000,0.000000,0.000000,0.000000,0.000000,0.000000,0.000000,0.000000,0.000000,0.000000,0.000000,0.000000,249.279007,507.930961,-267.903809,249.569504,514.121847,-260.083809,250.532982,513.714655,-260.083306,251.541824,513.285723,-260.091568,245.649742,514.716033,-261.950455,243.633751,514.649893,-261.992638,241.473404,477.746997,-261.975449,251.097038,507.632236,-129.332158,235.607392,472.482397,-144.640443,250.580521,497.448595,-240.574105,245.523926,498.249501,-243.078369,293.355713,466.259396,-64.321439,217.553261,411.191980,-106.628908,355.550293,475.583797,-164.074543,226.026484,342.849044,-89.398694,346.862030,525.597347,-385.101355,214.768193,294.504429,-165.464111,320.716370,541.836786,-425.657458,210.630938,303.340172,-190.222720,320.039566,542.173814,-436.045990,213.062159,261.157431,-200.834432,316.808578,538.288481,-398.061850,215.120061,302.292196,-173.110331,305.398181,324.123062,21.232703,269.455157,325.037460,-21.387404,0.000000,239.608824,-143.765444,254.373602,240.323567,-173.419309,310.224696,166.927168,66.152939,235.025999,160.766767,33.938672,309.427508,167.385315,102.450868,236.521512,167.115841,44.722333,310.195854,0.000000,-7.518555,230.089236,132.658565,-66.200337,
0.000000,0.000000,0.000000,0.000000,0.000000,0.000000,0.000000,0.000000,0.000000,0.000000,0.000000,0.000000,0.000000,0.000000,0.000000,0.000000,0.000000,0.000000,0.000000,0.000000,0.000000,0.000000,0.000000,0.000000,0.000000,0.000000,0.000000,0.000000,0.000000,0.000000,0.000000,0.000000,0.000000,0.000000,0.000000,0.000000,0.000000,0.000000,0.000000,0.000000,0.000000,0.000000,0.000000,0.000000,0.000000,0.000000,0.000000,0.000000,0.000000,0.000000,0.000000,0.000000,249.279007,507.930961,-297.670899,249.569504,514.121847,-288.982010,250.532982,513.714655,-288.981451,251.541824,513.285723,-288.990631,245.649742,514.716033,-291.056061,243.633751,514.649893,-291.102931,241.473404,514.496766,-291.083832,251.097038,507.632236,-0.000000,235.607392,508.827196,-168.352914,278.422801,497.448595,-267.304561,272.804362,498.249501,-270.087077,293.355713,466.259396,-81.257881,241.725845,445.457978,-106.628908,355.550293,475.583797,-211.037807,226.026484,380.943382,-115.649151,346.862030,525.597347,-418.702048,214.768193,294.504429,-165.464111,320.716370,541.836786,-461.882067,210.630938,303.340172,-190.222720,320.039566,542.173814,-472.383155,213.062159,304.683669,-235.659618,316.808578,538.288481,-431.484987,215.120061,302.292196,-173.110331,305.398181,349.055606,21.232703,269.455157,325.037460,-21.387404,356.709486,258.040272,-178.056221,254.373602,240.323567,-173.419309,338.426941,0.000000,41.988966,235.025999,160.766767,-10.267652,309.427508,167.385315,52.007134,236.521512,167.115841,-0.206827,338.395478,132.771669,-63.803136,230.089236,132.658565,-112.919331,
0.000000,0.000000,0.000000,0.000000,0.000000,0.000000,0.000000,0.000000,0.000000,0.000000,0.000000,0.000000,0.000000,0.000000,0.000000,0.000000,0.000000,0.000000,0.000000,0.000000,0.000000,0.000000,0.000000,0.000000,0.000000,0.000000,0.000000,0.000000,0.000000,0.000000,0.000000,0.000000,0.000000,0.000000,0.000000,0.000000,0.000000,0.000000,0.000000,0.000000,0.000000,0.000000,0.000000,0.000000,0.000000,0.000000,0.000000,0.000000,0.000000,0.000000,0.000000,0.000000,276.976675,507.930961,-297.670899,249.569504,514.121847,-288.982010,250.532982,513.714655,-288.981451,251.541824,513.285723,-288.990631,0.000000,514.716033,-291.056061,243.633751,514.649893,-291.102931,241.473404,514.496766,-291.083832,251.097038,507.632236,-153.042410,235.607392,508.827196,-168.352914,278.422801,497.448595,-240.574105,272.804362,498.249501,-270.087077,322.691284,499.563639,-81.257881,241.725845,445.457978,-106.628908,355.550293,0.000000,-211.037807,226.026484,380.943382,-115.649151,346.862030,566.027912,-418.702048,214.768193,336.576491,-165.464111,320.716370,583.516539,-461.882067,210.630938,303.340172,-190.222720,320.039566,583.879492,-472.383155,213.062159,304.683669,-200.834432,316.808578,579.695287,-431.484987,215.120061,302.292196,-173.110331,333.161652,349.055606,21.232703,269.455157,350.040341,-21.387404,356.709486,258.040272,-143.765444,254.373602,240.323567,-117.355451,338.426941,179.767720,66.152939,235.025999,160.766767,33.938672,337.557282,167.385315,77.229001,236.521512,155.178995,44.722333,366.595101,132.771669,-35.660845,230.089236,132.658565,-66.200337,
0.000000,0.000000,0.000000,0.000000,0.000000,0.000000,0.000000,0.000000,0.000000,0.000000,0.000000,0.000000,0.000000,0.000000,0.000000,0.000000,0.000000,0.000000,0.000000,0.000000,0.000000,0.000000,0.000000,0.000000,0.000000,0.000000,0.000000,0.000000,0.000000,0.000000,0.000000,0.000000,0.000000,0.000000,0.000000,0.000000,0.000000,0.000000,0.000000,0.000000,0.000000,0.000000,0.000000,0.000000,0.000000,0.000000,0.000000,0.000000,0.000000,0.000000,0.000000,0.000000,276.976675,507.930961,-327.437989,277.299449,514.121847,-317.880211,278.369980,513.714655,-317.879596,279.490916,513.285723,-317.889694,272.944158,514.716033,-320.161667,270.704168,514.649893,-320.213224,268.303782,514.496766,-320.192215,278.996709,507.632236,-200.462912,261.785991,508.827196,-192.065385,278.422801,497.448595,-294.035017,272.804362,498.249501,-297.095784,322.691284,499.563639,-132.067208,241.725845,445.457978,-125.075599,355.550293,512.167166,-258.001070,248.629132,380.943382,-115.649151,346.862030,566.027912,-452.302742,236.245013,336.576491,-165.464111,320.716370,583.516539,-498.106675,231.694032,303.340172,-190.222720,320.039566,583.879492,-472.383155,234.368375,304.683669,-200.834432,316.808578,579.695287,-431.484987,236.632067,302.292196,-173.110331,333.161652,349.055606,10.397717,269.455157,350.040341,-10.509497,356.709486,258.040272,-143.765444,254.373602,258.809996,-0.000000,366.629186,179.767720,41.988966,235.025999,160.766767,78.144996,337.557282,167.385315,52.007134,236.521512,155.178995,89.651493,366.595101,142.984875,-63.803136,230.089236,0.000000,-42.840839,
0.000000,0.000000,0.000000,0.000000,0.000000,0.000000,0.000000,0.000000,0.000000,0.000000,0.000000,0.000000,0.000000,0.000000,0.000000,0.000000,0.000000,0.000000,0.000000,0.000000,0.000000,0.000000,0.000000,0.000000,0.000000,0.000000,0.000000,0.000000,0.000000,0.000000,0.000000,0.000000,0.000000,0.000000,0.000000,0.000000,0.000000,0.000000,0.000000,0.000000,0.000000,0.000000,0.000000,0.000000,0.000000,0.000000,0.000000,0.000000,0.000000,0.000000,0.000000,0.000000,276.976675,507.930961,-327.437989,277.299449,514.121847,-317.880211,278.369980,513.714655,-317.879596,279.490916,513.285723,-317.889694,272.944158,0.000000,-320.161667,270.704168,514.649893,-320.213224,268.303782,514.496766,-320.192215,278.996709,507.632236,-224.173163,261.785991,508.827196,-215.777856,278.422801,497.448595,-294.035017,272.804362,498.249501,-297.095784,322.691284,0.000000,-149.003651,241.725845,445.457978,-125.075599,355.550293,548.750535,-258.001070,248.629132,380.943382,-89.398694,346.862030,606.458477,-452.302742,236.245013,336.576491,-165.464111,320.716370,0.000000,-498.106675,231.694032,303.340172,-190.222720,320.039566,625.585170,-472.383155,234.368375,304.683669,-200.834432,316.808578,621.102093,-431.484987,236.632067,302.292196,-173.110331,333.161652,349.055606,3.174392,293.951080,350.040341,-3.257558,356.709486,258.040272,-92.329280,0.000000,258.809996,-42.603641,366.629186,179.767720,90.316911,235.025999,160.766767,122.351320,365.687055,167.385315,102.450868,236.521512,155.178995,134.580653,394.794724,132.771669,-35.660845,230.089236,132.658565,3.878155,
0.000000,0.000000,0.000000,0.000000,0.000000,0.000000,0.000000,0.000000,0.000000,0.000000,0.000000,0.000000,0.000000,0.000000,0.000000,0.000000,0.000000,0.000000,0.000000,0.000000,0.000000,0.000000,0.000000,0.000000,0.000000,0.000000,0.000000,0.000000,0.000000,0.000000,0.000000,0.000000,0.000000,0.000000,0.000000,0.000000,0.000000,0.000000,0.000000,0.000000,0.000000,0.000000,0.000000,0.000000,0.000000,0.000000,0.000000,0.000000,0.000000,0.000000,0.000000,0.000000,276.976675,507.930961,-416.739258,277.299449,514.121847,-404.574814,278.369980,513.714655,-404.574031,279.490916,513.285723,-404.586884,272.944158,514.716033,-407.478485,270.704168,514.649893,-407.544103,268.303782,514.496766,-407.517365,278.996709,507.632236,-271.593666,261.785991,508.827196,-310.627739,306.265081,497.448595,-374.226385,300.084798,498.249501,-378.121907,322.691284,499.563639,-216.749420,265.898430,445.457978,-198.862364,355.550293,548.750535,-304.964333,248.629132,380.943382,-168.150065,346.862030,606.458477,-485.903435,257.721832,336.576491,-234.203617,356.351522,625.196292,-534.331284,231.694032,303.340172,-264.495777,320.039566,625.585170,-545.057487,234.368375,304.683669,-270.484804,352.009531,621.102093,-498.331261,0.000000,302.292196,-240.895170,333.161652,349.055606,-0.437270,0.000000,350.040341,0.368411,356.709486,258.040272,-40.893115,277.498474,258.809996,-42.603641,394.831431,166.927168,138.644856,256.391998,160.766767,144.454483,365.687055,154.509522,152.894601,236.521512,155.178995,157.045232,394.794724,132.771669,20.623736,251.006439,132.658565,27.237652,
0.000000,0.000000,0.000000,0.000000,0.000000,0.000000,0.000000,0.000000,0.000000,0.000000,0.000000,0.000000,0.000000,0.000000,0.000000,0.000000,0.000000,0.000000,0.000000,0.000000,0.000000,0.000000,0.000000,0.000000,0.000000,0.000000,0.000000,0.000000,0.000000,0.000000,0.000000,0.000000,0.000000,0.000000,0.000000,0.000000,0.000000,0.000000,0.000000,0.000000,0.000000,0.000000,0.000000,0.000000,0.000000,0.000000,0.000000,0.000000,0.000000,0.000000,0.000000,0.000000,304.674342,507.930961,-386.972168,305.029394,514.121847,-375.676613,306.206978,513.714655,-375.675886,307.440008,513.285723,-375.687821,300.238574,514.716033,-378.372879,297.774585,514.649893,-378.433810,295.134160,514.496766,-378.408982,306.896380,507.632236,-247.883414,287.964590,508.827196,-286.915268,306.265081,497.448595,-347.495929,300.084798,498.249501,-351.113200,352.026855,499.563639,-182.876535,265.898430,445.457978,-198.862364,355.550293,548.750535,-258.001070,271.231781,380.943382,-168.150065,346.862030,606.458477,-418.702048,257.721832,294.504429,-0.000000,356.351522,625.196292,-461.882067,252.757126,303.340172,-264.495777,355.599518,625.585170,-472.383155,255.674591,304.683669,-270.484804,352.009531,621.102093,-431.484987,258.144074,302.292196,-240.895170,360.925123,349.055606,-0.437270,293.951080,350.040341,0.368411,356.709486,258.040272,-58.038503,277.498474,240.323567,-23.915688,394.831431,166.927168,138.644856,256.391998,160.766767,166.557645,393.816829,154.509522,152.894601,258.023468,155.178995,179.509812,394.794724,132.771669,20.623736,251.006439,132.658565,27.237652,
0.000000,0.000000,0.000000,0.000000,0.000000,0.000000,0.000000,0.000000,0.000000,0.000000,0.000000,0.000000,0.000000,0.000000,0.000000,0.000000,0.000000,0.000000,0.000000,0.000000,0.000000,0.000000,0.000000,0.000000,0.000000,0.000000,0.000000,0.000000,0.000000,0.000000,0.000000,0.000000,0.000000,0.000000,0.000000,0.000000,0.000000,0.000000,0.000000,0.000000,0.000000,0.000000,0.000000,0.000000,0.000000,0.000000,0.000000,0.000000,0.000000,0.000000,0.000000,0.000000,304.674342,507.930961,-357.205078,305.029394,514.121847,-346.778412,306.206978,513.714655,-346.777741,307.440008,513.285723,-346.788758,300.238574,514.716033,-349.267273,297.774585,514.649893,-349.323517,295.134160,514.496766,-349.300598,306.896380,507.632236,-224.173163,287.964590,0.000000,-263.202797,306.265081,497.448595,-320.765473,300.084798,498.249501,-324.104492,352.026855,499.563639,-149.003651,265.898430,445.457978,-161.968981,355.550293,548.750535,-234.519438,271.231781,380.943382,-0.000000,381.548233,606.458477,-351.500662,257.721832,294.504429,-199.833864,356.351522,625.196292,-425.657458,252.757126,303.340172,-227.359248,355.599518,625.585170,-436.045990,255.674591,304.683669,-270.484804,352.009531,621.102093,-398.061850,258.144074,302.292196,-240.895170,360.925123,349.055606,-4.048932,318.447003,350.040341,3.994380,384.148677,239.608824,-23.747727,300.623347,240.323567,-23.915688,394.831431,154.086617,162.808829,256.391998,160.766767,188.660807,393.816829,141.633728,178.116468,258.023468,155.178995,201.974392,394.794724,132.771669,48.766027,251.006439,132.658565,73.956646,
0.000000,0.000000,0.000000,0.000000,0.000000,0.000000,0.000000,0.000000,0.000000,0.000000,0.000000,0.000000,0.000000,0.000000,0.000000,0.000000,0.000000,0.000000,0.000000,0.000000,0.000000,0.000000,0.000000,0.000000,0.000000,0.000000,0.000000,0.000000,0.000000,0.000000,0.000000,0.000000,0.000000,0.000000,0.000000,0.000000,0.000000,0.000000,0.000000,0.000000,0.000000,0.000000,0.000000,0.000000,0.000000,0.000000,0.000000,0.000000,0.000000,0.000000,0.000000,0.000000,304.674342,507.930961,-297.670899,305.029394,514.121847,-288.982010,306.206978,513.714655,-288.981451,307.440008,513.285723,-288.990631,300.238574,514.716033,-291.056061,297.774585,514.649893,-291.102931,295.134160,514.496766,-291.083832,306.896380,507.632236,-153.042410,287.964590,508.827196,-192.065385,334.107361,497.448595,-267.304561,327.365234,498.249501,-270.087077,352.026855,499.563639,-0.000000,290.071014,445.457978,-106.628908,355.550293,548.750535,-211.037807,271.231781,380.943382,-36.897780,381.548233,606.458477,-351.500662,0.000000,294.504429,-96.724605,356.351522,625.196292,-389.432850,273.820219,303.340172,-115.949662,355.599518,625.585170,-399.708824,255.674591,304.683669,-166.009246,387.210484,621.102093,-364.638713,279.656080,302.292196,-105.325492,360.925123,349.055606,-11.272257,318.447003,325.037460,11.246318,384.148677,239.608824,-40.893115,300.623347,240.323567,-23.915688,394.831431,154.086617,162.808829,256.391998,160.766767,188.660807,393.816829,141.633728,178.116468,258.023468,155.178995,224.438972,394.794724,122.558464,48.766027,251.006439,132.658565,97.316143,
0.000000,0.000000,0.000000,0.000000,0.000000,0.000000,0.000000,0.000000,0.000000,0.000000,0.000000,0.000000,0.000000,0.000000,0.000000,0.000000,0.000000,0.000000,0.000000,0.000000,0.000000,0.000000,0.000000,0.000000,0.000000,0.000000,0.000000,0.000000,0.000000,0.000000,0.000000,0.000000,0.000000,0.000000,0.000000,0.000000,0.000000,0.000000,0.000000,0.000000,0.000000,0.000000,0.000000,0.000000,0.000000,0.000000,0.000000,0.000000,0.000000,0.000000,0.000000,0.000000,332.372010,507.930961,-297.670899,332.759338,514.121847,-288.982010,334.043976,513.714655,-260.083306,335.389099,513.285723,-260.091568,327.532990,514.716033,-291.056061,324.845002,514.649893,-291.102931,321.964538,514.496766,-291.083832,334.796051,507.632236,-153.042410,287.964590,508.827196,-192.065385,334.107361,497.448595,-240.574105,327.365234,498.249501,-270.087077,352.026855,466.259396,-132.067208,290.071014,411.191980,-125.075599,387.873047,548.750535,-140.592912,271.231781,342.849044,-63.148237,381.548233,606.458477,-250.698582,279.198651,294.504429,-131.094358,391.986674,625.196292,-316.983633,273.820219,260.005862,-153.086191,391.159470,625.585170,-327.034492,276.980807,261.157431,-166.009246,387.210484,579.695287,-297.792439,279.656080,302.292196,-139.217912,360.925123,324.123062,-4.048932,318.447003,325.037460,3.994380,384.148677,239.608824,-40.893115,300.623347,221.837139,-61.291593,394.831431,154.086617,186.972801,256.391998,0.000000,166.557645,393.816829,141.633728,203.338335,258.023468,155.178995,179.509812,394.794724,122.558464,76.908318,271.923642,122.454060,73.956646,
0.000000,0.000000,0.000000,0.000000,0.000000,0.000000,0.000000,0.000000,0.000000,0.000000,0.000000,0.000000,0.000000,0.000000,0.000000,0.000000,0.000000,0.000000,0.000000,0.000000,0.000000,0.000000,0.000000,0.000000,0.000000,0.000000,0.000000,0.000000,0.000000,0.000000,0.000000,0.000000,0.000000,0.000000,0.000000,0.000000,0.000000,0.000000,0.000000,0.000000,0.000000,0.000000,0.000000,0.000000,0.000000,0.000000,0.000000,0.000000,0.000000,0.000000,0.000000,0.000000,332.372010,507.930961,-238.136719,332.759338,514.121847,-202.287407,334.043976,513.714655,-202.287015,335.389099,513.285723,-202.293442,327.532990,514.716033,-232.844849,324.845002,514.649893,-232.882345,321.964538,477.746997,-232.867066,334.796051,507.632236,-81.911656,314.143189,472.482397,-168.352914,334.107361,497.448595,-187.113192,327.365234,498.249501,-216.069661,381.362426,466.259396,-64.321439,290.071014,411.191980,-106.628908,387.873047,512.167166,-93.629649,293.834429,342.849044,-63.148237,381.548233,566.027912,-183.497196,279.198651,294.504429,-96.724605,391.986674,583.516539,-244.534416,273.820219,260.005862,-115.949662,355.599518,625.585170,-218.022995,276.980807,261.157431,-131.184060,387.210484,579.695287,-0.000000,279.656080,259.107596,-139.217912,388.688594,324.123062,3.174392,318.447003,325.037460,-3.257558,384.148677,221.177376,-160.910833,300.623347,221.837139,-98.667499,394.831431,154.086617,41.988966,256.391998,160.766767,100.248158,393.816829,141.633728,52.007134,258.023468,155.178995,112.116073,394.794724,122.558464,-63.803136,251.006439,122.454060,-19.481342,
0.000000,0.000000,0.000000,0.000000,0.000000,0.000000,0.000000,0.000000,0.000000,0.000000,0.000000,0.000000,0.000000,0.000000,0.000000,0.000000,0.000000,0.000000,0.000000,0.000000,0.000000,0.000000,0.000000,0.000000,0.000000,0.000000,0.000000,0.000000,0.000000,0.000000,0.000000,0.000000,0.000000,0.000000,0.000000,0.000000,0.000000,0.000000,0.000000,0.000000,0.000000,0.000000,0.000000,0.000000,0.000000,0.000000,0.000000,0.000000,0.000000,0.000000,0.000000,0.000000,332.372010,507.930961,-267.903809,332.759338,514.121847,-231.185608,334.043976,513.714655,-231.185161,335.389099,513.285723,-231.192505,327.532990,477.950602,-261.950455,324.845002,477.889187,-261.992638,321.964538,477.746997,-261.975449,334.796051,507.632236,-129.332158,314.143189,472.482397,-168.352914,334.107361,497.448595,-213.843649,327.365234,462.660251,-243.078369,381.362426,466.259396,-81.257881,314.243599,411.191980,-106.628908,420.195801,512.167166,-117.111280,293.834429,342.849044,-89.398694,381.548233,566.027912,-217.097889,279.198651,294.504429,-131.094358,391.986674,583.516539,-244.534416,273.820219,260.005862,-153.086191,355.599518,583.879492,-290.697326,276.980807,261.157431,-166.009246,387.210484,579.695287,-0.000000,279.656080,259.107596,-139.217912,388.688594,324.123062,3.174392,342.942927,300.034578,-3.257558,384.148677,221.177376,-143.765444,300.623347,221.837139,-79.979546,394.831431,154.086617,66.152939,256.391998,160.766767,122.351320,393.816829,141.633728,77.229001,258.023468,143.242150,134.580653,394.794724,122.558464,-35.660845,251.006439,122.454060,3.878155,
0.000000,0.000000,0.000000,0.000000,0.000000,0.000000,0.000000,0.000000,0.000000,0.000000,0.000000,0.000000,0.000000,0.000000,0.000000,0.000000,0.000000,0.000000,0.000000,0.000000,0.000000,0.000000,0.000000,0.000000,0.000000,0.000000,0.000000,0.000000,0.000000,0.000000,0.000000,0.000000,0.000000,0.000000,0.000000,0.000000,0.000000,0.000000,0.000000,0.000000,0.000000,0.000000,0.000000,0.000000,0.000000,0.000000,0.000000,0.000000,0.000000,0.000000,0.000000,0.000000,332.372010,507.930961,-297.670899,332.759338,514.121847,-260.083809,334.043976,513.714655,-260.083306,335.389099,513.285723,-260.091568,327.532990,477.950602,-261.950455,324.845002,477.889187,-261.992638,321.964538,477.746997,-261.975449,334.796051,507.632236,-153.042410,314.143189,472.482397,-192.065385,361.949641,497.448595,-240.574105,354.645671,462.660251,-243.078369,381.362426,466.259396,-115.130766,314.243599,411.191980,-106.628908,420.195801,512.167166,-234.519438,293.834429,342.849044,-89.398694,381.548233,566.027912,-418.702048,300.675471,294.504429,-131.094358,391.986674,583.516539,-461.882067,294.883313,260.005862,-153.086191,355.599518,583.879492,-436.045990,276.980807,261.157431,-166.009246,387.210484,579.695287,-398.061850,301.168086,259.107596,-139.217912,388.688594,324.123062,-0.437270,342.942927,300.034578,0.368411,384.148677,221.177376,-160.910833,300.623347,221.837139,-61.291593,394.831431,154.086617,41.988966,256.391998,148.400093,100.248158,393.816829,141.633728,52.007134,258.023468,143.242150,112.116073,394.794724,122.558464,-63.803136,251.006439,122.454060,-19.481342,
0.000000,0.000000,0.000000,0.000000,0.000000,0.000000,0.000000,0.000000,0.000000,0.000000,0.000000,0.000000,0.000000,0.000000,0.000000,0.000000,0.000000,0.000000,0.000000,0.000000,0.000000,0.000000,0.000000,0.000000,0.000000,0.000000,0.000000,0.000000,0.000000,0.000000,0.000000,0.000000,0.000000,0.000000,0.000000,0.000000,0.000000,0.000000,0.000000,0.000000,0.000000,0.000000,0.000000,0.000000,0.000000,0.000000,0.000000,0.000000,0.000000,0.000000,0.000000,0.000000,332.372010,507.930961,-267.903809,332.759338,514.121847,-260.083809,334.043976,513.714655,-260.083306,335.389099,513.285723,-260.091568,327.532990,514.716033,-261.950455,324.845002,514.649893,-261.992638,321.964538,514.496766,-261.975449,334.796051,507.632236,-153.042410,314.143189,472.482397,-168.352914,361.949641,497.448595,-240.574105,354.645671,498.249501,-243.078369,381.362426,466.259396,-98.194324,314.243599,411.191980,-88.182217,420.195801,512.167166,-234.519438,293.834429,0.000000,-63.148237,381.548233,566.027912,-385.101355,300.675471,294.504429,-131.094358,391.986674,583.516539,-425.657458,294.883313,260.005862,-153.086191,355.599518,583.879492,-436.045990,298.287023,261.157431,-166.009246,387.210484,579.695287,-398.061850,301.168086,259.107596,-139.217912,388.688594,324.123062,-4.048932,342.942927,325.037460,3.994380,411.587868,221.177376,-109.474668,300.623347,221.837139,-79.979546,394.831431,154.086617,66.152939,277.757998,148.400093,56.041834,393.816829,141.633728,52.007134,258.023468,143.242150,67.186913,394.794724,122.558464,-35.660845,251.006439,122.454060,-66.200337,
0.000000,0.000000,0.000000,0.000000,0.000000,0.000000,0.000000,0.000000,0.000000,0.000000,0.000000,0.000000,0.000000,0.000000,0.000000,0.000000,0.000000,0.000000,0.000000,0.000000,0.000000,0.000000,0.000000,0.000000,0.000000,0.000000,0.000000,0.000000,0.000000,0.000000,0.000000,0.000000,0.000000,0.000000,0.000000,0.000000,0.000000,0.000000,0.000000,0.000000,0.000000,0.000000,0.000000,0.000000,0.000000,0.000000,0.000000,0.000000,0.000000,0.000000,0.000000,0.000000,360.069677,507.930961,-267.903809,332.759338,514.121847,-231.185608,334.043976,513.714655,-231.185161,335.389099,513.285723,-231.192505,327.532990,514.716033,-0.000000,351.915418,514.649893,-232.882345,348.794917,514.496766,-232.867066,362.695722,507.632236,-129.332158,340.321788,508.827196,-120.927972,361.949641,497.448595,-213.843649,354.645671,498.249501,-216.069661,381.362426,466.259396,-98.194324,314.243599,445.457978,-32.842143,452.518555,512.167166,-234.519438,316.437078,342.849044,-10.647323,381.548233,566.027912,-385.101355,300.675471,294.504429,-62.354852,391.986674,583.516539,-425.657458,294.883313,303.340172,-78.813134,391.159470,583.879492,-436.045990,298.287023,304.683669,-96.358874,387.210484,579.695287,-398.061850,301.168086,302.292196,-71.433073,388.688594,324.123062,-14.883919,342.942927,325.037460,14.872287,411.587868,239.608824,-109.474668,323.748220,240.323567,-117.355451,394.831431,154.086617,41.988966,277.757998,160.766767,-32.370814,393.816829,141.633728,52.007134,279.525424,143.242150,-22.671407,394.794724,122.558464,-91.945427,271.923642,132.658565,-159.638325,
0.000000,0.000000,0.000000,0.000000,0.000000,0.000000,0.000000,0.000000,0.000000,0.000000,0.000000,0.000000,0.000000,0.000000,0.000000,0.000000,0.000000,0.000000,0.000000,0.000000,0.000000,0.000000,0.000000,0.000000,0.000000,0.000000,0.000000,0.000000,0.000000,0.000000,0.000000,0.000000,0.000000,0.000000,0.000000,0.000000,0.000000,0.000000,0.000000,0.000000,0.000000,0.000000,0.000000,0.000000,0.000000,0.000000,0.000000,0.000000,0.000000,0.000000,0.000000,0.000000,0.000000,0.000000,0.000000,0.000000,0.000000,0.000000,0.000000,0.000000,0.000000,0.000000,0.000000,0.000000,0.000000,0.000000,0.000000,0.000000,0.000000,0.000000,0.000000,0.000000,0.000000,0.000000,0.000000,-10.780902,0.000000,0.000000,-2.365618,0.000000,0.000000,0.000000,0.000000,0.000000,0.000000,0.000000,0.000000,3.424330,0.000000,0.000000,4.051239,0.000000,0.000000,0.296878,0.000000,0.000000,-10.647323,0.000000,0.000000,-15.493729,0.000000,0.000000,6.384653,0.000000,0.000000,9.037844,0.000000,0.000000,-4.540076,0.000000,0.000000,0.000000,0.000000,0.000000,8.116685,0.000000,0.000000,3.015794,0.000000,0.000000,-3.648234,0.000000,0.000000,-0.437270,0.000000,0.000000,0.368411,0.000000,0.000000,-6.602338,0.000000,0.000000,-5.227735,0.000000,0.000000,-6.338979,0.000000,0.000000,-10.267652,0.000000,0.000000,1.563400,0.000000,0.000000,-0.206827,0.000000,0.000000,-7.518555,0.000000,0.000000,3.878155,
