0.000000,0.000000,0.000000,0.000000,0.000000,0.000000,0.000000,0.000000,0.000000,0.000000,0.000000,0.000000,0.000000,0.000000,0.000000,0.000000,0.000000,0.000000,0.000000,0.000000,0.000000,0.000000,0.000000,0.000000,0.000000,0.000000,0.000000,0.000000,0.000000,0.000000,0.000000,0.000000,0.000000,0.000000,0.000000,0.000000,0.000000,0.000000,0.000000,0.000000,0.000000,0.000000,0.000000,0.000000,0.000000,0.000000,0.000000,0.000000,0.000000,0.000000,0.000000,0.000000,0.000000,0.000000,0.000000,0.000000,0.000000,0.000000,0.000000,0.000000,0.000000,0.000000,0.000000,0.000000,0.000000,0.000000,0.000000,0.000000,0.000000,0.000000,0.000000,0.000000,0.000000,0.000000,0.000000,0.000000,0.000000,0.000000,0.000000,0.000000,0.000000,0.000000,0.000000,0.000000,0.000000,0.000000,0.000000,0.000000,0.000000,0.000000,0.000000,0.000000,0.000000,0.000000,0.000000,0.000000,0.000000,0.000000,0.000000,0.000000,0.000000,0.000000,0.000000,0.000000,0.000000,0.000000,0.000000,0.000000,0.000000,0.000000,0.000000,0.000000,0.000000,0.000000,0.000000,0.000000,0.000000,0.000000,0.000000,0.000000,0.000000,0.000000,0.000000,0.000000,0.000000,0.000000,0.000000,0.000000,0.000000,0.000000,0.000000,0.000000,0.000000,0.000000,0.000000,0.000000,0.000000,0.000000,0.000000,0.000000,0.000000,0.000000,0.000000,0.000000,0.000000,0.000000,0.000000,0.000000,0.000000,0.000000,0.000000,
0.000000,0.000000,0.000000,0.000000,0.000000,0.000000,0.000000,0.000000,0.000000,0.000000,0.000000,0.000000,0.000000,0.000000,0.000000,0.000000,0.000000,0.000000,0.000000,0.000000,0.000000,0.000000,0.000000,0.000000,0.000000,0.000000,0.000000,0.000000,0.000000,0.000000,0.000000,0.000000,0.000000,0.000000,0.000000,0.000000,0.000000,0.000000,0.000000,0.000000,0.000000,0.000000,0.000000,0.000000,0.000000,0.000000,0.000000,0.000000,0.000000,0.000000,0.000000,0.000000,293.363457,495.125206,-55.189171,297.465153,502.939639,-73.620515,298.417416,502.848487,-73.645735,299.389706,502.708733,-73.639154,297.656498,503.175159,-44.881253,298.753319,503.252728,-44.852443,299.918633,503.309441,-44.857430,309.615898,497.218251,-116.735744,311.329308,498.417585,9.666687,297.115231,486.215272,-67.727175,297.055168,486.554582,-31.064901,310.422726,453.832834,-194.473839,338.603516,455.179024,109.341602,303.902168,389.255068,-210.977077,342.596130,396.801839,148.789644,287.439518,332.491865,-141.091633,327.134933,347.678275,100.720682,282.821083,0.000000,-160.403423,323.860550,337.044668,103.378687,278.521385,315.036092,-152.678576,319.637508,337.819290,75.879011,281.945343,321.520729,-134.671984,0.000000,341.034980,87.501907,314.975166,338.075194,-91.521206,333.331718,340.423222,91.432934,317.879448,257.993016,-24.423606,325.433273,262.000751,167.222118,328.220711,166.901937,44.143620,335.013847,0.000000,271.075478,338.035660,149.346299,47.623754,345.272064,167.664800,279.854469,284.412422,148.387141,-10.529894,305.482521,170.684924,251.142941,
0.000000,0.000000,0.000000,0.000000,0.000000,0.000000,0.000000,0.000000,0.000000,0.000000,0.000000,0.000000,0.000000,0.000000,0.000000,0.000000,0.000000,0.000000,0.000000,0.000000,0.000000,0.000000,0.000000,0.000000,0.000000,0.000000,0.000000,0.000000,0.000000,0.000000,0.000000,0.000000,0.000000,0.000000,0.000000,0.000000,0.000000,0.000000,0.000000,0.000000,0.000000,0.000000,0.000000,0.000000,0.000000,0.000000,0.000000,0.000000,0.000000,0.000000,0.000000,0.000000,0.000000,492.971542,-53.776660,297.507381,501.260641,-72.314329,298.449860,501.360333,-72.346010,299.424076,501.488800,-72.343645,297.689304,501.549032,-43.917294,298.776550,501.816051,-43.891163,299.940643,502.113540,-43.902168,309.613304,497.209926,-116.854401,311.329918,498.326411,0.000000,297.656803,485.116875,-67.213097,297.689323,485.474317,-30.876889,311.023617,453.968167,-194.486732,341.504593,455.033498,103.720207,303.905830,389.789622,-212.153473,347.553749,397.557428,142.719908,285.158882,334.238348,-145.385637,328.525772,351.716695,101.846275,278.754158,316.379128,-164.618092,325.179024,341.030431,104.864273,275.215549,316.940932,-159.450788,321.647530,339.883046,79.478655,277.645779,323.111386,-139.889116,321.491776,0.000000,89.396915,314.874306,338.958607,-91.430550,333.334045,340.667067,91.338758,317.218056,258.047261,-26.849275,325.348015,262.027617,148.394413,327.638855,165.220513,43.539510,335.107193,184.131331,232.915573,337.625694,148.258653,46.990933,344.636421,167.752562,239.189529,288.440399,150.997210,-8.574632,305.551243,171.054082,209.455509,
0.000000,0.000000,0.000000,0.000000,0.000000,0.000000,0.000000,0.000000,0.000000,0.000000,0.000000,0.000000,0.000000,0.000000,0.000000,0.000000,0.000000,0.000000,0.000000,0.000000,0.000000,0.000000,0.000000,0.000000,0.000000,0.000000,0.000000,0.000000,0.000000,0.000000,0.000000,0.000000,0.000000,0.000000,0.000000,0.000000,0.000000,0.000000,0.000000,0.000000,0.000000,0.000000,0.000000,0.000000,0.000000,0.000000,0.000000,0.000000,0.000000,0.000000,0.000000,0.000000,293.545380,491.984704,-39.037697,0.000000,500.145271,-0.000000,298.414650,500.252259,-58.112359,299.402313,500.390038,-58.118024,297.644444,500.431774,-29.818187,298.737984,500.709243,-29.787431,299.919472,501.039047,-29.794118,309.613152,496.795235,-107.818823,311.207848,497.928843,16.210009,0.000000,484.368796,-53.993430,297.883663,484.676156,-18.098921,311.401100,454.113071,-187.216377,341.452942,455.035472,108.597603,303.851929,392.013667,-208.024330,349.585533,401.849542,169.888992,279.761467,341.166258,-144.588776,332.938690,363.407328,167.148132,271.205044,323.616071,-162.654591,330.391769,357.443361,174.908085,266.578007,325.088067,-158.683491,325.860214,359.170189,152.627516,270.013790,330.593677,-139.268169,325.776520,361.864007,156.762648,313.778687,339.996901,-91.591396,333.048134,341.287193,91.482191,317.230225,258.186007,-26.767924,325.466614,262.015300,147.595720,327.633095,164.762135,44.268064,334.848938,183.980656,235.550194,337.640305,148.339849,48.163223,344.690361,169.531574,242.301521,292.407589,152.052498,-3.640077,305.692692,172.124090,212.068558,
0.000000,0.000000,0.000000,0.000000,0.000000,0.000000,0.000000,0.000000,0.000000,0.000000,0.000000,0.000000,0.000000,0.000000,0.000000,0.000000,0.000000,0.000000,0.000000,0.000000,0.000000,0.000000,0.000000,0.000000,0.000000,0.000000,0.000000,0.000000,0.000000,0.000000,0.000000,0.000000,0.000000,0.000000,0.000000,0.000000,0.000000,0.000000,0.000000,0.000000,0.000000,0.000000,0.000000,0.000000,0.000000,0.000000,0.000000,0.000000,0.000000,0.000000,0.000000,0.000000,293.534184,491.212442,-24.025702,297.402382,499.447253,-43.504281,298.353729,499.542289,-43.546739,299.348507,499.682536,-43.553438,297.595425,499.813278,-15.704000,298.692532,500.130057,-15.679166,299.887886,500.502005,-15.681584,309.585571,496.447535,-96.508369,311.129761,497.607172,25.421319,297.867317,483.685048,-39.933243,297.958069,484.023542,-4.714708,311.524696,453.952568,-0.000000,342.129097,454.942474,115.055447,302.221985,392.448120,-187.106113,350.710220,402.683644,183.964386,271.167641,346.912065,-101.715746,333.336487,372.182164,196.645870,260.346069,332.238965,-114.885035,330.413017,365.681949,206.386700,256.255283,335.599322,-111.009245,326.029854,0.000000,186.336269,260.132599,340.188560,-95.940542,326.070671,370.563354,187.446022,312.971077,340.149722,-91.840839,332.408066,341.284618,91.715221,317.192268,258.114209,-27.274454,325.429230,261.295009,149.253645,327.510757,164.805737,40.980558,334.539795,183.757582,238.463345,337.649460,148.329463,45.046830,344.175682,169.557495,245.566998,292.697334,151.619396,-4.290264,305.407982,172.371712,218.519020,
0.000000,0.000000,0.000000,0.000000,0.000000,0.000000,0.000000,0.000000,0.000000,0.000000,0.000000,0.000000,0.000000,0.000000,0.000000,0.000000,0.000000,0.000000,0.000000,0.000000,0.000000,0.000000,0.000000,0.000000,0.000000,0.000000,0.000000,0.000000,0.000000,0.000000,0.000000,0.000000,0.000000,0.000000,0.000000,0.000000,0.000000,0.000000,0.000000,0.000000,0.000000,0.000000,0.000000,0.000000,0.000000,0.000000,0.000000,0.000000,0.000000,0.000000,0.000000,0.000000,293.415413,0.000000,-26.175342,297.116699,498.611305,-45.744100,298.104649,498.772988,-45.790200,299.162350,498.981299,-45.799785,297.252502,0.000000,-17.873948,298.317299,499.256215,-17.855088,299.512444,499.666743,-17.865902,309.588051,496.163371,-98.028917,310.872993,497.292538,24.298506,297.871609,482.875857,-41.747074,297.956448,483.169184,-6.403991,312.182045,453.959842,-176.739788,342.102623,454.891019,114.851379,301.892662,393.571858,-188.838291,350.203362,404.259281,188.694973,264.366722,357.662745,-110.365505,331.884575,380.588894,207.883415,251.496124,343.118992,-124.976044,0.000000,374.338510,217.505379,248.966522,347.612872,-120.409641,319.114494,380.390475,198.211002,252.701530,352.634783,-104.574728,324.043198,380.194523,199.018211,313.001404,340.134530,-91.886005,331.772385,0.000000,91.757202,317.303867,257.734880,-27.236209,325.987511,260.968637,161.701241,327.487488,164.829769,40.474215,334.773178,183.836589,265.703011,337.609863,148.553524,44.754734,344.252663,171.525679,274.713326,292.636929,151.541247,-4.149614,306.050625,173.460131,251.927299,
0.000000,0.000000,0.000000,0.000000,0.000000,0.000000,0.000000,0.000000,0.000000,0.000000,0.000000,0.000000,0.000000,0.000000,0.000000,0.000000,0.000000,0.000000,0.000000,0.000000,0.000000,0.000000,0.000000,0.000000,0.000000,0.000000,0.000000,0.000000,0.000000,0.000000,0.000000,0.000000,0.000000,0.000000,0.000000,0.000000,0.000000,0.000000,0.000000,0.000000,0.000000,0.000000,0.000000,0.000000,0.000000,0.000000,0.000000,0.000000,0.000000,0.000000,0.000000,0.000000,293.473606,490.261331,-20.000610,297.140903,498.563561,-40.641818,298.133030,498.709946,-40.696144,299.198303,498.898280,-40.710707,297.290840,498.883216,-13.752713,298.371487,499.225423,-13.749486,299.579926,499.630673,-13.770139,309.701271,496.079342,-94.369650,310.963802,497.214603,23.955359,298.101254,482.812557,-35.680904,298.218880,483.135538,-1.707447,312.471218,454.123178,-168.986931,343.471184,454.623485,114.361315,301.361580,396.499307,-0.000000,0.000000,405.538030,0.000000,256.029415,371.633363,-113.314428,333.028336,396.437187,276.956367,243.403797,0.000000,-127.905302,324.361610,389.553609,292.024193,241.758480,366.485195,-123.986549,319.186249,395.342674,275.153999,246.228085,370.699589,-107.918005,324.856529,395.169554,0.000000,312.980862,339.582982,-90.886106,331.700134,341.165657,90.777855,317.437706,257.234573,-27.822952,326.257973,260.636215,166.334782,0.000000,164.148703,23.560596,334.896278,183.991556,269.941044,337.668533,147.214308,26.896136,344.473343,172.779922,279.146175,292.427063,152.058120,-20.211110,306.183624,174.900584,258.572750,
0.000000,0.000000,0.000000,0.000000,0.000000,0.000000,0.000000,0.000000,0.000000,0.000000,0.000000,0.000000,0.000000,0.000000,0.000000,0.000000,0.000000,0.000000,0.000000,0.000000,0.000000,0.000000,0.000000,0.000000,0.000000,0.000000,0.000000,0.000000,0.000000,0.000000,0.000000,0.000000,0.000000,0.000000,0.000000,0.000000,0.000000,0.000000,0.000000,0.000000,0.000000,0.000000,0.000000,0.000000,0.000000,0.000000,0.000000,0.000000,0.000000,0.000000,0.000000,0.000000,293.649635,490.246353,-16.376734,0.000000,498.469598,-37.587764,298.218594,498.603859,-0.000000,299.276886,498.779554,-37.650762,297.396183,498.816397,-11.236497,298.472538,499.165320,-11.232755,299.705658,499.575720,-11.253955,309.816227,0.000000,-92.547178,0.000000,497.158513,23.809252,298.322544,482.739751,-32.664084,298.418770,483.105605,0.845431,312.715359,454.125495,-166.911449,0.000000,454.757638,111.559582,299.295235,401.370585,-215.584831,351.781578,414.083183,254.402695,250.128517,384.713509,-194.923134,334.277916,406.345525,398.346100,237.159271,376.503847,-210.346680,330.000725,403.553324,428.960495,235.268230,383.901529,-204.713593,324.886398,407.302880,415.718651,240.390682,0.000000,-190.019245,326.270142,407.449887,396.241150,0.000000,338.847327,-90.223761,331.005745,341.124158,90.082150,317.791595,256.924467,-41.389976,326.497726,260.353789,150.584002,327.481384,163.376398,-2.109790,335.201530,184.626575,232.154484,337.698555,146.944757,0.990304,344.479218,172.892232,239.077473,0.000000,151.991773,-43.072691,306.451378,175.976000,219.125938,
0.000000,0.000000,0.000000,0.000000,0.000000,0.000000,0.000000,0.000000,0.000000,0.000000,0.000000,0.000000,0.000000,0.000000,0.000000,0.000000,0.000000,0.000000,0.000000,0.000000,0.000000,0.000000,0.000000,0.000000,0.000000,0.000000,0.000000,0.000000,0.000000,0.000000,0.000000,0.000000,0.000000,0.000000,0.000000,0.000000,0.000000,0.000000,0.000000,0.000000,0.000000,0.000000,0.000000,0.000000,0.000000,0.000000,0.000000,0.000000,0.000000,0.000000,0.000000,0.000000,293.820076,490.268927,0.167637,297.447147,498.516569,-22.297688,298.386841,498.652139,-22.345092,299.417686,498.826933,-22.342784,297.716713,498.846545,3.853210,0.000000,499.187508,3.849500,300.109558,499.588659,3.818347,0.000000,495.952806,-80.821867,311.353664,497.161152,34.523914,298.363247,482.779126,-17.253282,298.502407,483.147619,16.111635,313.022919,454.370327,-157.395954,343.269768,456.731572,114.477062,295.288658,405.480652,-232.549171,351.440468,423.779261,276.332207,245.559692,401.312950,-244.186687,340.764236,434.596159,436.793518,230.392799,397.301545,-260.763493,346.418839,433.598142,469.997864,230.617485,405.538416,-256.125889,342.880516,438.084984,462.313652,235.593071,407.179434,-240.077534,340.083008,436.527672,438.007431,312.773438,339.093447,-90.209341,330.358124,341.311140,90.051012,317.784157,256.840825,-56.074057,326.479836,260.262337,148.579588,327.467270,163.207269,-35.885177,335.499382,185.088129,225.807381,337.709045,146.875191,-34.664016,344.554214,173.178477,232.285175,292.243290,150.193706,-81.678524,306.680355,176.191092,212.036343,
0.000000,0.000000,0.000000,0.000000,0.000000,0.000000,0.000000,0.000000,0.000000,0.000000,0.000000,0.000000,0.000000,0.000000,0.000000,0.000000,0.000000,0.000000,0.000000,0.000000,0.000000,0.000000,0.000000,0.000000,0.000000,0.000000,0.000000,0.000000,0.000000,0.000000,0.000000,0.000000,0.000000,0.000000,0.000000,0.000000,0.000000,0.000000,0.000000,0.000000,0.000000,0.000000,0.000000,0.000000,0.000000,0.000000,0.000000,0.000000,0.000000,0.000000,0.000000,0.000000,293.906250,490.326734,0.000000,297.629337,498.530903,-18.578184,298.543644,498.665378,-18.616343,299.552364,498.837361,-18.619837,297.954502,498.895297,9.118182,299.098625,499.258747,9.110417,300.391083,499.687600,9.088593,309.880276,495.953171,-78.393073,311.632748,0.000000,44.970493,298.372898,482.965422,-12.620578,298.514519,483.323250,23.157074,313.521976,455.178101,-150.589600,344.032593,457.061741,121.534214,295.438137,411.422646,-257.847710,351.398582,428.073542,285.258331,243.894806,417.618592,-319.143677,345.857582,438.925781,442.944298,228.244534,418.199129,-342.827492,348.816910,442.569208,476.205368,229.475670,425.998564,-334.663086,346.529655,447.127633,467.902260,235.303974,425.113993,-315.315247,342.166214,445.498931,444.096680,312.498207,339.241633,-90.143032,329.321213,341.346416,89.978008,317.786961,256.948628,-57.369986,326.278419,260.234656,143.011341,327.860489,163.236837,-37.240829,335.401459,185.356135,208.552589,338.077698,146.890554,-36.374862,344.420662,173.247056,213.942394,292.562981,150.405021,-84.274673,306.259499,176.203494,192.640114,
0.000000,0.000000,0.000000,0.000000,0.000000,0.000000,0.000000,0.000000,0.000000,0.000000,0.000000,0.000000,0.000000,0.000000,0.000000,0.000000,0.000000,0.000000,0.000000,0.000000,0.000000,0.000000,0.000000,0.000000,0.000000,0.000000,0.000000,0.000000,0.000000,0.000000,0.000000,0.000000,0.000000,0.000000,0.000000,0.000000,0.000000,0.000000,0.000000,0.000000,0.000000,0.000000,0.000000,0.000000,0.000000,0.000000,0.000000,0.000000,0.000000,0.000000,0.000000,0.000000,294.192848,0.000000,-2.456283,298.046761,0.000000,-25.557895,298.902245,498.718035,-25.586324,299.851227,498.879333,-25.589333,298.398552,498.927162,2.444223,299.522400,499.275463,2.431889,300.806370,499.713585,2.413493,310.031395,495.902038,-83.711271,311.863041,497.162569,40.691853,298.368587,483.111227,-19.621449,298.507175,483.510704,16.548481,314.015465,455.480225,-153.036547,344.409904,457.968693,120.164261,295.196838,415.471859,-266.306210,352.140846,433.993006,271.707573,243.167057,435.131464,-0.000000,344.375267,448.520730,417.085876,228.188438,440.956020,-344.393425,344.431801,450.168786,448.021355,230.485821,447.932425,-333.728027,341.565094,454.518342,437.995453,235.985241,445.746832,-315.561428,338.874626,451.721978,416.956825,312.370796,340.015483,-89.746914,329.179153,341.932597,89.615717,317.913914,256.927428,-54.442701,326.254578,260.081105,141.561708,0.000000,164.013433,-29.339118,335.049210,185.358109,207.066326,338.105507,147.607241,-27.981584,344.123230,173.149467,212.478275,292.452030,151.185737,-75.520096,305.953274,176.144485,188.531628,
0.000000,0.000000,0.000000,0.000000,0.000000,0.000000,0.000000,0.000000,0.000000,0.000000,0.000000,0.000000,0.000000,0.000000,0.000000,0.000000,0.000000,0.000000,0.000000,0.000000,0.000000,0.000000,0.000000,0.000000,0.000000,0.000000,0.000000,0.000000,0.000000,0.000000,0.000000,0.000000,0.000000,0.000000,0.000000,0.000000,0.000000,0.000000,0.000000,0.000000,0.000000,0.000000,0.000000,0.000000,0.000000,0.000000,0.000000,0.000000,0.000000,0.000000,0.000000,0.000000,0.000000,490.453269,-8.053747,298.123970,498.537254,-30.223117,298.982792,498.663962,-30.256763,299.945927,498.821182,-30.259147,298.534088,498.899052,-2.366445,299.702244,499.255228,-2.369989,301.037903,499.697106,-2.386411,310.143013,495.669651,-85.709972,312.174416,496.910849,37.535679,298.390865,483.140559,-24.577277,298.529510,483.535316,11.431824,314.787178,455.711174,-154.888248,345.097961,458.871374,117.697134,294.237633,420.877004,-287.744179,352.349854,438.760686,271.968193,243.858910,451.868899,-369.974747,343.072472,457.821751,416.665573,230.713005,460.870585,-400.094223,0.000000,466.263499,447.453384,233.652458,466.809189,-385.700569,339.120903,466.205456,436.133385,238.599701,463.457072,-365.303001,337.175598,464.381146,415.802231,312.123451,340.123029,-88.459911,328.366127,341.983881,88.360176,318.139496,256.930046,-50.642753,325.613823,259.830866,143.838520,327.898521,164.137502,-15.884262,334.232254,184.956851,218.051701,338.106613,147.762766,-13.783867,0.000000,172.396302,224.192238,292.351494,150.061097,-63.770552,303.871498,174.784970,195.197144,
0.000000,0.000000,0.000000,0.000000,0.000000,0.000000,0.000000,0.000000,0.000000,0.000000,0.000000,0.000000,0.000000,0.000000,0.000000,0.000000,0.000000,0.000000,0.000000,0.000000,0.000000,0.000000,0.000000,0.000000,0.000000,0.000000,0.000000,0.000000,0.000000,0.000000,0.000000,0.000000,0.000000,0.000000,0.000000,0.000000,0.000000,0.000000,0.000000,0.000000,0.000000,0.000000,0.000000,0.000000,0.000000,0.000000,0.000000,0.000000,0.000000,0.000000,0.000000,0.000000,294.260311,490.675635,-15.314178,298.114052,498.553305,-38.084671,298.938560,498.675485,-38.096111,299.842796,498.837769,-38.104491,298.566036,498.935552,-10.110962,299.747620,499.294517,-10.113184,301.101265,499.740837,-10.109601,310.022583,495.627401,-96.198139,312.272091,496.910226,29.191246,298.035374,483.535316,-32.778239,0.000000,483.836024,3.822885,314.841118,456.443782,-157.962904,345.807724,461.359777,100.327816,293.015709,428.415534,-290.555820,352.630959,449.294772,258.556576,246.625252,466.257641,-359.518814,0.000000,471.695337,397.939453,0.000000,476.512907,-388.036919,339.791603,475.043421,427.303352,235.828342,482.664607,-0.000000,336.677551,478.423777,414.985733,240.900440,478.739033,-355.388336,332.930565,475.349472,396.488037,312.052422,340.905247,-86.902723,328.355751,343.196583,86.791935,317.979012,257.427735,-48.574061,325.650978,260.849247,158.002243,327.947617,165.856948,-16.135944,334.238701,185.598135,243.794441,338.214951,150.648565,-13.781416,343.612976,172.872748,251.407585,292.181206,150.666203,-61.456923,303.898506,174.767590,225.708866,
0.000000,0.000000,0.000000,0.000000,0.000000,0.000000,0.000000,0.000000,0.000000,0.000000,0.000000,0.000000,0.000000,0.000000,0.000000,0.000000,0.000000,0.000000,0.000000,0.000000,0.000000,0.000000,0.000000,0.000000,0.000000,0.000000,0.000000,0.000000,0.000000,0.000000,0.000000,0.000000,0.000000,0.000000,0.000000,0.000000,0.000000,0.000000,0.000000,0.000000,0.000000,0.000000,0.000000,0.000000,0.000000,0.000000,0.000000,0.000000,0.000000,0.000000,0.000000,0.000000,294.624138,490.632012,-13.123403,298.207607,498.292487,-35.303130,299.002438,498.385763,-35.317531,299.883976,498.500218,-35.323606,298.646393,498.748527,-7.472904,299.798832,499.133670,-7.468109,301.137543,499.597199,-7.466566,309.985924,495.259681,-90.594931,312.267799,496.759272,34.425464,298.127403,483.537419,-29.380317,298.461952,483.849177,7.010907,314.567566,456.445928,-151.379318,345.684242,462.219307,102.321653,290.249214,436.879299,-314.578152,353.127365,0.000000,261.817875,248.234825,478.103585,-433.047943,335.875168,470.233705,391.624947,235.002785,490.993853,-467.467232,339.830704,472.120500,420.054779,240.798073,495.259659,-451.906853,336.763229,475.750065,407.166862,243.942890,0.000000,-0.000000,333.051682,473.191838,389.742470,312.007694,340.799761,-86.419630,327.812462,343.140321,0.000000,317.979832,256.818638,-53.294082,325.552483,260.053039,152.054386,327.978363,164.982677,-35.835769,334.243202,185.557795,223.113823,0.000000,149.699106,-0.000000,343.702583,173.127022,229.038200,292.013512,148.067765,-85.515718,303.995323,174.495721,200.201054,
0.000000,0.000000,0.000000,0.000000,0.000000,0.000000,0.000000,0.000000,0.000000,0.000000,0.000000,0.000000,0.000000,0.000000,0.000000,0.000000,0.000000,0.000000,0.000000,0.000000,0.000000,0.000000,0.000000,0.000000,0.000000,0.000000,0.000000,0.000000,0.000000,0.000000,0.000000,0.000000,0.000000,0.000000,0.000000,0.000000,0.000000,0.000000,0.000000,0.000000,0.000000,0.000000,0.000000,0.000000,0.000000,0.000000,0.000000,0.000000,0.000000,0.000000,0.000000,0.000000,294.622707,490.661345,-9.667422,298.160038,498.321240,-31.642640,298.931637,498.409109,-31.655381,299.763336,498.518071,-31.659226,298.630219,498.776765,-3.425606,299.789925,499.155514,-3.420418,301.122379,499.612327,-3.427411,309.524269,495.261226,-86.554146,312.215481,496.775000,40.445795,298.106842,483.817956,-25.501618,298.458309,483.998330,11.380069,314.550018,456.932952,-147.606707,345.219803,462.748196,107.943726,0.000000,443.471975,-0.000000,350.808372,0.000000,271.076145,0.000000,486.374509,-424.957237,337.087708,480.935268,0.000000,243.778267,0.000000,-460.659103,339.417763,488.664558,417.974014,249.408932,504.422643,-449.041481,339.132690,487.469130,404.642334,251.455688,499.000762,-422.904472,334.723549,485.126724,0.000000,312.209969,341.015539,-85.953779,327.006721,343.232160,85.836878,317.988319,0.000000,-59.475574,324.680443,260.406232,139.272022,328.006210,165.033617,-44.710960,334.024429,185.457330,198.815842,338.565102,0.000000,-44.676504,343.631897,172.324419,203.193588,291.639900,148.141408,-102.720203,303.303223,174.072189,171.064186,
0.000000,0.000000,0.000000,0.000000,0.000000,0.000000,0.000000,0.000000,0.000000,0.000000,0.000000,0.000000,0.000000,0.000000,0.000000,0.000000,0.000000,0.000000,0.000000,0.000000,0.000000,0.000000,0.000000,0.000000,0.000000,0.000000,0.000000,0.000000,0.000000,0.000000,0.000000,0.000000,0.000000,0.000000,0.000000,0.000000,0.000000,0.000000,0.000000,0.000000,0.000000,0.000000,0.000000,0.000000,0.000000,0.000000,0.000000,0.000000,0.000000,0.000000,0.000000,0.000000,294.917259,490.573583,-11.714213,298.293114,498.168762,-33.217788,299.015713,498.284740,-33.216052,299.794254,498.411620,-33.211818,298.826046,498.663790,-4.697875,300.000706,499.079061,-4.695941,301.285744,499.555807,-4.695044,0.000000,495.235176,-87.244053,312.188931,496.743693,38.844349,298.152962,0.000000,-27.244725,298.582516,483.999553,10.367874,314.110813,456.910594,-0.000000,344.465942,462.557931,107.014627,284.480286,446.931875,-316.030331,339.872513,463.234856,267.943535,256.631870,494.179287,-0.000000,329.047165,487.869251,387.300415,252.719421,508.292921,-469.706497,331.843681,495.273736,412.285690,257.790279,510.846105,-460.238342,330.124168,498.565621,398.310204,258.873539,505.189519,-431.869431,325.952072,495.809920,384.230728,312.438622,340.998888,-85.995760,326.534195,343.114572,85.876474,317.530880,257.213244,-56.525331,0.000000,260.406232,139.281979,328.066940,165.500193,-31.944735,334.084854,185.525651,202.884350,338.694687,149.538045,-30.827563,343.654556,172.383900,207.787132,291.622066,148.157887,-84.624529,303.386021,173.823366,176.817322,
0.000000,0.000000,0.000000,0.000000,0.000000,0.000000,0.000000,0.000000,0.000000,0.000000,0.000000,0.000000,0.000000,0.000000,0.000000,0.000000,0.000000,0.000000,0.000000,0.000000,0.000000,0.000000,0.000000,0.000000,0.000000,0.000000,0.000000,0.000000,0.000000,0.000000,0.000000,0.000000,0.000000,0.000000,0.000000,0.000000,0.000000,0.000000,0.000000,0.000000,0.000000,0.000000,0.000000,0.000000,0.000000,0.000000,0.000000,0.000000,0.000000,0.000000,0.000000,0.000000,295.061741,491.104424,-29.059136,298.686924,498.464985,-50.211420,0.000000,498.552833,-50.212960,300.035439,498.652074,-50.204201,299.173622,499.028893,-0.000000,300.272675,499.451652,-21.370809,301.444855,499.923871,-21.370854,309.396324,495.379415,-101.821928,312.182007,497.059550,27.809844,298.182163,484.634314,-43.534746,298.619785,484.938927,-5.613911,313.897133,456.905830,-158.148289,344.358063,462.689273,100.030270,0.000000,451.637306,-326.050682,340.032310,474.863627,273.328667,264.418983,500.267344,-444.809570,329.817276,0.000000,412.702332,261.987209,514.226396,-481.906357,332.118759,516.692955,437.598152,268.086739,516.675682,-477.337189,330.213737,516.195223,426.493607,269.081535,511.859143,-446.145325,326.474762,512.527013,410.931625,312.819061,340.996056,-86.112137,326.610718,343.111224,85.978355,317.346077,257.264142,-44.305706,322.989197,260.758953,140.787325,328.068428,166.033502,-4.702554,334.090614,185.739627,209.878883,338.572235,149.743609,-2.315208,343.657875,172.741985,0.000000,291.608620,148.435550,-61.365991,303.429413,173.839288,185.588703,
0.000000,0.000000,0.000000,0.000000,0.000000,0.000000,0.000000,0.000000,0.000000,0.000000,0.000000,0.000000,0.000000,0.000000,0.000000,0.000000,0.000000,0.000000,0.000000,0.000000,0.000000,0.000000,0.000000,0.000000,0.000000,0.000000,0.000000,0.000000,0.000000,0.000000,0.000000,0.000000,0.000000,0.000000,0.000000,0.000000,0.000000,0.000000,0.000000,0.000000,0.000000,0.000000,0.000000,0.000000,0.000000,0.000000,0.000000,0.000000,0.000000,0.000000,0.000000,0.000000,295.351200,491.110175,-26.902082,298.976021,498.460779,-48.152223,299.591713,498.541009,-48.164268,300.199585,498.630874,-48.161097,299.469719,0.000000,-19.506960,300.535984,499.460471,-19.501629,301.634312,499.930329,-19.504824,309.366341,495.374200,-100.462437,312.180061,497.070215,28.081393,298.302650,484.640665,-41.782389,298.744202,484.973216,-4.323796,313.239784,456.888642,-157.609892,344.328766,462.564390,100.181141,279.353123,453.582830,-318.644257,341.241035,473.219841,270.673275,271.396751,500.799172,-432.866898,331.765251,504.569693,403.417625,270.541325,514.061022,-467.854271,332.321091,517.226608,427.426834,275.423431,515.933075,-463.832397,330.251579,516.300452,416.050949,277.291756,510.188920,-434.224129,324.735756,508.998599,401.276016,312.849731,340.983696,-86.155834,326.635513,343.104787,86.010218,316.438026,257.301092,-49.291983,321.976433,260.835557,141.784458,328.058319,165.577097,-25.788722,334.095535,186.337094,207.692776,338.579216,149.002762,-24.938550,343.679886,173.624926,212.428112,291.570473,147.384768,-80.705395,0.000000,174.217286,184.634991,
0.000000,0.000000,0.000000,0.000000,0.000000,0.000000,0.000000,0.000000,0.000000,0.000000,0.000000,0.000000,0.000000,0.000000,0.000000,0.000000,0.000000,0.000000,0.000000,0.000000,0.000000,0.000000,0.000000,0.000000,0.000000,0.000000,0.000000,0.000000,0.000000,0.000000,0.000000,0.000000,0.000000,0.000000,0.000000,0.000000,0.000000,0.000000,0.000000,0.000000,0.000000,0.000000,0.000000,0.000000,0.000000,0.000000,0.000000,0.000000,0.000000,0.000000,0.000000,0.000000,295.865669,491.292672,-25.671210,299.157066,498.482001,-46.983042,299.706459,498.547704,-46.992908,300.243225,498.631754,-46.987171,299.750423,499.159741,-18.758647,300.807095,499.600546,-18.759664,301.843967,500.074525,-18.765500,309.355869,495.367870,-0.000000,312.165489,497.291143,26.003079,298.719826,484.688838,-40.911717,299.323692,485.144920,-4.055541,312.628574,457.029855,-157.749586,344.755707,462.743282,97.607374,276.904659,456.436744,-309.026184,341.983032,475.317221,272.320747,277.303219,502.445276,-405.328712,336.246643,508.195975,417.187996,276.936684,515.009923,-437.111206,335.216293,519.882960,442.149582,281.018562,516.017189,-435.084724,330.715256,519.172904,431.968422,282.523994,511.048858,-406.865044,327.356644,515.264711,0.000000,312.854729,340.984211,-86.333370,327.150497,0.000000,86.166134,315.220394,257.378039,-47.547002,321.293602,261.152186,138.989029,328.048210,165.896688,-18.167524,334.201546,186.449833,199.829597,338.566208,149.040399,-16.451719,344.048386,174.036012,204.017315,291.540127,147.978630,-70.337219,303.558388,174.219904,176.790600,
0.000000,0.000000,0.000000,0.000000,0.000000,0.000000,0.000000,0.000000,0.000000,0.000000,0.000000,0.000000,0.000000,0.000000,0.000000,0.000000,0.000000,0.000000,0.000000,0.000000,0.000000,0.000000,0.000000,0.000000,0.000000,0.000000,0.000000,0.000000,0.000000,0.000000,0.000000,0.000000,0.000000,0.000000,0.000000,0.000000,0.000000,0.000000,0.000000,0.000000,0.000000,0.000000,0.000000,0.000000,0.000000,0.000000,0.000000,0.000000,0.000000,0.000000,0.000000,0.000000,297.520485,491.765599,-21.301246,300.544224,498.640466,-42.744603,300.967102,498.651559,-42.734323,301.290741,498.702693,-42.713537,301.448364,499.498858,-16.176516,302.731819,499.989510,-16.194359,303.839760,500.519600,-16.207848,310.070133,495.413425,-99.536247,313.745022,497.677274,24.487956,299.994621,484.942467,-38.272564,301.108303,485.565555,-3.273036,312.357540,457.184350,-156.446743,345.863419,462.952495,92.362871,274.912109,457.076504,-297.876282,341.192551,473.864751,269.772644,281.443996,500.875883,-378.041611,326.532021,504.228709,424.387054,0.000000,512.580099,-402.715225,325.275345,515.768666,451.031265,286.326942,513.291206,-413.419075,324.365082,514.958231,441.405792,287.511330,508.041115,-385.149384,322.599411,511.277747,423.477745,312.879372,340.982623,-85.283737,328.582039,343.162036,85.110111,312.640438,257.480135,-49.187570,321.004410,261.522460,135.914230,327.781181,0.000000,-0.000000,334.204483,186.230578,192.641716,338.350601,148.983450,-29.633694,344.243088,174.041204,196.607571,291.354027,148.211961,-0.000000,304.220085,174.217243,173.448429,
0.000000,0.000000,0.000000,0.000000,0.000000,0.000000,0.000000,0.000000,0.000000,0.000000,0.000000,0.000000,0.000000,0.000000,0.000000,0.000000,0.000000,0.000000,0.000000,0.000000,0.000000,0.000000,0.000000,0.000000,0.000000,0.000000,0.000000,0.000000,0.000000,0.000000,0.000000,0.000000,0.000000,0.000000,0.000000,0.000000,0.000000,0.000000,0.000000,0.000000,0.000000,0.000000,0.000000,0.000000,0.000000,0.000000,0.000000,0.000000,0.000000,0.000000,0.000000,0.000000,298.536949,492.118578,-7.329704,301.377354,498.830345,-29.687293,301.794586,498.853583,-29.673727,302.080688,498.935251,-29.658771,302.241917,499.812999,-4.357483,303.514500,500.343926,-4.375023,304.597054,500.954933,-4.391460,310.581875,495.940318,-90.107594,314.181919,498.365936,25.417707,0.000000,485.111597,-0.000000,302.089443,485.824807,7.750648,312.236423,0.000000,-148.143511,346.097031,463.683236,93.765545,271.912575,458.273349,-255.594902,341.316299,469.965806,272.248955,283.926277,0.000000,-291.688042,327.185745,500.968623,434.208603,284.792595,0.000000,-310.275726,326.408920,511.455932,461.963310,289.214230,511.119668,-315.055180,325.282631,510.043137,452.571182,290.928097,505.453191,-293.917179,323.053741,505.568032,433.691483,313.359470,341.305046,-82.924175,0.000000,343.544412,82.770338,307.929592,257.662997,-53.775334,320.830345,262.244768,128.066044,326.287460,166.598654,-47.137918,334.523201,186.229420,173.643665,337.562332,149.080009,-47.049713,344.842758,174.074421,177.145271,290.983829,149.175539,-89.030132,305.554619,174.260674,160.854092,
0.000000,0.000000,0.000000,0.000000,0.000000,0.000000,0.000000,0.000000,0.000000,0.000000,0.000000,0.000000,0.000000,0.000000,0.000000,0.000000,0.000000,0.000000,0.000000,0.000000,0.000000,0.000000,0.000000,0.000000,0.000000,0.000000,0.000000,0.000000,0.000000,0.000000,0.000000,0.000000,0.000000,0.000000,0.000000,0.000000,0.000000,0.000000,0.000000,0.000000,0.000000,0.000000,0.000000,0.000000,0.000000,0.000000,0.000000,0.000000,0.000000,0.000000,0.000000,0.000000,298.415680,492.186534,-5.677754,301.308231,498.985054,-27.464125,301.733494,498.983788,-27.443013,302.016239,499.063182,-27.431293,302.174072,500.047553,-2.756344,303.468990,500.579381,-2.767079,304.565639,501.205044,-2.793870,310.457344,496.181738,-83.535404,314.135704,498.593409,26.278496,300.874634,485.111103,-22.040935,302.070885,485.825171,10.011318,311.731148,457.980623,-141.603642,346.125603,463.891654,93.472080,272.749729,461.172967,-261.314907,352.879028,472.894800,258.848267,285.375977,499.286342,-316.956844,334.792671,504.224610,407.208099,286.767883,510.004814,-339.128456,333.196678,514.796612,430.329056,292.383614,509.016366,-340.341835,327.885513,0.000000,420.320358,293.508091,504.308660,-318.435116,326.736794,508.729370,405.805283,314.045258,341.345816,-82.748737,332.023964,343.653030,82.610464,302.711735,257.704539,-70.158682,320.979919,262.421021,115.846586,323.450699,166.863527,-69.168348,335.145073,184.328184,148.804760,335.370865,149.918447,-69.443045,344.955902,0.000000,150.219393,290.847683,148.875990,-106.638508,307.280483,172.585559,131.087704,
0.000000,0.000000,0.000000,0.000000,0.000000,0.000000,0.000000,0.000000,0.000000,0.000000,0.000000,0.000000,0.000000,0.000000,0.000000,0.000000,0.000000,0.000000,0.000000,0.000000,0.000000,0.000000,0.000000,0.000000,0.000000,0.000000,0.000000,0.000000,0.000000,0.000000,0.000000,0.000000,0.000000,0.000000,0.000000,0.000000,0.000000,0.000000,0.000000,0.000000,0.000000,0.000000,0.000000,0.000000,0.000000,0.000000,0.000000,0.000000,0.000000,0.000000,0.000000,0.000000,298.505287,492.213292,12.723899,301.254730,498.958769,-8.619229,301.707306,498.928707,-8.585491,301.894379,498.989861,-8.569623,302.184639,500.049613,13.431479,303.511353,500.585539,13.428376,304.631042,501.221352,13.404568,309.382572,0.000000,-65.405173,314.110012,498.675206,33.285203,300.855904,485.178137,-3.712243,302.225761,486.008463,25.023379,310.917816,458.121665,-124.285192,346.088066,464.353938,91.090813,272.982826,462.089274,-235.282993,360.980492,475.264585,221.944542,286.386356,498.052332,-285.615940,337.366562,507.836688,326.017036,287.795506,508.512604,-304.961948,334.965172,518.461454,344.501877,0.000000,508.176641,-304.410591,328.393745,516.983042,331.353874,294.290104,503.282297,-286.279907,327.336044,510.981309,322.557716,314.799004,341.526661,-0.000000,334.723244,344.050126,80.740929,300.865841,258.126826,-84.610720,322.404442,263.888297,112.055721,322.624435,168.712964,-107.805958,336.960602,184.337969,123.858299,335.216141,153.464155,-110.300808,345.888481,172.580752,123.326902,290.553856,149.322138,-144.273529,308.220940,172.266612,109.139223,
0.000000,0.000000,0.000000,0.000000,0.000000,0.000000,0.000000,0.000000,0.000000,0.000000,0.000000,0.000000,0.000000,0.000000,0.000000,0.000000,0.000000,0.000000,0.000000,0.000000,0.000000,0.000000,0.000000,0.000000,0.000000,0.000000,0.000000,0.000000,0.000000,0.000000,0.000000,0.000000,0.000000,0.000000,0.000000,0.000000,0.000000,0.000000,0.000000,0.000000,0.000000,0.000000,0.000000,0.000000,0.000000,0.000000,0.000000,0.000000,0.000000,0.000000,0.000000,0.000000,300.231285,492.510674,0.000000,302.368279,498.961751,-11.139576,302.527351,498.930423,-11.099163,302.447357,498.976171,-11.081185,303.574467,500.088580,10.270480,304.788971,500.626266,10.264920,305.913601,501.258280,10.236967,309.317780,496.251090,-66.552520,0.000000,498.674669,30.537021,301.836033,485.579674,-0.000000,303.483086,486.551771,21.679175,309.933128,458.011072,-126.316299,346.138649,464.334862,79.476309,271.444550,462.973781,-220.442753,361.798210,475.975757,198.893166,286.102295,498.720760,-252.931080,338.233452,509.893835,293.373165,287.252769,509.594264,-271.736107,335.737190,520.793710,310.313663,292.658539,508.907704,-272.081795,330.966568,519.918859,0.000000,294.109993,503.821206,-253.797913,330.481033,515.214436,289.873753,315.804234,341.457868,-79.851546,336.443443,344.039655,79.753251,300.749931,258.166351,-81.028261,324.431152,263.927350,117.976217,0.000000,170.003042,-93.576221,336.899948,184.183345,145.119343,332.005844,156.016116,-94.661112,344.410324,171.835184,146.121492,289.643364,149.330034,-124.748564,309.008331,171.421824,131.552382,
0.000000,0.000000,0.000000,0.000000,0.000000,0.000000,0.000000,0.000000,0.000000,0.000000,0.000000,0.000000,0.000000,0.000000,0.000000,0.000000,0.000000,0.000000,0.000000,0.000000,0.000000,0.000000,0.000000,0.000000,0.000000,0.000000,0.000000,0.000000,0.000000,0.000000,0.000000,0.000000,0.000000,0.000000,0.000000,0.000000,0.000000,0.000000,0.000000,0.000000,0.000000,0.000000,0.000000,0.000000,0.000000,0.000000,0.000000,0.000000,0.000000,0.000000,0.000000,0.000000,300.203209,492.514901,4.665455,302.147884,498.912699,-0.000000,302.231598,498.864870,-16.581376,302.064266,498.895276,-16.567738,303.520966,500.056801,6.910756,304.768620,500.601053,6.905746,305.883217,501.233733,6.893046,308.388004,496.258128,-71.871157,314.515190,498.677802,26.783919,301.672630,485.714407,-11.453954,303.459816,486.623011,18.860216,308.853798,458.000515,-132.007875,346.146088,464.613533,74.972420,271.566734,463.057337,-251.412163,361.801910,475.708094,193.337803,285.102882,498.956323,-351.591797,338.267174,509.011624,280.569420,285.981693,509.621387,-380.701218,335.709991,519.924910,296.130409,291.309242,508.762093,-378.606148,331.431656,519.168484,280.945129,292.739906,504.084191,-353.657837,331.035461,514.785304,275.968227,316.063843,341.115317,-79.981451,337.016029,343.958116,79.877462,0.000000,258.167768,-76.398315,326.024513,263.947048,120.838881,318.446083,169.882493,-83.679495,336.588097,183.584118,154.047823,328.417244,156.127610,-84.946012,342.870483,170.318985,155.315599,285.236301,149.832573,-0.000000,310.830173,171.450791,134.607754,
0.000000,0.000000,0.000000,0.000000,0.000000,0.000000,0.000000,0.000000,0.000000,0.000000,0.000000,0.000000,0.000000,0.000000,0.000000,0.000000,0.000000,0.000000,0.000000,0.000000,0.000000,0.000000,0.000000,0.000000,0.000000,0.000000,0.000000,0.000000,0.000000,0.000000,0.000000,0.000000,0.000000,0.000000,0.000000,0.000000,0.000000,0.000000,0.000000,0.000000,0.000000,0.000000,0.000000,0.000000,0.000000,0.000000,0.000000,0.000000,0.000000,0.000000,0.000000,0.000000,299.989357,492.189367,8.662087,301.724281,498.330789,-0.000000,301.677589,498.244915,-13.843645,301.388607,498.248649,-13.823665,303.315678,499.499159,8.414744,304.665184,500.047617,8.409613,305.823822,500.663152,8.368647,306.954556,496.051748,-72.665887,314.309330,498.356237,26.400077,301.104279,485.477664,-8.612684,303.149929,486.397769,20.318923,306.664581,458.054953,-131.260118,346.132431,464.598062,71.044807,271.837006,463.815973,-256.853695,362.399864,475.412965,183.417702,284.334717,498.791485,-364.576035,339.646378,508.267279,265.289555,284.476566,509.239247,-393.973465,336.025887,519.279764,279.746342,289.847012,508.446772,-391.363297,332.472534,518.588655,264.447746,291.498566,503.700700,-366.468315,332.091713,514.168053,260.557652,316.032677,340.708222,-79.634604,337.100563,343.862972,79.525604,302.229042,257.997394,-73.320060,326.714325,263.919711,121.008816,318.389492,169.794860,-80.673952,0.000000,183.599310,159.456129,328.022156,155.712104,-82.453737,342.796326,170.301948,161.025219,284.133301,149.910421,-121.398678,311.700230,171.729054,139.594364,
0.000000,0.000000,0.000000,0.000000,0.000000,0.000000,0.000000,0.000000,0.000000,0.000000,0.000000,0.000000,0.000000,0.000000,0.000000,0.000000,0.000000,0.000000,0.000000,0.000000,0.000000,0.000000,0.000000,0.000000,0.000000,0.000000,0.000000,0.000000,0.000000,0.000000,0.000000,0.000000,0.000000,0.000000,0.000000,0.000000,0.000000,0.000000,0.000000,0.000000,0.000000,0.000000,0.000000,0.000000,0.000000,0.000000,0.000000,0.000000,0.000000,0.000000,0.000000,0.000000,299.838905,492.398751,0.000000,301.676579,498.476572,-16.260084,301.653557,498.378060,-16.223269,301.300812,498.375871,-16.203258,303.230476,499.639127,6.492913,304.579372,500.175548,6.487798,305.790062,500.781791,6.453276,306.562691,496.145325,-73.587694,314.289799,498.386214,19.723192,301.041374,485.684023,-10.996999,303.061924,486.558144,18.815197,305.026512,458.074458,-132.976656,346.141129,464.559824,62.779632,271.761055,464.920206,-268.923759,365.176773,476.849298,170.883427,284.031277,0.000000,-375.771294,339.859924,509.836135,245.342522,284.374847,509.715242,-407.435722,336.674423,521.310153,258.031731,289.526424,508.997998,-0.000000,332.928047,521.038198,241.732044,291.087456,504.677882,-0.000000,332.115021,514.899008,240.005779,316.011620,339.841332,-79.647627,336.962242,343.547201,79.535255,302.348270,257.768140,-64.484076,326.968880,263.902974,134.829302,318.099480,169.817691,-71.914468,336.561699,183.906069,178.971901,327.659836,155.463324,-74.041452,342.768173,170.344048,181.362495,283.754425,149.900379,-114.078255,312.359066,0.000000,158.207779,
0.000000,0.000000,0.000000,0.000000,0.000000,0.000000,0.000000,0.000000,0.000000,0.000000,0.000000,0.000000,0.000000,0.000000,0.000000,0.000000,0.000000,0.000000,0.000000,0.000000,0.000000,0.000000,0.000000,0.000000,0.000000,0.000000,0.000000,0.000000,0.000000,0.000000,0.000000,0.000000,0.000000,0.000000,0.000000,0.000000,0.000000,0.000000,0.000000,0.000000,0.000000,0.000000,0.000000,0.000000,0.000000,0.000000,0.000000,0.000000,0.000000,0.000000,0.000000,0.000000,299.568233,494.156091,1.981479,301.473484,500.343454,-21.518385,301.405525,500.240586,-21.474347,301.011963,500.217819,-21.452658,303.172951,501.447494,-0.837426,304.546299,501.927266,-0.830967,305.735722,502.400751,-0.892383,306.280613,497.681437,-79.889784,314.337101,499.360371,12.251846,300.492287,487.478614,-15.169225,302.868404,488.265939,11.871870,304.412384,458.589935,-138.251438,346.133041,464.681661,57.876167,272.053165,465.841706,-297.118797,363.933792,475.988438,163.656445,284.506321,499.564025,-428.776665,339.744034,508.076949,231.608753,0.000000,509.430993,-464.558334,336.408157,519.017572,243.287792,289.893742,508.709242,-460.599861,332.921677,518.475938,226.499329,291.311340,504.497766,-431.206131,332.035446,512.626963,225.893974,315.957451,339.628901,-79.810395,336.726723,343.524799,79.696488,302.717228,257.453785,-58.045588,326.853523,263.822680,155.159206,318.068657,168.275313,-67.583647,336.642570,183.918686,214.225445,327.768326,152.747126,-0.000000,343.295898,170.702519,218.218479,283.396339,149.824505,-111.984921,312.137241,173.565016,194.416065,
0.000000,0.000000,0.000000,0.000000,0.000000,0.000000,0.000000,0.000000,0.000000,0.000000,0.000000,0.000000,0.000000,0.000000,0.000000,0.000000,0.000000,0.000000,0.000000,0.000000,0.000000,0.000000,0.000000,0.000000,0.000000,0.000000,0.000000,0.000000,0.000000,0.000000,0.000000,0.000000,0.000000,0.000000,0.000000,0.000000,0.000000,0.000000,0.000000,0.000000,0.000000,0.000000,0.000000,0.000000,0.000000,0.000000,0.000000,0.000000,0.000000,0.000000,0.000000,0.000000,298.477478,495.466533,-5.648133,300.766239,502.113905,-29.618223,300.785522,501.993828,-29.573610,300.481720,0.000000,-29.554152,302.309475,503.042657,-7.145448,303.652287,503.424046,-7.141024,304.810791,503.734646,-0.000000,306.044216,498.795090,-88.152180,314.066010,500.161943,12.787733,299.670448,488.399019,-22.856863,301.842861,489.145210,6.508444,305.216789,459.867890,-147.419510,345.226784,465.402231,63.919840,275.701561,467.341812,-337.206802,363.092270,475.547311,181.014824,284.995918,499.269497,-500.769920,337.645531,507.115967,253.438435,285.613804,509.457407,-539.157906,335.074158,518.157313,262.258053,290.146427,508.719091,-535.354500,331.923752,515.846043,252.443657,291.479912,504.203711,-503.897629,329.305000,510.801730,248.712902,315.981655,339.815712,-80.152578,336.633415,343.703885,80.040836,303.105011,257.378941,-54.975381,326.751480,263.685007,161.702003,317.557106,0.000000,-64.859490,336.809464,0.000000,228.940792,327.732277,0.000000,-69.685769,343.624687,171.521258,233.414555,282.595482,149.877334,-113.429804,311.634636,174.591250,208.004875,
0.000000,0.000000,0.000000,0.000000,0.000000,0.000000,0.000000,0.000000,0.000000,0.000000,0.000000,0.000000,0.000000,0.000000,0.000000,0.000000,0.000000,0.000000,0.000000,0.000000,0.000000,0.000000,0.000000,0.000000,0.000000,0.000000,0.000000,0.000000,0.000000,0.000000,0.000000,0.000000,0.000000,0.000000,0.000000,0.000000,0.000000,0.000000,0.000000,0.000000,0.000000,0.000000,0.000000,0.000000,0.000000,0.000000,0.000000,0.000000,0.000000,0.000000,0.000000,0.000000,294.987888,493.086619,-10.926718,299.098854,500.447953,-35.458856,299.442558,500.219193,-35.411434,299.530239,500.179260,-35.392368,300.224514,501.791632,-11.570776,301.663666,0.000000,-11.570308,302.919559,502.695258,-0.000000,306.083069,496.736677,-97.616377,313.671379,0.000000,10.752192,296.606255,485.576563,-29.282444,298.165131,486.558101,2.109558,306.476784,459.423823,-155.020094,344.111099,465.452657,61.969671,280.649452,467.329602,-347.910042,357.052383,476.132505,190.837326,286.631203,498.694518,-518.037643,334.335709,507.046659,278.856564,286.548958,508.721538,-0.000000,332.861938,517.717130,294.197197,290.651817,508.183401,-554.174271,327.891579,515.225272,281.927090,291.956844,503.819726,-521.276245,326.363106,510.747185,275.136166,315.973415,339.743872,-81.396847,336.468239,343.599730,81.291027,303.904209,257.416534,-55.186853,326.274948,263.525834,155.928373,317.544765,165.901537,-63.703356,336.688843,185.096197,219.755211,327.774734,149.996467,-68.085341,343.561020,172.535691,223.771572,282.628422,149.848065,-115.751953,311.574802,174.309125,194.201260,
0.000000,0.000000,0.000000,0.000000,0.000000,0.000000,0.000000,0.000000,0.000000,0.000000,0.000000,0.000000,0.000000,0.000000,0.000000,0.000000,0.000000,0.000000,0.000000,0.000000,0.000000,0.000000,0.000000,0.000000,0.000000,0.000000,0.000000,0.000000,0.000000,0.000000,0.000000,0.000000,0.000000,0.000000,0.000000,0.000000,0.000000,0.000000,0.000000,0.000000,0.000000,0.000000,0.000000,0.000000,0.000000,0.000000,0.000000,0.000000,0.000000,0.000000,0.000000,0.000000,295.013695,495.960960,-45.871015,300.076504,503.340490,-67.508788,300.627594,503.055382,-67.485228,300.936222,502.817094,-67.462301,300.927639,504.654000,-41.615229,302.316952,505.079913,-41.614814,303.927212,505.491278,-41.654100,308.150177,497.770722,-118.193607,314.373665,500.884531,-1.571351,296.646156,488.391595,-60.561771,298.259392,489.446926,-26.577117,309.300785,459.434423,-178.320675,343.152390,466.009333,64.117866,286.481476,467.804267,-378.653450,346.061325,478.516688,228.983269,288.453579,498.165457,-552.347336,327.691956,506.072094,368.958626,288.087120,508.284230,-594.927750,326.207504,516.549704,392.936859,0.000000,507.779417,-590.079842,324.668884,514.570277,380.117149,294.396000,503.378234,-555.458069,323.624420,509.982605,366.903229,316.188774,339.741855,-0.000000,334.985657,343.574667,83.505268,305.308590,0.000000,-54.314699,325.524445,263.461761,171.121979,317.439785,164.901180,-43.763561,336.512222,185.098386,261.467857,327.686386,148.600473,-44.075565,343.494987,173.151655,268.002319,282.542019,149.938102,-103.207178,310.800819,174.222908,237.402916,
0.000000,0.000000,0.000000,0.000000,0.000000,0.000000,0.000000,0.000000,0.000000,0.000000,0.000000,0.000000,0.000000,0.000000,0.000000,0.000000,0.000000,0.000000,0.000000,0.000000,0.000000,0.000000,0.000000,0.000000,0.000000,0.000000,0.000000,0.000000,0.000000,0.000000,0.000000,0.000000,0.000000,0.000000,0.000000,0.000000,0.000000,0.000000,0.000000,0.000000,0.000000,0.000000,0.000000,0.000000,0.000000,0.000000,0.000000,0.000000,0.000000,0.000000,0.000000,0.000000,295.169315,499.966614,-53.770213,300.605965,508.094566,-76.406965,301.154213,507.830443,-76.387000,301.452637,507.511110,-76.381350,301.322517,509.033210,-48.034072,302.615471,509.285316,-48.032680,304.699287,509.538023,-48.076091,308.681183,0.000000,-130.350723,314.800205,504.338121,-3.421644,0.000000,491.367881,-69.911127,298.388309,491.848254,-32.882075,312.596073,460.248442,-193.594475,341.730614,467.034388,64.793181,292.754822,467.176588,-397.246857,335.337143,475.160344,265.796471,291.729488,497.601721,-579.293022,324.694748,502.447314,440.427246,291.294518,508.245220,-624.061279,325.444374,511.351776,471.229439,295.476494,507.615459,-620.844955,324.030609,512.600870,461.133461,297.029171,502.520721,-583.478928,321.783981,508.901224,440.746117,316.280327,339.778247,-85.734158,333.623962,343.637366,85.631084,305.350037,257.614717,-39.687455,324.906998,0.000000,184.118004,317.548676,164.214492,-11.455098,0.000000,185.334549,288.090973,327.777596,147.783194,-9.104079,343.842697,173.769979,296.497555,282.600918,149.486933,-62.737341,310.787201,174.473877,270.529327,
0.000000,0.000000,0.000000,0.000000,0.000000,0.000000,0.000000,0.000000,0.000000,0.000000,0.000000,0.000000,0.000000,0.000000,0.000000,0.000000,0.000000,0.000000,0.000000,0.000000,0.000000,0.000000,0.000000,0.000000,0.000000,0.000000,0.000000,0.000000,0.000000,0.000000,0.000000,0.000000,0.000000,0.000000,0.000000,0.000000,0.000000,0.000000,0.000000,0.000000,0.000000,0.000000,0.000000,0.000000,0.000000,0.000000,0.000000,0.000000,0.000000,0.000000,0.000000,0.000000,294.058018,499.581170,-89.507370,300.346432,507.962687,-110.895538,301.094666,507.768774,-110.893335,301.445732,507.580848,-110.900135,300.672913,508.863630,-80.843534,301.915493,509.137988,-80.843468,303.576012,509.405909,-80.890703,310.194130,500.229707,-156.266727,314.559269,504.153628,-20.997987,296.370430,491.309173,-102.215881,297.651787,491.739357,-62.905660,317.524719,460.072875,-211.028385,336.229744,467.844758,61.592703,299.370975,464.209356,-411.553459,323.176460,476.780612,259.999886,295.887356,496.656961,-585.777702,317.207794,504.981894,431.457443,295.241852,507.450149,-631.494370,316.929569,514.642417,460.929489,298.602810,507.433970,-628.835831,317.259407,515.101140,450.364609,300.141144,502.463150,-589.993782,316.279755,511.391623,431.253929,317.074776,339.780822,-88.205051,329.748611,343.645864,88.133373,306.859951,257.620511,-44.431534,324.267845,263.336706,186.762409,317.702446,162.700009,-16.878141,336.745186,185.257645,298.922215,328.329239,146.731038,-14.627188,344.713669,173.834095,308.026371,282.707577,145.620861,-72.371712,310.326328,173.714919,278.254337,
0.000000,0.000000,0.000000,0.000000,0.000000,0.000000,0.000000,0.000000,0.000000,0.000000,0.000000,0.000000,0.000000,0.000000,0.000000,0.000000,0.000000,0.000000,0.000000,0.000000,0.000000,0.000000,0.000000,0.000000,0.000000,0.000000,0.000000,0.000000,0.000000,0.000000,0.000000,0.000000,0.000000,0.000000,0.000000,0.000000,0.000000,0.000000,0.000000,0.000000,0.000000,0.000000,0.000000,0.000000,0.000000,0.000000,0.000000,0.000000,0.000000,0.000000,0.000000,0.000000,294.074802,499.209716,-74.810534,300.425377,507.373223,-93.653116,301.325684,507.207141,-93.658791,302.313385,507.092514,-93.665733,300.652370,508.266184,-64.222960,301.833553,508.573480,-64.223886,0.000000,508.877513,-64.261246,311.968536,499.923270,-0.000000,314.427795,503.010063,-13.236105,296.399136,0.000000,-87.028942,297.599144,491.573188,-48.503084,322.270889,460.040903,-195.369225,328.831902,467.196286,77.928071,308.840370,458.708596,-389.692688,310.782833,474.644909,272.169533,300.946999,490.750694,-555.355301,306.635647,501.715050,431.274223,298.456230,502.551084,-598.138313,305.193176,513.972681,460.901566,301.163635,503.143272,-592.924500,306.307068,513.984911,449.006424,302.343998,498.235667,-558.096809,306.793461,508.448982,430.119514,317.086735,339.784169,-90.087757,323.701248,343.634319,90.040407,307.826900,257.707672,-63.866525,322.485199,263.213582,177.661572,318.313026,162.818542,-47.465200,336.710815,0.000000,265.545464,329.778709,146.774640,-46.265860,344.864235,173.828688,272.456322,282.799129,144.370136,-110.496197,309.911346,173.794012,243.533573,
0.000000,0.000000,0.000000,0.000000,0.000000,0.000000,0.000000,0.000000,0.000000,0.000000,0.000000,0.000000,0.000000,0.000000,0.000000,0.000000,0.000000,0.000000,0.000000,0.000000,0.000000,0.000000,0.000000,0.000000,0.000000,0.000000,0.000000,0.000000,0.000000,0.000000,0.000000,0.000000,0.000000,0.000000,0.000000,0.000000,0.000000,0.000000,0.000000,0.000000,0.000000,0.000000,0.000000,0.000000,0.000000,0.000000,0.000000,0.000000,0.000000,0.000000,0.000000,0.000000,294.171562,498.624673,-71.400733,300.440063,506.890705,-90.344925,301.498413,506.767967,-90.354404,302.613716,506.677330,-90.365429,300.591946,507.464054,-61.412225,0.000000,507.666678,-61.414461,303.280487,507.913764,-61.454015,312.746677,499.037282,-132.054653,314.135170,502.176433,-7.188622,296.917934,490.127671,-83.498554,297.676086,0.000000,-45.586972,325.180130,460.009403,-191.299343,325.250206,465.537500,77.826319,315.211296,458.411644,-388.154716,305.918064,474.841440,258.919678,305.623589,490.952139,-553.152237,303.255959,502.985816,404.970779,302.190151,501.140263,-594.149094,302.006416,514.349713,431.711655,304.029293,503.354824,-588.660698,299.686337,513.995275,419.939232,304.878941,498.278861,-555.609818,0.000000,510.072942,403.108749,0.000000,339.557962,-89.860392,320.923576,343.441844,89.812250,307.895317,257.492924,-68.907943,321.333237,263.028359,177.221813,318.334007,161.798959,-59.074793,0.000000,185.667100,256.663513,330.086594,146.935058,-58.698149,344.862442,175.278196,263.226070,282.950134,143.450031,-122.097301,309.632359,173.407345,233.406315,
0.000000,0.000000,0.000000,0.000000,0.000000,0.000000,0.000000,0.000000,0.000000,0.000000,0.000000,0.000000,0.000000,0.000000,0.000000,0.000000,0.000000,0.000000,0.000000,0.000000,0.000000,0.000000,0.000000,0.000000,0.000000,0.000000,0.000000,0.000000,0.000000,0.000000,0.000000,0.000000,0.000000,0.000000,0.000000,0.000000,0.000000,0.000000,0.000000,0.000000,0.000000,0.000000,0.000000,0.000000,0.000000,0.000000,0.000000,0.000000,0.000000,0.000000,0.000000,0.000000,292.641640,496.574564,-73.995347,297.989254,504.416742,-93.492374,0.000000,504.447706,-93.490210,300.704231,504.531133,-93.504162,297.362003,504.765580,-64.696646,298.202248,505.062125,-64.688454,299.260559,505.485721,-64.735398,312.631741,498.898988,-134.911242,311.375999,501.346235,-6.055146,296.610203,0.000000,-85.837765,296.232300,488.262398,-48.040066,328.530731,459.985628,-197.235031,319.267273,463.832431,76.009507,0.000000,471.530263,-398.222885,302.231197,480.034218,239.054222,310.740700,501.746356,-541.199036,303.779907,507.096570,351.464806,308.868961,509.873621,-581.516914,303.889961,515.857265,371.030502,309.792385,511.106515,-574.726448,303.140144,516.040406,359.655838,309.687099,508.161106,-542.758102,303.072758,513.161623,347.802429,318.206329,339.180865,-92.343454,317.239113,342.633834,92.339087,307.900124,257.297573,-92.576046,319.986172,262.356949,174.051781,318.386021,161.868825,-92.725220,335.724754,185.608478,253.093376,330.093575,147.041574,-94.195604,344.389954,174.867926,260.069771,282.437859,142.349081,-165.883522,307.778587,172.809019,222.110596,
0.000000,0.000000,0.000000,0.000000,0.000000,0.000000,0.000000,0.000000,0.000000,0.000000,0.000000,0.000000,0.000000,0.000000,0.000000,0.000000,0.000000,0.000000,0.000000,0.000000,0.000000,0.000000,0.000000,0.000000,0.000000,0.000000,0.000000,0.000000,0.000000,0.000000,0.000000,0.000000,0.000000,0.000000,0.000000,0.000000,0.000000,0.000000,0.000000,0.000000,0.000000,0.000000,0.000000,0.000000,0.000000,0.000000,0.000000,0.000000,0.000000,0.000000,0.000000,0.000000,290.996151,492.566872,-65.458703,295.575504,500.179260,-85.905762,297.032890,500.475805,-85.902205,298.570042,500.821767,-85.913820,294.540157,500.048239,-57.425027,295.244808,500.266056,-57.419982,296.036263,500.612855,-57.467165,311.831703,497.533207,-130.337753,308.379059,498.434944,0.023029,0.000000,484.902363,-78.208570,295.529118,484.148812,-41.450129,330.936508,460.421112,-191.449299,318.801880,0.000000,82.523823,320.787773,472.904906,-392.664680,0.000000,480.139253,251.284065,315.990086,502.246985,-542.603760,306.081944,507.107213,376.563530,314.796658,510.212824,-581.822014,305.889988,515.628119,400.438728,313.957577,511.108339,-573.642998,305.344086,515.734398,389.820328,313.833466,508.205760,-543.173103,305.266666,512.650094,373.637657,318.278141,339.240947,-91.808319,316.553078,342.509809,91.798048,307.903652,257.258649,-92.361603,319.365845,262.276225,152.750454,0.000000,162.000189,-94.272146,335.599442,185.853224,223.838654,329.832268,146.961794,-95.816202,344.080772,0.000000,228.344040,282.312412,142.711287,-161.836834,307.490196,172.818375,192.507133,
0.000000,0.000000,0.000000,0.000000,0.000000,0.000000,0.000000,0.000000,0.000000,0.000000,0.000000,0.000000,0.000000,0.000000,0.000000,0.000000,0.000000,0.000000,0.000000,0.000000,0.000000,0.000000,0.000000,0.000000,0.000000,0.000000,0.000000,0.000000,0.000000,0.000000,0.000000,0.000000,0.000000,0.000000,0.000000,0.000000,0.000000,0.000000,0.000000,0.000000,0.000000,0.000000,0.000000,0.000000,0.000000,0.000000,0.000000,0.000000,0.000000,0.000000,0.000000,0.000000,290.410156,488.167963,-110.773344,294.739876,494.883699,-122.553577,296.387138,495.266118,-122.562180,0.000000,495.828030,-122.620707,292.862053,494.671848,-97.855053,293.134823,494.846106,-97.823467,293.454189,495.158744,-97.870998,311.225033,495.221336,-130.074415,304.476814,494.824777,-14.348272,296.428947,481.131670,-108.721123,294.475155,480.831349,-76.349821,332.058983,459.379385,-170.615807,313.590813,461.326561,80.865154,342.172661,472.413869,-362.389755,303.829155,479.789171,240.817394,324.829865,501.410458,-487.675552,304.471073,507.767615,347.877197,320.719376,509.808669,-520.151138,302.942715,516.140056,368.505249,318.767853,510.613761,-506.010971,302.727318,516.243160,358.350258,319.810238,507.969618,-484.851761,303.785210,512.292695,345.059586,319.244289,338.994613,-88.863125,312.963047,341.772265,88.958054,0.000000,0.000000,-113.543530,316.980038,261.901832,136.332092,318.317623,162.028384,-131.788502,333.096695,185.791254,0.000000,329.968529,147.035995,-134.946108,342.227669,174.891357,206.324291,282.357235,142.304492,-201.841202,304.607487,172.528696,169.535904,
0.000000,0.000000,0.000000,0.000000,0.000000,0.000000,0.000000,0.000000,0.000000,0.000000,0.000000,0.000000,0.000000,0.000000,0.000000,0.000000,0.000000,0.000000,0.000000,0.000000,0.000000,0.000000,0.000000,0.000000,0.000000,0.000000,0.000000,0.000000,0.000000,0.000000,0.000000,0.000000,0.000000,0.000000,0.000000,0.000000,0.000000,0.000000,0.000000,0.000000,0.000000,0.000000,0.000000,0.000000,0.000000,0.000000,0.000000,0.000000,0.000000,0.000000,0.000000,0.000000,289.755363,484.032297,-161.730728,293.808327,491.119809,-167.821712,295.718575,491.706140,-167.823029,297.749844,492.497177,-167.903099,290.860710,490.601799,-145.153456,290.565529,490.697265,-145.105619,290.305939,490.886650,-145.132084,310.791740,493.576906,-144.644728,300.476685,491.856129,-40.361290,296.438293,477.093551,-149.293118,293.074532,477.098851,-119.481192,334.079742,458.930168,-157.229891,309.696388,461.250386,65.818429,361.379089,468.794904,-319.946556,297.053013,483.557653,230.530014,334.575844,501.024027,-0.000000,296.150417,509.124792,333.136215,327.650146,509.513004,-444.759598,296.072445,518.054037,352.857437,324.948807,510.581961,-429.023209,296.583557,516.610773,342.535286,326.005936,507.675819,-412.574768,297.737427,513.234344,330.500717,319.690762,338.231063,-84.500427,310.119686,340.500126,84.645023,309.419594,257.139001,-123.216801,315.950317,261.608462,137.802868,318.603172,162.149191,-155.972900,332.378464,0.000000,231.695633,329.988556,145.803509,-160.699444,341.722221,175.453119,236.354103,282.443275,141.422367,-231.632004,303.998165,172.347980,198.113232,
0.000000,0.000000,0.000000,0.000000,0.000000,0.000000,0.000000,0.000000,0.000000,0.000000,0.000000,0.000000,0.000000,0.000000,0.000000,0.000000,0.000000,0.000000,0.000000,0.000000,0.000000,0.000000,0.000000,0.000000,0.000000,0.000000,0.000000,0.000000,0.000000,0.000000,0.000000,0.000000,0.000000,0.000000,0.000000,0.000000,0.000000,0.000000,0.000000,0.000000,0.000000,0.000000,0.000000,0.000000,0.000000,0.000000,0.000000,0.000000,0.000000,0.000000,0.000000,0.000000,289.943886,482.504704,-120.410480,294.103279,489.860222,-127.689276,295.871010,490.741746,-127.675133,298.490868,491.732490,-127.730913,291.082344,488.877139,-104.538927,290.506630,488.965738,-104.519014,289.938660,489.136884,-104.568033,311.713772,493.162172,-92.740192,299.079075,490.547597,-4.239490,297.786598,476.474326,-114.351625,293.321018,476.245480,-82.937183,338.664894,458.925211,-88.852348,299.994049,461.466336,109.371967,378.496170,464.620893,-148.908253,266.704464,484.408321,252.453098,343.350143,500.649633,-103.443604,284.015656,509.777470,344.368057,336.188087,509.232101,-108.784704,288.581123,520.582051,361.664314,332.948952,510.224540,-100.748577,291.386528,517.638166,348.774223,332.911110,506.309481,-98.696575,292.048492,513.208358,339.125099,321.880493,338.245869,-80.693607,306.852322,339.779277,80.819988,310.362453,257.123809,-132.869081,315.318794,260.811610,109.513140,318.614101,162.087178,-170.981865,332.513504,185.820994,165.350227,329.876976,145.071287,-176.427650,341.781769,175.604568,167.252789,282.449226,141.180668,-246.157990,304.439487,171.041808,128.481321,
0.000000,0.000000,0.000000,0.000000,0.000000,0.000000,0.000000,0.000000,0.000000,0.000000,0.000000,0.000000,0.000000,0.000000,0.000000,0.000000,0.000000,0.000000,0.000000,0.000000,0.000000,0.000000,0.000000,0.000000,0.000000,0.000000,0.000000,0.000000,0.000000,0.000000,0.000000,0.000000,0.000000,0.000000,0.000000,0.000000,0.000000,0.000000,0.000000,0.000000,0.000000,0.000000,0.000000,0.000000,0.000000,0.000000,0.000000,0.000000,0.000000,0.000000,0.000000,0.000000,292.033291,483.073375,-104.311361,295.481682,490.398080,-115.517321,297.665291,491.146524,-115.440798,300.382805,491.982536,-115.581951,291.168327,489.724503,-97.706747,291.210175,489.895563,-97.698736,291.043701,490.097845,-97.677135,313.780937,493.006432,-67.279921,299.537449,491.160665,20.089829,299.237003,477.215345,-95.116930,293.695889,477.225151,-82.375021,342.197151,0.000000,-72.752433,294.311676,461.498780,126.245203,389.617310,461.086063,-177.605152,253.598366,484.149628,251.206093,351.891022,500.487585,-216.799755,0.000000,0.000000,324.292221,344.157944,509.497619,-234.170837,283.384953,522.300038,336.103821,339.464493,509.951684,-0.000000,0.000000,519.938171,343.943558,339.208260,506.066194,-0.000000,287.574215,515.113285,327.290993,324.002571,338.262649,-80.991936,302.549438,339.285321,81.112089,311.523533,0.000000,-145.565662,313.205013,260.352373,105.700665,0.000000,162.152753,-179.562340,332.167435,185.610237,167.974453,329.937859,145.179820,-184.885464,341.419144,175.580707,169.656181,282.854977,141.156292,-265.491276,303.909664,169.726238,119.149590,
0.000000,0.000000,0.000000,0.000000,0.000000,0.000000,0.000000,0.000000,0.000000,0.000000,0.000000,0.000000,0.000000,0.000000,0.000000,0.000000,0.000000,0.000000,0.000000,0.000000,0.000000,0.000000,0.000000,0.000000,0.000000,0.000000,0.000000,0.000000,0.000000,0.000000,0.000000,0.000000,0.000000,0.000000,0.000000,0.000000,0.000000,0.000000,0.000000,0.000000,0.000000,0.000000,0.000000,0.000000,0.000000,0.000000,0.000000,0.000000,0.000000,0.000000,0.000000,0.000000,296.419888,0.000000,-69.759583,300.179958,490.283346,-66.724334,302.907295,490.954714,-66.701493,306.082802,491.696205,-66.795387,293.849030,489.661417,-51.561408,292.535458,489.813981,-51.552019,0.000000,489.997809,-51.562700,317.682037,492.256186,-21.449251,299.149780,491.106012,52.717423,303.251095,476.861336,-50.823717,295.591526,477.168438,-32.884369,346.236610,458.517795,-20.060444,288.208656,461.526675,147.382832,401.548767,459.593875,-95.678110,243.732452,483.924859,241.733475,360.077209,499.714057,-95.893192,271.377449,512.402258,288.531303,352.088623,509.340441,-106.484737,280.455265,522.959883,291.696777,346.758766,509.359474,-90.860672,285.160275,520.778925,308.327122,346.188889,504.728994,-89.275751,284.575405,515.970347,293.625946,326.273575,338.836813,-75.506744,297.744503,339.314718,75.568924,314.083900,0.000000,-132.017717,309.020634,258.305225,53.434963,320.988464,164.735227,-153.670988,329.814987,182.459779,73.342538,330.402412,0.000000,-158.119221,339.763260,171.849561,71.147943,284.763088,141.283150,-240.576077,297.768288,162.964540,10.789559,
0.000000,0.000000,0.000000,0.000000,0.000000,0.000000,0.000000,0.000000,0.000000,0.000000,0.000000,0.000000,0.000000,0.000000,0.000000,0.000000,0.000000,0.000000,0.000000,0.000000,0.000000,0.000000,0.000000,0.000000,0.000000,0.000000,0.000000,0.000000,0.000000,0.000000,0.000000,0.000000,0.000000,0.000000,0.000000,0.000000,0.000000,0.000000,0.000000,0.000000,0.000000,0.000000,0.000000,0.000000,0.000000,0.000000,0.000000,0.000000,0.000000,0.000000,0.000000,0.000000,300.628510,483.218257,-79.764504,305.608463,490.869398,-76.234422,308.940544,491.424980,-76.213951,312.502079,491.999531,-76.284990,298.372040,490.394068,-52.713213,296.144371,490.594654,-52.675200,293.436985,490.816870,-52.761898,322.152443,491.789696,-27.271001,299.346886,491.382515,37.561424,306.775303,476.757975,-61.909561,298.057251,477.479789,-34.155979,348.007812,458.054159,-20.460486,0.000000,461.729729,130.679350,408.290710,458.508139,-98.671713,235.446472,483.615332,201.885319,364.922333,499.548211,-113.116198,268.403378,0.000000,241.805820,357.964973,509.734554,-125.075893,278.020115,523.125451,243.996296,352.433701,509.212575,-107.034512,283.176994,520.852697,261.839027,351.547050,504.499032,-106.046028,282.539024,0.000000,247.621250,327.612839,339.526076,-70.001931,295.923405,339.351282,0.000000,315.523071,257.193418,-123.545303,306.498623,257.502065,55.816813,321.986580,167.698617,-116.882267,328.902397,0.000000,95.122271,330.585556,151.039567,-119.686527,339.741478,171.982341,94.624081,287.930813,143.213997,-235.861034,298.396854,163.151608,31.058805,
0.000000,0.000000,0.000000,0.000000,0.000000,0.000000,0.000000,0.000000,0.000000,0.000000,0.000000,0.000000,0.000000,0.000000,0.000000,0.000000,0.000000,0.000000,0.000000,0.000000,0.000000,0.000000,0.000000,0.000000,0.000000,0.000000,0.000000,0.000000,0.000000,0.000000,0.000000,0.000000,0.000000,0.000000,0.000000,0.000000,0.000000,0.000000,0.000000,0.000000,0.000000,0.000000,0.000000,0.000000,0.000000,0.000000,0.000000,0.000000,0.000000,0.000000,0.000000,0.000000,304.558620,482.252126,-88.183317,310.150642,490.233436,-79.753160,313.778839,490.662439,-79.732428,317.290764,491.028228,-79.796624,301.298275,490.054049,-61.980934,298.858223,490.332420,-61.956968,295.953674,490.619867,-61.927547,324.480934,490.829079,-13.312986,299.198570,491.148369,32.702167,311.364021,474.998467,-64.163094,300.605812,476.282043,-41.780763,349.464989,457.903590,3.803026,280.689049,461.770627,123.019705,408.803329,457.794349,-84.860954,225.146179,483.334451,165.945950,370.796432,498.338706,-138.225098,265.072594,512.257783,191.959972,364.052200,509.640012,-153.871479,275.666351,522.856328,189.800835,358.868828,508.750913,-135.222702,281.253624,520.661616,0.000000,357.485123,503.727479,-132.069349,280.267086,515.956764,198.763161,328.702927,340.392408,-63.928461,295.349636,339.646497,63.949623,316.769562,257.147241,-125.451145,304.028740,257.222171,55.794287,322.271080,166.873484,-135.576992,328.916779,182.668519,101.323748,330.570908,149.544482,-141.023197,339.784813,172.080746,101.586723,287.863255,143.214555,-247.680321,299.175529,159.418573,34.093482,
0.000000,0.000000,0.000000,0.000000,0.000000,0.000000,0.000000,0.000000,0.000000,0.000000,0.000000,0.000000,0.000000,0.000000,0.000000,0.000000,0.000000,0.000000,0.000000,0.000000,0.000000,0.000000,0.000000,0.000000,0.000000,0.000000,0.000000,0.000000,0.000000,0.000000,0.000000,0.000000,0.000000,0.000000,0.000000,0.000000,0.000000,0.000000,0.000000,0.000000,0.000000,0.000000,0.000000,0.000000,0.000000,0.000000,0.000000,0.000000,0.000000,0.000000,0.000000,0.000000,307.151737,482.023237,-93.915977,312.924404,490.041153,-81.562710,316.538696,490.471530,-81.539440,0.000000,490.773203,-81.599836,303.574734,489.898353,-69.798899,300.543633,490.268798,-69.790154,297.585106,490.614889,-0.000000,325.641785,490.389583,-5.554019,298.765869,491.075671,30.590043,313.371277,474.471016,-65.413728,302.234764,0.000000,-49.713087,350.236053,457.685924,17.121680,278.785820,461.791441,118.596706,412.232056,456.882420,-74.015136,220.709496,482.865300,146.627274,0.000000,496.946726,-144.998827,264.251156,512.074728,162.025433,368.432083,509.618704,-163.090096,275.349522,0.000000,156.515961,362.644424,508.227925,-144.446354,0.000000,519.648149,178.184910,361.049881,502.242887,-139.224453,280.043373,514.938726,169.106808,329.592285,0.000000,-60.183673,294.809570,339.681473,60.221062,317.107601,256.988025,-132.844143,303.089905,256.743193,67.447882,321.646805,163.875675,-150.757523,329.340897,183.566222,130.074253,329.507561,0.000000,-157.248554,340.955734,174.624553,131.851902,287.740879,142.705450,-267.221165,302.157688,159.837513,68.636537,
0.000000,0.000000,0.000000,0.000000,0.000000,0.000000,0.000000,0.000000,0.000000,0.000000,0.000000,0.000000,0.000000,0.000000,0.000000,0.000000,0.000000,0.000000,0.000000,0.000000,0.000000,0.000000,0.000000,0.000000,0.000000,0.000000,0.000000,0.000000,0.000000,0.000000,0.000000,0.000000,0.000000,0.000000,0.000000,0.000000,0.000000,0.000000,0.000000,0.000000,0.000000,0.000000,0.000000,0.000000,0.000000,0.000000,0.000000,0.000000,0.000000,0.000000,0.000000,0.000000,309.659939,481.484370,-0.000000,316.117611,489.512351,-87.629375,319.549770,489.840310,-87.581024,322.480698,490.033257,-87.631149,306.251068,489.532156,-83.429527,0.000000,489.931998,-83.429289,299.527073,490.303795,-83.370762,327.366867,489.384055,-9.169607,298.850441,490.540774,24.973397,315.471592,473.525312,-68.670273,303.930321,474.832299,-64.205375,349.961166,457.227437,13.678583,278.235130,461.873453,111.550150,411.519394,456.107454,-76.084352,218.911266,482.330725,128.970509,375.699844,495.901845,-151.270704,264.815464,511.680486,145.579624,370.497437,509.302740,-170.720940,276.535587,521.316848,139.134846,364.796219,507.293508,-153.169422,282.354946,517.999063,162.372551,363.302002,500.962529,-146.362076,281.036739,512.945180,153.389788,330.096054,341.100168,-0.000000,294.518394,339.710054,58.225832,317.409515,256.962662,-127.714071,302.770882,256.501279,71.542993,321.279449,163.391461,-0.000000,329.401970,185.538869,130.440426,328.935127,0.000000,-149.089766,341.190948,178.073874,138.037748,287.916718,142.467828,-249.436588,304.077549,162.312784,83.396425,
0.000000,0.000000,0.000000,0.000000,0.000000,0.000000,0.000000,0.000000,0.000000,0.000000,0.000000,0.000000,0.000000,0.000000,0.000000,0.000000,0.000000,0.000000,0.000000,0.000000,0.000000,0.000000,0.000000,0.000000,0.000000,0.000000,0.000000,0.000000,0.000000,0.000000,0.000000,0.000000,0.000000,0.000000,0.000000,0.000000,0.000000,0.000000,0.000000,0.000000,0.000000,0.000000,0.000000,0.000000,0.000000,0.000000,0.000000,0.000000,0.000000,0.000000,0.000000,0.000000,313.241463,481.413431,-124.766779,319.282436,489.353328,-107.438335,322.219391,489.580500,-107.375698,324.879494,489.638972,-107.416821,309.470253,489.419460,-0.000000,305.924034,489.794154,-106.426525,302.217751,490.138593,-106.373568,329.176483,488.797402,-19.322323,299.015560,490.173440,-5.626699,318.303890,473.164952,-87.188091,306.773434,474.537299,-86.719093,349.645920,456.910164,3.464927,277.331638,461.804080,71.313782,410.277481,454.900246,-100.165043,0.000000,481.406200,8.405294,376.479759,494.029534,-189.742241,265.436745,510.063286,-57.806864,371.877365,508.008370,-212.636929,277.602940,519.059458,-77.755270,365.812836,505.283267,-195.125160,283.334808,515.418069,-51.479573,364.176865,498.963232,-0.000000,281.843376,509.974151,-50.957203,330.541992,341.659570,-54.047832,294.130974,339.948449,54.057908,317.914162,256.771431,-122.330790,302.692604,256.014318,68.303871,321.088486,163.040113,-116.345625,329.538307,186.387520,0.000000,328.820267,145.776386,-121.284380,341.591759,179.321337,143.681231,288.208675,142.342515,-242.145863,304.306221,162.761850,85.720024,
0.000000,0.000000,0.000000,0.000000,0.000000,0.000000,0.000000,0.000000,0.000000,0.000000,0.000000,0.000000,0.000000,0.000000,0.000000,0.000000,0.000000,0.000000,0.000000,0.000000,0.000000,0.000000,0.000000,0.000000,0.000000,0.000000,0.000000,0.000000,0.000000,0.000000,0.000000,0.000000,0.000000,0.000000,0.000000,0.000000,0.000000,0.000000,0.000000,0.000000,0.000000,0.000000,0.000000,0.000000,0.000000,0.000000,0.000000,0.000000,0.000000,0.000000,0.000000,0.000000,315.369053,480.759101,-0.000000,320.793381,488.506994,-112.593107,323.452950,488.701637,-112.531424,326.129303,488.730454,-112.578487,311.673222,488.808689,-113.345451,308.177605,489.275436,-0.000000,304.476681,489.695256,-113.326788,329.811478,488.115306,-19.564512,299.165497,489.945345,-20.329194,319.595528,472.470796,-90.999098,308.945656,473.865352,-92.765503,348.820877,456.632566,12.963541,276.865196,461.822062,49.641385,408.037796,453.027871,-90.576439,218.907948,481.100900,-35.486646,376.963310,492.208185,-190.280209,267.127228,509.012139,-115.181227,372.831192,506.531804,-214.138184,279.071236,517.729061,-137.803574,366.229858,503.767583,-196.561699,284.307861,514.096727,-110.634422,364.204063,497.418880,-186.238003,282.962894,508.493185,-108.175735,330.731316,342.287207,-42.880921,293.787327,340.031404,42.917862,318.515129,256.762848,-110.053806,302.885647,255.709276,48.041201,320.051537,163.047924,-107.709389,329.654961,187.546148,120.046101,327.343063,145.798016,-113.313189,341.599350,179.168944,123.994427,288.350945,142.439203,-233.770390,306.414299,163.726459,50.327697,
0.000000,0.000000,0.000000,0.000000,0.000000,0.000000,0.000000,0.000000,0.000000,0.000000,0.000000,0.000000,0.000000,0.000000,0.000000,0.000000,0.000000,0.000000,0.000000,0.000000,0.000000,0.000000,0.000000,0.000000,0.000000,0.000000,0.000000,0.000000,0.000000,0.000000,0.000000,0.000000,0.000000,0.000000,0.000000,0.000000,0.000000,0.000000,0.000000,0.000000,0.000000,0.000000,0.000000,0.000000,0.000000,0.000000,0.000000,0.000000,0.000000,0.000000,0.000000,0.000000,318.212986,478.390367,-123.222837,322.623100,486.596811,-108.633614,325.390701,486.669252,-108.572083,328.075027,486.666570,-108.619442,314.612389,487.220199,-108.484268,311.253967,487.730505,-108.503809,307.771645,488.312781,-108.480282,331.261711,0.000000,-10.268714,299.810600,489.332514,-14.206268,321.539536,470.737166,-88.076572,312.040310,472.197661,-86.538935,348.296967,455.632467,30.385294,277.500877,461.764748,62.093334,0.000000,450.757327,-56.841979,221.613731,480.370309,-8.743457,377.632294,490.304375,-158.454790,268.918800,508.388128,-83.452473,374.374390,504.795406,-180.053291,279.378853,516.574252,-0.000000,367.691689,0.000000,-163.644066,284.423561,512.882609,-77.503738,365.325851,496.703589,-154.707155,283.447762,507.749655,-76.393714,330.780487,342.264419,-46.436005,293.986244,340.019259,46.502938,318.770199,256.761732,-127.545338,303.006935,255.592375,57.623668,319.962406,163.871684,-142.377958,329.735603,188.815498,176.117096,0.000000,146.379561,-149.914417,341.614418,180.122180,182.310314,288.297462,0.000000,-268.149109,305.388279,165.989728,106.435251,
0.000000,0.000000,0.000000,0.000000,0.000000,0.000000,0.000000,0.000000,0.000000,0.000000,0.000000,0.000000,0.000000,0.000000,0.000000,0.000000,0.000000,0.000000,0.000000,0.000000,0.000000,0.000000,0.000000,0.000000,0.000000,0.000000,0.000000,0.000000,0.000000,0.000000,0.000000,0.000000,0.000000,0.000000,0.000000,0.000000,0.000000,0.000000,0.000000,0.000000,0.000000,0.000000,0.000000,0.000000,0.000000,0.000000,0.000000,0.000000,0.000000,0.000000,0.000000,0.000000,320.214882,478.244669,-119.566202,324.407539,486.021273,-98.437252,327.238617,486.094530,-98.355875,329.722023,486.119871,-98.393831,317.044315,486.864710,-102.087603,313.941135,487.523847,-102.091370,310.464725,488.153887,-102.077475,332.541008,486.068437,6.846163,301.512356,489.081137,-9.446753,322.830734,470.579152,-74.937263,314.432468,472.097411,-81.017447,347.876663,455.509408,0.000000,277.773190,461.780863,62.441750,401.880264,450.225198,-47.310328,224.075241,480.333338,-26.119018,376.958389,489.382060,-150.115328,269.444332,507.620158,-107.781630,374.601822,503.415699,-172.080765,282.344608,515.733647,-129.105778,368.233719,501.713827,-156.562529,286.176357,512.240381,-101.645041,365.709114,495.660231,-146.864166,284.689980,506.724000,-100.204906,331.029549,342.530537,-42.578096,294.173927,340.033121,42.659998,318.933620,256.889319,-125.021877,303.267975,255.615978,57.090158,319.869347,163.873916,-139.370098,329.808121,188.957376,146.681042,0.000000,146.388316,-146.456375,341.627731,181.060138,151.179199,288.581486,142.480273,-256.288757,305.380344,166.893868,75.504904,
0.000000,0.000000,0.000000,0.000000,0.000000,0.000000,0.000000,0.000000,0.000000,0.000000,0.000000,0.000000,0.000000,0.000000,0.000000,0.000000,0.000000,0.000000,0.000000,0.000000,0.000000,0.000000,0.000000,0.000000,0.000000,0.000000,0.000000,0.000000,0.000000,0.000000,0.000000,0.000000,0.000000,0.000000,0.000000,0.000000,0.000000,0.000000,0.000000,0.000000,0.000000,0.000000,0.000000,0.000000,0.000000,0.000000,0.000000,0.000000,0.000000,0.000000,0.000000,0.000000,0.000000,475.255830,-115.758991,324.242477,483.654277,-97.289248,327.206955,483.647025,-97.201157,329.728432,483.629236,-97.238913,316.981354,484.718235,-99.294977,313.914223,485.438697,-99.309330,310.636559,486.090539,-99.299831,332.352562,484.038477,5.624696,301.789398,487.677355,-7.882558,0.000000,467.821498,-71.369452,314.364223,469.315252,-78.227720,347.596970,454.201047,49.445524,277.747288,461.800539,61.082134,400.316544,447.617619,-32.319260,226.032581,479.530821,-46.393623,376.217270,487.672033,-132.088823,272.207031,507.079232,-148.509312,374.506187,501.962886,-150.970812,285.871525,515.190039,-171.111851,368.014221,500.846486,-134.602566,289.060516,511.407309,-143.183870,365.235519,494.868186,-0.000000,287.263222,506.159878,-141.198626,331.235313,342.585511,-40.514359,294.427643,339.791551,40.598345,319.501705,256.940432,-126.839981,303.447838,255.220685,63.077216,0.000000,163.854303,-0.000000,330.591621,189.018574,156.377029,327.133942,146.374583,-163.190384,342.314301,180.819383,161.786633,0.000000,142.484736,-274.256134,305.421944,167.427435,87.191448,
0.000000,0.000000,0.000000,0.000000,0.000000,0.000000,0.000000,0.000000,0.000000,0.000000,0.000000,0.000000,0.000000,0.000000,0.000000,0.000000,0.000000,0.000000,0.000000,0.000000,0.000000,0.000000,0.000000,0.000000,0.000000,0.000000,0.000000,0.000000,0.000000,0.000000,0.000000,0.000000,0.000000,0.000000,0.000000,0.000000,0.000000,0.000000,0.000000,0.000000,0.000000,0.000000,0.000000,0.000000,0.000000,0.000000,0.000000,0.000000,0.000000,0.000000,0.000000,0.000000,321.330261,0.000000,-110.577269,325.851364,482.890062,-90.337944,328.296623,482.836955,-90.247707,330.751724,0.000000,-0.000000,318.514957,483.956552,-0.000000,315.587578,484.735637,-97.571144,312.362919,485.555964,-97.574120,332.889938,483.266730,15.006534,303.375397,487.278264,-6.073692,323.821373,466.975164,-64.806557,315.625248,468.772995,-75.031404,347.531128,453.608065,55.519667,278.236904,461.895232,66.606345,399.524498,0.000000,-19.907395,227.665024,479.529426,-14.606199,375.473099,486.189008,-117.910051,275.644131,0.000000,-88.517799,374.024544,500.891440,-138.133316,289.191780,514.133141,-107.677221,367.446098,499.673245,-123.265495,292.029076,0.000000,-81.421127,364.336700,493.495023,-114.765368,289.759331,504.818301,-81.125097,331.200142,342.699366,-41.335263,294.545231,339.777088,41.445055,319.476986,257.082353,-133.665466,303.659210,255.351062,0.000000,0.000000,163.569174,-165.839157,330.777855,189.977946,177.491512,327.150536,146.291242,-174.134331,342.493553,181.806650,183.856640,289.026699,142.473192,-286.034889,305.915985,168.853083,111.806488,
0.000000,0.000000,0.000000,0.000000,0.000000,0.000000,0.000000,0.000000,0.000000,0.000000,0.000000,0.000000,0.000000,0.000000,0.000000,0.000000,0.000000,0.000000,0.000000,0.000000,0.000000,0.000000,0.000000,0.000000,0.000000,0.000000,0.000000,0.000000,0.000000,0.000000,0.000000,0.000000,0.000000,0.000000,0.000000,0.000000,0.000000,0.000000,0.000000,0.000000,0.000000,0.000000,0.000000,0.000000,0.000000,0.000000,0.000000,0.000000,0.000000,0.000000,0.000000,0.000000,322.124825,473.699870,-105.068970,326.569061,482.346647,-85.810871,328.818703,482.268777,-85.727196,331.262054,482.255988,-0.000000,319.213963,483.465579,-93.787556,316.346321,484.267066,-93.824596,313.186188,485.151680,-93.825150,333.038177,482.681966,17.935187,304.583435,486.871941,-0.000000,324.271011,466.482325,-61.050034,316.156406,468.366244,-71.271529,347.498245,453.297250,59.010649,278.559513,462.144721,65.734444,399.139977,445.152283,-15.911844,228.796730,479.566655,-26.767066,375.112724,485.249827,-110.920095,279.075871,505.809560,-105.766230,373.694191,500.012362,-130.357084,291.754246,513.509302,-126.169605,367.138176,498.826182,-115.311003,294.318657,508.943131,-99.363022,363.909912,492.593608,-107.590437,291.833591,504.027779,-98.365088,331.104660,343.271513,-38.238075,294.446678,339.863262,38.348129,319.564552,257.494040,-132.706890,303.782139,255.451870,64.199004,319.884071,163.666377,-156.284733,330.773125,190.422678,155.287199,327.184372,146.325874,-163.903179,342.618408,182.267904,160.666218,289.230194,142.530742,-271.818581,306.016502,169.721088,88.207989,
0.000000,0.000000,0.000000,0.000000,0.000000,0.000000,0.000000,0.000000,0.000000,0.000000,0.000000,0.000000,0.000000,0.000000,0.000000,0.000000,0.000000,0.000000,0.000000,0.000000,0.000000,0.000000,0.000000,0.000000,0.000000,0.000000,0.000000,0.000000,0.000000,0.000000,0.000000,0.000000,0.000000,0.000000,0.000000,0.000000,0.000000,0.000000,0.000000,0.000000,0.000000,0.000000,0.000000,0.000000,0.000000,0.000000,0.000000,0.000000,0.000000,0.000000,0.000000,0.000000,321.604691,473.217330,-104.689665,326.206894,481.507974,-86.811466,328.496475,481.452913,-0.000000,0.000000,481.407015,-86.779537,318.712559,482.900534,-93.617811,315.772133,483.862889,-93.649521,312.674065,484.811983,-93.649797,0.000000,482.122886,12.733443,304.571114,486.682792,-4.212791,324.090424,466.149023,-62.550955,315.804482,0.000000,-70.613532,347.338943,453.030338,56.139274,278.567047,462.157831,67.960968,398.691292,0.000000,-17.157310,229.265175,479.491124,4.354126,374.916000,484.772823,-110.414076,279.866276,505.604746,-47.503457,373.537369,499.541817,-128.926191,292.296391,513.368797,-63.014007,366.775436,498.469706,-114.179239,295.089836,508.868823,-39.002090,363.737564,492.411540,-107.173777,292.716312,503.599977,-40.667229,331.045418,343.259325,-39.255326,294.366302,339.845366,39.370568,319.698448,257.614846,-130.318785,303.827248,255.435090,65.059080,319.679966,163.674874,-154.007998,330.707169,190.416241,154.351244,326.854095,146.369691,-161.543846,342.635994,182.487931,159.702988,289.261017,142.584000,-270.055504,305.776176,169.716024,87.437878,
0.000000,0.000000,0.000000,0.000000,0.000000,0.000000,0.000000,0.000000,0.000000,0.000000,0.000000,0.000000,0.000000,0.000000,0.000000,0.000000,0.000000,0.000000,0.000000,0.000000,0.000000,0.000000,0.000000,0.000000,0.000000,0.000000,0.000000,0.000000,0.000000,0.000000,0.000000,0.000000,0.000000,0.000000,0.000000,0.000000,0.000000,0.000000,0.000000,0.000000,0.000000,0.000000,0.000000,0.000000,0.000000,0.000000,0.000000,0.000000,0.000000,0.000000,0.000000,0.000000,321.923866,473.146327,-104.668226,326.588669,481.463706,-87.323999,328.875923,481.383069,-87.250147,331.325760,481.363091,-87.293854,319.004154,482.841589,-93.272552,0.000000,483.688545,-93.301945,312.970390,484.576657,-93.300428,333.301620,481.976845,13.099588,305.111942,486.285224,-5.181882,324.291153,465.911980,-63.434439,316.006660,467.840638,-70.587988,347.273560,452.593546,53.457727,278.750706,462.188344,64.239111,398.118324,444.151089,-25.658603,229.515190,479.646006,-21.593449,375.409126,484.282730,-122.941151,280.414543,505.241768,-93.831329,373.897018,498.881414,-142.745104,293.033848,512.768347,-112.979155,367.087097,497.877216,-127.588387,295.598965,508.350384,-86.062689,364.013405,491.926961,-119.651995,293.140659,503.425913,-86.238947,331.024590,343.310094,-37.951324,294.452515,339.806314,38.055511,319.819298,257.649093,-118.700056,303.925724,255.341277,59.487548,319.648743,164.112611,-138.948498,330.713463,190.345345,141.970692,326.839523,146.692371,-146.013241,342.638283,182.476087,146.274700,289.638977,142.856812,-252.525387,305.573883,169.696541,74.697199,
0.000000,0.000000,0.000000,0.000000,0.000000,0.000000,0.000000,0.000000,0.000000,0.000000,0.000000,0.000000,0.000000,0.000000,0.000000,0.000000,0.000000,0.000000,0.000000,0.000000,0.000000,0.000000,0.000000,0.000000,0.000000,0.000000,0.000000,0.000000,0.000000,0.000000,0.000000,0.000000,0.000000,0.000000,0.000000,0.000000,0.000000,0.000000,0.000000,0.000000,0.000000,0.000000,0.000000,0.000000,0.000000,0.000000,0.000000,0.000000,0.000000,0.000000,0.000000,0.000000,322.308731,472.872977,-107.294607,326.956444,481.217930,-89.362040,329.185295,481.175165,-89.282742,331.671677,481.199241,-89.325733,319.420586,482.554915,-95.563450,316.492825,483.336704,-95.592051,313.419247,484.206254,-95.585499,333.512039,481.856189,0.000000,305.582581,486.056786,-6.991934,324.574699,465.660474,-63.632331,316.359463,467.561131,-72.673087,347.102661,452.619209,52.909989,278.819580,462.203043,65.032082,398.067551,444.456518,-26.009469,229.102631,479.791059,-16.025007,375.957985,484.001591,-125.603752,280.342903,505.076072,-86.042366,374.528008,498.691664,-146.335926,293.023472,512.520919,-105.157366,367.719955,497.581315,-130.656338,295.672112,508.076134,-78.500814,364.352951,491.566665,-122.149754,293.196831,503.257856,-78.467917,331.020432,343.309922,-38.913207,294.489899,339.809446,0.000000,319.852791,257.667289,-123.458500,304.007320,255.377584,67.188387,319.647484,164.112740,-147.251892,330.993919,190.819216,0.000000,326.852112,146.691341,-0.000000,342.806931,182.960858,176.252327,289.654121,142.853508,-266.092415,305.878849,170.089860,104.213924,
0.000000,0.000000,0.000000,0.000000,0.000000,0.000000,0.000000,0.000000,0.000000,0.000000,0.000000,0.000000,0.000000,0.000000,0.000000,0.000000,0.000000,0.000000,0.000000,0.000000,0.000000,0.000000,0.000000,0.000000,0.000000,0.000000,0.000000,0.000000,0.000000,0.000000,0.000000,0.000000,0.000000,0.000000,0.000000,0.000000,0.000000,0.000000,0.000000,0.000000,0.000000,0.000000,0.000000,0.000000,0.000000,0.000000,0.000000,0.000000,0.000000,0.000000,0.000000,0.000000,322.566147,472.904370,-115.275936,327.269402,481.195357,-98.686008,329.514809,481.160295,-98.601027,332.056961,481.210978,-98.641996,319.755096,482.468054,-0.000000,316.837101,483.233063,-103.664131,0.000000,484.102871,-103.651686,334.273643,481.867132,6.724163,305.826015,486.008012,-16.767298,324.983978,465.686610,-0.000000,316.820412,467.628143,-80.973940,347.264595,0.000000,46.806583,0.000000,462.213557,54.877691,399.223022,444.735789,-36.203187,228.424950,480.159831,-39.760144,376.804352,484.111454,-132.382584,280.291233,504.986701,-123.060837,375.020027,498.695376,-152.883091,292.814598,512.371809,-143.708477,368.186035,497.498939,-137.195683,295.560551,508.074911,-116.525211,364.991455,491.485555,-128.839140,293.112144,503.281975,-115.652437,331.016998,343.275418,-39.635143,294.544182,339.759064,39.731057,319.862251,257.666988,-113.243399,304.023380,255.348916,56.436195,319.653530,164.114242,-0.000000,330.379868,190.780592,132.382984,326.902390,146.703014,-133.866806,342.666512,182.089162,135.756712,289.666595,142.860031,-240.674534,304.838295,0.000000,62.880602,
0.000000,0.000000,0.000000,0.000000,0.000000,0.000000,0.000000,0.000000,0.000000,0.000000,0.000000,0.000000,0.000000,0.000000,0.000000,0.000000,0.000000,0.000000,0.000000,0.000000,0.000000,0.000000,0.000000,0.000000,0.000000,0.000000,0.000000,0.000000,0.000000,0.000000,0.000000,0.000000,0.000000,0.000000,0.000000,0.000000,0.000000,0.000000,0.000000,0.000000,0.000000,0.000000,0.000000,0.000000,0.000000,0.000000,0.000000,0.000000,0.000000,0.000000,0.000000,0.000000,322.593651,473.014061,-128.569393,327.324638,481.362920,-112.628717,329.703712,481.341226,-112.549572,332.199020,481.397574,-112.596121,319.963036,482.595599,-116.098642,317.049599,483.331490,-116.122875,313.946075,484.155078,-116.099434,334.723167,481.976953,-10.038168,0.000000,486.038203,-27.775905,325.199471,465.842006,-88.085852,317.090702,467.664471,-93.748941,347.827568,452.276123,31.179178,278.980103,462.206540,48.186064,402.313042,444.707723,-55.801229,226.812229,480.744317,-31.442196,378.293724,484.130166,-154.940338,279.995766,504.971166,-99.373274,375.961227,498.704903,-176.773834,292.645531,512.395027,-118.536034,369.103813,497.435231,-159.652424,295.478172,508.168423,-91.766691,366.091232,491.395133,-150.876617,293.048344,503.348579,-91.856327,0.000000,343.191562,-40.260887,294.574394,339.756145,40.353303,319.961128,257.667418,-110.192347,304.177284,255.347929,57.701364,319.649353,164.473014,-116.610603,330.392418,190.749950,138.537655,326.917953,146.827683,-122.449608,342.619858,182.102294,142.407742,289.647923,142.862306,-230.560188,304.751015,169.641438,70.678034,
0.000000,0.000000,0.000000,0.000000,0.000000,0.000000,0.000000,0.000000,0.000000,0.000000,0.000000,0.000000,0.000000,0.000000,0.000000,0.000000,0.000000,0.000000,0.000000,0.000000,0.000000,0.000000,0.000000,0.000000,0.000000,0.000000,0.000000,0.000000,0.000000,0.000000,0.000000,0.000000,0.000000,0.000000,0.000000,0.000000,0.000000,0.000000,0.000000,0.000000,0.000000,0.000000,0.000000,0.000000,0.000000,0.000000,0.000000,0.000000,0.000000,0.000000,0.000000,0.000000,322.516708,473.062277,-126.601429,327.267227,481.484756,-0.000000,329.810486,481.459694,-111.107769,332.320213,481.519389,-111.153517,320.009422,482.692952,-113.761044,317.097282,483.409467,-113.783131,313.989353,484.212391,-113.760910,335.374527,482.061775,-12.138565,306.182060,486.065412,-25.760942,325.250359,465.883720,-87.692289,317.119656,467.762682,-92.155857,348.883820,452.135167,26.187346,279.017735,462.213128,47.918243,406.043320,444.587774,-60.276537,225.798664,481.156690,-30.052831,380.093765,484.261894,-153.213367,277.936859,504.981658,-95.684948,377.225685,0.000000,-174.544010,292.063141,512.407537,-114.416037,370.601273,497.507329,-158.041019,294.995823,508.239341,-86.434479,367.944412,491.476908,-149.229765,292.644196,503.440053,-87.715044,331.126785,343.098178,-40.563602,294.606323,339.664478,40.644855,320.021439,257.629309,-106.851025,304.228096,255.137472,41.189547,319.716682,164.397054,-113.354740,329.894829,187.467527,97.376804,327.038040,146.815796,-118.881369,342.397156,179.156370,98.407488,289.987335,143.170223,-222.992973,303.217125,166.665516,25.097384,
0.000000,0.000000,0.000000,0.000000,0.000000,0.000000,0.000000,0.000000,0.000000,0.000000,0.000000,0.000000,0.000000,0.000000,0.000000,0.000000,0.000000,0.000000,0.000000,0.000000,0.000000,0.000000,0.000000,0.000000,0.000000,0.000000,0.000000,0.000000,0.000000,0.000000,0.000000,0.000000,0.000000,0.000000,0.000000,0.000000,0.000000,0.000000,0.000000,0.000000,0.000000,0.000000,0.000000,0.000000,0.000000,0.000000,0.000000,0.000000,0.000000,0.000000,0.000000,0.000000,322.355652,473.178449,-123.324909,327.076912,481.569021,-108.283577,329.615707,481.557648,-108.210487,332.104874,481.618609,-108.255501,319.933414,482.772646,-110.190105,317.061558,483.495147,-110.212612,313.956642,484.296806,-110.193405,335.197029,482.129602,-11.544274,306.151371,486.093285,-22.195098,325.089188,465.927086,-85.264139,317.015266,467.799675,-88.624964,349.738503,451.964965,25.877171,279.087429,462.193172,50.278654,0.000000,444.599619,-59.931421,224.223251,481.542628,-2.654335,381.707993,484.350471,-141.006193,275.915318,505.261316,-45.429115,378.175926,498.866823,-159.413147,290.377617,512.750945,-60.445247,371.687508,497.545094,-142.626743,294.294376,508.864188,-33.001819,369.337921,491.494610,-136.571398,291.737862,504.251068,-37.150550,331.285477,342.554784,-41.222982,0.000000,339.313731,41.284852,320.178490,257.539873,-107.642117,304.412117,255.085073,37.583365,321.053123,164.394650,-113.847246,329.905891,186.496439,90.973301,327.986717,147.013292,-119.262009,341.792526,176.127148,91.698065,290.831184,143.417716,-222.958775,301.295528,165.020013,18.809652,
0.000000,0.000000,0.000000,0.000000,0.000000,0.000000,0.000000,0.000000,0.000000,0.000000,0.000000,0.000000,0.000000,0.000000,0.000000,0.000000,0.000000,0.000000,0.000000,0.000000,0.000000,0.000000,0.000000,0.000000,0.000000,0.000000,0.000000,0.000000,0.000000,0.000000,0.000000,0.000000,0.000000,0.000000,0.000000,0.000000,0.000000,0.000000,0.000000,0.000000,0.000000,0.000000,0.000000,0.000000,0.000000,0.000000,0.000000,0.000000,0.000000,0.000000,0.000000,0.000000,321.434631,473.810205,-124.623852,326.786842,481.683390,-110.086384,329.265709,481.650989,-110.015869,332.021141,481.656632,-110.061655,319.362831,482.962868,-110.220470,316.462460,483.701484,-110.234756,313.282776,484.474089,-0.000000,335.063248,482.168806,-18.014832,305.962257,486.122661,-20.185549,324.598427,466.079371,-88.428907,315.714417,468.023093,-89.324055,350.553513,451.441870,0.000000,279.125633,461.917763,52.003732,411.442871,444.444609,-69.807005,223.781433,481.993968,15.871748,382.917023,484.425852,-146.166325,274.148712,505.343091,-17.697754,378.703690,498.878796,-164.067936,288.392487,513.069956,-31.621401,371.998329,497.482030,-145.885696,0.000000,509.493949,-5.343106,369.923363,491.500769,-140.993605,290.464592,504.576452,-9.805161,331.278229,341.865864,-44.011288,294.728279,0.000000,44.036379,320.168419,257.364564,-107.631302,305.040894,255.089149,43.106189,321.289520,164.221573,-113.214750,330.263252,186.510944,101.901302,328.689041,146.850772,-118.393707,0.000000,175.567017,103.397007,291.000710,143.898067,-221.425362,301.399994,165.221071,33.052304,
0.000000,0.000000,0.000000,0.000000,0.000000,0.000000,0.000000,0.000000,0.000000,0.000000,0.000000,0.000000,0.000000,0.000000,0.000000,0.000000,0.000000,0.000000,0.000000,0.000000,0.000000,0.000000,0.000000,0.000000,0.000000,0.000000,0.000000,0.000000,0.000000,0.000000,0.000000,0.000000,0.000000,0.000000,0.000000,0.000000,0.000000,0.000000,0.000000,0.000000,0.000000,0.000000,0.000000,0.000000,0.000000,0.000000,0.000000,0.000000,0.000000,0.000000,0.000000,0.000000,320.203743,474.474556,-132.953739,326.216049,482.031026,-119.121027,328.772774,481.985149,-119.056454,331.468925,481.933715,-119.102726,318.062897,483.307714,-116.504126,314.945564,484.046052,-0.000000,0.000000,484.737718,-116.470947,335.044670,482.215755,-30.426869,305.386105,486.163473,-20.385435,324.034920,466.264551,-98.178530,314.266014,468.206255,-95.427990,351.026077,451.450796,-3.451005,279.167671,461.921046,58.147035,412.844048,444.466774,-96.198959,223.303776,0.000000,44.087539,383.187447,484.579639,-182.429390,271.878815,505.470014,18.998191,378.633118,499.095926,-205.280743,285.631065,513.459692,6.553427,371.878586,497.503531,-187.612133,291.007595,510.055776,29.655108,369.977455,491.542869,-178.009605,288.581085,505.013330,25.827320,331.297646,341.676607,-51.833153,294.955387,339.016843,51.861362,320.161362,257.151661,-108.837185,306.241264,0.000000,62.135615,322.212143,163.983521,-112.212410,330.309143,186.791439,146.013813,329.608536,146.832876,-117.005386,341.344986,176.559134,150.117722,290.943050,144.427171,-223.533573,302.019234,166.123066,79.253602,
0.000000,0.000000,0.000000,0.000000,0.000000,0.000000,0.000000,0.000000,0.000000,0.000000,0.000000,0.000000,0.000000,0.000000,0.000000,0.000000,0.000000,0.000000,0.000000,0.000000,0.000000,0.000000,0.000000,0.000000,0.000000,0.000000,0.000000,0.000000,0.000000,0.000000,0.000000,0.000000,0.000000,0.000000,0.000000,0.000000,0.000000,0.000000,0.000000,0.000000,0.000000,0.000000,0.000000,0.000000,0.000000,0.000000,0.000000,0.000000,0.000000,0.000000,0.000000,0.000000,318.141117,475.532656,-129.358425,324.927292,483.113329,-115.243587,327.663956,483.076894,-115.178709,330.246964,482.932763,-115.224533,316.385193,484.131196,-116.221724,313.322201,484.778187,-116.188221,310.273342,485.369303,-116.126785,334.868164,0.000000,-29.334655,305.148964,486.364338,-12.555934,322.671051,466.911972,-94.570570,312.404995,469.007957,-93.357124,351.627769,451.465731,-0.000000,279.640923,461.872487,73.688812,414.186783,444.509819,-91.653042,223.061638,482.850280,97.102222,382.825851,485.292656,-170.092297,270.304775,506.070185,111.921091,378.348007,499.817269,-191.585140,0.000000,514.286757,105.991955,371.631393,497.819195,-174.465809,289.261227,511.155953,126.836348,369.649010,491.946273,-165.852184,286.935215,505.993581,118.819218,331.489029,341.328821,-54.162207,295.403099,338.957620,54.178262,320.155373,256.853743,-109.117365,306.271400,255.119147,55.240445,322.519073,164.115314,-111.055269,330.064011,184.203429,107.190685,329.942894,146.833606,-115.636234,341.269913,174.670773,107.511721,292.471466,145.135875,-218.356438,300.569611,164.044075,36.865025,
0.000000,0.000000,0.000000,0.000000,0.000000,0.000000,0.000000,0.000000,0.000000,0.000000,0.000000,0.000000,0.000000,0.000000,0.000000,0.000000,0.000000,0.000000,0.000000,0.000000,0.000000,0.000000,0.000000,0.000000,0.000000,0.000000,0.000000,0.000000,0.000000,0.000000,0.000000,0.000000,0.000000,0.000000,0.000000,0.000000,0.000000,0.000000,0.000000,0.000000,0.000000,0.000000,0.000000,0.000000,0.000000,0.000000,0.000000,0.000000,0.000000,0.000000,0.000000,0.000000,315.557957,476.149800,-122.863770,322.751541,483.856559,-111.229687,325.969238,483.829544,-111.194334,328.720779,483.705969,-111.257877,313.598995,484.773617,-103.994370,310.719910,485.361450,-103.961277,307.798195,0.000000,-103.920841,334.010963,483.090413,-25.935261,304.736938,486.583400,3.582409,321.102257,467.219396,-93.714228,310.272007,469.397242,-82.601004,352.011948,451.585207,-2.037656,280.623474,0.000000,99.925041,414.581833,444.731991,-87.016993,223.289814,483.163025,145.244932,382.467728,486.419270,-169.356041,269.223690,506.935101,168.343925,377.763252,500.855734,-187.737770,281.332455,515.395839,165.636158,371.423683,498.506162,-169.493446,286.961365,512.841239,184.964561,369.463577,492.715487,-162.907372,285.136681,507.830937,0.000000,331.485977,340.509825,-60.292168,296.233120,338.817244,60.329738,319.868469,256.372447,-118.004599,306.635494,255.121508,69.014292,322.545204,164.082227,-126.232405,330.114975,184.808278,0.000000,330.375938,146.691728,-131.120348,341.220436,176.383481,139.190502,292.111568,145.122056,-233.354683,302.756348,165.696702,73.241949,
0.000000,0.000000,0.000000,0.000000,0.000000,0.000000,0.000000,0.000000,0.000000,0.000000,0.000000,0.000000,0.000000,0.000000,0.000000,0.000000,0.000000,0.000000,0.000000,0.000000,0.000000,0.000000,0.000000,0.000000,0.000000,0.000000,0.000000,0.000000,0.000000,0.000000,0.000000,0.000000,0.000000,0.000000,0.000000,0.000000,0.000000,0.000000,0.000000,0.000000,0.000000,0.000000,0.000000,0.000000,0.000000,0.000000,0.000000,0.000000,0.000000,0.000000,0.000000,0.000000,313.237000,477.036839,-122.702227,320.218124,485.004694,-111.845646,323.717384,484.976585,-0.000000,326.856194,484.880176,-111.875353,311.115208,485.785818,-103.959179,308.358650,486.330929,-103.927402,305.989113,0.000000,-103.893967,0.000000,484.177437,-34.962125,304.466152,487.349782,1.995997,319.406128,467.899625,-93.129959,308.535156,470.355520,-82.504253,352.012863,452.014747,-15.581419,281.366234,462.800810,102.662773,413.514175,446.289153,-99.150906,223.352146,483.483195,160.157070,381.074829,488.064687,-167.662792,0.000000,508.120379,192.829914,374.786186,502.592669,-183.290806,279.594059,516.960704,0.000000,368.924217,500.096948,-162.940598,284.975185,514.844141,212.399406,367.377930,493.818240,-161.112652,283.534813,510.253572,199.161797,331.249466,339.448442,-64.471192,0.000000,338.648415,64.531493,319.135799,255.828838,-126.528149,307.570038,254.897404,70.450258,322.515373,163.712597,-139.683170,330.135460,184.993973,135.060959,330.577507,146.235580,-144.675198,340.874367,175.656667,137.524166,291.061916,0.000000,-243.083305,302.133636,165.748243,70.286064,
0.000000,0.000000,0.000000,0.000000,0.000000,0.000000,0.000000,0.000000,0.000000,0.000000,0.000000,0.000000,0.000000,0.000000,0.000000,0.000000,0.000000,0.000000,0.000000,0.000000,0.000000,0.000000,0.000000,0.000000,0.000000,0.000000,0.000000,0.000000,0.000000,0.000000,0.000000,0.000000,0.000000,0.000000,0.000000,0.000000,0.000000,0.000000,0.000000,0.000000,0.000000,0.000000,0.000000,0.000000,0.000000,0.000000,0.000000,0.000000,0.000000,0.000000,0.000000,0.000000,310.421753,478.746822,-134.965954,317.177925,486.592369,-126.881275,320.757942,486.686332,-126.822548,324.078293,486.691310,-126.899061,308.790188,487.164817,-115.304985,306.649780,487.649717,-115.265007,304.818935,488.043895,-115.292406,331.276817,485.443847,-56.320915,304.442940,488.028574,-1.270131,317.107906,469.733012,-107.480946,306.820412,0.000000,-92.919207,351.923141,452.467782,-39.553559,282.923164,463.185031,96.388721,0.000000,448.164639,-130.054598,227.424641,484.320431,161.177578,377.159805,489.791794,-0.000000,267.984314,509.356706,189.380989,370.057755,503.913474,-202.799492,279.072933,518.183277,191.668320,0.000000,501.389751,-182.426796,284.716835,515.826666,206.051693,362.627220,494.856341,-177.503376,283.410645,511.505241,194.269485,330.221596,338.997874,-67.034636,298.052158,338.744459,67.161307,317.332363,255.808797,-137.480907,310.469322,255.972219,96.260891,322.495651,163.951421,-158.153791,0.000000,186.162558,187.088356,330.573959,146.201119,-163.852940,341.605492,175.720654,191.729774,289.416847,144.526863,-264.566097,304.035091,0.000000,127.184525,
0.000000,0.000000,0.000000,0.000000,0.000000,0.000000,0.000000,0.000000,0.000000,0.000000,0.000000,0.000000,0.000000,0.000000,0.000000,0.000000,0.000000,0.000000,0.000000,0.000000,0.000000,0.000000,0.000000,0.000000,0.000000,0.000000,0.000000,0.000000,0.000000,0.000000,0.000000,0.000000,0.000000,0.000000,0.000000,0.000000,0.000000,0.000000,0.000000,0.000000,0.000000,0.000000,0.000000,0.000000,0.000000,0.000000,0.000000,0.000000,0.000000,0.000000,0.000000,0.000000,308.268490,479.179752,-0.000000,314.294834,0.000000,-128.481703,317.682991,487.280602,-128.433609,321.152382,487.443788,-128.512344,306.806087,487.321372,-115.267582,305.144539,487.748809,-115.228300,303.428535,488.111014,-115.262308,329.442482,486.397898,-68.087873,304.200535,488.191094,-2.091039,0.000000,470.693028,-109.373178,305.744991,472.982798,-92.748709,351.845474,452.789605,-56.334019,285.510254,463.655641,96.840658,413.023605,449.541235,-154.604139,235.502968,485.289073,167.488518,369.459381,491.778882,-200.145226,268.296318,510.681117,197.375832,362.231407,505.454929,-219.771099,279.081211,0.000000,200.210934,357.355728,503.370788,-198.246250,284.533787,517.792425,212.359047,355.960159,496.714447,-192.766132,283.572350,513.503058,201.063042,328.781052,338.796773,-69.891539,299.080009,338.829947,70.029016,316.157684,255.751934,-136.553011,310.956631,256.827865,0.000000,322.301559,164.152694,-155.527973,331.330376,187.661548,190.589809,330.563431,146.284118,-160.825634,341.989326,179.153795,195.077782,288.571510,144.626513,-258.814297,305.087090,170.544376,0.000000,
0.000000,0.000000,0.000000,0.000000,0.000000,0.000000,0.000000,0.000000,0.000000,0.000000,0.000000,0.000000,0.000000,0.000000,0.000000,0.000000,0.000000,0.000000,0.000000,0.000000,0.000000,0.000000,0.000000,0.000000,0.000000,0.000000,0.000000,0.000000,0.000000,0.000000,0.000000,0.000000,0.000000,0.000000,0.000000,0.000000,0.000000,0.000000,0.000000,0.000000,0.000000,0.000000,0.000000,0.000000,0.000000,0.000000,0.000000,0.000000,0.000000,0.000000,0.000000,0.000000,304.111633,479.379952,-110.068254,308.991146,487.198656,-110.447512,311.701660,487.515650,-110.406208,0.000000,487.777047,-110.487728,303.485107,487.343516,-91.459923,302.268257,487.767498,-91.419811,301.068363,488.126228,-91.490250,325.951004,486.793878,-58.541641,303.974342,488.264158,14.877737,310.216064,471.626673,-94.143314,303.126678,473.684592,-69.609995,350.696182,452.903330,-54.723940,288.397732,463.648152,115.955362,406.401100,451.601837,-161.735687,243.761578,486.286597,201.819801,363.233566,0.000000,-211.061268,268.511963,0.000000,0.000000,355.619469,506.486442,-231.558075,279.495201,520.953226,238.398819,350.440407,504.932520,-212.267017,0.000000,518.959315,247.810974,349.416237,498.333364,-204.510078,283.700867,514.539421,236.681805,328.148346,338.787160,-73.646173,300.306244,338.882432,73.811903,0.000000,256.054230,-148.187151,311.076717,257.799211,103.813181,321.944656,0.000000,-180.001678,331.332474,188.066669,182.590294,330.553780,0.000000,-185.950146,341.989479,179.969187,185.765724,287.879429,144.627757,-277.899113,305.179443,171.438131,126.632957,
0.000000,0.000000,0.000000,0.000000,0.000000,0.000000,0.000000,0.000000,0.000000,0.000000,0.000000,0.000000,0.000000,0.000000,0.000000,0.000000,0.000000,0.000000,0.000000,0.000000,0.000000,0.000000,0.000000,0.000000,0.000000,0.000000,0.000000,0.000000,0.000000,0.000000,0.000000,0.000000,0.000000,0.000000,0.000000,0.000000,0.000000,0.000000,0.000000,0.000000,0.000000,0.000000,0.000000,0.000000,0.000000,0.000000,0.000000,0.000000,0.000000,0.000000,0.000000,0.000000,0.000000,479.770353,-106.724482,303.970032,487.390165,-108.337784,306.154575,487.791595,-108.299417,308.452816,488.160152,-108.378134,299.888878,487.413833,-88.062267,299.135647,487.816164,-88.035526,298.253136,488.156977,-88.105221,321.035309,487.415442,-67.858138,303.580418,488.359709,16.824329,305.715790,472.606838,-92.966433,0.000000,474.335189,-66.534348,347.851715,452.993174,-71.044359,292.882385,463.292813,121.473503,0.000000,453.448398,-172.711563,251.149292,486.828940,237.728081,355.297546,493.994665,-206.722393,269.860134,512.014947,303.770905,347.251053,507.580118,-223.774281,279.786224,521.517198,315.156097,342.853241,506.762173,-207.879982,285.031586,519.932871,324.337540,342.579689,0.000000,-200.968399,283.783569,515.514221,307.215481,327.070389,338.688626,-77.966051,0.000000,338.883805,78.089280,313.230076,255.969687,-144.785032,311.205292,258.142147,107.935658,321.602364,163.897562,-180.247707,331.289101,188.222795,177.148018,330.542641,146.456852,-186.142483,341.389923,179.746628,179.724579,286.512852,144.605913,-270.240211,304.894009,172.598562,128.681412,
0.000000,0.000000,0.000000,0.000000,0.000000,0.000000,0.000000,0.000000,0.000000,0.000000,0.000000,0.000000,0.000000,0.000000,0.000000,0.000000,0.000000,0.000000,0.000000,0.000000,0.000000,0.000000,0.000000,0.000000,0.000000,0.000000,0.000000,0.000000,0.000000,0.000000,0.000000,0.000000,0.000000,0.000000,0.000000,0.000000,0.000000,0.000000,0.000000,0.000000,0.000000,0.000000,0.000000,0.000000,0.000000,0.000000,0.000000,0.000000,0.000000,0.000000,0.000000,0.000000,297.731171,480.157835,-110.183811,300.838718,487.625020,-112.221327,302.864647,488.151848,-112.187328,304.934235,488.684213,-112.255545,296.904755,487.471898,-91.969471,296.206875,487.841785,-91.948338,295.473728,488.167126,-92.001314,317.769203,488.652563,-82.425213,302.947941,488.514612,11.947044,303.802338,473.518102,-98.023987,298.782921,474.511979,-70.499091,345.350838,453.279333,-93.581133,297.973118,462.896340,118.273487,376.614227,454.998136,-203.150539,262.238522,486.758280,0.000000,346.035576,495.480137,-235.991936,272.417297,511.872017,370.215302,338.972740,508.329077,-251.952381,279.855385,521.303523,388.721924,335.671310,507.880526,-241.448975,0.000000,519.834466,395.509491,335.765991,501.745520,-232.246265,283.831940,515.367858,373.906174,324.947090,338.708282,-82.078686,304.315796,338.988090,82.167788,311.697178,255.964108,-144.021349,312.236481,258.196521,113.868465,0.000000,163.694959,-179.999638,331.319962,187.795358,176.673241,330.534821,146.245666,-185.501804,341.266174,178.605123,178.859749,285.079918,144.166374,-264.777679,304.865990,0.000000,135.197926,
0.000000,0.000000,0.000000,0.000000,0.000000,0.000000,0.000000,0.000000,0.000000,0.000000,0.000000,0.000000,0.000000,0.000000,0.000000,0.000000,0.000000,0.000000,0.000000,0.000000,0.000000,0.000000,0.000000,0.000000,0.000000,0.000000,0.000000,0.000000,0.000000,0.000000,0.000000,0.000000,0.000000,0.000000,0.000000,0.000000,0.000000,0.000000,0.000000,0.000000,0.000000,0.000000,0.000000,0.000000,0.000000,0.000000,0.000000,0.000000,0.000000,0.000000,0.000000,0.000000,295.375614,480.211287,-156.347733,298.862953,487.975810,-158.359118,301.276817,488.582847,-158.343067,303.767147,489.258850,-158.414631,0.000000,487.601438,-137.315569,292.552586,487.885752,-137.273121,291.333809,488.169916,-137.326307,315.567055,489.562004,-122.012119,300.262508,488.529181,-26.593449,302.694187,473.654165,-140.536213,296.612053,474.470308,-112.909279,340.548592,453.508394,-128.727551,303.557549,462.876041,77.408738,363.755417,458.310878,-290.584526,280.152588,487.135656,241.890297,0.000000,495.580366,-0.000000,279.643555,511.325104,353.975792,332.852936,508.530478,-425.608826,282.235165,520.479162,377.130661,329.889336,508.331566,-412.454224,286.331444,519.606607,370.253448,330.818405,502.421694,-396.739769,0.000000,515.085154,353.734741,321.542740,338.719139,-78.976908,306.990261,339.724774,79.065371,309.833469,256.358628,-141.329451,313.299503,260.475755,127.116232,321.072769,163.556900,-181.945553,331.871529,189.296708,208.604050,330.545807,146.253004,-187.550774,342.097244,180.142951,212.987633,284.336205,144.166203,-262.091026,305.838432,174.399762,177.976646,
0.000000,0.000000,0.000000,0.000000,0.000000,0.000000,0.000000,0.000000,0.000000,0.000000,0.000000,0.000000,0.000000,0.000000,0.000000,0.000000,0.000000,0.000000,0.000000,0.000000,0.000000,0.000000,0.000000,0.000000,0.000000,0.000000,0.000000,0.000000,0.000000,0.000000,0.000000,0.000000,0.000000,0.000000,0.000000,0.000000,0.000000,0.000000,0.000000,0.000000,0.000000,0.000000,0.000000,0.000000,0.000000,0.000000,0.000000,0.000000,0.000000,0.000000,0.000000,0.000000,291.628819,481.431949,-106.938648,294.989986,489.004147,-122.999697,296.840782,489.705384,-123.031607,298.894291,490.534358,-123.079729,292.095699,488.327780,-94.137249,291.762505,488.487146,-94.097776,291.369114,488.680201,-94.148264,310.790863,491.345930,-110.871286,300.393734,489.528573,-17.933285,299.510708,474.695120,-113.832951,295.294437,474.935274,-72.925806,337.721863,454.411654,-139.563961,309.682617,462.174933,80.721798,347.057762,465.162570,-315.030880,296.456490,487.075553,226.505318,329.076500,500.814085,-424.968414,293.327904,0.000000,321.594734,323.758125,511.441276,-452.554703,289.649696,0.000000,340.153999,321.484947,511.712587,-439.181900,290.137081,519.653084,332.505989,322.642784,506.037633,-422.065964,291.073513,515.847373,319.738655,320.031357,0.000000,-80.574217,308.386288,340.359192,80.606394,309.098549,256.356740,-137.733326,313.741722,260.323834,138.343887,320.354347,162.814507,-179.263039,331.999474,188.854079,0.000000,330.507126,145.195785,-184.887905,342.408142,178.873000,203.443623,282.546234,142.198920,-252.190609,305.895996,174.124203,177.049294,
0.000000,0.000000,0.000000,0.000000,0.000000,0.000000,0.000000,0.000000,0.000000,0.000000,0.000000,0.000000,0.000000,0.000000,0.000000,0.000000,0.000000,0.000000,0.000000,0.000000,0.000000,0.000000,0.000000,0.000000,0.000000,0.000000,0.000000,0.000000,0.000000,0.000000,0.000000,0.000000,0.000000,0.000000,0.000000,0.000000,0.000000,0.000000,0.000000,0.000000,0.000000,0.000000,0.000000,0.000000,0.000000,0.000000,0.000000,0.000000,0.000000,0.000000,0.000000,0.000000,288.956814,484.253397,-53.987455,292.704983,491.806648,-75.451899,294.113865,492.312276,-75.474367,295.600948,492.932210,-75.502005,291.306038,0.000000,-46.093445,291.610508,491.591105,-46.081176,291.837425,491.903293,-46.126714,308.388100,492.526209,-112.747850,301.376705,491.556387,7.807176,295.417061,0.000000,-67.992668,0.000000,477.127669,-28.600786,335.477104,456.919370,-165.340748,312.601376,462.177122,83.074312,327.421951,470.996718,-360.815315,299.643593,492.082100,227.221413,317.281857,503.161039,-492.143555,300.662537,513.718750,322.256737,313.611565,511.901114,-527.260857,301.743279,520.766094,339.305382,313.879509,513.969462,-517.234077,300.652828,520.384512,328.287735,314.810333,508.001182,-491.457977,300.741329,517.139812,318.372955,319.578800,339.204855,-87.046375,308.268585,341.335001,87.022371,308.405876,0.000000,-111.302280,313.642387,260.469575,130.162868,319.892082,163.613849,-122.909021,332.141838,188.872232,192.355747,330.501900,148.302984,-125.021629,342.411766,178.853774,196.461983,281.610260,142.217288,-189.615841,305.778561,173.538322,153.570604,
0.000000,0.000000,0.000000,0.000000,0.000000,0.000000,0.000000,0.000000,0.000000,0.000000,0.000000,0.000000,0.000000,0.000000,0.000000,0.000000,0.000000,0.000000,0.000000,0.000000,0.000000,0.000000,0.000000,0.000000,0.000000,0.000000,0.000000,0.000000,0.000000,0.000000,0.000000,0.000000,0.000000,0.000000,0.000000,0.000000,0.000000,0.000000,0.000000,0.000000,0.000000,0.000000,0.000000,0.000000,0.000000,0.000000,0.000000,0.000000,0.000000,0.000000,0.000000,0.000000,289.517174,487.276418,-69.804473,294.078789,495.136793,-87.957373,295.407600,495.451748,-0.000000,296.806393,495.889184,-87.987080,292.832279,495.233288,-62.082057,292.956123,495.561633,-62.073908,292.393646,496.081488,-62.117805,309.189110,493.689795,-130.524807,304.522133,494.145813,-4.016019,294.584808,480.301323,-77.512918,293.287010,479.703662,-43.791366,330.033455,458.158722,-181.944981,315.737553,462.032411,62.503486,318.318024,486.566749,-367.482681,297.432308,492.056952,210.171680,0.000000,507.347796,-478.969078,301.700497,514.279311,295.545235,310.450706,514.685183,-514.438362,303.145256,520.720067,309.712029,311.276245,514.051902,-506.360855,302.915192,520.341468,299.650574,311.323299,510.218103,-479.617805,0.000000,517.377799,291.809540,318.010712,339.649158,-88.572474,310.584755,342.401018,88.508759,307.395897,256.744823,-82.965431,313.887577,260.871992,139.141712,319.839897,164.874959,-75.223894,332.193794,188.854723,207.815361,330.661278,148.387570,-75.425887,342.518044,177.723083,212.402840,281.226540,142.849045,-140.325623,305.585518,173.414598,176.291618,
0.000000,0.000000,0.000000,0.000000,0.000000,0.000000,0.000000,0.000000,0.000000,0.000000,0.000000,0.000000,0.000000,0.000000,0.000000,0.000000,0.000000,0.000000,0.000000,0.000000,0.000000,0.000000,0.000000,0.000000,0.000000,0.000000,0.000000,0.000000,0.000000,0.000000,0.000000,0.000000,0.000000,0.000000,0.000000,0.000000,0.000000,0.000000,0.000000,0.000000,0.000000,0.000000,0.000000,0.000000,0.000000,0.000000,0.000000,0.000000,0.000000,0.000000,0.000000,0.000000,0.000000,490.499125,-72.376490,295.767727,499.061980,-90.319920,297.397404,499.184031,-90.330238,0.000000,499.323742,-90.358648,294.229279,499.314129,-63.061075,296.048088,499.456351,-0.000000,296.623573,499.654212,-63.101544,310.614719,494.278142,-128.655748,307.855110,495.221465,-3.889499,296.633415,482.675507,-0.000000,293.983612,482.282703,-45.710330,323.933296,457.995815,-183.901653,323.745728,462.201412,71.177034,309.103146,0.000000,-374.678116,304.563236,480.610743,253.941669,301.352425,502.999742,-529.841537,0.000000,510.762956,400.187492,299.624519,0.000000,-569.893265,301.178322,520.695026,426.511040,301.359825,508.988471,-564.992371,301.442413,520.223000,415.519142,301.816444,0.000000,-532.263489,301.181641,516.499214,398.616676,315.140018,339.517064,-87.724819,317.228127,342.409000,87.676487,305.761070,256.735854,-77.798524,314.750729,261.511002,163.607311,319.832096,0.000000,-75.052614,332.879944,189.654837,252.983665,330.807419,146.204467,-75.045547,343.541489,178.416338,260.188961,281.270866,142.852778,-131.093903,0.000000,175.465779,237.646923,
0.000000,0.000000,0.000000,0.000000,0.000000,0.000000,0.000000,0.000000,0.000000,0.000000,0.000000,0.000000,0.000000,0.000000,0.000000,0.000000,0.000000,0.000000,0.000000,0.000000,0.000000,0.000000,0.000000,0.000000,0.000000,0.000000,0.000000,0.000000,0.000000,0.000000,0.000000,0.000000,0.000000,0.000000,0.000000,0.000000,0.000000,0.000000,0.000000,0.000000,0.000000,0.000000,0.000000,0.000000,0.000000,0.000000,0.000000,0.000000,0.000000,0.000000,0.000000,0.000000,292.416897,494.725106,-76.002631,296.513424,502.601402,-109.476042,298.492527,502.463429,-109.482613,300.662937,502.390451,-109.493437,296.456356,503.265452,-76.437426,299.094944,503.354330,-76.453919,300.380802,503.511679,-76.511178,311.437798,494.901831,-157.606945,311.749763,496.470773,-27.920840,296.604309,484.692442,-102.454929,294.702301,484.713514,-61.504278,319.351902,457.916787,-209.560814,329.521675,462.700109,51.825795,299.971371,461.822727,-405.589180,308.898735,477.442174,244.796257,298.401222,499.247890,-580.743103,298.871574,508.436537,413.776588,298.213043,505.573332,-625.882263,299.531803,0.000000,442.031631,302.155457,508.439047,-624.471741,300.280571,519.653513,431.848412,0.000000,506.255107,-585.794296,300.043087,516.084888,413.386307,312.511501,339.155416,-86.145611,323.246918,0.000000,86.094723,304.483528,256.825633,-15.937109,317.424660,261.557264,185.390892,319.723663,164.699564,39.742038,333.457603,0.000000,301.748352,330.726242,148.175354,0.000000,343.968811,176.538920,311.823845,281.385841,144.320054,-4.649298,306.489754,175.178289,286.190147,
0.000000,0.000000,0.000000,0.000000,0.000000,0.000000,0.000000,0.000000,0.000000,0.000000,0.000000,0.000000,0.000000,0.000000,0.000000,0.000000,0.000000,0.000000,0.000000,0.000000,0.000000,0.000000,0.000000,0.000000,0.000000,0.000000,0.000000,0.000000,0.000000,0.000000,0.000000,0.000000,0.000000,0.000000,0.000000,0.000000,0.000000,0.000000,0.000000,0.000000,0.000000,0.000000,0.000000,0.000000,0.000000,0.000000,0.000000,0.000000,0.000000,0.000000,0.000000,0.000000,293.044071,493.045142,-37.001209,297.472496,500.925450,-63.539505,299.134464,500.938733,-63.509398,300.487728,501.020551,-63.499784,297.566948,501.268151,-38.258076,300.344448,501.406209,-38.250268,302.412472,501.613598,-38.299727,309.119015,494.619126,-130.952816,312.328854,496.068399,-21.624188,296.376648,483.583381,-57.132225,294.741611,483.713694,-23.992772,310.905113,456.920228,-178.062019,337.141113,462.467959,49.680910,281.902199,465.964422,-357.965202,326.767235,477.436831,207.284966,291.553402,500.388408,-514.265366,306.771736,504.462512,343.806648,293.234158,508.576655,-556.132736,311.885624,516.141644,372.356033,298.047333,510.063393,-552.047043,309.743652,516.593413,328.877335,298.363304,506.203952,-517.833977,307.598152,513.134544,329.835320,309.029999,338.559837,-85.358210,328.489151,342.233691,85.364227,304.035702,256.831040,-22.630796,319.924870,261.708670,158.793621,319.012299,166.948371,18.598818,334.537544,188.091474,255.926456,330.097580,152.236776,21.798658,344.019318,175.727091,261.815853,283.278046,148.744025,-26.669819,309.324551,175.070486,219.932842,
0.000000,0.000000,0.000000,0.000000,0.000000,0.000000,0.000000,0.000000,0.000000,0.000000,0.000000,0.000000,0.000000,0.000000,0.000000,0.000000,0.000000,0.000000,0.000000,0.000000,0.000000,0.000000,0.000000,0.000000,0.000000,0.000000,0.000000,0.000000,0.000000,0.000000,0.000000,0.000000,0.000000,0.000000,0.000000,0.000000,0.000000,0.000000,0.000000,0.000000,0.000000,0.000000,0.000000,0.000000,0.000000,0.000000,0.000000,0.000000,0.000000,0.000000,0.000000,0.000000,293.468018,491.927540,31.127653,296.112633,500.115960,6.073436,296.221161,499.668953,6.084777,296.018715,499.371958,6.095651,297.671413,500.771770,22.060120,300.316715,500.751107,22.075586,302.213345,500.840220,22.044380,300.188637,494.111824,-69.454641,311.620827,495.868692,2.015576,296.267891,483.113351,9.607782,295.288582,483.548470,30.618491,298.450565,456.897225,-130.499220,340.222244,462.426331,35.243359,264.832153,468.621891,-237.754345,356.252975,479.637616,117.138262,283.478394,500.582707,-314.785042,321.964188,504.635267,161.931744,286.299953,510.262606,-341.564522,318.410301,514.580319,167.307816,290.295315,510.423260,-340.981064,315.191288,513.342490,149.086580,290.790672,505.952833,-317.378578,313.756905,510.114248,154.845934,305.859585,338.829088,-73.980255,331.351013,342.209959,73.781295,0.000000,256.824903,-32.512314,321.170273,261.793942,136.851521,318.817692,168.341918,-22.952390,335.049210,187.247458,167.297325,329.636497,155.736823,-22.642245,344.001884,174.783382,169.993553,284.904747,150.326099,-64.265680,311.906853,174.685836,148.291683,
0.000000,0.000000,0.000000,0.000000,0.000000,0.000000,0.000000,0.000000,0.000000,0.000000,0.000000,0.000000,0.000000,0.000000,0.000000,0.000000,0.000000,0.000000,0.000000,0.000000,0.000000,0.000000,0.000000,0.000000,0.000000,0.000000,0.000000,0.000000,0.000000,0.000000,0.000000,0.000000,0.000000,0.000000,0.000000,0.000000,0.000000,0.000000,0.000000,0.000000,0.000000,0.000000,0.000000,0.000000,0.000000,0.000000,0.000000,0.000000,0.000000,0.000000,0.000000,0.000000,295.932312,491.766350,66.043944,296.755676,499.180748,37.662463,296.966209,498.936453,37.660949,296.481113,498.829272,37.703102,299.507751,499.790704,47.984400,302.332554,0.000000,48.013272,304.441948,500.118277,47.961016,299.308262,493.981512,-47.513919,313.108673,495.675895,1.546225,296.664219,484.095061,41.421194,299.220829,484.625602,0.000000,291.937008,457.076504,-0.000000,343.411484,463.405080,7.071491,252.097511,472.800171,-185.758095,375.205345,480.243988,52.559929,278.341579,0.000000,-239.319801,333.253670,506.113594,66.083794,281.448822,513.989310,-264.812164,326.106262,515.618269,61.436605,286.208992,512.368355,-267.254448,323.157272,513.662939,44.860005,286.542263,507.639685,-242.661285,323.365555,510.332601,59.392633,304.282837,338.741884,-65.466871,331.740494,342.181506,65.253716,0.000000,256.491408,-22.005739,323.005066,261.903377,133.686047,318.822174,169.642339,-7.785823,335.465508,187.177806,171.670361,329.561234,155.688586,-6.888926,343.982239,174.068799,175.230293,286.500740,151.575451,-0.000000,312.494850,174.604082,154.541931,
0.000000,0.000000,0.000000,0.000000,0.000000,0.000000,0.000000,0.000000,0.000000,0.000000,0.000000,0.000000,0.000000,0.000000,0.000000,0.000000,0.000000,0.000000,0.000000,0.000000,0.000000,0.000000,0.000000,0.000000,0.000000,0.000000,0.000000,0.000000,0.000000,0.000000,0.000000,0.000000,0.000000,0.000000,0.000000,0.000000,0.000000,0.000000,0.000000,0.000000,0.000000,0.000000,0.000000,0.000000,0.000000,0.000000,0.000000,0.000000,0.000000,0.000000,0.000000,0.000000,298.689880,491.677043,93.071222,296.806679,498.576136,63.872094,297.525787,498.423486,63.868785,296.898460,498.429644,63.907938,301.971226,499.252932,71.070366,304.799500,499.459462,71.097312,307.129726,499.701891,71.034875,298.235378,493.943982,-24.805863,314.491024,495.518632,6.984977,296.788940,484.080148,67.855844,301.739750,484.657831,76.956511,283.946323,457.246084,-94.892044,344.774590,463.504601,7.366330,240.993462,474.547663,-122.687435,387.064247,480.552206,60.590143,274.173088,504.830403,-133.678379,0.000000,506.411469,98.266582,277.738800,515.910566,-148.840485,335.187798,515.837803,97.707310,282.296104,513.023093,-155.522823,331.128006,513.854814,84.248161,282.824306,508.028305,-136.784420,331.742172,509.901602,93.789062,302.287636,338.145490,-61.529779,333.140793,342.021260,61.286254,303.623543,256.503682,-4.936341,324.586449,262.272964,146.326828,318.866692,172.859659,-0.000000,335.964890,187.206774,175.433006,329.537964,160.758777,-11.340733,343.950882,174.130425,178.442574,287.557583,0.000000,-0.000000,312.730370,174.647684,159.458084,
0.000000,0.000000,0.000000,0.000000,0.000000,0.000000,0.000000,0.000000,0.000000,0.000000,0.000000,0.000000,0.000000,0.000000,0.000000,0.000000,0.000000,0.000000,0.000000,0.000000,0.000000,0.000000,0.000000,0.000000,0.000000,0.000000,0.000000,0.000000,0.000000,0.000000,0.000000,0.000000,0.000000,0.000000,0.000000,0.000000,0.000000,0.000000,0.000000,0.000000,0.000000,0.000000,0.000000,0.000000,0.000000,0.000000,0.000000,0.000000,0.000000,0.000000,0.000000,0.000000,301.027031,494.724827,116.951532,297.551079,500.284660,85.957975,297.896729,499.916081,85.952625,297.186985,499.626124,85.989819,304.755592,501.217961,91.390600,307.661858,0.000000,91.424150,310.520840,501.551478,91.365910,297.097893,494.553401,-8.780934,317.309322,496.514504,13.811275,297.076607,486.845934,89.654665,304.438725,486.931894,96.195049,279.686832,457.630584,-88.119211,345.530777,463.493507,2.733343,230.758095,475.191414,-127.296743,396.288528,480.599928,0.000000,270.969658,505.257990,-156.439943,351.330338,506.268990,-0.991786,275.650787,516.729498,-174.297676,343.678055,515.472014,-6.947527,281.109409,513.005648,-178.692036,338.811760,513.144264,-15.112326,281.163998,507.881083,-158.811388,0.000000,509.039884,-4.236286,0.000000,336.922317,-57.223263,334.062843,341.349764,56.943650,302.540646,0.000000,-1.791963,324.954300,262.247987,164.293327,318.861237,172.319784,-23.928585,336.690559,187.315736,181.754646,329.260635,159.192495,-24.918065,343.942947,174.237242,185.822029,287.724342,152.170858,-46.597347,313.633003,175.746875,183.013115,
0.000000,0.000000,0.000000,0.000000,0.000000,0.000000,0.000000,0.000000,0.000000,0.000000,0.000000,0.000000,0.000000,0.000000,0.000000,0.000000,0.000000,0.000000,0.000000,0.000000,0.000000,0.000000,0.000000,0.000000,0.000000,0.000000,0.000000,0.000000,0.000000,0.000000,0.000000,0.000000,0.000000,0.000000,0.000000,0.000000,0.000000,0.000000,0.000000,0.000000,0.000000,0.000000,0.000000,0.000000,0.000000,0.000000,0.000000,0.000000,0.000000,0.000000,0.000000,0.000000,303.950405,494.448967,158.642292,298.866882,0.000000,127.679234,298.036289,499.944556,127.687073,297.473869,499.673975,127.717419,307.358894,501.198285,131.426668,310.422001,501.385245,131.472578,313.417854,501.566863,131.426954,296.219292,494.859045,30.046649,320.000801,496.626577,44.491396,298.716125,486.591511,130.191603,307.657814,486.679938,0.000000,275.963955,457.960110,-62.477112,346.861763,463.301911,17.527974,221.937809,475.887265,-128.644581,404.002991,478.966849,-25.832663,266.821690,505.647147,-191.042271,356.818810,505.708129,-97.145262,273.805027,518.726585,-214.267082,348.522682,514.650657,-111.209993,279.332771,513.634744,-214.397621,343.895073,512.036533,-114.121838,278.739128,507.940950,-192.802010,345.442810,507.533727,-99.727058,299.199333,336.095595,-0.000000,334.644470,340.580463,55.477481,301.974392,0.000000,-0.000000,324.915695,262.235112,156.016512,318.862801,173.206415,-21.410494,337.146912,187.017474,167.194443,329.211159,159.047055,-22.385302,343.784447,173.562913,169.403458,287.641449,151.744323,-39.926631,314.927521,175.221248,164.795761,
0.000000,0.000000,0.000000,0.000000,0.000000,0.000000,0.000000,0.000000,0.000000,0.000000,0.000000,0.000000,0.000000,0.000000,0.000000,0.000000,0.000000,0.000000,0.000000,0.000000,0.000000,0.000000,0.000000,0.000000,0.000000,0.000000,0.000000,0.000000,0.000000,0.000000,0.000000,0.000000,0.000000,0.000000,0.000000,0.000000,0.000000,0.000000,0.000000,0.000000,0.000000,0.000000,0.000000,0.000000,0.000000,0.000000,0.000000,0.000000,0.000000,0.000000,0.000000,0.000000,307.334385,494.482462,202.222328,301.626167,500.318670,172.580414,299.311333,500.096519,172.589016,297.573643,0.000000,172.612247,310.650234,501.105309,174.602489,313.536320,501.285317,174.677277,316.536140,501.457987,174.648094,296.213741,495.695508,77.659292,322.506523,496.639495,85.200119,301.985435,487.016480,174.389420,311.053677,486.848681,176.553764,273.315468,458.254037,-27.884858,347.610779,462.804952,40.656915,216.581268,476.611226,-130.145245,407.758713,477.399559,-30.403256,264.856968,506.196249,-231.492195,358.981667,505.668325,-137.000608,273.062344,519.477539,-259.864159,350.389442,514.546072,-156.863041,278.156776,514.451165,-258.800106,346.121063,511.638601,-157.603178,277.220917,508.399007,-233.638172,347.132339,0.000000,-139.435406,298.394070,336.142588,-54.546790,334.808197,340.384898,54.291277,301.680756,255.401316,-18.064636,324.956779,262.221293,138.979721,318.785744,172.699757,-67.003531,337.188759,185.877728,117.294683,329.012527,158.556232,-72.991576,0.000000,172.360725,114.839773,287.621822,150.288634,-82.405348,314.758358,173.934002,105.091276,
0.000000,0.000000,0.000000,0.000000,0.000000,0.000000,0.000000,0.000000,0.000000,0.000000,0.000000,0.000000,0.000000,0.000000,0.000000,0.000000,0.000000,0.000000,0.000000,0.000000,0.000000,0.000000,0.000000,0.000000,0.000000,0.000000,0.000000,0.000000,0.000000,0.000000,0.000000,0.000000,0.000000,0.000000,0.000000,0.000000,0.000000,0.000000,0.000000,0.000000,0.000000,0.000000,0.000000,0.000000,0.000000,0.000000,0.000000,0.000000,0.000000,0.000000,0.000000,0.000000,309.825077,495.005493,180.270576,303.982048,501.046193,149.200077,300.840187,500.968130,149.204845,297.944946,500.915751,149.228153,313.116150,501.460733,151.605816,0.000000,501.586390,151.675596,319.003353,501.722066,151.643448,295.855446,496.601322,52.201705,325.137253,496.786888,0.000000,304.630680,487.929633,152.045240,313.459225,487.461083,154.708071,272.209663,458.360209,-46.958413,348.349533,461.828520,30.716009,213.536415,478.392234,-139.385147,409.007912,473.570695,-46.090236,263.950462,506.602979,-231.236229,362.869034,504.328530,-147.849932,273.256721,519.612830,-259.349937,353.579559,512.991593,-166.662178,277.983494,514.724107,-258.216915,349.328690,509.598856,-168.382893,277.162418,508.640513,-233.271847,349.809532,504.943399,-150.654755,297.698708,336.146579,-52.863040,334.757919,340.077410,52.606206,301.772156,255.403676,-17.470608,325.294914,262.208633,146.475353,318.660088,172.454152,-61.605802,337.283897,185.680103,148.690290,328.574638,158.346677,-64.889474,343.556747,172.332315,149.723024,287.561226,150.508533,-78.158569,316.088715,174.174113,122.395163,
0.000000,0.000000,0.000000,0.000000,0.000000,0.000000,0.000000,0.000000,0.000000,0.000000,0.000000,0.000000,0.000000,0.000000,0.000000,0.000000,0.000000,0.000000,0.000000,0.000000,0.000000,0.000000,0.000000,0.000000,0.000000,0.000000,0.000000,0.000000,0.000000,0.000000,0.000000,0.000000,0.000000,0.000000,0.000000,0.000000,0.000000,0.000000,0.000000,0.000000,0.000000,0.000000,0.000000,0.000000,0.000000,0.000000,0.000000,0.000000,0.000000,0.000000,0.000000,0.000000,312.249794,494.712832,201.095085,307.037601,500.792027,170.606823,303.605099,500.702720,170.611668,300.055447,500.691497,170.629311,315.362434,501.321816,172.130032,317.892342,501.300938,172.215462,320.592117,501.297655,172.179527,296.486874,496.793840,72.912574,326.075783,496.274328,78.876724,307.431240,487.707975,172.428932,315.325661,487.207003,174.016018,272.497406,458.461704,-33.705387,348.700714,460.852990,34.145813,213.774929,480.613017,-143.278275,408.457565,473.111222,-48.675451,265.126228,507.004066,-246.152534,365.121002,502.280416,-169.646740,274.435310,520.437663,-263.017673,355.320320,510.990386,-192.647781,0.000000,515.447531,-264.934731,350.411530,507.416396,-192.823429,278.162441,509.309263,-246.467018,350.687294,502.644682,-172.345734,297.150459,336.050019,-51.922178,334.574585,339.599719,51.665406,301.791439,255.499034,-19.117779,325.240021,262.321243,139.684086,318.503456,172.209535,-58.411450,337.300186,185.655255,132.799101,328.460732,0.000000,-61.672277,343.225975,172.072935,131.977844,0.000000,151.154623,-78.238077,316.692142,174.216814,121.317053,
0.000000,0.000000,0.000000,0.000000,0.000000,0.000000,0.000000,0.000000,0.000000,0.000000,0.000000,0.000000,0.000000,0.000000,0.000000,0.000000,0.000000,0.000000,0.000000,0.000000,0.000000,0.000000,0.000000,0.000000,0.000000,0.000000,0.000000,0.000000,0.000000,0.000000,0.000000,0.000000,0.000000,0.000000,0.000000,0.000000,0.000000,0.000000,0.000000,0.000000,0.000000,0.000000,0.000000,0.000000,0.000000,0.000000,0.000000,0.000000,0.000000,0.000000,0.000000,0.000000,312.703400,494.611015,193.541756,0.000000,500.690038,162.844944,304.601803,500.544126,162.847443,300.922241,500.514686,162.863712,315.825500,500.932832,164.233246,318.284607,500.732589,164.318199,320.956879,500.523827,164.284973,296.674652,496.880679,65.662255,326.167755,495.227580,71.585937,308.325386,487.479687,165.209541,315.728817,487.057228,166.580582,271.329861,459.054623,-38.779330,347.569695,459.785063,33.406253,213.839417,482.484212,-147.611980,406.949615,468.045430,-58.772020,266.707649,507.252524,-247.993946,364.766541,500.517282,-184.616947,275.177727,520.616019,-282.188053,355.432625,509.455497,-209.347649,279.826717,515.531731,-284.858856,350.112953,506.053748,-208.663807,278.677616,509.418740,-252.148190,350.298996,501.027396,-187.213764,296.666164,335.746565,-51.514235,334.372978,339.209704,51.246881,301.679115,0.000000,-12.297797,325.159187,262.389822,146.552448,318.429680,172.338624,-48.740339,337.642784,185.752244,147.435169,328.428230,158.008804,-52.990403,343.118553,172.090015,148.143692,287.684975,152.203474,-67.969790,317.170620,174.469543,128.170195,
0.000000,0.000000,0.000000,0.000000,0.000000,0.000000,0.000000,0.000000,0.000000,0.000000,0.000000,0.000000,0.000000,0.000000,0.000000,0.000000,0.000000,0.000000,0.000000,0.000000,0.000000,0.000000,0.000000,0.000000,0.000000,0.000000,0.000000,0.000000,0.000000,0.000000,0.000000,0.000000,0.000000,0.000000,0.000000,0.000000,0.000000,0.000000,0.000000,0.000000,0.000000,0.000000,0.000000,0.000000,0.000000,0.000000,0.000000,0.000000,0.000000,0.000000,0.000000,0.000000,313.380775,494.414206,186.484623,308.808193,500.517819,156.053820,305.505981,500.442095,156.056976,301.814613,0.000000,156.069441,316.315517,500.796382,157.180882,0.000000,500.431302,157.258224,321.233788,500.059590,157.223234,296.734886,497.512779,60.368848,325.713043,494.607797,65.308981,309.232578,487.421772,158.596449,316.380825,486.923547,159.578304,270.320072,460.435553,-40.821743,346.461678,459.064708,29.980955,215.891533,484.612041,-143.955536,403.092842,465.261490,-61.276493,267.577667,507.631853,-253.732471,364.791832,499.260335,-185.708694,275.930290,520.431461,-286.145535,355.395851,508.904443,-210.007381,280.609226,515.442703,-287.038727,349.814224,505.551767,-210.440235,278.947544,509.342887,-0.000000,349.950752,500.251830,-188.818779,296.546021,335.722661,-50.564876,334.167404,339.077439,50.341320,301.661434,255.548258,-25.703390,325.305023,262.527537,131.593246,318.358345,172.269959,-49.533467,337.616539,185.719070,149.486942,328.310471,156.413641,-53.144445,342.946854,172.065511,151.149626,287.568111,151.781187,-71.755972,317.182503,174.520526,136.757030,
0.000000,0.000000,0.000000,0.000000,0.000000,0.000000,0.000000,0.000000,0.000000,0.000000,0.000000,0.000000,0.000000,0.000000,0.000000,0.000000,0.000000,0.000000,0.000000,0.000000,0.000000,0.000000,0.000000,0.000000,0.000000,0.000000,0.000000,0.000000,0.000000,0.000000,0.000000,0.000000,0.000000,0.000000,0.000000,0.000000,0.000000,0.000000,0.000000,0.000000,0.000000,0.000000,0.000000,0.000000,0.000000,0.000000,0.000000,0.000000,0.000000,0.000000,0.000000,0.000000,313.686314,0.000000,179.767799,309.511166,500.025880,148.918400,306.365051,500.255992,0.000000,302.660065,500.488014,148.930311,316.525536,499.449441,150.276995,318.625336,499.008980,150.354366,321.013260,498.596478,150.323925,296.773872,497.627127,52.632532,325.104828,493.492362,59.720688,309.678955,487.378106,151.694946,316.222324,486.588099,152.950411,270.359535,460.870199,-44.979777,345.735512,458.716879,22.686689,219.484997,486.274559,-149.824753,399.854622,464.730842,-75.442643,269.246731,508.606739,-266.443367,363.508644,498.496506,-210.680828,276.995811,520.540617,-302.885742,354.552002,508.489859,-237.139969,281.377048,515.377364,-303.196507,348.999710,505.214174,-238.154411,280.059662,509.380610,-270.513954,349.193268,499.990582,-214.284096,296.431732,335.682364,-49.214978,333.845558,338.881059,49.007797,301.692772,255.554008,-26.000490,325.238724,262.528310,128.921585,318.289375,171.894794,-40.037489,337.595596,185.722847,152.931499,328.084373,156.361628,-41.963949,342.863045,172.107911,154.663725,287.588463,151.738400,-63.778505,317.470818,174.513659,140.065737,
0.000000,0.000000,0.000000,0.000000,0.000000,0.000000,0.000000,0.000000,0.000000,0.000000,0.000000,0.000000,0.000000,0.000000,0.000000,0.000000,0.000000,0.000000,0.000000,0.000000,0.000000,0.000000,0.000000,0.000000,0.000000,0.000000,0.000000,0.000000,0.000000,0.000000,0.000000,0.000000,0.000000,0.000000,0.000000,0.000000,0.000000,0.000000,0.000000,0.000000,0.000000,0.000000,0.000000,0.000000,0.000000,0.000000,0.000000,0.000000,0.000000,0.000000,0.000000,0.000000,313.220024,493.637266,177.585678,0.000000,499.999788,147.978916,306.338539,500.174496,147.987108,302.771492,500.407312,147.999573,316.137600,499.125173,149.153442,318.201408,498.622313,149.218540,320.548172,498.156145,149.189987,296.677246,497.793918,54.763165,324.670067,493.094709,59.323616,309.410343,487.331371,150.488815,315.737705,486.512611,151.470137,270.093899,461.593816,-40.313153,345.037766,458.683898,24.750340,221.643410,487.891953,-134.741545,396.251755,464.512768,-56.837769,270.154686,509.213862,-241.610165,361.733322,498.420997,-168.037834,277.657585,520.636511,-273.052940,353.045273,508.553567,-189.689369,281.935024,515.431738,-273.618126,347.585373,505.312815,-191.684322,280.680943,509.499528,-245.078983,0.000000,0.000000,-171.416798,296.367760,335.759611,-49.145465,333.634224,338.891530,48.952317,301.736412,255.594349,-32.796903,325.175018,262.612681,117.027435,318.283176,171.792440,-41.370091,337.580795,185.636845,142.340527,327.905121,156.299872,-42.298803,342.752075,171.757808,144.514599,287.564507,151.750288,-66.396513,317.336998,174.537520,130.321198,
0.000000,0.000000,0.000000,0.000000,0.000000,0.000000,0.000000,0.000000,0.000000,0.000000,0.000000,0.000000,0.000000,0.000000,0.000000,0.000000,0.000000,0.000000,0.000000,0.000000,0.000000,0.000000,0.000000,0.000000,0.000000,0.000000,0.000000,0.000000,0.000000,0.000000,0.000000,0.000000,0.000000,0.000000,0.000000,0.000000,0.000000,0.000000,0.000000,0.000000,0.000000,0.000000,0.000000,0.000000,0.000000,0.000000,0.000000,0.000000,0.000000,0.000000,0.000000,0.000000,313.234005,0.000000,174.889679,0.000000,499.724035,145.814686,306.732445,500.000238,145.828676,303.278656,500.317168,145.847645,316.108761,498.556180,146.764479,318.120022,497.935066,146.813812,0.000000,0.000000,146.782885,296.719780,0.000000,53.709226,324.401016,492.628777,57.641354,309.565678,487.266054,148.170776,315.680199,486.383522,148.755236,269.996891,461.660271,-36.527710,343.746223,458.705442,24.506097,223.281384,488.779550,-113.536377,394.702606,464.924905,-40.076313,270.777378,509.483070,-201.660881,360.212669,498.300512,-126.741953,278.074532,520.843749,-227.955856,351.721497,508.744175,-144.724350,282.308083,515.706289,-228.996162,346.404572,505.582194,-147.193909,281.125336,509.713097,-204.656105,346.662788,500.378172,-129.873304,295.860176,335.818577,-0.000000,333.547173,338.928223,46.941624,0.000000,255.588813,-34.923854,325.630569,262.615900,105.797749,318.241215,171.730299,-39.308205,337.440910,185.642638,136.158276,327.700424,156.536851,-38.981094,342.587662,171.918697,139.414625,287.646675,151.904526,-59.704413,318.066559,174.577775,126.615591,
0.000000,0.000000,0.000000,0.000000,0.000000,0.000000,0.000000,0.000000,0.000000,0.000000,0.000000,0.000000,0.000000,0.000000,0.000000,0.000000,0.000000,0.000000,0.000000,0.000000,0.000000,0.000000,0.000000,0.000000,0.000000,0.000000,0.000000,0.000000,0.000000,0.000000,0.000000,0.000000,0.000000,0.000000,0.000000,0.000000,0.000000,0.000000,0.000000,0.000000,0.000000,0.000000,0.000000,0.000000,0.000000,0.000000,0.000000,0.000000,0.000000,0.000000,0.000000,0.000000,312.891903,493.400009,0.000000,309.388161,499.659834,143.190565,306.642952,499.933248,143.205338,303.273563,500.293565,143.219090,315.790806,498.445759,143.528471,317.807770,497.821255,143.575611,320.100937,497.248592,143.551693,296.828117,497.896550,55.442309,324.282951,492.583458,56.545558,309.377708,487.254617,145.736513,315.388947,486.327474,145.465946,269.309425,461.942804,-33.145115,342.390327,458.850625,21.729541,224.746075,489.344358,-112.468214,394.200325,465.148623,-44.312563,271.180820,509.938209,-198.657112,359.067726,497.993495,-124.584904,278.118401,521.050451,-225.184460,350.831909,508.795588,-140.772877,282.516899,515.759654,-225.285892,346.045113,505.703752,-142.921953,281.368599,509.881325,-201.504784,346.336441,500.490890,-127.154484,295.361214,337.229891,-41.518698,332.992821,339.850903,41.366405,302.492638,256.107960,-36.248100,325.627327,262.850990,80.191183,0.000000,171.695023,-38.009286,337.053566,185.359869,96.035805,327.145081,156.506639,-37.269027,341.007233,171.822009,97.740679,289.340210,152.219481,-54.930334,318.045311,174.442892,83.240032,
0.000000,0.000000,0.000000,0.000000,0.000000,0.000000,0.000000,0.000000,0.000000,0.000000,0.000000,0.000000,0.000000,0.000000,0.000000,0.000000,0.000000,0.000000,0.000000,0.000000,0.000000,0.000000,0.000000,0.000000,0.000000,0.000000,0.000000,0.000000,0.000000,0.000000,0.000000,0.000000,0.000000,0.000000,0.000000,0.000000,0.000000,0.000000,0.000000,0.000000,0.000000,0.000000,0.000000,0.000000,0.000000,0.000000,0.000000,0.000000,0.000000,0.000000,0.000000,0.000000,312.680721,493.527060,175.659847,309.154301,499.648011,147.826586,0.000000,499.967215,147.839489,303.055305,500.378516,147.852325,315.660954,498.450887,0.000000,317.689362,497.850952,0.000000,320.073471,497.267475,148.263245,296.387844,498.018258,59.095898,324.051056,492.652788,59.022803,309.144020,487.613411,149.999180,315.247383,486.487999,149.680681,0.000000,0.000000,-26.592119,341.053467,458.874936,23.002629,225.598660,489.258227,-90.869169,391.799545,465.591252,-37.072132,271.338196,510.423818,-157.932634,358.886223,497.631891,-122.957554,278.242035,521.267560,-180.828667,350.137100,508.793893,-133.077240,282.659302,516.076584,-182.004509,345.065956,505.830352,-134.520798,281.581783,510.445790,-160.529480,345.186424,500.495160,-123.569546,295.024986,338.186431,-38.001561,332.361526,340.727792,37.867408,303.139305,256.339059,-36.100605,325.719185,263.136549,75.041571,318.444252,171.647601,-32.664135,337.036057,0.000000,86.854982,327.160950,156.231508,-31.534564,340.797729,172.051821,88.194551,292.019901,155.561900,-44.996848,321.634903,174.075193,75.227571,
0.000000,0.000000,0.000000,0.000000,0.000000,0.000000,0.000000,0.000000,0.000000,0.000000,0.000000,0.000000,0.000000,0.000000,0.000000,0.000000,0.000000,0.000000,0.000000,0.000000,0.000000,0.000000,0.000000,0.000000,0.000000,0.000000,0.000000,0.000000,0.000000,0.000000,0.000000,0.000000,0.000000,0.000000,0.000000,0.000000,0.000000,0.000000,0.000000,0.000000,0.000000,0.000000,0.000000,0.000000,0.000000,0.000000,0.000000,0.000000,0.000000,0.000000,0.000000,0.000000,312.403412,493.509099,171.790924,309.012718,499.605031,143.989735,306.292000,499.932690,144.001055,302.958469,500.360963,144.011555,315.484676,498.423958,144.246807,317.472839,497.824924,144.294949,319.876308,0.000000,144.270601,296.450558,498.009245,56.571059,323.530502,492.662573,57.447286,308.857632,487.695594,146.692610,314.835625,486.485209,146.267262,268.459969,462.222505,-29.495864,339.778709,459.074707,18.121099,225.749283,489.515548,-107.391109,390.122299,465.925992,-46.355357,271.526947,510.622880,-195.157909,357.696228,0.000000,-128.336086,278.380737,521.469305,-222.043953,348.852196,508.843503,-143.778715,282.797184,516.227860,-222.394485,343.371010,505.925281,-145.960283,281.765442,510.606894,-198.072567,343.541260,500.530608,-130.508423,294.640541,338.628159,-36.724141,331.466904,341.158919,36.567562,303.363495,256.397381,-32.276111,325.628738,263.273234,77.981238,318.600807,171.626272,-25.263841,336.931076,185.597920,93.641882,327.140274,155.745921,-24.148755,340.378685,172.479000,95.362215,293.390007,156.997375,-38.798168,321.169510,174.371395,82.069511,
0.000000,0.000000,0.000000,0.000000,0.000000,0.000000,0.000000,0.000000,0.000000,0.000000,0.000000,0.000000,0.000000,0.000000,0.000000,0.000000,0.000000,0.000000,0.000000,0.000000,0.000000,0.000000,0.000000,0.000000,0.000000,0.000000,0.000000,0.000000,0.000000,0.000000,0.000000,0.000000,0.000000,0.000000,0.000000,0.000000,0.000000,0.000000,0.000000,0.000000,0.000000,0.000000,0.000000,0.000000,0.000000,0.000000,0.000000,0.000000,0.000000,0.000000,0.000000,0.000000,311.604977,493.564889,171.088810,308.374023,499.627047,143.292542,305.736580,499.984531,143.307858,302.502232,500.445035,143.321304,314.622650,498.475242,143.543072,0.000000,497.894855,143.593311,318.882179,497.353885,143.572464,296.165562,0.000000,56.143007,322.359657,492.808292,56.838589,308.210602,487.801702,146.141081,313.923588,486.514263,145.700302,267.898502,462.217827,-31.417034,338.776894,459.407494,19.646797,225.544968,489.493811,-112.607355,388.936119,466.128745,-45.217104,271.738091,510.854194,-204.075432,356.471786,497.822242,-0.000000,278.593140,521.788723,-231.840611,346.891403,508.987355,-144.514236,282.940063,516.417246,-231.816654,341.505547,506.091835,-147.041149,281.882515,510.817437,-206.997089,341.790657,500.709071,-130.932589,294.573154,339.287810,-38.694172,330.700493,341.840587,38.530145,303.584137,256.752806,-30.735931,325.555420,263.460345,83.549461,318.583641,171.812611,-22.434158,336.804276,185.759583,101.487474,327.081871,155.765018,-21.037269,340.200005,172.579293,103.426771,293.486328,157.352715,-34.457958,320.877190,174.283075,90.552244,
0.000000,0.000000,0.000000,0.000000,0.000000,0.000000,0.000000,0.000000,0.000000,0.000000,0.000000,0.000000,0.000000,0.000000,0.000000,0.000000,0.000000,0.000000,0.000000,0.000000,0.000000,0.000000,0.000000,0.000000,0.000000,0.000000,0.000000,0.000000,0.000000,0.000000,0.000000,0.000000,0.000000,0.000000,0.000000,0.000000,0.000000,0.000000,0.000000,0.000000,0.000000,0.000000,0.000000,0.000000,0.000000,0.000000,0.000000,0.000000,0.000000,0.000000,0.000000,0.000000,311.026707,493.707175,168.939171,307.738686,499.736781,140.999575,305.141487,500.110338,141.013260,301.960487,500.581291,141.026554,313.975639,498.610725,141.864948,315.897789,498.035166,141.915417,318.274288,497.516770,141.891727,295.125237,498.238842,55.607967,321.410637,492.973237,53.443460,307.613640,487.934654,143.918047,313.379974,486.631508,144.371996,267.532349,462.197421,-31.619830,0.000000,459.415069,17.159344,224.806652,489.335496,-117.147226,388.282051,466.458635,-47.462559,271.677284,510.963478,-205.436363,355.648880,498.322871,-131.635695,278.596649,0.000000,-235.502262,346.080666,509.285917,-148.204222,282.764530,516.538675,-235.105381,0.000000,506.365979,-151.252384,281.658115,510.935776,-208.815804,340.644760,501.003835,-134.499130,294.658775,339.500971,-39.909432,330.229988,342.298880,39.742208,303.938103,257.190714,-30.727530,325.536919,263.834095,88.667498,318.413429,172.428231,-23.540969,336.375198,186.236887,0.000000,326.110191,158.266554,-22.335699,339.648857,172.854981,110.177326,292.905540,157.365246,-37.490668,320.617752,174.280930,97.191229,
0.000000,0.000000,0.000000,0.000000,0.000000,0.000000,0.000000,0.000000,0.000000,0.000000,0.000000,0.000000,0.000000,0.000000,0.000000,0.000000,0.000000,0.000000,0.000000,0.000000,0.000000,0.000000,0.000000,0.000000,0.000000,0.000000,0.000000,0.000000,0.000000,0.000000,0.000000,0.000000,0.000000,0.000000,0.000000,0.000000,0.000000,0.000000,0.000000,0.000000,0.000000,0.000000,0.000000,0.000000,0.000000,0.000000,0.000000,0.000000,0.000000,0.000000,0.000000,0.000000,310.116577,493.691554,168.874474,306.837406,499.729958,140.510740,304.321251,500.099695,140.525665,301.250572,500.564661,140.540876,312.956333,498.602743,141.412659,314.829102,498.033986,141.466923,317.167015,497.518573,141.441860,294.730721,498.223135,53.664541,320.303612,492.996047,53.085256,306.778450,487.920578,143.243284,312.442570,486.618998,143.782701,267.332764,462.174418,-31.869280,337.586098,459.485772,17.425156,222.967415,489.095407,-122.128582,388.257751,466.985464,-0.000000,270.265846,510.915091,-224.019871,355.608635,498.788116,-146.624508,277.679863,521.963582,-254.442692,345.807610,509.629605,-164.686756,0.000000,516.537001,-253.407021,340.012207,506.588173,-167.173710,280.615730,510.927429,-0.000000,340.328560,501.073465,-149.541702,294.744720,339.795113,-40.635858,330.200119,342.606883,40.467567,303.736172,257.228565,-33.158009,325.513840,263.932414,88.390493,318.013859,0.000000,-0.000000,336.098328,186.238947,103.934250,325.857315,158.045969,-27.193949,339.523773,172.896652,105.465298,291.247063,155.139956,-39.835179,320.414658,174.279127,92.927351,
0.000000,0.000000,0.000000,0.000000,0.000000,0.000000,0.000000,0.000000,0.000000,0.000000,0.000000,0.000000,0.000000,0.000000,0.000000,0.000000,0.000000,0.000000,0.000000,0.000000,0.000000,0.000000,0.000000,0.000000,0.000000,0.000000,0.000000,0.000000,0.000000,0.000000,0.000000,0.000000,0.000000,0.000000,0.000000,0.000000,0.000000,0.000000,0.000000,0.000000,0.000000,0.000000,0.000000,0.000000,0.000000,0.000000,0.000000,0.000000,0.000000,0.000000,0.000000,0.000000,309.497108,493.851414,180.763893,306.018124,499.866858,152.359447,303.413296,500.251229,152.367268,300.326538,500.717590,152.382488,312.364502,498.780327,152.720699,314.304600,498.268454,152.784939,316.699104,497.806621,152.754345,293.553314,498.347268,61.631193,319.967537,493.326731,60.948315,306.112823,488.109748,154.068708,312.024994,486.844196,153.913679,267.019844,462.182379,-28.756726,337.609177,459.759336,18.417790,221.459141,488.942285,-122.572765,388.174171,471.469259,-50.901289,269.176636,510.869687,-230.233002,355.488510,499.489481,-150.159330,276.676426,521.963582,-260.252285,345.739670,509.835384,-169.633827,280.442448,0.000000,-0.000000,339.928970,506.683466,-170.942802,279.735222,510.938609,-0.000000,340.267639,501.263087,-152.760258,294.793644,340.099683,-38.812203,330.235634,342.924113,38.622818,0.000000,257.263927,-35.830071,325.237503,263.933916,85.643482,317.675171,171.988220,-50.115156,335.702553,186.130672,85.321798,325.486870,157.614369,-51.874757,338.789368,172.399778,84.845343,290.228004,153.041310,-68.747902,324.539871,172.870646,70.736136,
0.000000,0.000000,0.000000,0.000000,0.000000,0.000000,0.000000,0.000000,0.000000,0.000000,0.000000,0.000000,0.000000,0.000000,0.000000,0.000000,0.000000,0.000000,0.000000,0.000000,0.000000,0.000000,0.000000,0.000000,0.000000,0.000000,0.000000,0.000000,0.000000,0.000000,0.000000,0.000000,0.000000,0.000000,0.000000,0.000000,0.000000,0.000000,0.000000,0.000000,0.000000,0.000000,0.000000,0.000000,0.000000,0.000000,0.000000,0.000000,0.000000,0.000000,0.000000,0.000000,308.710976,493.975074,181.568909,305.101376,499.963632,152.453480,302.354317,500.388644,152.463255,299.343624,0.000000,152.481413,311.544304,498.901262,153.553286,313.508186,498.448312,153.615389,315.902252,498.054929,153.582048,292.432041,498.577659,59.209929,319.527435,493.622353,61.733336,305.314884,488.244781,153.878727,311.351986,487.028496,154.698200,266.903934,462.061679,-31.287143,337.642860,459.958763,18.778391,220.076790,488.420219,-123.062115,389.341660,471.398556,-48.551278,267.766609,510.778062,-229.513607,355.356674,500.423169,-141.142597,275.532284,521.885412,-259.305019,345.723572,510.197654,-159.147615,279.500885,516.516488,-259.074955,339.910774,0.000000,-161.332893,278.903389,510.897152,-232.805500,340.241280,501.552079,-143.899155,294.817410,340.063848,-39.353771,330.286369,342.867293,39.164205,303.452644,257.220840,-38.567004,325.107346,0.000000,84.782887,317.542057,171.957879,-48.510046,335.654716,185.089030,0.000000,325.455170,157.551756,-49.527369,338.784485,0.000000,88.128033,290.126610,152.302694,-67.059164,323.924026,172.065983,73.713479,
0.000000,0.000000,0.000000,0.000000,0.000000,0.000000,0.000000,0.000000,0.000000,0.000000,0.000000,0.000000,0.000000,0.000000,0.000000,0.000000,0.000000,0.000000,0.000000,0.000000,0.000000,0.000000,0.000000,0.000000,0.000000,0.000000,0.000000,0.000000,0.000000,0.000000,0.000000,0.000000,0.000000,0.000000,0.000000,0.000000,0.000000,0.000000,0.000000,0.000000,0.000000,0.000000,0.000000,0.000000,0.000000,0.000000,0.000000,0.000000,0.000000,0.000000,0.000000,0.000000,308.397160,494.164331,184.715691,304.556732,500.139863,155.209293,301.678658,500.583222,155.210447,298.588295,501.089752,155.224934,311.085148,499.156501,155.916872,313.049507,498.784382,155.990343,315.429420,498.469491,155.955553,291.517639,498.771851,61.430173,319.243259,493.923833,0.000000,305.000916,488.376746,157.222881,311.095848,487.287018,157.523365,266.921177,461.956451,-31.452079,337.755814,460.248485,19.233274,218.226547,487.602854,-133.162432,389.971848,0.000000,-65.249100,0.000000,510.461218,-252.507992,355.264130,501.111789,-185.807171,274.270210,521.511254,-284.408302,345.709610,510.561104,-208.047523,278.388023,516.349418,-283.204556,339.908562,507.123778,-208.992958,277.477417,510.789521,-255.468826,340.239906,501.855962,-188.613739,294.834137,340.038099,-36.741166,330.844574,342.858882,36.515241,303.326149,257.175479,-35.555549,325.059319,263.584070,86.884718,317.478142,171.363759,-52.040482,335.640335,185.395575,86.540575,325.400963,156.290388,-54.527712,338.666306,172.111130,85.918903,290.118923,152.570143,-70.397501,323.758469,172.426085,73.731446,
0.000000,0.000000,0.000000,0.000000,0.000000,0.000000,0.000000,0.000000,0.000000,0.000000,0.000000,0.000000,0.000000,0.000000,0.000000,0.000000,0.000000,0.000000,0.000000,0.000000,0.000000,0.000000,0.000000,0.000000,0.000000,0.000000,0.000000,0.000000,0.000000,0.000000,0.000000,0.000000,0.000000,0.000000,0.000000,0.000000,0.000000,0.000000,0.000000,0.000000,0.000000,0.000000,0.000000,0.000000,0.000000,0.000000,0.000000,0.000000,0.000000,0.000000,0.000000,0.000000,308.266239,494.158537,182.725487,304.341240,500.136945,150.969620,301.447182,500.582943,150.968962,298.373680,501.093593,150.985661,310.785675,499.176586,151.224155,312.696190,0.000000,151.323729,314.995327,498.542962,151.296997,291.178246,498.830988,53.269954,318.801174,494.011381,54.562306,304.924316,488.371124,153.284760,310.927124,487.284400,153.208370,267.000389,461.771421,-43.651705,338.575630,460.511105,10.066617,216.670017,486.577928,-161.317787,391.101227,474.723659,-87.359104,265.786438,510.225077,-0.000000,355.201607,501.661019,-221.158142,273.696289,521.390963,-323.191490,345.696487,510.857885,-246.159592,0.000000,516.222324,-321.288834,339.925156,507.261493,-246.244869,277.024746,510.688906,-291.923923,340.274391,502.026250,-224.064064,295.106354,340.023680,-37.434044,331.522560,342.851114,37.214084,303.276424,257.209768,-25.262828,324.963760,263.580036,95.194588,317.443333,0.000000,-49.524794,335.525246,186.038747,88.542118,325.338020,158.345819,-51.425037,338.662338,172.372870,87.217121,288.684883,151.088490,-68.117385,323.536377,172.492905,73.208818,
0.000000,0.000000,0.000000,0.000000,0.000000,0.000000,0.000000,0.000000,0.000000,0.000000,0.000000,0.000000,0.000000,0.000000,0.000000,0.000000,0.000000,0.000000,0.000000,0.000000,0.000000,0.000000,0.000000,0.000000,0.000000,0.000000,0.000000,0.000000,0.000000,0.000000,0.000000,0.000000,0.000000,0.000000,0.000000,0.000000,0.000000,0.000000,0.000000,0.000000,0.000000,0.000000,0.000000,0.000000,0.000000,0.000000,0.000000,0.000000,0.000000,0.000000,0.000000,0.000000,308.074894,494.240313,183.898964,303.976936,500.190396,153.546429,301.061497,500.626545,153.558903,297.975502,501.125543,153.580656,310.487480,499.290183,154.915667,312.430363,0.000000,154.993515,314.740849,498.730631,154.963455,290.840950,498.879933,56.806822,318.750725,494.162958,62.595997,304.764404,488.421528,155.261869,310.827332,487.398083,156.628828,267.101688,461.324952,-42.812591,339.185982,460.602536,21.889982,215.415573,485.806568,-150.754194,392.488708,475.370264,-71.539841,264.673710,509.797447,-264.739342,355.519142,502.137852,-187.041073,273.045464,521.087229,-296.198826,345.909958,511.179857,-208.049889,277.565212,515.944877,-295.168114,340.270576,507.439141,-209.839306,276.547184,0.000000,-267.706356,340.592995,502.233360,-189.964714,295.941811,340.051403,-42.589827,332.096786,342.835922,42.373915,303.299007,257.354822,-29.934225,324.939194,263.356147,99.775925,317.479343,172.409348,-59.482169,335.523567,186.041365,92.018490,325.341263,160.684876,-62.509503,338.820763,172.406731,91.529970,288.111305,151.093941,-80.188351,322.177925,172.516336,77.789106,
0.000000,0.000000,0.000000,0.000000,0.000000,0.000000,0.000000,0.000000,0.000000,0.000000,0.000000,0.000000,0.000000,0.000000,0.000000,0.000000,0.000000,0.000000,0.000000,0.000000,0.000000,0.000000,0.000000,0.000000,0.000000,0.000000,0.000000,0.000000,0.000000,0.000000,0.000000,0.000000,0.000000,0.000000,0.000000,0.000000,0.000000,0.000000,0.000000,0.000000,0.000000,0.000000,0.000000,0.000000,0.000000,0.000000,0.000000,0.000000,0.000000,0.000000,0.000000,0.000000,308.079414,494.247630,183.228569,303.992424,500.189602,150.532255,301.097870,500.623627,150.550213,298.030491,501.123183,150.582504,310.489159,499.310138,152.762604,312.433872,499.010139,152.852993,314.744301,498.765178,152.822704,290.983009,498.879054,49.654741,318.785439,494.200358,58.231425,304.782524,488.424919,152.316208,310.848484,487.431943,154.997501,267.247124,461.069090,-51.027412,339.754410,460.623693,19.924214,215.072060,485.280318,-157.433882,393.605614,475.780149,-66.675735,264.577026,509.647307,-273.962650,355.756836,502.465811,-183.922520,272.922783,520.984383,-307.089272,346.061745,511.282661,-206.442223,277.432976,515.909622,-305.702000,340.442696,507.482765,-0.000000,276.611824,510.403261,-276.900673,340.758820,502.303205,-186.966743,297.028446,339.736190,-47.291822,332.512856,342.604136,47.065678,303.333282,257.174063,-29.181786,324.697495,0.000000,128.884830,317.476101,0.000000,-55.685129,335.434113,186.405287,144.352522,325.439987,160.665350,-57.826853,339.097252,172.554874,145.608854,287.177238,150.917559,-76.481123,320.893021,172.635212,134.034519,
0.000000,0.000000,0.000000,0.000000,0.000000,0.000000,0.000000,0.000000,0.000000,0.000000,0.000000,0.000000,0.000000,0.000000,0.000000,0.000000,0.000000,0.000000,0.000000,0.000000,0.000000,0.000000,0.000000,0.000000,0.000000,0.000000,0.000000,0.000000,0.000000,0.000000,0.000000,0.000000,0.000000,0.000000,0.000000,0.000000,0.000000,0.000000,0.000000,0.000000,0.000000,0.000000,0.000000,0.000000,0.000000,0.000000,0.000000,0.000000,0.000000,0.000000,0.000000,0.000000,308.168697,494.266083,183.162727,304.015350,500.209944,151.772184,301.116066,500.640664,151.787062,298.067417,501.134663,151.814785,310.581913,0.000000,153.430195,312.560616,499.097514,153.512115,314.895782,498.877509,153.482103,291.092014,498.921990,52.784719,319.044991,494.333074,59.347954,304.836540,488.439746,153.920040,310.979652,487.466555,155.687437,267.355404,461.003666,-49.586020,340.397415,460.839751,20.732265,0.000000,484.941931,-151.707182,394.843445,475.955994,-63.916044,264.738064,509.584887,-264.325523,355.813980,502.618289,-182.178898,273.064823,520.978589,-296.191654,346.197891,511.333044,-0.000000,277.552242,515.873358,-294.822941,340.818558,507.494695,-205.366783,276.742649,510.360281,-267.118893,341.186714,502.314277,-185.152092,297.724419,0.000000,-46.893020,333.213997,342.524099,46.674013,303.585091,257.007680,-28.777571,324.717751,261.732488,119.447651,0.000000,0.000000,-54.265718,335.537949,185.924678,128.532991,325.624084,160.465193,-56.761389,339.524612,172.282577,129.141493,287.237053,150.970259,-74.927025,320.183029,172.360125,117.153683,
0.000000,0.000000,0.000000,0.000000,0.000000,0.000000,0.000000,0.000000,0.000000,0.000000,0.000000,0.000000,0.000000,0.000000,0.000000,0.000000,0.000000,0.000000,0.000000,0.000000,0.000000,0.000000,0.000000,0.000000,0.000000,0.000000,0.000000,0.000000,0.000000,0.000000,0.000000,0.000000,0.000000,0.000000,0.000000,0.000000,0.000000,0.000000,0.000000,0.000000,0.000000,0.000000,0.000000,0.000000,0.000000,0.000000,0.000000,0.000000,0.000000,0.000000,0.000000,0.000000,308.339233,494.217246,189.951515,304.138031,500.119865,0.000000,301.257744,500.529363,159.502201,298.229122,500.995960,159.527254,310.643768,499.340200,161.297493,312.611961,499.087794,161.377182,314.927483,498.878045,161.347618,291.162014,498.796613,61.547060,319.183559,494.364359,69.009261,305.094967,488.406594,161.096535,311.202202,487.460675,163.080254,267.809086,460.719030,-41.262450,341.513863,461.002593,27.889142,214.741459,484.775805,-149.265652,396.214180,476.307793,-63.128877,0.000000,509.332781,-266.470604,356.702499,502.927301,-178.966789,273.189659,520.817420,-298.285828,346.873550,0.000000,-200.825100,277.638397,515.838962,-296.477013,341.742897,507.688801,-201.267529,276.825809,510.323267,-269.049568,342.112045,502.574708,-181.592979,298.216858,339.531355,-0.000000,334.010353,342.468567,46.772103,303.591614,256.726971,-28.918486,324.890175,261.544905,127.515984,317.733517,171.786304,-80.452709,335.925369,185.971498,124.047117,325.989456,160.392623,-86.532383,340.434036,0.000000,128.813648,286.972294,150.126157,-106.935368,320.265007,172.347250,112.863255,
0.000000,0.000000,0.000000,0.000000,0.000000,0.000000,0.000000,0.000000,0.000000,0.000000,0.000000,0.000000,0.000000,0.000000,0.000000,0.000000,0.000000,0.000000,0.000000,0.000000,0.000000,0.000000,0.000000,0.000000,0.000000,0.000000,0.000000,0.000000,0.000000,0.000000,0.000000,0.000000,0.000000,0.000000,0.000000,0.000000,0.000000,0.000000,0.000000,0.000000,0.000000,0.000000,0.000000,0.000000,0.000000,0.000000,0.000000,0.000000,0.000000,0.000000,0.000000,0.000000,308.923607,494.043374,193.094292,304.704704,499.965434,163.161583,301.809540,500.385039,163.174343,298.764400,500.868351,163.197823,311.201992,499.226797,164.588375,313.167114,499.003358,164.667301,315.446510,0.000000,164.637260,291.530190,498.759019,66.306658,319.785194,494.353523,71.907501,305.566349,488.281131,164.487610,311.753349,487.325535,165.954933,268.295803,460.616033,-36.249924,342.173080,461.191185,29.757273,215.036964,484.676714,-148.058214,396.985970,476.661158,-61.940331,264.868565,509.276669,-264.451084,356.920280,503.230455,-178.064098,273.215332,520.704918,-296.021786,347.147446,511.644781,-199.938736,277.709866,515.721245,-294.257240,342.162323,507.834756,-200.181942,276.937065,510.239518,-267.038383,342.577133,502.732444,-180.598927,299.031372,339.407158,-46.799173,334.977913,342.412949,46.571245,303.790684,256.352062,-29.031532,325.249748,261.085753,121.138783,318.019352,171.629705,-77.723045,336.225090,185.596075,102.289972,326.296120,160.254350,-83.315678,340.887413,172.212839,100.491467,0.000000,150.048995,-102.263317,320.357590,171.913762,87.802401,
0.000000,0.000000,0.000000,0.000000,0.000000,0.000000,0.000000,0.000000,0.000000,0.000000,0.000000,0.000000,0.000000,0.000000,0.000000,0.000000,0.000000,0.000000,0.000000,0.000000,0.000000,0.000000,0.000000,0.000000,0.000000,0.000000,0.000000,0.000000,0.000000,0.000000,0.000000,0.000000,0.000000,0.000000,0.000000,0.000000,0.000000,0.000000,0.000000,0.000000,0.000000,0.000000,0.000000,0.000000,0.000000,0.000000,0.000000,0.000000,0.000000,0.000000,0.000000,0.000000,309.508209,494.042237,190.419140,305.340977,499.963288,160.651741,302.472286,500.382957,160.665588,299.432411,500.866377,160.686207,311.735191,499.228663,162.085152,313.673763,499.009924,162.159767,315.939522,498.837147,162.130547,291.965065,498.764963,64.865522,320.433731,494.377985,70.530977,306.252480,0.000000,162.195015,312.251930,487.337315,0.000000,268.839836,460.613780,-36.485677,342.839928,461.432776,29.311976,215.260258,484.647295,-146.269102,397.510185,477.039070,-61.069202,265.490074,509.269867,-0.000000,357.415161,503.422952,-175.443287,0.000000,520.612693,-288.894386,347.480431,511.800735,-196.909771,278.169346,515.687470,-286.321869,342.582512,508.009851,-197.534065,277.265568,510.233016,-260.557041,343.054504,0.000000,-178.052769,299.890194,0.000000,-46.455441,335.711060,342.403121,46.222124,303.976650,256.206150,-29.412525,0.000000,261.033440,127.107906,317.856331,169.646502,-73.758125,336.087265,186.497254,133.666210,326.296959,158.328309,-78.362808,340.909843,174.162655,134.597397,286.967926,149.856563,-98.609257,320.358772,172.608175,126.196413,
0.000000,0.000000,0.000000,0.000000,0.000000,0.000000,0.000000,0.000000,0.000000,0.000000,0.000000,0.000000,0.000000,0.000000,0.000000,0.000000,0.000000,0.000000,0.000000,0.000000,0.000000,0.000000,0.000000,0.000000,0.000000,0.000000,0.000000,0.000000,0.000000,0.000000,0.000000,0.000000,0.000000,0.000000,0.000000,0.000000,0.000000,0.000000,0.000000,0.000000,0.000000,0.000000,0.000000,0.000000,0.000000,0.000000,0.000000,0.000000,0.000000,0.000000,0.000000,0.000000,309.865475,494.049404,0.000000,305.593815,499.971099,165.176811,302.671509,500.387957,165.185852,299.567776,500.870197,165.206985,312.145882,499.268682,166.636868,314.152832,499.074190,166.716862,316.471863,498.929994,166.686268,0.000000,498.767323,67.949104,321.129532,494.451735,73.701715,306.520500,488.280981,166.494942,312.683067,487.379973,168.007622,269.381409,460.613887,-33.272662,343.568535,461.620445,30.948005,215.297146,484.641716,-145.965452,398.110580,477.642953,-58.463993,266.042290,509.261692,-260.794182,357.885399,503.530583,-174.086800,274.194946,520.540295,-291.611729,347.731094,511.832750,-195.285912,278.804169,515.601897,-289.285736,0.000000,508.039377,-196.012707,277.651310,0.000000,-263.028297,343.552132,503.035512,-176.707191,300.316563,339.372096,-46.330862,336.376953,342.393894,46.100831,304.814796,256.183448,-31.555705,325.988007,261.016488,123.310757,317.848148,0.000000,-80.031605,336.011124,186.318684,123.346748,326.309052,0.000000,-85.568027,340.906334,173.440862,121.646061,286.961918,149.752622,-107.396107,319.864197,172.605300,111.981258,
0.000000,0.000000,0.000000,0.000000,0.000000,0.000000,0.000000,0.000000,0.000000,0.000000,0.000000,0.000000,0.000000,0.000000,0.000000,0.000000,0.000000,0.000000,0.000000,0.000000,0.000000,0.000000,0.000000,0.000000,0.000000,0.000000,0.000000,0.000000,0.000000,0.000000,0.000000,0.000000,0.000000,0.000000,0.000000,0.000000,0.000000,0.000000,0.000000,0.000000,0.000000,0.000000,0.000000,0.000000,0.000000,0.000000,0.000000,0.000000,0.000000,0.000000,0.000000,0.000000,310.526123,494.048460,194.313602,306.367493,499.969811,164.555912,303.463840,500.384953,164.567986,300.378304,500.865240,164.590797,312.894783,0.000000,165.910187,314.887295,499.088180,165.986080,317.177315,498.953061,165.954571,0.000000,498.766379,68.697891,321.784172,494.533317,73.736534,307.062950,488.282096,166.035805,313.247719,487.405829,167.369099,270.061607,460.638907,-31.375008,343.999290,461.850407,32.344532,215.698280,0.000000,-138.952456,398.915977,477.972844,-55.306077,266.232243,509.255104,-251.028118,358.336906,503.561804,-173.896255,274.711704,0.000000,-0.000000,348.123741,511.864722,-195.178776,279.112434,515.595331,-279.306450,343.522415,0.000000,-195.838737,278.010769,510.191753,-253.287029,344.083443,503.071797,-176.574554,300.883121,339.359822,-46.452112,336.865692,342.387071,46.228585,305.492210,256.184778,-31.895242,326.239586,260.632052,121.385956,317.909908,169.225888,-75.434279,336.010399,186.341600,0.000000,326.416283,155.749998,-80.258789,341.067238,173.430734,120.470943,286.971836,149.676018,-101.297588,319.071293,172.630148,110.013638,
0.000000,0.000000,0.000000,0.000000,0.000000,0.000000,0.000000,0.000000,0.000000,0.000000,0.000000,0.000000,0.000000,0.000000,0.000000,0.000000,0.000000,0.000000,0.000000,0.000000,0.000000,0.000000,0.000000,0.000000,0.000000,0.000000,0.000000,0.000000,0.000000,0.000000,0.000000,0.000000,0.000000,0.000000,0.000000,0.000000,0.000000,0.000000,0.000000,0.000000,0.000000,0.000000,0.000000,0.000000,0.000000,0.000000,0.000000,0.000000,0.000000,0.000000,0.000000,0.000000,0.000000,494.142423,193.816013,306.812897,500.088966,164.024582,303.869114,500.510352,164.034100,300.732765,501.000874,164.056416,313.363686,0.000000,165.421181,315.348759,499.264712,165.497952,317.635441,499.153304,165.466385,293.409004,498.903430,68.082705,322.368126,494.718990,73.215575,307.438297,488.371511,165.528584,313.643284,487.548501,0.000000,270.687103,460.696478,-31.046462,344.543991,462.027647,31.860991,216.642113,484.516404,-136.524229,399.396133,478.410966,-52.706423,267.218838,509.249375,-248.923988,358.627014,503.720419,-168.124409,275.590878,520.519352,-278.944359,348.267899,511.999841,-188.555107,279.941902,515.596168,-277.193184,343.743324,508.196297,-190.061760,278.660393,510.195551,-251.218681,344.369316,503.240304,-171.026707,301.360111,339.385228,-45.532465,337.500000,342.413249,45.311327,306.417942,256.188726,-0.000000,326.533699,260.614543,119.985485,317.907219,168.186693,-78.017416,335.780525,186.181269,120.314407,326.368752,152.814374,-82.859583,340.964966,0.000000,0.000000,286.856747,0.000000,-105.106201,318.914948,172.608948,108.538790,
0.000000,0.000000,0.000000,0.000000,0.000000,0.000000,0.000000,0.000000,0.000000,0.000000,0.000000,0.000000,0.000000,0.000000,0.000000,0.000000,0.000000,0.000000,0.000000,0.000000,0.000000,0.000000,0.000000,0.000000,0.000000,0.000000,0.000000,0.000000,0.000000,0.000000,0.000000,0.000000,0.000000,0.000000,0.000000,0.000000,0.000000,0.000000,0.000000,0.000000,0.000000,0.000000,0.000000,0.000000,0.000000,0.000000,0.000000,0.000000,0.000000,0.000000,0.000000,0.000000,311.543922,494.273036,0.000000,307.523861,500.224986,163.250942,304.654026,500.634549,163.259926,301.568336,501.117754,163.284264,313.919945,499.618678,164.638863,315.877628,0.000000,164.713116,318.164463,499.402943,164.680290,294.211082,499.000590,67.270775,323.002319,494.980967,72.370224,308.165627,488.500814,164.648857,314.162655,487.760267,165.994263,271.180363,460.905733,-31.097846,0.000000,462.309086,31.339428,217.174168,484.514022,-131.888275,399.811172,478.842373,-45.176058,267.828770,509.203970,-240.626469,359.019852,503.869979,-144.134169,276.382961,520.331833,-269.100533,348.664627,512.152534,-161.855259,280.566978,515.573723,-267.690220,344.138184,508.317940,-163.114910,279.224396,510.191538,-242.890968,344.819336,503.374479,-146.425066,301.620331,339.379907,-45.227857,337.843132,342.408185,45.003133,306.914864,255.740948,-39.336839,326.907921,260.299287,119.788980,318.013611,167.724667,-86.977615,335.778236,185.912833,116.531782,326.545448,151.756897,-92.242680,340.989113,172.593670,115.560322,287.730923,149.588857,-115.155344,322.727776,170.657415,105.102825,
0.000000,0.000000,0.000000,0.000000,0.000000,0.000000,0.000000,0.000000,0.000000,0.000000,0.000000,0.000000,0.000000,0.000000,0.000000,0.000000,0.000000,0.000000,0.000000,0.000000,0.000000,0.000000,0.000000,0.000000,0.000000,0.000000,0.000000,0.000000,0.000000,0.000000,0.000000,0.000000,0.000000,0.000000,0.000000,0.000000,0.000000,0.000000,0.000000,0.000000,0.000000,0.000000,0.000000,0.000000,0.000000,0.000000,0.000000,0.000000,0.000000,0.000000,0.000000,0.000000,312.082825,494.343932,198.421745,308.251553,500.298371,169.176407,305.418148,500.690682,169.188919,302.354774,501.154640,169.211540,314.652348,499.738734,170.027065,316.625729,499.623764,170.101738,318.908749,499.560463,170.071468,294.907169,499.015052,75.687532,323.609772,495.269487,77.968698,308.517971,488.527229,170.954552,314.609871,0.000000,171.508808,271.378174,461.058984,-23.990769,345.077782,462.586877,36.027241,217.873287,484.514816,-128.797684,400.215225,479.235885,-46.230950,268.206272,509.114771,-240.695057,359.342728,504.087625,-160.419750,277.056007,520.193732,-270.547886,348.950882,512.377217,-180.854301,281.099491,515.507226,-268.904228,344.643974,508.457930,-182.356529,279.707947,510.089164,-243.020859,345.340652,503.506873,-163.082905,302.219048,339.375143,-45.205941,338.550758,342.408485,44.981008,307.619991,255.743051,-0.000000,327.306099,260.000896,113.537350,318.018703,167.781186,-75.442176,336.005669,186.167064,113.632174,326.561012,152.101765,-79.982491,341.199760,172.639289,112.999859,288.595219,151.045403,-98.275938,322.540779,171.182613,102.284546,
0.000000,0.000000,0.000000,0.000000,0.000000,0.000000,0.000000,0.000000,0.000000,0.000000,0.000000,0.000000,0.000000,0.000000,0.000000,0.000000,0.000000,0.000000,0.000000,0.000000,0.000000,0.000000,0.000000,0.000000,0.000000,0.000000,0.000000,0.000000,0.000000,0.000000,0.000000,0.000000,0.000000,0.000000,0.000000,0.000000,0.000000,0.000000,0.000000,0.000000,0.000000,0.000000,0.000000,0.000000,0.000000,0.000000,0.000000,0.000000,0.000000,0.000000,0.000000,0.000000,312.094154,494.420342,201.845856,308.248024,500.369332,172.973728,305.402946,500.745614,172.977448,302.332191,501.194100,172.993946,314.677525,499.880998,173.558159,316.661263,499.806025,173.634472,318.949585,499.782679,173.600082,294.953098,499.077859,79.152641,323.617439,495.655103,80.567245,308.495579,488.583233,174.131908,314.611931,487.982247,174.418869,0.000000,461.146660,-18.220142,345.065460,0.000000,35.705457,218.870640,484.489710,-128.232632,400.220146,479.787734,-46.798391,268.479004,509.056642,-241.372147,359.506912,504.289091,-162.060547,277.284546,520.188303,-271.246147,349.130249,512.647755,-182.444725,281.315098,515.448174,-269.235287,345.000267,508.714864,-183.728924,279.965324,509.992712,-243.546276,345.716705,503.805671,-164.636841,303.170204,339.639416,-41.106925,339.620094,342.670312,40.866652,307.950096,255.907888,-34.942288,328.084335,0.000000,108.656473,318.418388,167.818866,-83.381557,336.028938,186.319585,85.138245,326.750183,152.952218,-0.000000,341.084480,173.107624,82.104330,290.036125,152.100177,-111.961203,326.261940,171.198063,68.906312,
0.000000,0.000000,0.000000,0.000000,0.000000,0.000000,0.000000,0.000000,0.000000,0.000000,0.000000,0.000000,0.000000,0.000000,0.000000,0.000000,0.000000,0.000000,0.000000,0.000000,0.000000,0.000000,0.000000,0.000000,0.000000,0.000000,0.000000,0.000000,0.000000,0.000000,0.000000,0.000000,0.000000,0.000000,0.000000,0.000000,0.000000,0.000000,0.000000,0.000000,0.000000,0.000000,0.000000,0.000000,0.000000,0.000000,0.000000,0.000000,0.000000,0.000000,0.000000,0.000000,312.094765,494.714956,0.000000,308.221073,500.678129,171.791859,305.380402,501.047480,171.801872,302.317772,501.486547,171.824417,314.676113,500.218999,173.068962,316.673737,500.162501,173.140125,318.985691,500.169261,173.108177,294.948082,499.258533,77.446947,323.680458,496.051340,82.583618,308.521881,488.862162,172.620029,314.675484,488.379064,173.804722,272.054195,461.167839,-19.238418,345.094337,463.523312,39.675031,218.991299,484.160700,-125.414057,400.196037,480.598812,-0.000000,268.538399,508.751364,-235.154572,359.482384,504.735453,-142.051563,277.359047,519.698296,-263.085594,349.122543,513.013995,-159.405346,281.377773,515.188880,-260.827484,344.988480,509.164360,-160.544090,280.009861,509.776375,-0.000000,345.717010,504.323380,-144.348049,303.885002,0.000000,-41.274538,340.071335,342.903857,41.039166,307.921047,256.032043,-30.989528,328.445053,260.429792,108.139858,318.741417,0.000000,-82.399006,335.993042,186.316667,78.610511,327.069969,155.290418,-88.785505,340.991974,173.105092,74.961691,290.105019,151.984906,-111.219006,325.469017,171.233211,59.352355,
0.000000,0.000000,0.000000,0.000000,0.000000,0.000000,0.000000,0.000000,0.000000,0.000000,0.000000,0.000000,0.000000,0.000000,0.000000,0.000000,0.000000,0.000000,0.000000,0.000000,0.000000,0.000000,0.000000,0.000000,0.000000,0.000000,0.000000,0.000000,0.000000,0.000000,0.000000,0.000000,0.000000,0.000000,0.000000,0.000000,0.000000,0.000000,0.000000,0.000000,0.000000,0.000000,0.000000,0.000000,0.000000,0.000000,0.000000,0.000000,0.000000,0.000000,0.000000,0.000000,312.236748,494.688284,205.455208,308.365173,500.670404,176.658134,305.503654,501.039906,176.670189,302.420864,501.480753,176.693840,314.786224,500.216768,177.664967,316.758118,500.158081,177.737522,0.000000,500.167565,177.701263,294.979897,499.260657,0.000000,323.673172,496.115885,85.929899,308.582668,488.857098,177.516994,314.704323,488.380330,178.360596,272.179623,461.226375,-15.692097,345.071335,463.898435,43.022423,219.113426,483.954427,-121.580486,400.203094,481.692445,-36.963787,268.644753,508.570583,-235.591011,359.261398,504.865530,-145.493984,277.437649,519.388876,-264.338188,348.830643,513.068411,-163.837395,281.474857,514.911432,-262.176476,344.806023,509.220836,-165.053749,280.089531,509.553452,-237.706146,345.640640,504.421012,-147.866497,304.581394,339.913044,-41.422362,340.672836,343.165298,41.190438,308.844814,256.547885,-32.412694,328.680649,260.534806,0.000000,318.971310,169.221725,-80.770855,335.895958,186.323190,80.933027,327.479782,156.135335,-86.662312,340.846176,173.086896,78.320642,290.117683,151.975722,-108.893814,324.513817,171.295395,63.867793,
0.000000,0.000000,0.000000,0.000000,0.000000,0.000000,0.000000,0.000000,0.000000,0.000000,0.000000,0.000000,0.000000,0.000000,0.000000,0.000000,0.000000,0.000000,0.000000,0.000000,0.000000,0.000000,0.000000,0.000000,0.000000,0.000000,0.000000,0.000000,0.000000,0.000000,0.000000,0.000000,0.000000,0.000000,0.000000,0.000000,0.000000,0.000000,0.000000,0.000000,0.000000,0.000000,0.000000,0.000000,0.000000,0.000000,0.000000,0.000000,0.000000,0.000000,0.000000,0.000000,312.223625,494.650755,212.970848,308.348179,500.663667,184.339237,305.487461,501.031022,184.358788,302.405300,501.470110,184.386787,314.772758,500.212669,185.656605,316.750546,500.158060,185.726128,319.030609,500.171149,185.693989,294.977665,499.259434,89.782352,323.653450,496.230662,94.736452,308.574581,488.846776,184.832420,314.691677,488.378377,186.144466,272.226906,461.290705,-11.380736,345.107994,464.627073,52.322416,218.881359,483.418801,-119.153042,400.207901,483.057325,-30.958815,268.167458,508.072743,-233.818855,358.911934,505.255651,-0.000000,277.265530,518.848336,-262.768040,348.518372,513.268504,-160.324345,281.190681,514.467988,-260.099945,344.653816,0.000000,-161.577854,279.851036,509.113634,-235.741100,345.604591,504.785686,-144.563351,305.216942,340.000377,-42.773275,341.106529,343.408842,42.550893,308.862858,256.547928,-32.173386,329.135971,260.325809,103.318987,318.926601,169.096370,-82.704258,335.792732,185.603499,0.000000,327.472305,156.658087,-88.886738,340.814934,172.762070,71.729684,289.098396,151.665874,-0.000000,321.321793,170.497813,54.826498,
0.000000,0.000000,0.000000,0.000000,0.000000,0.000000,0.000000,0.000000,0.000000,0.000000,0.000000,0.000000,0.000000,0.000000,0.000000,0.000000,0.000000,0.000000,0.000000,0.000000,0.000000,0.000000,0.000000,0.000000,0.000000,0.000000,0.000000,0.000000,0.000000,0.000000,0.000000,0.000000,0.000000,0.000000,0.000000,0.000000,0.000000,0.000000,0.000000,0.000000,0.000000,0.000000,0.000000,0.000000,0.000000,0.000000,0.000000,0.000000,0.000000,0.000000,0.000000,0.000000,312.165108,494.648738,211.629448,308.208828,500.679996,182.648106,305.342045,501.043468,182.662697,302.269936,501.480453,182.689629,314.648075,500.242131,184.008121,316.631832,500.219235,184.079342,318.930569,500.272686,184.043007,294.872322,499.261000,87.004862,0.000000,496.517165,92.073612,308.546200,488.856754,183.120766,314.637604,488.416164,184.489307,272.449284,461.290491,-13.116446,345.143433,465.028203,49.275279,218.393364,482.812021,-119.117756,400.312347,484.338756,-31.993244,267.509117,507.484481,-232.762413,358.725510,505.717828,-140.427809,276.593437,518.282261,-261.296444,348.341446,513.426583,-158.189983,280.499573,0.000000,-259.015312,344.539642,509.713976,-159.499254,279.243221,508.721001,-234.733429,345.591850,504.996357,-142.833071,305.812168,340.158262,-42.678885,341.213493,343.678608,42.457995,308.973694,256.492953,-36.923420,329.448776,260.404129,104.039841,318.918762,169.090104,-89.137621,335.792084,185.612383,81.307325,327.441216,156.212754,-95.395069,340.865746,172.739582,78.504729,288.775940,152.033272,-119.169140,320.370064,170.963488,63.302240,
0.000000,0.000000,0.000000,0.000000,0.000000,0.000000,0.000000,0.000000,0.000000,0.000000,0.000000,0.000000,0.000000,0.000000,0.000000,0.000000,0.000000,0.000000,0.000000,0.000000,0.000000,0.000000,0.000000,0.000000,0.000000,0.000000,0.000000,0.000000,0.000000,0.000000,0.000000,0.000000,0.000000,0.000000,0.000000,0.000000,0.000000,0.000000,0.000000,0.000000,0.000000,0.000000,0.000000,0.000000,0.000000,0.000000,0.000000,0.000000,0.000000,0.000000,0.000000,0.000000,311.967430,494.624963,209.170723,307.961636,500.669696,180.144844,305.092354,501.034691,180.157375,302.040806,501.462901,180.181923,314.494972,500.242260,181.434422,316.512699,500.222390,181.506901,318.830528,500.279896,181.472111,294.814606,499.234822,85.191412,323.600922,496.648378,89.696589,308.302765,488.848965,180.899200,314.477940,488.416035,182.137547,272.446690,0.000000,-14.806740,345.133438,465.375667,47.160401,217.018166,482.365637,-120.631399,400.681839,485.329735,-31.813791,266.145420,507.283552,-232.418003,358.611412,506.162903,-134.851055,275.230827,518.183770,-260.473442,348.161850,513.668904,-151.527691,279.584293,513.979547,-257.970886,344.503746,510.053437,-153.081846,278.299561,0.000000,-234.246578,345.568008,505.303652,-137.260771,306.393700,340.248127,-43.930583,341.334305,343.957043,43.705454,309.186039,256.435661,-35.821381,329.606781,260.236931,104.167233,318.907814,0.000000,-85.650091,335.702057,184.931273,80.123205,327.514572,156.236143,-91.292629,340.883522,172.135806,0.000000,288.188972,151.591115,-116.556339,318.810368,170.651321,60.663881,
0.000000,0.000000,0.000000,0.000000,0.000000,0.000000,0.000000,0.000000,0.000000,0.000000,0.000000,0.000000,0.000000,0.000000,0.000000,0.000000,0.000000,0.000000,0.000000,0.000000,0.000000,0.000000,0.000000,0.000000,0.000000,0.000000,0.000000,0.000000,0.000000,0.000000,0.000000,0.000000,0.000000,0.000000,0.000000,0.000000,0.000000,0.000000,0.000000,0.000000,0.000000,0.000000,0.000000,0.000000,0.000000,0.000000,0.000000,0.000000,0.000000,0.000000,0.000000,0.000000,311.715813,494.443281,206.114368,307.749290,500.604143,176.139164,304.843559,500.969009,176.155720,301.775398,501.395845,176.179867,314.324093,500.207605,177.437725,316.338081,500.207026,177.511673,318.662529,500.276742,177.474213,294.614449,499.116848,79.606619,323.452568,496.698461,84.243221,308.008270,488.744230,177.572441,314.140472,488.363121,178.878269,272.444000,461.466615,-21.819639,345.128555,465.802546,44.483089,215.865555,482.170908,-128.716536,400.773659,486.474116,-41.530437,0.000000,507.135708,-241.677723,358.295937,506.773353,-161.145058,273.594608,0.000000,-271.827736,347.656021,513.988388,-180.715046,278.292027,513.892322,-268.465691,344.221039,510.411565,-0.000000,277.008572,508.515630,-243.368626,345.401268,505.618093,-164.219551,306.907711,340.274563,-44.352379,341.369438,344.121408,44.139285,309.286766,256.429482,-36.430058,329.658318,260.241351,103.342686,318.905792,169.388924,-72.006049,335.522232,184.888444,88.528357,327.524452,156.163702,-75.726686,340.838852,171.932559,0.000000,288.090935,152.495770,-98.070545,316.126671,170.662394,71.752219,
0.000000,0.000000,0.000000,0.000000,0.000000,0.000000,0.000000,0.000000,0.000000,0.000000,0.000000,0.000000,0.000000,0.000000,0.000000,0.000000,0.000000,0.000000,0.000000,0.000000,0.000000,0.000000,0.000000,0.000000,0.000000,0.000000,0.000000,0.000000,0.000000,0.000000,0.000000,0.000000,0.000000,0.000000,0.000000,0.000000,0.000000,0.000000,0.000000,0.000000,0.000000,0.000000,0.000000,0.000000,0.000000,0.000000,0.000000,0.000000,0.000000,0.000000,0.000000,0.000000,310.112762,494.435256,202.206097,305.719700,500.666692,171.339722,302.878265,501.024327,171.361027,299.756260,501.447301,171.385403,312.421112,500.329957,172.851925,0.000000,500.356758,172.926826,316.693535,500.396926,172.890568,293.492699,499.106741,72.977495,321.710396,496.911299,78.626952,306.239567,488.692260,173.148003,312.521858,488.335290,174.794350,272.344360,461.616368,-29.781129,344.984360,466.096666,41.378655,215.006695,482.178354,-137.366467,400.805168,0.000000,-0.000000,263.273411,507.136266,-249.071407,356.951981,506.902077,-168.082104,271.564293,518.077919,-279.841499,346.275978,514.024265,-188.055096,276.761932,513.886464,-276.142635,343.114243,510.494971,-190.367756,275.662422,508.510995,-250.634384,344.505272,505.814688,-171.329765,0.000000,340.317221,-46.975269,341.399956,344.412074,46.774592,0.000000,256.415019,-43.190660,0.000000,260.734749,114.235935,318.825626,169.280090,-79.291887,0.000000,185.041695,118.837357,327.562103,155.436931,-0.000000,341.200180,171.932302,119.126110,286.078796,152.390585,-107.626419,314.934692,171.415215,106.806116,
0.000000,0.000000,0.000000,0.000000,0.000000,0.000000,0.000000,0.000000,0.000000,0.000000,0.000000,0.000000,0.000000,0.000000,0.000000,0.000000,0.000000,0.000000,0.000000,0.000000,0.000000,0.000000,0.000000,0.000000,0.000000,0.000000,0.000000,0.000000,0.000000,0.000000,0.000000,0.000000,0.000000,0.000000,0.000000,0.000000,0.000000,0.000000,0.000000,0.000000,0.000000,0.000000,0.000000,0.000000,0.000000,0.000000,0.000000,0.000000,0.000000,0.000000,0.000000,0.000000,308.001747,494.434226,199.412041,303.533688,500.666413,168.383598,300.786953,500.989630,168.403053,297.718086,501.328597,168.426170,310.220127,500.453274,170.224571,312.263641,500.473552,170.294476,314.510288,500.541980,170.251217,292.182369,498.604739,69.533033,319.762020,496.966553,76.441584,304.127846,488.591838,170.055046,310.665588,488.332629,172.086372,272.355919,461.630380,-30.823054,344.499855,466.135097,40.758295,215.098019,482.359757,-133.126011,400.682716,487.771254,-45.293460,262.910728,507.187400,-232.451649,354.401894,507.081335,-166.090889,271.245480,518.141026,-260.922127,343.800240,514.181743,-186.077900,276.187096,513.898931,-258.520565,340.610504,510.645883,-0.000000,275.258331,0.000000,-234.146919,342.290192,505.937576,-168.899403,308.179359,340.266967,-47.565947,341.330223,344.434133,47.369437,309.239502,256.378498,-51.458364,329.488487,260.739813,114.622602,318.817234,167.113209,-80.969658,335.546112,185.090146,136.651096,327.615242,152.000313,-84.719601,341.551628,171.935735,138.911972,282.240105,151.629353,-113.297977,314.181728,172.121172,126.753702,
0.000000,0.000000,0.000000,0.000000,0.000000,0.000000,0.000000,0.000000,0.000000,0.000000,0.000000,0.000000,0.000000,0.000000,0.000000,0.000000,0.000000,0.000000,0.000000,0.000000,0.000000,0.000000,0.000000,0.000000,0.000000,0.000000,0.000000,0.000000,0.000000,0.000000,0.000000,0.000000,0.000000,0.000000,0.000000,0.000000,0.000000,0.000000,0.000000,0.000000,0.000000,0.000000,0.000000,0.000000,0.000000,0.000000,0.000000,0.000000,0.000000,0.000000,0.000000,0.000000,304.347172,494.381740,182.390003,0.000000,500.657036,0.000000,297.264004,500.948110,151.812696,294.365807,501.236608,151.845169,306.606789,500.496383,154.599094,308.754215,500.549104,154.651947,311.109200,500.645664,154.596453,290.727139,498.194704,54.438505,316.451454,496.966960,65.714722,300.662231,488.289585,0.000000,307.654305,488.206780,156.704311,272.227478,461.795497,-42.027040,343.216133,466.189384,34.685102,215.923004,482.638965,-133.016405,399.281158,487.949073,-42.504935,262.357121,507.351766,-220.913486,0.000000,507.052474,-142.669039,270.507812,518.582025,-246.439476,341.798325,514.146552,-158.772259,275.329704,513.899274,-245.027237,338.676834,510.647192,-160.837841,274.454155,508.556271,-222.686729,340.483932,505.936868,-145.382385,308.807335,340.262632,-50.188503,341.293030,344.513397,0.000000,309.147530,256.406436,-55.033674,329.210167,261.899686,125.627089,318.814335,167.131963,-0.000000,335.597992,185.599809,161.213608,327.740326,150.548015,-90.091534,341.747131,172.114735,164.503593,280.950413,152.147470,-123.724823,312.763882,0.000000,151.039448,
0.000000,0.000000,0.000000,0.000000,0.000000,0.000000,0.000000,0.000000,0.000000,0.000000,0.000000,0.000000,0.000000,0.000000,0.000000,0.000000,0.000000,0.000000,0.000000,0.000000,0.000000,0.000000,0.000000,0.000000,0.000000,0.000000,0.000000,0.000000,0.000000,0.000000,0.000000,0.000000,0.000000,0.000000,0.000000,0.000000,0.000000,0.000000,0.000000,0.000000,0.000000,0.000000,0.000000,0.000000,0.000000,0.000000,0.000000,0.000000,0.000000,0.000000,0.000000,0.000000,297.397194,494.249732,155.958633,293.611240,500.605366,125.726576,291.348381,0.000000,125.740128,289.024754,500.952873,125.773258,299.909115,500.582557,131.440792,302.010708,500.722525,131.483173,304.167023,500.867729,131.412477,288.018131,497.591743,30.484781,310.000210,496.967454,55.190687,294.599266,487.768700,127.634983,301.374874,488.078077,134.795742,273.011436,461.904824,-55.924964,340.319176,466.418831,32.538109,219.020081,0.000000,-134.777803,395.601158,487.766790,-19.841986,262.517395,507.971463,-210.640049,348.483162,506.812770,-97.138166,270.334625,518.927042,-232.957954,339.553833,514.027441,-109.487371,275.334473,513.865049,-232.507935,336.312408,510.618825,-114.542379,274.401646,508.542366,-212.377872,337.950668,505.894661,-100.638790,309.325294,340.270615,-54.080672,340.585556,344.779816,53.873410,309.137363,256.722550,-66.601524,328.830528,262.958450,136.567135,318.827477,167.181745,-110.862141,335.779266,186.278858,168.314762,327.892494,150.856447,-116.365023,342.469254,173.086681,170.942039,280.097713,151.652784,-155.075731,311.394844,174.580736,157.109861,
0.000000,0.000000,0.000000,0.000000,0.000000,0.000000,0.000000,0.000000,0.000000,0.000000,0.000000,0.000000,0.000000,0.000000,0.000000,0.000000,0.000000,0.000000,0.000000,0.000000,0.000000,0.000000,0.000000,0.000000,0.000000,0.000000,0.000000,0.000000,0.000000,0.000000,0.000000,0.000000,0.000000,0.000000,0.000000,0.000000,0.000000,0.000000,0.000000,0.000000,0.000000,0.000000,0.000000,0.000000,0.000000,0.000000,0.000000,0.000000,0.000000,0.000000,0.000000,0.000000,291.612892,494.234819,132.083340,289.796391,500.609357,103.527327,288.265648,500.792928,103.523865,286.532173,500.929742,103.544664,294.648533,500.728254,113.300171,296.485100,500.913692,113.339596,298.505344,501.073229,113.246794,287.604370,497.352962,13.298801,304.994164,496.973999,55.761824,290.771236,487.609398,105.140572,296.184425,488.048422,117.833338,275.989037,462.650607,-64.810724,337.975960,466.917872,41.669645,224.519711,483.701377,-127.485523,389.683418,486.918011,58.724608,262.634544,508.670661,-168.922081,344.513130,506.501076,44.488196,269.835968,519.446125,-186.178131,0.000000,514.178288,40.590653,275.079231,514.221911,-188.491192,333.386154,510.797117,30.817518,274.448891,508.871226,-170.888138,334.749756,505.924037,40.360932,310.484886,340.512228,-58.476233,338.192749,345.343165,58.265638,309.910793,256.679850,-79.775972,327.050591,263.012953,132.859983,318.876534,0.000000,-126.413393,0.000000,186.738997,160.420437,328.540726,149.153008,-132.191668,343.212280,173.657756,162.571659,278.937588,150.149889,-171.854954,309.702568,174.703045,149.278870,
0.000000,0.000000,0.000000,0.000000,0.000000,0.000000,0.000000,0.000000,0.000000,0.000000,0.000000,0.000000,0.000000,0.000000,0.000000,0.000000,0.000000,0.000000,0.000000,0.000000,0.000000,0.000000,0.000000,0.000000,0.000000,0.000000,0.000000,0.000000,0.000000,0.000000,0.000000,0.000000,0.000000,0.000000,0.000000,0.000000,0.000000,0.000000,0.000000,0.000000,0.000000,0.000000,0.000000,0.000000,0.000000,0.000000,0.000000,0.000000,0.000000,0.000000,0.000000,0.000000,0.000000,494.787483,92.408943,284.845982,0.000000,66.861525,283.942661,501.848474,66.859245,282.559109,501.861842,66.866927,288.676968,502.337301,81.801405,290.658607,502.600865,81.816349,293.232517,0.000000,81.745281,286.589165,498.319674,-12.335078,302.222939,498.609202,54.001670,286.610565,488.042929,68.577261,291.131840,488.549545,88.125448,281.970673,464.171183,-80.706043,335.843430,468.063669,65.759950,236.003551,483.770943,-116.731758,379.835892,485.454233,152.177219,263.656864,509.155498,-102.149553,340.227776,506.246481,216.218014,269.967442,519.612937,-109.817190,333.018188,514.204123,224.436474,275.102654,514.918363,-116.144667,0.000000,510.858464,213.617287,274.566231,0.000000,-103.511143,330.362206,505.928113,213.170357,311.291199,340.963912,-69.262877,335.207481,345.672455,69.071913,310.223351,256.678305,-91.065512,323.515091,263.078656,143.136015,318.801174,163.865547,-139.309978,336.160660,187.516708,186.112041,328.905716,146.186957,-144.637327,343.870010,174.752998,0.000000,278.456020,146.592550,-184.864330,308.324490,174.690814,181.477623,
0.000000,0.000000,0.000000,0.000000,0.000000,0.000000,0.000000,0.000000,0.000000,0.000000,0.000000,0.000000,0.000000,0.000000,0.000000,0.000000,0.000000,0.000000,0.000000,0.000000,0.000000,0.000000,0.000000,0.000000,0.000000,0.000000,0.000000,0.000000,0.000000,0.000000,0.000000,0.000000,0.000000,0.000000,0.000000,0.000000,0.000000,0.000000,0.000000,0.000000,0.000000,0.000000,0.000000,0.000000,0.000000,0.000000,0.000000,0.000000,0.000000,0.000000,0.000000,0.000000,286.204987,495.516701,67.168016,285.991554,503.069694,42.898321,285.198479,503.110056,42.893982,284.049473,503.148551,42.906189,289.541168,503.696537,59.973154,291.447144,503.900750,59.974227,293.967590,504.150002,59.918389,286.870728,498.986299,-0.000000,302.634621,500.026910,48.041601,286.658840,488.591580,45.692348,290.981026,489.232264,68.014460,286.662998,465.462914,-90.899258,334.618835,468.478940,74.262037,252.448311,483.975627,-119.265614,373.401527,484.998729,178.010941,0.000000,509.446807,-106.217175,334.283943,505.954399,261.332188,270.018616,519.565516,-113.158197,327.743378,513.406262,272.905025,275.152588,515.513749,-118.641052,324.718170,510.590630,260.891418,274.819450,0.000000,-107.112865,325.525780,505.670815,258.037014,311.213722,341.866465,-74.051323,331.354752,345.767255,73.855910,0.000000,256.726198,-86.576319,321.464767,263.060889,140.670195,318.681889,164.094071,-125.961132,335.906487,188.899655,183.391171,329.239273,146.093831,-130.767851,344.523964,176.807871,186.886845,278.256950,145.271659,-172.263489,307.402744,174.866896,176.860752,
0.000000,0.000000,0.000000,0.000000,0.000000,0.000000,0.000000,0.000000,0.000000,0.000000,0.000000,0.000000,0.000000,0.000000,0.000000,0.000000,0.000000,0.000000,0.000000,0.000000,0.000000,0.000000,0.000000,0.000000,0.000000,0.000000,0.000000,0.000000,0.000000,0.000000,0.000000,0.000000,0.000000,0.000000,0.000000,0.000000,0.000000,0.000000,0.000000,0.000000,0.000000,0.000000,0.000000,0.000000,0.000000,0.000000,0.000000,0.000000,0.000000,0.000000,0.000000,0.000000,273.680611,494.864495,-21.324344,276.667595,502.747400,-43.053999,277.446480,502.791495,-43.041964,277.956085,502.848122,-43.039074,277.275047,503.270473,-15.693357,278.367558,503.387611,-15.679133,279.567013,503.606265,-0.000000,285.654507,498.626368,-93.392029,290.453606,499.943247,29.750645,277.398834,487.296910,-35.603607,277.991982,487.563500,0.091659,298.116970,464.824526,-152.740431,324.812813,468.471193,94.669104,283.419380,482.898946,-346.786842,335.569420,485.306582,0.000000,284.874935,506.782258,-0.000000,318.573818,508.691733,398.858986,278.941002,516.963987,-0.000000,314.064026,515.549734,424.187775,280.227089,515.146308,-506.456223,311.891174,513.370278,413.059311,280.947914,511.281953,-482.996674,312.299099,509.815729,396.873779,312.879124,342.739148,-91.379414,324.949875,345.955095,91.309338,310.464993,257.012315,-87.120037,319.518394,263.049903,164.255428,318.560448,163.505874,-122.002316,334.978027,0.000000,239.987984,329.178276,145.759134,-122.630320,344.583244,178.254633,244.941444,278.357239,143.352528,-167.152500,305.831795,175.001092,219.951763,
0.000000,0.000000,0.000000,0.000000,0.000000,0.000000,0.000000,0.000000,0.000000,0.000000,0.000000,0.000000,0.000000,0.000000,0.000000,0.000000,0.000000,0.000000,0.000000,0.000000,0.000000,0.000000,0.000000,0.000000,0.000000,0.000000,0.000000,0.000000,0.000000,0.000000,0.000000,0.000000,0.000000,0.000000,0.000000,0.000000,0.000000,0.000000,0.000000,0.000000,0.000000,0.000000,0.000000,0.000000,0.000000,0.000000,0.000000,0.000000,0.000000,0.000000,0.000000,0.000000,271.927395,495.263608,-58.660645,275.620174,503.299098,-79.877977,276.604061,503.330641,-79.863043,277.439995,503.399863,-79.859247,275.698147,503.846183,-0.000000,276.778374,504.055631,-50.528407,277.866554,504.380972,-50.554137,285.973759,498.802149,-126.091738,289.502354,500.458403,7.066132,276.784019,487.674716,-71.930833,276.925163,0.000000,-33.452573,302.993164,464.380074,-185.178375,318.428802,468.449671,0.000000,297.283726,473.572111,-391.659508,316.556816,482.154944,275.349064,286.363926,0.000000,-557.704887,306.846104,507.475576,443.594742,281.031895,502.754309,-597.890129,308.074341,515.138347,474.752769,281.731205,505.574577,-588.717957,0.000000,513.268762,464.881554,283.255043,503.399606,-0.000000,304.151974,0.000000,443.455429,313.273716,342.711854,-92.897205,319.748325,345.952177,92.829847,310.619602,256.785722,-81.275043,319.029694,262.897725,186.517467,318.460140,0.000000,-88.239288,334.951019,190.228014,289.339657,329.122047,145.417185,-88.436165,344.857292,181.490107,297.087193,278.582001,141.879802,-154.728928,305.735207,175.874634,270.919495,
0.000000,0.000000,0.000000,0.000000,0.000000,0.000000,0.000000,0.000000,0.000000,0.000000,0.000000,0.000000,0.000000,0.000000,0.000000,0.000000,0.000000,0.000000,0.000000,0.000000,0.000000,0.000000,0.000000,0.000000,0.000000,0.000000,0.000000,0.000000,0.000000,0.000000,0.000000,0.000000,0.000000,0.000000,0.000000,0.000000,0.000000,0.000000,0.000000,0.000000,0.000000,0.000000,0.000000,0.000000,0.000000,0.000000,0.000000,0.000000,0.000000,0.000000,0.000000,0.000000,272.117805,493.899651,-45.424838,276.281185,502.759759,-65.429983,277.298851,0.000000,-0.000000,278.209229,503.068063,-65.428171,276.118164,503.169944,-36.844363,277.077789,503.437886,-36.841614,278.066559,503.876352,-36.900342,287.672062,498.724558,-109.875469,289.754028,500.434370,17.851276,277.212410,486.402211,-58.587484,276.724510,486.247330,-21.181831,310.946503,464.354818,-173.551674,307.942562,466.316564,94.491425,298.252678,472.864115,-384.360428,294.169502,480.924175,283.764496,292.380676,497.205162,-555.384827,290.012093,507.424293,448.093338,289.603024,503.199019,-593.222656,293.630257,514.983702,480.424881,289.537086,505.015991,-586.348801,292.188778,513.331246,471.096001,290.400887,0.000000,-556.934395,0.000000,510.567691,447.922897,314.392738,343.090925,-89.388781,314.074974,345.948958,89.339495,310.994263,257.216678,-91.846676,317.401085,0.000000,169.815407,318.697147,161.734929,-100.951777,334.884987,190.238099,226.070938,329.417877,145.915174,-101.270981,344.654770,181.771374,0.000000,278.685417,141.998763,-170.109138,305.280972,174.485464,223.414841,
0.000000,0.000000,0.000000,0.000000,0.000000,0.000000,0.000000,0.000000,0.000000,0.000000,0.000000,0.000000,0.000000,0.000000,0.000000,0.000000,0.000000,0.000000,0.000000,0.000000,0.000000,0.000000,0.000000,0.000000,0.000000,0.000000,0.000000,0.000000,0.000000,0.000000,0.000000,0.000000,0.000000,0.000000,0.000000,0.000000,0.000000,0.000000,0.000000,0.000000,0.000000,0.000000,0.000000,0.000000,0.000000,0.000000,0.000000,0.000000,0.000000,0.000000,0.000000,0.000000,271.422787,491.249006,-32.015960,274.539070,499.638140,-52.869782,275.655270,500.021074,-52.855597,276.755409,500.478144,-52.868452,274.043465,499.568167,-24.248176,274.791908,499.826002,-24.238434,275.555534,500.255842,-24.303658,287.539864,497.866123,-98.776741,286.249027,498.543477,26.849806,0.000000,484.657166,-45.396256,276.500854,484.046652,-8.100727,313.045235,464.553967,-162.721062,304.432468,463.288822,105.007524,304.233818,472.992775,-361.883278,292.712250,479.483678,287.167854,293.964386,500.509880,-509.410782,288.117008,507.380583,435.596657,292.568722,505.011485,-544.876328,291.118431,514.696383,464.254875,291.775818,506.102200,-537.845955,289.582520,513.265221,454.738426,292.042427,505.009360,-509.918900,287.296715,510.491109,434.428787,314.670200,343.185039,-89.471073,310.463161,345.592976,89.462576,311.494389,257.231355,-110.173149,316.535950,262.475781,164.342403,318.939724,161.171451,-139.039488,334.633179,189.717021,214.441566,329.527512,145.920453,-142.875443,344.268799,181.606922,217.861977,279.355106,140.743060,-210.071392,304.696541,172.619376,201.133461,
0.000000,0.000000,0.000000,0.000000,0.000000,0.000000,0.000000,0.000000,0.000000,0.000000,0.000000,0.000000,0.000000,0.000000,0.000000,0.000000,0.000000,0.000000,0.000000,0.000000,0.000000,0.000000,0.000000,0.000000,0.000000,0.000000,0.000000,0.000000,0.000000,0.000000,0.000000,0.000000,0.000000,0.000000,0.000000,0.000000,0.000000,0.000000,0.000000,0.000000,0.000000,0.000000,0.000000,0.000000,0.000000,0.000000,0.000000,0.000000,0.000000,0.000000,0.000000,0.000000,270.170288,488.538902,-65.469942,273.060341,496.508431,-83.581676,274.339809,497.052577,-83.594084,275.681362,497.724073,-83.636932,272.212410,496.185021,-55.834355,272.833099,496.458349,-55.811777,273.510075,496.878662,-55.843868,287.461815,496.910462,-116.046877,284.787960,496.446526,9.668700,277.004509,482.710354,-73.857450,275.782223,481.796279,-37.677093,314.963741,463.652487,-166.995888,301.725521,460.940237,93.546991,327.522011,474.008646,-364.088783,296.971035,477.350657,262.088223,306.828976,500.747759,-494.299316,290.902920,507.226496,387.794495,301.420746,505.203187,-528.997917,289.480705,514.189274,411.007118,0.000000,0.000000,-516.173782,288.646336,512.913637,398.722916,300.028019,505.287430,-491.896324,288.956203,510.468407,384.421844,315.073338,0.000000,-88.161011,308.197174,345.112839,88.195734,312.399540,257.383919,-106.076603,315.072212,262.395444,151.436663,0.000000,160.989575,-127.406158,332.342873,189.275379,207.343006,329.542160,145.936418,-131.087570,343.060303,181.534910,210.612545,280.305367,141.166978,-198.365364,301.759682,171.958179,179.419899,
0.000000,0.000000,0.000000,0.000000,0.000000,0.000000,0.000000,0.000000,0.000000,0.000000,0.000000,0.000000,0.000000,0.000000,0.000000,0.000000,0.000000,0.000000,0.000000,0.000000,0.000000,0.000000,0.000000,0.000000,0.000000,0.000000,0.000000,0.000000,0.000000,0.000000,0.000000,0.000000,0.000000,0.000000,0.000000,0.000000,0.000000,0.000000,0.000000,0.000000,0.000000,0.000000,0.000000,0.000000,0.000000,0.000000,0.000000,0.000000,0.000000,0.000000,0.000000,0.000000,271.479073,485.823219,-105.076809,274.181328,493.568966,-114.302702,275.469818,494.255440,-114.316940,276.714592,495.123467,-114.415493,272.897797,493.004394,-90.338230,273.289757,493.220408,-90.295439,273.740425,493.527081,-0.000000,288.547859,496.257334,-110.606518,285.423737,494.794478,0.493057,278.293571,480.173542,-99.821873,276.826077,479.411817,-68.272538,320.530815,463.169796,-140.687456,298.239861,459.822764,93.496265,350.785713,474.664865,-241.517296,298.671608,470.014429,233.351650,316.270866,501.214528,-245.352745,292.035637,504.311986,306.038418,307.731743,506.625788,-260.839634,289.573555,511.088619,320.529022,305.164833,507.285118,-246.469994,290.127411,509.979622,310.968437,307.230949,505.472353,-239.356079,290.724735,505.666480,302.756405,315.991020,343.150835,-85.664816,303.716068,343.668222,85.606441,313.027248,257.748013,-122.117023,313.816109,262.035341,136.488590,319.514503,160.947733,-153.523922,0.000000,189.023938,195.967045,329.840012,146.010275,-158.665285,342.889023,181.349773,197.823830,281.828003,140.637703,-227.866192,302.448883,168.471737,160.342178,
0.000000,0.000000,0.000000,0.000000,0.000000,0.000000,0.000000,0.000000,0.000000,0.000000,0.000000,0.000000,0.000000,0.000000,0.000000,0.000000,0.000000,0.000000,0.000000,0.000000,0.000000,0.000000,0.000000,0.000000,0.000000,0.000000,0.000000,0.000000,0.000000,0.000000,0.000000,0.000000,0.000000,0.000000,0.000000,0.000000,0.000000,0.000000,0.000000,0.000000,0.000000,0.000000,0.000000,0.000000,0.000000,0.000000,0.000000,0.000000,0.000000,0.000000,0.000000,0.000000,272.611446,482.853949,-135.239506,275.169735,491.089060,-138.380156,276.431065,492.050622,-138.386431,277.153740,493.124363,-138.500137,272.941685,489.782310,-116.291523,0.000000,489.797351,-116.248283,0.000000,489.916527,-116.286058,290.501347,495.571632,-108.464575,284.279270,492.294509,-5.952263,278.965454,476.997485,-121.279755,277.317619,475.825875,-92.412968,325.394745,463.114908,-114.807158,0.000000,458.021028,98.703537,366.237717,474.761252,-207.860756,296.415138,460.671651,248.134480,326.392174,501.495602,-195.767384,287.501106,487.651563,310.625248,315.508213,507.498772,-209.989643,285.232124,496.336191,321.934395,312.430172,507.398672,-195.739403,284.009151,493.586004,310.624657,314.725838,504.159465,-189.709435,287.399292,497.953091,305.637455,317.576389,343.000889,-85.218201,301.311855,342.762365,84.953680,0.000000,258.065586,-137.389126,314.103031,261.974530,137.843733,319.435062,161.486320,-175.759468,331.800919,188.603454,216.218243,329.894447,146.080441,-181.364288,342.557564,181.158156,219.858818,0.000000,140.871935,-256.298618,302.668552,168.863811,175.950756,
0.000000,0.000000,0.000000,0.000000,0.000000,0.000000,0.000000,0.000000,0.000000,0.000000,0.000000,0.000000,0.000000,0.000000,0.000000,0.000000,0.000000,0.000000,0.000000,0.000000,0.000000,0.000000,0.000000,0.000000,0.000000,0.000000,0.000000,0.000000,0.000000,0.000000,0.000000,0.000000,0.000000,0.000000,0.000000,0.000000,0.000000,0.000000,0.000000,0.000000,0.000000,0.000000,0.000000,0.000000,0.000000,0.000000,0.000000,0.000000,0.000000,0.000000,0.000000,0.000000,272.718754,481.625626,-161.669579,275.286922,489.960001,-0.000000,276.885071,491.045158,-0.000000,277.628078,492.255435,-165.042114,272.018089,488.299005,-141.428862,271.454201,488.080823,-141.384907,0.000000,487.969244,-141.410503,291.455421,495.262878,-131.258068,282.665310,490.506141,-22.701316,279.527683,475.752296,-146.805897,276.778831,474.176981,-115.943117,328.487892,463.145421,-115.162601,290.759392,458.128724,95.288858,378.774567,473.712916,-229.514847,288.381805,463.432353,250.968742,335.200806,501.544762,-247.441196,277.032928,491.475298,335.941849,322.154312,507.610331,-265.572929,275.364590,499.557910,350.479012,319.608097,507.614386,-248.620129,276.029720,497.551489,340.718918,321.687431,504.231520,-241.028099,278.402710,497.640946,331.925201,317.879543,342.645979,-84.385071,299.481621,342.231846,84.046707,313.159790,258.010054,-149.420061,314.376984,261.969724,155.249615,319.358253,161.554728,-194.958496,333.806992,190.456367,258.878021,329.895554,146.166487,-201.292000,343.647995,182.803788,265.733376,0.000000,140.422482,-283.018303,308.541565,171.375732,224.436035,
0.000000,0.000000,0.000000,0.000000,0.000000,0.000000,0.000000,0.000000,0.000000,0.000000,0.000000,0.000000,0.000000,0.000000,0.000000,0.000000,0.000000,0.000000,0.000000,0.000000,0.000000,0.000000,0.000000,0.000000,0.000000,0.000000,0.000000,0.000000,0.000000,0.000000,0.000000,0.000000,0.000000,0.000000,0.000000,0.000000,0.000000,0.000000,0.000000,0.000000,0.000000,0.000000,0.000000,0.000000,0.000000,0.000000,0.000000,0.000000,0.000000,0.000000,0.000000,0.000000,276.227531,481.202760,-102.282753,278.444366,489.774885,-106.432743,280.912628,491.026597,-106.412029,282.944374,492.357123,-106.503000,272.133331,487.688041,-85.677299,272.808170,487.387054,-85.646648,273.161888,487.154560,-85.685978,296.842995,495.208805,-79.466567,284.084263,489.898224,0.000000,284.375191,475.952411,-90.921993,278.302822,474.339459,-63.847561,333.535309,463.146644,-57.204485,285.468407,459.494119,124.751272,387.683296,472.990093,-104.587536,250.826454,469.960699,247.001171,343.002319,501.779015,-43.716269,265.142574,498.525152,314.499874,329.966850,507.920587,-47.899175,269.818382,508.310173,324.064903,0.000000,507.805488,-35.330968,273.994179,504.188454,326.038589,0.000000,504.380436,-36.775124,274.102516,501.362178,314.656067,0.000000,342.725844,-80.502720,296.025639,342.024822,80.431976,313.139229,0.000000,-138.668060,313.619137,261.692019,105.296106,319.263248,162.775326,-175.337029,333.875961,190.315733,161.998940,329.765701,146.217341,-181.022606,343.713150,181.624861,164.109459,282.901096,140.534320,-260.216732,309.160767,171.393414,114.677849,
0.000000,0.000000,0.000000,0.000000,0.000000,0.000000,0.000000,0.000000,0.000000,0.000000,0.000000,0.000000,0.000000,0.000000,0.000000,0.000000,0.000000,0.000000,0.000000,0.000000,0.000000,0.000000,0.000000,0.000000,0.000000,0.000000,0.000000,0.000000,0.000000,0.000000,0.000000,0.000000,0.000000,0.000000,0.000000,0.000000,0.000000,0.000000,0.000000,0.000000,0.000000,0.000000,0.000000,0.000000,0.000000,0.000000,0.000000,0.000000,0.000000,0.000000,0.000000,0.000000,279.288578,481.335218,-79.699187,282.747746,489.951375,-87.777367,285.577030,491.282394,-87.781630,288.191280,492.618520,-87.841167,274.810448,488.009670,-65.935349,273.825836,487.765803,-65.904603,273.842716,487.615728,-65.945449,300.851860,495.243373,-46.609774,284.510078,0.000000,32.620120,287.387352,476.346095,-75.090356,279.586735,474.616628,-46.692591,336.029015,463.036673,-44.698381,278.256569,459.734101,129.100599,396.143112,472.565339,-103.373547,237.631626,472.444875,236.221619,348.844986,501.643274,-59.443779,257.935181,501.604586,304.141998,336.865768,508.096368,-64.233766,264.294891,511.608496,0.000000,332.064934,508.034098,-48.667960,0.000000,507.839777,318.348083,333.289871,504.343743,-51.701298,268.687286,503.507087,304.914494,321.023827,342.727904,-76.322122,293.043365,341.762609,76.330385,313.834934,258.592973,-136.331654,311.512051,0.000000,69.528551,319.947109,165.667734,-136.252460,331.595688,188.495049,101.485872,329.959984,150.663929,-139.805069,342.487869,178.939991,100.722589,284.629707,140.610881,-226.679859,304.615231,168.600998,47.002287,
0.000000,0.000000,0.000000,0.000000,0.000000,0.000000,0.000000,0.000000,0.000000,0.000000,0.000000,0.000000,0.000000,0.000000,0.000000,0.000000,0.000000,0.000000,0.000000,0.000000,0.000000,0.000000,0.000000,0.000000,0.000000,0.000000,0.000000,0.000000,0.000000,0.000000,0.000000,0.000000,0.000000,0.000000,0.000000,0.000000,0.000000,0.000000,0.000000,0.000000,0.000000,0.000000,0.000000,0.000000,0.000000,0.000000,0.000000,0.000000,0.000000,0.000000,0.000000,0.000000,282.800407,482.146447,-71.603880,286.751213,490.620596,-80.813742,289.532318,491.810489,-80.780268,292.521400,493.010294,-80.883198,278.836479,488.922329,-61.246767,0.000000,488.703890,-61.183610,0.000000,488.584414,-61.252832,304.866982,494.881768,-27.318947,0.000000,490.534036,44.985061,290.332737,476.896527,-66.739149,281.697693,475.141976,-41.297812,337.023544,462.392492,-22.819190,275.061798,459.784033,136.945496,399.455032,470.971313,-78.095789,0.000000,475.046382,234.471855,352.756081,501.713204,-46.871252,253.197880,504.290528,300.376225,341.476631,508.365147,-51.671343,261.398716,513.663969,314.486332,336.303749,508.058088,-37.108333,266.193027,510.908418,317.830563,336.885452,504.386637,-39.694431,265.533638,505.932362,303.047485,321.974869,342.920637,-70.700326,291.830807,341.546230,70.710106,314.809151,258.614473,-132.118711,309.426727,259.075642,50.636625,320.009041,165.714855,-134.641218,330.474968,185.886698,0.000000,329.963531,150.248423,-138.966427,341.616554,176.096849,66.521964,285.517578,140.711904,-224.328880,302.081795,165.316815,9.394619,
0.000000,0.000000,0.000000,0.000000,0.000000,0.000000,0.000000,0.000000,0.000000,0.000000,0.000000,0.000000,0.000000,0.000000,0.000000,0.000000,0.000000,0.000000,0.000000,0.000000,0.000000,0.000000,0.000000,0.000000,0.000000,0.000000,0.000000,0.000000,0.000000,0.000000,0.000000,0.000000,0.000000,0.000000,0.000000,0.000000,0.000000,0.000000,0.000000,0.000000,0.000000,0.000000,0.000000,0.000000,0.000000,0.000000,0.000000,0.000000,0.000000,0.000000,0.000000,0.000000,287.272072,482.608709,-68.103971,291.780186,491.005290,-66.399412,295.226536,492.016826,-66.356735,298.940468,492.991090,-66.448374,284.029427,489.553120,-56.477952,281.449928,489.388797,-56.436777,278.916073,489.311528,-56.419768,309.005165,493.977027,-2.728521,284.938850,490.811634,55.703669,294.390678,476.805353,-51.472282,284.795628,475.744851,-37.869916,337.780838,461.802042,6.797984,272.194881,459.914711,144.156494,401.704788,0.000000,-59.735627,225.146103,475.961080,231.872673,356.223526,501.327052,-57.411661,250.631523,505.002751,0.000000,344.432793,508.766534,-65.970221,260.209808,513.702292,290.144901,339.535675,508.189216,-48.878894,265.284939,511.468592,313.385315,339.781876,503.948107,-50.302882,264.298973,506.593859,0.000000,322.562370,342.988658,-0.000000,290.868034,341.361995,65.805764,315.263824,258.591342,-126.804066,307.853298,258.475213,53.042855,319.908810,165.669923,-140.108137,330.393257,185.953259,86.960363,329.735222,149.479809,-145.588474,341.652222,176.133199,86.526041,285.823250,140.723920,-242.188644,303.449917,165.641298,0.000000,
0.000000,0.000000,0.000000,0.000000,0.000000,0.000000,0.000000,0.000000,0.000000,0.000000,0.000000,0.000000,0.000000,0.000000,0.000000,0.000000,0.000000,0.000000,0.000000,0.000000,0.000000,0.000000,0.000000,0.000000,0.000000,0.000000,0.000000,0.000000,0.000000,0.000000,0.000000,0.000000,0.000000,0.000000,0.000000,0.000000,0.000000,0.000000,0.000000,0.000000,0.000000,0.000000,0.000000,0.000000,0.000000,0.000000,0.000000,0.000000,0.000000,0.000000,0.000000,0.000000,291.124458,482.452347,-66.865091,296.356049,490.834701,-52.736840,299.876366,491.676550,-52.703881,303.407536,492.449284,-52.784338,287.811222,489.752312,-46.638331,285.473328,489.722421,-46.606512,282.940311,489.735596,-46.552138,311.434994,492.818828,16.171077,285.231819,490.768139,58.654928,298.482113,475.842333,-37.747867,287.847691,475.690820,-29.438062,0.000000,461.201055,32.593529,0.000000,0.000000,138.642225,401.565628,468.678925,-35.618496,219.099731,477.574117,200.375938,358.551292,500.588028,-51.126280,250.638409,505.830739,252.016563,347.423935,509.008019,-60.014515,260.725365,513.876014,252.332287,342.814293,0.000000,-41.754713,266.534367,511.711943,275.153084,342.517509,503.279014,-44.113789,265.426979,507.082644,259.708405,322.863121,343.140707,-55.847635,290.119934,0.000000,55.860939,315.925083,258.517056,-119.565601,306.570740,258.061767,39.450278,319.249535,165.563836,-137.886934,330.185089,186.065741,64.188585,0.000000,149.189229,-143.700180,341.586685,176.264262,63.141966,286.230736,140.786362,-237.220421,305.285072,165.729146,-0.317173,
0.000000,0.000000,0.000000,0.000000,0.000000,0.000000,0.000000,0.000000,0.000000,0.000000,0.000000,0.000000,0.000000,0.000000,0.000000,0.000000,0.000000,0.000000,0.000000,0.000000,0.000000,0.000000,0.000000,0.000000,0.000000,0.000000,0.000000,0.000000,0.000000,0.000000,0.000000,0.000000,0.000000,0.000000,0.000000,0.000000,0.000000,0.000000,0.000000,0.000000,0.000000,0.000000,0.000000,0.000000,0.000000,0.000000,0.000000,0.000000,0.000000,0.000000,0.000000,0.000000,294.358482,482.575815,-65.798063,299.959011,490.863175,-49.520793,303.518124,491.612585,-49.483442,306.924286,492.235887,-49.554553,290.717201,489.914832,-44.217153,287.879066,489.963906,-44.197288,285.378380,490.019889,-44.148531,313.254967,492.117162,22.449245,285.414581,490.743785,56.542892,301.050777,475.620546,-34.595978,289.927025,475.755837,-27.694218,337.725906,460.710361,38.006184,268.612576,460.429137,135.175648,400.429230,467.949965,-35.179703,214.939041,479.083171,187.867603,359.433365,500.128791,-67.597098,250.797386,506.943018,240.142097,349.332657,509.208906,-79.008331,261.272316,514.096041,240.271130,344.782944,508.168681,-61.153989,267.382145,512.077045,261.904812,0.000000,503.051219,-61.403346,266.036644,507.833962,247.577858,323.079453,343.205037,-54.037676,289.841824,341.312857,54.061723,316.093082,258.448606,-118.277340,306.153679,257.829809,40.685410,318.974094,165.405993,-137.198086,329.895973,186.086597,73.844938,327.874527,149.068680,-143.087635,341.114120,176.405282,73.352175,286.417942,140.574145,-238.252831,305.974426,165.877204,7.776237,
0.000000,0.000000,0.000000,0.000000,0.000000,0.000000,0.000000,0.000000,0.000000,0.000000,0.000000,0.000000,0.000000,0.000000,0.000000,0.000000,0.000000,0.000000,0.000000,0.000000,0.000000,0.000000,0.000000,0.000000,0.000000,0.000000,0.000000,0.000000,0.000000,0.000000,0.000000,0.000000,0.000000,0.000000,0.000000,0.000000,0.000000,0.000000,0.000000,0.000000,0.000000,0.000000,0.000000,0.000000,0.000000,0.000000,0.000000,0.000000,0.000000,0.000000,0.000000,0.000000,296.854305,482.716749,-58.482776,302.973938,0.000000,-40.102024,306.385193,491.520596,-40.059199,309.391747,491.999702,-40.121975,293.326054,490.082953,-36.384494,290.138741,490.155373,-36.370590,287.077332,490.226934,-36.324203,314.552612,491.430194,38.971844,285.553341,490.645959,61.512127,303.036308,475.498881,-25.898585,291.480904,475.860014,-21.567237,337.328720,460.105684,54.414148,0.000000,460.600369,138.001423,398.577271,466.285150,-14.349529,212.586441,480.799720,182.808456,360.314941,499.243083,-50.722556,251.660347,507.529156,231.425915,351.042061,509.184294,-62.821169,263.390961,514.544399,230.196877,346.553116,507.925436,-44.606180,269.151421,512.375672,252.570934,346.408424,502.579322,-44.636087,267.667332,508.226831,239.019413,323.404579,343.234820,-52.691913,289.830074,341.223164,52.733150,316.051445,258.348527,-122.216053,306.063538,257.863884,43.433347,318.853397,0.000000,-150.347567,329.999657,187.320113,84.553356,327.776222,148.510695,-157.098675,341.225739,179.769115,85.059252,286.466885,140.664654,-257.076073,307.496300,168.349771,22.118855,
0.000000,0.000000,0.000000,0.000000,0.000000,0.000000,0.000000,0.000000,0.000000,0.000000,0.000000,0.000000,0.000000,0.000000,0.000000,0.000000,0.000000,0.000000,0.000000,0.000000,0.000000,0.000000,0.000000,0.000000,0.000000,0.000000,0.000000,0.000000,0.000000,0.000000,0.000000,0.000000,0.000000,0.000000,0.000000,0.000000,0.000000,0.000000,0.000000,0.000000,0.000000,0.000000,0.000000,0.000000,0.000000,0.000000,0.000000,0.000000,0.000000,0.000000,0.000000,0.000000,298.057003,482.803073,-64.440131,304.311581,491.009259,-44.550815,307.526512,491.576514,-44.520750,310.213985,491.966786,-44.592843,294.844170,490.160909,-42.438383,291.766701,490.212772,-42.440214,288.585968,490.253971,-42.384882,315.333099,491.244264,27.737761,285.628452,490.721662,56.831903,304.012413,475.659020,-31.084294,292.540340,475.952561,-28.770051,337.223473,459.429166,44.274931,267.375946,460.635560,133.823147,397.616844,464.819291,-23.952084,211.489201,481.866510,163.691216,360.088272,498.357396,-0.000000,252.515831,507.699680,0.000000,350.885925,508.936350,-73.210206,264.580498,514.764061,211.708012,346.471672,507.303958,-56.643195,269.997826,512.471781,234.430504,346.357918,501.601968,-0.000000,268.333435,508.382592,221.041145,323.596153,343.468151,-50.618777,289.453545,341.223722,50.620990,316.262207,258.680048,-119.044943,305.040092,257.887230,31.072645,318.924217,165.021987,-138.597736,328.969803,187.216601,56.234398,327.793541,148.534985,-144.711914,340.314407,179.435835,54.689002,287.820587,140.900517,-251.824665,306.275387,167.977524,-12.631564,
0.000000,0.000000,0.000000,0.000000,0.000000,0.000000,0.000000,0.000000,0.000000,0.000000,0.000000,0.000000,0.000000,0.000000,0.000000,0.000000,0.000000,0.000000,0.000000,0.000000,0.000000,0.000000,0.000000,0.000000,0.000000,0.000000,0.000000,0.000000,0.000000,0.000000,0.000000,0.000000,0.000000,0.000000,0.000000,0.000000,0.000000,0.000000,0.000000,0.000000,0.000000,0.000000,0.000000,0.000000,0.000000,0.000000,0.000000,0.000000,0.000000,0.000000,0.000000,0.000000,299.782200,482.839487,-64.466500,0.000000,491.089511,-46.542349,308.860970,491.628184,-46.507125,311.371250,491.949878,-46.571612,0.000000,490.217900,-43.633976,293.156834,490.262704,-43.644361,289.934597,490.278454,-43.591142,316.112766,491.040330,35.009842,285.661259,490.776143,56.085916,305.418968,475.769012,-32.532287,294.076176,0.000000,-30.075235,337.177200,458.906457,55.841579,267.220802,460.691864,124.128847,397.161827,464.127324,-6.770586,211.400471,483.403587,153.517561,360.528221,497.890069,-52.493963,252.761135,508.303649,207.984695,351.336174,508.701882,-65.343962,265.340080,515.128777,205.859642,347.128830,507.103972,-50.124054,270.703583,512.707365,227.657337,347.023125,501.296818,-47.963438,268.924007,508.550434,215.392227,323.874817,343.757143,-47.038870,289.620514,341.117806,47.071795,0.000000,258.809824,-118.345890,305.391388,257.709475,27.712698,318.630257,165.013533,-138.234968,329.338455,187.374830,56.303024,327.678108,148.533697,-144.368229,340.494614,178.866434,0.000000,288.010159,141.558666,-245.248985,307.287045,168.278575,-12.502742,
0.000000,0.000000,0.000000,0.000000,0.000000,0.000000,0.000000,0.000000,0.000000,0.000000,0.000000,0.000000,0.000000,0.000000,0.000000,0.000000,0.000000,0.000000,0.000000,0.000000,0.000000,0.000000,0.000000,0.000000,0.000000,0.000000,0.000000,0.000000,0.000000,0.000000,0.000000,0.000000,0.000000,0.000000,0.000000,0.000000,0.000000,0.000000,0.000000,0.000000,0.000000,0.000000,0.000000,0.000000,0.000000,0.000000,0.000000,0.000000,0.000000,0.000000,0.000000,0.000000,0.000000,482.934887,-64.887137,0.000000,491.039343,-47.642956,309.364586,491.478410,-47.604852,311.842594,491.664405,-47.664332,297.654381,490.307872,-44.561892,294.341030,490.371387,-44.570565,291.150780,490.415139,-44.518175,316.537724,490.614781,35.835114,285.812569,490.714238,53.527822,305.917912,475.696721,-0.000000,295.143547,476.126347,-30.768237,337.105598,458.397074,54.635563,267.252350,460.756710,122.645607,397.078667,463.829062,-17.025769,211.491470,484.047446,149.846621,360.101814,497.485163,-68.849821,253.187084,508.615451,198.518391,350.502777,508.462651,-83.924990,265.831642,515.302606,194.809189,346.366272,506.637526,-67.741938,270.991726,512.830467,216.997471,346.361237,500.748253,-64.131265,269.150906,508.773637,205.980320,324.152298,343.674231,-46.855536,289.787102,340.861645,46.919131,316.357174,258.805704,-120.937929,305.275688,257.729774,38.530545,318.423100,164.012532,-143.592682,329.365730,188.799620,67.619834,327.613754,147.847524,-150.261889,340.510063,179.671140,63.188825,288.304176,141.566777,-253.676834,307.292328,169.264941,14.338787,
0.000000,0.000000,0.000000,0.000000,0.000000,0.000000,0.000000,0.000000,0.000000,0.000000,0.000000,0.000000,0.000000,0.000000,0.000000,0.000000,0.000000,0.000000,0.000000,0.000000,0.000000,0.000000,0.000000,0.000000,0.000000,0.000000,0.000000,0.000000,0.000000,0.000000,0.000000,0.000000,0.000000,0.000000,0.000000,0.000000,0.000000,0.000000,0.000000,0.000000,0.000000,0.000000,0.000000,0.000000,0.000000,0.000000,0.000000,0.000000,0.000000,0.000000,0.000000,0.000000,301.977444,482.988532,-0.000000,307.718086,491.081979,-49.021888,310.359554,491.492743,-48.975935,312.958775,491.680284,-49.022083,298.726463,490.366752,-49.802141,295.262356,490.445073,-49.818220,292.048912,490.503995,-49.781880,317.279263,490.600941,31.009572,285.927391,490.700419,42.683511,306.991482,475.759313,-33.865771,296.290340,476.191428,-36.017814,337.190666,458.330190,49.504819,267.173100,460.819452,112.676554,0.000000,464.033682,-14.894754,211.623898,484.646051,145.383959,360.066452,497.279770,-59.324479,252.940102,509.141400,202.721729,350.528793,0.000000,-72.168074,265.943146,515.807676,200.752754,346.273270,506.467602,-57.629848,270.946693,513.354807,222.718697,346.292496,500.541894,-55.160646,0.000000,509.234376,210.409222,324.176712,343.595910,-46.901484,289.674034,340.662518,46.937160,316.414642,258.886900,-112.918434,305.115356,257.530346,23.973453,318.754215,0.000000,-126.008549,328.716049,187.142315,44.839010,327.804642,148.101754,-131.394701,339.427795,176.031060,42.397399,289.943352,142.040949,-228.530464,303.594456,166.518745,-24.737539,
0.000000,0.000000,0.000000,0.000000,0.000000,0.000000,0.000000,0.000000,0.000000,0.000000,0.000000,0.000000,0.000000,0.000000,0.000000,0.000000,0.000000,0.000000,0.000000,0.000000,0.000000,0.000000,0.000000,0.000000,0.000000,0.000000,0.000000,0.000000,0.000000,0.000000,0.000000,0.000000,0.000000,0.000000,0.000000,0.000000,0.000000,0.000000,0.000000,0.000000,0.000000,0.000000,0.000000,0.000000,0.000000,0.000000,0.000000,0.000000,0.000000,0.000000,0.000000,0.000000,301.103706,483.088567,-68.740120,306.999512,491.155515,-49.427133,309.835472,491.538019,-49.385796,312.396393,0.000000,-49.434042,297.965755,490.547190,-49.555759,294.724636,490.657611,-49.566069,291.664543,490.743742,-49.531617,317.206421,490.653405,28.892722,285.978203,490.772688,43.310285,306.432400,475.808172,-34.476311,295.792732,476.216791,-35.430374,337.459526,458.323431,47.036257,267.221928,461.059756,115.968494,398.117294,464.294028,-15.825956,212.434196,485.134299,159.084835,359.625664,497.374549,-45.148568,252.948799,509.407132,213.141041,349.585571,508.420250,-56.238852,265.992794,516.081519,214.182224,345.448990,506.506505,-38.939190,271.017113,513.553526,225.669594,345.602188,500.611181,-0.000000,268.958340,509.503520,216.224556,324.137650,343.419313,-47.903085,289.762001,0.000000,47.932615,316.433258,258.884368,-112.771997,305.196228,257.544293,29.882815,318.936920,164.655962,-129.086180,328.815308,187.233725,58.731489,327.912979,148.627939,-134.573183,339.497299,175.917850,57.706037,289.822903,141.984429,-229.887714,303.739624,166.557798,-8.718349,
0.000000,0.000000,0.000000,0.000000,0.000000,0.000000,0.000000,0.000000,0.000000,0.000000,0.000000,0.000000,0.000000,0.000000,0.000000,0.000000,0.000000,0.000000,0.000000,0.000000,0.000000,0.000000,0.000000,0.000000,0.000000,0.000000,0.000000,0.000000,0.000000,0.000000,0.000000,0.000000,0.000000,0.000000,0.000000,0.000000,0.000000,0.000000,0.000000,0.000000,0.000000,0.000000,0.000000,0.000000,0.000000,0.000000,0.000000,0.000000,0.000000,0.000000,0.000000,0.000000,300.376320,483.086486,-68.106246,306.222591,491.084769,-49.899640,309.117126,491.448047,-49.860849,311.669064,491.610632,-49.911318,297.371216,490.536761,-49.487858,294.313774,490.661967,-49.498525,0.000000,490.752497,-49.471002,316.732521,490.656023,27.181387,286.023464,490.735202,44.569449,305.891380,475.780685,-35.251651,295.433464,476.222434,-34.980533,337.647476,458.346283,42.858267,267.310276,461.238027,116.924820,398.958359,464.382005,-22.955880,213.217926,485.025659,160.823097,359.253387,497.447698,-48.426633,253.041115,509.995351,215.795174,349.019241,508.445764,-58.605413,266.033592,516.572213,215.379181,344.863129,506.533198,-41.212454,270.999813,514.414473,234.446239,344.989662,500.638733,-42.330818,268.972969,510.503683,222.115631,324.089279,343.381548,-48.739386,289.800911,340.271773,48.756075,316.432838,258.973031,-109.969606,305.307312,257.486615,21.529088,319.150429,165.237679,-126.935501,328.866272,185.696411,34.959118,328.167305,148.950362,-132.267094,339.551697,172.591867,32.554994,289.979153,142.528768,-224.854813,303.156700,165.277333,-33.126388,
0.000000,0.000000,0.000000,0.000000,0.000000,0.000000,0.000000,0.000000,0.000000,0.000000,0.000000,0.000000,0.000000,0.000000,0.000000,0.000000,0.000000,0.000000,0.000000,0.000000,0.000000,0.000000,0.000000,0.000000,0.000000,0.000000,0.000000,0.000000,0.000000,0.000000,0.000000,0.000000,0.000000,0.000000,0.000000,0.000000,0.000000,0.000000,0.000000,0.000000,0.000000,0.000000,0.000000,0.000000,0.000000,0.000000,0.000000,0.000000,0.000000,0.000000,0.000000,0.000000,300.234985,483.090091,-67.250390,305.770416,490.922334,-49.630952,0.000000,491.283488,-49.597158,310.993919,491.482251,-49.651380,297.293148,490.490499,-47.348680,294.145546,490.664220,-47.353845,291.040916,490.780649,-47.324467,316.278172,490.587573,25.542731,286.082058,490.701277,47.971435,0.000000,475.578682,-35.563636,295.039463,476.202843,-33.439877,337.571335,458.368964,41.516814,267.640800,461.273861,118.880749,399.600601,464.738739,-24.024749,214.522724,484.930322,164.010391,359.250679,0.000000,-40.549803,253.015575,510.230505,217.460823,348.771172,508.660126,-48.947744,265.867577,516.883907,216.041508,344.595642,506.727219,-30.889730,271.021156,514.647245,241.465759,344.892082,500.994158,-33.850677,269.094601,510.853937,226.162720,324.086151,343.248854,-47.838283,289.863853,339.903817,47.833810,316.764679,258.896556,-104.718437,305.389347,256.944294,17.292639,319.507694,166.319704,-121.345577,328.920898,184.925179,28.451104,328.199272,150.066547,-126.382694,339.594193,172.610536,25.983727,290.630836,143.131213,-216.655293,302.894440,165.409169,-39.405842,
0.000000,0.000000,0.000000,0.000000,0.000000,0.000000,0.000000,0.000000,0.000000,0.000000,0.000000,0.000000,0.000000,0.000000,0.000000,0.000000,0.000000,0.000000,0.000000,0.000000,0.000000,0.000000,0.000000,0.000000,0.000000,0.000000,0.000000,0.000000,0.000000,0.000000,0.000000,0.000000,0.000000,0.000000,0.000000,0.000000,0.000000,0.000000,0.000000,0.000000,0.000000,0.000000,0.000000,0.000000,0.000000,0.000000,0.000000,0.000000,0.000000,0.000000,0.000000,0.000000,299.005547,482.734044,-66.215963,304.471493,490.652826,-0.000000,0.000000,491.055436,-49.714332,310.709229,491.331682,-49.763870,296.064663,490.206442,-46.603909,293.073025,490.415182,-46.595831,290.306854,490.551825,-46.571555,316.221123,490.604546,22.140822,286.121368,490.560944,48.915486,304.963036,475.245488,-35.898662,294.463959,475.995798,-31.169138,337.750092,458.460460,41.357241,267.903805,461.572745,121.181669,400.010643,0.000000,-28.559771,216.104183,484.835780,165.763912,358.702240,498.332591,-47.108340,252.870255,510.471046,219.318829,348.647079,509.172986,-54.889989,265.406742,517.345805,218.537045,344.509087,507.163196,-36.255772,270.651188,515.622025,241.568336,344.800301,501.372929,-39.936383,268.977318,511.918859,227.064743,323.968582,342.853518,-48.215671,289.940453,339.719238,48.226461,316.661739,258.825703,-105.799170,305.752563,256.727185,23.028903,319.559441,165.962648,-126.233025,329.074745,183.983960,33.925958,328.305473,149.699750,-131.795063,339.778290,172.552814,31.626568,290.319157,143.090744,-217.276592,303.006020,164.509578,-30.649793,
0.000000,0.000000,0.000000,0.000000,0.000000,0.000000,0.000000,0.000000,0.000000,0.000000,0.000000,0.000000,0.000000,0.000000,0.000000,0.000000,0.000000,0.000000,0.000000,0.000000,0.000000,0.000000,0.000000,0.000000,0.000000,0.000000,0.000000,0.000000,0.000000,0.000000,0.000000,0.000000,0.000000,0.000000,0.000000,0.000000,0.000000,0.000000,0.000000,0.000000,0.000000,0.000000,0.000000,0.000000,0.000000,0.000000,0.000000,0.000000,0.000000,0.000000,0.000000,0.000000,0.000000,482.686837,-67.576118,303.938103,490.527492,-53.658986,0.000000,491.008551,-53.611908,310.618744,491.324258,-53.676867,295.090389,489.909103,-47.583723,292.196960,490.112500,-47.569251,289.734955,490.266180,-47.554717,316.158714,490.602765,18.572277,0.000000,490.427842,50.001898,304.830074,475.254714,-38.737407,293.950558,476.008887,-31.346836,337.656860,458.539102,36.068313,268.241158,461.592872,129.445057,400.301056,466.891823,-35.154102,0.000000,484.730551,181.480064,357.859077,499.777014,-52.796259,252.693996,510.481024,227.420864,346.904068,510.188727,-62.881866,264.744873,517.335591,226.929455,342.420425,508.321910,-43.699160,270.518990,515.550399,246.812687,343.180771,502.549796,-45.496445,268.909035,511.851783,233.783455,323.924026,342.778974,-51.178255,290.012455,339.727693,51.284013,316.552734,258.765621,-119.520912,307.327824,257.154579,54.542093,319.225254,165.539975,-147.291155,330.753021,187.052922,112.307024,328.238525,149.138546,-153.702297,340.546036,178.779230,114.568415,289.493294,142.733946,-249.189720,310.332756,167.657247,53.943720,
0.000000,0.000000,0.000000,0.000000,0.000000,0.000000,0.000000,0.000000,0.000000,0.000000,0.000000,0.000000,0.000000,0.000000,0.000000,0.000000,0.000000,0.000000,0.000000,0.000000,0.000000,0.000000,0.000000,0.000000,0.000000,0.000000,0.000000,0.000000,0.000000,0.000000,0.000000,0.000000,0.000000,0.000000,0.000000,0.000000,0.000000,0.000000,0.000000,0.000000,0.000000,0.000000,0.000000,0.000000,0.000000,0.000000,0.000000,0.000000,0.000000,0.000000,0.000000,0.000000,295.027981,482.534680,-68.348298,300.352726,490.447712,-0.000000,303.826809,490.973468,-58.189301,307.335148,491.319880,-58.272791,292.464256,489.761345,-48.781238,290.415134,489.953520,-48.758821,0.000000,490.103359,-48.770733,314.562168,490.608537,2.694326,286.167202,490.322335,49.675651,302.318611,475.263941,-43.339353,292.122097,476.018543,-31.870878,337.634888,458.690915,12.738066,269.554710,461.607785,129.595537,399.499130,468.219259,-44.736314,223.830700,484.534492,190.598736,355.220108,501.177664,-33.122635,252.393723,510.486968,236.301537,343.631821,511.019011,-39.261806,0.000000,0.000000,235.881481,339.121437,509.257851,-22.033229,269.571476,516.018391,253.168755,340.101280,503.576052,-25.669999,268.339577,512.388482,241.190472,323.536758,342.406898,-54.853373,290.626221,339.651904,54.946442,316.334953,258.491907,-0.000000,307.950191,257.008924,54.609594,319.218693,164.672184,-146.097231,331.018906,186.721272,92.510262,328.371811,148.339677,-152.083769,340.742989,177.630858,93.455973,288.966217,142.731586,-245.184364,309.619045,167.646174,30.437617,
0.000000,0.000000,0.000000,0.000000,0.000000,0.000000,0.000000,0.000000,0.000000,0.000000,0.000000,0.000000,0.000000,0.000000,0.000000,0.000000,0.000000,0.000000,0.000000,0.000000,0.000000,0.000000,0.000000,0.000000,0.000000,0.000000,0.000000,0.000000,0.000000,0.000000,0.000000,0.000000,0.000000,0.000000,0.000000,0.000000,0.000000,0.000000,0.000000,0.000000,0.000000,0.000000,0.000000,0.000000,0.000000,0.000000,0.000000,0.000000,0.000000,0.000000,0.000000,0.000000,291.446838,482.550216,-82.515230,295.339260,490.454793,-76.585670,298.551788,491.015096,-76.531296,302.058716,491.430366,-76.625099,289.288940,489.712572,-62.133288,287.636719,489.877324,-62.090392,285.938873,490.011091,-62.129884,311.840420,490.749643,-22.064373,285.789757,490.253670,43.946962,298.651695,475.451331,-61.394534,290.125465,476.082594,-43.253064,336.789474,458.806486,-19.554598,271.745968,461.576543,133.254271,398.972816,470.622175,-85.219431,0.000000,484.495826,217.759819,352.656288,502.351785,-55.488081,252.568932,510.733967,267.422066,340.598297,511.919825,-64.579916,262.913456,0.000000,269.893131,335.794983,510.147228,-47.022958,268.816948,516.473143,282.595558,336.970749,504.580700,-47.120581,267.918549,512.795942,270.673637,322.815094,342.043061,-65.324693,291.767540,339.650660,65.529571,315.090981,258.431482,-142.213926,309.805336,257.761831,94.724941,319.142761,164.517045,-185.234165,331.988335,187.492676,166.867943,328.473701,147.690840,-192.164574,342.131691,0.000000,170.274620,286.236229,141.722603,-281.879940,309.983864,169.402270,117.823505,
0.000000,0.000000,0.000000,0.000000,0.000000,0.000000,0.000000,0.000000,0.000000,0.000000,0.000000,0.000000,0.000000,0.000000,0.000000,0.000000,0.000000,0.000000,0.000000,0.000000,0.000000,0.000000,0.000000,0.000000,0.000000,0.000000,0.000000,0.000000,0.000000,0.000000,0.000000,0.000000,0.000000,0.000000,0.000000,0.000000,0.000000,0.000000,0.000000,0.000000,0.000000,0.000000,0.000000,0.000000,0.000000,0.000000,0.000000,0.000000,0.000000,0.000000,0.000000,0.000000,0.000000,0.000000,0.000000,0.000000,0.000000,0.000000,0.000000,0.000000,0.000000,0.000000,0.000000,0.000000,0.000000,0.000000,0.000000,0.000000,0.000000,0.000000,0.000000,0.000000,0.000000,0.000000,0.000000,0.000000,0.000000,0.000000,0.000000,0.000000,0.000000,0.000000,0.000000,0.000000,0.000000,0.000000,0.000000,0.000000,0.000000,0.000000,0.000000,0.000000,0.000000,0.000000,0.000000,0.000000,0.000000,0.000000,0.000000,0.000000,0.000000,0.000000,0.000000,0.000000,0.000000,0.000000,0.000000,0.000000,0.000000,0.000000,0.000000,0.000000,0.000000,0.000000,0.000000,0.000000,0.000000,0.000000,0.000000,0.000000,0.000000,0.000000,0.000000,0.000000,0.000000,0.000000,0.000000,0.000000,0.000000,0.000000,0.000000,0.000000,0.000000,0.000000,0.000000,0.000000,0.000000,0.000000,0.000000,0.000000,0.000000,0.000000,0.000000,0.000000,0.000000,0.000000,0.000000,0.000000,0.000000,0.000000,0.000000,
0.000000,0.000000,0.000000,0.000000,0.000000,0.000000,0.000000,0.000000,0.000000,0.000000,0.000000,0.000000,0.000000,0.000000,0.000000,0.000000,0.000000,0.000000,0.000000,0.000000,0.000000,0.000000,0.000000,0.000000,0.000000,0.000000,0.000000,0.000000,0.000000,0.000000,0.000000,0.000000,0.000000,0.000000,0.000000,0.000000,0.000000,0.000000,0.000000,0.000000,0.000000,0.000000,0.000000,0.000000,0.000000,0.000000,0.000000,0.000000,0.000000,0.000000,0.000000,0.000000,0.000000,0.000000,0.000000,0.000000,0.000000,0.000000,0.000000,0.000000,0.000000,0.000000,0.000000,0.000000,0.000000,0.000000,0.000000,0.000000,0.000000,0.000000,0.000000,0.000000,0.000000,0.000000,0.000000,0.000000,0.000000,0.000000,0.000000,0.000000,0.000000,0.000000,0.000000,0.000000,0.000000,0.000000,0.000000,0.000000,0.000000,0.000000,0.000000,0.000000,0.000000,0.000000,0.000000,0.000000,0.000000,0.000000,0.000000,0.000000,0.000000,0.000000,0.000000,0.000000,0.000000,0.000000,0.000000,0.000000,0.000000,0.000000,0.000000,0.000000,0.000000,0.000000,0.000000,0.000000,0.000000,0.000000,0.000000,0.000000,0.000000,0.000000,0.000000,0.000000,0.000000,0.000000,0.000000,0.000000,0.000000,0.000000,0.000000,0.000000,0.000000,0.000000,0.000000,0.000000,0.000000,0.000000,0.000000,0.000000,0.000000,0.000000,0.000000,0.000000,0.000000,0.000000,0.000000,0.000000,0.000000,0.000000,0.000000,
0.000000,0.000000,0.000000,0.000000,0.000000,0.000000,0.000000,0.000000,0.000000,0.000000,0.000000,0.000000,0.000000,0.000000,0.000000,0.000000,0.000000,0.000000,0.000000,0.000000,0.000000,0.000000,0.000000,0.000000,0.000000,0.000000,0.000000,0.000000,0.000000,0.000000,0.000000,0.000000,0.000000,0.000000,0.000000,0.000000,0.000000,0.000000,0.000000,0.000000,0.000000,0.000000,0.000000,0.000000,0.000000,0.000000,0.000000,0.000000,0.000000,0.000000,0.000000,0.000000,0.000000,0.000000,0.000000,0.000000,0.000000,0.000000,0.000000,0.000000,0.000000,0.000000,0.000000,0.000000,0.000000,0.000000,0.000000,0.000000,0.000000,0.000000,0.000000,0.000000,0.000000,0.000000,0.000000,0.000000,0.000000,0.000000,0.000000,0.000000,0.000000,0.000000,0.000000,0.000000,0.000000,0.000000,0.000000,0.000000,0.000000,0.000000,0.000000,0.000000,0.000000,0.000000,0.000000,0.000000,0.000000,0.000000,0.000000,0.000000,0.000000,0.000000,0.000000,0.000000,0.000000,0.000000,0.000000,0.000000,0.000000,0.000000,0.000000,0.000000,0.000000,0.000000,0.000000,0.000000,0.000000,0.000000,0.000000,0.000000,0.000000,0.000000,0.000000,0.000000,0.000000,0.000000,0.000000,0.000000,0.000000,0.000000,0.000000,0.000000,0.000000,0.000000,0.000000,0.000000,0.000000,0.000000,0.000000,0.000000,0.000000,0.000000,0.000000,0.000000,0.000000,0.000000,0.000000,0.000000,0.000000,0.000000,0.000000,
0.000000,0.000000,0.000000,0.000000,0.000000,0.000000,0.000000,0.000000,0.000000,0.000000,0.000000,0.000000,0.000000,0.000000,0.000000,0.000000,0.000000,0.000000,0.000000,0.000000,0.000000,0.000000,0.000000,0.000000,0.000000,0.000000,0.000000,0.000000,0.000000,0.000000,0.000000,0.000000,0.000000,0.000000,0.000000,0.000000,0.000000,0.000000,0.000000,0.000000,0.000000,0.000000,0.000000,0.000000,0.000000,0.000000,0.000000,0.000000,0.000000,0.000000,0.000000,0.000000,0.000000,0.000000,0.000000,0.000000,0.000000,0.000000,0.000000,0.000000,0.000000,0.000000,0.000000,0.000000,0.000000,0.000000,0.000000,0.000000,0.000000,0.000000,0.000000,0.000000,0.000000,0.000000,0.000000,0.000000,0.000000,0.000000,0.000000,0.000000,0.000000,0.000000,0.000000,0.000000,0.000000,0.000000,0.000000,0.000000,0.000000,0.000000,0.000000,0.000000,0.000000,0.000000,0.000000,0.000000,0.000000,0.000000,0.000000,0.000000,0.000000,0.000000,0.000000,0.000000,0.000000,0.000000,0.000000,0.000000,0.000000,0.000000,0.000000,0.000000,0.000000,0.000000,0.000000,0.000000,0.000000,0.000000,0.000000,0.000000,0.000000,0.000000,0.000000,0.000000,0.000000,0.000000,0.000000,0.000000,0.000000,0.000000,0.000000,0.000000,0.000000,0.000000,0.000000,0.000000,0.000000,0.000000,0.000000,0.000000,0.000000,0.000000,0.000000,0.000000,0.000000,0.000000,0.000000,0.000000,0.000000,0.000000,0.000000,
