0.000000,0.000000,0.000000,0.000000,0.000000,0.000000,0.000000,0.000000,0.000000,0.000000,0.000000,0.000000,0.000000,0.000000,0.000000,0.000000,0.000000,0.000000,0.000000,0.000000,0.000000,0.000000,0.000000,0.000000,0.000000,0.000000,0.000000,0.000000,0.000000,0.000000,0.000000,0.000000,0.000000,0.000000,0.000000,0.000000,0.000000,0.000000,0.000000,0.000000,0.000000,0.000000,0.000000,0.000000,0.000000,0.000000,0.000000,0.000000,0.000000,0.000000,0.000000,0.000000,279.419352,497.208038,-91.333101,285.863974,506.375427,-113.930063,287.584652,506.266300,-113.970972,289.384567,506.103509,-114.006532,284.653860,506.846867,-82.495703,285.520172,507.090840,-82.490581,286.473817,507.345092,-82.558177,303.144305,500.438764,-160.532092,299.256958,502.656806,-18.650711,284.872162,486.168621,-103.867298,282.819834,486.541897,-62.802025,317.113157,454.246738,-212.404509,309.375370,460.283413,73.821644,328.278288,400.730783,-244.560453,317.783513,402.358328,126.239327,334.827475,348.441586,-228.678348,320.577785,353.505371,75.198080,340.985131,337.675597,-253.844339,322.005780,339.983822,75.689705,334.335981,338.045843,-246.159487,313.544720,339.686083,43.237520,333.001742,340.671623,-224.972858,320.607882,343.604279,59.770860,322.470371,314.822674,-88.956418,314.665576,321.784229,88.939838,323.377095,234.957347,-11.465591,315.567984,248.845186,224.077507,332.089292,149.186399,60.212695,324.281081,182.149735,379.906377,345.316467,131.012231,63.576974,323.402122,161.593738,394.256095,288.524871,124.598377,-14.614911,285.900692,167.490457,364.801069,
0.000000,0.000000,0.000000,0.000000,0.000000,0.000000,0.000000,0.000000,0.000000,0.000000,0.000000,0.000000,0.000000,0.000000,0.000000,0.000000,0.000000,0.000000,0.000000,0.000000,0.000000,0.000000,0.000000,0.000000,0.000000,0.000000,0.000000,0.000000,0.000000,0.000000,0.000000,0.000000,0.000000,0.000000,0.000000,0.000000,0.000000,0.000000,0.000000,0.000000,0.000000,0.000000,0.000000,0.000000,0.000000,0.000000,0.000000,0.000000,0.000000,0.000000,0.000000,0.000000,280.389588,496.352255,-65.220106,286.618173,505.729997,-86.608372,288.294317,505.624779,-86.654596,289.981358,505.502350,-86.680255,285.448130,506.219968,-55.670719,286.273533,506.492449,-55.642322,287.156473,506.790451,-55.678341,303.298086,500.019777,-133.840692,299.258880,502.221294,5.650295,285.796164,485.887882,-78.888128,283.804676,486.315257,-38.517790,319.419745,453.404208,-194.032116,307.412177,457.196416,91.284890,331.580064,402.619609,-246.225994,312.489914,404.750983,142.159448,334.880341,355.093566,-262.761481,315.540754,359.787734,94.048983,340.437727,342.389813,-289.386342,315.022490,345.665381,92.967269,334.211971,343.109369,-284.520213,312.039510,346.056383,65.560849,332.845599,350.705868,-260.176863,317.799735,349.053487,80.427311,319.827954,316.389797,-89.429429,307.476597,322.887784,89.434547,323.448136,236.133317,-61.446688,314.177958,249.973259,207.052425,332.188034,149.192199,-48.415853,324.732139,182.780119,332.689660,345.294878,131.069545,-51.664692,330.749584,169.192847,343.263816,290.046544,124.767048,-141.273974,287.081617,167.416832,316.992386,
0.000000,0.000000,0.000000,0.000000,0.000000,0.000000,0.000000,0.000000,0.000000,0.000000,0.000000,0.000000,0.000000,0.000000,0.000000,0.000000,0.000000,0.000000,0.000000,0.000000,0.000000,0.000000,0.000000,0.000000,0.000000,0.000000,0.000000,0.000000,0.000000,0.000000,0.000000,0.000000,0.000000,0.000000,0.000000,0.000000,0.000000,0.000000,0.000000,0.000000,0.000000,0.000000,0.000000,0.000000,0.000000,0.000000,0.000000,0.000000,0.000000,0.000000,0.000000,0.000000,281.442397,496.202022,-55.248828,287.400514,505.466078,-76.493571,288.914104,505.324019,-76.529398,290.469557,505.176222,-76.554732,286.271032,505.977591,-45.641359,287.014668,506.216501,-45.602016,287.813664,506.499444,-45.630635,303.302187,499.658379,-123.352304,299.323261,501.945037,15.407945,286.764665,485.763203,-68.610594,284.851494,486.205291,-28.493483,319.657960,453.425011,-189.679355,307.439515,456.267866,102.413092,331.431670,404.586058,-253.962198,312.535011,406.052147,140.442677,334.784222,362.650103,-274.724343,315.671654,366.283551,89.962548,339.927889,346.833965,-302.979860,317.478721,354.412153,89.480938,334.352157,351.529884,-298.504509,318.554425,354.777041,62.488309,332.866418,356.284679,-272.324822,318.900751,357.691252,76.152945,319.838281,319.418899,-92.686783,308.186632,324.269806,92.659812,324.123616,236.326271,-52.541058,313.873312,248.840037,212.906627,332.084514,148.247881,-26.508752,324.729017,182.701565,348.975935,344.222366,130.998079,-27.853393,332.405043,168.712539,361.600081,290.054945,124.665445,-112.842397,287.167843,166.923802,332.054016,
0.000000,0.000000,0.000000,0.000000,0.000000,0.000000,0.000000,0.000000,0.000000,0.000000,0.000000,0.000000,0.000000,0.000000,0.000000,0.000000,0.000000,0.000000,0.000000,0.000000,0.000000,0.000000,0.000000,0.000000,0.000000,0.000000,0.000000,0.000000,0.000000,0.000000,0.000000,0.000000,0.000000,0.000000,0.000000,0.000000,0.000000,0.000000,0.000000,0.000000,0.000000,0.000000,0.000000,0.000000,0.000000,0.000000,0.000000,0.000000,0.000000,0.000000,0.000000,0.000000,281.414872,496.105773,-62.755722,287.379877,505.206696,-84.442848,288.884145,505.033071,-84.479754,290.427791,504.853850,-84.514368,286.263643,505.696098,-53.296748,287.005263,505.885634,-53.258973,287.802891,506.121428,-53.295345,303.002827,499.189737,-131.782164,299.235818,501.370699,8.347899,286.828359,485.512574,-76.114555,284.883756,485.960386,-35.561159,319.295514,453.254330,-193.079672,307.735104,455.229547,101.158968,330.547486,404.769169,-254.724922,312.590514,406.067017,152.278801,331.987141,363.700782,-264.718539,315.912510,365.608934,123.595685,334.185508,350.035025,-292.547281,317.628281,352.263122,126.983075,330.367644,352.575438,-284.771516,318.462504,352.439005,102.564088,329.394831,359.315896,-261.848600,318.945236,356.441243,111.635541,319.231723,319.453452,-94.438562,308.140823,324.255742,94.417292,324.123616,236.404504,-47.193686,313.578226,248.057729,221.134441,331.809675,148.314843,-12.784864,324.846594,181.629620,350.274915,343.590960,130.767760,-13.273897,332.943533,168.625276,364.057851,290.579130,124.665445,-93.298177,287.662707,166.923118,343.171075,
0.000000,0.000000,0.000000,0.000000,0.000000,0.000000,0.000000,0.000000,0.000000,0.000000,0.000000,0.000000,0.000000,0.000000,0.000000,0.000000,0.000000,0.000000,0.000000,0.000000,0.000000,0.000000,0.000000,0.000000,0.000000,0.000000,0.000000,0.000000,0.000000,0.000000,0.000000,0.000000,0.000000,0.000000,0.000000,0.000000,0.000000,0.000000,0.000000,0.000000,0.000000,0.000000,0.000000,0.000000,0.000000,0.000000,0.000000,0.000000,0.000000,0.000000,0.000000,0.000000,281.007904,496.164778,-77.162891,286.755130,505.172666,-96.867541,288.248442,505.002882,-96.906133,289.792947,504.820035,-96.950170,285.835106,505.650346,-66.553643,286.624350,505.841159,-66.518580,287.476744,506.066680,-66.544090,302.000862,499.130973,-144.095443,298.951388,501.239071,-9.327612,286.687883,485.518087,-90.960826,284.782725,485.977533,-51.855848,317.200246,453.160243,-209.302388,314.280791,455.351743,88.407277,326.064738,399.019096,-227.414722,322.490862,404.169548,126.857792,325.873934,352.143316,-155.839950,319.949465,361.126426,101.066991,327.198050,341.512103,-174.880246,319.296447,349.333183,103.156601,322.182947,343.401803,-172.379762,319.806851,349.586540,98.050110,322.368381,346.208546,-152.391588,319.745975,355.873864,93.035794,318.629985,319.863252,-94.169976,311.623281,324.268868,94.142453,324.141969,236.196089,-9.037302,315.548864,246.522921,221.922097,331.428132,148.285580,63.626146,326.660191,180.370805,361.598104,343.007795,130.729551,67.344174,335.773007,168.427672,375.117821,290.887065,126.255313,-3.736148,289.109496,167.080396,354.116373,
0.000000,0.000000,0.000000,0.000000,0.000000,0.000000,0.000000,0.000000,0.000000,0.000000,0.000000,0.000000,0.000000,0.000000,0.000000,0.000000,0.000000,0.000000,0.000000,0.000000,0.000000,0.000000,0.000000,0.000000,0.000000,0.000000,0.000000,0.000000,0.000000,0.000000,0.000000,0.000000,0.000000,0.000000,0.000000,0.000000,0.000000,0.000000,0.000000,0.000000,0.000000,0.000000,0.000000,0.000000,0.000000,0.000000,0.000000,0.000000,0.000000,0.000000,0.000000,0.000000,280.743473,496.193653,-64.016349,286.442756,505.155651,-84.569170,287.871139,504.987033,-84.597069,289.382711,504.798619,-84.595588,285.693800,505.635329,-55.332851,286.540643,505.829366,-55.304385,287.438546,506.048105,-55.322670,301.468440,499.101003,-133.101895,298.943701,501.105353,-3.554289,286.491565,485.521480,-78.181973,284.721597,485.982752,-40.577465,315.499442,452.976323,-198.870002,317.086329,455.142215,92.543309,320.790552,399.478863,-232.847187,324.527128,405.716075,173.029340,316.930005,356.283407,-179.186827,320.059421,374.587127,207.403138,315.664987,346.968997,-179.658753,319.152640,363.641612,220.093157,313.965900,348.285061,-196.268369,319.404696,364.233918,201.871605,314.758996,353.984609,-180.838988,319.734854,372.259907,199.626657,318.213450,319.729128,-94.908588,312.157052,324.234489,94.825835,323.545817,236.231649,-12.866637,315.533568,246.331070,234.314377,330.983794,148.459838,41.199607,326.601402,180.071227,391.027366,342.359064,130.320920,43.186465,334.938081,168.490415,405.147901,290.917066,126.219026,-5.573931,289.044514,167.976649,386.075697,
0.000000,0.000000,0.000000,0.000000,0.000000,0.000000,0.000000,0.000000,0.000000,0.000000,0.000000,0.000000,0.000000,0.000000,0.000000,0.000000,0.000000,0.000000,0.000000,0.000000,0.000000,0.000000,0.000000,0.000000,0.000000,0.000000,0.000000,0.000000,0.000000,0.000000,0.000000,0.000000,0.000000,0.000000,0.000000,0.000000,0.000000,0.000000,0.000000,0.000000,0.000000,0.000000,0.000000,0.000000,0.000000,0.000000,0.000000,0.000000,0.000000,0.000000,0.000000,0.000000,280.239186,496.217088,-63.400253,285.911815,505.118975,-84.217272,287.320634,504.948919,-84.227075,288.795202,504.753156,-84.216558,285.349308,505.607389,-55.973023,286.312095,505.806455,-55.953581,287.307304,506.022035,-55.971770,300.768568,499.100710,-131.870567,298.889890,501.090727,-5.439226,286.020402,485.532930,-77.067439,284.439729,485.987970,-40.776788,314.015081,452.703044,-195.082476,323.862678,454.762856,88.776642,312.604126,399.691829,-275.443005,338.819151,408.959319,223.263559,303.194513,356.958347,-324.257210,335.301415,394.828249,354.781307,300.069324,347.719618,-347.989838,345.998616,394.641157,382.968386,299.429707,349.506877,-343.369558,339.093067,393.904486,368.187038,301.044406,355.363128,-322.045081,336.361308,395.061477,352.144589,317.876779,319.263599,-95.844163,314.239356,324.129791,95.663721,323.378279,235.957988,-6.477754,315.546952,245.483999,236.943445,330.857067,148.455093,55.084273,326.849042,179.747253,398.698703,342.073345,130.234241,59.000043,334.797860,168.590659,413.465515,290.902906,126.188495,-6.120145,290.063296,167.920120,391.862253,
0.000000,0.000000,0.000000,0.000000,0.000000,0.000000,0.000000,0.000000,0.000000,0.000000,0.000000,0.000000,0.000000,0.000000,0.000000,0.000000,0.000000,0.000000,0.000000,0.000000,0.000000,0.000000,0.000000,0.000000,0.000000,0.000000,0.000000,0.000000,0.000000,0.000000,0.000000,0.000000,0.000000,0.000000,0.000000,0.000000,0.000000,0.000000,0.000000,0.000000,0.000000,0.000000,0.000000,0.000000,0.000000,0.000000,0.000000,0.000000,0.000000,0.000000,0.000000,0.000000,279.362337,496.130463,-57.959651,284.540373,504.786618,-81.050194,285.768358,504.593441,-81.059566,287.129200,504.369918,-81.057973,284.322298,505.332182,-54.781592,285.286921,505.548365,-54.761906,286.372937,505.770133,-54.780272,299.478179,498.891216,-133.310274,298.567023,500.949813,-17.606659,284.857329,485.337854,-73.034698,283.792790,485.808671,-39.722035,309.809176,452.143249,-196.204047,328.747595,454.588537,71.459425,305.190588,398.105533,-244.583802,353.367875,413.237547,211.960593,288.810214,356.867891,-224.461025,355.910309,408.547202,346.768341,282.117674,347.350265,-239.360416,365.343596,406.991169,371.103303,281.642280,349.326609,-240.054292,358.873360,406.330884,359.766003,285.648673,354.742414,-222.507045,356.051700,406.618882,345.187568,316.854374,318.465547,-95.838195,317.449949,323.691619,95.644408,322.793968,235.951185,1.098166,316.249295,245.556621,248.159563,330.750590,148.486992,72.955422,326.965578,179.779455,424.892768,342.013642,130.205584,78.511539,334.526482,168.953415,441.218923,290.891145,126.008312,15.893418,290.655008,168.420444,423.104920,
0.000000,0.000000,0.000000,0.000000,0.000000,0.000000,0.000000,0.000000,0.000000,0.000000,0.000000,0.000000,0.000000,0.000000,0.000000,0.000000,0.000000,0.000000,0.000000,0.000000,0.000000,0.000000,0.000000,0.000000,0.000000,0.000000,0.000000,0.000000,0.000000,0.000000,0.000000,0.000000,0.000000,0.000000,0.000000,0.000000,0.000000,0.000000,0.000000,0.000000,0.000000,0.000000,0.000000,0.000000,0.000000,0.000000,0.000000,0.000000,0.000000,0.000000,0.000000,0.000000,279.253222,494.587124,-42.481422,284.076034,503.432235,-65.864458,285.283388,503.269645,-65.898842,286.602019,503.073293,-65.896762,283.897456,504.009932,-40.333266,284.872149,504.282174,-40.301731,285.994880,504.585248,-40.295570,298.720212,498.183992,-120.914906,298.215329,500.345064,-11.601952,284.813703,483.943490,-58.264998,283.776659,484.468587,-25.869058,305.812030,451.369747,-187.823423,331.395941,454.596822,73.228942,300.305938,397.908490,-244.840638,359.684811,414.775151,244.600572,274.344214,361.394159,-236.410106,361.308625,411.103365,415.011806,266.167808,351.067625,-241.927750,371.498555,409.047967,444.701487,262.889728,357.751130,-247.135135,363.118970,408.508738,435.460483,266.521115,361.585502,-233.930584,361.373277,408.811568,415.544692,313.815388,318.423193,-95.703902,319.259393,323.599109,95.506246,321.923718,235.989529,-4.380465,316.827357,245.633307,243.425643,330.254378,148.522582,58.646136,327.177321,179.808730,407.577113,341.717529,130.228934,62.979419,334.537145,168.863988,422.526928,290.950188,125.892944,3.256529,292.066495,168.560626,405.603104,
0.000000,0.000000,0.000000,0.000000,0.000000,0.000000,0.000000,0.000000,0.000000,0.000000,0.000000,0.000000,0.000000,0.000000,0.000000,0.000000,0.000000,0.000000,0.000000,0.000000,0.000000,0.000000,0.000000,0.000000,0.000000,0.000000,0.000000,0.000000,0.000000,0.000000,0.000000,0.000000,0.000000,0.000000,0.000000,0.000000,0.000000,0.000000,0.000000,0.000000,0.000000,0.000000,0.000000,0.000000,0.000000,0.000000,0.000000,0.000000,0.000000,0.000000,0.000000,0.000000,279.047772,493.840145,-31.012557,283.662350,502.956576,-54.594712,284.780631,502.814543,-54.654638,285.993163,502.645344,-54.634149,283.681340,503.552419,-30.010493,284.691568,503.854270,-29.967953,285.856782,504.191590,-29.972220,297.863142,497.927781,-110.792759,298.151909,500.051628,-4.942596,284.458586,483.137744,-47.017564,283.737605,483.709641,-15.853056,302.935520,451.147058,-182.322387,335.472685,454.433549,77.330614,289.739018,398.027910,-259.340182,362.231011,416.239890,258.164131,249.742401,365.534251,-284.316685,382.043182,411.116541,445.926576,239.833355,355.849357,-302.178496,389.025808,408.420782,479.969290,238.314071,363.752049,-300.987978,387.857262,409.398979,475.877656,241.637072,366.947253,-281.700483,382.598419,409.585805,449.882688,313.239812,318.960057,-95.876990,324.271463,324.123227,95.610239,319.812621,237.011816,-38.131117,317.114795,245.983408,246.940825,330.040741,148.566608,-4.230624,327.877579,179.428646,406.854095,341.467525,130.244501,-0.798837,336.382408,167.609850,421.893082,290.848663,125.903955,-55.393200,292.853466,168.464664,409.600980,
0.000000,0.000000,0.000000,0.000000,0.000000,0.000000,0.000000,0.000000,0.000000,0.000000,0.000000,0.000000,0.000000,0.000000,0.000000,0.000000,0.000000,0.000000,0.000000,0.000000,0.000000,0.000000,0.000000,0.000000,0.000000,0.000000,0.000000,0.000000,0.000000,0.000000,0.000000,0.000000,0.000000,0.000000,0.000000,0.000000,0.000000,0.000000,0.000000,0.000000,0.000000,0.000000,0.000000,0.000000,0.000000,0.000000,0.000000,0.000000,0.000000,0.000000,0.000000,0.000000,278.983876,493.770678,-25.363430,283.478491,502.919899,-50.606539,284.525975,502.774919,-50.674948,285.659963,502.602511,-50.672380,283.659175,503.502127,-26.009418,284.695330,503.783851,-25.974952,285.895959,504.085354,-25.979813,297.454428,497.736211,-111.039025,298.202837,499.829693,-3.317261,284.207299,482.857854,-42.687047,283.734209,483.386455,-11.293533,298.427364,450.297435,-180.439750,338.204753,454.447702,78.309862,275.861047,398.107524,-255.619956,367.122213,417.020588,263.495719,230.629017,373.309970,-274.765690,398.636064,408.560378,468.259832,218.972948,363.728890,-292.740202,405.385344,407.787448,505.047761,216.299502,371.599713,-298.593204,404.357117,410.030464,502.354603,220.068473,374.555762,-271.600402,400.692894,409.718785,473.686788,312.267666,319.481688,-95.965027,323.827318,325.491498,95.650350,319.552729,237.204770,-57.631620,317.100136,246.063075,245.429376,329.882618,149.166363,-33.084180,327.644506,179.623811,402.558881,341.460329,130.414322,-29.957828,336.107298,167.991356,417.339738,290.862104,125.887939,-81.025431,292.706943,168.498855,406.177613,
0.000000,0.000000,0.000000,0.000000,0.000000,0.000000,0.000000,0.000000,0.000000,0.000000,0.000000,0.000000,0.000000,0.000000,0.000000,0.000000,0.000000,0.000000,0.000000,0.000000,0.000000,0.000000,0.000000,0.000000,0.000000,0.000000,0.000000,0.000000,0.000000,0.000000,0.000000,0.000000,0.000000,0.000000,0.000000,0.000000,0.000000,0.000000,0.000000,0.000000,0.000000,0.000000,0.000000,0.000000,0.000000,0.000000,0.000000,0.000000,0.000000,0.000000,0.000000,0.000000,278.980927,493.499087,-35.808628,283.414703,502.750507,-59.999498,284.390221,502.617558,-60.060158,285.446492,502.461990,-60.057891,283.691500,503.283149,-32.206639,284.828885,503.528120,-32.173441,286.171176,503.787830,-32.204055,297.101074,497.510851,-115.623353,298.381567,499.413682,-20.733170,283.929837,482.515200,-51.892586,283.761377,482.938766,-16.168652,292.130034,448.659181,-183.368296,341.498954,452.832923,56.397053,262.116013,398.899676,-259.059998,374.521457,417.141039,234.491882,210.540020,378.980852,-289.609011,413.228795,406.802686,415.047340,195.515053,369.888746,-310.370223,420.968321,405.186474,446.492807,193.864376,378.449894,-310.330551,420.219268,407.214964,444.697068,199.192109,381.337921,-287.231148,417.002388,407.121250,420.749044,310.764697,320.574736,-94.933954,324.759425,326.786323,94.522770,318.642814,238.418156,-49.156862,317.014096,246.197750,253.441649,329.736098,150.010766,-19.174779,327.118012,178.803629,421.675953,341.186070,130.831443,-16.140433,334.940746,167.968999,438.017353,291.287884,125.880682,-74.493622,292.707881,169.039297,424.940982,
0.000000,0.000000,0.000000,0.000000,0.000000,0.000000,0.000000,0.000000,0.000000,0.000000,0.000000,0.000000,0.000000,0.000000,0.000000,0.000000,0.000000,0.000000,0.000000,0.000000,0.000000,0.000000,0.000000,0.000000,0.000000,0.000000,0.000000,0.000000,0.000000,0.000000,0.000000,0.000000,0.000000,0.000000,0.000000,0.000000,0.000000,0.000000,0.000000,0.000000,0.000000,0.000000,0.000000,0.000000,0.000000,0.000000,0.000000,0.000000,0.000000,0.000000,0.000000,0.000000,279.143125,492.740809,-19.610040,283.427835,502.140619,-46.988309,284.406137,502.036039,-47.029155,285.401013,501.913433,-47.035494,284.125578,502.534014,-25.280334,285.526756,502.707016,-25.254611,287.166267,502.914808,-25.268471,296.484585,496.753091,-115.591781,299.256958,498.490424,-21.647421,283.789361,482.097060,-39.658238,284.012681,482.353528,-11.550993,287.081412,446.850246,-181.463406,346.279646,451.061774,43.606707,246.225442,400.792483,-258.725333,382.052520,416.622060,196.968169,191.460278,387.925538,-298.898147,422.768786,405.110875,358.459098,174.370210,379.019314,-323.474018,432.582211,402.391811,382.929863,173.612913,388.160326,-318.786172,432.192004,404.069859,374.180387,177.967025,390.941854,-295.575904,428.134883,404.559176,358.350467,309.467585,320.863788,-92.382385,325.731367,327.603285,91.977916,318.044295,239.082364,-45.458786,317.156222,246.491759,250.046213,329.637811,150.059537,-16.260153,326.967139,178.601633,419.292447,340.928604,130.996310,-13.460092,334.796793,167.947364,437.409378,291.647902,125.878429,-72.576183,293.264290,169.334249,423.981491,
0.000000,0.000000,0.000000,0.000000,0.000000,0.000000,0.000000,0.000000,0.000000,0.000000,0.000000,0.000000,0.000000,0.000000,0.000000,0.000000,0.000000,0.000000,0.000000,0.000000,0.000000,0.000000,0.000000,0.000000,0.000000,0.000000,0.000000,0.000000,0.000000,0.000000,0.000000,0.000000,0.000000,0.000000,0.000000,0.000000,0.000000,0.000000,0.000000,0.000000,0.000000,0.000000,0.000000,0.000000,0.000000,0.000000,0.000000,0.000000,0.000000,0.000000,0.000000,0.000000,280.599953,492.088405,-11.496529,284.278655,501.675168,-41.051165,284.835868,501.598295,-41.100228,285.505892,501.495252,-41.115403,286.234089,501.952867,-20.976955,288.094392,502.071899,-20.968139,290.061434,502.205376,-21.009310,296.071087,496.097873,-117.530333,301.607351,497.608025,-27.392526,283.865270,481.811656,-34.162140,285.531545,482.014313,-8.079443,283.824526,445.936795,-181.565772,349.356853,449.841542,28.338178,232.322739,407.193395,-254.732705,389.892319,416.300859,170.523494,174.985378,396.195284,-291.827929,433.994769,402.873574,325.572180,158.919448,388.666181,-317.879306,445.887277,399.385012,348.008766,156.273003,396.156210,-312.444457,445.514833,401.494631,346.849957,161.566770,398.664604,-288.415295,441.258104,402.065069,331.041029,308.335711,320.802485,-89.457779,327.162391,327.491398,89.046802,317.532801,239.480641,-20.802092,317.173430,246.709624,250.599701,329.513587,150.225887,30.163607,326.364688,178.536741,419.782628,340.853709,131.657548,35.470201,333.854169,167.975490,437.312360,291.816390,126.753820,-24.002964,293.310527,170.767980,418.147552,
0.000000,0.000000,0.000000,0.000000,0.000000,0.000000,0.000000,0.000000,0.000000,0.000000,0.000000,0.000000,0.000000,0.000000,0.000000,0.000000,0.000000,0.000000,0.000000,0.000000,0.000000,0.000000,0.000000,0.000000,0.000000,0.000000,0.000000,0.000000,0.000000,0.000000,0.000000,0.000000,0.000000,0.000000,0.000000,0.000000,0.000000,0.000000,0.000000,0.000000,0.000000,0.000000,0.000000,0.000000,0.000000,0.000000,0.000000,0.000000,0.000000,0.000000,0.000000,0.000000,281.755978,491.226345,-3.837981,285.153864,500.913659,-35.619310,285.319901,500.877528,-35.676660,285.678525,500.811809,-35.709709,287.879891,501.066827,-16.789164,289.970742,501.142978,-16.788383,292.111362,501.238827,-16.847960,295.789498,495.372432,-118.490137,303.330267,496.737466,-35.485337,283.962993,481.455432,-29.040389,286.631850,481.586754,-4.516537,278.993627,444.667799,-182.495963,351.217530,448.993421,11.072500,218.426219,411.592031,-243.766597,393.878129,415.402684,123.306954,161.096095,401.987934,-281.615393,443.461455,402.328084,227.018026,145.454369,396.712518,-311.943272,457.524177,398.960740,241.242282,143.850380,404.176130,-303.501012,458.119527,399.649462,234.493630,148.549621,405.313481,-275.180707,453.641754,400.596384,228.134347,307.563916,319.970253,-87.965634,328.564536,327.000096,87.553761,317.198317,239.426527,3.129825,316.796765,246.819098,262.914812,329.514042,150.998582,74.542594,325.320023,178.493317,447.753600,340.937932,132.567502,81.603241,332.755861,168.284156,467.284230,291.844231,127.299376,20.320027,291.774075,171.479831,445.445647,
0.000000,0.000000,0.000000,0.000000,0.000000,0.000000,0.000000,0.000000,0.000000,0.000000,0.000000,0.000000,0.000000,0.000000,0.000000,0.000000,0.000000,0.000000,0.000000,0.000000,0.000000,0.000000,0.000000,0.000000,0.000000,0.000000,0.000000,0.000000,0.000000,0.000000,0.000000,0.000000,0.000000,0.000000,0.000000,0.000000,0.000000,0.000000,0.000000,0.000000,0.000000,0.000000,0.000000,0.000000,0.000000,0.000000,0.000000,0.000000,0.000000,0.000000,0.000000,0.000000,284.544792,490.849716,14.976645,286.681023,500.329861,-16.752184,286.325417,500.333746,-16.825021,286.122174,500.296692,-16.866491,290.200823,500.420370,0.326545,292.517687,500.508198,0.348614,294.676464,500.590986,0.286491,294.830591,494.955502,-105.646440,304.814877,496.071894,-29.723301,285.190633,481.445678,-10.595279,289.391105,481.580417,11.512387,274.959340,444.218638,-176.256115,353.930803,447.584718,16.557145,212.709942,417.925272,-221.157270,400.094465,411.234497,86.092473,155.886412,412.303372,-240.586082,453.928218,397.239475,129.032420,138.590345,407.022632,-271.964083,468.505314,392.132416,131.201343,137.941008,413.514008,-260.276825,469.724578,396.772353,124.887417,143.370867,414.696547,-234.251001,464.818735,397.747665,128.357430,306.931195,319.296293,-88.168565,330.067260,326.491604,87.782545,313.706067,239.407974,-7.276721,316.843928,247.572140,277.664738,329.147970,150.929775,58.786301,325.356961,178.569919,485.344381,340.946194,131.739274,64.828378,332.946732,168.252424,507.003102,291.430931,129.086194,0.144247,292.631339,171.822878,484.956515,
0.000000,0.000000,0.000000,0.000000,0.000000,0.000000,0.000000,0.000000,0.000000,0.000000,0.000000,0.000000,0.000000,0.000000,0.000000,0.000000,0.000000,0.000000,0.000000,0.000000,0.000000,0.000000,0.000000,0.000000,0.000000,0.000000,0.000000,0.000000,0.000000,0.000000,0.000000,0.000000,0.000000,0.000000,0.000000,0.000000,0.000000,0.000000,0.000000,0.000000,0.000000,0.000000,0.000000,0.000000,0.000000,0.000000,0.000000,0.000000,0.000000,0.000000,0.000000,0.000000,286.914841,490.881102,10.142661,288.490538,500.206976,-20.641104,287.817774,500.191102,-20.705444,287.166325,500.135506,-20.747038,292.262232,500.339694,-4.021290,294.336664,500.426997,-4.000110,296.306220,500.501044,-4.052696,294.632385,494.798896,-106.827252,305.738314,495.842763,-32.268529,286.443576,481.489358,-14.602496,291.213911,481.638195,6.969474,272.779544,444.280575,-175.592964,354.756062,446.883300,7.490516,214.886394,423.165819,-223.966897,404.666524,406.646965,66.802789,156.573667,420.406123,-248.152455,458.059422,391.120495,102.168552,139.754921,416.200858,-275.377302,473.406272,383.972861,102.077957,139.181114,422.635565,-267.668102,475.147929,389.046670,95.413796,145.088444,423.786391,-242.957967,469.495272,390.835680,101.119530,306.925687,319.296665,-87.801497,331.233391,326.774134,87.423027,312.437988,239.378289,-10.347037,316.821621,248.496710,274.535401,328.452227,151.215812,59.046021,325.004751,178.722148,481.153330,340.866236,132.556535,65.044883,332.362390,168.418296,502.281594,291.440532,130.056682,-4.185637,292.611032,171.788915,476.013117,
0.000000,0.000000,0.000000,0.000000,0.000000,0.000000,0.000000,0.000000,0.000000,0.000000,0.000000,0.000000,0.000000,0.000000,0.000000,0.000000,0.000000,0.000000,0.000000,0.000000,0.000000,0.000000,0.000000,0.000000,0.000000,0.000000,0.000000,0.000000,0.000000,0.000000,0.000000,0.000000,0.000000,0.000000,0.000000,0.000000,0.000000,0.000000,0.000000,0.000000,0.000000,0.000000,0.000000,0.000000,0.000000,0.000000,0.000000,0.000000,0.000000,0.000000,0.000000,0.000000,288.521087,490.895330,12.720786,289.877927,500.231931,-18.060521,288.948745,500.201668,-18.124511,287.942246,500.131749,-18.166023,294.000392,500.395574,-2.082991,296.066292,500.488656,-2.052522,298.407077,500.570130,-2.096505,294.356264,494.824458,-104.364596,307.746621,495.848334,-31.128538,287.323080,482.156431,-11.999081,292.491658,482.248781,8.755080,272.869195,444.430925,-173.977368,354.523691,446.753510,5.832667,216.756782,427.182312,-227.702689,405.273589,405.320521,50.765373,162.148604,428.007889,-251.336120,458.295042,384.126622,61.801680,146.109108,425.410856,-278.849882,474.142567,375.607319,58.893679,145.025785,431.104152,-270.964611,475.837338,380.356816,51.449926,150.621122,431.627192,-246.956206,469.906763,382.614585,60.039125,306.537380,319.292578,-88.010398,332.918354,326.911024,87.638441,311.301926,239.341491,-13.968070,317.090576,248.621088,276.331577,328.191721,151.207640,50.273286,324.668668,178.557233,479.070060,340.946994,132.548397,55.717817,332.288281,167.942315,499.597450,291.396610,129.567935,-11.161245,292.604472,171.363810,472.956962,
0.000000,0.000000,0.000000,0.000000,0.000000,0.000000,0.000000,0.000000,0.000000,0.000000,0.000000,0.000000,0.000000,0.000000,0.000000,0.000000,0.000000,0.000000,0.000000,0.000000,0.000000,0.000000,0.000000,0.000000,0.000000,0.000000,0.000000,0.000000,0.000000,0.000000,0.000000,0.000000,0.000000,0.000000,0.000000,0.000000,0.000000,0.000000,0.000000,0.000000,0.000000,0.000000,0.000000,0.000000,0.000000,0.000000,0.000000,0.000000,0.000000,0.000000,0.000000,0.000000,291.553688,490.946384,24.199129,292.065480,499.890121,-5.202724,290.766912,499.819397,-5.246920,289.389208,499.696284,-5.269969,297.154384,500.140623,8.684346,299.405160,500.222816,8.717018,301.654835,500.248164,8.671434,294.275614,494.661682,-89.222420,310.226736,495.319266,-29.796666,289.192897,482.653025,0.201236,295.449579,482.693861,18.289383,272.728315,445.536333,-158.368846,354.716764,446.471494,10.097548,221.545594,429.837416,-230.457836,401.738741,404.919019,50.690731,169.496948,434.308482,-290.187860,455.137734,379.045919,68.482113,155.500853,432.547711,-322.880414,470.432334,368.637571,69.391195,155.086815,437.922285,-306.960129,472.574135,373.912586,61.729657,159.739893,438.295109,-283.873742,466.831703,377.440201,67.443256,304.867796,319.363541,-88.146183,335.909862,326.882896,87.779574,308.801288,239.957770,-40.225552,318.501635,250.097095,272.449177,328.152816,151.371880,13.595176,324.552132,178.548939,461.981113,341.025087,133.595269,18.296967,332.072352,166.952852,480.911923,291.433091,130.186814,-41.214395,292.791920,171.427405,457.551810,
0.000000,0.000000,0.000000,0.000000,0.000000,0.000000,0.000000,0.000000,0.000000,0.000000,0.000000,0.000000,0.000000,0.000000,0.000000,0.000000,0.000000,0.000000,0.000000,0.000000,0.000000,0.000000,0.000000,0.000000,0.000000,0.000000,0.000000,0.000000,0.000000,0.000000,0.000000,0.000000,0.000000,0.000000,0.000000,0.000000,0.000000,0.000000,0.000000,0.000000,0.000000,0.000000,0.000000,0.000000,0.000000,0.000000,0.000000,0.000000,0.000000,0.000000,0.000000,0.000000,294.080036,490.988650,68.577003,294.058855,499.684052,39.668734,292.614102,499.605809,39.648678,291.075629,499.470850,39.627067,299.536272,499.931075,49.281918,301.902257,499.979888,49.322897,304.503970,499.934998,49.280171,294.305687,494.605563,-48.184471,312.221591,494.779519,-6.449416,291.404743,483.108059,42.604569,298.242793,482.995054,54.740653,272.965250,446.762305,-123.257459,354.639876,445.300623,16.698878,224.578405,433.081660,-156.317921,398.894212,401.588039,37.873594,178.959923,440.250732,-163.764657,451.587727,372.526386,46.681870,165.686871,440.184979,-187.197517,467.199542,361.523325,46.701150,164.430740,446.334788,-173.591932,469.362638,366.876915,39.937385,168.770183,445.587548,-157.309282,464.551822,370.217931,45.838933,304.210979,320.095831,-88.119325,337.746194,327.100731,87.770660,308.526005,240.550239,-60.573531,319.968779,251.957887,262.172392,328.186716,151.604664,-16.387952,324.617163,179.006601,431.546980,341.197265,134.147539,-12.949139,332.074484,166.975930,448.307651,291.466933,130.902793,-74.209135,293.608258,171.968075,421.541306,
0.000000,0.000000,0.000000,0.000000,0.000000,0.000000,0.000000,0.000000,0.000000,0.000000,0.000000,0.000000,0.000000,0.000000,0.000000,0.000000,0.000000,0.000000,0.000000,0.000000,0.000000,0.000000,0.000000,0.000000,0.000000,0.000000,0.000000,0.000000,0.000000,0.000000,0.000000,0.000000,0.000000,0.000000,0.000000,0.000000,0.000000,0.000000,0.000000,0.000000,0.000000,0.000000,0.000000,0.000000,0.000000,0.000000,0.000000,0.000000,0.000000,0.000000,0.000000,0.000000,297.905931,491.051422,125.437931,296.622569,499.675356,98.119830,294.720628,499.597129,98.125758,292.840013,499.463335,98.096998,302.973801,499.915359,103.572057,305.562785,499.955292,103.597465,308.199323,499.894915,103.546673,294.320723,494.618197,10.123642,315.261918,494.546441,32.654548,294.550189,483.654694,98.901290,302.005567,483.433050,105.003373,272.773141,447.781663,-62.590288,353.941055,445.176702,25.524989,226.674476,438.509298,-21.004402,396.448611,399.854145,1.586809,189.970424,446.923585,62.813065,446.095163,366.686739,-38.777924,181.379135,447.111343,57.901328,461.809639,354.593545,-44.502044,186.601671,452.191493,68.516729,463.387760,359.249805,-47.079972,189.131274,451.501469,70.255984,458.529598,363.063628,-39.254913,303.776543,321.518428,-83.311631,339.070663,327.723922,83.068696,307.833948,241.445435,-80.108275,320.957922,253.046397,241.714620,328.280225,151.605719,-52.422947,324.560456,179.018799,412.178690,341.695140,134.129850,-50.569173,330.911132,167.009825,429.680335,291.460693,131.011404,-110.879440,294.342743,172.907864,406.390833,
0.000000,0.000000,0.000000,0.000000,0.000000,0.000000,0.000000,0.000000,0.000000,0.000000,0.000000,0.000000,0.000000,0.000000,0.000000,0.000000,0.000000,0.000000,0.000000,0.000000,0.000000,0.000000,0.000000,0.000000,0.000000,0.000000,0.000000,0.000000,0.000000,0.000000,0.000000,0.000000,0.000000,0.000000,0.000000,0.000000,0.000000,0.000000,0.000000,0.000000,0.000000,0.000000,0.000000,0.000000,0.000000,0.000000,0.000000,0.000000,0.000000,0.000000,0.000000,0.000000,299.444349,491.333056,115.106474,297.971498,499.679515,86.299679,296.085658,499.586940,86.358148,294.098564,499.432526,86.310961,304.195684,499.929329,93.035893,306.658498,499.965063,93.041360,309.139567,499.893937,93.001028,294.406157,494.616728,-3.881924,316.131544,494.386491,25.481631,296.203620,484.180125,88.411059,303.496414,483.869929,96.258059,273.409662,448.631759,-65.558889,353.202935,445.356889,17.429018,236.524157,439.132273,5.644251,395.903988,398.059282,-35.062524,228.970954,447.852497,130.565868,443.571411,362.341262,-102.668447,220.298526,452.059880,136.969302,459.646775,349.496129,-110.357106,227.190864,455.336167,141.527761,459.705168,353.757423,-112.987844,229.343387,453.256986,136.206028,456.488826,357.286403,-103.996344,302.995109,322.251832,-77.901110,338.047934,328.138341,77.762087,308.134688,241.531090,-75.237430,321.869310,252.930149,199.322219,328.129154,151.605192,-51.515992,324.307614,178.517225,338.859818,341.823074,134.067936,-50.123171,330.229221,166.985305,352.939672,291.395409,130.430312,-104.586600,293.303342,172.645507,332.249468,
0.000000,0.000000,0.000000,0.000000,0.000000,0.000000,0.000000,0.000000,0.000000,0.000000,0.000000,0.000000,0.000000,0.000000,0.000000,0.000000,0.000000,0.000000,0.000000,0.000000,0.000000,0.000000,0.000000,0.000000,0.000000,0.000000,0.000000,0.000000,0.000000,0.000000,0.000000,0.000000,0.000000,0.000000,0.000000,0.000000,0.000000,0.000000,0.000000,0.000000,0.000000,0.000000,0.000000,0.000000,0.000000,0.000000,0.000000,0.000000,0.000000,0.000000,0.000000,0.000000,303.405899,491.357328,105.068847,300.625266,499.606162,75.842004,298.489907,499.475240,75.899053,296.283393,499.262323,75.860556,307.047669,499.891610,82.090731,309.393548,499.922273,82.093958,311.876068,499.834954,82.046362,294.597528,494.504783,-15.235399,317.889053,494.237915,14.826662,299.761770,484.327280,78.550412,307.107216,484.033199,85.826800,272.966530,448.901255,-68.523039,351.781371,445.884332,6.232097,250.284648,441.021099,54.193988,389.285255,397.030247,-10.185336,254.822322,451.787323,230.196668,431.167329,358.578169,-35.952953,247.593620,456.523889,247.424055,443.896982,345.001302,-37.510120,254.769732,458.216447,243.364772,445.066717,348.853401,-41.845275,258.729562,456.364365,233.849429,440.635307,352.487316,-36.751101,301.421225,322.631167,-74.628834,337.374745,328.591515,74.527908,307.675882,241.644574,-70.863085,322.300148,253.058862,199.026848,328.133022,151.429088,-48.242707,324.336748,177.688749,337.156438,341.892372,134.088810,-46.243389,330.282004,166.991075,351.232168,291.395649,129.269631,-97.224090,293.374884,172.602199,331.834874,
0.000000,0.000000,0.000000,0.000000,0.000000,0.000000,0.000000,0.000000,0.000000,0.000000,0.000000,0.000000,0.000000,0.000000,0.000000,0.000000,0.000000,0.000000,0.000000,0.000000,0.000000,0.000000,0.000000,0.000000,0.000000,0.000000,0.000000,0.000000,0.000000,0.000000,0.000000,0.000000,0.000000,0.000000,0.000000,0.000000,0.000000,0.000000,0.000000,0.000000,0.000000,0.000000,0.000000,0.000000,0.000000,0.000000,0.000000,0.000000,0.000000,0.000000,0.000000,0.000000,306.127867,491.382436,130.954360,303.054838,499.515416,104.481056,300.714400,499.380144,104.560042,298.286307,499.137207,104.504414,309.624430,499.782994,106.177201,311.999746,499.798956,106.212036,314.541071,499.705581,106.169747,294.902355,494.440142,19.336500,320.174103,494.175003,26.728850,302.631498,484.448990,106.439282,309.843548,484.120053,107.885258,272.089233,449.731966,-24.323371,351.058629,446.091444,8.852014,262.332421,434.640091,122.823610,381.459332,396.407175,15.161031,290.968099,443.214898,310.918427,414.726291,356.259175,21.932288,293.978106,445.149403,334.164352,423.505084,342.664730,22.913200,302.443702,448.662247,325.407944,423.212452,344.488451,18.941698,304.443126,447.788608,312.602196,419.348998,348.740247,21.945411,300.842895,322.908330,-67.744074,337.248273,328.633081,67.703003,307.013426,242.085833,-50.649219,321.411704,253.181885,206.858172,328.112091,151.415643,-30.528214,323.968410,177.651667,340.526434,341.905165,134.004253,-27.662868,330.166842,167.030740,354.356124,291.330366,128.458055,-87.437756,293.133388,172.634794,341.477160,
0.000000,0.000000,0.000000,0.000000,0.000000,0.000000,0.000000,0.000000,0.000000,0.000000,0.000000,0.000000,0.000000,0.000000,0.000000,0.000000,0.000000,0.000000,0.000000,0.000000,0.000000,0.000000,0.000000,0.000000,0.000000,0.000000,0.000000,0.000000,0.000000,0.000000,0.000000,0.000000,0.000000,0.000000,0.000000,0.000000,0.000000,0.000000,0.000000,0.000000,0.000000,0.000000,0.000000,0.000000,0.000000,0.000000,0.000000,0.000000,0.000000,0.000000,0.000000,0.000000,306.973260,491.882096,169.104924,303.829675,499.679893,144.209394,301.529859,499.523920,144.266701,299.033456,499.275473,144.221371,310.542459,499.955871,145.201017,312.960023,499.952597,145.217157,315.615496,499.818986,145.169072,295.355495,494.631419,56.352112,321.246481,494.353293,60.166718,303.835580,485.084681,142.419157,311.162896,484.706037,143.223638,272.404292,451.165497,2.527560,350.036880,446.662381,27.487779,289.266010,420.341536,66.825637,372.714140,396.448812,20.130071,324.744529,420.559202,153.706014,400.636216,355.363201,18.485469,331.003048,419.020650,161.574163,408.595127,340.346605,17.096227,338.342061,424.366137,154.521626,407.482438,341.534332,16.931270,338.872731,424.776488,152.825885,403.740150,346.311152,18.940836,300.563369,323.281720,-63.024417,336.776244,328.876232,63.002524,307.175636,242.528948,-49.068405,320.913308,253.318728,192.480786,327.801304,151.418015,-45.550697,323.964768,177.666305,308.725921,341.796155,133.808606,-46.836615,330.179104,167.536289,320.050816,291.000350,128.610710,-97.753235,293.164630,172.614963,305.703566,
0.000000,0.000000,0.000000,0.000000,0.000000,0.000000,0.000000,0.000000,0.000000,0.000000,0.000000,0.000000,0.000000,0.000000,0.000000,0.000000,0.000000,0.000000,0.000000,0.000000,0.000000,0.000000,0.000000,0.000000,0.000000,0.000000,0.000000,0.000000,0.000000,0.000000,0.000000,0.000000,0.000000,0.000000,0.000000,0.000000,0.000000,0.000000,0.000000,0.000000,0.000000,0.000000,0.000000,0.000000,0.000000,0.000000,0.000000,0.000000,0.000000,0.000000,0.000000,0.000000,306.812046,491.939427,201.056614,303.845622,499.684430,176.186962,301.657187,499.528449,176.239586,299.252496,499.280733,176.186256,310.344815,499.955522,177.574158,312.748405,499.948890,177.579136,315.360846,499.814098,177.535133,295.553017,494.690183,84.300098,321.319511,494.370240,89.891148,304.037133,485.297567,172.417984,311.089882,484.871917,173.711815,272.736000,452.775856,16.778626,348.849396,447.031730,58.398497,301.901178,410.375938,24.292082,369.696164,396.017569,28.191431,340.834951,392.806671,71.137453,394.620053,353.789975,14.860978,348.396560,387.089480,70.025678,399.506496,338.129936,10.816979,356.738757,391.569393,81.510594,397.721556,339.239422,11.848304,356.235870,393.283812,84.869756,395.399120,344.213030,14.648587,300.595039,324.076799,-64.267374,335.516505,329.071878,64.220727,306.426747,243.157286,-46.303408,319.652023,253.354497,184.915561,327.647504,151.472323,-39.676098,323.451800,177.648740,302.776345,341.661025,133.904484,-40.371754,329.996764,167.534126,313.789968,290.912026,128.992349,-92.882827,293.121517,172.631831,294.308137,
0.000000,0.000000,0.000000,0.000000,0.000000,0.000000,0.000000,0.000000,0.000000,0.000000,0.000000,0.000000,0.000000,0.000000,0.000000,0.000000,0.000000,0.000000,0.000000,0.000000,0.000000,0.000000,0.000000,0.000000,0.000000,0.000000,0.000000,0.000000,0.000000,0.000000,0.000000,0.000000,0.000000,0.000000,0.000000,0.000000,0.000000,0.000000,0.000000,0.000000,0.000000,0.000000,0.000000,0.000000,0.000000,0.000000,0.000000,0.000000,0.000000,0.000000,0.000000,0.000000,307.416600,492.291784,190.118539,304.223659,499.785007,164.881123,301.970826,499.615243,164.932212,299.505877,499.366398,164.869495,310.904499,500.063789,166.593431,313.356925,500.053676,166.587269,316.038605,499.916748,166.536007,295.883133,494.857366,72.119423,322.010407,494.516959,78.999151,304.529236,485.701288,161.247122,311.717294,485.291648,162.840384,272.990864,453.156933,3.991833,348.435912,447.489101,52.797889,298.055289,400.241161,23.755062,368.874026,396.129098,23.243718,331.424841,372.144482,66.892566,392.996893,353.168063,1.500112,337.722171,363.780520,68.526829,397.280356,336.826375,-3.590622,345.992973,367.225211,66.136738,395.164997,337.708456,-0.574619,345.737833,370.225995,67.692653,393.586336,342.847772,1.592994,300.616382,324.046333,-64.309154,333.669219,329.059689,64.253410,306.612046,243.242941,-44.109102,318.093741,253.326587,185.684590,327.562868,151.822949,-35.776189,323.452841,177.657522,311.483191,341.632240,133.940217,-36.115251,330.004228,167.632207,323.388211,290.798501,128.765117,-90.146067,293.271475,172.625904,304.436091,
0.000000,0.000000,0.000000,0.000000,0.000000,0.000000,0.000000,0.000000,0.000000,0.000000,0.000000,0.000000,0.000000,0.000000,0.000000,0.000000,0.000000,0.000000,0.000000,0.000000,0.000000,0.000000,0.000000,0.000000,0.000000,0.000000,0.000000,0.000000,0.000000,0.000000,0.000000,0.000000,0.000000,0.000000,0.000000,0.000000,0.000000,0.000000,0.000000,0.000000,0.000000,0.000000,0.000000,0.000000,0.000000,0.000000,0.000000,0.000000,0.000000,0.000000,0.000000,0.000000,306.563343,492.297224,193.066322,303.649567,499.701823,168.219639,301.493346,499.547694,168.262157,299.165251,499.318306,168.199547,310.173031,499.985557,169.616465,312.609207,499.984942,169.619815,315.244295,499.841471,169.576994,295.893385,494.860892,76.539575,321.329120,494.523459,81.984574,303.819002,485.774653,164.667294,310.861501,485.399004,165.830235,273.217553,453.728076,8.171018,347.713170,447.956828,55.542359,303.468594,398.951425,18.213636,368.849744,396.209398,26.943840,339.282619,372.064463,50.657253,395.080821,352.651560,9.975023,346.276709,364.562913,49.902523,400.772001,336.392880,5.789728,354.630578,368.322843,52.610702,398.755669,337.317243,8.111944,354.185188,370.941911,55.823317,396.166495,342.174009,10.088072,300.105524,324.204977,-65.846064,332.777941,329.252835,65.764279,306.259209,243.511654,-40.836191,317.508668,253.860951,193.585101,327.512132,152.136667,-34.902214,323.447638,178.264486,325.165377,341.415285,133.973827,-35.751521,329.680068,169.539737,337.811445,290.660014,128.481579,-84.183231,293.622941,173.036421,319.219351,
0.000000,0.000000,0.000000,0.000000,0.000000,0.000000,0.000000,0.000000,0.000000,0.000000,0.000000,0.000000,0.000000,0.000000,0.000000,0.000000,0.000000,0.000000,0.000000,0.000000,0.000000,0.000000,0.000000,0.000000,0.000000,0.000000,0.000000,0.000000,0.000000,0.000000,0.000000,0.000000,0.000000,0.000000,0.000000,0.000000,0.000000,0.000000,0.000000,0.000000,0.000000,0.000000,0.000000,0.000000,0.000000,0.000000,0.000000,0.000000,0.000000,0.000000,0.000000,0.000000,306.255659,492.302246,182.061898,303.397229,499.687833,156.616041,301.241499,499.535241,156.656984,298.961061,499.307785,156.603026,309.867329,499.970191,158.066696,312.288487,499.970454,158.085468,314.880930,499.829088,158.044362,295.902270,494.865887,65.564970,321.006253,494.532745,72.187419,303.526707,485.798826,154.364237,310.509165,485.412424,155.756098,273.410942,453.659520,2.701137,347.709753,447.967529,49.752773,300.707839,402.032461,17.022853,370.348325,396.283750,18.562584,335.211954,381.861521,44.124537,398.992112,352.770145,-4.860513,341.774038,376.044631,42.823802,405.621189,336.395954,-11.006298,349.389784,380.673198,47.895067,404.328392,337.458942,-9.280148,349.360359,382.575541,49.986167,400.920882,342.425193,-4.934802,299.841145,323.892147,-66.565279,331.875708,328.931551,66.472916,306.308938,243.477331,-31.605268,315.938276,253.885068,198.034294,327.447062,152.358642,-6.860795,323.406538,178.628957,329.570882,341.301211,134.006022,-5.280506,329.495595,170.723920,341.996124,290.518167,128.118960,-56.610803,293.614506,173.090670,323.377143,
0.000000,0.000000,0.000000,0.000000,0.000000,0.000000,0.000000,0.000000,0.000000,0.000000,0.000000,0.000000,0.000000,0.000000,0.000000,0.000000,0.000000,0.000000,0.000000,0.000000,0.000000,0.000000,0.000000,0.000000,0.000000,0.000000,0.000000,0.000000,0.000000,0.000000,0.000000,0.000000,0.000000,0.000000,0.000000,0.000000,0.000000,0.000000,0.000000,0.000000,0.000000,0.000000,0.000000,0.000000,0.000000,0.000000,0.000000,0.000000,0.000000,0.000000,0.000000,0.000000,305.766118,492.100122,167.000719,302.522959,499.490083,141.511512,300.361439,499.339766,141.568453,298.117387,499.125559,141.504987,309.197741,499.782296,144.391911,311.652692,499.808727,144.407886,314.277607,499.708514,144.377704,295.611796,494.738957,54.798744,320.325927,494.447778,67.322704,302.766739,485.631316,141.040879,310.169564,485.308050,144.286696,273.480101,453.584817,-2.003228,347.866945,448.174640,47.016893,293.019153,414.669087,72.460457,372.339495,395.803435,21.185725,316.516691,423.206774,180.443287,406.798988,352.959881,8.358216,320.033490,424.962072,190.809130,413.881489,337.551942,4.922961,326.749771,429.397615,185.564988,412.762161,338.192081,5.039404,327.937493,428.428419,181.245422,408.611312,343.131462,8.120791,299.903109,324.168195,-67.027844,331.615794,329.429416,66.888887,305.568337,244.069181,-46.794202,314.542513,254.377973,200.878904,326.890786,152.329643,-54.385270,323.421105,178.930487,322.113998,340.767620,133.137816,-56.787218,330.084735,171.077300,333.154616,289.514679,128.069409,-112.757051,293.561083,172.986730,316.216502,
0.000000,0.000000,0.000000,0.000000,0.000000,0.000000,0.000000,0.000000,0.000000,0.000000,0.000000,0.000000,0.000000,0.000000,0.000000,0.000000,0.000000,0.000000,0.000000,0.000000,0.000000,0.000000,0.000000,0.000000,0.000000,0.000000,0.000000,0.000000,0.000000,0.000000,0.000000,0.000000,0.000000,0.000000,0.000000,0.000000,0.000000,0.000000,0.000000,0.000000,0.000000,0.000000,0.000000,0.000000,0.000000,0.000000,0.000000,0.000000,0.000000,0.000000,0.000000,0.000000,303.781411,491.986715,124.385828,301.077410,499.356989,96.026490,299.059138,499.194481,96.095304,296.958147,498.970009,96.039405,307.695092,499.724321,101.882714,310.181709,499.769306,101.898884,312.772238,499.683421,101.883912,295.362330,494.532989,7.307374,319.063288,494.416902,33.896123,300.737251,485.537595,98.909798,308.418075,485.270028,105.916939,273.049778,452.213696,-31.698142,348.796429,447.798733,16.299448,268.830861,438.477453,97.272346,377.386799,395.911989,20.023439,294.822496,454.076551,283.988204,419.297318,353.998157,11.520762,297.337667,458.191935,303.905419,431.845917,338.883173,11.972669,305.867472,462.374628,295.399360,432.812472,339.895551,6.272213,308.888006,460.484688,285.798672,427.411994,344.617879,11.965931,299.936845,323.169145,-67.538158,331.541106,329.420978,67.399938,305.907557,243.163162,-53.611104,313.894344,254.367134,213.869909,326.970644,152.629652,-43.617233,322.810850,179.043195,370.402986,340.767087,133.328864,-43.671301,329.476934,171.140764,387.076816,289.493798,127.867954,-99.044803,293.444553,173.366931,373.614167,
0.000000,0.000000,0.000000,0.000000,0.000000,0.000000,0.000000,0.000000,0.000000,0.000000,0.000000,0.000000,0.000000,0.000000,0.000000,0.000000,0.000000,0.000000,0.000000,0.000000,0.000000,0.000000,0.000000,0.000000,0.000000,0.000000,0.000000,0.000000,0.000000,0.000000,0.000000,0.000000,0.000000,0.000000,0.000000,0.000000,0.000000,0.000000,0.000000,0.000000,0.000000,0.000000,0.000000,0.000000,0.000000,0.000000,0.000000,0.000000,0.000000,0.000000,0.000000,0.000000,298.159548,490.841347,98.234920,297.229493,498.423441,69.453709,295.955521,498.260503,69.491842,294.579337,497.997259,69.426066,302.114880,498.935022,80.863735,304.214070,499.091061,80.911176,306.275741,499.092934,80.917106,295.037682,493.500801,-16.504614,314.377878,494.055214,34.409683,296.379870,484.195816,73.658375,302.364695,484.374651,88.442920,273.158639,451.391023,-57.752402,352.030828,447.280954,19.082572,249.629240,447.475750,71.433114,386.471947,395.998238,14.116040,271.340476,454.974150,254.025919,433.848161,354.704396,0.611757,279.262584,461.579658,271.494673,445.921791,339.292073,-1.722256,286.435557,464.061134,262.833395,446.945356,340.228236,-4.898934,285.778793,458.668242,256.097469,442.826218,345.333014,0.645123,299.982973,323.215215,-71.778836,331.609819,329.461294,71.657704,305.343374,243.614625,-80.025525,313.632400,254.653827,224.298370,326.827310,152.644943,-78.316530,321.472243,180.030730,380.758067,340.698589,133.316481,-78.273246,327.395482,172.074696,397.192484,289.093938,127.787122,-133.479045,293.348017,173.864976,387.260253,
0.000000,0.000000,0.000000,0.000000,0.000000,0.000000,0.000000,0.000000,0.000000,0.000000,0.000000,0.000000,0.000000,0.000000,0.000000,0.000000,0.000000,0.000000,0.000000,0.000000,0.000000,0.000000,0.000000,0.000000,0.000000,0.000000,0.000000,0.000000,0.000000,0.000000,0.000000,0.000000,0.000000,0.000000,0.000000,0.000000,0.000000,0.000000,0.000000,0.000000,0.000000,0.000000,0.000000,0.000000,0.000000,0.000000,0.000000,0.000000,0.000000,0.000000,0.000000,0.000000,290.481219,489.439453,50.767087,292.440704,497.903542,23.616789,291.954993,497.780494,23.630651,291.374488,497.577200,23.590478,295.703455,498.514179,40.959682,297.464854,498.750760,40.990065,299.491295,498.858629,40.966361,294.907139,493.263101,-56.519614,309.898104,494.059857,23.015412,290.892572,482.752683,27.171253,294.806885,483.048359,50.023332,277.162189,451.150840,-105.686188,353.939346,446.137354,21.655244,242.444476,447.137393,-36.897086,393.694275,396.448812,17.357645,238.131152,453.011956,81.239732,441.618384,359.843074,-1.449228,231.654487,454.875701,84.479921,455.240514,344.822985,-4.322559,236.432346,458.272531,83.772325,456.154711,345.421817,-8.369766,239.180417,455.157209,85.733487,451.195052,350.341912,-2.466758,300.659069,324.174140,-82.220872,331.628740,329.329718,81.982713,305.407903,244.212660,-93.819121,312.757977,254.578767,222.520822,326.691938,152.810502,-90.663494,321.468602,180.376660,371.891912,340.476571,133.324264,-91.163996,327.439201,172.057388,387.367868,287.906121,127.769354,-151.481348,292.394529,173.852440,375.971433,
0.000000,0.000000,0.000000,0.000000,0.000000,0.000000,0.000000,0.000000,0.000000,0.000000,0.000000,0.000000,0.000000,0.000000,0.000000,0.000000,0.000000,0.000000,0.000000,0.000000,0.000000,0.000000,0.000000,0.000000,0.000000,0.000000,0.000000,0.000000,0.000000,0.000000,0.000000,0.000000,0.000000,0.000000,0.000000,0.000000,0.000000,0.000000,0.000000,0.000000,0.000000,0.000000,0.000000,0.000000,0.000000,0.000000,0.000000,0.000000,0.000000,0.000000,0.000000,0.000000,285.546484,489.321861,-0.766979,288.950187,497.999582,-26.244396,288.855122,497.905025,-26.273401,288.733945,497.741391,-26.315174,291.550160,498.553993,-5.675067,293.412127,498.782431,-5.636440,295.346388,498.898712,-5.653215,294.894837,493.296596,-98.189013,306.343688,494.337507,-3.317261,286.848427,482.052108,-21.919283,290.017668,482.242817,5.167259,279.865802,451.153677,-152.191307,354.568115,444.774560,22.982382,232.808113,444.255391,-127.023081,398.269804,396.743247,48.259527,199.784236,448.976236,-54.224527,447.241847,365.002834,35.772866,189.423835,448.275004,-62.377561,460.400326,352.149367,34.084869,190.791071,451.826951,-59.027142,462.187040,354.207164,26.433384,196.038014,450.934068,-48.562758,457.706616,358.104966,33.301988,303.313190,325.591164,-89.380188,331.508243,329.290026,89.079485,305.431583,244.726895,-101.383627,309.974737,254.555192,246.711979,326.684430,153.013759,-100.718334,320.148204,181.710126,404.832097,340.434193,133.347968,-101.573592,326.606407,172.863671,420.554243,287.936362,128.187029,-165.773948,290.152022,174.885911,404.975289,
0.000000,0.000000,0.000000,0.000000,0.000000,0.000000,0.000000,0.000000,0.000000,0.000000,0.000000,0.000000,0.000000,0.000000,0.000000,0.000000,0.000000,0.000000,0.000000,0.000000,0.000000,0.000000,0.000000,0.000000,0.000000,0.000000,0.000000,0.000000,0.000000,0.000000,0.000000,0.000000,0.000000,0.000000,0.000000,0.000000,0.000000,0.000000,0.000000,0.000000,0.000000,0.000000,0.000000,0.000000,0.000000,0.000000,0.000000,0.000000,0.000000,0.000000,0.000000,0.000000,282.403785,489.548675,-13.468036,286.597536,498.676017,-38.587882,286.730806,498.631830,-38.627586,286.860041,498.538678,-38.651706,288.945691,498.992648,-17.269293,290.760784,499.141264,-17.233038,292.643187,499.227847,-17.248090,294.804619,493.566910,-105.494892,304.106684,494.756536,-7.301588,283.834732,482.077552,-32.664751,286.342341,482.216351,-4.491622,280.433163,451.182991,-165.561139,354.400671,442.843591,31.305985,229.583625,442.153599,-220.775907,398.432844,399.253379,83.192089,179.334790,445.410190,-246.636424,446.969575,371.145531,98.419692,167.372018,443.870567,-270.865916,460.147225,360.481091,100.941529,167.164364,447.544586,-261.769863,461.313788,362.616700,91.639503,171.627606,447.186934,-241.035469,456.950363,365.776412,96.076137,305.331149,326.246918,-91.321469,330.442693,329.095943,90.987012,306.410171,245.061164,-89.259302,308.503770,254.482299,248.838118,326.687615,152.918062,-84.195252,320.021783,181.686706,405.640897,340.444587,133.247138,-84.902651,326.613338,172.936510,421.078137,288.166533,127.849686,-154.138452,289.301006,175.220525,399.840238,
0.000000,0.000000,0.000000,0.000000,0.000000,0.000000,0.000000,0.000000,0.000000,0.000000,0.000000,0.000000,0.000000,0.000000,0.000000,0.000000,0.000000,0.000000,0.000000,0.000000,0.000000,0.000000,0.000000,0.000000,0.000000,0.000000,0.000000,0.000000,0.000000,0.000000,0.000000,0.000000,0.000000,0.000000,0.000000,0.000000,0.000000,0.000000,0.000000,0.000000,0.000000,0.000000,0.000000,0.000000,0.000000,0.000000,0.000000,0.000000,0.000000,0.000000,0.000000,0.000000,280.101564,490.505729,-48.879343,284.891207,499.895793,-72.920457,285.320838,499.876379,-72.946774,285.777836,499.824782,-72.953945,286.764218,500.011053,-51.056147,288.526094,500.067153,-51.035698,290.408149,500.113903,-51.036835,294.916708,494.210375,-131.251746,302.503882,495.387286,-30.140921,282.060020,482.112751,-64.620393,283.763924,482.254000,-35.727262,281.993087,451.071410,-184.009193,352.109425,441.920564,29.764100,224.800997,440.137391,-251.853031,395.928271,401.635624,105.520778,169.391217,442.327736,-296.086598,441.859240,378.102510,164.850912,153.762038,442.766480,-323.503698,454.797587,368.803591,174.019653,153.474678,446.202592,-314.040972,455.626164,371.241865,165.418387,159.058067,444.852592,-290.853246,451.306266,373.586748,163.929448,307.516410,326.338687,-92.782280,324.665816,329.080316,92.405772,308.989546,245.037354,-67.909761,308.472540,253.940618,262.486390,326.906030,152.558473,-37.074785,320.061842,181.869185,438.103155,340.521081,132.647813,-35.621618,326.644261,172.964637,455.364041,289.035615,127.342169,-114.907769,288.442492,175.163084,430.869685,
0.000000,0.000000,0.000000,0.000000,0.000000,0.000000,0.000000,0.000000,0.000000,0.000000,0.000000,0.000000,0.000000,0.000000,0.000000,0.000000,0.000000,0.000000,0.000000,0.000000,0.000000,0.000000,0.000000,0.000000,0.000000,0.000000,0.000000,0.000000,0.000000,0.000000,0.000000,0.000000,0.000000,0.000000,0.000000,0.000000,0.000000,0.000000,0.000000,0.000000,0.000000,0.000000,0.000000,0.000000,0.000000,0.000000,0.000000,0.000000,0.000000,0.000000,0.000000,0.000000,279.614972,491.124655,-90.527437,284.851809,500.102618,-113.208222,285.649456,500.076760,-113.230985,286.318010,500.035939,-113.230422,285.475838,500.217807,-88.177229,286.858541,500.288181,-88.173270,288.382708,500.398067,-88.168887,296.647251,494.405765,-158.176783,301.031764,495.671436,-43.612008,282.502389,482.136075,-101.034170,282.595698,482.271520,-68.025960,286.692071,451.057698,-206.329336,344.887128,442.361021,34.900854,226.043800,438.027638,-310.279270,386.610704,407.079695,170.918032,163.614428,434.332836,-382.362544,426.957585,388.543250,295.368094,146.538445,429.922524,-413.301053,440.721713,380.689363,319.732887,145.888467,433.195260,-401.272820,441.079635,382.124975,311.458852,151.922317,433.032367,-376.947727,435.063499,384.402422,297.150143,309.276186,326.201591,-97.807827,322.685088,329.067190,97.382575,311.589642,242.895376,-49.496423,308.700069,252.767834,261.448600,327.036852,150.149434,-1.472654,321.004537,181.359804,432.711160,340.533874,130.642871,2.431428,328.231475,172.807419,449.743507,289.278747,126.379690,-63.290545,288.487792,173.207602,429.702897,
0.000000,0.000000,0.000000,0.000000,0.000000,0.000000,0.000000,0.000000,0.000000,0.000000,0.000000,0.000000,0.000000,0.000000,0.000000,0.000000,0.000000,0.000000,0.000000,0.000000,0.000000,0.000000,0.000000,0.000000,0.000000,0.000000,0.000000,0.000000,0.000000,0.000000,0.000000,0.000000,0.000000,0.000000,0.000000,0.000000,0.000000,0.000000,0.000000,0.000000,0.000000,0.000000,0.000000,0.000000,0.000000,0.000000,0.000000,0.000000,0.000000,0.000000,0.000000,0.000000,281.156339,491.195377,-148.611078,285.837708,500.099971,-161.156528,285.829213,500.067326,-161.167752,287.816948,500.023540,-161.150677,285.983801,500.288355,-136.919211,286.819039,500.401390,-136.916332,287.753920,500.585120,-136.878030,300.101502,494.468937,-167.774826,299.767203,496.056340,-56.806563,283.492703,482.176786,-146.764089,283.814015,482.283821,-114.651028,294.235548,450.862432,-215.689108,328.896244,447.810469,55.194468,232.520598,430.932100,-362.261266,363.282099,418.608752,264.935247,177.393174,422.844951,-461.692310,394.431557,399.584820,484.587805,159.541986,413.420781,-490.751457,404.344178,394.161545,532.225735,158.176295,416.802896,-478.570793,403.300023,395.361523,525.929706,164.486651,418.279933,-457.427956,398.763335,396.202146,491.088283,312.390906,326.148834,-99.205968,317.251777,329.848211,98.636432,313.855253,242.739219,-56.042246,307.670773,252.724207,231.456462,327.347410,150.143898,-21.635927,322.135564,180.694291,367.278080,340.539205,130.687095,-20.228061,329.834151,172.466299,379.386581,290.652574,125.448992,-83.836157,288.674616,170.420146,364.558235,
0.000000,0.000000,0.000000,0.000000,0.000000,0.000000,0.000000,0.000000,0.000000,0.000000,0.000000,0.000000,0.000000,0.000000,0.000000,0.000000,0.000000,0.000000,0.000000,0.000000,0.000000,0.000000,0.000000,0.000000,0.000000,0.000000,0.000000,0.000000,0.000000,0.000000,0.000000,0.000000,0.000000,0.000000,0.000000,0.000000,0.000000,0.000000,0.000000,0.000000,0.000000,0.000000,0.000000,0.000000,0.000000,0.000000,0.000000,0.000000,0.000000,0.000000,0.000000,0.000000,282.099051,490.879847,-148.971257,286.291729,499.729803,-155.472028,287.115598,499.645432,-155.500528,290.562370,499.550879,-155.501321,286.044757,500.051216,-132.891463,286.319619,500.192492,-132.861080,286.644236,500.406866,-132.805597,304.377283,494.230943,-141.879053,298.618912,496.008981,-40.175103,284.079911,481.768400,-140.110918,284.273324,482.136207,-110.265913,304.898873,450.862905,-191.410668,321.689325,450.860186,88.334263,256.285348,424.256522,-349.349433,343.665257,426.110892,298.023080,192.820370,410.365531,-463.401291,357.701021,410.737069,501.750832,182.651045,401.291702,-495.055081,363.278521,403.624661,549.041023,182.811261,404.380433,-481.261217,363.503890,405.557700,538.238831,187.705164,405.949428,-459.447972,359.755117,406.887797,505.413666,315.593752,326.141403,-97.113979,312.716715,329.827896,96.650168,315.969902,242.047799,-78.333427,307.233562,252.638579,205.812399,327.579476,150.016302,-63.388865,323.323298,180.808463,325.483995,340.458180,130.721413,-63.438273,331.372314,173.014398,335.010880,290.874824,125.477521,-120.193527,289.069819,170.498557,320.469058,
0.000000,0.000000,0.000000,0.000000,0.000000,0.000000,0.000000,0.000000,0.000000,0.000000,0.000000,0.000000,0.000000,0.000000,0.000000,0.000000,0.000000,0.000000,0.000000,0.000000,0.000000,0.000000,0.000000,0.000000,0.000000,0.000000,0.000000,0.000000,0.000000,0.000000,0.000000,0.000000,0.000000,0.000000,0.000000,0.000000,0.000000,0.000000,0.000000,0.000000,0.000000,0.000000,0.000000,0.000000,0.000000,0.000000,0.000000,0.000000,0.000000,0.000000,0.000000,0.000000,282.828448,490.497778,-106.034101,286.665076,499.162264,-117.665592,288.786776,499.094102,-117.725057,292.681302,499.040270,-117.751712,286.508389,499.503946,-92.329456,286.546286,499.663509,-92.299667,286.546294,499.904691,-92.294670,307.100906,494.207437,-120.283456,297.907837,495.932604,-8.543163,286.062284,481.418961,-102.140196,285.169021,481.830168,-69.205290,315.128032,452.909185,-174.084184,314.169731,451.706926,128.053913,290.391335,419.851914,-249.510378,304.833969,424.365102,236.507222,248.781205,401.657422,-277.549674,281.391565,394.991632,297.429079,238.438010,392.312053,-294.179690,272.829381,389.851184,333.427812,234.857951,396.332472,-285.421949,266.124872,391.720471,499.414827,239.107550,398.729341,-272.909930,275.605243,392.218668,321.419237,316.651270,327.879059,-95.489033,308.975338,330.118239,95.128900,320.129344,242.004508,-85.178863,307.470650,252.517452,184.668088,327.729864,149.672266,-81.494998,323.916385,180.643061,283.561237,340.446986,130.657377,-84.253134,331.913470,172.937953,290.855085,291.020271,125.264805,-152.886712,289.771501,168.505465,269.160011,
0.000000,0.000000,0.000000,0.000000,0.000000,0.000000,0.000000,0.000000,0.000000,0.000000,0.000000,0.000000,0.000000,0.000000,0.000000,0.000000,0.000000,0.000000,0.000000,0.000000,0.000000,0.000000,0.000000,0.000000,0.000000,0.000000,0.000000,0.000000,0.000000,0.000000,0.000000,0.000000,0.000000,0.000000,0.000000,0.000000,0.000000,0.000000,0.000000,0.000000,0.000000,0.000000,0.000000,0.000000,0.000000,0.000000,0.000000,0.000000,0.000000,0.000000,0.000000,0.000000,284.143722,489.805201,-141.995154,289.777555,498.106965,-144.797800,293.011065,498.006913,-144.869973,297.130780,497.914976,-144.960670,286.927690,498.498463,-124.978226,287.348555,498.694155,-124.955117,287.398390,498.994193,-124.945268,311.240677,493.413830,-111.973571,297.552300,495.574630,-14.672028,289.955482,480.746800,-123.656655,285.371083,481.321719,-98.057354,319.275022,452.682241,-143.899696,303.866811,452.277173,116.311534,314.851683,414.066016,-187.138209,297.528387,420.785785,208.441745,299.652506,396.250949,-205.083393,288.386861,403.635152,194.877326,297.665037,387.292028,-223.733806,279.950727,406.514631,198.770678,295.499111,392.727114,-244.178625,281.108027,408.203777,188.007244,295.709509,394.609018,-209.272456,283.573707,407.629527,185.390696,317.800357,328.488372,-91.688537,303.605761,330.210436,91.740218,321.329935,242.021825,-109.558772,306.538230,252.512575,149.811641,327.728272,149.685712,-118.408091,323.874765,180.911413,235.468321,340.414203,130.704078,-123.501291,332.735601,172.719434,239.397123,291.273724,124.737268,-207.115521,290.398516,166.608792,198.447936,
0.000000,0.000000,0.000000,0.000000,0.000000,0.000000,0.000000,0.000000,0.000000,0.000000,0.000000,0.000000,0.000000,0.000000,0.000000,0.000000,0.000000,0.000000,0.000000,0.000000,0.000000,0.000000,0.000000,0.000000,0.000000,0.000000,0.000000,0.000000,0.000000,0.000000,0.000000,0.000000,0.000000,0.000000,0.000000,0.000000,0.000000,0.000000,0.000000,0.000000,0.000000,0.000000,0.000000,0.000000,0.000000,0.000000,0.000000,0.000000,0.000000,0.000000,0.000000,0.000000,286.867656,489.115552,-184.069776,294.052289,497.297058,-181.232738,298.133202,497.130672,-181.309857,302.448064,497.045926,-181.356600,288.087694,497.861087,-164.508845,287.406867,498.104861,-164.502718,288.098676,498.447048,-164.469208,314.392835,492.735988,-120.213996,296.707657,495.283747,-42.663897,293.322549,479.955472,-159.500403,285.512018,480.551963,-137.423728,333.794614,450.163160,-129.497307,290.479848,452.776657,94.360071,349.325565,409.476307,-240.334338,270.734312,431.004756,239.535564,356.411133,396.407507,-426.699559,241.378058,429.346990,297.446846,363.289184,390.072105,-463.297299,234.041634,430.965626,310.391060,358.162183,393.512280,-483.596861,233.849042,432.200218,293.440873,352.967270,395.553417,-438.829876,237.481174,430.605448,291.301953,323.408092,331.108417,-81.183831,296.721509,332.323473,81.284475,323.917598,244.617740,-114.968920,300.770991,252.642643,118.558189,327.834977,150.035283,-112.413939,323.358675,180.893848,209.936001,340.198848,131.323214,-116.525477,332.626837,172.632892,213.014893,293.378145,124.746778,-207.576389,290.495677,162.198871,158.522473,
0.000000,0.000000,0.000000,0.000000,0.000000,0.000000,0.000000,0.000000,0.000000,0.000000,0.000000,0.000000,0.000000,0.000000,0.000000,0.000000,0.000000,0.000000,0.000000,0.000000,0.000000,0.000000,0.000000,0.000000,0.000000,0.000000,0.000000,0.000000,0.000000,0.000000,0.000000,0.000000,0.000000,0.000000,0.000000,0.000000,0.000000,0.000000,0.000000,0.000000,0.000000,0.000000,0.000000,0.000000,0.000000,0.000000,0.000000,0.000000,0.000000,0.000000,0.000000,0.000000,288.606609,488.443062,-185.832759,296.845827,496.617976,-180.474804,301.036464,496.411037,-180.524748,305.454292,496.202801,-180.544392,289.321584,497.246761,-165.326842,287.472704,497.545217,-165.347562,288.564880,497.915218,-165.278359,317.059730,492.104570,-116.343207,295.854367,495.254729,-43.414485,295.360763,479.098837,-160.478811,285.626633,479.873906,-139.566455,341.718466,447.033693,-115.762520,282.637327,453.096644,91.637076,369.797813,412.971332,-255.876791,246.493376,437.446634,231.708793,402.375528,400.940734,-491.378954,202.699730,439.218522,313.490546,416.215691,394.917383,-530.997767,189.449817,438.700909,327.302656,410.402976,397.073573,-556.460067,189.566005,439.152717,307.608694,404.629894,398.489433,-508.193051,194.513747,437.889776,306.360595,324.862868,331.522304,-78.112995,294.266760,333.237008,78.198857,324.410740,245.143108,-120.695802,298.417315,252.652940,121.945642,327.767632,150.058746,-108.377987,323.259307,181.003628,236.577356,339.400861,131.402464,-111.428932,333.366328,171.845360,242.145946,293.584075,124.856890,-212.896286,290.761229,160.595098,181.645008,
0.000000,0.000000,0.000000,0.000000,0.000000,0.000000,0.000000,0.000000,0.000000,0.000000,0.000000,0.000000,0.000000,0.000000,0.000000,0.000000,0.000000,0.000000,0.000000,0.000000,0.000000,0.000000,0.000000,0.000000,0.000000,0.000000,0.000000,0.000000,0.000000,0.000000,0.000000,0.000000,0.000000,0.000000,0.000000,0.000000,0.000000,0.000000,0.000000,0.000000,0.000000,0.000000,0.000000,0.000000,0.000000,0.000000,0.000000,0.000000,0.000000,0.000000,0.000000,0.000000,291.447522,487.867657,-209.651981,299.030566,496.218694,-201.390155,303.257211,496.002728,-201.442938,307.759779,495.806787,-201.472277,291.057897,496.872368,-188.915401,288.389717,497.206600,-188.932054,288.808756,497.585106,-188.859347,318.454690,492.017012,-126.332749,294.987624,495.224549,-66.756092,297.563011,478.503433,-181.476288,287.102197,479.397515,-163.917132,347.187166,446.158066,-117.022061,274.121612,452.890914,49.331869,391.726182,414.816371,-240.700134,227.060388,438.334399,140.176097,435.416642,403.532640,-449.550280,173.697529,442.712823,131.484281,450.916847,397.602143,-486.907875,158.680773,442.107384,131.625096,449.218279,400.017950,-512.821969,157.761271,443.967408,106.129752,442.224004,401.417833,-466.622512,162.361855,443.368536,119.129094,326.183388,332.183632,-74.657185,292.323873,333.677367,74.731437,325.993175,245.093632,-123.649127,297.661436,252.464612,147.480604,327.718033,150.086954,-99.250715,322.625641,181.959937,265.375509,339.017859,131.558486,-101.781437,333.277291,172.003299,274.291003,293.524072,125.007793,-213.078358,290.775600,160.784515,226.178394,
0.000000,0.000000,0.000000,0.000000,0.000000,0.000000,0.000000,0.000000,0.000000,0.000000,0.000000,0.000000,0.000000,0.000000,0.000000,0.000000,0.000000,0.000000,0.000000,0.000000,0.000000,0.000000,0.000000,0.000000,0.000000,0.000000,0.000000,0.000000,0.000000,0.000000,0.000000,0.000000,0.000000,0.000000,0.000000,0.000000,0.000000,0.000000,0.000000,0.000000,0.000000,0.000000,0.000000,0.000000,0.000000,0.000000,0.000000,0.000000,0.000000,0.000000,0.000000,0.000000,295.026680,487.770153,-304.483383,302.218090,496.135888,-296.898777,306.446961,495.956690,-296.946478,310.850467,495.803030,-297.024001,292.833922,496.830808,-286.168192,289.836246,497.194807,-286.222531,289.186812,497.590646,-286.179824,319.940551,492.157164,-218.252956,293.887379,495.283283,-166.956825,302.338331,478.461450,-273.812439,289.897110,479.288295,-258.761856,352.636655,445.929703,-188.228434,267.314509,452.732128,-49.116857,405.768005,419.418022,-288.385969,210.669658,440.398417,10.383929,456.649463,404.214537,-476.232426,152.502204,444.009351,-44.996412,473.081365,399.921521,-510.904292,135.142368,443.752208,-52.476304,472.758717,401.275819,-540.228823,134.332856,446.647370,-85.012561,466.093115,402.415546,-493.746453,139.852195,445.966071,-61.431536,327.208546,331.909069,-69.621193,291.254340,333.589858,69.681839,327.084244,244.109998,-112.925847,297.832879,251.738667,186.003910,327.741013,150.395663,-74.750546,322.214122,182.252197,369.030479,338.726276,131.733614,-77.563107,333.256498,172.229751,381.520961,294.649247,125.377920,-201.329067,290.895567,160.930167,296.908237,
0.000000,0.000000,0.000000,0.000000,0.000000,0.000000,0.000000,0.000000,0.000000,0.000000,0.000000,0.000000,0.000000,0.000000,0.000000,0.000000,0.000000,0.000000,0.000000,0.000000,0.000000,0.000000,0.000000,0.000000,0.000000,0.000000,0.000000,0.000000,0.000000,0.000000,0.000000,0.000000,0.000000,0.000000,0.000000,0.000000,0.000000,0.000000,0.000000,0.000000,0.000000,0.000000,0.000000,0.000000,0.000000,0.000000,0.000000,0.000000,0.000000,0.000000,0.000000,0.000000,299.050160,487.642099,-338.491886,306.285512,496.144963,-329.138012,310.526133,495.975558,-329.190090,314.399654,495.827452,-329.259622,295.880781,496.857351,-320.079524,292.337106,497.248043,-320.149695,290.381705,497.727839,-320.128621,322.300568,492.215927,-242.273322,293.444398,495.768939,-198.442034,305.873794,478.176470,-304.406819,293.108882,478.993439,-291.641914,356.021614,445.961381,-200.102839,263.813566,452.655152,-83.025447,412.745634,424.833719,-260.476486,203.079622,441.234137,-35.521041,469.692894,413.684563,-399.052667,143.040753,444.697143,-103.929912,486.889913,410.867082,-424.816959,123.729808,444.785219,-113.227069,487.925747,411.715335,-453.263061,122.963353,447.870295,-145.515039,481.431596,412.247963,-414.965824,128.263723,447.289957,-120.467851,326.812666,330.860605,-66.538420,288.456025,333.026986,66.584337,327.879902,241.796711,-110.257868,298.317253,248.883122,226.879541,327.817003,150.408318,-73.917796,321.850987,182.794268,453.464212,338.569291,131.728660,-76.870288,332.052092,174.610377,470.802723,295.634974,125.340632,-214.995796,291.674415,161.475395,386.780507,
0.000000,0.000000,0.000000,0.000000,0.000000,0.000000,0.000000,0.000000,0.000000,0.000000,0.000000,0.000000,0.000000,0.000000,0.000000,0.000000,0.000000,0.000000,0.000000,0.000000,0.000000,0.000000,0.000000,0.000000,0.000000,0.000000,0.000000,0.000000,0.000000,0.000000,0.000000,0.000000,0.000000,0.000000,0.000000,0.000000,0.000000,0.000000,0.000000,0.000000,0.000000,0.000000,0.000000,0.000000,0.000000,0.000000,0.000000,0.000000,0.000000,0.000000,0.000000,0.000000,304.843067,486.299210,-390.149171,311.764713,495.221245,-378.638276,315.540603,495.101958,-378.679027,318.855629,495.062478,-378.768194,300.663028,496.397742,-374.218511,296.777330,497.033417,-374.335332,293.618690,497.625188,-374.315097,325.730215,492.189190,-276.201142,293.711532,495.784029,-254.532999,310.902145,476.501367,-349.073251,297.994885,477.699578,-342.743455,355.254459,446.343404,-216.334456,262.709804,452.236441,-132.838217,414.591290,431.479441,-250.125227,203.183690,440.404366,-88.783601,470.803075,423.363332,-392.258091,145.444076,444.178005,-157.195705,488.016923,421.459175,-403.580797,126.099755,443.426318,-167.640802,489.446224,422.074732,-419.824925,125.198187,446.114458,-203.001876,483.300111,421.722422,-386.072627,131.850366,445.575997,-174.568080,328.212362,331.148543,-60.944366,288.224990,333.037924,61.068257,327.561994,243.059263,-183.871269,298.073154,248.256084,220.245667,327.539661,150.043456,-192.032275,321.858270,185.026957,469.450251,337.638306,131.662147,-199.784918,331.970518,176.583535,489.229537,295.573291,125.347389,-352.556381,293.071218,161.803626,407.883374,
0.000000,0.000000,0.000000,0.000000,0.000000,0.000000,0.000000,0.000000,0.000000,0.000000,0.000000,0.000000,0.000000,0.000000,0.000000,0.000000,0.000000,0.000000,0.000000,0.000000,0.000000,0.000000,0.000000,0.000000,0.000000,0.000000,0.000000,0.000000,0.000000,0.000000,0.000000,0.000000,0.000000,0.000000,0.000000,0.000000,0.000000,0.000000,0.000000,0.000000,0.000000,0.000000,0.000000,0.000000,0.000000,0.000000,0.000000,0.000000,0.000000,0.000000,0.000000,0.000000,309.135893,485.711670,-345.847125,315.083565,494.575437,-334.118717,318.554341,494.463457,-334.153423,321.882277,494.419238,-334.223114,304.086703,495.922765,-330.837969,300.144413,496.719733,-330.937021,296.539322,497.449867,-330.905452,327.554393,492.200355,-234.392824,293.805702,495.796101,-216.360217,314.492578,475.802913,-305.759573,302.054809,477.192992,-300.719435,354.170965,448.308836,-190.596194,263.519685,451.831884,-99.741372,410.494986,436.256241,-242.505767,211.751966,439.147813,-49.169905,462.709804,432.113190,-383.975049,156.439675,442.038207,-108.442758,479.569719,431.558798,-412.544208,137.431783,441.879876,-120.739054,480.787052,432.157717,-439.411808,137.521373,444.882291,-155.510276,474.160521,431.059790,-397.969826,144.050513,443.992062,-125.493360,329.695365,331.075722,-59.592481,288.877266,333.000108,59.743090,327.933182,243.772019,-146.539533,298.208269,248.417314,211.429771,327.558090,150.563858,-147.492509,321.609590,186.157451,439.794281,337.487184,132.214771,-149.871688,331.029493,177.161203,457.323790,296.088596,125.609155,-264.695582,293.507348,161.989396,374.111680,
0.000000,0.000000,0.000000,0.000000,0.000000,0.000000,0.000000,0.000000,0.000000,0.000000,0.000000,0.000000,0.000000,0.000000,0.000000,0.000000,0.000000,0.000000,0.000000,0.000000,0.000000,0.000000,0.000000,0.000000,0.000000,0.000000,0.000000,0.000000,0.000000,0.000000,0.000000,0.000000,0.000000,0.000000,0.000000,0.000000,0.000000,0.000000,0.000000,0.000000,0.000000,0.000000,0.000000,0.000000,0.000000,0.000000,0.000000,0.000000,0.000000,0.000000,0.000000,0.000000,315.113607,485.535910,-298.929040,319.650035,494.340632,-284.212417,322.683134,494.210245,-284.231323,325.387841,494.154728,-284.290389,309.763890,495.775732,-283.447461,305.538331,496.664813,-283.536816,301.177857,497.454429,-283.530075,328.878956,492.211226,-182.405528,294.023829,495.949783,-174.033802,318.377051,475.835991,-258.157918,307.586053,477.065134,-256.752012,351.834921,450.723901,-103.033585,265.382070,450.639957,-78.666078,400.827707,441.755532,-53.926074,223.185585,437.523960,-158.723367,447.585384,440.584722,-99.760585,177.724013,439.518937,-375.944350,463.104648,440.335898,-110.311036,159.503352,439.598644,-412.377398,464.584804,440.422000,-132.067739,160.995748,442.137641,-436.970081,458.832450,439.140499,-110.361321,167.633386,441.060601,-392.685893,331.944656,331.604413,-51.493114,289.861157,332.965729,51.606389,328.161697,244.428187,-147.301405,297.887053,248.237928,180.900111,327.685499,150.624757,-124.480571,321.443630,187.251839,429.200237,337.647634,132.215833,-127.995950,329.474268,180.241377,448.495218,295.978671,125.303094,-264.974378,293.382695,162.092880,367.531471,
0.000000,0.000000,0.000000,0.000000,0.000000,0.000000,0.000000,0.000000,0.000000,0.000000,0.000000,0.000000,0.000000,0.000000,0.000000,0.000000,0.000000,0.000000,0.000000,0.000000,0.000000,0.000000,0.000000,0.000000,0.000000,0.000000,0.000000,0.000000,0.000000,0.000000,0.000000,0.000000,0.000000,0.000000,0.000000,0.000000,0.000000,0.000000,0.000000,0.000000,0.000000,0.000000,0.000000,0.000000,0.000000,0.000000,0.000000,0.000000,0.000000,0.000000,0.000000,0.000000,320.819025,484.892713,-268.076845,324.109566,493.530347,-236.922791,326.667746,493.455892,-236.953326,328.973226,493.468280,-237.010876,315.040247,494.884454,-257.805018,310.883341,495.691416,-257.817981,306.088672,496.503197,-257.921763,329.088097,492.170385,-111.481040,294.714725,495.498253,-168.565229,322.235349,475.753720,-208.446306,312.763264,476.414290,-236.213395,349.213274,452.642053,-48.779838,266.923237,450.271989,-63.109788,391.358287,443.582658,14.579022,233.287131,431.455331,-222.073291,431.788127,445.744181,1.896183,185.991656,436.931151,-507.722997,445.099332,447.115314,-0.568607,175.448723,437.400422,-555.644421,445.891561,447.176039,-18.168164,171.210491,440.967083,-567.628881,440.605318,445.530427,-5.278689,170.808539,439.869695,-520.827425,331.873053,332.217441,-43.201260,289.832278,332.913536,43.285472,327.810045,244.326144,-149.287409,298.013882,248.059084,151.828679,327.749203,150.675110,-123.623086,321.879080,187.696328,411.118673,338.193219,131.883268,-125.146735,329.498261,181.932552,430.314181,296.045874,124.778810,-248.041744,293.717290,161.874971,353.447099,
0.000000,0.000000,0.000000,0.000000,0.000000,0.000000,0.000000,0.000000,0.000000,0.000000,0.000000,0.000000,0.000000,0.000000,0.000000,0.000000,0.000000,0.000000,0.000000,0.000000,0.000000,0.000000,0.000000,0.000000,0.000000,0.000000,0.000000,0.000000,0.000000,0.000000,0.000000,0.000000,0.000000,0.000000,0.000000,0.000000,0.000000,0.000000,0.000000,0.000000,0.000000,0.000000,0.000000,0.000000,0.000000,0.000000,0.000000,0.000000,0.000000,0.000000,0.000000,0.000000,322.294531,483.551079,-247.110622,325.316847,492.268979,-225.111663,327.618960,492.297759,-225.158643,329.736153,492.400847,-225.215816,316.589998,493.450096,-247.829005,312.367492,494.142539,-247.813247,307.511770,494.850354,-248.078568,328.688268,491.932098,-110.590695,294.978015,494.205182,-154.642660,323.407147,475.042543,-194.731584,314.243922,475.075697,-222.385333,347.517593,455.823528,-55.958780,268.853967,450.297878,-84.116363,385.407052,448.154453,-53.459100,245.574108,424.045387,-272.435468,423.776558,451.209798,-127.683120,228.612691,435.674152,-557.026725,436.308659,451.646840,-139.189841,222.813147,436.269029,-606.244377,439.000888,453.176957,-153.724180,224.898215,440.033716,-609.335762,433.318629,452.106951,-135.047311,227.360724,438.675833,-566.164311,331.899904,333.086826,-36.492573,289.185977,332.895097,36.622499,327.735452,243.709247,-148.154588,297.720071,248.044451,144.337963,327.788108,150.061910,-116.994065,321.574213,187.702183,405.457079,338.253987,131.307647,-119.270769,328.704920,182.086164,426.213584,296.164440,124.774556,-245.253777,293.989090,161.344103,331.728264,
0.000000,0.000000,0.000000,0.000000,0.000000,0.000000,0.000000,0.000000,0.000000,0.000000,0.000000,0.000000,0.000000,0.000000,0.000000,0.000000,0.000000,0.000000,0.000000,0.000000,0.000000,0.000000,0.000000,0.000000,0.000000,0.000000,0.000000,0.000000,0.000000,0.000000,0.000000,0.000000,0.000000,0.000000,0.000000,0.000000,0.000000,0.000000,0.000000,0.000000,0.000000,0.000000,0.000000,0.000000,0.000000,0.000000,0.000000,0.000000,0.000000,0.000000,0.000000,0.000000,323.724817,483.359417,-180.809206,326.661086,491.834911,-167.337294,328.650690,491.906809,-167.358381,330.502792,492.038273,-167.368578,318.560897,492.981406,-180.210841,314.452638,493.696778,-180.234606,309.780108,494.400645,-180.341026,328.330814,491.873921,-67.033260,296.292543,493.979069,-121.582908,323.956837,474.982748,-138.919813,315.336587,475.019782,-156.218265,345.619557,457.218763,-26.829102,270.817160,453.564371,-97.074211,360.346943,449.426276,-58.035446,262.519868,437.767835,-322.904276,387.616363,451.902133,-131.707493,268.699503,440.262069,-542.351093,394.544911,453.438004,-141.475215,267.146111,439.638612,-584.247746,394.103676,455.011684,-149.895498,272.369768,442.522693,-580.051804,389.728615,453.496894,-137.095190,274.626562,441.820062,-547.314181,331.632771,333.658986,-25.125406,288.906145,332.992294,25.238248,327.582122,243.061118,-119.066480,296.386767,248.564454,158.531740,327.790611,149.307141,-114.392751,317.630187,190.271044,404.047807,338.302229,131.173206,-117.837502,324.655579,185.607703,423.781685,296.162040,124.821604,-239.467322,291.946528,161.999425,356.242652,
0.000000,0.000000,0.000000,0.000000,0.000000,0.000000,0.000000,0.000000,0.000000,0.000000,0.000000,0.000000,0.000000,0.000000,0.000000,0.000000,0.000000,0.000000,0.000000,0.000000,0.000000,0.000000,0.000000,0.000000,0.000000,0.000000,0.000000,0.000000,0.000000,0.000000,0.000000,0.000000,0.000000,0.000000,0.000000,0.000000,0.000000,0.000000,0.000000,0.000000,0.000000,0.000000,0.000000,0.000000,0.000000,0.000000,0.000000,0.000000,0.000000,0.000000,0.000000,0.000000,324.461096,483.097033,-165.435240,326.886220,491.684046,-150.410116,328.660989,491.762656,-150.419881,330.238273,491.902261,-150.438560,319.375486,492.674767,-163.824217,315.393164,493.384779,-163.853522,310.871183,494.099536,-163.917918,327.661698,491.716140,-44.566261,296.904645,493.710704,-104.398384,324.223829,474.923802,-121.852982,316.110027,474.979896,-139.317301,341.508427,457.515682,15.082919,270.099544,453.377280,-85.855815,341.596688,412.726521,63.634647,278.990384,417.978245,-185.445284,342.108536,354.039408,33.374500,305.864627,439.200075,-348.956112,345.750771,338.871030,26.440348,315.965867,442.980524,-382.926567,345.281260,339.343772,5.705660,313.194270,447.953466,-384.471379,340.996281,345.134672,24.673275,311.844239,445.513940,-353.000469,331.230694,333.797568,-22.042633,288.602414,332.727891,22.237310,327.609946,241.012834,-120.102284,295.832924,248.498065,140.663121,327.798346,149.330340,-102.693024,312.897980,193.925023,396.309069,338.180958,130.934750,-107.475538,319.668944,189.343433,422.927933,296.933677,124.693473,-235.382096,291.063021,161.732738,345.066365,
0.000000,0.000000,0.000000,0.000000,0.000000,0.000000,0.000000,0.000000,0.000000,0.000000,0.000000,0.000000,0.000000,0.000000,0.000000,0.000000,0.000000,0.000000,0.000000,0.000000,0.000000,0.000000,0.000000,0.000000,0.000000,0.000000,0.000000,0.000000,0.000000,0.000000,0.000000,0.000000,0.000000,0.000000,0.000000,0.000000,0.000000,0.000000,0.000000,0.000000,0.000000,0.000000,0.000000,0.000000,0.000000,0.000000,0.000000,0.000000,0.000000,0.000000,0.000000,0.000000,325.510956,482.677301,-132.384056,327.106664,491.599350,-118.351341,328.478423,491.693975,-118.347729,329.771422,491.852666,-118.320257,320.613993,492.538560,-133.869503,317.024037,493.264494,-133.901573,312.895645,494.014156,-133.979311,326.719194,491.520750,-26.727793,298.715965,493.624345,-95.515480,324.129596,474.238918,-94.312936,317.054966,474.605269,-114.609503,334.303062,456.896313,26.743691,270.700975,453.989640,-71.553649,329.932268,393.036154,71.401982,280.735260,413.134941,-149.585026,325.282799,333.572047,33.774180,324.525729,438.554447,-252.107601,327.793755,316.864734,26.826190,338.060445,442.387158,-279.973859,327.515401,317.699603,6.518700,337.340819,448.378564,-272.646108,323.320855,324.788195,25.188727,331.807105,446.604373,-248.627268,330.964937,333.432351,-15.912898,288.033788,331.768414,16.083902,327.997119,240.395319,-102.975854,293.820859,248.631656,129.899373,328.066587,149.772973,-86.557459,310.045441,197.947376,376.046199,338.072481,132.405112,-92.320137,317.591757,193.318596,399.275122,298.458951,124.684714,-213.738366,289.376610,162.288907,334.263214,
0.000000,0.000000,0.000000,0.000000,0.000000,0.000000,0.000000,0.000000,0.000000,0.000000,0.000000,0.000000,0.000000,0.000000,0.000000,0.000000,0.000000,0.000000,0.000000,0.000000,0.000000,0.000000,0.000000,0.000000,0.000000,0.000000,0.000000,0.000000,0.000000,0.000000,0.000000,0.000000,0.000000,0.000000,0.000000,0.000000,0.000000,0.000000,0.000000,0.000000,0.000000,0.000000,0.000000,0.000000,0.000000,0.000000,0.000000,0.000000,0.000000,0.000000,0.000000,0.000000,326.682709,482.347542,-155.672487,328.011890,491.228048,-141.802159,329.240518,491.273213,-141.792707,330.459169,491.352952,-141.765986,321.936546,492.144610,-155.893197,318.496901,492.798517,-155.929773,314.578289,493.482653,-156.022022,326.417784,490.868764,-48.607542,300.427350,493.082276,-103.264036,325.210653,473.478972,-117.326783,318.291961,474.101666,-135.912192,332.597135,454.223098,1.254667,271.227227,454.440798,-89.661137,324.803385,379.941752,23.241391,288.647906,415.540979,-202.047848,319.059054,323.465352,-33.799455,342.972155,440.006453,-330.247346,320.457460,304.878631,-44.020376,357.347901,442.365637,-363.549500,320.161036,305.405331,-64.097558,359.120398,447.374348,-357.899600,316.570258,313.215494,-42.655953,351.792214,445.948340,-329.410981,330.761145,332.652505,-15.701013,287.965075,331.410564,15.849176,327.826621,239.820785,-105.874963,292.518785,248.647373,121.474645,328.106630,149.782990,-88.404350,307.662169,200.168355,366.879808,338.069816,132.297559,-96.801805,316.088249,194.550377,388.396251,298.708083,124.422197,-215.655805,287.350918,162.308509,329.341383,
0.000000,0.000000,0.000000,0.000000,0.000000,0.000000,0.000000,0.000000,0.000000,0.000000,0.000000,0.000000,0.000000,0.000000,0.000000,0.000000,0.000000,0.000000,0.000000,0.000000,0.000000,0.000000,0.000000,0.000000,0.000000,0.000000,0.000000,0.000000,0.000000,0.000000,0.000000,0.000000,0.000000,0.000000,0.000000,0.000000,0.000000,0.000000,0.000000,0.000000,0.000000,0.000000,0.000000,0.000000,0.000000,0.000000,0.000000,0.000000,0.000000,0.000000,0.000000,0.000000,327.884937,482.271798,-174.695638,328.802674,491.158855,-162.194175,329.903372,491.157362,-162.196515,330.864764,491.174859,-162.197522,322.839798,492.112130,-170.003654,319.394163,492.758422,-170.043117,315.422550,493.469292,-170.088810,326.251702,490.644580,-64.962103,301.222025,493.036543,-121.492612,326.503732,473.112146,-137.396900,319.519617,473.873535,-145.039544,332.280795,451.558867,-6.320385,271.333160,454.737658,-114.189567,324.991970,380.262196,15.544101,302.013723,423.904118,-227.778090,314.060835,327.010523,-42.330575,361.963124,442.451936,-336.963313,313.180199,308.838255,-54.467796,378.527863,443.518551,-372.101605,312.240536,310.276571,-73.780130,381.353837,448.375483,-366.491332,310.225634,317.678543,-51.056434,375.197145,446.908748,-336.207043,330.591777,331.699525,-11.727429,287.763915,330.420146,11.843964,327.764460,239.774092,-100.770134,291.408548,248.689645,124.627931,327.991507,149.798281,-86.404925,304.986516,199.864385,365.715627,337.248108,132.107926,-93.064917,313.030049,193.635195,386.132515,298.607758,124.425451,-214.762517,285.195886,162.347259,324.129336,
0.000000,0.000000,0.000000,0.000000,0.000000,0.000000,0.000000,0.000000,0.000000,0.000000,0.000000,0.000000,0.000000,0.000000,0.000000,0.000000,0.000000,0.000000,0.000000,0.000000,0.000000,0.000000,0.000000,0.000000,0.000000,0.000000,0.000000,0.000000,0.000000,0.000000,0.000000,0.000000,0.000000,0.000000,0.000000,0.000000,0.000000,0.000000,0.000000,0.000000,0.000000,0.000000,0.000000,0.000000,0.000000,0.000000,0.000000,0.000000,0.000000,0.000000,0.000000,0.000000,328.237839,482.291885,-178.411171,329.063454,491.199312,-162.744579,330.114024,491.195476,-162.737970,330.947368,491.212056,-162.738994,323.030053,492.152293,-175.231725,319.701715,492.799191,-175.263365,315.739882,493.510678,-175.308282,325.572334,490.638410,-60.870306,301.562188,492.955291,-123.405766,327.082215,473.175757,-137.873342,319.747149,473.882481,-152.597223,331.462411,449.546155,3.488906,271.382710,454.943043,-113.498081,325.186737,383.197937,29.747896,309.856991,428.784599,-209.138860,310.158379,340.032677,-29.430530,375.508655,445.406017,-316.175796,310.786646,311.662019,-42.551207,393.679417,446.316288,-341.706961,309.560830,313.637566,-61.185395,395.555662,450.922987,-362.356680,308.247819,321.098183,-38.016881,388.893116,449.854986,-327.300625,330.503650,330.623568,-6.481044,287.544830,329.613498,6.567067,327.749068,239.330359,-89.347759,291.267060,248.230612,112.632140,327.625890,149.534389,-61.381195,303.314949,200.070284,368.632206,335.929323,131.512847,-65.668282,311.524409,194.073675,389.075372,299.146824,124.209481,-188.180102,285.039366,162.378259,324.591313,
0.000000,0.000000,0.000000,0.000000,0.000000,0.000000,0.000000,0.000000,0.000000,0.000000,0.000000,0.000000,0.000000,0.000000,0.000000,0.000000,0.000000,0.000000,0.000000,0.000000,0.000000,0.000000,0.000000,0.000000,0.000000,0.000000,0.000000,0.000000,0.000000,0.000000,0.000000,0.000000,0.000000,0.000000,0.000000,0.000000,0.000000,0.000000,0.000000,0.000000,0.000000,0.000000,0.000000,0.000000,0.000000,0.000000,0.000000,0.000000,0.000000,0.000000,0.000000,0.000000,327.899682,482.339591,-203.443628,328.964020,491.187591,-184.318609,330.144920,491.192457,-184.305905,331.068954,491.218443,-184.307621,322.469446,492.106542,-199.487130,319.049930,492.751684,-199.505946,315.020987,493.464078,-199.547260,325.441791,490.581409,-67.008002,301.462253,492.689016,-142.080180,327.226181,473.227919,-159.440848,319.454243,473.765433,-178.409605,331.011596,449.075246,-15.203935,271.741518,455.101829,-125.485272,325.307308,385.797312,6.438107,311.934884,430.618125,-210.439767,310.475573,343.174276,-48.615213,383.121798,447.058300,-301.926574,309.729404,317.623298,-61.442636,401.910956,447.748976,-336.159649,308.051136,320.231366,-80.580105,403.167886,452.725031,-328.862204,307.092358,327.053992,-57.060757,396.311073,452.068357,-298.363709,330.222747,329.956667,-8.644656,287.540847,329.093443,8.727148,327.660267,239.249343,-91.322349,290.422592,247.911944,123.624734,327.495978,149.523316,-67.371225,302.148545,200.977314,369.465514,335.704639,131.491266,-71.695802,310.763591,196.217032,390.504760,299.077941,124.186958,-193.431722,284.497328,162.400596,333.108271,
0.000000,0.000000,0.000000,0.000000,0.000000,0.000000,0.000000,0.000000,0.000000,0.000000,0.000000,0.000000,0.000000,0.000000,0.000000,0.000000,0.000000,0.000000,0.000000,0.000000,0.000000,0.000000,0.000000,0.000000,0.000000,0.000000,0.000000,0.000000,0.000000,0.000000,0.000000,0.000000,0.000000,0.000000,0.000000,0.000000,0.000000,0.000000,0.000000,0.000000,0.000000,0.000000,0.000000,0.000000,0.000000,0.000000,0.000000,0.000000,0.000000,0.000000,0.000000,0.000000,327.399327,482.415754,-209.452934,328.659151,491.210277,-190.715927,329.910861,491.213967,-190.713116,330.901890,491.239860,-190.715037,321.996578,492.127497,-205.195330,318.564619,492.763476,-205.215314,314.545968,493.497317,-205.255780,325.389847,490.583172,-73.960268,301.417090,492.705730,-146.425692,326.804752,473.322912,-166.111036,318.904940,473.786681,-184.488969,331.260057,449.165550,-21.279108,272.028565,455.118398,-126.468814,327.261168,387.327879,-5.111718,311.386792,430.699912,-209.544060,309.821960,338.042650,-60.522947,384.456978,447.300740,-286.415888,306.944081,318.786959,-73.952827,403.527352,448.160950,-320.365221,304.843037,321.665498,-92.302670,404.489254,453.374998,-310.180404,304.349440,328.455359,-68.553953,397.267511,452.750986,-281.838549,330.112589,329.356271,-9.617535,287.540847,328.700901,9.709138,327.549562,239.293253,-93.134292,289.251808,247.929558,127.781217,327.338537,149.311623,-71.984331,301.556499,202.527901,369.704478,335.498080,131.138181,-76.376655,310.317337,198.052444,392.031165,298.750565,123.924441,-196.839870,283.621632,162.527330,337.852418,
0.000000,0.000000,0.000000,0.000000,0.000000,0.000000,0.000000,0.000000,0.000000,0.000000,0.000000,0.000000,0.000000,0.000000,0.000000,0.000000,0.000000,0.000000,0.000000,0.000000,0.000000,0.000000,0.000000,0.000000,0.000000,0.000000,0.000000,0.000000,0.000000,0.000000,0.000000,0.000000,0.000000,0.000000,0.000000,0.000000,0.000000,0.000000,0.000000,0.000000,0.000000,0.000000,0.000000,0.000000,0.000000,0.000000,0.000000,0.000000,0.000000,0.000000,0.000000,0.000000,327.116219,482.779828,-192.837297,328.398370,491.264347,-174.203809,329.654333,491.261515,-174.189731,330.671712,491.279311,-174.182098,321.889444,492.180931,-191.138220,318.456458,492.815701,-191.164222,314.490141,493.557604,-191.215667,325.125345,490.589929,-66.174487,301.351748,492.745428,-144.664913,326.453998,473.659205,-149.307949,318.586564,473.924231,-171.258878,331.212670,449.187772,-5.234420,272.279731,455.337245,-120.709293,327.205520,388.436494,15.178305,310.110223,430.894715,-213.500098,306.630789,339.322947,-42.895641,380.414786,447.566897,-288.423571,301.013865,326.809467,-56.263446,398.896752,448.124057,-321.443865,300.987926,324.457648,-73.336654,400.237898,453.507456,-313.139146,301.033997,331.372335,-50.527050,393.124799,452.866235,-284.771586,330.029282,328.672652,-3.672826,287.365579,328.282107,3.747374,327.527657,238.118520,-92.837533,289.144736,247.193587,103.276062,327.319881,149.216189,-57.658555,301.174634,202.973853,367.376117,335.273929,131.375576,-60.368222,309.343256,198.409429,390.317193,298.703043,123.629140,-179.224468,283.283287,162.552631,335.619530,
0.000000,0.000000,0.000000,0.000000,0.000000,0.000000,0.000000,0.000000,0.000000,0.000000,0.000000,0.000000,0.000000,0.000000,0.000000,0.000000,0.000000,0.000000,0.000000,0.000000,0.000000,0.000000,0.000000,0.000000,0.000000,0.000000,0.000000,0.000000,0.000000,0.000000,0.000000,0.000000,0.000000,0.000000,0.000000,0.000000,0.000000,0.000000,0.000000,0.000000,0.000000,0.000000,0.000000,0.000000,0.000000,0.000000,0.000000,0.000000,0.000000,0.000000,0.000000,0.000000,326.915684,482.740073,-194.041054,328.184493,491.214437,-174.546683,329.442744,491.206043,-174.541676,330.488870,491.212807,-174.543079,321.792469,492.106193,-192.889802,318.397205,492.724055,-192.925055,314.483286,493.478742,-192.976238,324.826669,490.494438,-71.144001,301.300819,492.754017,-142.209981,326.215799,473.632488,-150.405467,318.533926,473.888445,-172.330241,331.398375,449.231270,-12.275390,272.115704,455.627202,-121.568282,329.208845,388.044399,4.204414,304.771528,430.801031,-226.498509,309.341362,334.695786,-56.264278,366.487028,447.095193,-317.934739,302.462877,325.113620,-68.892358,384.251400,447.776646,-352.531923,302.093238,324.441624,-86.907038,386.558875,452.802041,-345.837037,301.049611,332.678501,-64.444265,379.245325,451.964929,-316.105007,329.838571,328.460136,-6.994343,286.568905,328.302421,7.094460,327.396824,238.083578,-95.197339,289.144099,246.912856,109.090348,327.181096,148.981032,-64.596765,301.303136,202.834798,368.227807,335.054309,131.261654,-68.123457,309.765517,198.545012,390.782876,298.321424,123.103355,-188.845801,283.097088,162.550124,335.518843,
0.000000,0.000000,0.000000,0.000000,0.000000,0.000000,0.000000,0.000000,0.000000,0.000000,0.000000,0.000000,0.000000,0.000000,0.000000,0.000000,0.000000,0.000000,0.000000,0.000000,0.000000,0.000000,0.000000,0.000000,0.000000,0.000000,0.000000,0.000000,0.000000,0.000000,0.000000,0.000000,0.000000,0.000000,0.000000,0.000000,0.000000,0.000000,0.000000,0.000000,0.000000,0.000000,0.000000,0.000000,0.000000,0.000000,0.000000,0.000000,0.000000,0.000000,0.000000,0.000000,326.639457,482.755138,-194.211665,328.058793,491.226914,-175.448985,329.337886,491.218118,-175.444101,330.391416,491.224455,-175.463581,321.673329,492.120162,-192.916476,318.216624,492.757749,-192.951734,314.290340,493.550761,-193.002914,324.792496,490.495613,-71.882797,301.130738,492.868235,-140.748309,326.122439,473.726633,-151.281780,318.331015,474.084892,-172.280410,332.110459,450.064817,-14.144674,271.961929,455.997931,-115.499525,329.310866,386.330722,3.426124,298.249926,425.293018,-212.401791,307.269985,333.892121,-61.156924,357.140769,446.689369,-310.970033,299.919056,326.217708,-76.223360,372.522464,447.536840,-345.443692,301.408484,319.722610,-94.741791,374.275905,452.395426,-340.450610,300.617614,327.312941,-68.846507,367.879281,451.435965,-310.274702,329.360072,328.564165,-9.177352,286.027168,328.753407,9.266425,326.758048,238.130270,-98.330431,288.297719,247.393567,115.048329,327.106926,148.817846,-73.105658,300.877571,202.395677,364.398265,334.912249,131.214954,-77.476505,309.437625,198.146919,385.518072,298.369906,123.087589,-201.226651,282.602225,162.629446,324.016803,
0.000000,0.000000,0.000000,0.000000,0.000000,0.000000,0.000000,0.000000,0.000000,0.000000,0.000000,0.000000,0.000000,0.000000,0.000000,0.000000,0.000000,0.000000,0.000000,0.000000,0.000000,0.000000,0.000000,0.000000,0.000000,0.000000,0.000000,0.000000,0.000000,0.000000,0.000000,0.000000,0.000000,0.000000,0.000000,0.000000,0.000000,0.000000,0.000000,0.000000,0.000000,0.000000,0.000000,0.000000,0.000000,0.000000,0.000000,0.000000,0.000000,0.000000,0.000000,0.000000,326.504784,482.449651,-189.444030,327.973430,491.032189,-173.581220,329.267669,491.044153,-173.567058,330.336656,491.060263,-173.559406,321.536640,491.882325,-189.351074,318.092474,492.521222,-189.394495,314.191418,493.309287,-189.463987,324.667421,490.321378,-72.994150,301.104793,492.836663,-139.613961,325.458449,473.409848,-147.827576,318.235926,473.950697,-167.612920,332.096371,450.994343,-17.389217,271.394670,456.309979,-114.601881,328.148443,385.228077,-0.761076,290.319934,425.172567,-217.637410,310.268916,332.006466,-66.559507,343.406743,446.431118,-343.572678,307.024582,315.879793,-84.400247,359.798380,447.441532,-380.384049,306.185586,315.780752,-103.182629,359.873003,452.102787,-375.576187,304.505583,323.207850,-74.836899,352.787577,451.140455,-343.539636,328.626143,328.660763,-10.939576,285.751320,328.871232,11.077387,325.443792,238.143258,-100.002555,288.016017,248.839224,115.548597,326.550878,148.737967,-72.095639,300.691841,202.994346,365.960718,333.837072,131.263423,-76.008596,309.225427,198.058213,386.837507,298.295023,122.881379,-199.041795,282.773115,162.984802,324.538008,
0.000000,0.000000,0.000000,0.000000,0.000000,0.000000,0.000000,0.000000,0.000000,0.000000,0.000000,0.000000,0.000000,0.000000,0.000000,0.000000,0.000000,0.000000,0.000000,0.000000,0.000000,0.000000,0.000000,0.000000,0.000000,0.000000,0.000000,0.000000,0.000000,0.000000,0.000000,0.000000,0.000000,0.000000,0.000000,0.000000,0.000000,0.000000,0.000000,0.000000,0.000000,0.000000,0.000000,0.000000,0.000000,0.000000,0.000000,0.000000,0.000000,0.000000,0.000000,0.000000,325.899246,482.615367,-226.807887,327.810208,491.268128,-210.422194,329.208686,491.336611,-210.449130,330.295818,491.396912,-210.478758,320.741446,491.951476,-222.426625,316.882017,492.538406,-222.441242,312.664502,493.323299,-222.479148,324.959262,490.509129,-92.272325,300.116014,492.845020,-146.166090,325.080647,473.920012,-178.787794,317.356361,474.114713,-194.388699,333.789491,453.763063,-32.530419,269.791994,457.422513,-119.206062,355.805455,440.457835,-91.027163,284.394989,435.816833,-314.661642,386.967555,443.322749,-218.906839,322.426093,447.814608,-511.898268,401.151332,444.541757,-244.049883,334.540038,449.433767,-556.029651,401.862423,446.358824,-256.389014,334.858947,453.821659,-550.521284,395.537147,445.195318,-227.577982,331.162065,452.644602,-514.102901,327.687046,328.837241,-13.804496,285.129915,329.124696,14.021872,324.922234,238.480309,-110.314937,288.180449,250.249925,153.553008,326.042380,148.676541,-80.373671,300.944163,203.229520,424.794732,333.843469,130.688511,-84.807388,309.535726,198.019990,447.634998,297.800599,122.878126,-213.596123,283.094277,164.037193,379.726476,
0.000000,0.000000,0.000000,0.000000,0.000000,0.000000,0.000000,0.000000,0.000000,0.000000,0.000000,0.000000,0.000000,0.000000,0.000000,0.000000,0.000000,0.000000,0.000000,0.000000,0.000000,0.000000,0.000000,0.000000,0.000000,0.000000,0.000000,0.000000,0.000000,0.000000,0.000000,0.000000,0.000000,0.000000,0.000000,0.000000,0.000000,0.000000,0.000000,0.000000,0.000000,0.000000,0.000000,0.000000,0.000000,0.000000,0.000000,0.000000,0.000000,0.000000,0.000000,0.000000,324.084601,482.630851,-264.655142,326.512872,491.275312,-249.852773,328.423185,491.340384,-249.876038,329.930133,491.400669,-249.915954,318.161914,491.946936,-259.556599,313.893966,492.508419,-259.569921,309.452982,493.207613,-259.637875,325.372077,490.564661,-135.949736,298.397903,492.628425,-178.892874,324.355580,473.968781,-218.247397,315.890985,474.093838,-231.388108,336.900374,454.840103,-62.234233,267.246164,457.374187,-153.415298,371.510532,448.148482,11.707131,273.877170,443.574745,-399.945717,411.780831,449.219771,74.417593,292.177724,455.946896,-662.616653,426.015306,451.035223,90.801797,297.598778,461.402549,-713.261261,426.157708,451.658701,72.508019,299.429071,466.032428,-704.717255,420.499262,449.985860,69.977361,298.548637,461.462628,-666.638718,326.626774,328.918606,-18.992687,284.196811,329.223457,19.034329,324.009359,238.540917,-110.463317,289.326376,250.207653,193.052901,325.438099,148.655714,-73.369500,301.253192,201.026106,480.473204,333.819748,130.669406,-77.091124,309.623164,194.111176,503.989098,297.288414,122.786282,-214.017163,283.378573,163.921400,423.993337,
0.000000,0.000000,0.000000,0.000000,0.000000,0.000000,0.000000,0.000000,0.000000,0.000000,0.000000,0.000000,0.000000,0.000000,0.000000,0.000000,0.000000,0.000000,0.000000,0.000000,0.000000,0.000000,0.000000,0.000000,0.000000,0.000000,0.000000,0.000000,0.000000,0.000000,0.000000,0.000000,0.000000,0.000000,0.000000,0.000000,0.000000,0.000000,0.000000,0.000000,0.000000,0.000000,0.000000,0.000000,0.000000,0.000000,0.000000,0.000000,0.000000,0.000000,0.000000,0.000000,319.571579,482.920854,-264.086438,323.333791,491.564942,-249.933980,326.195884,491.618125,-249.966281,328.601044,491.676827,-250.015224,313.049953,492.185122,-253.217119,308.599744,492.671157,-253.246929,304.248341,493.252258,-253.298040,325.981731,490.795016,-141.544385,295.353732,492.555994,-165.399213,322.071314,474.085826,-220.850812,312.282729,474.239961,-225.541287,342.524042,454.747907,-72.791238,267.649396,456.881261,-149.631452,388.538793,448.015130,3.402776,260.958846,446.361467,-353.155704,429.370719,447.494153,15.237256,260.416152,458.047166,-646.821693,446.768379,450.141627,24.615018,259.484049,462.767599,-696.561542,446.150366,450.512998,7.627392,263.999194,465.219198,-695.935861,439.330148,448.230343,10.296332,267.675704,462.284146,-655.729250,325.378545,329.033410,-29.348179,283.921959,330.664547,29.311798,322.450604,238.964550,-115.299921,289.304070,254.635943,196.855471,325.302500,148.651760,-92.704144,301.355161,200.960237,458.359898,334.137983,130.545579,-99.404204,309.651955,192.831797,478.887496,294.982143,122.685680,-246.716037,283.023984,165.068841,398.608300,
0.000000,0.000000,0.000000,0.000000,0.000000,0.000000,0.000000,0.000000,0.000000,0.000000,0.000000,0.000000,0.000000,0.000000,0.000000,0.000000,0.000000,0.000000,0.000000,0.000000,0.000000,0.000000,0.000000,0.000000,0.000000,0.000000,0.000000,0.000000,0.000000,0.000000,0.000000,0.000000,0.000000,0.000000,0.000000,0.000000,0.000000,0.000000,0.000000,0.000000,0.000000,0.000000,0.000000,0.000000,0.000000,0.000000,0.000000,0.000000,0.000000,0.000000,0.000000,0.000000,316.738530,483.177799,-256.807026,320.569332,491.907130,-241.623782,323.581919,491.997377,-241.673003,326.634326,492.118678,-241.730706,310.257076,492.647526,-244.316950,305.841180,493.210585,-244.353832,301.821337,493.767142,-244.370698,326.169685,491.204600,-130.569780,294.216972,492.751000,-146.865887,320.519968,474.188028,-212.725775,308.995395,474.396149,-216.571734,347.294747,454.724740,-60.916833,267.082138,456.838113,-90.266724,401.340904,447.382204,-41.761399,245.529012,443.604486,-283.365222,447.546937,448.892738,-93.200306,230.408639,458.951046,-540.752053,462.326475,449.772274,-100.175258,221.725963,464.701419,-584.690761,463.835349,450.737332,-112.998245,226.219583,466.962714,-591.260883,457.260607,449.410843,-100.094067,231.648013,463.897632,-550.926825,324.763725,329.241468,-33.453072,283.623206,330.782685,33.455172,322.085336,239.491464,-114.041548,289.340398,254.938352,184.758562,324.991941,148.811783,-89.669966,304.923046,200.541608,441.687606,333.181145,131.935629,-95.654325,312.509153,191.747137,463.196569,294.843176,122.576819,-234.443291,283.079906,165.860698,394.053682,
0.000000,0.000000,0.000000,0.000000,0.000000,0.000000,0.000000,0.000000,0.000000,0.000000,0.000000,0.000000,0.000000,0.000000,0.000000,0.000000,0.000000,0.000000,0.000000,0.000000,0.000000,0.000000,0.000000,0.000000,0.000000,0.000000,0.000000,0.000000,0.000000,0.000000,0.000000,0.000000,0.000000,0.000000,0.000000,0.000000,0.000000,0.000000,0.000000,0.000000,0.000000,0.000000,0.000000,0.000000,0.000000,0.000000,0.000000,0.000000,0.000000,0.000000,0.000000,0.000000,313.310757,483.308781,-248.285943,318.195106,492.320402,-234.468531,321.240397,492.440403,-234.516781,324.517251,492.661976,-234.574253,307.497448,493.010743,-236.225888,303.545356,493.546170,-236.261115,299.919302,494.110290,-236.288074,326.326200,491.853354,-133.373419,293.836451,493.027954,-128.800973,318.464303,474.234253,-207.850753,306.283685,474.400995,-209.719991,351.117714,454.050053,-78.728441,267.157317,456.005525,-58.857792,408.497844,447.097586,-86.855528,234.879373,447.836615,-195.820554,459.364842,447.932515,-157.755662,205.160650,464.653661,-479.650965,477.686003,449.283774,-172.431632,191.054708,469.826505,-522.341291,479.077863,450.324718,-192.084906,194.110360,472.963364,-546.633193,471.558132,448.759664,-168.663166,200.535970,470.307249,-543.665769,324.514493,329.259673,-44.284558,283.690924,331.218044,44.297174,321.700531,240.318941,-105.583911,290.148538,254.942146,185.205610,324.316447,148.855018,-86.611052,306.976998,199.637506,437.177938,332.550538,132.104388,-92.463031,314.348018,190.127359,451.852016,294.648767,122.271008,-230.312548,283.118020,167.043470,387.793303,
0.000000,0.000000,0.000000,0.000000,0.000000,0.000000,0.000000,0.000000,0.000000,0.000000,0.000000,0.000000,0.000000,0.000000,0.000000,0.000000,0.000000,0.000000,0.000000,0.000000,0.000000,0.000000,0.000000,0.000000,0.000000,0.000000,0.000000,0.000000,0.000000,0.000000,0.000000,0.000000,0.000000,0.000000,0.000000,0.000000,0.000000,0.000000,0.000000,0.000000,0.000000,0.000000,0.000000,0.000000,0.000000,0.000000,0.000000,0.000000,0.000000,0.000000,0.000000,0.000000,307.451988,483.314222,-327.392678,313.890354,492.515506,-316.993033,317.597510,492.639652,-317.043462,321.366234,492.905069,-317.112605,302.765074,493.121803,-309.605599,299.275367,493.611871,-309.700306,296.647058,494.135382,-309.645218,325.955760,492.130426,-225.306255,293.354073,493.084134,-186.805092,314.666210,474.224923,-291.840662,301.598047,474.357754,-280.853535,354.255493,451.978714,-182.113205,267.155608,455.956164,-69.290213,414.779875,447.065741,-232.792707,225.894825,455.084470,58.197606,470.437821,449.351975,-357.940663,185.572776,474.219508,110.181518,489.385434,449.819932,-382.166554,169.172965,478.502566,118.180570,490.357432,450.885552,-414.414511,169.935085,481.915053,96.779369,483.399002,449.582206,-376.780553,175.707504,479.843365,101.656061,324.591603,329.187224,-64.853787,284.198803,331.213981,64.942735,321.654355,240.471387,-133.893026,293.063706,253.507599,211.969955,323.280568,149.036658,-99.477454,310.579219,195.111139,462.495803,331.437514,132.986039,-102.552197,319.143782,185.787277,481.481091,294.370353,121.974456,-240.047674,282.968374,167.092932,410.951374,
0.000000,0.000000,0.000000,0.000000,0.000000,0.000000,0.000000,0.000000,0.000000,0.000000,0.000000,0.000000,0.000000,0.000000,0.000000,0.000000,0.000000,0.000000,0.000000,0.000000,0.000000,0.000000,0.000000,0.000000,0.000000,0.000000,0.000000,0.000000,0.000000,0.000000,0.000000,0.000000,0.000000,0.000000,0.000000,0.000000,0.000000,0.000000,0.000000,0.000000,0.000000,0.000000,0.000000,0.000000,0.000000,0.000000,0.000000,0.000000,0.000000,0.000000,0.000000,0.000000,302.192859,483.399591,-334.842701,309.181299,492.707206,-327.270248,313.390074,492.886449,-327.313048,317.272231,493.196255,-327.400569,299.164073,493.161268,-316.042884,296.724660,493.621306,-316.130015,294.413979,494.135056,-316.082863,324.729617,492.380466,-249.553943,293.269512,493.101081,-195.106713,310.404807,474.270723,-304.313232,298.146007,474.402113,-288.494265,355.105895,451.034531,-215.773671,267.273502,455.984469,-73.198613,415.314713,446.199946,-266.539366,218.901447,461.968000,55.393191,470.846329,448.753576,-384.223127,168.053122,485.131952,92.343340,490.297775,449.768302,-408.344464,152.571832,489.801120,99.362086,491.290207,451.021754,-439.293548,152.516018,493.565187,76.371636,484.465981,449.673599,-402.135238,157.062521,491.844036,82.251517,324.622585,328.466823,-73.439594,286.232311,331.264298,73.486494,319.695995,240.470150,-122.767410,295.058562,253.397853,236.270212,322.954083,149.274714,-77.228184,313.276203,191.675257,468.941688,331.473495,132.854782,-78.139012,321.606443,183.037405,487.185707,292.584667,121.946678,-210.682982,282.903392,167.059197,415.482301,
0.000000,0.000000,0.000000,0.000000,0.000000,0.000000,0.000000,0.000000,0.000000,0.000000,0.000000,0.000000,0.000000,0.000000,0.000000,0.000000,0.000000,0.000000,0.000000,0.000000,0.000000,0.000000,0.000000,0.000000,0.000000,0.000000,0.000000,0.000000,0.000000,0.000000,0.000000,0.000000,0.000000,0.000000,0.000000,0.000000,0.000000,0.000000,0.000000,0.000000,0.000000,0.000000,0.000000,0.000000,0.000000,0.000000,0.000000,0.000000,0.000000,0.000000,0.000000,0.000000,298.071077,483.506302,-314.511531,305.199240,492.973772,-308.394099,309.514064,493.296267,-308.434337,313.579183,493.739553,-308.494179,296.457089,493.204924,-296.055293,294.561450,493.643543,-296.120548,292.574627,494.142226,-296.085261,323.161056,492.895826,-234.683291,293.275278,493.266139,-178.667133,306.783836,474.573514,-284.753588,295.609191,474.758102,-267.523781,354.456567,451.012782,-200.717033,268.283291,457.412157,-51.702414,410.170373,446.112371,-283.583919,219.640330,467.446273,69.692509,459.239887,450.033873,-436.512414,166.958798,492.948013,96.376474,477.567936,451.396633,-465.033589,150.259408,497.705497,102.289834,479.088647,453.112862,-489.642925,149.137914,501.192297,79.159682,471.667432,451.790882,-452.329157,154.098675,499.137228,85.899929,325.174064,328.451219,-75.549488,289.126226,331.873738,75.578236,318.962498,240.393154,-114.189927,297.301342,253.378885,238.774214,322.968644,150.344783,-62.333499,316.095965,189.424515,466.276327,332.233368,133.058566,-62.550600,324.072303,180.604132,484.268721,292.405618,122.274511,-193.528448,283.001802,167.042330,412.058934,
0.000000,0.000000,0.000000,0.000000,0.000000,0.000000,0.000000,0.000000,0.000000,0.000000,0.000000,0.000000,0.000000,0.000000,0.000000,0.000000,0.000000,0.000000,0.000000,0.000000,0.000000,0.000000,0.000000,0.000000,0.000000,0.000000,0.000000,0.000000,0.000000,0.000000,0.000000,0.000000,0.000000,0.000000,0.000000,0.000000,0.000000,0.000000,0.000000,0.000000,0.000000,0.000000,0.000000,0.000000,0.000000,0.000000,0.000000,0.000000,0.000000,0.000000,0.000000,0.000000,294.956886,484.192184,-280.863208,301.424492,493.489511,-282.173215,305.431147,493.802691,-282.128675,309.761765,494.231751,-282.178649,294.365202,493.620528,-254.435224,292.715197,494.053252,-254.474176,290.916469,494.514376,-254.445079,321.218637,493.127944,-197.686623,293.261825,493.652899,-121.199149,302.721368,475.107851,-269.320272,293.817798,475.652734,-225.699085,353.827730,450.744232,-164.929143,269.894510,458.234390,-4.621228,405.520681,446.548254,-305.189253,219.817246,473.842052,68.242317,445.163170,452.608384,-520.059503,166.183870,502.624539,39.930369,462.170841,453.827215,-559.698492,149.827986,507.602109,37.590462,462.374181,456.349673,-570.769579,148.931091,511.132800,13.555270,455.902160,455.313339,-532.057104,154.076432,509.169801,27.346492,326.995804,329.355900,-79.537994,293.420295,333.446718,79.549279,318.693135,240.448196,-116.133130,299.502058,253.002499,222.456958,323.667572,150.713072,-66.270511,317.673888,186.150132,434.114304,334.128388,133.032386,-63.152486,325.801337,176.772485,447.272800,292.264011,122.308296,-199.542492,283.078968,166.455845,370.706081,
0.000000,0.000000,0.000000,0.000000,0.000000,0.000000,0.000000,0.000000,0.000000,0.000000,0.000000,0.000000,0.000000,0.000000,0.000000,0.000000,0.000000,0.000000,0.000000,0.000000,0.000000,0.000000,0.000000,0.000000,0.000000,0.000000,0.000000,0.000000,0.000000,0.000000,0.000000,0.000000,0.000000,0.000000,0.000000,0.000000,0.000000,0.000000,0.000000,0.000000,0.000000,0.000000,0.000000,0.000000,0.000000,0.000000,0.000000,0.000000,0.000000,0.000000,0.000000,0.000000,291.766019,485.660616,-189.017502,298.252915,494.420035,-183.362169,301.902481,494.644214,-183.340311,306.080783,494.936610,-183.360045,292.248379,494.712973,-167.425184,290.967699,495.155020,-167.437440,289.587395,495.620399,-167.430169,319.081430,493.247528,-114.613033,293.256060,494.155038,-43.318545,298.800249,476.417400,-163.711810,291.362486,477.741327,-141.451722,353.086190,450.758416,-114.405063,272.908499,460.054554,52.359805,386.736419,445.473474,-281.155654,225.530586,477.333633,109.775385,421.440852,454.281816,-519.453091,177.069513,506.242696,84.561347,435.052848,456.797925,-563.898236,160.958683,512.874768,79.484220,432.401370,460.351621,-572.528703,160.185693,516.292497,58.998511,426.370251,459.003352,-531.137648,165.853967,513.395597,73.166255,327.899100,331.926903,-76.317944,295.947740,335.970736,76.414636,316.869161,243.683582,-133.131154,300.541550,253.735218,195.583513,323.668937,151.588319,-122.881031,319.765819,186.241372,369.030479,334.464481,133.293484,-125.410872,327.606080,178.407408,381.107020,292.304093,122.683177,-238.744726,284.769441,166.555454,317.045691,
0.000000,0.000000,0.000000,0.000000,0.000000,0.000000,0.000000,0.000000,0.000000,0.000000,0.000000,0.000000,0.000000,0.000000,0.000000,0.000000,0.000000,0.000000,0.000000,0.000000,0.000000,0.000000,0.000000,0.000000,0.000000,0.000000,0.000000,0.000000,0.000000,0.000000,0.000000,0.000000,0.000000,0.000000,0.000000,0.000000,0.000000,0.000000,0.000000,0.000000,0.000000,0.000000,0.000000,0.000000,0.000000,0.000000,0.000000,0.000000,0.000000,0.000000,0.000000,0.000000,290.023134,487.114819,-121.246934,296.537206,495.514279,-116.618922,299.989754,495.668383,-116.624099,303.987839,495.846990,-116.650719,291.317420,495.862695,-100.171562,290.290521,496.292840,-100.178950,289.148614,496.781821,-100.154999,317.264770,493.579544,-65.214683,293.568356,494.757697,11.378470,296.184425,478.053488,-101.323439,289.903053,479.537674,-78.814340,344.121108,451.719146,-85.569130,277.501244,461.721802,94.115259,359.555506,446.050671,-289.522273,228.250234,483.286273,149.303775,373.558870,458.394075,-525.379394,190.086208,512.912437,140.314535,385.797171,460.622517,-567.919899,176.064219,521.206491,141.082491,381.362940,465.282950,-568.921760,175.703140,523.472946,124.773619,376.196193,462.811414,-533.115871,180.789971,520.023892,131.147392,328.035421,336.029362,-74.211034,297.398681,339.657377,74.261983,315.397431,246.525638,-158.298616,300.363097,257.946998,173.122006,323.693509,153.291097,-195.627117,320.870833,186.966410,309.614374,335.101485,134.563953,-202.170811,329.102657,178.566068,318.692575,292.000719,123.721734,-301.877962,285.500489,167.792475,270.836158,
0.000000,0.000000,0.000000,0.000000,0.000000,0.000000,0.000000,0.000000,0.000000,0.000000,0.000000,0.000000,0.000000,0.000000,0.000000,0.000000,0.000000,0.000000,0.000000,0.000000,0.000000,0.000000,0.000000,0.000000,0.000000,0.000000,0.000000,0.000000,0.000000,0.000000,0.000000,0.000000,0.000000,0.000000,0.000000,0.000000,0.000000,0.000000,0.000000,0.000000,0.000000,0.000000,0.000000,0.000000,0.000000,0.000000,0.000000,0.000000,0.000000,0.000000,0.000000,0.000000,288.313671,487.931684,-112.735330,293.523223,496.299231,-120.399566,296.164302,496.492925,-120.414280,299.237646,496.705895,-120.441022,289.563560,496.413108,-97.495288,288.928639,496.739275,-97.502128,288.191721,497.116496,-97.549709,313.124317,494.450426,-106.031625,294.401467,495.152351,-7.205648,294.641804,479.154391,-107.295979,289.714574,480.316003,-76.646698,337.568913,454.763037,-144.242399,287.226654,462.945140,70.110812,327.322999,449.876092,-371.157122,243.898611,491.520039,154.347457,326.993728,470.382946,-582.175428,201.066098,520.198819,178.318381,327.412718,476.615903,-625.454909,187.321466,528.007145,186.058090,326.221378,480.325307,-620.882435,186.446430,530.154369,167.106387,325.590138,476.154864,-587.266235,191.438687,526.832448,168.633038,326.784438,337.634752,-83.328044,300.543549,340.767495,83.276682,314.920274,247.220149,-125.794924,301.367536,260.011293,185.373253,323.704884,153.186172,-143.510149,319.967676,187.620214,324.644559,335.643871,134.703347,-147.511776,328.141904,178.932429,333.736720,290.852263,124.075845,-249.515384,285.071545,169.223699,287.058654,
0.000000,0.000000,0.000000,0.000000,0.000000,0.000000,0.000000,0.000000,0.000000,0.000000,0.000000,0.000000,0.000000,0.000000,0.000000,0.000000,0.000000,0.000000,0.000000,0.000000,0.000000,0.000000,0.000000,0.000000,0.000000,0.000000,0.000000,0.000000,0.000000,0.000000,0.000000,0.000000,0.000000,0.000000,0.000000,0.000000,0.000000,0.000000,0.000000,0.000000,0.000000,0.000000,0.000000,0.000000,0.000000,0.000000,0.000000,0.000000,0.000000,0.000000,0.000000,0.000000,284.649974,488.905478,-91.190925,290.548639,496.943149,-104.780725,293.123413,497.065011,-104.811368,295.992887,497.195840,-104.819560,287.521546,497.336518,-78.165651,287.495277,497.782417,-78.168536,287.448340,498.288672,-78.165640,309.891509,494.615259,-118.521710,295.884155,495.702312,-3.153599,291.246816,480.149275,-95.818832,287.520755,481.643041,-60.592858,330.685011,456.963450,-180.631130,300.208676,462.719044,81.118756,309.963942,457.447319,-387.228813,272.336962,493.256907,246.679891,281.274437,486.936355,-535.936483,242.268178,520.491328,358.512400,273.208933,492.017530,-577.580794,231.407081,532.077699,376.920275,272.260612,498.800766,-570.740014,232.114029,532.775803,362.231621,272.803282,497.327691,-537.253421,234.150322,529.226081,353.450149,322.898611,338.274159,-91.239401,303.612732,341.115970,91.131116,313.931622,247.428256,-105.857842,302.373887,259.933523,186.025198,323.715805,153.138192,-136.015398,319.344935,187.183532,304.700306,335.781133,134.711484,-141.155168,328.116846,178.886274,312.451130,290.463204,124.300073,-206.614825,285.064047,169.120671,272.559687,
0.000000,0.000000,0.000000,0.000000,0.000000,0.000000,0.000000,0.000000,0.000000,0.000000,0.000000,0.000000,0.000000,0.000000,0.000000,0.000000,0.000000,0.000000,0.000000,0.000000,0.000000,0.000000,0.000000,0.000000,0.000000,0.000000,0.000000,0.000000,0.000000,0.000000,0.000000,0.000000,0.000000,0.000000,0.000000,0.000000,0.000000,0.000000,0.000000,0.000000,0.000000,0.000000,0.000000,0.000000,0.000000,0.000000,0.000000,0.000000,0.000000,0.000000,0.000000,0.000000,285.423607,491.808026,-65.068452,291.105846,499.130881,-82.593130,293.035407,499.042403,-82.611736,295.126937,498.995183,-82.610192,288.852411,499.981716,-54.070290,288.737712,500.444854,-54.050458,288.075170,500.987577,-54.033363,307.914917,495.743232,-116.349521,299.609613,497.488468,12.710341,290.424027,483.312464,-74.234311,287.828942,484.754869,-36.424894,323.612842,459.447545,-181.596926,313.923691,463.742865,98.427383,298.018190,459.734212,-383.889948,301.625202,490.397320,275.502454,259.383197,484.344449,-531.374608,276.145094,519.318655,402.788035,247.089149,490.984930,-573.841093,269.935975,530.509736,426.460849,248.186389,495.339622,-563.008738,269.715544,529.723111,409.457694,252.577515,493.831890,-530.441091,270.583943,523.732546,398.196850,318.603134,338.193908,-94.104321,306.586315,341.227232,93.964180,312.616182,247.285395,-97.925241,303.522364,258.588940,184.907578,323.962205,152.059424,-128.120761,318.993245,182.880629,287.115051,336.175596,134.058384,-129.715006,330.147115,170.572471,294.380046,290.495606,123.703216,-184.185912,285.089665,166.128982,260.945115,
0.000000,0.000000,0.000000,0.000000,0.000000,0.000000,0.000000,0.000000,0.000000,0.000000,0.000000,0.000000,0.000000,0.000000,0.000000,0.000000,0.000000,0.000000,0.000000,0.000000,0.000000,0.000000,0.000000,0.000000,0.000000,0.000000,0.000000,0.000000,0.000000,0.000000,0.000000,0.000000,0.000000,0.000000,0.000000,0.000000,0.000000,0.000000,0.000000,0.000000,0.000000,0.000000,0.000000,0.000000,0.000000,0.000000,0.000000,0.000000,0.000000,0.000000,0.000000,0.000000,283.149894,492.587647,-64.566096,289.013037,499.932847,-85.336126,290.501021,499.859398,-85.364129,292.124421,499.805996,-85.362674,288.180051,500.644238,-56.266435,288.733950,501.062114,-56.273732,288.641275,501.558512,-56.265198,304.589842,496.343800,-119.588861,300.141959,498.188630,3.088136,287.603159,483.785734,-75.493479,286.134336,485.143289,-37.313544,314.910308,460.085825,-190.284647,321.045179,464.542315,95.807467,269.783058,468.209051,-344.703041,305.527757,478.410253,270.373467,226.380531,490.321489,-434.569138,279.407122,485.063436,408.366907,208.803030,498.558654,-474.457043,276.315274,488.872641,433.799479,210.174459,503.828238,-454.874359,276.500477,490.176729,417.575268,215.680845,500.591200,-427.698891,275.571879,488.005358,404.277537,315.871213,337.826463,-96.861807,307.342158,340.867818,96.751189,312.279922,247.040182,-83.452523,303.085152,258.277047,194.739976,323.968120,152.069178,-77.953748,318.726877,183.544190,311.299373,336.532744,134.044939,-78.238605,330.063409,172.861507,320.736405,290.429363,123.275781,-143.635212,285.084354,166.007719,288.651882,
0.000000,0.000000,0.000000,0.000000,0.000000,0.000000,0.000000,0.000000,0.000000,0.000000,0.000000,0.000000,0.000000,0.000000,0.000000,0.000000,0.000000,0.000000,0.000000,0.000000,0.000000,0.000000,0.000000,0.000000,0.000000,0.000000,0.000000,0.000000,0.000000,0.000000,0.000000,0.000000,0.000000,0.000000,0.000000,0.000000,0.000000,0.000000,0.000000,0.000000,0.000000,0.000000,0.000000,0.000000,0.000000,0.000000,0.000000,0.000000,0.000000,0.000000,0.000000,0.000000,282.414598,492.577603,-82.423404,288.066536,500.299612,-97.616451,289.556361,500.266197,-97.655145,291.155448,500.238454,-97.663108,287.180748,500.958909,-70.563609,287.924157,501.368385,-70.556045,288.344510,501.804548,-70.536497,302.929696,496.489534,-121.072769,299.909418,498.170058,0.531621,286.994138,483.934160,-86.911070,285.372781,485.238343,-51.390760,310.659578,459.752974,-187.547481,324.406016,464.287223,98.431678,242.988589,475.967370,-334.149428,337.795814,485.219431,267.355788,194.127597,501.506695,-406.136666,339.228415,510.408978,412.311206,179.189517,509.647190,-441.141052,339.331703,520.554710,438.614854,180.271741,515.269242,-430.438799,336.456078,521.153393,433.658685,185.748168,511.482259,-403.124350,334.181518,517.801655,413.380683,316.384137,337.367621,-99.559606,307.026477,339.856774,99.304958,312.329650,247.013280,-67.704312,302.926456,257.760567,209.069464,323.975628,152.071551,-47.372854,318.813759,183.650067,330.122336,336.554067,134.030788,-46.654750,330.164709,173.094450,341.232921,289.885016,123.240745,-111.880833,285.255869,166.689710,319.207506,
0.000000,0.000000,0.000000,0.000000,0.000000,0.000000,0.000000,0.000000,0.000000,0.000000,0.000000,0.000000,0.000000,0.000000,0.000000,0.000000,0.000000,0.000000,0.000000,0.000000,0.000000,0.000000,0.000000,0.000000,0.000000,0.000000,0.000000,0.000000,0.000000,0.000000,0.000000,0.000000,0.000000,0.000000,0.000000,0.000000,0.000000,0.000000,0.000000,0.000000,0.000000,0.000000,0.000000,0.000000,0.000000,0.000000,0.000000,0.000000,0.000000,0.000000,0.000000,0.000000,282.302535,494.095834,-74.660593,288.538379,501.770073,-93.276380,290.049756,501.725467,-93.305461,291.666851,501.689877,-93.304260,287.655464,502.273126,-66.144644,288.355858,502.539898,-66.145070,288.615810,502.814112,-66.135068,303.130636,497.485289,-124.059528,300.474435,498.649911,-7.944949,286.341491,485.543532,-84.460797,285.499282,486.579173,-48.998879,298.473470,460.222938,-194.486085,334.180976,464.127747,83.992074,232.585521,479.321082,-300.426117,353.576011,486.055150,261.587010,179.430909,510.089557,-281.808343,366.471320,514.174707,432.849983,162.804947,518.837330,-303.573464,371.130408,525.384650,459.956594,162.743119,524.627151,-299.908851,366.405153,528.081249,457.726912,168.577606,520.484518,-279.485431,363.675401,522.822374,435.682496,314.192679,336.539847,-101.460600,308.608869,338.741968,101.107006,311.157476,246.957620,-66.788353,304.435027,257.732385,222.299959,323.981999,152.049669,-50.831653,319.228919,183.861333,345.324084,336.670273,133.960383,-50.053890,330.592836,172.777850,357.176093,288.933611,123.430188,-111.880833,286.674541,168.970459,350.112574,
0.000000,0.000000,0.000000,0.000000,0.000000,0.000000,0.000000,0.000000,0.000000,0.000000,0.000000,0.000000,0.000000,0.000000,0.000000,0.000000,0.000000,0.000000,0.000000,0.000000,0.000000,0.000000,0.000000,0.000000,0.000000,0.000000,0.000000,0.000000,0.000000,0.000000,0.000000,0.000000,0.000000,0.000000,0.000000,0.000000,0.000000,0.000000,0.000000,0.000000,0.000000,0.000000,0.000000,0.000000,0.000000,0.000000,0.000000,0.000000,0.000000,0.000000,0.000000,0.000000,283.646316,494.987606,-35.145139,289.725962,502.762985,-61.163467,291.264988,502.716050,-61.188188,292.523519,502.664506,-61.185958,289.008494,503.095603,-37.852600,290.650742,503.255542,-37.829450,291.936045,503.423826,-37.850332,301.320811,498.122878,-124.880414,303.353329,498.862559,-17.392205,287.220122,486.336979,-54.912888,285.843128,487.155838,-24.232945,281.678029,462.711760,-191.294950,342.607842,461.523320,64.548858,221.084953,487.346106,-326.701191,373.133882,484.678146,253.451008,172.298835,516.097909,-378.407081,394.771897,513.194405,466.696326,156.509794,525.763693,-407.528260,403.067168,523.598403,499.519711,157.491541,531.693653,-389.003301,398.726944,527.000023,498.485478,162.222572,527.841694,-370.010016,395.688276,523.109019,472.363345,306.929130,334.827826,-97.351231,315.420424,338.234414,96.939862,309.729555,247.086257,-34.570006,306.400566,258.204697,249.048337,323.979041,152.353370,-2.606349,320.167453,184.413651,408.312385,336.497829,133.979842,0.729693,330.648817,173.113200,424.195625,288.472068,125.072109,-67.848018,287.875148,173.904182,403.761119,
0.000000,0.000000,0.000000,0.000000,0.000000,0.000000,0.000000,0.000000,0.000000,0.000000,0.000000,0.000000,0.000000,0.000000,0.000000,0.000000,0.000000,0.000000,0.000000,0.000000,0.000000,0.000000,0.000000,0.000000,0.000000,0.000000,0.000000,0.000000,0.000000,0.000000,0.000000,0.000000,0.000000,0.000000,0.000000,0.000000,0.000000,0.000000,0.000000,0.000000,0.000000,0.000000,0.000000,0.000000,0.000000,0.000000,0.000000,0.000000,0.000000,0.000000,0.000000,0.000000,287.015108,495.457554,1.432010,290.861013,502.939939,-28.626472,291.868859,502.900959,-28.646776,293.520336,502.845229,-28.634478,294.330106,503.213649,-7.728952,296.766043,503.330341,-7.708532,298.965346,503.424152,-7.760566,300.145928,498.355583,-113.280673,310.762925,498.844916,-15.354894,287.575239,486.984969,-23.374133,291.286925,487.279968,4.037759,273.910425,464.805794,-183.911278,347.962627,457.763211,47.399144,217.137043,490.445054,-290.923195,389.330351,479.540407,214.594397,173.038956,522.231507,-343.869139,418.674234,511.399821,373.454538,159.118016,531.939436,-372.446299,429.257383,520.960536,397.395248,161.632415,538.551846,-367.997293,426.510125,524.464840,391.705243,165.798255,534.783792,-342.356692,422.657607,521.285721,376.073881,297.833514,332.383516,-95.187619,319.855902,337.429016,94.766411,306.735183,246.975246,-43.792369,308.257121,258.057828,234.056260,323.981316,153.988394,-25.857393,320.056119,184.628820,396.744105,336.600976,135.549972,-23.956290,329.462539,173.714667,408.834557,288.312941,125.704002,-85.321176,287.896080,175.533028,367.762460,
0.000000,0.000000,0.000000,0.000000,0.000000,0.000000,0.000000,0.000000,0.000000,0.000000,0.000000,0.000000,0.000000,0.000000,0.000000,0.000000,0.000000,0.000000,0.000000,0.000000,0.000000,0.000000,0.000000,0.000000,0.000000,0.000000,0.000000,0.000000,0.000000,0.000000,0.000000,0.000000,0.000000,0.000000,0.000000,0.000000,0.000000,0.000000,0.000000,0.000000,0.000000,0.000000,0.000000,0.000000,0.000000,0.000000,0.000000,0.000000,0.000000,0.000000,0.000000,0.000000,293.996480,496.168126,-20.245093,295.239871,503.275699,-49.117741,294.244085,503.227003,-49.140827,293.615005,503.141675,-49.147235,300.995513,503.483268,-29.663733,303.629063,503.534185,-29.656694,306.557815,503.515723,-29.696575,300.414531,498.711399,-123.926924,316.351593,498.816826,-36.275430,291.872415,488.267801,-43.597392,299.129151,487.886454,-18.062224,274.183220,466.252563,-198.629665,353.435306,455.994824,14.736088,223.610750,491.806442,-316.381064,401.280841,475.569998,175.759113,181.084167,524.812976,-407.983467,441.377528,510.759462,324.701591,167.554486,534.973691,-444.405871,454.187844,519.586263,343.289699,170.340113,542.089104,-437.874423,450.444107,522.829140,335.071888,175.291769,537.910211,-406.091684,445.667729,519.793394,324.280736,294.051648,331.158574,-94.538536,322.650233,336.323273,94.072630,303.634250,246.887427,-29.505126,310.587853,258.024227,232.001967,323.354510,154.437090,17.198264,320.429660,184.685418,381.885484,336.349906,136.172293,22.263352,330.307063,172.242011,394.864070,286.917993,128.343438,-39.996793,288.102586,175.349538,361.128945,
0.000000,0.000000,0.000000,0.000000,0.000000,0.000000,0.000000,0.000000,0.000000,0.000000,0.000000,0.000000,0.000000,0.000000,0.000000,0.000000,0.000000,0.000000,0.000000,0.000000,0.000000,0.000000,0.000000,0.000000,0.000000,0.000000,0.000000,0.000000,0.000000,0.000000,0.000000,0.000000,0.000000,0.000000,0.000000,0.000000,0.000000,0.000000,0.000000,0.000000,0.000000,0.000000,0.000000,0.000000,0.000000,0.000000,0.000000,0.000000,0.000000,0.000000,0.000000,0.000000,299.865079,497.938697,-9.477630,299.440498,504.459933,-37.008854,297.295272,504.327399,-37.039320,295.104662,504.147113,-37.054364,306.358686,504.667914,-19.429873,309.160297,504.614052,-19.411847,311.705649,504.451965,-19.453250,300.754898,499.244387,-118.641685,321.384853,498.786879,-36.145629,296.595383,490.024751,-33.558079,305.280165,489.408074,-10.695563,276.879148,466.338613,-189.723862,358.844767,454.948221,8.323735,229.830949,493.414632,-266.617195,413.581694,472.215225,114.029992,193.176013,530.198575,-335.971995,457.656250,506.474595,183.399774,179.570553,539.759395,-370.160925,472.112005,512.591919,187.695317,184.601326,546.756040,-366.504255,469.713088,519.687115,177.936141,188.954311,543.279579,-334.638837,463.528655,518.108986,181.760168,291.655021,331.202043,-93.638772,325.920577,336.200760,93.224345,297.981174,247.931359,-45.096397,311.046734,258.422832,229.798659,323.171360,157.251853,-30.375681,319.815243,184.744456,362.786794,336.569525,140.214372,-28.680445,329.629418,171.491259,373.992420,286.841429,129.881253,-51.472977,287.961062,175.391934,340.073461,
0.000000,0.000000,0.000000,0.000000,0.000000,0.000000,0.000000,0.000000,0.000000,0.000000,0.000000,0.000000,0.000000,0.000000,0.000000,0.000000,0.000000,0.000000,0.000000,0.000000,0.000000,0.000000,0.000000,0.000000,0.000000,0.000000,0.000000,0.000000,0.000000,0.000000,0.000000,0.000000,0.000000,0.000000,0.000000,0.000000,0.000000,0.000000,0.000000,0.000000,0.000000,0.000000,0.000000,0.000000,0.000000,0.000000,0.000000,0.000000,0.000000,0.000000,0.000000,0.000000,308.400598,499.384113,33.497441,305.465649,506.086553,5.047422,302.626190,506.012333,4.995593,299.336028,505.883335,4.972872,313.213425,505.976194,14.312524,316.381657,505.709418,14.355241,319.263837,505.325638,14.291036,301.145843,501.039038,-80.773616,326.741940,498.924543,-35.902957,304.168884,491.645572,8.972872,312.725059,490.820474,20.340753,276.365577,467.121571,-134.326291,359.864807,454.104932,-17.626321,235.358642,496.181195,-73.142057,418.722660,469.260467,19.010437,207.103744,535.636359,-9.970205,470.128401,500.442578,10.881146,197.066032,546.459381,-23.214577,484.991401,505.139485,-3.841021,201.698607,551.739446,-29.432470,484.144716,513.643339,-10.930216,205.141170,547.597922,-9.304790,478.470221,513.014389,8.389056,289.570968,331.222478,-83.168385,328.198066,335.830721,82.776030,294.493068,247.902911,-48.583318,313.295887,258.404406,239.407532,322.880823,157.388676,-37.050050,319.128511,184.212143,386.027516,336.744102,142.076381,-35.942046,327.215807,170.977055,400.400522,286.929274,128.628979,-91.602638,287.557736,175.020395,371.878792,
0.000000,0.000000,0.000000,0.000000,0.000000,0.000000,0.000000,0.000000,0.000000,0.000000,0.000000,0.000000,0.000000,0.000000,0.000000,0.000000,0.000000,0.000000,0.000000,0.000000,0.000000,0.000000,0.000000,0.000000,0.000000,0.000000,0.000000,0.000000,0.000000,0.000000,0.000000,0.000000,0.000000,0.000000,0.000000,0.000000,0.000000,0.000000,0.000000,0.000000,0.000000,0.000000,0.000000,0.000000,0.000000,0.000000,0.000000,0.000000,0.000000,0.000000,0.000000,0.000000,313.327469,499.561547,21.658918,309.923304,506.402651,-6.384739,307.077983,506.443661,-6.402023,303.723321,506.463829,-6.434134,317.759238,505.924855,3.385144,320.424979,505.584754,3.390053,322.878878,505.175084,3.327478,301.276385,502.069170,-89.405541,330.129157,498.902025,-44.419032,308.637948,492.213835,-2.444719,316.934407,490.933794,9.718477,278.369913,467.664819,-133.925730,358.506462,452.356221,-31.932783,243.755293,495.858761,-70.573699,419.735589,465.539882,1.448188,209.593242,537.817735,-11.362197,474.746552,493.150925,-14.881162,203.087482,549.815331,-23.600419,491.928673,497.677827,-30.768596,214.126622,554.179072,-31.295072,490.309181,506.598427,-39.455522,216.685367,549.951304,-11.561635,484.219971,506.332903,-18.294428,288.415685,331.986348,-77.371398,327.732012,335.510687,77.035623,292.789863,249.220504,-49.816010,314.002691,258.503583,206.411124,322.317266,158.581596,-15.988067,319.152963,182.575195,340.777652,336.518618,143.924593,-12.784594,327.694584,167.511769,353.230724,286.732944,128.625475,-73.992925,287.839221,174.905514,315.766370,
0.000000,0.000000,0.000000,0.000000,0.000000,0.000000,0.000000,0.000000,0.000000,0.000000,0.000000,0.000000,0.000000,0.000000,0.000000,0.000000,0.000000,0.000000,0.000000,0.000000,0.000000,0.000000,0.000000,0.000000,0.000000,0.000000,0.000000,0.000000,0.000000,0.000000,0.000000,0.000000,0.000000,0.000000,0.000000,0.000000,0.000000,0.000000,0.000000,0.000000,0.000000,0.000000,0.000000,0.000000,0.000000,0.000000,0.000000,0.000000,0.000000,0.000000,0.000000,0.000000,315.844970,500.843757,27.507091,312.306911,507.136180,-0.420525,309.621731,507.193108,-0.409927,306.421408,507.264497,-0.423797,320.036762,506.375733,7.661849,322.573141,505.876200,7.658739,324.950353,505.323031,7.613313,301.782152,502.818410,-80.337916,332.572757,498.920829,-43.770027,311.854941,493.699376,5.399558,319.555275,492.113590,15.058683,279.749255,468.097431,-114.560837,359.256542,451.262327,-36.416705,243.922237,496.165272,-25.775321,420.259399,463.007444,-50.246886,238.433929,538.332637,64.604738,474.516168,486.022656,-118.943119,237.670570,551.646210,60.067981,491.830884,491.193840,-141.791871,245.565993,554.347322,51.590706,490.113848,500.034061,-147.866859,247.846372,549.231580,64.990011,484.092075,499.308624,-122.524554,287.679691,332.512438,-73.597762,327.177328,335.227844,73.236911,291.448375,249.554773,-43.698205,314.511284,258.456433,204.809202,321.531200,158.866315,-14.850250,319.132153,181.212943,332.744806,335.918129,144.821811,-12.065795,327.708446,166.140799,344.505637,286.791027,128.642993,-69.674421,287.974496,172.847688,309.103242,
0.000000,0.000000,0.000000,0.000000,0.000000,0.000000,0.000000,0.000000,0.000000,0.000000,0.000000,0.000000,0.000000,0.000000,0.000000,0.000000,0.000000,0.000000,0.000000,0.000000,0.000000,0.000000,0.000000,0.000000,0.000000,0.000000,0.000000,0.000000,0.000000,0.000000,0.000000,0.000000,0.000000,0.000000,0.000000,0.000000,0.000000,0.000000,0.000000,0.000000,0.000000,0.000000,0.000000,0.000000,0.000000,0.000000,0.000000,0.000000,0.000000,0.000000,0.000000,0.000000,316.303055,500.517345,84.614457,313.471042,506.956579,56.650049,310.912798,507.040653,56.659372,307.908280,507.147647,56.665380,320.787625,506.213333,63.027833,323.286060,505.744122,63.036052,325.752498,505.232112,62.991288,302.215471,502.982361,-28.786320,333.069549,498.912239,-2.527168,312.711758,493.589540,59.867082,320.151274,492.061031,67.140230,280.618868,468.746586,-79.440549,358.214289,450.040715,-15.538978,258.093905,500.689300,-30.717463,417.862363,460.156780,-46.504111,263.891207,539.703391,18.255536,468.939829,479.800903,-141.329676,264.595361,553.135537,9.032928,484.772814,484.162604,-165.984313,272.228261,553.774471,1.610892,483.248484,492.450076,-169.772929,274.156524,548.866006,17.610184,478.114337,491.586942,-144.647523,287.037332,333.789022,-70.967109,326.668453,335.228469,70.605890,290.791247,253.045267,-47.407695,314.265273,258.747190,190.346663,320.741720,160.799767,-45.913480,318.707107,179.157854,270.602068,335.537259,146.027889,-46.481545,326.513637,164.678961,277.589590,287.280171,129.679548,-95.346479,288.384383,170.964691,242.412735,
0.000000,0.000000,0.000000,0.000000,0.000000,0.000000,0.000000,0.000000,0.000000,0.000000,0.000000,0.000000,0.000000,0.000000,0.000000,0.000000,0.000000,0.000000,0.000000,0.000000,0.000000,0.000000,0.000000,0.000000,0.000000,0.000000,0.000000,0.000000,0.000000,0.000000,0.000000,0.000000,0.000000,0.000000,0.000000,0.000000,0.000000,0.000000,0.000000,0.000000,0.000000,0.000000,0.000000,0.000000,0.000000,0.000000,0.000000,0.000000,0.000000,0.000000,0.000000,0.000000,320.705979,500.510231,84.718720,317.387437,506.832181,58.418560,314.461126,506.939896,58.446171,311.016603,507.078514,58.443213,324.906748,506.090048,62.120922,327.218400,505.684148,62.111170,329.627086,505.142170,62.084327,304.301418,502.892746,-23.772606,334.908736,498.643411,-6.861393,316.511597,493.866462,61.109234,323.222961,492.112845,65.097165,280.267949,470.459543,-65.309651,355.827361,448.246784,-18.953459,271.718369,504.431126,10.734268,410.823889,458.089788,-47.335839,287.483764,540.228730,83.417304,461.022998,475.737394,-108.140717,289.781338,554.005304,82.669430,476.201889,478.176675,-125.939658,296.297092,553.077435,72.862800,474.401069,487.006981,-128.085014,297.416676,548.203404,82.194976,469.117146,486.542582,-109.522615,287.187422,334.657665,-64.468814,326.170533,335.459119,64.177644,290.272057,254.087344,-49.102647,314.326457,259.739505,140.774883,320.437304,161.895671,-70.442507,318.705546,178.848029,169.110024,335.181710,148.636755,-72.804311,325.969815,164.867911,170.683023,287.918841,131.455105,-118.492298,289.985193,170.299795,136.543035,
0.000000,0.000000,0.000000,0.000000,0.000000,0.000000,0.000000,0.000000,0.000000,0.000000,0.000000,0.000000,0.000000,0.000000,0.000000,0.000000,0.000000,0.000000,0.000000,0.000000,0.000000,0.000000,0.000000,0.000000,0.000000,0.000000,0.000000,0.000000,0.000000,0.000000,0.000000,0.000000,0.000000,0.000000,0.000000,0.000000,0.000000,0.000000,0.000000,0.000000,0.000000,0.000000,0.000000,0.000000,0.000000,0.000000,0.000000,0.000000,0.000000,0.000000,0.000000,0.000000,323.251004,500.405194,64.093719,320.421119,506.709674,39.181491,317.679899,506.840649,39.233563,314.647466,507.013889,39.239013,327.352362,505.979686,42.417852,329.339286,505.374845,42.404068,331.418446,504.575146,42.371262,307.121410,502.831925,-39.363111,335.599632,498.023804,-14.835690,318.389266,493.953398,41.838859,324.768143,492.021890,45.588386,280.713642,472.033969,-66.302152,354.014525,447.807017,-39.010852,282.204909,506.294078,35.491677,404.558987,457.371545,-18.054760,305.179383,541.338553,138.270062,453.163762,471.982207,-7.792086,309.450335,553.707439,147.995485,468.844700,472.519712,-14.781552,314.019818,552.817048,136.708649,466.478611,481.037135,-18.478801,313.905412,547.498912,137.250864,460.848404,480.992900,-7.921492,287.564025,335.280724,-58.243582,325.819997,336.083248,57.918758,290.153063,254.253396,-48.997069,314.326457,260.579801,118.922746,320.263937,162.803345,-69.506693,318.719593,178.643106,142.548323,335.015396,150.331774,-71.132887,326.499775,164.389766,143.886852,287.965884,133.226158,-117.291765,290.542852,170.026041,112.573543,
0.000000,0.000000,0.000000,0.000000,0.000000,0.000000,0.000000,0.000000,0.000000,0.000000,0.000000,0.000000,0.000000,0.000000,0.000000,0.000000,0.000000,0.000000,0.000000,0.000000,0.000000,0.000000,0.000000,0.000000,0.000000,0.000000,0.000000,0.000000,0.000000,0.000000,0.000000,0.000000,0.000000,0.000000,0.000000,0.000000,0.000000,0.000000,0.000000,0.000000,0.000000,0.000000,0.000000,0.000000,0.000000,0.000000,0.000000,0.000000,0.000000,0.000000,0.000000,0.000000,322.432153,500.316477,56.188733,320.045896,506.684719,31.863825,317.531974,506.755742,31.914904,314.744921,506.918079,31.920119,326.520226,505.471881,34.557963,328.383712,504.580359,34.533677,330.350878,503.533972,34.493149,307.841786,502.807538,-45.020905,334.667547,496.661321,-27.544901,317.519361,493.966544,34.539088,323.786697,491.905588,37.540703,281.026139,473.063729,-67.615101,352.929557,446.755236,-45.487629,297.130915,506.524957,26.043235,402.810643,455.401211,-29.507010,318.554426,539.059763,114.302990,446.864855,467.689434,-20.193528,323.403785,550.986935,121.847255,462.471153,468.756601,-27.571187,326.868389,550.741964,109.922662,459.917735,476.687587,-28.777498,326.506179,546.326029,112.467356,454.470296,476.459772,-19.242300,287.677626,335.366177,-56.272457,325.425643,336.307334,55.947349,289.550992,254.760519,-49.219638,314.877114,260.699844,109.971140,319.467632,163.775343,-64.782279,319.417771,178.153242,144.576448,333.653167,151.554127,-65.594670,327.761229,163.723393,146.648610,287.934202,133.767959,-116.421237,294.713891,169.647208,108.848114,
0.000000,0.000000,0.000000,0.000000,0.000000,0.000000,0.000000,0.000000,0.000000,0.000000,0.000000,0.000000,0.000000,0.000000,0.000000,0.000000,0.000000,0.000000,0.000000,0.000000,0.000000,0.000000,0.000000,0.000000,0.000000,0.000000,0.000000,0.000000,0.000000,0.000000,0.000000,0.000000,0.000000,0.000000,0.000000,0.000000,0.000000,0.000000,0.000000,0.000000,0.000000,0.000000,0.000000,0.000000,0.000000,0.000000,0.000000,0.000000,0.000000,0.000000,0.000000,0.000000,323.584246,500.223994,43.127496,321.233478,506.624978,19.024074,318.830530,506.721402,19.064385,316.207661,506.848570,19.060164,327.695007,504.845681,28.938675,329.431458,503.739713,28.975492,331.492882,502.509092,28.935790,308.767203,502.727913,-53.621257,334.207270,495.219906,-54.656381,318.006229,493.929649,22.866260,324.528725,491.817616,32.150666,280.927523,473.908623,-74.567058,352.437478,445.665139,-66.335291,301.681678,504.246025,19.684605,401.995443,453.613783,-88.538348,325.071335,537.368935,108.197520,443.508579,465.159623,-128.572892,332.435960,549.096482,115.243417,459.261371,465.980385,-141.734087,335.915768,549.528160,104.275726,456.757944,473.764272,-141.702814,333.995854,545.731971,106.853104,451.384115,473.634695,-128.265438,287.760933,335.547484,-53.770129,325.322076,336.593302,53.444092,289.364510,255.222187,-42.730884,315.385707,260.845629,128.582178,319.139782,164.517194,-64.749299,319.429736,178.346455,156.518491,332.893827,152.194491,-66.348110,327.821476,163.936142,158.031970,289.063937,133.717158,-115.579157,297.196020,168.397423,122.446818,
0.000000,0.000000,0.000000,0.000000,0.000000,0.000000,0.000000,0.000000,0.000000,0.000000,0.000000,0.000000,0.000000,0.000000,0.000000,0.000000,0.000000,0.000000,0.000000,0.000000,0.000000,0.000000,0.000000,0.000000,0.000000,0.000000,0.000000,0.000000,0.000000,0.000000,0.000000,0.000000,0.000000,0.000000,0.000000,0.000000,0.000000,0.000000,0.000000,0.000000,0.000000,0.000000,0.000000,0.000000,0.000000,0.000000,0.000000,0.000000,0.000000,0.000000,0.000000,0.000000,322.248329,499.500449,71.894443,320.119064,505.694077,47.148814,317.886806,505.994597,47.201967,315.420603,506.362007,47.198648,326.425098,503.764412,48.908484,328.226644,502.503509,48.896028,330.224532,501.384820,48.844474,308.711842,502.652695,-31.425782,333.438540,495.163262,-34.125248,317.203508,493.870703,49.734183,323.594823,491.577557,51.036559,281.129878,474.445252,-52.852207,351.320047,445.556751,-46.630084,298.639592,503.541447,46.854712,401.495915,453.115623,-49.564442,330.545347,535.942517,137.897945,442.618460,463.359768,-72.002417,338.108574,548.457065,143.424739,458.220205,464.523102,-84.681529,341.194304,549.311838,131.815623,455.982359,472.556749,-86.321235,340.090649,543.900293,135.969199,450.739075,472.310809,-72.054854,287.538551,334.265698,-54.244631,325.274275,336.117939,53.968513,289.543296,255.004804,-35.848354,315.799337,260.822596,133.720570,318.086840,165.524783,-17.550504,319.869349,178.477216,199.519648,331.399666,153.391371,-15.187808,328.571097,164.202980,205.098283,287.088161,135.025239,-63.927794,296.589937,169.578142,169.538845,
0.000000,0.000000,0.000000,0.000000,0.000000,0.000000,0.000000,0.000000,0.000000,0.000000,0.000000,0.000000,0.000000,0.000000,0.000000,0.000000,0.000000,0.000000,0.000000,0.000000,0.000000,0.000000,0.000000,0.000000,0.000000,0.000000,0.000000,0.000000,0.000000,0.000000,0.000000,0.000000,0.000000,0.000000,0.000000,0.000000,0.000000,0.000000,0.000000,0.000000,0.000000,0.000000,0.000000,0.000000,0.000000,0.000000,0.000000,0.000000,0.000000,0.000000,0.000000,0.000000,321.184707,498.635878,74.358828,319.392069,504.594161,51.506930,317.381240,505.055713,51.560676,315.205275,505.603045,51.548472,325.456273,502.517250,51.967084,327.310571,501.380515,51.946360,329.363622,500.291506,51.894353,308.270321,502.161429,-21.890884,332.453604,494.210057,-23.887899,316.515087,493.619225,53.562734,322.679600,490.961006,53.353694,280.145000,474.525628,-43.697166,349.192827,445.720714,-40.763189,299.307367,503.505621,46.473350,400.070182,452.840520,-49.948317,330.689526,535.065792,132.977735,443.775615,462.057970,-71.291733,338.913581,547.059083,140.159920,459.773325,461.955947,-82.947994,342.606946,548.771035,128.430419,457.906959,470.280322,-82.129684,340.559079,543.515679,130.828606,452.663073,470.570253,-70.516797,286.824589,334.277587,-51.519973,325.181662,336.109501,51.223101,289.517248,254.951000,-38.467824,316.231450,260.722605,104.252649,317.277794,165.246391,-29.852120,320.280347,177.295003,142.591214,330.195756,153.098431,-28.831999,328.911253,163.605118,145.471467,287.129923,134.883094,-78.459363,298.720913,168.744572,110.026747,
0.000000,0.000000,0.000000,0.000000,0.000000,0.000000,0.000000,0.000000,0.000000,0.000000,0.000000,0.000000,0.000000,0.000000,0.000000,0.000000,0.000000,0.000000,0.000000,0.000000,0.000000,0.000000,0.000000,0.000000,0.000000,0.000000,0.000000,0.000000,0.000000,0.000000,0.000000,0.000000,0.000000,0.000000,0.000000,0.000000,0.000000,0.000000,0.000000,0.000000,0.000000,0.000000,0.000000,0.000000,0.000000,0.000000,0.000000,0.000000,0.000000,0.000000,0.000000,0.000000,320.463174,497.826964,40.814766,319.096580,503.698423,18.663153,317.322257,504.213434,18.730488,314.916625,504.845585,18.726256,324.726652,501.523642,17.513384,326.592950,500.255835,17.485611,328.559517,499.142141,17.438725,307.079035,501.802381,-49.226364,332.233555,493.526146,-51.055814,316.063992,493.002194,22.772673,322.129447,490.182676,21.021775,280.050226,474.679761,-60.551878,346.867408,445.245739,-60.111916,298.843634,503.288675,28.860645,398.307962,451.985469,-58.532173,327.661759,535.062313,123.344048,446.058511,462.656165,-74.063402,335.478885,546.538812,129.133737,462.056988,462.506272,-88.033030,338.902805,547.769546,115.347859,461.061005,470.622248,-89.469640,337.139540,542.917813,120.742456,456.455462,471.057845,-74.057903,287.055233,334.257524,-53.722380,324.317272,336.056995,53.424779,289.802595,254.515925,-40.502337,315.669958,260.442416,113.563490,317.329668,165.067915,-29.819140,320.211674,177.455526,213.538834,330.359671,152.874480,-28.702095,328.495922,163.926766,221.849933,286.504693,135.313282,-83.443566,297.822723,170.151179,183.593603,
0.000000,0.000000,0.000000,0.000000,0.000000,0.000000,0.000000,0.000000,0.000000,0.000000,0.000000,0.000000,0.000000,0.000000,0.000000,0.000000,0.000000,0.000000,0.000000,0.000000,0.000000,0.000000,0.000000,0.000000,0.000000,0.000000,0.000000,0.000000,0.000000,0.000000,0.000000,0.000000,0.000000,0.000000,0.000000,0.000000,0.000000,0.000000,0.000000,0.000000,0.000000,0.000000,0.000000,0.000000,0.000000,0.000000,0.000000,0.000000,0.000000,0.000000,0.000000,0.000000,320.167286,497.513944,44.302818,318.548754,503.236376,20.675286,316.783922,503.796069,20.724845,314.498037,504.440930,20.729702,324.324899,500.892203,20.500853,326.165011,499.609600,20.482584,328.178523,498.455846,20.435253,306.750287,501.451854,-50.003047,331.963539,493.033061,-46.766737,315.809216,492.966995,24.108412,321.918894,489.979147,23.214333,279.687781,475.203624,-68.273801,346.612825,444.587815,-54.829134,295.946851,505.137695,14.065350,398.450188,451.735646,-59.182627,322.110852,539.303298,91.438486,450.980351,463.043542,-86.322707,329.698937,549.680299,92.790368,467.211047,462.327954,-102.787337,333.586526,549.676380,80.017556,466.582022,470.523675,-104.092652,331.992015,544.977975,88.686890,461.882692,471.037160,-86.720039,287.065560,334.270900,-55.168269,323.973706,335.980112,54.871766,289.889620,254.275660,-45.356062,315.295843,259.780422,124.960556,317.382451,163.577095,-30.738463,320.128954,177.566770,226.265167,330.479343,151.583138,-29.780294,327.635937,164.038550,234.449242,286.593017,135.259227,-92.222818,297.569355,170.137959,196.102515,
0.000000,0.000000,0.000000,0.000000,0.000000,0.000000,0.000000,0.000000,0.000000,0.000000,0.000000,0.000000,0.000000,0.000000,0.000000,0.000000,0.000000,0.000000,0.000000,0.000000,0.000000,0.000000,0.000000,0.000000,0.000000,0.000000,0.000000,0.000000,0.000000,0.000000,0.000000,0.000000,0.000000,0.000000,0.000000,0.000000,0.000000,0.000000,0.000000,0.000000,0.000000,0.000000,0.000000,0.000000,0.000000,0.000000,0.000000,0.000000,0.000000,0.000000,0.000000,0.000000,319.854688,497.887225,24.910009,318.256080,503.588772,-2.631164,316.684682,504.150415,-2.575745,314.250225,504.746018,-2.571635,323.989643,501.161473,0.166502,325.831124,499.883189,0.144073,327.875882,498.679071,0.117547,306.132431,501.474772,-83.690916,331.726194,493.093187,-69.216668,315.630348,493.167159,2.430303,321.668439,490.232999,5.540990,277.928063,475.041926,-106.091200,346.614534,444.730031,-71.175694,291.763983,509.235791,-17.486531,402.293771,452.343847,-85.584648,316.353287,543.676487,67.250901,457.818566,464.329529,-130.083096,322.754413,554.132393,61.477789,474.746558,463.603846,-149.400163,326.922307,552.568679,48.161153,474.171266,471.564855,-152.911893,325.824353,547.647426,63.652621,469.067099,472.118727,-131.842312,287.073133,334.318084,-57.111043,323.953790,335.980112,56.811976,290.578125,253.968293,-40.587940,315.253141,259.605913,142.728057,318.449727,163.540450,-18.333784,318.998968,177.661913,238.875081,330.925245,151.492213,-16.322298,326.649060,164.099850,246.130122,287.598186,134.716925,-73.179294,297.504373,169.581562,204.631319,
0.000000,0.000000,0.000000,0.000000,0.000000,0.000000,0.000000,0.000000,0.000000,0.000000,0.000000,0.000000,0.000000,0.000000,0.000000,0.000000,0.000000,0.000000,0.000000,0.000000,0.000000,0.000000,0.000000,0.000000,0.000000,0.000000,0.000000,0.000000,0.000000,0.000000,0.000000,0.000000,0.000000,0.000000,0.000000,0.000000,0.000000,0.000000,0.000000,0.000000,0.000000,0.000000,0.000000,0.000000,0.000000,0.000000,0.000000,0.000000,0.000000,0.000000,0.000000,0.000000,318.310371,498.424129,-1.202985,316.083536,503.996751,-29.790441,313.879724,504.474194,-29.729685,311.048160,505.013533,-29.735470,322.284732,501.827836,-24.942465,324.207776,500.673631,-24.970032,326.316644,499.389807,-24.992826,303.959000,501.389858,-110.237083,330.968994,493.590915,-88.534443,314.392238,493.354601,-23.220991,320.237872,490.685534,-17.555611,276.617880,474.330834,-136.155519,347.359488,444.850156,-82.183638,279.697661,510.151344,-66.728946,405.159114,452.499987,-105.951313,304.054784,546.104877,-6.386859,463.442029,465.251856,-170.432201,311.199883,557.913298,-16.877860,481.378958,464.941225,-193.297117,316.392193,556.406383,-27.584651,480.479358,472.849389,-197.463718,315.279473,551.375519,-9.123685,474.722318,473.259397,-173.119445,287.133032,334.342605,-62.588710,323.841260,336.250766,62.274574,292.302049,252.705432,-40.385345,314.773866,259.481264,158.348131,318.616269,163.278140,-14.718329,318.369464,178.314741,257.973771,330.999340,151.343620,-12.563758,326.323833,164.402747,265.546512,287.601306,133.677868,-74.112410,294.395229,169.580422,219.568571,
0.000000,0.000000,0.000000,0.000000,0.000000,0.000000,0.000000,0.000000,0.000000,0.000000,0.000000,0.000000,0.000000,0.000000,0.000000,0.000000,0.000000,0.000000,0.000000,0.000000,0.000000,0.000000,0.000000,0.000000,0.000000,0.000000,0.000000,0.000000,0.000000,0.000000,0.000000,0.000000,0.000000,0.000000,0.000000,0.000000,0.000000,0.000000,0.000000,0.000000,0.000000,0.000000,0.000000,0.000000,0.000000,0.000000,0.000000,0.000000,0.000000,0.000000,0.000000,0.000000,314.358651,499.556943,8.455505,310.965487,505.325800,-19.278628,308.312876,505.517230,-19.243517,305.160073,505.781889,-19.248966,318.622776,503.932050,-13.188197,321.069240,503.055741,-13.195572,323.899435,502.003333,-13.229007,300.188303,501.656059,-97.279725,330.395330,495.521468,-71.603877,310.180569,493.681565,-12.849870,317.257028,491.285310,-5.795529,275.506210,472.328996,-131.121804,349.445701,445.330309,-76.067636,266.465824,510.378242,-62.565094,409.026979,452.766168,-81.639274,284.388712,549.782253,5.231452,467.756493,465.454768,-159.203388,289.507636,561.789520,-4.486389,486.147613,465.310158,-182.915170,296.663732,560.300170,-14.339483,485.058183,473.000329,-188.056437,296.682802,555.278783,3.400415,478.475781,473.469209,-162.692856,288.273856,333.151473,-70.271769,323.991632,336.150130,69.947764,297.787587,251.024812,-30.646507,313.703781,259.081846,217.989138,318.779625,161.028070,-17.369113,317.438214,178.986109,336.715274,331.374879,148.100405,-16.343948,324.400195,165.324420,347.125103,287.406417,132.254169,-78.550399,291.325761,171.255312,306.432068,
0.000000,0.000000,0.000000,0.000000,0.000000,0.000000,0.000000,0.000000,0.000000,0.000000,0.000000,0.000000,0.000000,0.000000,0.000000,0.000000,0.000000,0.000000,0.000000,0.000000,0.000000,0.000000,0.000000,0.000000,0.000000,0.000000,0.000000,0.000000,0.000000,0.000000,0.000000,0.000000,0.000000,0.000000,0.000000,0.000000,0.000000,0.000000,0.000000,0.000000,0.000000,0.000000,0.000000,0.000000,0.000000,0.000000,0.000000,0.000000,0.000000,0.000000,0.000000,0.000000,309.102471,500.900669,9.886744,306.415902,506.696441,-19.359835,304.100758,506.719892,-19.351808,301.408553,506.843686,-19.366285,312.988073,505.994355,-9.240469,315.885059,505.359009,-9.229251,318.663452,504.585900,-9.272167,298.356606,502.698825,-102.192407,327.899840,497.911908,-63.866609,306.071857,494.291811,-13.011520,312.697890,492.073705,-1.044988,275.813584,470.331414,-145.626559,351.197027,447.606119,-40.960757,254.130537,509.564196,-87.384766,412.155961,456.556645,-44.307497,262.771413,550.022308,-25.805837,470.898092,469.618415,-120.915268,266.361009,563.533025,-41.185920,489.305625,469.248511,-142.292670,274.287915,562.964129,-50.349783,488.430542,477.368359,-148.170320,275.327599,557.929195,-27.387417,481.845558,477.683185,-124.098379,292.033001,332.548848,-79.293282,323.937856,336.214512,78.966919,302.553837,249.002812,-33.248857,310.079898,259.089162,233.896600,318.842647,159.292075,14.592828,316.279094,180.288836,407.705785,331.418323,144.706828,19.206291,324.241847,167.293250,424.182690,285.584729,129.342956,-59.478426,288.062284,172.452443,384.731225,
0.000000,0.000000,0.000000,0.000000,0.000000,0.000000,0.000000,0.000000,0.000000,0.000000,0.000000,0.000000,0.000000,0.000000,0.000000,0.000000,0.000000,0.000000,0.000000,0.000000,0.000000,0.000000,0.000000,0.000000,0.000000,0.000000,0.000000,0.000000,0.000000,0.000000,0.000000,0.000000,0.000000,0.000000,0.000000,0.000000,0.000000,0.000000,0.000000,0.000000,0.000000,0.000000,0.000000,0.000000,0.000000,0.000000,0.000000,0.000000,0.000000,0.000000,0.000000,0.000000,304.248343,500.967207,3.811089,302.514516,506.746351,-26.975261,300.629202,506.747063,-26.977292,298.374480,506.845940,-27.001038,308.347133,506.139991,-11.667788,310.805278,505.548702,-11.648174,313.127767,504.793809,-11.699622,297.135931,502.752300,-116.741020,324.457851,498.381082,-54.453214,302.298194,494.285026,-21.953315,309.179629,492.150121,-2.523303,276.060764,469.331441,-165.667955,351.776245,450.486004,-21.603440,246.917950,509.090496,-135.732147,412.603454,460.730779,32.094153,243.436955,551.208671,-97.031730,470.138873,475.805910,25.219203,244.180391,564.875405,-115.312145,487.493651,476.122952,11.972669,251.221952,565.736249,-122.281688,486.551902,483.673971,2.592752,252.457805,560.834746,-97.948670,480.750102,483.649537,21.301573,293.924967,332.586744,-84.314353,323.099358,338.057833,83.937779,304.909433,248.604535,-33.816695,307.885555,259.651979,230.586315,320.316493,157.911979,22.689468,316.144869,183.572977,395.947561,332.209914,142.746464,26.996167,324.274903,168.527195,411.415216,285.297675,129.382746,-59.546703,287.682389,172.916070,368.769332,
0.000000,0.000000,0.000000,0.000000,0.000000,0.000000,0.000000,0.000000,0.000000,0.000000,0.000000,0.000000,0.000000,0.000000,0.000000,0.000000,0.000000,0.000000,0.000000,0.000000,0.000000,0.000000,0.000000,0.000000,0.000000,0.000000,0.000000,0.000000,0.000000,0.000000,0.000000,0.000000,0.000000,0.000000,0.000000,0.000000,0.000000,0.000000,0.000000,0.000000,0.000000,0.000000,0.000000,0.000000,0.000000,0.000000,0.000000,0.000000,0.000000,0.000000,0.000000,0.000000,298.818168,500.637030,-17.117221,298.633767,506.575446,-45.869456,297.331786,506.470832,-45.865028,295.705165,506.415360,-45.889379,302.956253,506.049187,-25.307007,304.842342,505.448633,-25.299077,307.556823,504.728634,-25.348497,296.470233,501.986606,-128.795405,319.164184,498.759485,-42.099544,298.217404,493.760443,-41.283245,303.390288,492.053575,-14.432877,276.131204,469.382976,-184.391951,351.740365,453.324467,3.676605,244.886801,507.912219,-252.685802,412.204526,464.085552,108.719730,228.096266,551.466122,-310.268379,467.997349,481.956513,169.363758,226.008707,565.153413,-340.703357,486.573283,483.809043,171.977934,232.215987,567.058214,-339.969571,486.092296,491.621444,163.104499,233.590486,562.335123,-310.161814,480.605525,491.117080,167.935548,294.313962,333.768216,-90.808171,322.499861,339.340781,90.389796,304.837800,248.632983,-48.215222,307.797603,259.798577,233.880634,320.693032,156.374233,-2.490918,316.175564,185.780782,391.609456,332.640624,140.435138,0.898567,324.392731,170.798202,406.706645,284.489316,128.692043,-94.589745,287.471509,174.039121,369.231309,
0.000000,0.000000,0.000000,0.000000,0.000000,0.000000,0.000000,0.000000,0.000000,0.000000,0.000000,0.000000,0.000000,0.000000,0.000000,0.000000,0.000000,0.000000,0.000000,0.000000,0.000000,0.000000,0.000000,0.000000,0.000000,0.000000,0.000000,0.000000,0.000000,0.000000,0.000000,0.000000,0.000000,0.000000,0.000000,0.000000,0.000000,0.000000,0.000000,0.000000,0.000000,0.000000,0.000000,0.000000,0.000000,0.000000,0.000000,0.000000,0.000000,0.000000,0.000000,0.000000,294.179321,497.630699,10.445969,295.393712,504.782459,-20.018515,294.203827,504.515326,-20.037650,292.946748,504.250062,-20.052150,299.228723,505.020654,6.443744,301.083059,504.769378,6.458171,302.923185,504.325525,6.421815,295.018545,499.859646,-113.185956,313.540923,498.693555,-0.202037,294.702008,490.253752,-17.376069,299.298951,489.715231,17.384123,276.884271,469.423637,-163.736362,351.603676,454.976526,40.522937,241.186215,506.636415,-269.271164,401.974629,466.286378,164.050947,215.610329,550.763350,-366.816335,450.640011,488.115021,264.933037,210.600878,564.716544,-401.903867,468.188938,492.328307,274.391320,217.528824,567.935518,-399.365871,464.295482,499.146901,266.774263,219.792620,562.776858,-367.195925,458.668615,498.020200,264.743659,294.314651,335.588724,-93.021023,319.905694,340.013978,92.581074,304.436419,248.903243,-78.324867,305.682290,260.266282,227.784281,320.759694,155.478160,-80.847761,316.272331,186.135007,372.198275,333.100920,137.313982,-82.460466,324.471106,172.985551,385.893206,283.417664,126.674740,-171.662818,285.794159,174.581158,349.318921,
0.000000,0.000000,0.000000,0.000000,0.000000,0.000000,0.000000,0.000000,0.000000,0.000000,0.000000,0.000000,0.000000,0.000000,0.000000,0.000000,0.000000,0.000000,0.000000,0.000000,0.000000,0.000000,0.000000,0.000000,0.000000,0.000000,0.000000,0.000000,0.000000,0.000000,0.000000,0.000000,0.000000,0.000000,0.000000,0.000000,0.000000,0.000000,0.000000,0.000000,0.000000,0.000000,0.000000,0.000000,0.000000,0.000000,0.000000,0.000000,0.000000,0.000000,0.000000,0.000000,286.704475,493.888688,10.502840,290.859137,502.726308,-19.341789,291.018759,502.759447,-19.378881,290.981887,502.729130,-19.384334,292.621501,503.133322,10.293667,294.282114,503.353926,10.308882,296.112294,503.401992,10.280846,295.541398,499.138025,-98.757318,308.096393,498.642250,25.114803,289.510495,486.185584,-15.181033,291.831984,486.458398,23.803998,282.660346,469.433566,-154.705939,351.350801,456.816367,77.425103,242.639244,504.727686,-301.865954,387.255927,467.917666,251.009141,211.554081,550.088411,-424.191217,425.994161,493.161466,431.339779,202.872814,563.723659,-457.346425,439.617272,497.960675,458.280844,208.335868,567.434774,-453.041323,437.109788,503.345508,454.635406,211.704395,562.190416,-424.327554,432.116335,501.557457,434.824046,294.677484,339.171038,-95.526336,318.778402,342.052007,95.105130,304.904697,249.117224,-98.775570,306.048757,260.347846,215.772524,321.107565,154.775853,-131.715604,317.318036,186.061332,321.409362,333.887713,136.035729,-135.985011,325.641389,173.377875,331.039640,283.487507,124.462238,-216.054086,285.911001,175.330163,303.577288,
0.000000,0.000000,0.000000,0.000000,0.000000,0.000000,0.000000,0.000000,0.000000,0.000000,0.000000,0.000000,0.000000,0.000000,0.000000,0.000000,0.000000,0.000000,0.000000,0.000000,0.000000,0.000000,0.000000,0.000000,0.000000,0.000000,0.000000,0.000000,0.000000,0.000000,0.000000,0.000000,0.000000,0.000000,0.000000,0.000000,0.000000,0.000000,0.000000,0.000000,0.000000,0.000000,0.000000,0.000000,0.000000,0.000000,0.000000,0.000000,0.000000,0.000000,0.000000,0.000000,282.066611,490.281008,-7.581949,287.191327,499.420889,-32.118380,287.980679,499.359389,-32.139157,288.594725,499.198450,-32.145020,287.966707,500.443420,0.264306,289.441225,501.022356,0.277469,290.909613,501.454557,0.295382,295.679459,496.662888,-97.746998,302.307856,498.325366,35.205420,285.477693,482.604680,-25.450058,286.610625,483.865829,21.478558,290.020678,468.469525,-155.952128,347.173249,460.052829,102.451747,245.165041,504.711763,-314.256332,369.505373,476.628774,291.433238,212.991070,549.646569,-413.441179,396.353169,499.346326,472.843746,203.130416,563.159701,-443.782587,406.938465,506.461493,503.641672,207.866784,566.950053,-439.249200,404.276686,509.835945,499.604490,211.225555,561.584934,-413.085119,399.758698,506.938699,475.975988,297.355014,339.010536,-96.075446,312.003692,342.266092,95.758800,308.452004,250.519235,-112.169682,305.414610,261.044254,194.910280,322.934061,153.105238,-154.525537,317.530819,186.058893,281.404439,336.051127,134.491779,-160.255303,325.866915,173.162241,288.662495,284.157620,123.748762,-240.258194,282.779363,175.497926,263.847277,
0.000000,0.000000,0.000000,0.000000,0.000000,0.000000,0.000000,0.000000,0.000000,0.000000,0.000000,0.000000,0.000000,0.000000,0.000000,0.000000,0.000000,0.000000,0.000000,0.000000,0.000000,0.000000,0.000000,0.000000,0.000000,0.000000,0.000000,0.000000,0.000000,0.000000,0.000000,0.000000,0.000000,0.000000,0.000000,0.000000,0.000000,0.000000,0.000000,0.000000,0.000000,0.000000,0.000000,0.000000,0.000000,0.000000,0.000000,0.000000,0.000000,0.000000,0.000000,0.000000,281.275284,487.497306,-61.258134,286.480279,496.841059,-80.174961,287.935740,496.929159,-80.211288,289.151606,496.971532,-80.227716,285.546029,498.017899,-48.922240,286.376051,498.816125,-48.919141,287.227971,499.521135,-48.911700,296.445628,496.068197,-118.060751,298.119238,498.018465,17.874164,285.849388,479.816375,-69.810207,285.169021,481.512201,-27.978564,310.414960,465.375046,-177.796049,333.441148,462.349695,103.443879,252.053015,502.253702,-304.426528,337.362197,474.711973,270.970605,219.882845,549.583946,-345.908889,356.208761,502.940766,402.894638,210.128608,562.774461,-374.568431,365.487403,512.558101,423.070825,214.245240,566.265035,-372.890318,363.417714,514.533579,417.802863,217.606613,560.926140,-345.867341,359.810724,510.907401,402.578521,303.147953,336.331789,-96.296283,304.838613,340.635294,96.072264,314.081992,247.332706,-93.545189,304.147589,260.150304,218.359017,324.181985,151.680589,-134.411735,319.031744,186.036449,356.543109,337.099651,132.338599,-130.819185,327.301113,173.638222,368.882844,284.737488,122.832079,-192.555504,283.246110,175.433875,351.012837,
0.000000,0.000000,0.000000,0.000000,0.000000,0.000000,0.000000,0.000000,0.000000,0.000000,0.000000,0.000000,0.000000,0.000000,0.000000,0.000000,0.000000,0.000000,0.000000,0.000000,0.000000,0.000000,0.000000,0.000000,0.000000,0.000000,0.000000,0.000000,0.000000,0.000000,0.000000,0.000000,0.000000,0.000000,0.000000,0.000000,0.000000,0.000000,0.000000,0.000000,0.000000,0.000000,0.000000,0.000000,0.000000,0.000000,0.000000,0.000000,0.000000,0.000000,0.000000,0.000000,282.981798,488.515458,-20.586316,285.809567,497.284958,-33.715453,286.776682,497.438602,-33.718399,287.790960,497.559165,-33.661141,286.075235,498.215922,-2.331947,287.131293,498.923269,-2.337101,288.243630,499.562847,-2.345475,295.950796,496.300608,-75.040048,297.719498,498.121539,48.270173,286.766410,481.091998,-27.585539,287.193889,482.242444,13.605283,304.974436,466.400550,-163.171126,332.561213,462.127395,115.044525,259.361441,505.018275,-283.140294,316.801804,414.320115,235.078357,227.591638,548.470644,-325.277086,285.318565,384.155610,315.835804,220.158991,559.450284,-353.376789,277.730340,374.669616,336.124422,224.063641,563.132379,-342.793039,275.943205,375.665342,312.558897,227.053285,558.812665,-323.034193,279.775758,380.876985,307.898651,305.546646,337.213063,-94.090892,306.489718,341.442880,93.827503,314.709519,247.434440,-84.873543,303.772199,260.149762,222.762973,325.156662,151.820313,-102.157096,319.832411,187.676811,348.142627,338.031969,131.608371,-104.383836,327.796951,175.715230,360.041336,287.988925,122.482974,-180.265689,283.447929,175.362074,342.383345,
0.000000,0.000000,0.000000,0.000000,0.000000,0.000000,0.000000,0.000000,0.000000,0.000000,0.000000,0.000000,0.000000,0.000000,0.000000,0.000000,0.000000,0.000000,0.000000,0.000000,0.000000,0.000000,0.000000,0.000000,0.000000,0.000000,0.000000,0.000000,0.000000,0.000000,0.000000,0.000000,0.000000,0.000000,0.000000,0.000000,0.000000,0.000000,0.000000,0.000000,0.000000,0.000000,0.000000,0.000000,0.000000,0.000000,0.000000,0.000000,0.000000,0.000000,0.000000,0.000000,285.446216,488.947325,-44.073793,286.205427,497.439604,-58.285125,289.928046,497.638605,-58.309456,292.875282,497.860120,-58.271034,288.997411,498.307076,-29.894907,290.152263,498.986612,-29.896808,291.299422,499.618246,-29.927761,303.829824,496.411378,-80.274771,300.730037,498.180041,35.984226,288.704284,481.797662,-48.642572,289.555811,482.702434,-10.753699,323.562893,464.283349,-163.202280,316.635256,461.435298,118.364517,281.632972,492.148780,-350.960494,304.206091,407.720611,227.614134,250.746851,542.208320,-469.024388,287.920857,375.180052,262.587778,237.230500,553.365886,-512.848343,283.994592,362.245817,274.063875,237.871946,556.406383,-499.207237,283.193489,362.955546,276.959163,241.709939,552.407504,-467.444450,286.137184,368.019335,259.360462,311.141988,336.792117,-93.259767,299.956998,340.211811,93.028244,320.208673,247.143153,-81.115545,304.009287,259.483703,212.986457,325.314330,150.735481,-96.674137,319.900564,187.214270,328.455719,338.161502,131.746350,-100.737879,328.813685,175.609937,338.037819,288.081089,122.403142,-169.415375,283.644438,172.876408,308.558347,
0.000000,0.000000,0.000000,0.000000,0.000000,0.000000,0.000000,0.000000,0.000000,0.000000,0.000000,0.000000,0.000000,0.000000,0.000000,0.000000,0.000000,0.000000,0.000000,0.000000,0.000000,0.000000,0.000000,0.000000,0.000000,0.000000,0.000000,0.000000,0.000000,0.000000,0.000000,0.000000,0.000000,0.000000,0.000000,0.000000,0.000000,0.000000,0.000000,0.000000,0.000000,0.000000,0.000000,0.000000,0.000000,0.000000,0.000000,0.000000,0.000000,0.000000,0.000000,0.000000,285.897420,485.018674,-77.200805,288.052465,492.568441,-90.046141,290.526299,492.727955,-90.092831,293.077615,492.976833,-90.109576,288.956774,493.084434,-62.677046,289.017989,493.545833,-62.685655,289.018352,493.954521,-62.693952,305.746954,491.820446,-103.234300,298.096176,492.715481,23.523329,289.520965,477.572161,-79.526219,289.599110,478.158077,-43.069007,333.019774,457.929382,-165.632350,300.379537,459.420448,103.263491,307.518525,487.332173,-332.491670,274.647274,470.838222,262.674654,281.072586,537.080173,-428.380975,259.086208,500.360886,360.164741,270.906614,547.607155,-461.961692,253.616705,510.599684,374.146619,270.109298,549.279791,-458.569998,255.169015,513.643339,365.114498,271.934084,545.781476,-429.259179,259.507055,508.998405,356.204342,313.375444,333.463560,-92.876285,296.110062,336.697063,92.551362,322.052183,244.735863,-84.034628,303.734596,257.710707,201.685187,325.429226,151.023100,-88.643457,321.035232,186.932744,321.930180,338.079411,132.363010,-91.575357,330.068207,175.682777,331.091382,290.049184,121.631857,-179.702406,285.571095,171.898781,295.948747,
0.000000,0.000000,0.000000,0.000000,0.000000,0.000000,0.000000,0.000000,0.000000,0.000000,0.000000,0.000000,0.000000,0.000000,0.000000,0.000000,0.000000,0.000000,0.000000,0.000000,0.000000,0.000000,0.000000,0.000000,0.000000,0.000000,0.000000,0.000000,0.000000,0.000000,0.000000,0.000000,0.000000,0.000000,0.000000,0.000000,0.000000,0.000000,0.000000,0.000000,0.000000,0.000000,0.000000,0.000000,0.000000,0.000000,0.000000,0.000000,0.000000,0.000000,0.000000,0.000000,286.174630,482.196054,-150.449888,289.042117,490.450281,-148.749881,291.072124,490.829810,-148.786493,293.422882,491.172229,-148.823169,287.204761,490.227243,-127.530023,286.554751,490.402593,-127.525222,285.796058,490.542925,-127.506099,306.284161,490.176819,-111.083226,293.450164,490.044604,-8.661677,289.832456,475.787222,-135.040214,289.026034,476.001641,-106.636566,336.594281,454.322386,-156.931277,287.749489,459.304811,87.020010,330.123944,472.784827,-356.042728,254.728634,484.327204,236.091358,313.493729,527.109162,-534.475580,224.596680,513.826858,319.833403,306.305442,540.609304,-576.616189,216.290041,524.293225,333.832304,304.233768,542.746080,-575.633039,218.325850,525.515262,318.457415,304.932375,537.194295,-539.565992,221.727748,521.465982,313.836263,316.866767,332.685943,-83.529484,293.270918,336.070434,83.380675,322.669055,244.873157,-88.845551,303.659391,256.176712,184.090651,325.724541,151.238748,-87.699398,321.022746,186.133543,320.141018,338.063419,132.777301,-90.895529,329.891732,175.511135,329.403282,290.778580,121.755984,-192.179982,285.462375,170.357463,280.336298,
0.000000,0.000000,0.000000,0.000000,0.000000,0.000000,0.000000,0.000000,0.000000,0.000000,0.000000,0.000000,0.000000,0.000000,0.000000,0.000000,0.000000,0.000000,0.000000,0.000000,0.000000,0.000000,0.000000,0.000000,0.000000,0.000000,0.000000,0.000000,0.000000,0.000000,0.000000,0.000000,0.000000,0.000000,0.000000,0.000000,0.000000,0.000000,0.000000,0.000000,0.000000,0.000000,0.000000,0.000000,0.000000,0.000000,0.000000,0.000000,0.000000,0.000000,0.000000,0.000000,284.998945,483.349792,-123.294269,289.623713,491.431470,-120.616118,291.390444,491.726429,-120.639886,294.174671,491.969892,-120.666635,286.815015,491.370329,-102.687794,286.225566,491.565683,-102.695697,285.639351,491.702066,-102.671372,309.209407,489.991419,-79.687522,292.973551,490.680925,-1.799154,289.843799,476.185854,-106.836553,286.332153,476.853405,-82.842334,337.083518,452.462862,-101.560411,278.309417,459.352792,85.246198,347.962191,466.624746,-316.412196,234.522073,485.476689,165.106601,342.228685,519.942280,-513.416531,193.898015,513.489550,144.098929,337.614836,534.413704,-557.502159,183.082023,522.042738,140.138678,334.481559,535.984030,-553.444426,183.481971,524.551092,122.080405,334.583994,529.418232,-518.320994,187.724148,521.016807,133.704858,319.710911,332.394662,-71.277475,291.378820,335.217218,71.191222,325.298751,243.327667,-99.323433,303.353470,253.929508,160.431694,324.638381,150.969583,-104.205991,320.874475,185.030860,294.620953,335.911199,132.782608,-108.926126,329.832551,175.359687,303.350910,290.817942,121.582557,-215.468044,286.288085,168.786969,247.986071,
0.000000,0.000000,0.000000,0.000000,0.000000,0.000000,0.000000,0.000000,0.000000,0.000000,0.000000,0.000000,0.000000,0.000000,0.000000,0.000000,0.000000,0.000000,0.000000,0.000000,0.000000,0.000000,0.000000,0.000000,0.000000,0.000000,0.000000,0.000000,0.000000,0.000000,0.000000,0.000000,0.000000,0.000000,0.000000,0.000000,0.000000,0.000000,0.000000,0.000000,0.000000,0.000000,0.000000,0.000000,0.000000,0.000000,0.000000,0.000000,0.000000,0.000000,0.000000,0.000000,284.488760,484.098445,-128.355735,290.034583,492.073119,-127.320219,291.439128,492.285684,-127.326849,295.338552,492.414749,-127.335763,286.863964,492.066728,-108.102582,286.303630,492.174182,-108.120486,285.710848,492.071610,-108.095355,310.746529,490.002878,-84.057157,292.396043,491.022417,-0.935695,289.885680,476.197728,-112.102938,285.127420,477.488966,-86.255747,337.638072,453.715310,-107.252826,270.369504,461.633780,86.358588,362.007105,470.370553,-321.914707,218.526801,484.174038,171.803075,368.700024,513.238115,-541.821439,172.226214,509.802878,181.285488,367.936756,527.582658,-585.564760,160.705582,518.544029,183.380741,363.839709,530.287564,-584.310398,160.409751,521.726351,166.044275,362.382713,524.014592,-548.621236,164.580569,517.902129,171.744919,321.209061,332.472312,-73.738023,289.738669,335.354420,73.661796,325.621986,243.641527,-128.305963,301.373909,253.718418,174.574913,324.613127,151.065544,-141.139697,320.208553,185.670026,347.774991,335.517003,132.928724,-146.437908,328.939510,176.231597,358.793047,291.209160,121.697925,-262.442449,286.296520,168.942195,298.033566,
0.000000,0.000000,0.000000,0.000000,0.000000,0.000000,0.000000,0.000000,0.000000,0.000000,0.000000,0.000000,0.000000,0.000000,0.000000,0.000000,0.000000,0.000000,0.000000,0.000000,0.000000,0.000000,0.000000,0.000000,0.000000,0.000000,0.000000,0.000000,0.000000,0.000000,0.000000,0.000000,0.000000,0.000000,0.000000,0.000000,0.000000,0.000000,0.000000,0.000000,0.000000,0.000000,0.000000,0.000000,0.000000,0.000000,0.000000,0.000000,0.000000,0.000000,0.000000,0.000000,284.994030,483.874561,-155.681965,290.411683,491.864782,-151.456786,293.331257,491.876997,-151.457669,298.270529,491.837637,-151.476381,287.101321,492.386289,-136.590234,286.420255,492.653973,-136.605074,285.728478,492.669592,-136.593493,312.118934,489.394965,-87.365956,291.017133,491.361587,-21.184652,290.711087,474.570546,-131.900802,285.746342,476.972689,-111.304056,340.248192,454.380068,-91.951400,265.851938,462.348659,71.463720,372.063920,468.557360,-282.961287,210.863918,480.338950,116.610480,391.009385,509.195437,-485.755857,156.026031,506.740752,75.429053,394.609311,523.476087,-525.566296,142.234952,515.282051,67.946583,390.367184,526.017217,-526.702787,140.744360,518.833840,49.268802,387.834076,520.701577,-493.593211,144.984709,515.183434,63.687537,321.976725,332.533986,-70.171795,286.747161,335.430991,70.173577,325.907334,243.716359,-128.157584,299.503333,253.956877,185.125780,324.598338,151.269856,-133.245061,319.863626,186.427755,375.451854,334.811235,133.033447,-138.370904,327.840670,177.755458,388.693771,291.615500,121.738716,-261.588989,286.555199,169.008981,323.892425,
0.000000,0.000000,0.000000,0.000000,0.000000,0.000000,0.000000,0.000000,0.000000,0.000000,0.000000,0.000000,0.000000,0.000000,0.000000,0.000000,0.000000,0.000000,0.000000,0.000000,0.000000,0.000000,0.000000,0.000000,0.000000,0.000000,0.000000,0.000000,0.000000,0.000000,0.000000,0.000000,0.000000,0.000000,0.000000,0.000000,0.000000,0.000000,0.000000,0.000000,0.000000,0.000000,0.000000,0.000000,0.000000,0.000000,0.000000,0.000000,0.000000,0.000000,0.000000,0.000000,285.748002,482.762670,-209.945811,293.289647,490.918000,-202.391710,297.389832,490.851697,-202.399508,302.556655,490.777343,-202.428877,287.545559,491.837971,-192.214065,286.861362,492.304575,-192.240286,285.954724,492.620059,-192.202654,313.832390,488.757670,-120.687584,290.002410,491.525716,-72.010211,293.372283,473.098575,-177.511611,286.361019,475.795130,-162.870684,341.134455,455.042462,-99.655521,262.231393,462.317247,29.875769,382.590650,468.903678,-254.647093,204.189682,477.767850,66.099019,412.184534,505.862489,-455.958957,150.224544,500.948540,4.520521,417.857905,520.183681,-494.773120,135.832644,508.573631,-7.808890,414.452190,521.939156,-499.325498,134.723521,512.358805,-30.674128,411.031771,517.099150,-464.839326,139.807709,508.992495,-9.101861,321.776375,332.625383,-67.400880,282.747862,335.501624,67.471248,326.153609,243.797375,-135.037261,296.114626,254.050905,220.929544,324.579910,151.286201,-135.945315,319.112383,190.615998,448.599163,334.700625,133.126141,-141.237440,327.382686,180.382729,466.715062,291.736226,121.851581,-273.531731,287.025070,169.076678,401.581536,
0.000000,0.000000,0.000000,0.000000,0.000000,0.000000,0.000000,0.000000,0.000000,0.000000,0.000000,0.000000,0.000000,0.000000,0.000000,0.000000,0.000000,0.000000,0.000000,0.000000,0.000000,0.000000,0.000000,0.000000,0.000000,0.000000,0.000000,0.000000,0.000000,0.000000,0.000000,0.000000,0.000000,0.000000,0.000000,0.000000,0.000000,0.000000,0.000000,0.000000,0.000000,0.000000,0.000000,0.000000,0.000000,0.000000,0.000000,0.000000,0.000000,0.000000,0.000000,0.000000,287.835926,480.167283,-294.246710,295.663873,488.657671,-286.441101,300.030949,488.565620,-286.451286,304.623611,488.486553,-286.501399,287.662852,489.722231,-278.886236,287.230048,490.352053,-278.956871,286.000757,490.965260,-278.941919,314.508341,487.394935,-197.269866,288.983842,490.980398,-159.981432,295.964549,470.979040,-257.502811,286.771087,473.574206,-246.603128,341.441829,455.494932,-143.819584,260.562081,462.079760,-47.819784,388.551159,468.963388,-235.773558,205.431562,473.230877,0.349881,427.284924,503.997708,-379.027275,151.470712,497.451604,-59.583208,435.111882,518.749956,-407.869582,137.748159,508.041753,-71.198480,432.487638,520.476982,-422.840566,136.596416,510.833999,-96.126809,428.561463,515.560693,-391.450050,140.936529,508.256674,-73.431950,321.575337,333.365104,-62.757323,280.062077,335.560067,62.871790,325.754004,243.878700,-164.424981,293.402768,254.117024,220.288243,324.544645,151.330754,-170.570407,317.967830,193.817682,478.855605,334.069752,133.216004,-177.203371,326.225198,184.918251,500.418863,292.619229,121.890370,-318.423695,287.062872,169.095825,435.252542,
0.000000,0.000000,0.000000,0.000000,0.000000,0.000000,0.000000,0.000000,0.000000,0.000000,0.000000,0.000000,0.000000,0.000000,0.000000,0.000000,0.000000,0.000000,0.000000,0.000000,0.000000,0.000000,0.000000,0.000000,0.000000,0.000000,0.000000,0.000000,0.000000,0.000000,0.000000,0.000000,0.000000,0.000000,0.000000,0.000000,0.000000,0.000000,0.000000,0.000000,0.000000,0.000000,0.000000,0.000000,0.000000,0.000000,0.000000,0.000000,0.000000,0.000000,0.000000,0.000000,290.731888,478.678346,-311.886014,298.195694,487.190613,-302.971266,302.326595,487.109369,-302.974671,306.319314,487.098627,-303.025314,288.748047,488.280539,-297.744635,287.290242,488.960861,-297.845808,286.406237,489.638619,-297.819157,315.514407,486.611611,-210.208281,288.892556,490.460151,-183.142446,299.211208,469.710202,-273.744376,287.490191,471.792397,-265.904279,342.089876,455.759227,-153.477552,261.694889,460.670021,-72.829248,393.305964,470.046129,-217.841754,210.808415,464.006738,4.540509,435.868405,502.084220,-347.314664,161.450527,485.166210,-17.866036,445.652103,517.006451,-375.251075,144.978798,492.460508,-24.489347,444.112279,519.118964,-395.995449,144.966990,497.347938,-50.304242,440.183731,513.622390,-362.361817,150.589881,494.725260,-30.294843,320.882029,333.381823,-58.800152,278.099274,335.021260,58.926003,325.332495,243.975796,-168.964826,291.203326,253.720586,215.990727,324.483898,151.368717,-166.126324,316.888828,195.775188,490.148158,333.862126,133.268365,-172.085176,324.740884,188.380653,513.490323,292.660271,121.944926,-314.833476,287.564609,169.124773,448.010211,
0.000000,0.000000,0.000000,0.000000,0.000000,0.000000,0.000000,0.000000,0.000000,0.000000,0.000000,0.000000,0.000000,0.000000,0.000000,0.000000,0.000000,0.000000,0.000000,0.000000,0.000000,0.000000,0.000000,0.000000,0.000000,0.000000,0.000000,0.000000,0.000000,0.000000,0.000000,0.000000,0.000000,0.000000,0.000000,0.000000,0.000000,0.000000,0.000000,0.000000,0.000000,0.000000,0.000000,0.000000,0.000000,0.000000,0.000000,0.000000,0.000000,0.000000,0.000000,0.000000,296.143385,476.472978,-330.207763,303.268715,485.273984,-321.062413,306.983423,485.133109,-321.041201,310.255533,485.122694,-321.101447,292.808986,486.773189,-321.146477,290.097713,487.617176,-321.270225,288.099655,488.400290,-321.284551,317.245633,485.573840,-221.656473,289.025162,489.899511,-220.598502,303.079975,468.074114,-288.335411,290.523673,469.881985,-288.369688,341.315037,455.912888,-149.414085,258.311841,458.715234,-145.478240,393.231767,470.278998,-161.516898,216.004884,455.045807,-289.581853,440.501370,501.096165,-222.035376,173.639933,472.609389,-558.377025,452.661028,514.456723,-236.392399,158.669268,478.960657,-599.926606,452.162182,516.727410,-255.989885,160.082282,483.763303,-618.060257,447.876393,511.706934,-233.582306,165.965180,480.907202,-574.104972,320.246555,333.862214,-39.187388,275.901452,334.607779,39.203008,325.246654,244.015067,-147.638113,288.104606,253.232016,194.010861,323.975628,151.504222,-156.442512,316.489796,196.430943,448.090600,332.127023,134.043524,-164.970798,324.789401,188.707349,469.463885,294.508120,121.997229,-304.870760,289.285698,169.159420,408.878401,
0.000000,0.000000,0.000000,0.000000,0.000000,0.000000,0.000000,0.000000,0.000000,0.000000,0.000000,0.000000,0.000000,0.000000,0.000000,0.000000,0.000000,0.000000,0.000000,0.000000,0.000000,0.000000,0.000000,0.000000,0.000000,0.000000,0.000000,0.000000,0.000000,0.000000,0.000000,0.000000,0.000000,0.000000,0.000000,0.000000,0.000000,0.000000,0.000000,0.000000,0.000000,0.000000,0.000000,0.000000,0.000000,0.000000,0.000000,0.000000,0.000000,0.000000,0.000000,0.000000,300.312351,474.955166,-291.933980,306.441230,483.746428,-282.137123,309.511256,483.627800,-282.128675,312.752215,483.682167,-282.196698,296.300082,485.730686,-283.162941,292.741532,486.767433,-283.252237,289.601107,487.687274,-283.263322,318.586599,484.826069,-186.573099,288.743614,489.464463,-186.122226,305.591969,466.840899,-250.824115,293.174255,468.518417,-251.818757,340.585023,455.884520,-111.645644,258.164900,456.240597,-125.266229,394.502394,470.913914,-119.683805,224.552346,444.886318,-291.874436,442.913972,498.476426,-179.228173,187.918504,459.849656,-567.669223,456.857796,510.941911,-191.248860,174.493841,465.854333,-610.481907,456.448633,513.678879,-207.843108,176.030609,471.115115,-624.812258,451.696700,508.778534,-189.406642,181.501739,468.401208,-581.884674,320.079941,333.877075,-33.427705,274.078066,333.835822,33.406147,324.979659,244.071655,-126.673788,285.636847,253.236894,188.103440,324.012713,151.532166,-122.984095,314.668916,198.902221,443.378732,332.213379,134.156384,-131.204565,323.769468,190.950951,465.867778,294.505480,122.009492,-279.050769,288.419061,169.347013,410.329482,
0.000000,0.000000,0.000000,0.000000,0.000000,0.000000,0.000000,0.000000,0.000000,0.000000,0.000000,0.000000,0.000000,0.000000,0.000000,0.000000,0.000000,0.000000,0.000000,0.000000,0.000000,0.000000,0.000000,0.000000,0.000000,0.000000,0.000000,0.000000,0.000000,0.000000,0.000000,0.000000,0.000000,0.000000,0.000000,0.000000,0.000000,0.000000,0.000000,0.000000,0.000000,0.000000,0.000000,0.000000,0.000000,0.000000,0.000000,0.000000,0.000000,0.000000,0.000000,0.000000,302.984186,474.989481,-266.636128,308.749792,483.894269,-256.322275,311.813455,483.784029,-256.328370,315.136593,483.805029,-256.386542,298.272828,485.703445,-257.796126,294.147618,486.731381,-257.871339,290.551145,487.662507,-257.903979,319.624105,484.706485,-167.320182,287.787506,489.252279,-161.426174,307.366681,467.091528,-225.470597,294.483415,468.447592,-226.895026,339.629601,455.976243,-78.933172,259.342133,455.370038,-113.425066,389.725948,470.249143,-92.614875,229.460893,438.972342,-314.853579,439.977518,497.001301,-144.552410,204.977390,446.570784,-613.259624,453.997339,507.645534,-153.703445,193.165802,453.716457,-659.829865,454.415939,510.233758,-169.807598,198.804086,457.918612,-668.927858,449.796956,506.276637,-154.202637,204.584150,455.070741,-625.826579,319.725369,333.697997,-26.001296,274.041220,332.248465,25.982540,324.934666,243.738623,-106.126067,284.670011,251.636509,164.718566,324.249102,151.498158,-77.764112,313.121168,200.080043,431.730798,332.281344,134.172305,-82.728933,321.728003,192.901752,454.064010,294.410675,122.046780,-214.950278,288.373761,169.349293,399.994230,
0.000000,0.000000,0.000000,0.000000,0.000000,0.000000,0.000000,0.000000,0.000000,0.000000,0.000000,0.000000,0.000000,0.000000,0.000000,0.000000,0.000000,0.000000,0.000000,0.000000,0.000000,0.000000,0.000000,0.000000,0.000000,0.000000,0.000000,0.000000,0.000000,0.000000,0.000000,0.000000,0.000000,0.000000,0.000000,0.000000,0.000000,0.000000,0.000000,0.000000,0.000000,0.000000,0.000000,0.000000,0.000000,0.000000,0.000000,0.000000,0.000000,0.000000,0.000000,0.000000,304.290612,474.747602,-259.944377,309.731940,483.700677,-248.770011,313.099841,483.600252,-248.784105,316.204876,483.622051,-248.842035,299.417131,485.520788,-250.754235,295.242391,486.453412,-250.801327,291.307257,487.368893,-250.835018,320.104583,484.525786,-149.304908,287.044721,488.899876,-152.757724,307.967850,466.837930,-217.286005,295.146485,468.219461,-219.561585,338.890622,456.023996,-74.549255,260.579167,455.325854,-106.261098,386.538560,469.958554,-97.339096,229.707187,437.617644,-319.673334,437.055482,495.032148,-154.048277,231.413951,438.849591,-610.487955,450.369442,505.099778,-166.614319,225.856113,442.224213,-656.728764,450.501519,506.720537,-182.284073,229.953881,445.141046,-661.417205,446.210864,502.792260,-163.397193,233.744392,442.789336,-620.908376,319.515381,333.696139,-27.065195,273.970515,332.147517,27.074466,324.797321,243.292725,-104.439676,281.765041,251.686369,165.602019,324.265711,151.402198,-70.986680,309.421660,204.296585,477.427952,331.848234,134.698394,-75.203194,318.371768,198.680594,503.187089,294.324031,122.282269,-208.481056,285.556724,169.836852,448.359655,
0.000000,0.000000,0.000000,0.000000,0.000000,0.000000,0.000000,0.000000,0.000000,0.000000,0.000000,0.000000,0.000000,0.000000,0.000000,0.000000,0.000000,0.000000,0.000000,0.000000,0.000000,0.000000,0.000000,0.000000,0.000000,0.000000,0.000000,0.000000,0.000000,0.000000,0.000000,0.000000,0.000000,0.000000,0.000000,0.000000,0.000000,0.000000,0.000000,0.000000,0.000000,0.000000,0.000000,0.000000,0.000000,0.000000,0.000000,0.000000,0.000000,0.000000,0.000000,0.000000,305.022959,474.559288,-251.451729,310.240368,483.525235,-240.387629,313.463100,483.453835,-240.400586,316.355234,483.496935,-240.449222,300.392422,485.352102,-243.383366,296.274148,486.249231,-243.420057,292.236727,487.166524,-243.454845,319.779252,484.384165,-132.470445,286.691105,488.755712,-151.696742,308.129267,466.816726,-210.734929,295.769652,468.368566,-213.224761,337.542018,456.072221,-60.035599,260.953352,455.146358,-115.426511,381.663184,469.449029,-74.799815,242.573477,432.404065,-338.045985,429.611018,490.979033,-125.367727,254.740328,433.484284,-615.924691,443.290750,501.179869,-138.180716,255.497706,436.106084,-664.529671,443.184896,502.558351,-154.049396,260.253406,440.631317,-665.096667,439.017861,498.603392,-134.796551,261.942635,439.343686,-623.823529,319.345324,332.667738,-23.228889,273.808193,330.058545,23.272782,324.671815,242.911146,-100.596074,280.532436,251.596676,171.269950,324.276176,150.935838,-60.391789,306.522819,206.966932,496.348951,331.823181,134.677520,-63.693750,315.497508,201.201130,523.683605,294.299310,122.212699,-197.112977,285.047489,170.668371,466.566282,
0.000000,0.000000,0.000000,0.000000,0.000000,0.000000,0.000000,0.000000,0.000000,0.000000,0.000000,0.000000,0.000000,0.000000,0.000000,0.000000,0.000000,0.000000,0.000000,0.000000,0.000000,0.000000,0.000000,0.000000,0.000000,0.000000,0.000000,0.000000,0.000000,0.000000,0.000000,0.000000,0.000000,0.000000,0.000000,0.000000,0.000000,0.000000,0.000000,0.000000,0.000000,0.000000,0.000000,0.000000,0.000000,0.000000,0.000000,0.000000,0.000000,0.000000,0.000000,0.000000,307.501139,473.637804,-205.235046,311.504871,482.418514,-188.965462,314.114719,482.462497,-189.025583,316.660591,482.641411,-189.117695,302.383639,484.284104,-195.823924,298.236086,485.339852,-195.806418,294.049635,486.270039,-195.732689,319.479209,483.893192,-81.127228,286.681496,488.143766,-107.406381,309.258312,466.499941,-161.712455,299.072267,467.749406,-169.415136,332.998002,456.557788,-36.438113,257.835138,451.393498,-30.064482,380.173057,468.222984,-51.762427,256.230684,406.101219,9.189653,421.709987,485.892634,-132.272559,256.834728,354.504119,0.824962,435.036748,495.635601,-157.190865,252.328190,336.435922,-5.227849,434.493374,497.406694,-176.474530,255.243700,336.926030,-32.646622,429.878271,493.603406,-145.370291,256.782318,342.339495,-9.817236,319.250313,332.655477,-23.831716,274.370843,329.478171,24.085413,324.078624,243.030506,-138.270224,280.881695,251.308357,176.421647,324.209742,150.627129,-123.668434,303.976188,205.719827,493.364973,331.860761,133.623573,-129.126110,312.462768,200.513121,519.751171,294.257068,122.230717,-269.309952,282.222642,170.780972,462.757934,
0.000000,0.000000,0.000000,0.000000,0.000000,0.000000,0.000000,0.000000,0.000000,0.000000,0.000000,0.000000,0.000000,0.000000,0.000000,0.000000,0.000000,0.000000,0.000000,0.000000,0.000000,0.000000,0.000000,0.000000,0.000000,0.000000,0.000000,0.000000,0.000000,0.000000,0.000000,0.000000,0.000000,0.000000,0.000000,0.000000,0.000000,0.000000,0.000000,0.000000,0.000000,0.000000,0.000000,0.000000,0.000000,0.000000,0.000000,0.000000,0.000000,0.000000,0.000000,0.000000,310.171008,473.542392,-160.705518,313.077995,482.356882,-146.999416,315.206368,482.479101,-147.053839,317.301932,482.675602,-147.108508,304.797852,483.958955,-151.794318,300.652298,485.009995,-151.767804,296.422771,485.988808,-151.700619,318.560627,483.726890,-51.531157,286.914998,487.799721,-68.364496,310.558371,466.697985,-122.440026,302.059054,467.721076,-127.374506,329.563095,456.544076,-37.978047,258.142688,449.385207,20.864974,372.459638,467.516415,-146.885044,260.098550,401.800686,105.083588,415.442988,482.573603,-380.750038,257.091292,347.792215,139.870357,434.424943,489.702123,-428.408259,256.395065,330.594492,140.774307,433.091515,491.409781,-443.876140,260.167230,330.900736,115.214607,427.921275,488.671965,-395.671187,262.259595,335.563445,131.362005,319.221396,332.472684,-37.725085,275.013161,328.846229,38.207648,323.922926,243.523405,-136.569566,281.630563,251.363366,179.833050,324.384929,150.632666,-131.694991,302.184442,205.449035,473.028575,332.007885,133.568027,-137.201773,310.424502,200.388357,496.324734,294.270748,122.239226,-269.531851,281.395682,170.796472,439.285956,
0.000000,0.000000,0.000000,0.000000,0.000000,0.000000,0.000000,0.000000,0.000000,0.000000,0.000000,0.000000,0.000000,0.000000,0.000000,0.000000,0.000000,0.000000,0.000000,0.000000,0.000000,0.000000,0.000000,0.000000,0.000000,0.000000,0.000000,0.000000,0.000000,0.000000,0.000000,0.000000,0.000000,0.000000,0.000000,0.000000,0.000000,0.000000,0.000000,0.000000,0.000000,0.000000,0.000000,0.000000,0.000000,0.000000,0.000000,0.000000,0.000000,0.000000,0.000000,0.000000,311.310322,473.621902,-142.506988,313.875345,482.510394,-125.930674,315.791514,482.629292,-125.964188,317.591510,482.821383,-125.982083,305.961551,484.004357,-134.465219,301.888149,485.145105,-134.461838,297.622561,486.203560,-134.432792,317.706975,483.834722,-18.095868,287.076431,487.814811,-53.866288,311.037386,466.820543,-99.528273,302.991258,467.892547,-110.008454,326.755743,456.575281,15.625901,259.225947,449.915067,-13.662087,360.489154,463.284967,-128.774234,269.419585,408.752620,-148.561361,397.324443,477.800320,-338.246042,313.462062,392.659463,-291.586117,412.770262,484.451749,-382.715637,324.893434,386.552314,-329.803355,411.643082,486.506494,-392.447636,327.114586,387.269270,-326.794878,406.763853,483.763373,-350.199927,323.744109,388.238145,-293.034166,319.213823,331.128480,-27.623258,275.077891,327.240121,27.967319,323.902798,243.148010,-116.529760,281.425979,250.869647,148.763207,324.057989,150.470534,-92.984476,301.404065,206.220913,412.693380,331.976435,133.572627,-97.434002,309.601304,201.268200,435.223255,294.245067,122.277264,-217.874799,281.344133,170.808325,378.950592,
0.000000,0.000000,0.000000,0.000000,0.000000,0.000000,0.000000,0.000000,0.000000,0.000000,0.000000,0.000000,0.000000,0.000000,0.000000,0.000000,0.000000,0.000000,0.000000,0.000000,0.000000,0.000000,0.000000,0.000000,0.000000,0.000000,0.000000,0.000000,0.000000,0.000000,0.000000,0.000000,0.000000,0.000000,0.000000,0.000000,0.000000,0.000000,0.000000,0.000000,0.000000,0.000000,0.000000,0.000000,0.000000,0.000000,0.000000,0.000000,0.000000,0.000000,0.000000,0.000000,311.157955,473.727777,-150.885894,313.730884,482.679030,-134.349148,315.572435,482.805899,-134.383805,317.324207,482.998725,-134.401970,305.932920,484.060586,-143.356496,301.909781,485.225968,-143.346041,297.722462,486.311099,-143.342351,316.422053,483.851763,-25.010248,287.195584,487.730541,-63.398196,310.899528,466.920201,-106.921631,302.888529,467.931687,-118.255460,323.119762,456.391835,21.896904,259.873511,450.044857,-23.884056,350.837333,460.178057,-81.866689,279.666827,410.551944,-142.931205,380.912020,473.921159,-276.171464,328.667404,403.809077,-260.049498,393.256900,479.439667,-330.241097,341.178190,399.892294,-292.397526,392.809653,481.042373,-332.696555,343.913185,403.915838,-292.674515,387.683138,477.906573,-286.687833,340.098089,404.458702,-262.505542,319.151170,330.179215,-25.208966,275.509090,326.068434,25.471489,323.550553,243.169655,-102.944466,281.903980,249.310722,140.200107,323.393188,149.851007,-88.837216,300.950926,205.587602,396.940178,331.693914,132.944291,-93.727424,309.546389,200.446051,419.648749,294.256348,122.184670,-211.462474,281.509713,170.258310,366.323224,
0.000000,0.000000,0.000000,0.000000,0.000000,0.000000,0.000000,0.000000,0.000000,0.000000,0.000000,0.000000,0.000000,0.000000,0.000000,0.000000,0.000000,0.000000,0.000000,0.000000,0.000000,0.000000,0.000000,0.000000,0.000000,0.000000,0.000000,0.000000,0.000000,0.000000,0.000000,0.000000,0.000000,0.000000,0.000000,0.000000,0.000000,0.000000,0.000000,0.000000,0.000000,0.000000,0.000000,0.000000,0.000000,0.000000,0.000000,0.000000,0.000000,0.000000,0.000000,0.000000,311.067517,474.833808,-162.544328,313.522635,483.445455,-156.094616,315.279394,483.493081,-156.096128,316.986366,483.557051,-156.142063,306.074226,484.782131,-154.523941,302.172188,485.758658,-154.400160,297.965358,486.684553,-154.563771,314.353193,483.881733,-56.083913,287.169639,487.745166,-100.927618,310.670054,467.184401,-130.343858,302.872398,468.459147,-131.734706,320.188180,456.346918,3.497808,260.369008,448.561939,-74.813512,340.876357,454.830031,-70.643745,285.688902,406.532462,-178.567536,367.075603,470.863057,-231.407203,336.762259,402.657486,-286.948901,376.759629,475.607132,-266.844253,350.899574,399.507990,-320.307436,377.610272,476.171133,-276.389809,352.892737,407.418271,-318.791102,374.020596,473.249313,-241.397678,348.133282,408.386034,-287.221745,319.246870,329.229950,-17.464729,275.825768,325.028949,17.667566,322.513949,243.111522,-94.800709,282.045468,246.225390,127.749285,322.369140,149.431574,-69.593266,299.757469,205.237281,393.999090,330.935906,132.612080,-73.380216,308.224155,200.572979,417.818356,294.262108,121.845825,-190.797378,281.613434,170.179899,362.076590,
0.000000,0.000000,0.000000,0.000000,0.000000,0.000000,0.000000,0.000000,0.000000,0.000000,0.000000,0.000000,0.000000,0.000000,0.000000,0.000000,0.000000,0.000000,0.000000,0.000000,0.000000,0.000000,0.000000,0.000000,0.000000,0.000000,0.000000,0.000000,0.000000,0.000000,0.000000,0.000000,0.000000,0.000000,0.000000,0.000000,0.000000,0.000000,0.000000,0.000000,0.000000,0.000000,0.000000,0.000000,0.000000,0.000000,0.000000,0.000000,0.000000,0.000000,0.000000,0.000000,311.125515,475.443946,-184.031863,313.326581,484.281073,-167.517754,314.999460,484.347435,-167.565938,316.736698,484.398297,-167.576142,306.315278,485.388773,-185.892367,302.549339,486.209810,-185.846150,298.410015,487.018576,-185.969520,312.177712,484.107680,-67.064832,287.064900,487.754684,-130.629474,310.507765,467.257342,-133.976728,303.036255,468.611608,-161.176435,317.936664,456.343136,0.805148,260.715855,448.037601,-103.671247,335.608354,448.246009,-62.479482,288.089407,407.081182,-189.220048,356.247729,468.017179,-222.435056,342.275767,400.578298,-278.491758,363.106715,473.363213,-255.595469,356.812937,398.047632,-309.212813,361.979551,474.047977,-264.415940,358.425244,408.333155,-310.464899,359.369146,470.968284,-231.924499,353.883032,409.618311,-278.923396,319.525019,328.616179,-13.183763,275.993069,325.062077,13.360774,319.823869,241.874326,-89.915596,282.345015,243.918029,122.352775,322.022406,148.835509,-57.881171,297.575015,206.117963,404.611516,330.549973,132.039290,-60.892166,306.149101,204.497660,429.680335,294.476678,121.387359,-176.208912,281.710908,170.215914,374.804645,
0.000000,0.000000,0.000000,0.000000,0.000000,0.000000,0.000000,0.000000,0.000000,0.000000,0.000000,0.000000,0.000000,0.000000,0.000000,0.000000,0.000000,0.000000,0.000000,0.000000,0.000000,0.000000,0.000000,0.000000,0.000000,0.000000,0.000000,0.000000,0.000000,0.000000,0.000000,0.000000,0.000000,0.000000,0.000000,0.000000,0.000000,0.000000,0.000000,0.000000,0.000000,0.000000,0.000000,0.000000,0.000000,0.000000,0.000000,0.000000,0.000000,0.000000,0.000000,0.000000,310.881728,475.978758,-170.762101,313.068615,484.887180,-154.732141,314.788807,484.948577,-154.778589,316.648525,484.985179,-154.797408,306.104704,485.944774,-170.208154,302.400736,486.694992,-170.185407,298.358106,487.380950,-170.266645,311.110134,484.342148,-48.336019,286.799688,487.768613,-127.265935,310.337623,467.362089,-125.477344,302.882586,468.790534,-146.036161,316.796818,456.286873,11.144070,260.948226,448.205707,-88.209445,337.454010,437.545977,-85.236685,288.630562,408.183082,-168.608131,349.279058,465.467022,-281.532701,344.694798,399.837801,-243.543854,355.206916,472.060548,-321.604167,359.505013,398.050707,-274.522855,354.948692,472.978387,-328.187876,360.660078,408.866067,-271.147771,351.364198,469.604997,-291.452285,356.174035,410.167960,-240.793913,319.591803,328.570852,-11.278293,276.179292,325.296790,11.457704,318.842321,241.623238,-71.930277,281.947956,244.397386,116.964249,321.362155,148.846582,-35.883375,296.282190,207.383609,387.761533,329.467066,132.204511,-38.275978,305.058258,206.442691,412.391857,294.467798,121.377098,-147.936647,280.710870,170.329883,360.738042,
0.000000,0.000000,0.000000,0.000000,0.000000,0.000000,0.000000,0.000000,0.000000,0.000000,0.000000,0.000000,0.000000,0.000000,0.000000,0.000000,0.000000,0.000000,0.000000,0.000000,0.000000,0.000000,0.000000,0.000000,0.000000,0.000000,0.000000,0.000000,0.000000,0.000000,0.000000,0.000000,0.000000,0.000000,0.000000,0.000000,0.000000,0.000000,0.000000,0.000000,0.000000,0.000000,0.000000,0.000000,0.000000,0.000000,0.000000,0.000000,0.000000,0.000000,0.000000,0.000000,311.037044,476.492647,-168.913813,312.891322,485.416153,-153.396734,314.673651,485.478398,-153.443002,316.404425,485.510065,-153.452753,306.136105,486.435816,-169.078961,302.496669,487.158948,-169.073770,298.487389,487.789599,-169.137390,309.126708,484.636556,-49.125332,286.684379,487.778131,-121.125783,310.219832,467.707712,-125.732580,302.970033,469.114093,-145.919889,315.502004,456.332734,10.992747,260.972147,447.715198,-98.100703,337.704426,439.701508,-71.227463,288.248978,406.835819,-172.958706,349.250222,465.700119,-257.165948,343.349147,399.476776,-239.031009,355.067382,472.080406,-295.990180,357.560736,397.872390,-268.243607,354.846248,472.561768,-303.515794,358.442479,408.317753,-266.671726,351.535956,469.170878,-267.783269,354.300083,409.680368,-236.966657,320.110234,328.570852,-8.143295,276.379456,325.396488,8.306720,318.343259,241.029532,-71.856087,282.146167,243.496661,110.412866,321.063427,148.861081,-39.008249,295.297874,207.783210,385.249353,329.201070,132.223616,-41.727079,303.195401,207.592979,410.529125,294.763012,120.754965,-149.871155,280.015749,170.410801,361.282938,
0.000000,0.000000,0.000000,0.000000,0.000000,0.000000,0.000000,0.000000,0.000000,0.000000,0.000000,0.000000,0.000000,0.000000,0.000000,0.000000,0.000000,0.000000,0.000000,0.000000,0.000000,0.000000,0.000000,0.000000,0.000000,0.000000,0.000000,0.000000,0.000000,0.000000,0.000000,0.000000,0.000000,0.000000,0.000000,0.000000,0.000000,0.000000,0.000000,0.000000,0.000000,0.000000,0.000000,0.000000,0.000000,0.000000,0.000000,0.000000,0.000000,0.000000,0.000000,0.000000,310.802103,476.668825,-179.747625,312.662435,485.578361,-162.365612,314.265453,485.635004,-162.413097,315.827126,485.663361,-162.432160,306.017888,486.595771,-181.268903,302.313267,487.314611,-181.248419,298.281711,487.903981,-181.328013,308.886127,484.798744,-55.831333,286.026154,487.790435,-125.510800,310.060160,467.840872,-131.594518,302.887680,469.164788,-156.650133,314.431317,456.901041,2.540912,260.615047,447.588515,-97.718453,331.981966,441.098722,-43.605947,287.163201,407.515399,-182.886122,350.033597,465.714036,-175.079761,338.060787,397.771789,-272.255502,356.489560,470.610937,-200.776194,350.583198,397.251353,-302.606120,356.760324,472.085060,-213.179610,351.600095,406.531111,-303.390471,354.081092,467.944682,-184.934745,347.410392,408.326931,-272.180987,319.841035,328.638471,-11.743843,276.506923,325.457432,11.885561,316.738327,241.613343,-79.494783,282.291479,243.686616,123.044636,320.310123,149.040876,-53.783381,295.240126,209.270368,389.569076,329.247446,132.800651,-57.155277,302.862176,208.581721,414.707336,293.854088,120.719178,-170.570390,279.437783,172.307247,381.005797,
0.000000,0.000000,0.000000,0.000000,0.000000,0.000000,0.000000,0.000000,0.000000,0.000000,0.000000,0.000000,0.000000,0.000000,0.000000,0.000000,0.000000,0.000000,0.000000,0.000000,0.000000,0.000000,0.000000,0.000000,0.000000,0.000000,0.000000,0.000000,0.000000,0.000000,0.000000,0.000000,0.000000,0.000000,0.000000,0.000000,0.000000,0.000000,0.000000,0.000000,0.000000,0.000000,0.000000,0.000000,0.000000,0.000000,0.000000,0.000000,0.000000,0.000000,0.000000,0.000000,310.518012,476.732852,-205.926969,312.089282,485.585167,-188.875232,313.620387,485.644438,-188.926316,315.099468,485.680644,-188.946229,305.365848,486.612884,-203.008076,301.532630,487.329772,-203.000933,297.389459,487.929400,-203.059511,308.633243,484.883658,-71.977515,285.069085,487.773024,-133.011040,309.506108,468.035523,-157.398954,302.334131,469.234495,-176.067555,314.969222,458.376179,-2.839956,260.076835,447.599561,-105.195952,330.680423,449.255108,-17.922373,284.349893,408.498335,-210.887620,354.070620,465.254799,-111.916397,328.175220,398.248764,-330.655989,361.443035,469.157354,-131.933040,339.360464,396.682583,-363.626546,361.866324,469.897809,-148.062462,340.540826,405.052512,-367.022388,358.421877,466.387185,-122.049552,337.401156,406.881886,-332.683821,319.489906,328.372454,-10.579969,276.515886,324.598903,10.679243,316.363587,241.575618,-77.440296,282.433605,243.285842,119.103694,320.102174,149.300814,-31.913383,294.311477,209.203524,394.899798,328.596850,133.422619,-33.387279,301.800124,208.856492,420.347273,293.890570,120.720680,-143.504348,279.538068,172.538832,374.087989,
0.000000,0.000000,0.000000,0.000000,0.000000,0.000000,0.000000,0.000000,0.000000,0.000000,0.000000,0.000000,0.000000,0.000000,0.000000,0.000000,0.000000,0.000000,0.000000,0.000000,0.000000,0.000000,0.000000,0.000000,0.000000,0.000000,0.000000,0.000000,0.000000,0.000000,0.000000,0.000000,0.000000,0.000000,0.000000,0.000000,0.000000,0.000000,0.000000,0.000000,0.000000,0.000000,0.000000,0.000000,0.000000,0.000000,0.000000,0.000000,0.000000,0.000000,0.000000,0.000000,309.633299,476.754613,-171.292892,311.225329,485.600669,-155.363752,312.820843,485.653872,-155.410286,314.296631,485.705818,-155.429125,304.273264,486.636633,-166.589404,300.431274,487.358749,-166.574810,296.273899,487.962965,-166.594342,308.493132,485.133111,-45.058792,283.916950,487.670646,-93.156488,308.690299,468.194128,-126.243054,301.223637,469.304575,-140.496631,315.934889,459.272608,-2.635225,258.328927,447.692416,-71.055435,334.288262,453.414904,-138.191544,281.134187,408.947423,-205.652001,356.954209,465.487896,-344.751193,318.944153,399.764015,-344.727540,362.113874,469.892088,-387.508985,334.097111,397.066887,-379.632851,362.427067,470.538762,-393.171981,337.587858,404.374820,-380.393625,360.920170,467.061212,-354.448926,334.081426,406.479992,-347.277469,319.321915,328.524039,-12.142245,276.320701,325.042075,12.322331,316.256434,241.649522,-86.200399,282.280007,244.953157,136.402859,319.938135,149.583160,-64.130920,293.782902,208.961031,393.790763,328.346579,134.489303,-68.465536,301.441841,208.156223,416.324290,293.856488,120.938402,-171.594541,278.246861,171.782077,367.401170,
0.000000,0.000000,0.000000,0.000000,0.000000,0.000000,0.000000,0.000000,0.000000,0.000000,0.000000,0.000000,0.000000,0.000000,0.000000,0.000000,0.000000,0.000000,0.000000,0.000000,0.000000,0.000000,0.000000,0.000000,0.000000,0.000000,0.000000,0.000000,0.000000,0.000000,0.000000,0.000000,0.000000,0.000000,0.000000,0.000000,0.000000,0.000000,0.000000,0.000000,0.000000,0.000000,0.000000,0.000000,0.000000,0.000000,0.000000,0.000000,0.000000,0.000000,0.000000,0.000000,306.915262,476.784743,-202.315698,309.355778,485.621087,-186.312696,311.422109,485.713873,-186.363432,313.292390,485.812523,-186.374238,300.865290,486.660731,-195.903945,296.692682,487.387388,-195.895349,292.484521,487.990338,-195.910524,308.549860,485.325563,-71.434468,281.577128,487.616556,-113.614255,307.280302,468.388779,-156.378007,298.628240,469.364590,-168.783945,316.885188,459.411139,-25.387083,256.264925,447.764905,-88.759198,335.218819,454.712601,-123.209459,269.461212,415.966274,-263.243811,362.312877,464.997347,-282.139113,295.230312,400.225178,-450.317468,375.482352,469.713369,-315.653293,302.482479,397.174492,-490.059020,373.927698,469.645434,-325.556582,307.018315,403.885034,-491.649907,367.852934,466.090156,-291.995600,306.405887,405.856466,-454.959279,318.749093,328.416295,-13.115125,276.190246,325.079892,13.295407,316.191905,242.133454,-95.539754,282.299764,246.621015,150.735008,319.912198,149.517253,-83.989125,294.132511,209.041049,408.643257,328.293273,134.250493,-90.129099,301.951008,208.071844,430.003726,293.835367,121.081547,-208.702956,278.366828,171.800996,373.987302,
0.000000,0.000000,0.000000,0.000000,0.000000,0.000000,0.000000,0.000000,0.000000,0.000000,0.000000,0.000000,0.000000,0.000000,0.000000,0.000000,0.000000,0.000000,0.000000,0.000000,0.000000,0.000000,0.000000,0.000000,0.000000,0.000000,0.000000,0.000000,0.000000,0.000000,0.000000,0.000000,0.000000,0.000000,0.000000,0.000000,0.000000,0.000000,0.000000,0.000000,0.000000,0.000000,0.000000,0.000000,0.000000,0.000000,0.000000,0.000000,0.000000,0.000000,0.000000,0.000000,304.469521,476.191763,-242.532554,307.858637,485.265666,-227.168911,310.444681,485.451982,-227.198121,312.705809,485.653216,-227.237310,298.449230,486.061074,-235.345651,294.285876,486.754292,-235.354019,290.069270,487.427551,-235.416680,308.937387,485.339372,-110.887477,279.786948,487.480980,-147.960730,305.863324,468.345523,-195.607897,296.672141,469.043640,-206.796581,318.730714,459.695765,-32.285631,253.698593,448.012748,-123.050038,343.068266,455.415189,32.985583,255.131031,424.295211,-339.741430,376.769265,462.760306,65.142240,272.458950,402.212134,-593.946777,393.568169,468.037380,71.109004,277.477238,397.829347,-641.781841,392.076373,467.722576,53.926349,284.348249,403.989768,-642.602642,385.356602,464.087115,59.347897,284.446735,406.086964,-600.520191,318.064048,328.418896,-13.628423,275.578799,325.112082,13.755947,316.124416,242.076557,-90.703149,283.065840,247.972372,148.904240,319.753392,149.361976,-34.621882,294.331767,208.350652,429.286018,328.108569,134.247663,-36.764768,302.218653,207.686733,453.578923,293.834407,120.851563,-164.715659,278.621445,171.170975,387.343172,
0.000000,0.000000,0.000000,0.000000,0.000000,0.000000,0.000000,0.000000,0.000000,0.000000,0.000000,0.000000,0.000000,0.000000,0.000000,0.000000,0.000000,0.000000,0.000000,0.000000,0.000000,0.000000,0.000000,0.000000,0.000000,0.000000,0.000000,0.000000,0.000000,0.000000,0.000000,0.000000,0.000000,0.000000,0.000000,0.000000,0.000000,0.000000,0.000000,0.000000,0.000000,0.000000,0.000000,0.000000,0.000000,0.000000,0.000000,0.000000,0.000000,0.000000,0.000000,0.000000,302.423867,475.815134,-238.200925,306.242362,484.994562,-223.532636,309.113356,485.258394,-223.552328,311.866775,485.548765,-223.582376,296.480178,485.643723,-230.811100,292.364381,486.269784,-230.827432,288.300436,486.910059,-230.881875,309.216925,485.380801,-109.637205,278.628088,487.442908,-142.937995,304.665350,468.281063,-192.000551,295.321379,468.805072,-201.987904,321.265271,459.676853,-33.389399,252.504274,449.669295,-112.359920,354.318419,455.259943,1.581577,247.527120,431.499942,-328.385148,395.445305,460.888567,-16.943947,255.682808,410.805585,-598.814965,411.165616,465.332762,-20.587882,252.564034,402.385663,-647.463983,409.998594,465.242890,-37.296788,261.396676,404.528841,-650.283991,403.620167,461.855590,-24.252909,265.067741,406.506588,-606.940681,317.048528,328.585342,-14.443134,274.613829,326.160319,14.570063,315.895309,242.486894,-99.925512,283.118102,252.525582,152.262423,319.764768,149.329813,-45.674373,294.841614,208.466288,432.110688,328.106437,135.154786,-48.793826,302.781136,207.477589,456.075501,293.836327,120.120319,-179.224468,278.655811,171.182827,388.036137,
0.000000,0.000000,0.000000,0.000000,0.000000,0.000000,0.000000,0.000000,0.000000,0.000000,0.000000,0.000000,0.000000,0.000000,0.000000,0.000000,0.000000,0.000000,0.000000,0.000000,0.000000,0.000000,0.000000,0.000000,0.000000,0.000000,0.000000,0.000000,0.000000,0.000000,0.000000,0.000000,0.000000,0.000000,0.000000,0.000000,0.000000,0.000000,0.000000,0.000000,0.000000,0.000000,0.000000,0.000000,0.000000,0.000000,0.000000,0.000000,0.000000,0.000000,0.000000,0.000000,298.770001,475.844846,-267.233267,303.143016,485.061487,-252.658930,306.265332,485.335376,-252.709650,309.237369,485.672754,-252.749657,293.376058,485.665377,-256.800303,289.365983,486.286631,-256.830847,285.481664,486.919510,-256.819183,309.297575,485.988714,-133.644942,276.784097,487.604948,-151.719316,302.049525,468.304388,-219.174757,291.815853,468.780097,-224.652637,324.077745,458.790825,-63.600591,250.976776,449.073159,-97.933200,367.408044,453.968217,-114.422564,237.720433,420.485402,-276.348853,407.388166,457.454726,-253.444781,234.042423,410.091440,-478.940281,425.865038,460.789322,-282.723144,227.299940,402.631618,-520.184003,424.604880,461.152812,-296.035822,232.326597,404.960099,-531.573956,416.189706,458.363597,-263.311371,236.435765,406.728221,-489.029010,316.640254,328.854703,-29.871922,274.224455,326.927900,30.002608,316.470740,242.487203,-126.442658,283.467361,252.790054,195.532954,319.774779,149.222780,-107.326743,296.005936,208.408714,479.541859,328.136555,135.144173,-113.533368,304.080977,205.258508,503.736853,293.750163,119.838032,-255.051490,278.737039,171.248930,434.986017,
0.000000,0.000000,0.000000,0.000000,0.000000,0.000000,0.000000,0.000000,0.000000,0.000000,0.000000,0.000000,0.000000,0.000000,0.000000,0.000000,0.000000,0.000000,0.000000,0.000000,0.000000,0.000000,0.000000,0.000000,0.000000,0.000000,0.000000,0.000000,0.000000,0.000000,0.000000,0.000000,0.000000,0.000000,0.000000,0.000000,0.000000,0.000000,0.000000,0.000000,0.000000,0.000000,0.000000,0.000000,0.000000,0.000000,0.000000,0.000000,0.000000,0.000000,0.000000,0.000000,297.388865,475.903014,-298.616253,301.628989,485.201765,-284.050002,304.831957,485.531983,-284.104983,307.738431,485.947408,-284.164046,291.839237,485.801234,-288.719989,287.910989,486.473965,-288.765957,284.032122,487.050512,-288.776222,309.288690,486.558430,-163.499908,275.712679,487.699433,-183.791451,301.062702,468.326864,-249.615995,290.724886,468.796871,-256.054380,326.403544,457.720877,-76.458596,249.035795,448.527075,-114.408609,378.800408,452.648626,-55.490437,226.782873,418.274167,-280.635449,424.949217,452.611863,-90.567925,207.579682,410.518346,-559.460818,441.256766,455.971845,-98.127326,197.715870,405.500067,-604.992380,442.257513,457.587513,-115.053020,201.900681,409.171028,-620.317246,436.082366,455.271451,-98.464123,206.174507,409.907911,-572.584800,316.362794,328.684170,-31.632654,274.191592,326.937276,31.718491,316.668471,242.112736,-121.808649,284.088762,253.201667,193.036935,319.517913,149.490890,-76.939607,296.321729,207.937390,492.176283,328.009687,135.159032,-77.835904,304.502706,203.547140,518.050135,293.554794,119.850294,-235.700721,278.770154,171.212459,450.918296,
0.000000,0.000000,0.000000,0.000000,0.000000,0.000000,0.000000,0.000000,0.000000,0.000000,0.000000,0.000000,0.000000,0.000000,0.000000,0.000000,0.000000,0.000000,0.000000,0.000000,0.000000,0.000000,0.000000,0.000000,0.000000,0.000000,0.000000,0.000000,0.000000,0.000000,0.000000,0.000000,0.000000,0.000000,0.000000,0.000000,0.000000,0.000000,0.000000,0.000000,0.000000,0.000000,0.000000,0.000000,0.000000,0.000000,0.000000,0.000000,0.000000,0.000000,0.000000,0.000000,292.502297,476.010144,-301.706211,297.612221,485.697465,-288.344958,301.176899,486.122182,-288.382474,304.572564,486.584261,-288.441673,287.283265,486.188549,-289.360161,283.605261,486.787986,-289.424046,280.312282,487.302740,-289.425322,308.899796,487.295330,-175.352229,274.435626,487.920207,-179.468513,298.071692,468.392596,-256.056469,286.311777,468.789788,-257.532695,329.523392,455.777194,-92.623453,248.231039,447.945092,-108.215298,383.518115,450.473192,-63.273338,215.290283,418.278628,-258.125487,435.786703,448.318692,-123.024770,188.436868,412.755647,-512.822157,452.274625,450.931963,-137.334831,174.188969,411.894895,-556.800111,454.362021,452.487933,-155.010262,178.500991,415.501283,-575.860253,447.407963,450.458060,-132.525774,184.515632,414.650851,-527.641371,315.949701,328.510292,-38.017546,274.171675,327.115733,38.094741,316.669655,242.866000,-124.824750,284.534259,256.237140,214.809242,319.305641,149.353012,-96.653524,297.075573,207.657816,495.049971,327.849503,134.712546,-101.287804,305.340299,202.173285,518.884484,293.544473,119.801745,-242.147184,278.842010,171.565308,452.345687,
0.000000,0.000000,0.000000,0.000000,0.000000,0.000000,0.000000,0.000000,0.000000,0.000000,0.000000,0.000000,0.000000,0.000000,0.000000,0.000000,0.000000,0.000000,0.000000,0.000000,0.000000,0.000000,0.000000,0.000000,0.000000,0.000000,0.000000,0.000000,0.000000,0.000000,0.000000,0.000000,0.000000,0.000000,0.000000,0.000000,0.000000,0.000000,0.000000,0.000000,0.000000,0.000000,0.000000,0.000000,0.000000,0.000000,0.000000,0.000000,0.000000,0.000000,0.000000,0.000000,288.010902,476.612749,-372.907960,294.186431,486.528546,-363.560817,297.964680,486.983706,-363.590496,301.405768,487.522068,-363.670155,283.485544,486.572721,-359.707947,280.256047,487.066965,-359.804013,277.168342,487.544540,-359.785937,307.499368,488.286971,-261.911424,273.666896,488.057871,-241.654482,295.494259,468.738218,-331.138615,282.678051,468.918392,-325.585031,332.800770,455.080759,-184.761357,247.891026,447.707604,-136.226929,390.359716,448.180328,-171.074301,206.319610,421.114422,-230.806432,449.017567,442.846117,-231.696628,167.979818,417.609722,-488.054808,465.433801,445.153374,-247.745064,151.053225,419.172087,-547.477546,466.962572,446.398883,-276.759372,153.624817,421.997880,-534.248203,460.607280,444.349928,-245.577022,160.699210,420.318737,-491.210903,315.604768,328.277713,-52.509265,274.190596,327.234183,52.573523,316.682679,242.231477,-113.122736,284.538083,257.965425,243.697065,319.508585,149.743710,-60.853512,297.089620,207.130870,513.039626,328.202920,135.464708,-64.018509,305.389882,200.252053,535.235128,293.458309,120.000447,-217.311516,278.868877,171.563028,463.486436,
0.000000,0.000000,0.000000,0.000000,0.000000,0.000000,0.000000,0.000000,0.000000,0.000000,0.000000,0.000000,0.000000,0.000000,0.000000,0.000000,0.000000,0.000000,0.000000,0.000000,0.000000,0.000000,0.000000,0.000000,0.000000,0.000000,0.000000,0.000000,0.000000,0.000000,0.000000,0.000000,0.000000,0.000000,0.000000,0.000000,0.000000,0.000000,0.000000,0.000000,0.000000,0.000000,0.000000,0.000000,0.000000,0.000000,0.000000,0.000000,0.000000,0.000000,0.000000,0.000000,282.310399,476.931209,-420.110397,288.751319,487.297617,-415.136375,292.727386,487.904477,-415.164032,296.731682,488.638721,-415.236320,278.482563,486.792048,-405.115700,275.827109,487.153894,-405.229950,273.661037,487.552035,-405.187340,304.589842,489.198693,-329.520798,273.163378,488.080390,-279.957066,291.458839,468.958738,-385.146713,278.776890,468.949331,-370.565681,335.451873,452.083676,-264.931393,248.366020,447.614404,-139.753078,394.653880,443.083084,-296.433489,201.837743,427.264839,18.871816,455.116356,437.644909,-415.067467,151.329340,424.656299,83.406485,472.415893,439.148408,-439.226681,134.337046,425.754456,93.044315,473.880204,440.009387,-479.649919,134.499463,428.651579,64.707365,467.899173,437.982848,-436.419788,139.373976,427.523277,73.219908,315.552443,327.830760,-67.166613,274.273251,327.297315,67.285546,316.705175,241.832890,-112.426493,285.261457,257.532405,264.812105,319.582755,149.766382,-60.008394,297.957920,206.284342,541.549797,328.495036,135.690428,-62.368735,305.911845,198.503183,564.055726,293.131893,120.207157,-213.425431,278.661747,171.475272,490.997751,
0.000000,0.000000,0.000000,0.000000,0.000000,0.000000,0.000000,0.000000,0.000000,0.000000,0.000000,0.000000,0.000000,0.000000,0.000000,0.000000,0.000000,0.000000,0.000000,0.000000,0.000000,0.000000,0.000000,0.000000,0.000000,0.000000,0.000000,0.000000,0.000000,0.000000,0.000000,0.000000,0.000000,0.000000,0.000000,0.000000,0.000000,0.000000,0.000000,0.000000,0.000000,0.000000,0.000000,0.000000,0.000000,0.000000,0.000000,0.000000,0.000000,0.000000,0.000000,0.000000,279.531416,477.697020,-400.670197,285.720451,488.039087,-396.765515,289.914002,488.823360,-396.799702,293.985331,489.717049,-396.889450,276.398065,487.088908,-385.394847,274.252668,487.307198,-385.496169,272.170359,487.594399,-385.474275,302.872285,490.146556,-318.653540,273.238329,488.090604,-262.546801,289.507005,469.888314,-368.207500,277.165485,469.479773,-351.812670,337.420349,451.356981,-256.065645,248.723119,447.627176,-135.780254,395.405127,438.901394,-290.012595,197.935188,430.934865,-18.236034,452.915217,430.731999,-403.848837,140.035289,432.053360,-8.680441,471.235216,431.308591,-428.334059,122.631119,433.074689,-7.404398,472.483737,432.814694,-463.182155,121.745397,435.964487,-38.924466,465.442518,430.793226,-422.516505,127.513031,434.931718,-22.211106,315.533854,327.499353,-67.793315,274.437565,327.512337,67.928816,316.721159,240.843690,-119.360386,285.298423,257.982225,264.617852,319.396192,149.314522,-69.193381,299.767874,206.105278,544.098740,328.363104,135.396427,-70.998653,307.845079,198.179372,567.755318,292.837159,120.201652,-220.611559,279.140990,171.489176,496.997528,
0.000000,0.000000,0.000000,0.000000,0.000000,0.000000,0.000000,0.000000,0.000000,0.000000,0.000000,0.000000,0.000000,0.000000,0.000000,0.000000,0.000000,0.000000,0.000000,0.000000,0.000000,0.000000,0.000000,0.000000,0.000000,0.000000,0.000000,0.000000,0.000000,0.000000,0.000000,0.000000,0.000000,0.000000,0.000000,0.000000,0.000000,0.000000,0.000000,0.000000,0.000000,0.000000,0.000000,0.000000,0.000000,0.000000,0.000000,0.000000,0.000000,0.000000,0.000000,0.000000,275.516783,479.677666,-347.847068,281.034848,489.878203,-340.687472,284.627088,490.741884,-340.723070,288.837896,491.709515,-340.792972,273.486048,488.726179,-337.337493,271.591920,488.752637,-337.393409,269.787429,488.860753,-337.405339,300.204023,491.268947,-268.409047,273.120137,488.997611,-238.093420,284.318110,472.181297,-314.310005,274.255108,471.673113,-304.332172,337.890375,450.248264,-222.957063,248.936696,448.246439,-85.825751,393.812978,435.209326,-275.427439,194.247707,436.414625,31.379721,448.046759,424.173955,-406.329615,133.966766,439.540019,32.770224,466.619844,422.920701,-431.969880,116.654481,441.228095,33.815208,467.836037,424.133792,-464.719540,115.896911,444.176876,5.020438,460.076392,423.443666,-424.341485,122.185893,442.898674,19.459483,315.527657,326.879266,-70.128523,275.085858,327.557655,70.219631,316.649526,238.825710,-112.526364,288.265852,255.994887,250.764683,319.338859,148.729003,-64.914200,302.700011,200.974387,515.325096,328.346046,134.211929,-66.374091,310.433032,191.742810,538.171518,292.628829,119.407594,-212.867838,279.591491,170.787583,470.001495,
0.000000,0.000000,0.000000,0.000000,0.000000,0.000000,0.000000,0.000000,0.000000,0.000000,0.000000,0.000000,0.000000,0.000000,0.000000,0.000000,0.000000,0.000000,0.000000,0.000000,0.000000,0.000000,0.000000,0.000000,0.000000,0.000000,0.000000,0.000000,0.000000,0.000000,0.000000,0.000000,0.000000,0.000000,0.000000,0.000000,0.000000,0.000000,0.000000,0.000000,0.000000,0.000000,0.000000,0.000000,0.000000,0.000000,0.000000,0.000000,0.000000,0.000000,0.000000,0.000000,273.604819,480.817176,-336.340289,279.432643,490.660130,-325.402483,282.966209,491.443782,-325.436006,287.247073,492.293390,-325.496393,272.295566,489.693593,-331.691532,270.498088,489.728392,-331.817438,268.833474,489.876183,-331.776846,298.948490,491.351804,-248.954066,272.931798,489.647861,-199.051535,281.635101,473.009519,-297.974852,272.564747,472.845081,-303.518268,337.041254,448.552801,-206.137957,249.485159,449.795978,-70.832098,389.611561,430.022517,-261.830711,192.922573,440.985800,6.235953,441.068475,417.695929,-405.861024,131.605330,448.768558,-29.734465,458.059940,414.659901,-432.296362,114.951801,451.278429,-35.853631,459.144515,416.850968,-462.191723,113.805704,454.018805,-62.708199,452.326478,417.061353,-422.600092,119.800358,452.168831,-43.421972,315.526969,326.897100,-70.256847,276.321697,328.698401,70.296883,316.411540,238.338686,-97.708378,289.307256,255.900859,249.553927,319.284937,148.476183,-50.745080,306.122745,199.751677,506.630505,328.347379,134.016990,-51.556439,314.826261,188.347479,532.848503,292.605788,118.912840,-187.935444,280.128218,170.546652,468.639255,
0.000000,0.000000,0.000000,0.000000,0.000000,0.000000,0.000000,0.000000,0.000000,0.000000,0.000000,0.000000,0.000000,0.000000,0.000000,0.000000,0.000000,0.000000,0.000000,0.000000,0.000000,0.000000,0.000000,0.000000,0.000000,0.000000,0.000000,0.000000,0.000000,0.000000,0.000000,0.000000,0.000000,0.000000,0.000000,0.000000,0.000000,0.000000,0.000000,0.000000,0.000000,0.000000,0.000000,0.000000,0.000000,0.000000,0.000000,0.000000,0.000000,0.000000,0.000000,0.000000,271.844239,481.503895,-279.195009,277.580916,491.147890,-271.859908,281.079697,491.844921,-271.877137,285.198680,492.603363,-271.908734,271.070912,490.290806,-259.378774,269.412721,490.338239,-259.445417,267.848177,490.492414,-259.415581,297.288345,491.464924,-199.012668,272.642564,490.027657,-130.053835,279.821125,473.604075,-249.403297,271.321809,473.503381,-231.520990,336.617334,447.132508,-185.718253,252.143757,450.662394,-15.470259,380.921212,425.918450,-280.556371,196.353352,445.186701,54.038968,426.895639,411.238777,-502.735404,138.202689,455.190588,10.259297,444.138690,408.285581,-544.472565,122.418284,457.424228,3.670963,443.120195,410.457465,-566.349595,120.820440,460.863490,-24.396284,436.628868,410.362972,-518.404581,126.623321,459.225615,-3.897508,315.636439,327.495266,-75.351033,279.388889,329.970724,75.353909,314.958162,238.708824,-105.698049,292.521334,255.844767,241.868958,319.323615,148.933052,-68.937785,309.730689,195.248242,477.385061,328.574994,133.892455,-69.916125,317.450469,185.556499,496.615786,292.087843,118.925353,-198.728860,281.127631,170.416499,425.450341,
0.000000,0.000000,0.000000,0.000000,0.000000,0.000000,0.000000,0.000000,0.000000,0.000000,0.000000,0.000000,0.000000,0.000000,0.000000,0.000000,0.000000,0.000000,0.000000,0.000000,0.000000,0.000000,0.000000,0.000000,0.000000,0.000000,0.000000,0.000000,0.000000,0.000000,0.000000,0.000000,0.000000,0.000000,0.000000,0.000000,0.000000,0.000000,0.000000,0.000000,0.000000,0.000000,0.000000,0.000000,0.000000,0.000000,0.000000,0.000000,0.000000,0.000000,0.000000,0.000000,269.756315,481.964637,-221.215630,275.363345,491.418237,-215.917210,278.541566,492.069454,-215.926845,282.262062,492.766803,-215.974697,269.771448,490.681963,-201.336516,268.504172,490.791750,-201.364603,267.306557,490.987420,-201.370074,295.572155,491.493425,-147.113775,272.626228,490.405596,-77.800465,277.462695,474.130354,-193.846763,270.224899,474.237352,-173.700590,333.907317,447.558974,-138.812573,255.543892,452.135992,31.288805,364.888431,422.676197,-268.679664,201.352091,449.036660,103.164216,399.756269,410.083726,-497.374167,149.716652,460.671844,76.708285,413.908005,405.092464,-539.768258,133.422431,463.422454,73.359064,409.831449,405.886672,-558.825276,131.850984,466.821015,49.610195,403.869997,406.726272,-511.898736,137.099655,465.076718,64.742715,315.640570,329.959268,-75.209279,281.009123,333.321392,75.292999,313.121164,242.313730,-144.972987,294.052211,257.617492,199.641539,319.307006,149.641158,-131.521845,312.737222,196.052810,406.020787,329.283694,133.825588,-134.213994,320.856288,187.229644,421.906017,291.837511,119.152834,-249.162621,283.531032,171.817407,361.798220,
0.000000,0.000000,0.000000,0.000000,0.000000,0.000000,0.000000,0.000000,0.000000,0.000000,0.000000,0.000000,0.000000,0.000000,0.000000,0.000000,0.000000,0.000000,0.000000,0.000000,0.000000,0.000000,0.000000,0.000000,0.000000,0.000000,0.000000,0.000000,0.000000,0.000000,0.000000,0.000000,0.000000,0.000000,0.000000,0.000000,0.000000,0.000000,0.000000,0.000000,0.000000,0.000000,0.000000,0.000000,0.000000,0.000000,0.000000,0.000000,0.000000,0.000000,0.000000,0.000000,268.185457,482.930061,-144.848153,274.029425,491.757399,-143.200726,276.765530,492.321911,-143.236585,279.730110,492.937757,-143.273083,269.656925,491.223994,-126.205222,268.850286,491.405977,-126.235723,267.971584,491.693593,-126.234575,293.293470,491.478440,-94.621319,274.472141,490.806518,-15.857167,275.364277,475.083254,-124.558491,269.671350,475.410438,-101.520598,326.686584,447.689467,-102.486152,260.797869,455.157404,85.886144,345.006668,420.938636,-242.303412,205.476658,453.839814,158.889970,371.131850,405.446128,-443.844491,156.952803,466.166277,148.380802,380.961764,400.286903,-481.847406,143.345146,469.931036,150.116134,379.206234,401.143623,-498.704631,142.835567,472.830906,128.585844,374.520254,401.848144,-456.494569,147.820659,470.685502,137.317501,315.359666,331.357715,-77.016268,282.317658,334.930938,77.074248,311.396055,244.755962,-142.695931,293.757763,258.431232,174.279542,319.368208,150.177643,-155.803520,315.582997,193.790359,312.555462,330.140318,133.902715,-160.679654,324.009390,187.144545,321.829466,291.838951,120.240942,-262.624520,287.965436,171.905164,269.462073,
0.000000,0.000000,0.000000,0.000000,0.000000,0.000000,0.000000,0.000000,0.000000,0.000000,0.000000,0.000000,0.000000,0.000000,0.000000,0.000000,0.000000,0.000000,0.000000,0.000000,0.000000,0.000000,0.000000,0.000000,0.000000,0.000000,0.000000,0.000000,0.000000,0.000000,0.000000,0.000000,0.000000,0.000000,0.000000,0.000000,0.000000,0.000000,0.000000,0.000000,0.000000,0.000000,0.000000,0.000000,0.000000,0.000000,0.000000,0.000000,0.000000,0.000000,0.000000,0.000000,267.087430,483.894648,-136.725163,272.339981,492.292800,-142.514977,274.597212,492.780786,-142.550743,277.020885,493.346921,-142.578194,269.016891,491.889659,-121.741801,268.657478,492.134087,-121.771389,268.197830,492.504699,-121.770904,290.750966,491.744935,-122.272524,276.479487,491.351836,-27.149855,273.731786,476.374144,-127.451175,269.268074,476.567495,-99.269905,317.721502,448.144774,-133.520719,267.931317,455.619953,67.396407,329.888986,423.786803,-346.088398,222.394667,455.890449,165.149254,336.101060,410.442071,-592.291489,178.593189,470.843792,192.141191,343.802655,401.923177,-638.380623,164.922017,476.267450,201.024274,337.177440,403.499123,-643.366699,164.437048,478.840798,178.656861,332.626998,405.610510,-600.375443,169.835418,476.199723,181.974780,314.383390,331.238082,-81.534485,284.322287,334.562774,81.547428,311.000594,245.993776,-134.951657,293.525773,258.233420,186.001249,319.489019,151.339718,-147.871781,316.842006,192.509588,327.009684,330.935107,134.027604,-152.664612,325.412664,186.147869,336.692513,291.780628,120.764224,-253.566471,289.311003,172.122845,288.616345,
0.000000,0.000000,0.000000,0.000000,0.000000,0.000000,0.000000,0.000000,0.000000,0.000000,0.000000,0.000000,0.000000,0.000000,0.000000,0.000000,0.000000,0.000000,0.000000,0.000000,0.000000,0.000000,0.000000,0.000000,0.000000,0.000000,0.000000,0.000000,0.000000,0.000000,0.000000,0.000000,0.000000,0.000000,0.000000,0.000000,0.000000,0.000000,0.000000,0.000000,0.000000,0.000000,0.000000,0.000000,0.000000,0.000000,0.000000,0.000000,0.000000,0.000000,0.000000,0.000000,265.939268,483.877490,-76.717406,269.584903,492.344979,-88.611481,271.361586,492.811353,-88.667001,273.354753,493.354060,-88.665652,267.639848,492.081047,-65.424451,267.794075,492.383754,-65.442515,267.902045,492.790166,-65.432618,287.708163,491.878622,-93.737289,277.274162,491.567039,11.508271,272.131579,476.770232,-76.020968,269.128838,476.929821,-45.294786,314.456931,453.214142,-140.183382,273.195546,456.808427,107.902032,315.840980,424.377932,-359.521685,237.779405,459.306190,237.061707,306.938372,405.936677,-572.596868,204.537566,476.206464,321.023800,304.609561,396.212104,-612.781476,193.718022,483.347878,342.788900,297.429362,399.116610,-613.638984,194.443574,485.272707,328.642315,297.349014,402.430778,-576.581046,198.578609,482.210402,316.626225,309.306479,331.186439,-90.154611,286.399612,334.779984,90.018392,307.030595,246.647162,-127.897919,295.012674,258.457246,191.182218,319.613242,151.370035,-146.841150,317.952743,192.539350,304.504234,331.786400,133.914036,-151.893852,327.086250,185.804586,312.729246,291.164758,121.641868,-243.842724,289.600611,173.687412,284.263101,
0.000000,0.000000,0.000000,0.000000,0.000000,0.000000,0.000000,0.000000,0.000000,0.000000,0.000000,0.000000,0.000000,0.000000,0.000000,0.000000,0.000000,0.000000,0.000000,0.000000,0.000000,0.000000,0.000000,0.000000,0.000000,0.000000,0.000000,0.000000,0.000000,0.000000,0.000000,0.000000,0.000000,0.000000,0.000000,0.000000,0.000000,0.000000,0.000000,0.000000,0.000000,0.000000,0.000000,0.000000,0.000000,0.000000,0.000000,0.000000,0.000000,0.000000,0.000000,0.000000,266.176175,483.933147,-78.802655,269.603664,492.314352,-96.226906,271.105995,492.769088,-96.256388,272.752393,493.301834,-96.237232,268.169977,492.173248,-68.892049,268.358391,492.555926,-68.893036,268.257574,493.056733,-68.873735,286.924907,491.860993,-120.933850,279.689896,491.699364,-1.895094,272.137687,476.840204,-85.983709,269.754552,477.111730,-50.286176,310.002566,453.132820,-180.653383,290.719054,457.675189,99.745931,301.981558,413.315660,-360.012008,275.892623,460.512184,298.865471,267.413990,396.341405,-517.220391,234.293751,478.754721,445.286960,258.096274,390.747267,-554.712223,226.293288,485.140274,476.290344,253.691380,396.877282,-552.099214,227.431793,486.289244,458.371766,257.600126,398.161940,-518.307063,230.430223,482.881210,441.834720,301.903167,330.695273,-93.147856,291.004383,334.576213,92.962877,305.045003,246.430707,-85.766674,297.184073,258.010136,184.319497,319.585713,151.424342,-83.201723,318.091129,189.090295,294.522917,332.044133,133.802592,-84.525931,328.688925,181.435657,302.975776,289.967820,121.692920,-148.938039,289.382546,174.169730,276.604946,
0.000000,0.000000,0.000000,0.000000,0.000000,0.000000,0.000000,0.000000,0.000000,0.000000,0.000000,0.000000,0.000000,0.000000,0.000000,0.000000,0.000000,0.000000,0.000000,0.000000,0.000000,0.000000,0.000000,0.000000,0.000000,0.000000,0.000000,0.000000,0.000000,0.000000,0.000000,0.000000,0.000000,0.000000,0.000000,0.000000,0.000000,0.000000,0.000000,0.000000,0.000000,0.000000,0.000000,0.000000,0.000000,0.000000,0.000000,0.000000,0.000000,0.000000,0.000000,0.000000,263.815956,484.850446,-78.091775,267.587776,492.864877,-99.863182,268.788815,493.215888,-99.902181,270.243645,493.628338,-99.901191,267.168827,492.956959,-70.492479,267.852388,493.402637,-70.467115,268.302628,493.939531,-70.438688,284.296970,492.024945,-131.434867,280.314489,492.293898,-14.903412,270.045376,477.212544,-91.054413,269.193362,477.596322,-52.943822,305.498252,452.483665,-212.720507,301.713961,457.354166,91.671435,283.528092,410.827743,-341.784454,290.583573,457.129157,289.002034,235.218728,397.176381,-417.906579,263.981867,475.305218,449.373395,221.006932,391.966529,-449.585061,256.343294,481.337196,480.470089,218.148877,397.786633,-442.471797,256.668479,482.247738,466.261745,222.951920,398.999714,-413.656296,259.178974,479.527169,447.414644,299.820490,329.669845,-96.481310,296.817110,333.938958,96.326304,305.457040,246.258779,-47.952705,300.864042,256.847649,212.374427,319.403018,151.358435,-17.744263,317.347170,187.084973,346.218665,332.004953,133.360705,-16.149093,327.425339,178.986518,358.599013,287.297931,121.763992,-74.112410,288.212243,174.232869,329.205159,
