0.000000,0.000000,0.000000,0.000000,0.000000,0.000000,0.000000,0.000000,0.000000,0.000000,0.000000,0.000000,0.000000,0.000000,0.000000,0.000000,0.000000,0.000000,0.000000,0.000000,0.000000,0.000000,0.000000,0.000000,0.000000,0.000000,0.000000,0.000000,0.000000,0.000000,0.000000,0.000000,0.000000,0.000000,0.000000,0.000000,0.000000,0.000000,0.000000,0.000000,0.000000,0.000000,0.000000,0.000000,0.000000,0.000000,0.000000,0.000000,0.000000,0.000000,0.000000,0.000000,0.000000,0.000000,0.000000,0.000000,0.000000,0.000000,0.000000,0.000000,0.000000,0.000000,0.000000,0.000000,0.000000,0.000000,0.000000,0.000000,0.000000,0.000000,0.000000,0.000000,0.000000,0.000000,0.000000,0.000000,0.000000,0.000000,0.465506,0.000000,0.000000,0.000000,0.000000,0.000000,0.000000,0.000000,0.000000,-0.011384,0.000000,0.000000,-0.362004,0.000000,0.000000,0.000000,0.000000,0.000000,0.000000,0.000000,0.000000,0.000000,0.000000,0.000000,0.000000,0.000000,0.000000,0.000000,0.000000,0.000000,0.000000,0.000000,0.000000,0.000000,0.000000,0.000000,0.000000,0.000000,0.000000,0.000000,0.000000,0.000000,0.000000,0.000000,0.000000,-0.024296,0.000000,0.000000,0.065941,0.000000,0.000000,-0.746444,0.000000,0.000000,-0.521536,0.000000,0.000000,-0.000000,0.000000,0.000000,-0.109980,0.000000,0.000000,1.641610,0.000000,0.000000,0.815468,0.000000,0.000000,-0.702681,0.000000,0.000000,-0.236702,
0.000000,0.000000,0.000000,0.000000,0.000000,0.000000,0.000000,0.000000,0.000000,0.000000,0.000000,0.000000,0.000000,0.000000,0.000000,0.000000,0.000000,0.000000,0.000000,0.000000,0.000000,0.000000,0.000000,0.000000,0.000000,0.000000,0.000000,0.000000,0.000000,0.000000,0.000000,0.000000,0.000000,0.000000,0.000000,0.000000,0.000000,0.000000,0.000000,0.000000,0.000000,0.000000,0.000000,0.000000,0.000000,0.000000,0.000000,0.000000,0.000000,0.000000,0.000000,0.000000,0.000000,0.000000,0.000000,0.000000,0.000000,0.000000,0.000000,0.000000,0.000000,0.000000,0.000000,0.000000,0.000000,0.000000,0.000000,0.000000,0.000000,0.000000,0.000000,0.000000,0.000000,0.000000,0.000000,0.000000,0.000000,0.000000,0.465506,0.000000,0.000000,0.000000,0.000000,0.000000,0.000000,0.000000,0.000000,-0.011384,0.000000,0.000000,-0.362004,0.000000,0.000000,0.000000,0.000000,0.000000,0.000000,0.000000,0.000000,0.000000,0.000000,0.000000,0.000000,0.000000,0.000000,0.000000,0.000000,0.000000,0.000000,0.000000,0.000000,0.000000,0.000000,0.000000,0.000000,0.000000,0.000000,0.000000,0.000000,0.000000,0.000000,0.000000,0.000000,-0.024296,0.000000,0.000000,0.065941,0.000000,0.000000,-0.746444,0.000000,0.000000,-0.521536,0.000000,0.000000,-1.538791,0.000000,0.000000,-0.109980,0.000000,0.000000,1.641610,0.000000,0.000000,0.815468,0.000000,0.000000,-0.702681,0.000000,0.000000,-0.236702,
0.000000,0.000000,0.000000,0.000000,0.000000,0.000000,0.000000,0.000000,0.000000,0.000000,0.000000,0.000000,0.000000,0.000000,0.000000,0.000000,0.000000,0.000000,0.000000,0.000000,0.000000,0.000000,0.000000,0.000000,0.000000,0.000000,0.000000,0.000000,0.000000,0.000000,0.000000,0.000000,0.000000,0.000000,0.000000,0.000000,0.000000,0.000000,0.000000,0.000000,0.000000,0.000000,0.000000,0.000000,0.000000,0.000000,0.000000,0.000000,0.000000,0.000000,0.000000,0.000000,0.000000,0.000000,0.000000,0.000000,0.000000,0.000000,0.000000,0.000000,0.000000,0.000000,0.000000,0.000000,0.000000,0.000000,0.000000,0.000000,0.000000,0.000000,0.000000,0.000000,0.000000,0.000000,0.000000,0.000000,0.000000,0.000000,0.465506,0.000000,0.000000,0.000000,0.000000,0.000000,0.000000,0.000000,0.000000,-0.011384,0.000000,0.000000,-0.362004,0.000000,0.000000,0.000000,0.000000,0.000000,0.000000,0.000000,0.000000,0.000000,0.000000,0.000000,0.000000,0.000000,0.000000,0.000000,0.000000,0.000000,0.000000,0.000000,0.000000,0.000000,0.000000,0.000000,0.000000,0.000000,0.000000,0.000000,0.000000,0.000000,0.000000,0.000000,0.000000,-0.024296,0.000000,0.000000,0.065941,0.000000,0.000000,-0.746444,0.000000,0.000000,-0.521536,0.000000,0.000000,-1.538791,0.000000,0.000000,-0.109980,0.000000,0.000000,1.641610,0.000000,0.000000,0.815468,0.000000,0.000000,-0.702681,0.000000,0.000000,-0.236702,
0.000000,0.000000,0.000000,0.000000,0.000000,0.000000,0.000000,0.000000,0.000000,0.000000,0.000000,0.000000,0.000000,0.000000,0.000000,0.000000,0.000000,0.000000,0.000000,0.000000,0.000000,0.000000,0.000000,0.000000,0.000000,0.000000,0.000000,0.000000,0.000000,0.000000,0.000000,0.000000,0.000000,0.000000,0.000000,0.000000,0.000000,0.000000,0.000000,0.000000,0.000000,0.000000,0.000000,0.000000,0.000000,0.000000,0.000000,0.000000,0.000000,0.000000,0.000000,0.000000,0.000000,0.000000,0.000000,0.000000,0.000000,0.000000,0.000000,0.000000,0.000000,0.000000,0.000000,0.000000,0.000000,0.000000,0.000000,0.000000,0.000000,0.000000,0.000000,0.000000,0.000000,0.000000,0.000000,0.000000,0.000000,0.000000,0.465506,0.000000,0.000000,0.000000,0.000000,0.000000,0.000000,0.000000,0.000000,-0.011384,0.000000,0.000000,-0.362004,0.000000,0.000000,0.000000,0.000000,0.000000,0.000000,0.000000,0.000000,0.000000,0.000000,0.000000,0.000000,0.000000,0.000000,0.000000,0.000000,0.000000,0.000000,0.000000,0.000000,0.000000,0.000000,0.000000,0.000000,0.000000,0.000000,0.000000,0.000000,0.000000,0.000000,0.000000,0.000000,-0.024296,0.000000,0.000000,0.065941,0.000000,0.000000,-0.746444,0.000000,0.000000,-0.521536,0.000000,0.000000,-1.538791,0.000000,0.000000,-0.109980,0.000000,0.000000,1.641610,0.000000,0.000000,0.815468,0.000000,0.000000,-0.702681,0.000000,0.000000,-0.236702,
0.000000,0.000000,0.000000,0.000000,0.000000,0.000000,0.000000,0.000000,0.000000,0.000000,0.000000,0.000000,0.000000,0.000000,0.000000,0.000000,0.000000,0.000000,0.000000,0.000000,0.000000,0.000000,0.000000,0.000000,0.000000,0.000000,0.000000,0.000000,0.000000,0.000000,0.000000,0.000000,0.000000,0.000000,0.000000,0.000000,0.000000,0.000000,0.000000,0.000000,0.000000,0.000000,0.000000,0.000000,0.000000,0.000000,0.000000,0.000000,0.000000,0.000000,0.000000,0.000000,318.472756,524.327402,-307.999382,323.093208,534.490163,-294.918996,327.161494,534.560888,-294.926398,329.721055,534.631462,-294.934318,312.303786,534.521899,-296.102897,309.626874,534.551167,-294.780956,305.272356,0.000000,-294.770874,334.771416,531.254690,-193.605378,302.564511,530.250850,-198.720737,324.849581,514.189703,-268.941788,311.895734,513.623800,-269.808016,364.100669,476.770835,-120.615301,272.919092,476.518005,-122.708165,392.392308,419.622923,-71.422334,245.027027,409.991260,-0.000000,437.280998,370.436089,-166.735770,202.886277,363.634413,-181.751596,454.959030,359.150853,-191.901109,186.989403,0.000000,-207.845632,455.506210,358.919995,-229.881665,187.972740,349.477384,-247.563916,448.509140,364.495356,-186.651639,192.556503,354.831424,-202.057336,346.001708,340.874409,2.009997,294.046769,340.249283,-1.971351,349.988496,257.124546,60.422632,285.722003,253.790310,54.834109,352.790937,180.828808,237.467535,284.457056,185.118296,236.642250,343.958934,171.868375,245.932826,292.381416,177.746391,247.625576,368.217284,145.713472,139.841971,0.000000,148.137451,141.685295,
0.000000,0.000000,0.000000,0.000000,0.000000,0.000000,0.000000,0.000000,0.000000,0.000000,0.000000,0.000000,0.000000,0.000000,0.000000,0.000000,0.000000,0.000000,0.000000,0.000000,0.000000,0.000000,0.000000,0.000000,0.000000,0.000000,0.000000,0.000000,0.000000,0.000000,0.000000,0.000000,0.000000,0.000000,0.000000,0.000000,0.000000,0.000000,0.000000,0.000000,0.000000,0.000000,0.000000,0.000000,0.000000,0.000000,0.000000,0.000000,0.000000,0.000000,0.000000,0.000000,318.472756,524.327402,-338.939959,323.093208,534.490163,-326.177691,327.161494,534.560888,-326.185878,329.721055,534.631462,-326.194637,312.303786,534.521899,-328.851604,308.166370,534.551167,-328.899122,305.272356,534.718173,-328.887873,334.771416,531.254690,-224.428125,301.163749,530.250850,-236.862784,324.849581,514.189703,-298.963197,311.895734,513.623800,-302.588429,364.100669,476.770835,-144.581464,272.919092,474.588783,-155.396070,392.392308,417.798475,-92.723732,243.695359,409.991260,-122.979599,437.280998,370.436089,-180.307286,202.886277,363.634413,-211.425326,454.959030,359.150853,-202.445126,186.989403,348.087721,-236.096495,455.506210,358.919995,-240.426695,187.972740,349.477384,-277.754637,448.509140,362.535703,-198.197101,192.556503,354.831424,-231.717128,346.001708,340.874409,2.300611,294.046769,340.249283,-2.262393,349.988496,257.124546,81.515417,285.722003,253.790310,66.323016,352.790937,180.828808,248.331459,284.457056,185.118296,245.410852,342.501481,171.868375,261.201027,293.728796,177.746391,258.676774,368.217284,147.656319,164.643969,270.184096,0.000000,157.676506,
0.000000,0.000000,0.000000,0.000000,0.000000,0.000000,0.000000,0.000000,0.000000,0.000000,0.000000,0.000000,0.000000,0.000000,0.000000,0.000000,0.000000,0.000000,0.000000,0.000000,0.000000,0.000000,0.000000,0.000000,0.000000,0.000000,0.000000,0.000000,0.000000,0.000000,0.000000,0.000000,0.000000,0.000000,0.000000,0.000000,0.000000,0.000000,0.000000,0.000000,0.000000,0.000000,0.000000,0.000000,0.000000,0.000000,0.000000,0.000000,0.000000,0.000000,0.000000,0.000000,318.472756,524.327402,-347.378298,323.093208,534.490163,-334.332134,327.161494,534.560888,-334.340525,329.721055,534.631462,-334.349503,312.303786,534.521899,-335.674252,308.166370,534.551167,-335.722755,305.272356,534.718173,-335.711273,334.771416,531.254690,-233.097022,301.163749,530.250850,-244.279293,324.849581,514.189703,-307.719442,311.895734,513.623800,-310.153140,364.100669,476.770835,-152.312484,272.919092,0.000000,-160.999711,392.392308,417.798475,-100.241873,243.695359,409.991260,-126.596646,437.280998,370.436089,-184.184862,202.886277,363.634413,-211.425326,454.959030,359.150853,-204.553929,186.989403,348.087721,-236.096495,455.506210,358.919995,-244.644707,187.972740,349.477384,-275.741922,448.509140,362.535703,-202.045589,192.556503,354.831424,-231.717128,346.001708,340.874409,2.591224,294.046769,341.678902,-2.844476,349.988496,257.124546,81.515417,285.722003,253.790310,65.278570,352.790937,0.000000,248.331459,284.457056,185.118296,241.903411,342.501481,171.868375,261.201027,293.728796,177.014925,251.309309,368.217284,149.599165,156.376636,270.184096,148.137451,153.678703,
0.000000,0.000000,0.000000,0.000000,0.000000,0.000000,0.000000,0.000000,0.000000,0.000000,0.000000,0.000000,0.000000,0.000000,0.000000,0.000000,0.000000,0.000000,0.000000,0.000000,0.000000,0.000000,0.000000,0.000000,0.000000,0.000000,0.000000,0.000000,0.000000,0.000000,0.000000,0.000000,0.000000,0.000000,0.000000,0.000000,0.000000,0.000000,0.000000,0.000000,0.000000,0.000000,0.000000,0.000000,0.000000,0.000000,0.000000,0.000000,0.000000,0.000000,0.000000,0.000000,318.472756,524.327402,-351.597468,323.093208,534.490163,-339.768428,327.161494,534.560888,-339.776956,329.721055,534.631462,-339.786080,312.303786,534.521899,-341.132370,308.166370,534.551167,-341.181662,305.272356,534.718173,-341.169993,334.771416,531.254690,-239.839498,301.163749,530.250850,-249.576800,324.849581,514.189703,-312.723010,311.895734,513.623800,-315.196280,364.100669,476.770835,-160.043505,271.643769,474.588783,-167.537292,0.000000,417.798475,-110.266060,243.695359,409.991260,-132.625058,437.280998,370.436089,-193.878802,202.886277,363.634413,-218.843759,454.959030,359.150853,-212.989143,186.989403,348.087721,-240.132332,455.506210,358.919995,-250.971726,186.338195,349.477384,-281.780067,448.509140,362.535703,-209.742564,192.556503,354.831424,-237.278340,346.001708,342.343696,2.591224,294.046769,341.678902,-2.553435,349.988496,255.805959,77.296860,285.722003,253.790310,64.234124,352.790937,180.828808,241.088843,284.457056,185.118296,240.149691,343.958934,171.868375,253.566927,293.728796,177.014925,251.309309,368.217284,150.570588,156.376636,270.184096,148.137451,151.679802,
0.000000,0.000000,0.000000,0.000000,0.000000,0.000000,0.000000,0.000000,0.000000,0.000000,0.000000,0.000000,0.000000,0.000000,0.000000,0.000000,0.000000,0.000000,0.000000,0.000000,0.000000,0.000000,0.000000,0.000000,0.000000,0.000000,0.000000,0.000000,0.000000,0.000000,0.000000,0.000000,0.000000,0.000000,0.000000,0.000000,0.000000,0.000000,0.000000,0.000000,0.000000,0.000000,0.000000,0.000000,0.000000,0.000000,0.000000,0.000000,0.000000,0.000000,0.000000,0.000000,318.472756,524.327402,-358.629417,323.093208,534.490163,-346.563797,327.161494,534.560888,-346.572495,329.721055,534.631462,-346.581802,312.303786,534.521899,-347.955017,308.166370,534.551167,-0.000000,305.272356,534.718173,-347.993393,334.771416,531.254690,-245.618763,301.163749,530.250850,-254.874306,324.849581,514.189703,-318.977470,311.895734,513.623800,-321.500206,364.100669,476.770835,-163.909015,271.643769,474.588783,-172.206993,392.392308,417.798475,-115.278154,243.695359,409.991260,-138.653469,437.280998,372.355447,-197.756378,202.886277,363.634413,-224.407583,454.959030,359.150853,-219.315553,186.989403,348.087721,-248.204007,455.506210,358.919995,-257.298744,186.338195,349.477384,-287.818211,448.509140,362.535703,-215.515295,192.556503,354.831424,-244.693288,346.001708,342.343696,2.881837,294.046769,341.678902,-2.844476,349.988496,255.805959,0.000000,285.722003,253.790310,0.000000,351.333123,180.828808,241.088843,284.457056,185.118296,240.149691,342.501481,171.868375,253.566927,293.728796,177.014925,251.309309,368.217284,150.570588,156.376636,271.555588,148.790039,151.679802,
0.000000,0.000000,0.000000,0.000000,0.000000,0.000000,0.000000,0.000000,0.000000,0.000000,0.000000,0.000000,0.000000,0.000000,0.000000,0.000000,0.000000,0.000000,0.000000,0.000000,0.000000,0.000000,0.000000,0.000000,0.000000,0.000000,0.000000,0.000000,0.000000,0.000000,0.000000,0.000000,0.000000,0.000000,0.000000,0.000000,0.000000,0.000000,0.000000,0.000000,0.000000,0.000000,0.000000,0.000000,0.000000,0.000000,0.000000,0.000000,0.000000,0.000000,0.000000,0.000000,316.984565,524.327402,-357.223027,323.093208,534.490163,-345.204723,325.660754,534.560888,-345.213387,329.721055,534.631462,-345.222658,312.303786,534.521899,-346.590488,308.166370,534.551167,-346.640568,305.272356,534.718173,-346.628713,334.771416,531.254690,-245.618763,299.762987,530.250850,-252.755303,323.366249,514.189703,-317.726578,310.438278,513.623800,-318.978636,364.100669,476.770835,-162.362811,271.643769,474.588783,-170.339113,392.392308,0.000000,-111.519083,243.695359,411.854856,-135.036422,437.280998,372.355447,-195.817590,202.886277,363.634413,-220.698367,454.959030,359.150853,-215.097946,186.989403,348.087721,-242.150251,455.506210,358.919995,-255.189738,186.338195,349.477384,-283.792781,448.509140,364.495356,-213.591051,192.556503,354.831424,-239.132077,346.001708,342.343696,3.463064,294.046769,341.678902,-3.426560,349.988496,255.805959,77.296860,285.722003,254.879539,59.011893,351.333123,181.816943,241.088843,284.457056,185.118296,236.642250,342.501481,171.868375,0.000000,293.728796,177.014925,245.783709,368.217284,150.570588,156.376636,271.555588,148.790039,145.683098,
0.000000,0.000000,0.000000,0.000000,0.000000,0.000000,0.000000,0.000000,0.000000,0.000000,0.000000,0.000000,0.000000,0.000000,0.000000,0.000000,0.000000,0.000000,0.000000,0.000000,0.000000,0.000000,0.000000,0.000000,0.000000,0.000000,0.000000,0.000000,0.000000,0.000000,0.000000,0.000000,0.000000,0.000000,0.000000,0.000000,0.000000,0.000000,0.000000,0.000000,0.000000,0.000000,0.000000,0.000000,0.000000,0.000000,0.000000,0.000000,0.000000,0.000000,0.000000,0.000000,316.984565,524.327402,-355.816637,321.597406,534.490163,-343.845650,325.660754,534.560888,-343.854279,328.215479,534.631462,-343.863513,310.830655,534.521899,-343.861429,308.166370,534.551167,-0.000000,303.825567,534.718173,-343.899353,0.000000,531.254690,-242.729130,299.762987,530.250850,-249.576800,323.366249,514.189703,-316.475686,310.438278,513.623800,-317.717851,364.100669,476.770835,-159.270403,271.643769,474.588783,-165.669412,392.392308,0.000000,-107.760013,243.695359,411.854856,-130.213693,437.280998,372.355447,-191.940014,202.886277,365.578982,-215.134543,454.959030,359.150853,-212.989143,186.989403,350.065492,-240.132332,455.506210,360.892083,-253.080732,186.338195,351.474398,-279.767352,448.509140,364.495356,-209.742564,192.556503,356.813723,-235.424602,346.001708,342.343696,3.463064,294.046769,341.678902,-3.426560,349.988496,255.805959,77.296860,285.722003,254.879539,0.000000,351.333123,181.816943,241.088843,284.457056,185.118296,233.134810,342.501481,172.844900,253.566927,293.728796,177.014925,243.941843,368.217284,151.542011,152.242970,271.555588,148.790039,143.684196,
0.000000,0.000000,0.000000,0.000000,0.000000,0.000000,0.000000,0.000000,0.000000,0.000000,0.000000,0.000000,0.000000,0.000000,0.000000,0.000000,0.000000,0.000000,0.000000,0.000000,0.000000,0.000000,0.000000,0.000000,0.000000,0.000000,0.000000,0.000000,0.000000,0.000000,0.000000,0.000000,0.000000,0.000000,0.000000,0.000000,0.000000,0.000000,0.000000,0.000000,0.000000,0.000000,0.000000,0.000000,0.000000,0.000000,0.000000,0.000000,0.000000,0.000000,0.000000,0.000000,315.496375,524.327402,-331.908009,321.597406,532.394123,-319.382323,325.660754,532.464571,-319.390339,328.215479,532.534868,-319.398916,310.830655,534.521899,-319.299898,306.705866,534.551167,-319.346035,303.825567,534.718173,-319.335114,333.270199,531.254690,-219.612070,299.762987,530.250850,-225.208270,321.882918,514.189703,-292.708737,308.980821,513.623800,-293.762933,364.100669,476.770835,-139.942852,271.643769,474.588783,-144.188788,392.392308,417.798475,-90.217685,243.695359,411.854856,-108.511411,437.280998,374.274805,-180.307286,204.459039,369.468120,-204.006894,454.959030,361.113426,-202.445126,186.989403,354.021034,-228.024820,455.506210,362.864171,-242.535701,187.972740,357.465439,-269.703778,448.509140,366.455008,-200.121345,194.174625,360.778320,-224.302180,346.001708,342.343696,2.881837,0.000000,341.678902,-3.135518,349.988496,255.805959,0.000000,285.722003,254.879539,44.389648,351.333123,181.816943,226.603611,284.457056,185.118296,220.858768,342.501481,172.844900,234.481676,293.728796,177.746391,232.890644,368.217284,0.000000,135.708305,271.555588,149.442627,131.690788,
0.000000,0.000000,0.000000,0.000000,0.000000,0.000000,0.000000,0.000000,0.000000,0.000000,0.000000,0.000000,0.000000,0.000000,0.000000,0.000000,0.000000,0.000000,0.000000,0.000000,0.000000,0.000000,0.000000,0.000000,0.000000,0.000000,0.000000,0.000000,0.000000,0.000000,0.000000,0.000000,0.000000,0.000000,0.000000,0.000000,0.000000,0.000000,0.000000,0.000000,0.000000,0.000000,0.000000,0.000000,0.000000,0.000000,0.000000,0.000000,0.000000,0.000000,0.000000,0.000000,315.496375,522.271216,-281.277974,321.597406,532.394123,-267.737522,324.160013,532.464571,-267.744241,326.709903,532.534868,-267.751431,310.830655,532.425735,-268.812307,306.705866,532.454888,-268.851149,303.825567,532.621239,-268.841955,333.270199,531.254690,-168.561896,299.762987,530.250850,-174.352208,321.882918,0.000000,-243.923948,308.980821,513.623800,-244.592314,364.100669,476.770835,-98.195342,271.643769,474.588783,-102.161481,392.392308,419.622923,-60.145124,245.027027,415.582050,-91.631858,437.280998,380.032879,-160.919406,207.604562,375.301828,-207.716110,454.959030,368.963718,-185.574699,191.867388,363.909890,-236.096495,455.506210,370.752523,-223.554646,191.241832,365.453493,-275.741922,448.509140,374.293618,-178.954664,197.410869,368.707513,-228.009654,346.001708,342.343696,2.881837,294.046769,341.678902,-3.135518,351.503598,255.805959,47.766961,285.722003,254.879539,20.367387,351.333123,181.816943,201.254455,284.457056,185.118296,189.291804,342.501481,172.844900,207.762324,293.728796,177.746391,199.737047,368.217284,151.542011,110.906308,271.555588,149.442627,101.707268,
0.000000,0.000000,0.000000,0.000000,0.000000,0.000000,0.000000,0.000000,0.000000,0.000000,0.000000,0.000000,0.000000,0.000000,0.000000,0.000000,0.000000,0.000000,0.000000,0.000000,0.000000,0.000000,0.000000,0.000000,0.000000,0.000000,0.000000,0.000000,0.000000,0.000000,0.000000,0.000000,0.000000,0.000000,0.000000,0.000000,0.000000,0.000000,0.000000,0.000000,0.000000,0.000000,0.000000,0.000000,0.000000,0.000000,0.000000,0.000000,0.000000,0.000000,0.000000,0.000000,315.496375,522.271216,-234.867108,320.101605,532.394123,-221.529015,324.160013,532.464571,-221.534575,326.709903,532.534868,-221.540524,309.357524,532.425735,-219.689246,306.705866,532.454888,-219.720990,303.825567,532.621239,-219.713476,331.768982,529.171338,-119.438144,299.762987,530.250850,-119.258140,321.882918,512.173273,-196.390050,307.523364,511.609589,-196.682479,364.100669,476.770835,-51.036118,271.643769,474.588783,-47.059012,394.069198,421.447370,-10.024187,245.027027,417.445646,-60.284117,437.280998,387.710310,-108.572129,215.468371,385.024673,-218.843759,454.959030,378.776583,-134.963417,199.997362,373.798746,-252.239845,453.719911,380.612962,-170.829494,201.049105,0.000000,-287.818211,446.750281,384.091880,-127.000084,207.119600,380.601304,-239.132077,346.001708,342.343696,1.428771,294.046769,341.678902,-1.389268,351.503598,255.805959,24.564898,285.722003,255.968768,0.522910,351.333123,181.816943,179.526607,284.457056,185.889623,168.247162,342.501481,0.000000,188.677072,293.728796,178.477858,179.476516,368.217284,151.542011,86.104310,271.555588,150.747803,77.720451,
0.000000,0.000000,0.000000,0.000000,0.000000,0.000000,0.000000,0.000000,0.000000,0.000000,0.000000,0.000000,0.000000,0.000000,0.000000,0.000000,0.000000,0.000000,0.000000,0.000000,0.000000,0.000000,0.000000,0.000000,0.000000,0.000000,0.000000,0.000000,0.000000,0.000000,0.000000,0.000000,0.000000,0.000000,0.000000,0.000000,0.000000,0.000000,0.000000,0.000000,0.000000,0.000000,0.000000,0.000000,0.000000,0.000000,0.000000,0.000000,0.000000,0.000000,0.000000,0.000000,314.008184,520.215030,-222.209600,320.101605,530.298083,-207.938278,322.659272,530.368254,-207.943497,325.204328,530.438274,-207.949081,309.357524,530.329570,-206.043951,305.245361,530.358609,-206.073724,302.378779,532.621239,-206.066676,331.768982,529.171338,-107.879614,298.362226,530.250850,-101.246618,320.399587,512.173273,-183.881130,307.523364,511.609589,-181.553058,364.100669,476.770835,-46.397506,271.643769,474.588783,-33.983850,395.746088,425.096265,-42.602796,246.358696,419.309243,-74.752305,435.566171,397.307100,-209.389106,220.186657,392.802949,-272.627394,451.390724,388.589448,-246.729997,208.127336,385.665373,-312.777407,450.147313,394.417577,-278.388805,210.856378,389.417657,-338.136080,443.232562,395.849795,-227.060757,215.210209,392.495095,-289.182976,346.001708,342.343696,0.847544,294.046769,341.678902,-0.807184,353.018699,255.805959,24.564898,285.722003,255.968768,0.522910,351.333123,182.805079,197.633147,284.457056,185.889623,170.000882,342.501481,173.821425,207.762324,293.728796,178.477858,179.476516,368.217284,151.542011,0.000000,271.555588,150.747803,79.719353,
0.000000,0.000000,0.000000,0.000000,0.000000,0.000000,0.000000,0.000000,0.000000,0.000000,0.000000,0.000000,0.000000,0.000000,0.000000,0.000000,0.000000,0.000000,0.000000,0.000000,0.000000,0.000000,0.000000,0.000000,0.000000,0.000000,0.000000,0.000000,0.000000,0.000000,0.000000,0.000000,0.000000,0.000000,0.000000,0.000000,0.000000,0.000000,0.000000,0.000000,0.000000,0.000000,0.000000,0.000000,0.000000,0.000000,0.000000,0.000000,0.000000,0.000000,0.000000,0.000000,314.008184,518.158844,-237.679888,320.101605,528.202043,-222.888089,322.659272,528.271936,-222.893683,325.204328,528.341680,-222.899669,309.357524,528.233406,-222.418305,305.245361,530.358609,-222.450443,302.378779,530.524305,-222.442836,331.768982,527.087987,-116.548511,298.362226,528.163248,-115.020135,320.399587,510.156843,-0.000000,307.523364,509.595378,-195.421694,362.496702,476.770835,-52.582322,271.643769,474.588783,-40.521431,395.746088,428.745160,-96.482802,246.358696,419.309243,-91.631858,428.706861,408.823248,-308.267295,231.195990,406.414932,-331.974854,440.685806,406.252605,-0.000000,224.387284,401.487542,-379.368726,435.856923,412.166368,-381.730104,227.201834,409.387793,-400.530237,430.920546,413.486667,-325.197186,231.391428,410.335781,-346.648824,347.519259,342.343696,-1.186749,294.046769,341.678902,1.230108,354.533801,257.124546,16.127784,284.393063,255.968768,-10.965997,351.333123,182.805079,201.254455,284.457056,185.889623,162.986001,342.501481,173.821425,211.579374,293.728796,178.477858,173.950917,368.217284,151.542011,110.906308,271.555588,150.747803,73.722649,
0.000000,0.000000,0.000000,0.000000,0.000000,0.000000,0.000000,0.000000,0.000000,0.000000,0.000000,0.000000,0.000000,0.000000,0.000000,0.000000,0.000000,0.000000,0.000000,0.000000,0.000000,0.000000,0.000000,0.000000,0.000000,0.000000,0.000000,0.000000,0.000000,0.000000,0.000000,0.000000,0.000000,0.000000,0.000000,0.000000,0.000000,0.000000,0.000000,0.000000,0.000000,0.000000,0.000000,0.000000,0.000000,0.000000,0.000000,0.000000,0.000000,0.000000,0.000000,0.000000,314.008184,514.046473,-255.962956,320.101605,524.009964,-243.274195,322.659272,524.079302,-243.280300,326.709903,524.148492,-243.286834,309.357524,524.041077,-242.886247,305.245361,524.069772,-242.921343,302.378779,526.330437,-242.913035,331.768982,522.921283,-133.886306,298.362226,526.075647,-130.912655,320.399587,506.123982,-212.651647,307.523364,505.566956,-211.811900,362.496702,478.677919,-60.313343,272.919092,474.588783,-47.059012,395.746088,430.569608,-141.591645,247.690365,419.309243,-119.362552,413.273414,422.258754,-381.941240,243.778084,418.082347,-370.921625,424.628428,421.953188,-432.304695,239.021237,415.331940,-421.745020,417.993934,427.943071,-453.436311,241.912744,423.366888,-436.759103,411.573093,429.163887,-396.394203,245.954525,424.211870,-383.723565,347.519259,340.874409,-3.221043,295.371304,341.678902,3.558441,359.079106,257.124546,-9.183557,284.393063,257.057997,-50.654950,352.790937,183.793214,201.254455,285.811614,185.889623,136.680197,343.958934,174.797950,215.396424,293.728796,178.477858,150.006652,368.217284,151.542011,110.906308,271.555588,150.747803,43.739128,
0.000000,0.000000,0.000000,0.000000,0.000000,0.000000,0.000000,0.000000,0.000000,0.000000,0.000000,0.000000,0.000000,0.000000,0.000000,0.000000,0.000000,0.000000,0.000000,0.000000,0.000000,0.000000,0.000000,0.000000,0.000000,0.000000,0.000000,0.000000,0.000000,0.000000,0.000000,0.000000,0.000000,0.000000,0.000000,0.000000,0.000000,0.000000,0.000000,0.000000,0.000000,0.000000,0.000000,0.000000,0.000000,0.000000,0.000000,0.000000,0.000000,0.000000,0.000000,0.000000,316.984565,507.877915,-309.405772,321.597406,517.721844,-296.278070,325.660754,517.790350,-296.285506,328.215479,517.858710,-296.293462,312.303786,519.848749,-298.831956,308.166370,519.877213,-298.875136,305.272356,520.039635,-298.864914,333.270199,518.754580,-174.341161,299.762987,521.900443,-182.828218,321.882918,500.074692,-0.000000,308.980821,501.538534,-262.243305,362.496702,478.677919,-0.000000,272.919092,474.588783,-84.416618,395.746088,428.745160,-195.471652,247.690365,415.582050,-0.000000,0.000000,433.774902,-453.676397,243.778084,418.082347,-426.559869,410.355204,437.653772,-508.221618,247.151211,421.265253,-476.228827,405.489842,443.719774,-520.924506,248.450926,433.351956,-485.064257,401.019937,442.881454,-465.666976,250.808891,432.141064,-435.628201,347.519259,339.405123,-3.221043,295.371304,340.249283,3.267399,362.109310,258.443133,-95.663975,284.393063,255.968768,-30.810473,355.706564,183.793214,132.449604,285.811614,185.889623,164.739721,345.416387,175.774475,150.506570,295.076175,178.477858,188.685848,368.217284,150.570588,40.633981,270.184096,150.095215,83.717155,
0.000000,0.000000,0.000000,0.000000,0.000000,0.000000,0.000000,0.000000,0.000000,0.000000,0.000000,0.000000,0.000000,0.000000,0.000000,0.000000,0.000000,0.000000,0.000000,0.000000,0.000000,0.000000,0.000000,0.000000,0.000000,0.000000,0.000000,0.000000,0.000000,0.000000,0.000000,0.000000,0.000000,0.000000,0.000000,0.000000,0.000000,0.000000,0.000000,0.000000,0.000000,0.000000,0.000000,0.000000,0.000000,0.000000,0.000000,0.000000,0.000000,0.000000,0.000000,0.000000,321.449137,507.877915,-333.314399,327.580614,515.625804,-320.741396,330.162976,515.694033,-320.749446,332.732206,515.762116,-320.758060,318.196310,517.752585,-322.028957,314.008386,517.780934,-322.075489,309.612721,520.039635,-322.064474,337.773851,516.671228,-198.421432,302.564511,519.812841,-207.196748,326.332912,498.058261,-283.952493,314.810648,499.524323,-286.198223,364.100669,478.677919,-102.833954,274.194415,474.588783,-113.368763,402.453649,428.745160,-229.303284,247.690365,415.582050,-225.462598,399.554794,445.291050,-484.697005,0.000000,425.860623,-461.797423,396.081979,453.354356,-537.744865,253.655191,433.131880,-510.533445,0.000000,459.496478,-537.796555,256.623654,441.340011,-513.242264,388.707921,458.558674,-490.682144,257.281378,442.052556,-468.995468,349.036810,339.405123,-2.349203,296.695839,340.249283,2.685316,365.139513,258.443133,-123.084595,284.393063,255.968768,-70.499426,355.706564,183.793214,114.343064,284.457056,186.660949,157.724840,345.416387,175.774475,131.421318,295.076175,179.209325,175.792783,368.217284,150.570588,19.965650,268.812603,150.095215,63.728142,
0.000000,0.000000,0.000000,0.000000,0.000000,0.000000,0.000000,0.000000,0.000000,0.000000,0.000000,0.000000,0.000000,0.000000,0.000000,0.000000,0.000000,0.000000,0.000000,0.000000,0.000000,0.000000,0.000000,0.000000,0.000000,0.000000,0.000000,0.000000,0.000000,0.000000,0.000000,0.000000,0.000000,0.000000,0.000000,0.000000,0.000000,0.000000,0.000000,0.000000,0.000000,0.000000,0.000000,0.000000,0.000000,0.000000,0.000000,0.000000,0.000000,0.000000,0.000000,0.000000,327.401898,505.821729,-324.876060,333.563822,515.625804,-312.586954,336.165939,515.694033,-312.594799,338.754508,515.762116,-312.603194,324.088835,515.656420,-316.570839,321.310907,517.780934,-316.616582,316.846663,517.942701,-316.605754,342.277502,514.587876,-195.531800,306.766796,519.812841,-212.494254,330.782907,498.058261,-277.698033,320.640474,497.510112,-282.415867,364.100669,478.677919,-105.153260,275.469738,474.588783,-128.311806,405.807429,428.745160,-236.821424,245.027027,415.582050,-249.576245,385.836175,454.887839,-476.941853,256.360179,433.638899,-459.942815,378.240448,463.167221,-0.000000,261.785165,441.042964,-502.461770,373.336462,471.329005,-518.815500,266.430928,449.328065,-499.153261,372.878187,468.356936,-479.136682,266.990109,447.999452,-461.580520,350.554362,339.405123,-1.186749,296.695839,338.819664,1.521149,365.139513,259.761721,-93.554696,284.393063,254.879539,-45.432719,357.164378,183.793214,114.343064,285.811614,186.660949,189.291804,346.873840,175.774475,127.604268,295.076175,179.209325,207.104513,368.217284,150.570588,19.965650,268.812603,150.095215,101.707268,
0.000000,0.000000,0.000000,0.000000,0.000000,0.000000,0.000000,0.000000,0.000000,0.000000,0.000000,0.000000,0.000000,0.000000,0.000000,0.000000,0.000000,0.000000,0.000000,0.000000,0.000000,0.000000,0.000000,0.000000,0.000000,0.000000,0.000000,0.000000,0.000000,0.000000,0.000000,0.000000,0.000000,0.000000,0.000000,0.000000,0.000000,0.000000,0.000000,0.000000,0.000000,0.000000,0.000000,0.000000,0.000000,0.000000,0.000000,0.000000,0.000000,0.000000,0.000000,0.000000,333.354660,503.765543,-317.844111,338.051227,511.433725,-305.791586,340.668162,511.501399,-305.799260,343.271235,511.568928,-305.807472,329.981359,513.560256,-312.477251,327.152923,515.684655,-312.522402,322.633817,0.000000,-312.511714,345.279936,512.504524,-190.715745,310.969080,517.725240,-227.327272,335.232901,494.025401,-271.443573,326.470301,495.495901,-279.894297,364.100669,478.677919,-103.607056,275.469738,476.518005,-148.858489,404.130539,428.745160,-221.785143,241.032022,415.582050,-282.129668,375.547210,462.565271,-451.737609,264.223988,445.306314,-472.925072,367.535530,472.980085,-497.677601,273.167128,452.909591,-512.551364,362.618669,477.245268,-482.962396,277.872747,459.313133,-499.153261,362.325031,474.235893,-450.273026,276.698841,457.910944,-470.849205,350.554362,339.405123,1.428771,298.020374,338.819664,-1.098226,365.139513,261.080308,-114.647481,284.393063,254.879539,37.078525,357.164378,183.793214,92.615216,285.811614,186.660949,271.716655,346.873840,175.774475,108.519017,295.076175,179.209325,289.988505,368.217284,150.570588,3.430985,268.812603,150.095215,187.660027,
0.000000,0.000000,0.000000,0.000000,0.000000,0.000000,0.000000,0.000000,0.000000,0.000000,0.000000,0.000000,0.000000,0.000000,0.000000,0.000000,0.000000,0.000000,0.000000,0.000000,0.000000,0.000000,0.000000,0.000000,0.000000,0.000000,0.000000,0.000000,0.000000,0.000000,0.000000,0.000000,0.000000,0.000000,0.000000,0.000000,0.000000,0.000000,0.000000,0.000000,0.000000,0.000000,0.000000,0.000000,0.000000,0.000000,0.000000,0.000000,0.000000,0.000000,0.000000,0.000000,339.307422,503.765543,-303.780212,344.034435,511.433725,-289.482701,345.170384,511.501399,-289.489966,347.787962,511.568928,-289.497740,335.873883,513.560256,-308.383662,331.534436,515.684655,-308.428222,326.974182,517.942701,-308.417674,348.282370,512.504524,-172.414740,316.572127,517.725240,-224.148768,339.682895,494.025401,-255.181976,330.842671,497.510112,-277.372727,364.100669,478.677919,-89.691220,278.020383,478.447228,-160.065771,402.453649,426.920713,-202.989792,238.368684,419.309243,-307.448997,372.117555,462.565271,-416.839424,275.233321,455.029159,-472.925072,363.967224,474.942658,-459.719139,286.175087,462.798447,-510.533445,360.832370,479.217356,-447.109293,289.314566,469.298202,-493.115116,360.566171,476.195546,-415.636640,288.025694,467.822436,-467.141731,352.071913,339.405123,6.078584,299.344909,338.819664,-6.045935,365.139513,261.080308,-51.369127,285.722003,255.968768,68.411908,357.164378,184.781350,157.798759,285.811614,186.660949,296.268738,346.873840,0.000000,173.408871,292.381416,179.209325,313.932769,368.217284,150.570588,77.836978,268.812603,150.747803,215.644646,
0.000000,0.000000,0.000000,0.000000,0.000000,0.000000,0.000000,0.000000,0.000000,0.000000,0.000000,0.000000,0.000000,0.000000,0.000000,0.000000,0.000000,0.000000,0.000000,0.000000,0.000000,0.000000,0.000000,0.000000,0.000000,0.000000,0.000000,0.000000,0.000000,0.000000,0.000000,0.000000,0.000000,0.000000,0.000000,0.000000,0.000000,0.000000,0.000000,0.000000,0.000000,0.000000,0.000000,0.000000,0.000000,0.000000,0.000000,0.000000,0.000000,0.000000,0.000000,0.000000,340.795612,503.765543,-284.090754,345.530237,513.529764,-269.096595,348.171866,513.597716,-267.744241,350.799113,511.568928,-267.751431,338.820145,515.656420,-282.457602,334.455444,515.684655,-282.498416,331.314547,517.942701,-282.488754,351.284805,512.504524,-151.224101,320.774412,517.725240,-224.148768,342.649558,494.025401,-236.418595,333.757585,0.000000,-255.939380,364.100669,476.770835,-77.321587,280.571029,480.376451,-146.990609,395.746088,423.271818,-191.712581,239.700353,424.900033,-297.803538,366.973073,460.645913,-399.390332,286.242654,462.807435,-458.088207,360.398918,472.980085,-440.739909,297.557051,470.709532,-494.390095,357.259773,479.217356,-434.455256,300.756385,477.286256,-477.013398,357.048453,474.235893,-398.318446,299.352547,473.769332,-452.311835,353.589464,339.405123,8.694104,300.669444,0.000000,-8.665310,365.139513,262.398896,-97.773253,287.050943,257.057997,54.834109,357.164378,184.781350,107.100448,283.102499,187.432275,287.500137,348.331293,177.727524,123.787218,288.339276,179.940791,306.565303,368.217284,150.570588,19.965650,268.812603,150.747803,203.651237,
0.000000,0.000000,0.000000,0.000000,0.000000,0.000000,0.000000,0.000000,0.000000,0.000000,0.000000,0.000000,0.000000,0.000000,0.000000,0.000000,0.000000,0.000000,0.000000,0.000000,0.000000,0.000000,0.000000,0.000000,0.000000,0.000000,0.000000,0.000000,0.000000,0.000000,0.000000,0.000000,0.000000,0.000000,0.000000,0.000000,0.000000,0.000000,0.000000,0.000000,0.000000,0.000000,0.000000,0.000000,0.000000,0.000000,0.000000,0.000000,0.000000,0.000000,0.000000,0.000000,340.795612,501.709357,-0.000000,347.026039,511.433725,-239.196974,348.171866,511.501399,-239.202977,350.799113,509.472334,-239.209401,338.820145,513.560256,-251.073424,335.915948,515.684655,-251.109703,331.314547,515.845767,-251.101115,351.284805,510.421173,-127.143830,322.175173,517.725240,-182.828218,342.649558,494.025401,-211.400755,333.757585,497.510112,-226.941322,364.100669,472.956669,-63.405751,280.571029,480.376451,-139.519088,387.361637,417.798475,-185.447464,243.695359,432.354419,-286.952397,361.828591,460.645913,-395.512756,298.824749,466.696573,-435.832909,356.830612,474.942658,-434.413499,312.191004,478.620616,-470.175070,0.000000,479.217356,-404.929171,313.832749,485.274311,-462.924395,355.289593,474.235893,-384.848740,312.297522,479.716227,-431.920727,353.589464,339.405123,9.565944,300.669444,338.819664,-9.538435,366.654615,265.036071,-167.379443,288.379882,258.147226,46.478540,358.622192,185.769485,2.082517,280.393384,187.432275,273.470375,348.331293,178.704049,16.909811,282.949757,181.403725,291.830371,368.217284,150.570588,-95.777005,268.812603,150.747803,193.656731,
0.000000,0.000000,0.000000,0.000000,0.000000,0.000000,0.000000,0.000000,0.000000,0.000000,0.000000,0.000000,0.000000,0.000000,0.000000,0.000000,0.000000,0.000000,0.000000,0.000000,0.000000,0.000000,0.000000,0.000000,0.000000,0.000000,0.000000,0.000000,0.000000,0.000000,0.000000,0.000000,0.000000,0.000000,0.000000,0.000000,0.000000,0.000000,0.000000,0.000000,0.000000,0.000000,0.000000,0.000000,0.000000,0.000000,0.000000,0.000000,0.000000,0.000000,0.000000,0.000000,342.283803,501.709357,-206.739311,347.026039,511.433725,-190.270320,348.171866,511.501399,-190.275095,350.799113,511.568928,-190.280205,338.820145,513.560256,-204.679422,335.915948,513.588376,-204.708997,332.761336,515.845767,-204.701996,349.783587,510.421173,-82.836132,322.175173,517.725240,-152.102680,342.649558,494.025401,-163.866857,333.757585,495.495901,-184.074628,360.892734,471.049585,-23.204445,0.000000,480.376451,-137.651207,384.007857,415.974028,-121.543271,255.680376,439.808806,-280.923985,361.828591,456.807197,-296.634567,311.406843,474.474849,-411.723004,356.830612,469.054940,-328.973329,326.824957,482.576158,-437.888370,355.473474,475.273181,-314.241909,0.000000,489.268338,-416.631955,353.530734,472.276241,-292.485043,323.624375,485.663122,-400.407198,353.589464,337.935837,16.831277,300.669444,337.390045,-16.814478,366.654615,265.036071,-114.647481,289.708822,259.236454,53.789663,358.622192,186.757621,49.159520,276.329712,187.432275,285.746417,348.331293,179.680574,62.714414,276.212858,182.135191,304.723436,368.217284,150.570588,-42.039344,268.812603,150.747803,205.650139,
0.000000,0.000000,0.000000,0.000000,0.000000,0.000000,0.000000,0.000000,0.000000,0.000000,0.000000,0.000000,0.000000,0.000000,0.000000,0.000000,0.000000,0.000000,0.000000,0.000000,0.000000,0.000000,0.000000,0.000000,0.000000,0.000000,0.000000,0.000000,0.000000,0.000000,0.000000,0.000000,0.000000,0.000000,0.000000,0.000000,0.000000,0.000000,0.000000,0.000000,0.000000,0.000000,0.000000,0.000000,0.000000,0.000000,0.000000,0.000000,0.000000,0.000000,0.000000,0.000000,342.283803,503.765543,-164.547615,347.026039,511.433725,-148.139035,348.171866,511.501399,-148.142753,350.799113,511.568928,-148.146731,340.293276,513.560256,-165.108067,337.376452,515.684655,-165.131924,334.208124,515.845767,-165.126277,348.282370,510.421173,-43.344488,0.000000,517.725240,-122.436644,0.000000,494.025401,-123.838312,333.757585,497.510112,-146.251074,356.080831,471.049585,10.038942,284.396998,480.376451,-122.708165,378.977186,414.149580,-88.964662,272.992069,449.126789,-265.250115,361.828591,454.887839,-261.736383,325.561700,476.419418,-354.230152,355.046459,469.054940,-293.123672,339.832916,480.598387,-381.386645,353.687175,475.273181,-282.606817,338.350933,487.271324,-364.301372,353.530734,470.316588,-261.697143,334.951228,485.663122,-348.502561,353.589464,339.405123,24.677837,301.993979,337.390045,-24.672604,368.169716,265.036071,-114.647481,292.366701,260.325683,50.656324,358.622192,0.000000,56.402136,273.620597,188.203601,268.209215,348.331293,179.680574,66.531464,272.170719,182.866658,286.304772,368.217284,149.599165,-33.772011,270.184096,150.747803,187.660027,
0.000000,0.000000,0.000000,0.000000,0.000000,0.000000,0.000000,0.000000,0.000000,0.000000,0.000000,0.000000,0.000000,0.000000,0.000000,0.000000,0.000000,0.000000,0.000000,0.000000,0.000000,0.000000,0.000000,0.000000,0.000000,0.000000,0.000000,0.000000,0.000000,0.000000,0.000000,0.000000,0.000000,0.000000,0.000000,0.000000,0.000000,0.000000,0.000000,0.000000,0.000000,0.000000,0.000000,0.000000,0.000000,0.000000,0.000000,0.000000,0.000000,0.000000,0.000000,0.000000,342.283803,501.709357,-161.734835,345.530237,511.433725,-146.779961,348.171866,511.501399,-146.783645,349.293537,511.568928,-146.787587,338.820145,513.560256,-163.743537,335.915948,0.000000,-163.767198,332.761336,515.845767,-163.761597,348.282370,508.337821,-43.344488,320.774412,515.637638,-122.436644,342.649558,494.025401,-121.336528,333.757585,495.495901,-143.729504,351.268928,469.142502,10.038942,284.396998,480.376451,-122.708165,377.300296,414.149580,-91.470709,283.645418,452.853982,-261.633068,360.113763,454.887839,-259.797595,330.279985,474.474849,-330.120246,353.262306,469.054940,-293.123672,343.084905,478.620616,-355.153701,351.900876,473.301093,-280.497811,341.620024,485.274311,-344.174224,351.771875,470.316588,-259.772900,338.187472,483.680824,-326.257717,353.589464,337.935837,30.780717,303.318514,337.390045,-30.493438,368.169716,265.036071,-11.292836,292.366701,260.325683,67.367462,357.164378,186.757621,114.343064,272.266040,188.203601,273.470375,346.873840,179.680574,123.787218,269.475959,0.000000,289.988505,0.000000,149.599165,40.633981,270.184096,151.400391,203.651237,
0.000000,0.000000,0.000000,0.000000,0.000000,0.000000,0.000000,0.000000,0.000000,0.000000,0.000000,0.000000,0.000000,0.000000,0.000000,0.000000,0.000000,0.000000,0.000000,0.000000,0.000000,0.000000,0.000000,0.000000,0.000000,0.000000,0.000000,0.000000,0.000000,0.000000,0.000000,0.000000,0.000000,0.000000,0.000000,0.000000,0.000000,0.000000,0.000000,0.000000,0.000000,0.000000,0.000000,0.000000,0.000000,0.000000,0.000000,0.000000,0.000000,0.000000,0.000000,0.000000,0.000000,503.765543,-163.141225,345.530237,511.433725,-0.000000,346.671125,511.501399,-146.783645,349.293537,511.568928,-146.787587,338.820145,513.560256,-165.108067,335.915948,513.588376,-165.131924,332.761336,515.845767,-0.000000,348.282370,510.421173,-43.344488,320.774412,515.637638,-126.674649,342.649558,494.025401,-121.336528,333.757585,495.495901,-146.251074,351.268928,469.142502,13.904452,284.396998,480.376451,-129.245746,375.623406,414.149580,-78.940475,287.640424,450.990386,-266.455797,361.828591,452.968482,-242.348502,330.279985,472.530280,-335.684071,355.046459,467.092367,-274.144441,343.084905,478.620616,-361.207457,353.687175,473.301093,-263.625762,341.620024,485.274311,-352.225083,351.771875,468.356936,-242.454706,338.187472,481.698525,-331.818928,353.589464,336.466551,36.883596,303.318514,334.530807,-36.896355,368.169716,263.717483,24.564898,292.366701,260.325683,0.000000,357.164378,186.757621,150.556143,269.556925,187.432275,269.962935,345.416387,179.680574,158.140670,264.086440,182.866658,286.304772,369.757942,149.599165,77.836978,272.927081,151.400391,199.653435,
0.000000,0.000000,0.000000,0.000000,0.000000,0.000000,0.000000,0.000000,0.000000,0.000000,0.000000,0.000000,0.000000,0.000000,0.000000,0.000000,0.000000,0.000000,0.000000,0.000000,0.000000,0.000000,0.000000,0.000000,0.000000,0.000000,0.000000,0.000000,0.000000,0.000000,0.000000,0.000000,0.000000,0.000000,0.000000,0.000000,0.000000,0.000000,0.000000,0.000000,0.000000,0.000000,0.000000,0.000000,0.000000,0.000000,0.000000,0.000000,0.000000,0.000000,0.000000,0.000000,0.000000,503.765543,-171.579564,344.034435,511.433725,-0.000000,346.671125,511.501399,-156.297400,347.787962,511.568928,-156.301597,338.820145,513.560256,-173.295244,0.000000,513.588376,-173.320284,331.314547,515.845767,-173.314357,346.781153,510.421173,-52.976596,320.774412,515.637638,-133.031657,341.166227,494.025401,-130.092772,333.757585,495.495901,-153.815785,351.268928,469.142502,6.946534,284.396998,478.447228,-134.849387,377.300296,414.149580,-87.711639,287.640424,447.263192,-0.000000,361.828591,454.887839,-255.920019,330.279985,472.530280,-343.102503,355.046459,469.054940,-288.906065,341.458910,478.620616,-369.279133,351.900876,475.273181,-0.000000,339.985478,487.271324,-360.275942,351.771875,470.316588,-255.924412,336.569350,483.680824,-339.233876,352.071913,336.466551,35.721143,303.318514,334.530807,-35.732189,368.169716,262.398896,20.346341,292.366701,260.325683,72.589693,355.706564,186.757621,168.662683,269.556925,187.432275,285.746417,345.416387,179.680574,177.225922,264.086440,182.866658,304.723436,371.298600,149.599165,94.371643,274.298574,151.400391,217.643547,
0.000000,0.000000,0.000000,0.000000,0.000000,0.000000,0.000000,0.000000,0.000000,0.000000,0.000000,0.000000,0.000000,0.000000,0.000000,0.000000,0.000000,0.000000,0.000000,0.000000,0.000000,0.000000,0.000000,0.000000,0.000000,0.000000,0.000000,0.000000,0.000000,0.000000,0.000000,0.000000,0.000000,0.000000,0.000000,0.000000,0.000000,0.000000,0.000000,0.000000,0.000000,0.000000,0.000000,0.000000,0.000000,0.000000,0.000000,0.000000,0.000000,0.000000,0.000000,0.000000,339.307422,503.765543,-177.205124,342.538633,511.433725,-160.370698,345.170384,511.501399,-160.374723,346.282386,511.568928,-160.379030,335.873883,513.560256,-177.388832,332.994940,515.684655,-177.414464,329.867759,515.845767,-177.408396,345.279936,510.421173,-55.866228,317.972889,517.725240,-131.972156,339.682895,494.025401,-135.096340,330.842671,497.510112,-157.598140,349.664960,469.142502,5.400330,284.396998,478.447228,-133.915447,378.977186,415.974028,-91.470709,280.982080,445.399596,-271.278527,361.828591,454.887839,-263.675171,325.561700,470.585711,-352.375544,355.046459,469.054940,-295.232475,339.832916,478.620616,-379.368726,351.900876,475.273181,-280.497811,338.350933,485.274311,-368.326801,351.771875,472.276241,-261.697143,334.951228,481.698525,-348.502561,352.071913,336.466551,33.396236,303.318514,334.530807,-33.403855,368.169716,262.398896,-0.746444,292.366701,260.325683,65.278570,355.706564,186.757621,139.692220,269.556925,187.432275,278.731536,345.416387,178.704049,150.506570,265.433820,182.866658,0.000000,371.298600,149.599165,65.435979,274.298574,150.747803,205.650139,
0.000000,0.000000,0.000000,0.000000,0.000000,0.000000,0.000000,0.000000,0.000000,0.000000,0.000000,0.000000,0.000000,0.000000,0.000000,0.000000,0.000000,0.000000,0.000000,0.000000,0.000000,0.000000,0.000000,0.000000,0.000000,0.000000,0.000000,0.000000,0.000000,0.000000,0.000000,0.000000,0.000000,0.000000,0.000000,0.000000,0.000000,0.000000,0.000000,0.000000,0.000000,0.000000,0.000000,0.000000,0.000000,0.000000,0.000000,0.000000,0.000000,0.000000,0.000000,0.000000,337.819231,503.765543,-191.269022,341.042831,511.433725,-175.320509,343.669643,511.501399,-175.324909,346.282386,511.568928,-175.329617,334.400752,513.560256,-189.669598,331.534436,515.684655,-189.697004,326.974182,515.845767,-189.690516,343.778719,510.421173,-69.351180,316.572127,517.725240,-135.150660,338.199564,494.025401,-148.856153,330.842671,497.510112,-168.945206,349.664960,471.049585,-6.196200,283.121675,478.447228,-125.509985,380.654076,417.798475,-106.506990,271.660400,439.808806,-268.867162,360.113763,460.645913,-269.491535,320.843414,468.641142,-365.357801,353.262306,474.942658,-299.450082,334.954931,476.642845,-393.494158,350.114577,479.217356,-299.478866,333.447296,483.277297,-372.352231,350.013015,0.000000,-269.394118,330.096862,479.716227,-357.771246,352.071913,336.466551,28.746423,303.318514,334.530807,-28.747188,368.169716,263.717483,-59.806241,291.037761,260.325683,61.100785,355.706564,186.757621,74.508676,269.556925,187.432275,278.731536,345.416387,178.704049,85.616715,266.781200,182.135191,293.672238,371.298600,149.599165,-17.237346,274.298574,151.400391,195.655632,
0.000000,0.000000,0.000000,0.000000,0.000000,0.000000,0.000000,0.000000,0.000000,0.000000,0.000000,0.000000,0.000000,0.000000,0.000000,0.000000,0.000000,0.000000,0.000000,0.000000,0.000000,0.000000,0.000000,0.000000,0.000000,0.000000,0.000000,0.000000,0.000000,0.000000,0.000000,0.000000,0.000000,0.000000,0.000000,0.000000,0.000000,0.000000,0.000000,0.000000,0.000000,0.000000,0.000000,0.000000,0.000000,0.000000,0.000000,0.000000,0.000000,0.000000,0.000000,0.000000,333.354660,503.765543,-216.584040,0.000000,511.433725,-203.861057,339.167421,511.501399,-203.866174,341.765659,511.568928,-203.871648,329.981359,513.560256,-212.866599,325.692419,515.684655,-212.897357,321.187028,515.845767,-212.890076,343.778719,510.421173,-97.284294,310.969080,517.725240,-139.388665,336.716232,494.025401,-173.873993,326.470301,497.510112,-186.596198,352.872895,472.956669,-23.204445,281.846352,480.376451,-121.774225,382.330966,423.271818,-131.567458,259.675382,432.354419,-271.278527,358.398936,468.323345,-308.267295,314.552367,462.807435,-415.432220,351.478153,482.792950,-343.734953,330.076947,472.687303,-449.995883,348.328278,485.133620,-329.004951,330.178205,477.286256,-430.720959,346.495296,478.155198,-305.954749,328.478741,475.751630,-409.675883,352.071913,336.466551,25.259063,301.993979,335.960426,-24.963646,366.654615,262.398896,-57.696962,287.050943,260.325683,54.834109,355.706564,186.757621,110.721756,269.556925,186.660949,255.933173,345.416387,178.704049,123.787218,268.128579,180.672258,271.569840,0.000000,149.599165,19.965650,272.927081,151.400391,169.669914,
0.000000,0.000000,0.000000,0.000000,0.000000,0.000000,0.000000,0.000000,0.000000,0.000000,0.000000,0.000000,0.000000,0.000000,0.000000,0.000000,0.000000,0.000000,0.000000,0.000000,0.000000,0.000000,0.000000,0.000000,0.000000,0.000000,0.000000,0.000000,0.000000,0.000000,0.000000,0.000000,0.000000,0.000000,0.000000,0.000000,0.000000,0.000000,0.000000,0.000000,0.000000,0.000000,0.000000,0.000000,0.000000,0.000000,0.000000,0.000000,0.000000,0.000000,0.000000,0.000000,327.401898,505.821729,-237.679888,332.068020,515.625804,-225.606236,334.665198,515.694033,-225.611899,337.248933,515.762116,-225.617957,324.088835,515.656420,-229.240952,319.850403,517.780934,-0.000000,315.399875,517.942701,-229.266235,340.776285,0.000000,-120.401354,306.766796,517.725240,-140.448166,332.266238,498.058261,-196.390050,320.640474,499.524323,-200.464834,357.684798,476.770835,-51.036118,280.571029,478.447228,-108.699062,385.684747,430.569608,-176.676301,0.000000,423.036436,-260.427386,353.254453,477.920135,-362.553360,303.543034,453.084590,-417.286828,342.557387,490.643242,-400.672645,315.442993,462.798447,-454.031720,339.396784,493.021972,-383.839110,318.736386,469.298202,-436.759103,339.459859,485.993808,-359.833572,317.151887,467.822436,-411.529620,352.071913,336.466551,16.831277,301.993979,335.960426,-16.814478,366.654615,261.080308,-4.965000,284.393063,260.325683,60.056339,355.706564,185.769485,179.526607,269.556925,185.889623,259.440613,345.416387,176.750999,192.494123,269.475959,179.940791,275.253573,371.298600,149.599165,90.237976,271.555588,151.400391,171.668816,
0.000000,0.000000,0.000000,0.000000,0.000000,0.000000,0.000000,0.000000,0.000000,0.000000,0.000000,0.000000,0.000000,0.000000,0.000000,0.000000,0.000000,0.000000,0.000000,0.000000,0.000000,0.000000,0.000000,0.000000,0.000000,0.000000,0.000000,0.000000,0.000000,0.000000,0.000000,0.000000,0.000000,0.000000,0.000000,0.000000,0.000000,0.000000,0.000000,0.000000,0.000000,0.000000,0.000000,0.000000,0.000000,0.000000,0.000000,0.000000,0.000000,0.000000,0.000000,0.000000,319.960946,505.821729,-237.679888,326.084812,515.625804,-226.965310,328.662235,515.694033,-226.971007,331.226630,515.762116,-226.977102,316.723179,515.656420,-227.876423,312.547882,517.780934,-227.909350,309.612721,517.942701,-227.901555,337.773851,514.587876,-130.033463,303.965272,517.725240,-134.091158,326.332912,498.058261,-197.640942,314.810648,499.524323,-199.204049,359.288766,478.677919,-65.725057,278.020383,480.376451,-87.218439,385.684747,439.691845,-192.965605,245.027027,417.445646,-221.845551,341.250661,483.678209,-364.492148,290.960940,445.306314,-404.304571,331.852469,496.530961,-400.672645,304.061030,456.865134,-452.013802,328.678991,498.938235,-383.839110,305.660021,463.307161,-426.695529,330.665562,493.832418,-361.757816,304.206912,461.875541,-400.407198,352.071913,336.466551,8.403490,299.344909,335.960426,-8.374269,365.139513,261.080308,11.909227,279.077305,257.057997,59.011893,355.706564,184.781350,190.390531,269.556925,184.346970,250.672012,346.873840,174.797950,203.945273,270.823339,177.746391,264.202374,371.298600,149.599165,110.906308,0.000000,151.400391,167.671013,
0.000000,0.000000,0.000000,0.000000,0.000000,0.000000,0.000000,0.000000,0.000000,0.000000,0.000000,0.000000,0.000000,0.000000,0.000000,0.000000,0.000000,0.000000,0.000000,0.000000,0.000000,0.000000,0.000000,0.000000,0.000000,0.000000,0.000000,0.000000,0.000000,0.000000,0.000000,0.000000,0.000000,0.000000,0.000000,0.000000,0.000000,0.000000,0.000000,0.000000,0.000000,0.000000,0.000000,0.000000,0.000000,0.000000,0.000000,0.000000,0.000000,0.000000,0.000000,0.000000,312.519994,505.821729,-234.867108,318.605803,515.625804,-226.965310,321.158531,515.694033,-226.971007,323.698752,515.762116,-226.977102,309.357524,515.656420,-225.147364,306.705866,515.684655,-225.179897,305.272356,517.942701,-225.172195,331.768982,514.587876,-141.591993,302.564511,517.725240,-121.377143,318.916255,498.058261,-196.390050,308.980821,499.524323,-196.682479,0.000000,482.492085,-84.279506,278.020383,478.447228,-57.332354,382.330966,446.989635,-201.736769,245.027027,413.718453,-167.589845,332.676524,485.597567,-352.859420,281.524369,439.472606,-341.247895,321.147551,496.530961,-388.019824,292.679066,446.976278,-379.368726,319.747496,500.910323,-375.403085,294.218202,455.319106,-368.326801,321.871265,497.751723,-350.212354,292.880059,453.946347,-341.087613,350.554362,336.466551,-1.186749,296.695839,337.390045,1.230108,0.000000,261.080308,45.657683,276.419426,257.057997,56.923001,355.706564,183.793214,219.360995,269.556925,183.575644,0.000000,345.416387,173.821425,230.664625,272.170719,177.014925,232.890644,371.298600,149.599165,139.841971,263.326631,151.400391,141.685295,
0.000000,0.000000,0.000000,0.000000,0.000000,0.000000,0.000000,0.000000,0.000000,0.000000,0.000000,0.000000,0.000000,0.000000,0.000000,0.000000,0.000000,0.000000,0.000000,0.000000,0.000000,0.000000,0.000000,0.000000,0.000000,0.000000,0.000000,0.000000,0.000000,0.000000,0.000000,0.000000,0.000000,0.000000,0.000000,0.000000,0.000000,0.000000,0.000000,0.000000,0.000000,0.000000,0.000000,0.000000,0.000000,0.000000,0.000000,0.000000,0.000000,0.000000,0.000000,0.000000,308.055423,499.653171,-215.177650,312.622595,511.433725,-217.451794,316.656309,511.501399,-217.457252,319.182026,511.568928,-217.463091,304.938131,511.464092,-203.314892,302.324353,511.492097,-203.344270,300.931990,511.651899,-203.337316,328.766548,514.587876,-132.923095,301.163749,513.550036,-97.008613,314.466261,494.025401,-183.881130,304.608451,495.495901,-170.205991,359.288766,482.492085,-85.825710,278.020383,476.518005,-33.983850,377.300296,454.287425,-210.507933,247.690365,413.718453,-145.887563,325.817214,485.597567,-347.043056,276.806083,437.528037,-328.265638,312.226785,494.568388,-381.693414,286.175087,443.020736,-365.243295,310.816002,498.938235,-369.076067,287.680020,451.325079,-356.250513,313.076968,495.792070,-344.439623,288.025694,449.981750,-328.111454,349.036810,336.466551,-5.255336,295.371304,337.390045,5.304691,360.594208,259.761721,41.439126,275.090487,257.057997,46.478540,355.706564,183.793214,208.497071,270.911482,183.575644,194.552965,345.416387,173.821425,0.000000,274.865478,177.014925,207.104513,371.298600,150.570588,131.574639,261.955138,152.052978,117.698479,
0.000000,0.000000,0.000000,0.000000,0.000000,0.000000,0.000000,0.000000,0.000000,0.000000,0.000000,0.000000,0.000000,0.000000,0.000000,0.000000,0.000000,0.000000,0.000000,0.000000,0.000000,0.000000,0.000000,0.000000,0.000000,0.000000,0.000000,0.000000,0.000000,0.000000,0.000000,0.000000,0.000000,0.000000,0.000000,0.000000,0.000000,0.000000,0.000000,0.000000,0.000000,0.000000,0.000000,0.000000,0.000000,0.000000,0.000000,0.000000,0.000000,0.000000,0.000000,0.000000,306.567232,499.653171,-199.707362,311.126793,509.337685,-198.424762,315.155568,511.501399,-198.429742,317.676450,511.568928,-198.435071,303.465000,509.367927,-188.305068,300.863849,509.395818,-188.332277,299.485202,509.554965,-188.325836,325.764114,512.504524,-127.143830,299.762987,511.462434,-83.235096,314.466261,494.025401,-170.121317,304.608451,493.481690,-156.337355,359.288766,482.492085,-81.960200,278.020383,472.659560,-23.710508,368.915845,459.760768,-209.254909,249.022033,411.854856,-139.859152,318.957904,483.678209,-341.226691,275.233321,435.583468,-326.411030,305.090173,492.605815,-375.367004,282.923097,443.020736,-365.243295,303.670807,494.994059,-364.858055,284.410929,451.325079,-358.263227,306.041531,493.832418,-338.666892,283.171328,449.981750,-328.111454,347.519259,336.466551,-5.836562,294.046769,337.390045,5.595733,359.079106,258.443133,45.657683,275.090487,257.057997,29.767402,355.706564,182.805079,212.118379,0.000000,183.575644,161.232281,345.416387,172.844900,223.030525,276.212858,177.014925,170.267184,0.000000,150.570588,135.708305,260.583645,152.052978,83.717155,
0.000000,0.000000,0.000000,0.000000,0.000000,0.000000,0.000000,0.000000,0.000000,0.000000,0.000000,0.000000,0.000000,0.000000,0.000000,0.000000,0.000000,0.000000,0.000000,0.000000,0.000000,0.000000,0.000000,0.000000,0.000000,0.000000,0.000000,0.000000,0.000000,0.000000,0.000000,0.000000,0.000000,0.000000,0.000000,0.000000,0.000000,0.000000,0.000000,0.000000,0.000000,0.000000,0.000000,0.000000,0.000000,0.000000,0.000000,0.000000,0.000000,0.000000,0.000000,0.000000,303.590851,497.596985,-198.300972,308.135189,0.000000,-194.347541,312.154086,509.405082,-194.352419,314.665299,511.568928,-194.357638,300.518738,507.271763,-184.211480,299.403345,507.299539,-184.238097,298.038414,507.458031,-184.231796,324.262897,512.504524,-123.290987,298.362226,509.374833,-76.878089,312.982930,492.008971,-167.619533,303.150994,491.467479,-153.815785,359.288766,482.492085,-88.145016,279.295706,470.730337,-20.908688,362.208284,459.760768,-219.279096,254.348708,409.991260,-137.447787,315.528250,481.758851,-350.920632,276.806083,435.583468,-330.120246,303.306020,490.643242,-385.911021,282.923097,443.020736,-369.279133,301.884508,494.994059,-377.512092,286.045475,451.325079,-360.275942,304.282671,491.872765,-350.212354,284.789450,447.999452,-331.818928,346.001708,334.997264,-5.836562,294.046769,337.390045,5.886775,356.048903,257.124546,49.876240,275.090487,255.968768,51.700770,354.248751,182.805079,222.982303,270.911482,184.346970,194.552965,345.416387,172.844900,234.481676,277.560238,177.014925,207.104513,371.298600,150.570588,148.109304,260.583645,152.052978,109.702873,
0.000000,0.000000,0.000000,0.000000,0.000000,0.000000,0.000000,0.000000,0.000000,0.000000,0.000000,0.000000,0.000000,0.000000,0.000000,0.000000,0.000000,0.000000,0.000000,0.000000,0.000000,0.000000,0.000000,0.000000,0.000000,0.000000,0.000000,0.000000,0.000000,0.000000,0.000000,0.000000,0.000000,0.000000,0.000000,0.000000,0.000000,0.000000,0.000000,0.000000,0.000000,0.000000,0.000000,0.000000,0.000000,0.000000,0.000000,0.000000,0.000000,0.000000,0.000000,0.000000,300.614470,497.596985,-175.798734,303.647784,509.337685,-178.038656,307.651864,509.405082,-178.043125,310.148572,511.568928,-178.047906,297.572475,507.271763,-162.379008,296.482337,507.299539,-162.402471,293.698048,507.458031,-162.396917,322.761679,512.504524,-124.254198,298.362226,507.287231,-59.926068,308.532935,492.008971,-153.859721,300.236081,491.467479,-134.904008,359.288766,482.492085,-98.968444,280.571029,468.801115,-7.833525,357.177613,456.111873,-225.544213,257.012045,0.000000,-103.688681,312.098595,477.920135,-350.920632,276.806083,435.583468,-294.882692,299.737714,482.792950,-385.911021,282.923097,443.020736,-334.974514,298.311910,0.000000,-379.621098,284.410929,451.325079,-326.059791,302.523812,485.993808,-350.212354,284.789450,449.981750,-296.597924,344.484156,334.997264,-9.614536,292.722234,337.390045,9.670317,356.048903,254.487371,35.111291,276.419426,255.968768,72.589693,354.248751,182.805079,219.360995,270.911482,185.118296,257.686893,345.416387,172.844900,234.481676,277.560238,178.477858,273.411706,371.298600,150.570588,143.975638,260.583645,152.052978,189.658928,
0.000000,0.000000,0.000000,0.000000,0.000000,0.000000,0.000000,0.000000,0.000000,0.000000,0.000000,0.000000,0.000000,0.000000,0.000000,0.000000,0.000000,0.000000,0.000000,0.000000,0.000000,0.000000,0.000000,0.000000,0.000000,0.000000,0.000000,0.000000,0.000000,0.000000,0.000000,0.000000,0.000000,0.000000,0.000000,0.000000,0.000000,0.000000,0.000000,0.000000,0.000000,0.000000,0.000000,0.000000,0.000000,0.000000,0.000000,0.000000,0.000000,0.000000,0.000000,0.000000,299.126280,497.596985,-185.643463,303.647784,509.337685,-184.834025,306.151123,509.405082,-184.838664,310.148572,511.568928,-184.843628,296.099344,507.271763,-171.930714,295.021833,0.000000,-171.955558,293.698048,507.458031,-171.949677,322.761679,512.504524,-131.959884,296.961464,507.287231,-67.342577,308.532935,492.008971,-158.863289,300.236081,491.467479,-143.729504,359.288766,480.585002,-102.833954,281.846352,468.801115,-9.701406,353.823833,452.462978,-216.773050,258.343714,406.264066,-101.277317,310.383767,470.242703,-350.920632,278.378845,435.583468,-294.882692,297.953561,474.942658,-379.584611,284.549092,443.020736,-334.974514,298.311910,477.245268,-373.294079,286.045475,451.325079,-326.059791,300.764953,478.155198,-348.288110,286.407572,449.981750,-296.597924,342.966605,333.527978,-10.195762,292.722234,337.390045,10.252400,354.533801,253.168784,37.220569,276.419426,254.879539,78.856370,355.706564,181.816943,215.739687,270.911482,185.118296,262.948054,346.873840,171.868375,230.664625,278.907618,177.746391,277.095439,371.298600,150.570588,135.708305,260.583645,151.400391,191.657829,
0.000000,0.000000,0.000000,0.000000,0.000000,0.000000,0.000000,0.000000,0.000000,0.000000,0.000000,0.000000,0.000000,0.000000,0.000000,0.000000,0.000000,0.000000,0.000000,0.000000,0.000000,0.000000,0.000000,0.000000,0.000000,0.000000,0.000000,0.000000,0.000000,0.000000,0.000000,0.000000,0.000000,0.000000,0.000000,0.000000,0.000000,0.000000,0.000000,0.000000,0.000000,0.000000,0.000000,0.000000,0.000000,0.000000,0.000000,0.000000,0.000000,0.000000,0.000000,0.000000,299.126280,497.596985,-205.332921,303.647784,509.337685,-209.297352,306.151123,509.405082,-209.302605,310.148572,511.568928,-209.308226,296.099344,507.271763,-191.034127,295.021833,507.299539,-191.061731,293.698048,507.458031,-191.055196,322.761679,512.504524,-159.892999,296.961464,509.374833,-71.580582,308.532935,492.008971,-183.881130,300.236081,491.467479,-0.000000,359.288766,480.585002,-118.295995,283.121675,468.801115,-26.512329,357.177613,437.867398,-225.544213,258.343714,406.264066,-119.362552,312.098595,464.484629,-354.798208,278.378845,437.528037,-313.428773,299.737714,469.054940,-385.911021,286.175087,443.020736,-351.117864,300.098209,473.301093,-381.730104,287.680020,451.325079,-340.148795,304.282671,474.235893,-354.060841,288.025694,449.981750,-313.281558,0.000000,333.527978,-10.776989,292.722234,337.390045,10.834484,354.533801,251.850196,51.985518,275.090487,253.790310,78.856370,355.706564,181.816943,226.603611,270.911482,184.346970,255.933173,346.873840,170.891850,238.298726,278.907618,177.014925,269.727973,371.298600,149.599165,139.841971,259.212153,150.747803,179.664421,
0.000000,0.000000,0.000000,0.000000,0.000000,0.000000,0.000000,0.000000,0.000000,0.000000,0.000000,0.000000,0.000000,0.000000,0.000000,0.000000,0.000000,0.000000,0.000000,0.000000,0.000000,0.000000,0.000000,0.000000,0.000000,0.000000,0.000000,0.000000,0.000000,0.000000,0.000000,0.000000,0.000000,0.000000,0.000000,0.000000,0.000000,0.000000,0.000000,0.000000,0.000000,0.000000,0.000000,0.000000,0.000000,0.000000,0.000000,0.000000,0.000000,0.000000,0.000000,0.000000,302.102661,0.000000,-244.711837,305.143586,509.337685,-245.992342,307.651864,509.405082,-245.998516,311.654148,511.568928,-246.005122,299.045607,507.271763,-231.970011,296.482337,507.299539,-232.003530,295.144837,507.458031,-231.995595,324.262897,512.504524,-180.120426,298.362226,509.374833,-113.960634,310.016267,492.008971,-215.153431,301.693537,489.453268,-196.682479,360.892734,480.585002,-122.934607,283.121675,468.801115,-26.512329,362.208284,426.920713,-234.315377,257.012045,406.264066,-135.036422,317.243077,458.726555,-380.002452,279.951607,439.472606,-341.247895,0.000000,465.129794,-415.434268,286.175087,446.976278,-383.404564,305.457106,471.329005,-409.147183,289.314566,453.322093,-374.364946,307.800390,470.316588,-379.076009,288.025694,451.964049,-342.941350,342.966605,333.527978,-10.486376,292.722234,335.960426,10.252400,354.533801,251.850196,47.766961,275.090487,252.701082,75.723031,0.000000,180.828808,0.000000,270.911482,184.346970,266.455494,348.331293,170.891850,257.383977,278.907618,177.014925,282.621039,371.298600,149.599165,152.242970,260.583645,150.747803,183.662224,
0.000000,0.000000,0.000000,0.000000,0.000000,0.000000,0.000000,0.000000,0.000000,0.000000,0.000000,0.000000,0.000000,0.000000,0.000000,0.000000,0.000000,0.000000,0.000000,0.000000,0.000000,0.000000,0.000000,0.000000,0.000000,0.000000,0.000000,0.000000,0.000000,0.000000,0.000000,0.000000,0.000000,0.000000,0.000000,0.000000,0.000000,0.000000,0.000000,0.000000,0.000000,0.000000,0.000000,0.000000,0.000000,0.000000,0.000000,0.000000,0.000000,0.000000,0.000000,0.000000,302.102661,497.596985,-270.026855,305.143586,509.337685,-267.737522,309.152605,511.501399,-267.744241,313.159723,511.568928,-267.751431,299.045607,507.271763,-257.896071,296.482337,507.299539,-257.933336,295.144837,507.458031,-257.924515,325.764114,514.587876,-185.899691,298.362226,509.374833,-139.388665,310.016267,492.008971,-233.916811,301.693537,491.467479,-221.898181,364.100669,480.585002,-120.615301,283.121675,468.801115,-55.464473,368.915845,415.974028,-239.327471,251.685371,406.264066,-167.589845,324.102387,451.049124,-409.084272,279.951607,443.361745,-382.049274,310.442632,461.204648,-447.066319,287.801082,454.887362,-423.762939,310.816002,467.384829,-438.673268,289.314566,461.310147,-412.606526,313.076968,464.437631,-407.939665,288.025694,457.910944,-383.723565,342.966605,333.527978,-9.033309,292.722234,335.960426,9.088234,356.048903,251.850196,43.548404,275.090487,252.701082,30.811848,355.706564,181.816943,270.059307,270.911482,184.346970,234.888530,348.331293,170.891850,291.737429,280.254998,177.014925,251.309309,371.298600,150.570588,185.312300,260.583645,150.747803,141.685295,
0.000000,0.000000,0.000000,0.000000,0.000000,0.000000,0.000000,0.000000,0.000000,0.000000,0.000000,0.000000,0.000000,0.000000,0.000000,0.000000,0.000000,0.000000,0.000000,0.000000,0.000000,0.000000,0.000000,0.000000,0.000000,0.000000,0.000000,0.000000,0.000000,0.000000,0.000000,0.000000,0.000000,0.000000,0.000000,0.000000,0.000000,0.000000,0.000000,0.000000,0.000000,0.000000,0.000000,0.000000,0.000000,0.000000,0.000000,0.000000,0.000000,0.000000,0.000000,0.000000,309.543613,499.653171,-296.748263,315.614199,511.433725,-290.841775,319.657790,511.501399,-290.849074,322.193177,513.665522,-290.856885,304.938131,509.367927,-285.186661,302.324353,509.395818,-285.227869,299.485202,509.554965,-286.582794,330.267765,514.587876,-194.568589,299.762987,511.462434,-170.114202,317.432924,492.008971,-255.181976,304.608451,491.467479,-248.374669,365.704637,480.585002,-120.615301,283.121675,470.730337,-87.218439,378.977186,412.325133,-235.568401,249.022033,406.264066,-206.171680,334.391351,447.210408,-422.655788,279.951607,451.140021,-408.013788,324.715857,457.279502,-461.827943,287.801082,464.776218,-449.995883,323.320094,465.412741,-453.436311,289.314566,471.295215,-436.759103,325.388984,462.477978,-421.409371,289.643816,467.822436,-407.822146,344.484156,333.527978,-8.452082,292.722234,335.960426,8.506150,357.564004,254.487371,-17.620671,275.090487,252.701082,20.367387,355.706564,182.805079,255.574075,272.266040,185.118296,0.000000,346.873840,171.868375,280.286279,280.254998,177.746391,253.151175,371.298600,150.570588,156.376636,260.583645,150.747803,147.681999,
0.000000,0.000000,0.000000,0.000000,0.000000,0.000000,0.000000,0.000000,0.000000,0.000000,0.000000,0.000000,0.000000,0.000000,0.000000,0.000000,0.000000,0.000000,0.000000,0.000000,0.000000,0.000000,0.000000,0.000000,0.000000,0.000000,0.000000,0.000000,0.000000,0.000000,0.000000,0.000000,0.000000,0.000000,0.000000,0.000000,0.000000,0.000000,0.000000,0.000000,0.000000,0.000000,0.000000,0.000000,0.000000,0.000000,0.000000,0.000000,0.000000,0.000000,0.000000,0.000000,318.472756,501.709357,-278.465194,324.589010,513.529764,-269.096595,328.662235,513.597716,-0.000000,331.226630,515.762116,-269.110576,313.776917,513.560256,-266.083248,309.626874,513.588376,-266.121696,308.165933,513.748833,-266.112595,336.272633,514.587876,-177.230794,303.965272,513.550036,-153.162182,324.849581,494.025401,-0.000000,311.895734,493.481690,-231.984462,367.308605,478.677919,-102.060852,283.121675,472.659560,-81.614798,384.007857,410.500685,-214.267003,249.022033,413.718453,-208.583045,349.824798,445.291050,-399.390332,287.815416,462.807435,-402.449963,338.989081,455.316929,-438.631106,299.183045,474.665074,-441.924208,339.396784,463.440653,-430.237244,300.756385,481.280283,-428.708244,339.459859,460.518326,-398.318446,299.352547,477.733929,-400.407198,346.001708,333.527978,-7.580242,292.722234,335.960426,7.633025,360.594208,255.805959,-64.024798,276.419426,252.701082,-26.632689,355.706564,182.805079,161.420067,273.620597,185.118296,187.538084,346.873840,172.844900,181.042972,280.254998,177.746391,203.420780,371.298600,150.570588,69.569645,260.583645,150.747803,95.710564,
0.000000,0.000000,0.000000,0.000000,0.000000,0.000000,0.000000,0.000000,0.000000,0.000000,0.000000,0.000000,0.000000,0.000000,0.000000,0.000000,0.000000,0.000000,0.000000,0.000000,0.000000,0.000000,0.000000,0.000000,0.000000,0.000000,0.000000,0.000000,0.000000,0.000000,0.000000,0.000000,0.000000,0.000000,0.000000,0.000000,0.000000,0.000000,0.000000,0.000000,0.000000,0.000000,0.000000,0.000000,0.000000,0.000000,0.000000,0.000000,0.000000,0.000000,0.000000,0.000000,328.890089,0.000000,-264.401296,333.563822,513.529764,-256.864932,336.165939,513.597716,-256.871379,340.260084,515.762116,-256.878277,324.088835,513.560256,-253.802483,321.310907,513.588376,-253.839156,316.846663,513.748833,-253.830475,342.277502,514.587876,-145.444836,308.167557,513.550036,-145.745673,333.749569,494.025401,-226.411459,323.555388,493.481690,-220.637396,368.912572,478.677919,-66.498159,283.121675,476.518005,-89.086319,387.361637,410.500685,-182.941418,253.017039,426.763629,-233.902374,358.398936,443.371692,-393.573968,305.115796,472.530280,-406.159179,351.478153,453.354356,-428.087089,317.068988,484.553930,-441.924208,0.000000,463.440653,-421.801220,317.101840,491.265351,-426.695529,350.013015,460.518326,-392.545715,315.533766,487.645421,-402.260935,347.519259,334.997264,-0.605523,294.046769,0.000000,0.648024,362.109310,259.761721,-139.958823,277.748366,252.701082,-4.699320,355.706564,182.805079,49.159520,273.620597,185.889623,196.306685,346.873840,172.844900,62.714414,280.254998,178.477858,212.630113,369.757942,151.542011,-50.306676,260.583645,150.747803,107.703972,
0.000000,0.000000,0.000000,0.000000,0.000000,0.000000,0.000000,0.000000,0.000000,0.000000,0.000000,0.000000,0.000000,0.000000,0.000000,0.000000,0.000000,0.000000,0.000000,0.000000,0.000000,0.000000,0.000000,0.000000,0.000000,0.000000,0.000000,0.000000,0.000000,0.000000,0.000000,0.000000,0.000000,0.000000,0.000000,0.000000,0.000000,0.000000,0.000000,0.000000,0.000000,0.000000,0.000000,0.000000,0.000000,0.000000,0.000000,0.000000,0.000000,0.000000,0.000000,0.000000,337.819231,505.821729,-229.241549,342.538633,515.625804,-213.374573,345.170384,515.694033,-213.379928,347.787962,0.000000,-213.385658,334.400752,515.656420,-0.000000,330.073931,515.684655,-222.450443,326.974182,515.845767,-222.442836,348.282370,0.000000,-103.063559,315.171365,517.725240,-141.507668,341.166227,496.041831,-185.132022,330.842671,497.510112,-196.682479,368.912572,476.770835,-36.347180,284.396998,480.376451,-98.425721,387.361637,410.500685,-140.338622,266.333725,439.808806,-239.930786,363.543418,443.371692,-329.593963,323.988938,476.419418,-395.031531,356.830612,455.316929,-364.822987,338.206921,486.531701,-431.834614,355.473474,463.440653,-354.313024,336.716387,495.259379,-412.606526,355.289593,460.518326,-329.045673,333.333106,491.610018,-400.407198,349.036810,337.935837,6.659811,296.695839,337.390045,-6.628018,362.109310,262.398896,-93.554696,281.735184,254.879539,-0.521536,355.706564,182.805079,60.023444,273.620597,185.889623,206.829007,346.873840,171.868375,66.531464,278.907618,178.477858,219.997579,369.757942,151.542011,-42.039344,260.583645,150.747803,117.698479,
0.000000,0.000000,0.000000,0.000000,0.000000,0.000000,0.000000,0.000000,0.000000,0.000000,0.000000,0.000000,0.000000,0.000000,0.000000,0.000000,0.000000,0.000000,0.000000,0.000000,0.000000,0.000000,0.000000,0.000000,0.000000,0.000000,0.000000,0.000000,0.000000,0.000000,0.000000,0.000000,0.000000,0.000000,0.000000,0.000000,0.000000,0.000000,0.000000,0.000000,0.000000,0.000000,0.000000,0.000000,0.000000,0.000000,0.000000,0.000000,0.000000,0.000000,0.000000,0.000000,343.771993,505.821729,-201.113751,347.026039,515.625804,-184.834025,348.171866,515.694033,-184.838664,350.799113,515.762116,-184.843628,340.293276,515.656420,-200.585833,337.376452,515.684655,-200.614817,334.208124,517.942701,-200.607956,348.282370,514.587876,-80.909710,322.175173,517.725240,-145.745673,344.132889,496.041831,-160.114181,336.672498,497.510112,-180.292272,364.100669,474.863752,-27.069955,286.947643,480.376451,-132.047566,0.000000,412.325133,-137.832575,288.972092,447.263192,-256.810339,365.258245,445.291050,-317.961235,342.862080,480.308557,-333.829463,358.614765,455.316929,-354.278970,357.718859,488.509472,-361.207457,357.259773,465.412741,-341.658988,356.330934,495.259379,-348.199654,355.289593,462.477978,-319.424455,351.132447,491.610018,-331.818928,349.036810,337.935837,13.053304,298.020374,337.390045,-13.030936,363.624411,262.398896,-28.167064,283.064124,0.000000,43.345201,355.706564,182.805079,110.721756,273.620597,185.889623,236.642250,346.873840,172.844900,127.604268,276.212858,178.477858,251.309309,369.757942,151.542011,-4.836347,260.583645,150.747803,155.677605,
0.000000,0.000000,0.000000,0.000000,0.000000,0.000000,0.000000,0.000000,0.000000,0.000000,0.000000,0.000000,0.000000,0.000000,0.000000,0.000000,0.000000,0.000000,0.000000,0.000000,0.000000,0.000000,0.000000,0.000000,0.000000,0.000000,0.000000,0.000000,0.000000,0.000000,0.000000,0.000000,0.000000,0.000000,0.000000,0.000000,0.000000,0.000000,0.000000,0.000000,0.000000,0.000000,0.000000,0.000000,0.000000,0.000000,0.000000,0.000000,0.000000,0.000000,0.000000,0.000000,349.724755,505.821729,-161.734835,353.009246,515.625804,-146.779961,354.174829,515.694033,-146.783645,355.315840,515.762116,-146.787587,347.658932,515.656420,-166.472596,344.678973,515.684655,-166.496651,341.442066,517.942701,-166.490957,349.783587,514.587876,-51.050174,327.778220,517.725240,-142.567169,348.582884,496.041831,-123.838312,342.502325,497.510112,-150.033429,357.684798,467.235419,2.307922,292.048935,0.000000,-147.924549,385.684747,412.325133,-91.470709,311.610459,460.308369,-251.987609,368.687900,447.210408,-257.858807,363.307984,480.308557,-0.000000,363.967224,0.000000,-291.014868,377.230796,486.531701,-284.526545,364.404968,465.412741,-282.606817,377.580026,491.265351,-279.767352,362.325031,464.437631,-259.772900,372.168031,487.645421,-259.523184,349.036810,337.935837,27.002743,299.344909,337.390045,-27.000938,363.624411,265.036071,-21.839228,285.722003,261.414912,64.234124,357.164378,183.793214,85.372600,272.266040,185.889623,248.918292,346.873840,173.821425,93.250816,272.170719,178.477858,264.202374,369.757942,151.542011,-8.970014,260.583645,150.747803,171.668816,
0.000000,0.000000,0.000000,0.000000,0.000000,0.000000,0.000000,0.000000,0.000000,0.000000,0.000000,0.000000,0.000000,0.000000,0.000000,0.000000,0.000000,0.000000,0.000000,0.000000,0.000000,0.000000,0.000000,0.000000,0.000000,0.000000,0.000000,0.000000,0.000000,0.000000,0.000000,0.000000,0.000000,0.000000,0.000000,0.000000,0.000000,0.000000,0.000000,0.000000,0.000000,0.000000,0.000000,0.000000,0.000000,0.000000,0.000000,0.000000,0.000000,0.000000,0.000000,0.000000,352.701136,505.821729,-160.328445,356.000850,515.625804,-144.061814,357.176310,515.694033,-144.065429,358.326991,515.762116,-144.069298,350.605194,515.656420,-161.014478,347.599981,515.684655,-161.037744,344.335643,517.942701,-161.032237,352.786022,514.587876,-41.418066,331.980505,519.812841,-125.615148,351.549546,498.058261,-118.834744,345.417238,499.524323,-142.468719,357.684798,465.328335,14.677554,297.150226,482.305674,-138.585147,385.684747,410.500685,-92.723732,316.937133,469.626352,-260.427386,370.402728,449.129766,-267.552747,371.171793,480.308557,-283.755043,365.751377,457.279502,-301.558885,385.360770,482.576158,-308.741570,364.404968,465.412741,-293.151848,387.387300,489.268338,-297.881785,364.083890,464.437631,-269.394118,381.876762,485.663122,-279.914291,349.036810,337.935837,29.037037,300.669444,338.819664,-29.038229,363.624411,265.036071,14.018506,285.722003,260.325683,56.923001,357.164378,184.781350,139.692220,270.911482,185.889623,247.164572,346.873840,175.774475,150.506570,269.475959,179.209325,260.518641,369.757942,151.542011,61.302313,261.955138,150.747803,167.671013,
0.000000,0.000000,0.000000,0.000000,0.000000,0.000000,0.000000,0.000000,0.000000,0.000000,0.000000,0.000000,0.000000,0.000000,0.000000,0.000000,0.000000,0.000000,0.000000,0.000000,0.000000,0.000000,0.000000,0.000000,0.000000,0.000000,0.000000,0.000000,0.000000,0.000000,0.000000,0.000000,0.000000,0.000000,0.000000,0.000000,0.000000,0.000000,0.000000,0.000000,0.000000,0.000000,0.000000,0.000000,0.000000,0.000000,0.000000,0.000000,0.000000,0.000000,0.000000,0.000000,357.165707,505.821729,-149.077326,358.992454,515.625804,-133.189224,360.177792,515.694033,-133.192567,361.338142,515.762116,-133.196144,355.024587,515.656420,-152.827302,351.981493,515.684655,-152.849384,348.676008,517.942701,-152.844157,354.287239,514.587876,-31.785958,336.182790,519.812841,-119.258140,354.516209,498.058261,-0.000000,349.789608,499.524323,-133.643223,357.684798,465.328335,29.366493,300.976195,482.305674,-139.519088,380.654076,406.851790,-72.675358,327.590482,471.489949,-244.753515,373.832383,449.129766,-255.920019,379.035602,480.308557,-211.425326,372.887989,0.000000,-291.014868,391.864750,482.576158,-228.024820,378.695359,465.412741,-286.824829,395.560028,487.271324,-223.411338,371.119328,464.437631,-261.697143,389.967372,485.663122,-207.618547,350.554362,339.405123,35.430530,303.318514,338.819664,-35.441147,365.139513,265.036071,37.220569,288.379882,261.414912,61.100785,357.164378,184.781350,139.692220,270.911482,185.889623,245.410852,345.416387,175.774475,146.689519,268.128579,179.209325,260.518641,369.757942,0.000000,61.302313,261.955138,150.747803,163.673210,
0.000000,0.000000,0.000000,0.000000,0.000000,0.000000,0.000000,0.000000,0.000000,0.000000,0.000000,0.000000,0.000000,0.000000,0.000000,0.000000,0.000000,0.000000,0.000000,0.000000,0.000000,0.000000,0.000000,0.000000,0.000000,0.000000,0.000000,0.000000,0.000000,0.000000,0.000000,0.000000,0.000000,0.000000,0.000000,0.000000,0.000000,0.000000,0.000000,0.000000,0.000000,0.000000,0.000000,0.000000,0.000000,0.000000,0.000000,0.000000,0.000000,0.000000,0.000000,0.000000,360.142088,505.821729,-170.173174,361.984057,515.625804,-154.934403,363.179274,515.694033,-154.938292,364.349293,515.762116,-154.942453,0.000000,515.656420,-170.566185,353.441997,517.780934,-170.590831,350.122797,517.942701,-170.584997,358.790890,514.587876,-48.160542,338.984313,519.812841,-122.436644,358.966204,498.058261,-128.841880,352.704522,499.524323,-150.033429,360.892734,465.328335,16.996860,303.526840,482.305674,-152.594250,380.654076,406.851790,-93.976756,326.258814,464.035562,-264.044433,375.547210,452.968482,-275.307899,380.608364,478.363988,-259.645138,378.240448,459.242075,-309.994099,395.116739,0.000000,-280.490707,380.481658,467.384829,-301.587872,397.194573,487.271324,-273.729207,374.637046,466.397283,-277.091093,391.585494,485.663122,-255.815710,352.071913,339.405123,38.627276,304.643049,338.819664,-38.642606,365.139513,265.036071,41.439126,291.037761,262.504141,72.589693,355.706564,184.781350,143.313528,269.556925,185.889623,254.179453,345.416387,175.774475,150.506570,266.781200,179.209325,0.000000,371.298600,151.542011,61.302313,263.326631,150.095215,177.665520,
0.000000,0.000000,0.000000,0.000000,0.000000,0.000000,0.000000,0.000000,0.000000,0.000000,0.000000,0.000000,0.000000,0.000000,0.000000,0.000000,0.000000,0.000000,0.000000,0.000000,0.000000,0.000000,0.000000,0.000000,0.000000,0.000000,0.000000,0.000000,0.000000,0.000000,0.000000,0.000000,0.000000,0.000000,0.000000,0.000000,0.000000,0.000000,0.000000,0.000000,0.000000,0.000000,0.000000,0.000000,0.000000,0.000000,0.000000,0.000000,0.000000,0.000000,0.000000,0.000000,361.630279,505.821729,-170.173174,364.975661,515.625804,-156.293477,366.180755,515.694033,-156.297400,365.854869,515.762116,-154.942453,359.443980,515.656420,-173.295244,356.363006,515.684655,-173.320284,353.016373,517.942701,-173.314357,360.292107,514.587876,-52.013385,338.984313,519.812841,-127.734151,360.449535,498.058261,-127.590988,354.161979,0.000000,-151.294215,364.100669,467.235419,19.316167,306.077486,482.305674,-151.660310,380.654076,406.851790,-78.940475,327.590482,458.444772,-247.164880,377.262037,452.968482,-263.675171,385.326650,478.363988,-192.879245,380.024602,459.242075,-297.341278,401.620719,482.576158,-207.845632,380.481658,467.384829,-291.042842,402.098210,487.271324,-203.284191,372.878187,466.397283,-267.469875,398.057981,485.663122,-189.081177,355.107016,339.405123,37.755436,308.616654,340.249283,-37.769480,366.654615,265.036071,77.296860,292.366701,262.504141,68.411908,355.706564,184.781350,197.633147,269.556925,185.889623,250.672012,345.416387,175.774475,203.945273,266.781200,179.209325,264.202374,371.298600,151.542011,119.173640,263.326631,150.095215,0.000000,
0.000000,0.000000,0.000000,0.000000,0.000000,0.000000,0.000000,0.000000,0.000000,0.000000,0.000000,0.000000,0.000000,0.000000,0.000000,0.000000,0.000000,0.000000,0.000000,0.000000,0.000000,0.000000,0.000000,0.000000,0.000000,0.000000,0.000000,0.000000,0.000000,0.000000,0.000000,0.000000,0.000000,0.000000,0.000000,0.000000,0.000000,0.000000,0.000000,0.000000,0.000000,0.000000,0.000000,0.000000,0.000000,0.000000,0.000000,0.000000,0.000000,0.000000,0.000000,0.000000,364.606660,505.821729,-172.985954,366.471463,515.625804,-157.652551,367.681496,515.694033,-157.656508,368.866020,515.762116,-157.660741,362.390242,515.656420,-176.024303,359.284014,517.780934,-176.049737,355.909950,517.942701,-176.043716,361.793324,514.587876,-54.903018,340.385075,519.812841,-136.210161,361.932866,498.058261,-131.343664,355.619435,499.524323,-153.815785,368.912572,467.235419,18.543065,307.352809,482.305674,-155.396070,385.684747,408.676238,-70.169311,326.258814,452.853982,-243.547833,382.406520,452.968482,-250.103655,383.753888,476.419418,-209.570718,387.161214,459.242075,-282.579655,0.000000,482.576158,-226.006901,387.626853,467.384829,-276.279799,397.194573,487.271324,-219.385909,383.431343,466.397283,-255.924412,393.203616,485.663122,-203.911073,358.142118,339.405123,38.046050,311.265724,340.249283,-38.060522,368.169716,265.036071,-0.746444,295.024580,262.504141,0.000000,357.164378,184.781350,85.372600,268.202368,185.889623,268.209215,345.416387,175.774475,89.433766,266.781200,179.209325,282.621039,371.298600,151.542011,-8.970014,263.326631,150.095215,187.660027,
0.000000,0.000000,0.000000,0.000000,0.000000,0.000000,0.000000,0.000000,0.000000,0.000000,0.000000,0.000000,0.000000,0.000000,0.000000,0.000000,0.000000,0.000000,0.000000,0.000000,0.000000,0.000000,0.000000,0.000000,0.000000,0.000000,0.000000,0.000000,0.000000,0.000000,0.000000,0.000000,0.000000,0.000000,0.000000,0.000000,0.000000,0.000000,0.000000,0.000000,0.000000,0.000000,0.000000,0.000000,0.000000,0.000000,0.000000,0.000000,0.000000,0.000000,0.000000,0.000000,364.606660,505.821729,-168.766784,366.471463,515.625804,-153.575330,367.681496,515.694033,-153.579184,368.866020,0.000000,-153.583308,360.917111,515.656420,-171.930714,357.823510,517.780934,-171.955558,353.016373,520.039635,-171.949677,363.294542,514.587876,-52.976596,340.385075,521.900443,-136.210161,363.416198,498.058261,-127.590988,355.619435,499.524323,-151.294215,373.724475,467.235419,16.996860,306.077486,482.305674,-146.056669,392.392308,408.676238,-76.434428,320.932139,437.945209,-233.902374,387.551002,452.968482,-261.736383,379.035602,472.530280,-241.099056,388.945367,463.167221,-295.232475,390.238755,478.620616,-262.329438,389.413152,471.329005,-288.933835,390.656391,485.274311,-253.602060,386.949062,468.356936,-265.545631,386.731128,481.698525,-237.278340,361.177221,339.405123,35.139916,312.590259,340.249283,-35.150105,368.169716,265.036071,-32.385621,296.353519,262.504141,67.367462,357.164378,184.781350,81.751292,268.202368,185.889623,261.194334,346.873840,175.774475,89.433766,266.781200,179.209325,275.253573,372.839258,150.570588,-13.103680,263.326631,0.000000,179.664421,
0.000000,0.000000,0.000000,0.000000,0.000000,0.000000,0.000000,0.000000,0.000000,0.000000,0.000000,0.000000,0.000000,0.000000,0.000000,0.000000,0.000000,0.000000,0.000000,0.000000,0.000000,0.000000,0.000000,0.000000,0.000000,0.000000,0.000000,0.000000,0.000000,0.000000,0.000000,0.000000,0.000000,0.000000,0.000000,0.000000,0.000000,0.000000,0.000000,0.000000,0.000000,0.000000,0.000000,0.000000,0.000000,0.000000,0.000000,0.000000,0.000000,0.000000,0.000000,0.000000,364.606660,505.821729,-195.488192,367.967265,515.625804,-180.756804,369.182237,515.694033,-180.761341,370.371596,515.762116,-180.766195,360.917111,517.752585,-197.856774,356.363006,517.780934,-197.885364,353.016373,520.039635,-197.878596,366.296976,516.671228,-72.240813,340.385075,521.900443,-152.102680,364.899529,498.058261,-152.608829,357.076892,499.524323,-175.249132,376.932411,471.049585,15.450656,306.077486,480.376451,-143.254848,399.099869,408.676238,-88.964662,316.937133,424.900033,-248.370562,387.551002,454.887839,-265.613959,374.317317,462.807435,-313.428773,0.000000,465.129794,-301.558885,385.360770,474.665074,-339.010351,385.840554,471.329005,-297.369860,385.752754,479.283270,-326.059791,383.431343,468.356936,-267.469875,381.876762,475.751630,-307.720347,365.729875,339.405123,33.977463,316.563864,340.249283,-33.985938,369.684818,261.080308,-59.806241,297.682459,259.236454,66.323016,357.164378,184.781350,103.479140,270.911482,186.660949,296.268738,346.873840,175.774475,112.336067,269.475959,182.135191,315.774635,371.298600,150.570588,11.698318,263.326631,148.790039,213.645744,
0.000000,0.000000,0.000000,0.000000,0.000000,0.000000,0.000000,0.000000,0.000000,0.000000,0.000000,0.000000,0.000000,0.000000,0.000000,0.000000,0.000000,0.000000,0.000000,0.000000,0.000000,0.000000,0.000000,0.000000,0.000000,0.000000,0.000000,0.000000,0.000000,0.000000,0.000000,0.000000,0.000000,0.000000,0.000000,0.000000,0.000000,0.000000,0.000000,0.000000,0.000000,0.000000,0.000000,0.000000,0.000000,0.000000,0.000000,0.000000,0.000000,0.000000,0.000000,0.000000,363.118469,505.821729,-236.273498,366.471463,515.625804,-222.888089,369.182237,515.694033,-222.893683,370.371596,515.762116,-222.899669,359.443980,515.656420,-238.792659,356.363006,517.780934,-238.827163,351.569585,520.039635,-238.818995,367.798193,516.671228,-118.474933,338.984313,521.900443,-189.185226,364.899529,498.058261,-193.888266,355.619435,499.524323,-214.333471,378.536379,472.956669,-37.120282,306.077486,478.447228,-164.735472,407.484320,410.500685,-139.085598,316.937133,415.582050,-284.541033,389.265830,454.887839,-339.287903,371.171793,456.973728,-382.049274,387.161214,467.092367,-371.149397,383.734776,468.731760,-409.637508,384.054255,473.301093,-358.531037,384.118209,475.289242,-394.492093,383.431343,470.316588,-336.742648,381.876762,471.787033,-376.308617,368.764978,0.000000,30.780717,319.212934,340.249283,-30.493438,371.199920,259.761721,-66.134076,301.669278,258.147226,65.278570,357.164378,183.793214,107.100448,276.329712,189.746254,310.298500,346.873840,174.797950,119.970168,276.212858,185.792524,330.509567,371.298600,149.599165,19.965650,264.698124,149.442627,233.634758,
0.000000,0.000000,0.000000,0.000000,0.000000,0.000000,0.000000,0.000000,0.000000,0.000000,0.000000,0.000000,0.000000,0.000000,0.000000,0.000000,0.000000,0.000000,0.000000,0.000000,0.000000,0.000000,0.000000,0.000000,0.000000,0.000000,0.000000,0.000000,0.000000,0.000000,0.000000,0.000000,0.000000,0.000000,0.000000,0.000000,0.000000,0.000000,0.000000,0.000000,0.000000,0.000000,0.000000,0.000000,0.000000,0.000000,0.000000,0.000000,0.000000,0.000000,0.000000,0.000000,363.118469,505.821729,-274.246025,366.471463,515.625804,-260.942153,367.681496,515.694033,-260.948702,370.371596,515.762116,-260.955710,359.443980,515.656420,-272.905896,354.902502,517.780934,-272.945329,351.569585,520.039635,-272.935995,369.299410,514.587876,-154.113734,338.984313,521.900443,-208.256249,363.416198,498.058261,-228.913243,0.000000,499.524323,-244.592314,383.348282,476.770835,-66.498159,307.352809,476.518005,-162.867591,412.514990,415.974028,-162.893043,306.283784,408.127663,-277.306938,389.265830,464.484629,-360.614572,358.589698,445.306314,-402.449963,385.377061,478.867804,-396.455038,372.352812,454.887362,-433.852533,382.267957,483.161532,-381.730104,372.676390,463.307161,-420.657385,381.672484,478.155198,-357.909329,370.549909,0.000000,-398.553461,371.800081,339.405123,20.609250,323.186539,340.249283,-20.598020,375.745225,261.080308,-66.134076,304.327157,259.236454,64.234124,357.164378,183.793214,110.721756,287.166171,189.746254,296.268738,345.416387,174.797950,123.787218,289.686656,0.000000,313.932769,371.298600,149.599165,24.099316,271.555588,148.790039,215.644646,
0.000000,0.000000,0.000000,0.000000,0.000000,0.000000,0.000000,0.000000,0.000000,0.000000,0.000000,0.000000,0.000000,0.000000,0.000000,0.000000,0.000000,0.000000,0.000000,0.000000,0.000000,0.000000,0.000000,0.000000,0.000000,0.000000,0.000000,0.000000,0.000000,0.000000,0.000000,0.000000,0.000000,0.000000,0.000000,0.000000,0.000000,0.000000,0.000000,0.000000,0.000000,0.000000,0.000000,0.000000,0.000000,0.000000,0.000000,0.000000,0.000000,0.000000,0.000000,0.000000,361.630279,505.821729,-261.588516,364.975661,515.625804,-247.351416,367.681496,515.694033,-0.000000,368.866020,515.762116,-247.364267,357.970849,515.656420,-255.167012,354.902502,517.780934,-255.203883,350.122797,517.942701,-255.195155,369.299410,514.587876,-138.702360,338.984313,519.812841,-184.947221,363.416198,498.058261,-217.655215,354.161979,499.524323,-228.202107,388.160185,476.770835,-60.313343,308.628132,474.588783,-126.443925,417.545661,421.447370,-170.411183,296.962104,406.264066,-253.193292,389.265830,470.242703,-366.430936,349.153127,439.472606,-389.467706,383.592908,486.718096,-402.781448,362.596843,446.976278,-421.745020,380.481658,491.049884,-390.166128,364.503662,455.319106,-406.568382,379.913624,485.993808,-363.682060,362.459300,453.946347,-383.723565,374.835183,339.405123,14.796984,325.835609,340.249283,-14.777186,377.260327,259.761721,-118.866038,0.000000,260.325683,5.745141,355.706564,184.781350,74.508676,298.002631,187.432275,199.814126,342.501481,174.797950,89.433766,304.507834,179.209325,214.471979,371.298600,149.599165,-8.970014,282.527531,142.916748,111.701775,
0.000000,0.000000,0.000000,0.000000,0.000000,0.000000,0.000000,0.000000,0.000000,0.000000,0.000000,0.000000,0.000000,0.000000,0.000000,0.000000,0.000000,0.000000,0.000000,0.000000,0.000000,0.000000,0.000000,0.000000,0.000000,0.000000,0.000000,0.000000,0.000000,0.000000,0.000000,0.000000,0.000000,0.000000,0.000000,0.000000,0.000000,0.000000,0.000000,0.000000,0.000000,0.000000,0.000000,0.000000,0.000000,0.000000,0.000000,0.000000,0.000000,0.000000,0.000000,0.000000,361.630279,505.821729,-247.524617,364.975661,515.625804,-243.274195,366.180755,515.694033,-243.280300,368.866020,515.762116,-243.286834,357.970849,515.656420,-229.240952,353.441997,517.780934,-229.274077,348.676008,517.942701,-229.266235,369.299410,514.587876,-126.180619,337.583551,519.812841,-121.377143,361.932866,498.058261,-202.644510,352.704522,499.524323,-205.507975,389.764153,476.770835,-0.000000,308.628132,472.659560,-69.473576,420.899441,430.569608,-162.893043,292.967098,402.536873,-178.440986,387.551002,476.000777,-347.043056,342.862080,433.638899,-357.939368,381.808755,492.605815,-383.802217,356.092864,441.042964,-407.619589,376.909060,494.994059,-371.185073,357.965480,449.328065,-398.517523,378.154765,489.913113,-346.363866,355.986812,447.999452,-354.063772,379.387837,339.405123,8.403490,329.809214,341.678902,-8.374269,380.290530,259.761721,-131.521709,317.616552,263.593370,-121.677286,355.706564,0.000000,67.266060,308.839090,179.719013,47.240466,342.501481,174.797950,81.799665,313.939492,171.163192,57.913329,371.298600,149.599165,-17.237346,294.870967,137.043457,-60.203743,
0.000000,0.000000,0.000000,0.000000,0.000000,0.000000,0.000000,0.000000,0.000000,0.000000,0.000000,0.000000,0.000000,0.000000,0.000000,0.000000,0.000000,0.000000,0.000000,0.000000,0.000000,0.000000,0.000000,0.000000,0.000000,0.000000,0.000000,0.000000,0.000000,0.000000,0.000000,0.000000,0.000000,0.000000,0.000000,0.000000,0.000000,0.000000,0.000000,0.000000,0.000000,0.000000,0.000000,0.000000,0.000000,0.000000,0.000000,0.000000,0.000000,0.000000,0.000000,0.000000,360.142088,505.821729,-236.273498,363.479859,513.529764,-226.965310,366.180755,515.694033,-226.971007,367.360444,515.762116,-226.977102,355.024587,515.656420,-226.511893,351.981493,515.684655,-226.544623,347.229220,517.942701,-226.536875,369.299410,514.587876,-117.511722,337.583551,517.725240,-113.960634,361.932866,498.058261,-193.888266,352.704522,497.510112,-197.943264,394.576056,476.770835,-47.943710,308.628132,472.659560,-59.200234,420.899441,434.218503,-164.146066,288.972092,404.400470,-163.972798,387.551002,483.678209,-343.165479,336.571033,431.694330,-354.230152,378.240448,498.493534,-383.802217,351.214879,439.065193,-385.422483,373.336462,498.938235,-369.076067,353.061843,445.334038,-372.352231,374.637046,495.792070,-342.515379,0.000000,446.017153,-350.356298,380.905389,340.874409,4.916131,331.133749,343.108520,-4.881768,381.805632,259.761721,-95.663975,321.603371,262.504141,-86.166118,355.706564,185.769485,136.070912,0.000000,172.005750,80.561150,342.501481,175.774475,154.323620,320.676391,163.848525,92.908792,371.298600,150.570588,57.168646,307.214403,131.170166,-26.222420,
0.000000,0.000000,0.000000,0.000000,0.000000,0.000000,0.000000,0.000000,0.000000,0.000000,0.000000,0.000000,0.000000,0.000000,0.000000,0.000000,0.000000,0.000000,0.000000,0.000000,0.000000,0.000000,0.000000,0.000000,0.000000,0.000000,0.000000,0.000000,0.000000,0.000000,0.000000,0.000000,0.000000,0.000000,0.000000,0.000000,0.000000,0.000000,0.000000,0.000000,0.000000,0.000000,0.000000,0.000000,0.000000,0.000000,0.000000,0.000000,0.000000,0.000000,0.000000,0.000000,357.165707,501.709357,-230.647939,361.984057,511.433725,-218.810868,364.680014,511.501399,-218.816360,367.360444,511.568928,-218.822236,353.551456,513.560256,-211.502069,349.060485,513.588376,-211.532630,345.782431,515.845767,-211.525396,369.299410,512.504524,-109.806035,337.583551,515.637638,-98.068114,360.449535,496.041831,-187.633806,351.247065,495.495901,-182.813843,396.180023,0.000000,-44.078200,311.178778,470.730337,-41.455371,417.545661,439.691845,-171.664207,288.972092,0.000000,-155.533022,378.976865,487.516925,-358.675784,333.425509,429.749761,-343.102503,369.319683,500.456107,-402.781448,346.336895,433.131880,-377.350808,366.191267,502.882411,-388.057122,348.158206,441.340011,-368.326801,367.601609,497.751723,-355.985085,346.278081,440.070258,-341.087613,380.905389,340.874409,1.138157,332.458284,344.538139,-1.098226,383.320734,0.000000,-89.336139,325.590190,263.593370,-87.210564,355.706564,185.769485,16.567748,327.802894,172.777077,10.412341,342.501481,173.821425,20.726861,331.455430,161.654126,13.708533,0.000000,154.456281,-87.509672,320.929332,145.527100,-104.179573,
0.000000,0.000000,0.000000,0.000000,0.000000,0.000000,0.000000,0.000000,0.000000,0.000000,0.000000,0.000000,0.000000,0.000000,0.000000,0.000000,0.000000,0.000000,0.000000,0.000000,0.000000,0.000000,0.000000,0.000000,0.000000,0.000000,0.000000,0.000000,0.000000,0.000000,0.000000,0.000000,0.000000,0.000000,0.000000,0.000000,0.000000,0.000000,0.000000,0.000000,0.000000,0.000000,0.000000,0.000000,0.000000,0.000000,0.000000,0.000000,0.000000,0.000000,0.000000,0.000000,355.677517,501.709357,-229.241549,360.488256,509.337685,-216.092720,364.680014,511.501399,-216.098144,365.854869,511.568928,-216.103947,352.078325,511.464092,-211.502069,349.060485,511.492097,-211.532630,345.782431,513.748833,-211.525396,369.299410,510.421173,-109.806035,338.984313,513.550036,-102.306120,360.449535,494.025401,-186.382914,351.247065,493.481690,-182.813843,397.783991,476.770835,-47.170608,312.454100,468.801115,-46.125072,417.545661,445.165188,-172.917230,288.972092,404.400470,-151.915975,373.832383,485.597567,-354.798208,330.279985,427.805192,-343.102503,362.183071,498.493534,-398.563841,341.458910,429.176338,-373.314970,360.832370,500.910323,-388.057122,344.889115,437.345984,-362.288657,362.325031,497.751723,-354.060841,343.041837,0.000000,-337.380139,380.905389,342.343696,3.753677,332.458284,344.538139,-3.717601,381.805632,259.761721,-40.822735,330.905948,263.593370,-59.010519,355.706564,183.793214,60.023444,333.221123,173.548403,56.009067,343.958934,169.915325,0.000000,330.108050,163.848525,61.597062,369.757942,155.427704,-33.772011,336.015753,159.231445,-54.207039,
0.000000,0.000000,0.000000,0.000000,0.000000,0.000000,0.000000,0.000000,0.000000,0.000000,0.000000,0.000000,0.000000,0.000000,0.000000,0.000000,0.000000,0.000000,0.000000,0.000000,0.000000,0.000000,0.000000,0.000000,0.000000,0.000000,0.000000,0.000000,0.000000,0.000000,0.000000,0.000000,0.000000,0.000000,0.000000,0.000000,0.000000,0.000000,0.000000,0.000000,0.000000,0.000000,0.000000,0.000000,0.000000,0.000000,0.000000,0.000000,0.000000,0.000000,0.000000,0.000000,354.189326,497.596985,-233.460719,360.488256,507.241645,-221.529015,363.179274,507.308764,-221.534575,365.854869,507.375740,-221.540524,350.605194,0.000000,-215.595658,347.599981,509.395818,-215.626810,345.782431,509.554965,-215.619436,369.299410,508.337821,-125.217409,340.385075,509.374833,-109.722629,360.449535,492.008971,-193.888266,351.247065,491.467479,-186.596198,399.387959,474.863752,-70.363669,315.004746,466.871892,-53.596593,412.514990,445.165188,-211.760956,290.303761,402.536873,-160.355751,370.402728,483.678209,-391.635180,327.134462,425.860623,-350.520936,358.614765,496.530961,-436.522302,336.580926,431.154109,-389.458320,357.259773,498.938235,-421.801220,339.985478,439.342997,-382.415805,360.566171,495.792070,-390.621471,338.187472,438.087959,-350.356298,380.905389,342.343696,5.206744,333.782819,344.538139,-5.172810,383.320734,259.761721,-70.352633,336.221706,266.861056,-154.055116,355.706564,183.793214,27.431672,337.284796,178.947687,-64.997629,342.501481,168.938801,32.178012,332.802810,164.579992,-61.807992,368.217284,158.341973,-75.108673,341.501725,166.409912,-182.136727,
0.000000,0.000000,0.000000,0.000000,0.000000,0.000000,0.000000,0.000000,0.000000,0.000000,0.000000,0.000000,0.000000,0.000000,0.000000,0.000000,0.000000,0.000000,0.000000,0.000000,0.000000,0.000000,0.000000,0.000000,0.000000,0.000000,0.000000,0.000000,0.000000,0.000000,0.000000,0.000000,0.000000,0.000000,0.000000,0.000000,0.000000,0.000000,0.000000,0.000000,0.000000,0.000000,0.000000,0.000000,0.000000,0.000000,0.000000,0.000000,0.000000,0.000000,0.000000,0.000000,352.701136,493.484614,-253.150177,358.992454,503.049565,-244.633268,361.678533,505.212447,-244.639408,364.349293,505.279146,-244.645978,350.605194,0.000000,-237.428129,347.599981,505.203260,-237.462437,345.782431,505.361097,-237.454315,369.299410,506.254469,-155.076944,341.785836,507.287231,-119.258140,360.449535,487.976110,-215.153431,349.789608,487.439057,-206.768760,399.387959,472.956669,-102.060852,317.555392,463.013447,-62.935995,409.161210,443.340740,-245.592588,290.303761,402.536873,-166.384163,368.687900,481.758851,-418.778212,323.988938,425.860623,-357.939368,358.614765,494.568388,-461.827943,334.954931,433.131880,-399.547914,357.259773,496.966147,-449.218299,336.716387,439.342997,-392.479378,360.566171,493.832418,-417.560883,334.951228,438.087959,-359.624983,380.905389,339.405123,4.334904,333.782819,344.538139,-4.299685,383.320734,255.805959,-34.494899,337.550645,265.771827,-136.299532,349.875309,181.816943,0.000000,341.348468,179.719013,-7.124861,336.671668,166.985751,123.787218,338.192329,166.042925,2.657335,0.000000,158.341973,28.232983,348.359189,163.799560,-110.176277,
0.000000,0.000000,0.000000,0.000000,0.000000,0.000000,0.000000,0.000000,0.000000,0.000000,0.000000,0.000000,0.000000,0.000000,0.000000,0.000000,0.000000,0.000000,0.000000,0.000000,0.000000,0.000000,0.000000,0.000000,0.000000,0.000000,0.000000,0.000000,0.000000,0.000000,0.000000,0.000000,0.000000,0.000000,0.000000,0.000000,0.000000,0.000000,0.000000,0.000000,0.000000,0.000000,0.000000,0.000000,0.000000,0.000000,0.000000,0.000000,0.000000,0.000000,0.000000,0.000000,352.701136,493.484614,-298.154653,357.496652,503.049565,-288.123627,361.678533,503.116130,-288.130859,364.349293,503.182552,-288.138596,350.605194,503.079434,-282.457602,347.599981,503.106981,-282.498416,345.782431,503.264163,-282.488754,369.299410,504.171118,-189.752535,341.785836,505.199629,-163.757195,360.449535,485.959680,-256.432868,349.789608,485.424846,-249.635454,400.991926,471.049585,-121.388403,318.830715,463.013447,-80.680858,409.161210,441.516293,-266.893986,291.635429,400.673277,-183.263716,368.687900,481.758851,-455.615185,323.988938,427.805192,-393.176923,358.614765,492.605815,-501.895207,333.328936,435.109651,-435.870451,359.046071,496.966147,-489.289415,335.081842,441.340011,-428.708244,360.566171,493.832418,-456.045757,334.951228,440.070258,-394.845987,382.422940,339.405123,2.300611,335.107354,344.538139,-2.262393,381.805632,257.124546,-36.604178,338.879585,265.771827,-107.055040,351.333123,178.852537,23.810364,345.412140,175.862382,-40.445545,338.129121,163.079651,24.543911,343.581848,158.728259,-39.705594,365.135967,158.341973,-91.643338,349.730682,161.189209,-170.143318,
0.000000,0.000000,0.000000,0.000000,0.000000,0.000000,0.000000,0.000000,0.000000,0.000000,0.000000,0.000000,0.000000,0.000000,0.000000,0.000000,0.000000,0.000000,0.000000,0.000000,0.000000,0.000000,0.000000,0.000000,0.000000,0.000000,0.000000,0.000000,0.000000,0.000000,0.000000,0.000000,0.000000,0.000000,0.000000,0.000000,0.000000,0.000000,0.000000,0.000000,0.000000,0.000000,0.000000,0.000000,0.000000,0.000000,0.000000,0.000000,0.000000,0.000000,0.000000,0.000000,352.701136,493.484614,-286.903534,357.496652,503.049565,-277.251038,361.678533,503.116130,-277.257996,0.000000,503.182552,-277.265442,349.132063,503.079434,-271.541366,347.599981,503.106981,-271.580603,344.335643,503.264163,-271.571315,0.000000,504.171118,-177.230794,341.785836,505.199629,-155.281184,0.000000,485.959680,-245.174840,349.789608,485.424846,-239.549173,402.595894,471.049585,-108.245669,318.830715,463.013447,-80.680858,409.161210,439.691845,-0.000000,291.635429,400.673277,-186.880763,370.402728,479.839493,-443.982456,323.988938,429.749761,-400.595355,360.398918,490.643242,-489.242387,333.328936,435.109651,-443.942127,359.046071,494.994059,-476.635378,335.081842,443.337024,-436.759103,360.566171,491.872765,-444.500295,334.951228,442.052556,-402.260935,383.940491,337.935837,3.463064,336.431889,343.108520,-3.135518,381.805632,255.805959,-36.604178,338.879585,265.771827,-174.944038,351.333123,175.888130,49.159520,344.057583,172.777077,-136.900158,342.501481,157.220502,55.080313,343.581848,155.070926,-139.166384,365.135967,158.341973,-0.000000,346.987696,160.536621,-276.085091,
0.000000,0.000000,0.000000,0.000000,0.000000,0.000000,0.000000,0.000000,0.000000,0.000000,0.000000,0.000000,0.000000,0.000000,0.000000,0.000000,0.000000,0.000000,0.000000,0.000000,0.000000,0.000000,0.000000,0.000000,0.000000,0.000000,0.000000,0.000000,0.000000,0.000000,0.000000,0.000000,0.000000,0.000000,0.000000,0.000000,0.000000,0.000000,0.000000,0.000000,0.000000,0.000000,0.000000,0.000000,0.000000,0.000000,0.000000,0.000000,0.000000,0.000000,0.000000,0.000000,354.189326,493.484614,-270.026855,358.992454,503.049565,-258.224006,361.678533,503.116130,-258.230486,365.854869,505.279146,-258.237421,350.605194,503.079434,-257.896071,347.599981,503.106981,-257.933336,345.782431,505.361097,-257.924515,370.800627,504.171118,-159.892999,341.785836,505.199629,-149.983678,360.449535,485.959680,-228.913243,351.247065,487.439057,-229.462892,402.595894,471.049585,-93.556730,320.106038,463.013447,-64.803875,410.838100,432.394055,-223.038167,291.635429,400.673277,-160.355751,370.402728,474.081419,-383.880028,323.988938,431.694330,-382.049274,360.398918,486.718096,-421.760678,331.702942,441.042964,-433.852533,359.046071,493.021972,-415.474201,333.447296,449.328065,-432.733674,360.566171,487.953460,-382.924497,333.333106,447.999452,-387.431039,385.458043,337.935837,2.591224,337.756424,343.108520,-2.553435,383.320734,253.168784,-4.965000,338.879585,262.504141,-76.766103,354.248751,175.888130,157.798759,341.348468,169.691772,63.023948,346.873840,163.079651,169.591821,340.887088,155.802392,70.806394,366.676625,156.399127,69.569645,341.501725,0.000000,-46.211434,
0.000000,0.000000,0.000000,0.000000,0.000000,0.000000,0.000000,0.000000,0.000000,0.000000,0.000000,0.000000,0.000000,0.000000,0.000000,0.000000,0.000000,0.000000,0.000000,0.000000,0.000000,0.000000,0.000000,0.000000,0.000000,0.000000,0.000000,0.000000,0.000000,0.000000,0.000000,0.000000,0.000000,0.000000,0.000000,0.000000,0.000000,0.000000,0.000000,0.000000,0.000000,0.000000,0.000000,0.000000,0.000000,0.000000,0.000000,0.000000,0.000000,0.000000,0.000000,0.000000,355.677517,493.484614,-270.026855,360.488256,503.049565,-259.583079,364.680014,503.116130,-259.589594,367.360444,505.279146,-259.596565,352.078325,503.079434,-256.531542,349.060485,505.203260,-256.568610,345.782431,505.361097,-257.924515,372.301844,506.254469,-159.892999,343.186598,505.199629,-147.864675,363.416198,487.976110,-227.662351,352.704522,487.439057,-225.680537,404.199862,472.956669,-92.783628,320.106038,464.942669,-66.671755,417.545661,425.096265,-216.773050,291.635429,400.673277,-161.561434,373.832383,466.403987,-383.880028,323.988938,439.472606,-372.776233,363.967224,478.867804,-423.869482,333.328936,450.931820,-417.709183,364.404968,485.133620,-415.474201,333.447296,459.313133,-410.593811,365.842749,480.114850,-382.924497,333.333106,455.928646,-376.308617,385.458043,337.935837,0.847544,337.756424,343.108520,-0.807184,383.320734,251.850196,-19.729950,337.550645,259.236454,-57.966072,355.706564,177.864401,179.526607,337.284796,167.377793,110.374394,348.331293,167.962276,196.311173,336.844949,156.533859,122.378655,368.217284,155.427704,98.505309,337.387246,135.738281,5.760002,
0.000000,0.000000,0.000000,0.000000,0.000000,0.000000,0.000000,0.000000,0.000000,0.000000,0.000000,0.000000,0.000000,0.000000,0.000000,0.000000,0.000000,0.000000,0.000000,0.000000,0.000000,0.000000,0.000000,0.000000,0.000000,0.000000,0.000000,0.000000,0.000000,0.000000,0.000000,0.000000,0.000000,0.000000,0.000000,0.000000,0.000000,0.000000,0.000000,0.000000,0.000000,0.000000,0.000000,0.000000,0.000000,0.000000,0.000000,0.000000,0.000000,0.000000,0.000000,0.000000,357.165707,495.540800,-310.812161,361.984057,505.145605,-303.073438,364.680014,507.308764,-303.081045,367.360444,507.375740,-303.089184,352.078325,505.175599,-298.831956,349.060485,505.203260,-298.875136,345.782431,505.361097,-298.864914,373.803061,508.337821,-199.384643,343.186598,505.199629,-184.947221,363.416198,487.976110,-0.000000,352.704522,487.439057,-263.504090,404.199862,472.956669,-119.069097,321.381360,466.871892,-100.293601,424.253222,415.974028,-239.327471,291.635429,402.536873,-210.994410,380.691692,456.807197,-430.410940,325.561700,447.250883,-409.868396,371.103836,469.054940,-470.263156,333.328936,460.820676,-447.977964,371.550163,475.273181,-459.763329,335.081842,467.301188,-436.759103,371.119328,472.276241,-429.106346,334.951228,463.857839,-0.000000,386.975594,337.935837,-0.000000,337.756424,343.108520,0.356982,383.320734,251.850196,-28.167064,336.221706,257.057997,-48.566057,357.164378,177.864401,183.147915,334.575681,167.377793,126.157876,348.331293,169.915325,203.945273,335.497569,157.265326,138.955454,369.757942,153.484858,98.505309,323.672317,131.170166,15.754509,
0.000000,0.000000,0.000000,0.000000,0.000000,0.000000,0.000000,0.000000,0.000000,0.000000,0.000000,0.000000,0.000000,0.000000,0.000000,0.000000,0.000000,0.000000,0.000000,0.000000,0.000000,0.000000,0.000000,0.000000,0.000000,0.000000,0.000000,0.000000,0.000000,0.000000,0.000000,0.000000,0.000000,0.000000,0.000000,0.000000,0.000000,0.000000,0.000000,0.000000,0.000000,0.000000,0.000000,0.000000,0.000000,0.000000,0.000000,0.000000,0.000000,0.000000,0.000000,0.000000,358.653898,497.596985,-336.127179,363.479859,509.337685,-327.536765,366.180755,509.405082,-327.544985,368.866020,511.568928,-327.553781,353.551456,507.271763,-324.758016,350.520989,507.299539,-324.804942,347.229220,507.458031,-324.793833,375.304278,510.421173,-217.685649,343.186598,509.374833,-206.137246,366.382861,492.008971,-290.206953,354.161979,489.453268,-286.198223,405.803830,472.956669,-128.346321,321.381360,468.801115,-119.906344,427.607002,412.325133,-248.098635,291.635429,406.264066,-242.342151,387.551002,447.210408,-457.553973,325.561700,455.029159,-446.960558,378.240448,459.242075,-499.786404,333.328936,468.731760,-488.336339,378.695359,465.412741,-491.398421,335.081842,475.289242,-475.000684,378.154765,464.437631,-457.970001,334.951228,471.787033,-444.896887,386.975594,337.935837,0.266317,337.756424,343.108520,-0.225101,383.320734,251.850196,-32.385621,336.221706,257.057997,-37.077150,358.622192,178.852537,212.118379,326.448336,168.149119,159.478560,348.331293,171.868375,230.664625,330.108050,159.459726,173.950917,369.757942,151.542011,123.307306,312.700374,133.127930,0.000000,
0.000000,0.000000,0.000000,0.000000,0.000000,0.000000,0.000000,0.000000,0.000000,0.000000,0.000000,0.000000,0.000000,0.000000,0.000000,0.000000,0.000000,0.000000,0.000000,0.000000,0.000000,0.000000,0.000000,0.000000,0.000000,0.000000,0.000000,0.000000,0.000000,0.000000,0.000000,0.000000,0.000000,0.000000,0.000000,0.000000,0.000000,0.000000,0.000000,0.000000,0.000000,0.000000,0.000000,0.000000,0.000000,0.000000,0.000000,0.000000,0.000000,0.000000,0.000000,0.000000,0.000000,501.709357,-323.469670,366.471463,511.433725,-315.305102,369.182237,513.597716,-315.313015,371.877171,513.665522,-315.321483,355.024587,511.464092,-313.841780,351.981493,511.492097,-313.887129,348.676008,511.651899,-313.876394,376.805496,514.587876,-206.127119,344.587359,511.462434,-202.958743,367.866192,494.025401,-277.698033,355.619435,491.467479,-277.372727,407.407797,474.863752,-115.203587,321.381360,472.659560,-126.443925,427.607002,410.500685,-229.303284,291.635429,413.718453,-250.781927,390.980657,441.452334,-440.104880,327.134462,462.807435,-443.251342,383.592908,451.391783,-485.024780,336.580926,476.642845,-484.300502,382.267957,459.496478,-466.090348,338.350933,483.277297,-472.987969,381.672484,458.558674,-436.803320,338.187472,479.716227,-443.043150,386.975594,336.466551,0.847544,336.431889,343.108520,-0.807184,383.320734,251.850196,9.799949,334.892766,257.057997,13.056264,358.622192,179.840672,255.574075,321.030107,175.862382,234.888530,348.331293,172.844900,276.469228,324.718531,167.505859,251.309309,371.298600,150.570588,172.911301,305.842910,135.085693,131.690788,
0.000000,0.000000,0.000000,0.000000,0.000000,0.000000,0.000000,0.000000,0.000000,0.000000,0.000000,0.000000,0.000000,0.000000,0.000000,0.000000,0.000000,0.000000,0.000000,0.000000,0.000000,0.000000,0.000000,0.000000,0.000000,0.000000,0.000000,0.000000,0.000000,0.000000,0.000000,0.000000,0.000000,0.000000,0.000000,0.000000,0.000000,0.000000,0.000000,0.000000,0.000000,0.000000,0.000000,0.000000,0.000000,0.000000,0.000000,0.000000,0.000000,0.000000,0.000000,0.000000,363.118469,503.765543,-307.999382,367.967265,513.529764,-298.996217,372.183718,515.694033,-299.003721,373.382747,515.762116,-299.011751,357.970849,513.560256,-300.196485,354.902502,513.588376,-300.239862,351.569585,513.748833,-300.229594,378.306713,516.671228,-191.678956,345.988121,513.550036,-193.423231,370.832855,496.041831,-262.687328,358.534349,493.481690,-263.504090,409.011765,474.863752,-98.195342,322.656683,476.518005,-0.000000,427.607002,408.676238,-166.652113,292.967098,421.172840,-249.576245,392.695484,437.613618,-343.165479,334.998271,470.585711,-435.832909,385.377061,447.466637,-379.584611,344.710900,482.576158,-474.210908,384.054255,455.552302,-373.294079,346.523661,491.265351,-462.924395,385.190203,452.679716,-344.439623,346.278081,485.663122,-433.774464,386.975594,336.466551,1.428771,336.431889,343.108520,-1.389268,383.320734,251.850196,20.346341,329.577008,257.057997,59.011893,358.622192,181.816943,259.195383,311.548205,182.804318,303.283619,348.331293,173.821425,280.286279,313.939492,174.089058,323.142101,371.298600,150.570588,177.044968,297.613953,142.264160,209.647942,
0.000000,0.000000,0.000000,0.000000,0.000000,0.000000,0.000000,0.000000,0.000000,0.000000,0.000000,0.000000,0.000000,0.000000,0.000000,0.000000,0.000000,0.000000,0.000000,0.000000,0.000000,0.000000,0.000000,0.000000,0.000000,0.000000,0.000000,0.000000,0.000000,0.000000,0.000000,0.000000,0.000000,0.000000,0.000000,0.000000,0.000000,0.000000,0.000000,0.000000,0.000000,0.000000,0.000000,0.000000,0.000000,0.000000,0.000000,0.000000,0.000000,0.000000,0.000000,0.000000,367.583040,505.821729,-292.529093,370.958869,515.625804,-282.687332,373.684459,517.790350,-282.694427,376.393898,517.858710,-282.702019,362.390242,513.560256,-289.280249,357.823510,515.684655,-289.322049,354.463162,513.748833,-289.312154,379.807930,518.754580,-0.000000,348.789644,513.550036,-187.066223,373.799518,498.058261,-242.673056,361.449262,495.495901,-250.896239,409.011765,474.863752,-63.405751,322.656683,478.447228,-117.104524,425.930112,408.676238,-129.061411,296.962104,430.490823,-248.370562,392.695484,435.694260,-302.450931,346.007604,478.363988,-424.705261,385.377061,445.504064,-337.408543,356.092864,490.487243,-464.121314,385.840554,453.580214,-333.222963,0.000000,497.256392,-454.873536,386.949062,450.720064,-304.030505,354.368691,493.592316,-424.505779,386.975594,336.466551,7.822264,336.431889,341.678902,-7.792185,383.320734,253.168784,33.002012,321.603371,258.147226,73.634139,358.622192,181.816943,222.982303,303.420860,188.974928,305.037339,346.873840,173.821425,238.298726,307.202594,179.209325,323.142101,371.298600,150.570588,131.574639,289.384996,152.705566,211.646843,
0.000000,0.000000,0.000000,0.000000,0.000000,0.000000,0.000000,0.000000,0.000000,0.000000,0.000000,0.000000,0.000000,0.000000,0.000000,0.000000,0.000000,0.000000,0.000000,0.000000,0.000000,0.000000,0.000000,0.000000,0.000000,0.000000,0.000000,0.000000,0.000000,0.000000,0.000000,0.000000,0.000000,0.000000,0.000000,0.000000,0.000000,0.000000,0.000000,0.000000,0.000000,0.000000,0.000000,0.000000,0.000000,0.000000,0.000000,0.000000,0.000000,0.000000,0.000000,0.000000,369.071231,507.877915,-257.369346,373.950473,517.721844,-244.633268,375.185200,519.886668,-244.639408,0.000000,519.955304,-244.645978,365.336505,517.752585,-251.073424,360.744518,517.780934,-251.109703,357.356739,517.942701,-251.101115,379.807930,518.754580,-130.996674,350.190406,515.637638,-157.400187,375.282849,500.074692,-210.149863,364.364175,497.510112,-218.115826,409.011765,476.770835,-42.531996,323.932006,480.376451,-113.368763,425.930112,0.000000,-117.784200,303.620447,441.672403,-244.753515,394.410312,435.694260,-285.001839,357.016937,486.142264,-419.141436,387.161214,445.504064,-318.429312,367.474827,496.420556,-462.103395,387.626853,451.608126,-314.241909,366.138207,503.247433,-450.848106,386.949062,450.720064,-286.712312,364.077422,499.539212,-418.944568,386.975594,336.466551,11.309624,336.431889,341.678902,-11.284686,383.320734,253.168784,20.346341,314.958673,258.147226,68.411908,358.622192,181.816943,204.875763,298.002631,192.060233,298.022458,346.873840,173.821425,0.000000,301.813074,182.135191,315.774635,371.298600,150.570588,115.039974,281.156038,155.968506,205.650139,
0.000000,0.000000,0.000000,0.000000,0.000000,0.000000,0.000000,0.000000,0.000000,0.000000,0.000000,0.000000,0.000000,0.000000,0.000000,0.000000,0.000000,0.000000,0.000000,0.000000,0.000000,0.000000,0.000000,0.000000,0.000000,0.000000,0.000000,0.000000,0.000000,0.000000,0.000000,0.000000,0.000000,0.000000,0.000000,0.000000,0.000000,0.000000,0.000000,0.000000,0.000000,0.000000,0.000000,0.000000,0.000000,0.000000,0.000000,0.000000,0.000000,0.000000,0.000000,0.000000,370.559421,511.990287,-246.118227,373.950473,521.913924,-233.760679,376.685941,521.982985,-233.766546,377.899474,524.148492,-233.772823,365.336505,519.848749,-238.792659,0.000000,519.877213,-0.000000,358.803527,520.039635,-238.818995,381.309147,520.837931,-119.438144,351.591168,0.000000,-141.507668,376.766181,504.107552,-200.142726,365.821632,501.538534,-206.768760,409.011765,476.770835,-37.893384,325.207329,484.234896,-111.500883,424.253222,408.676238,-129.061411,311.610459,454.717579,-253.193292,394.410312,437.613618,-298.573355,364.880746,488.086833,-413.577612,387.161214,447.466637,-333.190936,377.230796,498.398328,-456.049639,385.840554,453.580214,-326.895945,377.580026,503.247433,-444.809962,386.949062,452.679716,-300.182018,373.786153,499.539212,-413.383357,386.975594,337.935837,12.181464,335.107354,343.108520,-12.157811,381.805632,254.487371,30.892734,310.971854,260.325683,69.456354,358.622192,181.816943,208.497071,295.293516,196.688190,292.761298,346.873840,172.844900,219.213474,299.118315,186.523991,308.407169,372.839258,150.570588,110.906308,275.670067,159.884033,199.653435,
0.000000,0.000000,0.000000,0.000000,0.000000,0.000000,0.000000,0.000000,0.000000,0.000000,0.000000,0.000000,0.000000,0.000000,0.000000,0.000000,0.000000,0.000000,0.000000,0.000000,0.000000,0.000000,0.000000,0.000000,0.000000,0.000000,0.000000,0.000000,0.000000,0.000000,0.000000,0.000000,0.000000,0.000000,0.000000,0.000000,0.000000,0.000000,0.000000,0.000000,0.000000,0.000000,0.000000,0.000000,0.000000,0.000000,0.000000,0.000000,0.000000,0.000000,0.000000,0.000000,372.047612,514.046473,-230.647939,375.446274,521.913924,-216.092720,378.186682,524.079302,-216.098144,379.405049,524.148492,-216.103947,366.809636,521.944913,-225.147364,363.665526,521.973492,-225.179897,360.250316,522.136569,-225.172195,381.309147,522.921283,-104.989981,351.591168,519.812841,-140.448166,376.766181,504.107552,-185.132022,365.821632,505.566956,-195.421694,409.011765,476.770835,-27.069955,325.207329,486.164119,-116.170584,422.576331,408.676238,-122.796294,316.937133,458.444772,-260.427386,394.410312,439.532976,-296.634567,371.171793,486.142264,-393.176923,387.161214,449.429210,-331.082133,385.360770,494.442785,-427.798776,385.840554,457.524390,-322.677933,385.752754,501.250420,-416.631955,386.949062,454.639369,-296.333530,381.876762,497.556913,-391.138513,385.458043,337.935837,15.378210,335.107354,343.108520,-15.359269,381.805632,254.487371,49.876240,308.313975,261.414912,44.389648,358.622192,181.816943,241.088843,289.875286,194.374211,245.410852,346.873840,173.821425,253.566927,293.728796,184.329591,260.518641,372.839258,150.570588,152.242970,274.298574,158.578857,147.681999,
0.000000,0.000000,0.000000,0.000000,0.000000,0.000000,0.000000,0.000000,0.000000,0.000000,0.000000,0.000000,0.000000,0.000000,0.000000,0.000000,0.000000,0.000000,0.000000,0.000000,0.000000,0.000000,0.000000,0.000000,0.000000,0.000000,0.000000,0.000000,0.000000,0.000000,0.000000,0.000000,0.000000,0.000000,0.000000,0.000000,0.000000,0.000000,0.000000,0.000000,0.000000,0.000000,0.000000,0.000000,0.000000,0.000000,0.000000,0.000000,0.000000,0.000000,0.000000,0.000000,373.535802,511.990287,-230.647939,376.942076,521.913924,-217.451794,379.687422,521.982985,-217.457252,380.910625,522.051898,-217.463091,368.282767,519.848749,-226.511893,365.126030,519.877213,-226.544623,361.697104,520.039635,-226.536875,382.810364,520.837931,-104.026770,351.591168,519.812841,-144.686171,378.249512,504.107552,-183.881130,365.821632,503.552745,-197.943264,405.803830,478.677919,-23.204445,325.207329,486.164119,-128.311806,420.899441,408.676238,-114.025130,320.932139,460.308369,-271.278527,394.410312,441.452334,-292.756991,372.744555,484.197695,-395.031531,387.161214,451.391783,-326.864526,386.986765,492.465014,-427.798776,385.840554,457.524390,-318.459921,385.752754,497.256392,-416.631955,386.949062,454.639369,-292.485043,381.876762,495.574615,-391.138513,385.458043,337.935837,18.865570,333.782819,344.538139,-18.851770,381.805632,253.168784,43.548404,306.985036,261.414912,38.122971,358.622192,181.816943,230.224919,288.520729,192.831559,236.642250,346.873840,172.844900,245.932826,291.034036,182.866658,251.309309,372.839258,150.570588,143.975638,274.298574,158.578857,137.687492,
0.000000,0.000000,0.000000,0.000000,0.000000,0.000000,0.000000,0.000000,0.000000,0.000000,0.000000,0.000000,0.000000,0.000000,0.000000,0.000000,0.000000,0.000000,0.000000,0.000000,0.000000,0.000000,0.000000,0.000000,0.000000,0.000000,0.000000,0.000000,0.000000,0.000000,0.000000,0.000000,0.000000,0.000000,0.000000,0.000000,0.000000,0.000000,0.000000,0.000000,0.000000,0.000000,0.000000,0.000000,0.000000,0.000000,0.000000,0.000000,0.000000,0.000000,0.000000,0.000000,373.535802,511.990287,-226.428769,376.942076,521.913924,-212.015499,379.687422,521.982985,-212.020820,380.910625,522.051898,-212.026514,368.282767,519.848749,-223.782834,365.126030,519.877213,-223.815170,360.250316,520.039635,-223.807515,382.810364,520.837931,-100.173927,351.591168,0.000000,-146.805174,376.766181,504.107552,-180.128454,365.821632,503.552745,-194.160909,404.199862,476.770835,-17.792731,325.207329,486.164119,-127.377865,419.222551,408.676238,-106.506990,323.595476,456.581176,-264.044433,394.410312,441.452334,-279.185475,372.744555,482.253126,-382.049274,387.161214,451.391783,-314.211705,386.986765,490.487243,-413.673345,385.840554,459.496478,-305.805884,385.752754,497.256392,-406.568382,386.949062,458.558674,-280.939580,381.876762,493.592316,-380.016091,383.940491,339.405123,19.737410,332.458284,344.538139,-19.724895,380.290530,0.000000,47.766961,305.656096,261.414912,33.945186,358.622192,182.805079,241.088843,288.520729,191.288906,231.381090,346.873840,173.821425,253.566927,291.034036,182.135191,245.783709,372.839258,150.570588,152.242970,274.298574,157.926269,131.690788,
0.000000,0.000000,0.000000,0.000000,0.000000,0.000000,0.000000,0.000000,0.000000,0.000000,0.000000,0.000000,0.000000,0.000000,0.000000,0.000000,0.000000,0.000000,0.000000,0.000000,0.000000,0.000000,0.000000,0.000000,0.000000,0.000000,0.000000,0.000000,0.000000,0.000000,0.000000,0.000000,0.000000,0.000000,0.000000,0.000000,0.000000,0.000000,0.000000,0.000000,0.000000,0.000000,0.000000,0.000000,0.000000,0.000000,0.000000,0.000000,0.000000,0.000000,0.000000,0.000000,373.535802,511.990287,-236.273498,376.942076,519.817884,-222.888089,378.186682,521.982985,-222.893683,380.910625,522.051898,-222.899669,368.282767,519.848749,-231.970011,365.126030,519.877213,-230.638803,360.250316,520.039635,-231.995595,382.810364,520.837931,-110.769246,351.591168,519.812841,-151.043179,376.766181,504.107552,-190.135590,365.821632,503.552745,-201.725619,404.199862,476.770835,-27.843057,323.932006,484.234896,-130.179686,417.545661,408.676238,-121.543271,322.263808,454.717579,-274.895574,394.410312,441.452334,-298.573355,372.744555,482.253126,-398.740747,387.161214,455.316929,-333.190936,385.360770,490.487243,-431.834614,387.626853,463.440653,-326.895945,384.118209,497.256392,-420.657385,386.949062,460.518326,-300.182018,380.258641,493.592316,-0.000000,382.422940,339.405123,18.865570,331.133749,345.967758,-18.851770,378.775428,254.487371,39.329848,305.656096,261.414912,34.989632,358.622192,182.805079,237.467535,288.520729,191.288906,240.149691,348.331293,173.821425,253.566927,291.034036,182.135191,254.993042,372.839258,150.570588,148.109304,272.927081,157.926269,139.686394,
0.000000,0.000000,0.000000,0.000000,0.000000,0.000000,0.000000,0.000000,0.000000,0.000000,0.000000,0.000000,0.000000,0.000000,0.000000,0.000000,0.000000,0.000000,0.000000,0.000000,0.000000,0.000000,0.000000,0.000000,0.000000,0.000000,0.000000,0.000000,0.000000,0.000000,0.000000,0.000000,0.000000,0.000000,0.000000,0.000000,0.000000,0.000000,0.000000,0.000000,0.000000,0.000000,0.000000,0.000000,0.000000,0.000000,0.000000,0.000000,0.000000,0.000000,0.000000,0.000000,372.047612,511.990287,-247.524617,375.446274,521.913924,-232.401605,378.186682,521.982985,-232.407438,380.910625,522.051898,-232.413679,368.282767,519.848749,-242.886247,363.665526,521.973492,-242.921343,360.250316,522.136569,-242.913035,382.810364,520.837931,-111.732457,351.591168,519.812841,-158.459688,376.766181,504.107552,-200.142726,0.000000,503.552745,-213.072686,0.000000,476.770835,-32.481670,323.932006,484.234896,-131.113626,417.545661,408.676238,-130.314434,319.600471,452.853982,-278.512621,394.410312,447.210408,-319.900023,369.599031,480.308557,-422.850653,387.161214,465.129794,-356.387773,382.108781,490.487243,-458.067558,387.626853,471.329005,-343.767994,382.483663,497.256392,-444.809962,386.949062,468.356936,-319.424455,378.640519,493.592316,-420.798305,380.905389,339.405123,18.284344,329.809214,345.967758,-18.269686,0.000000,254.487371,35.111291,305.656096,261.414912,36.034079,358.622192,182.805079,237.467535,287.166171,191.288906,245.410852,348.331293,173.821425,253.566927,291.034036,182.135191,260.518641,372.839258,150.570588,143.975638,272.927081,157.273682,139.686394,
0.000000,0.000000,0.000000,0.000000,0.000000,0.000000,0.000000,0.000000,0.000000,0.000000,0.000000,0.000000,0.000000,0.000000,0.000000,0.000000,0.000000,0.000000,0.000000,0.000000,0.000000,0.000000,0.000000,0.000000,0.000000,0.000000,0.000000,0.000000,0.000000,0.000000,0.000000,0.000000,0.000000,0.000000,0.000000,0.000000,0.000000,0.000000,0.000000,0.000000,0.000000,0.000000,0.000000,0.000000,0.000000,0.000000,0.000000,0.000000,0.000000,0.000000,0.000000,0.000000,372.047612,511.990287,-255.962956,0.000000,521.913924,-241.915121,378.186682,521.982985,-241.921193,380.910625,524.148492,-241.927689,366.809636,521.944913,-249.708895,363.665526,521.973492,-249.744976,360.250316,522.136569,-249.736435,382.810364,522.921283,-123.290987,350.190406,521.900443,-161.638192,376.766181,504.107552,-208.898971,364.364175,503.552745,-219.376611,404.199862,476.770835,-39.439588,322.656683,486.164119,-128.311806,415.868771,408.676238,-145.350715,310.278790,445.399596,-270.072844,394.410312,451.049124,-341.226691,368.026269,480.308557,-426.559869,387.161214,467.092367,-377.475807,377.230796,0.000000,-462.103395,387.626853,473.301093,-366.967061,375.945481,497.256392,-450.848106,386.949062,470.316588,-340.591135,373.786153,493.592316,-424.505779,380.905389,339.405123,17.412504,327.160144,345.967758,-17.396561,378.775428,254.487371,14.018506,304.327157,261.414912,39.167417,357.164378,182.805079,237.467535,287.166171,190.517580,252.425732,346.873840,173.821425,249.749877,291.034036,182.135191,267.886107,372.839258,150.570588,139.841971,272.927081,157.926269,149.680901,
0.000000,0.000000,0.000000,0.000000,0.000000,0.000000,0.000000,0.000000,0.000000,0.000000,0.000000,0.000000,0.000000,0.000000,0.000000,0.000000,0.000000,0.000000,0.000000,0.000000,0.000000,0.000000,0.000000,0.000000,0.000000,0.000000,0.000000,0.000000,0.000000,0.000000,0.000000,0.000000,0.000000,0.000000,0.000000,0.000000,0.000000,0.000000,0.000000,0.000000,0.000000,0.000000,0.000000,0.000000,0.000000,0.000000,0.000000,0.000000,0.000000,0.000000,0.000000,0.000000,370.559421,514.046473,-274.246025,375.446274,524.009964,-260.942153,378.186682,524.079302,-260.948702,379.405049,524.148492,-260.955710,366.809636,521.944913,-267.447778,362.205022,521.973492,-267.486423,358.803527,524.233503,-267.477275,381.309147,522.921283,-148.334469,350.190406,521.900443,-179.649714,375.282849,506.123982,-227.662351,364.364175,505.566956,-237.027603,402.595894,476.770835,-61.086445,321.381360,486.164119,-131.113626,415.868771,408.676238,-171.664207,302.288778,436.081613,-272.484209,394.410312,451.049124,-376.124876,357.016937,476.419418,-445.105950,387.161214,467.092367,-415.434268,369.100822,488.509472,-484.300502,387.626853,475.273181,-404.929171,366.138207,495.259379,-470.975254,386.949062,472.276241,-377.151766,365.695544,489.627719,-443.043150,379.387837,339.405123,15.378210,325.835609,345.967758,-15.359269,377.260327,254.487371,-7.074279,302.998217,262.504141,46.478540,357.164378,182.805079,212.118379,288.520729,191.288906,269.962935,346.873840,173.821425,226.847575,292.381416,182.135191,288.146638,371.298600,150.570588,115.039974,271.555588,157.926269,169.669914,
0.000000,0.000000,0.000000,0.000000,0.000000,0.000000,0.000000,0.000000,0.000000,0.000000,0.000000,0.000000,0.000000,0.000000,0.000000,0.000000,0.000000,0.000000,0.000000,0.000000,0.000000,0.000000,0.000000,0.000000,0.000000,0.000000,0.000000,0.000000,0.000000,0.000000,0.000000,0.000000,0.000000,0.000000,0.000000,0.000000,0.000000,0.000000,0.000000,0.000000,0.000000,0.000000,0.000000,0.000000,0.000000,0.000000,0.000000,0.000000,0.000000,0.000000,0.000000,0.000000,367.583040,514.046473,-298.154653,372.454671,524.009964,-286.764554,375.185200,524.079302,-286.771751,377.899474,524.148492,-286.779452,362.390242,521.944913,-290.644779,357.823510,524.069772,-0.000000,354.463162,524.233503,-290.676834,379.807930,522.921283,-174.341161,347.388883,523.988045,-195.542234,373.799518,506.123982,-251.429300,359.991805,505.566956,-257.200165,402.595894,476.770835,-86.598812,318.830715,486.164119,-134.849387,415.868771,408.676238,-204.242815,296.962104,424.900033,-272.484209,392.695484,456.807197,-412.961848,346.007604,468.641142,-452.524383,385.377061,469.054940,-453.392729,357.718859,482.576158,-492.372177,384.054255,477.245268,-440.782274,356.330934,491.265351,-481.038828,383.431343,474.235893,-411.788152,355.986812,485.663122,-450.458098,377.870286,339.405123,12.181464,324.511074,345.967758,-12.157811,377.260327,255.805959,-15.511393,301.669278,262.504141,48.567432,357.164378,182.805079,201.254455,288.520729,192.831559,275.224095,346.873840,173.821425,215.396424,292.381416,183.598124,291.830371,371.298600,150.570588,106.772641,272.927081,158.578857,177.665520,
0.000000,0.000000,0.000000,0.000000,0.000000,0.000000,0.000000,0.000000,0.000000,0.000000,0.000000,0.000000,0.000000,0.000000,0.000000,0.000000,0.000000,0.000000,0.000000,0.000000,0.000000,0.000000,0.000000,0.000000,0.000000,0.000000,0.000000,0.000000,0.000000,0.000000,0.000000,0.000000,0.000000,0.000000,0.000000,0.000000,0.000000,0.000000,0.000000,0.000000,0.000000,0.000000,0.000000,0.000000,0.000000,0.000000,0.000000,0.000000,0.000000,0.000000,0.000000,0.000000,361.630279,514.046473,-298.154653,0.000000,524.009964,-288.123627,370.682978,524.079302,-288.130859,373.382747,524.148492,-288.138596,356.497718,521.944913,-289.280249,353.441997,524.069772,-289.322049,348.676008,524.233503,-0.000000,376.805496,522.921283,-177.230794,343.186598,523.988045,-189.185226,369.349523,506.123982,-252.680192,355.619435,505.566956,-255.939380,400.991926,476.770835,-92.783628,316.280069,486.164119,-131.113626,417.545661,410.500685,-215.520026,291.635429,419.309243,-260.427386,389.265830,460.645913,-422.655788,338.143795,462.807435,-441.396734,381.808755,472.980085,-463.936746,349.588885,476.642845,-480.264664,380.481658,479.217356,-451.327305,348.158206,485.274311,-466.949825,379.913624,476.195546,-421.409371,347.896203,479.716227,-439.335676,376.352735,340.874409,7.822264,323.186539,345.967758,-7.792185,375.745225,257.124546,-40.822735,300.340338,262.504141,52.745217,357.164378,182.805079,168.662683,289.875286,192.831559,275.224095,346.873840,172.844900,184.860022,293.728796,183.598124,291.830371,371.298600,150.570588,69.569645,274.298574,158.578857,179.664421,
0.000000,0.000000,0.000000,0.000000,0.000000,0.000000,0.000000,0.000000,0.000000,0.000000,0.000000,0.000000,0.000000,0.000000,0.000000,0.000000,0.000000,0.000000,0.000000,0.000000,0.000000,0.000000,0.000000,0.000000,0.000000,0.000000,0.000000,0.000000,0.000000,0.000000,0.000000,0.000000,0.000000,0.000000,0.000000,0.000000,0.000000,0.000000,0.000000,0.000000,0.000000,0.000000,0.000000,0.000000,0.000000,0.000000,0.000000,0.000000,0.000000,0.000000,0.000000,0.000000,357.165707,514.046473,-303.780212,361.984057,524.009964,-292.200848,366.180755,524.079302,-292.208182,368.866020,524.148492,-292.216029,352.078325,524.041077,-293.373838,349.060485,524.069772,-293.416229,344.335643,524.233503,-293.406194,373.803061,525.004635,-183.010059,340.385075,523.988045,-186.006722,364.899529,506.123982,-257.683760,349.789608,505.566956,-258.460950,400.991926,478.677919,-101.287750,312.454100,486.164119,-126.443925,417.545661,415.974028,-228.050260,287.640424,417.445646,-253.193292,382.406520,0.000000,-428.472152,331.852747,460.862866,-435.832909,376.456295,478.867804,-468.154353,341.458910,472.687303,-474.210908,375.122761,0.000000,-455.545317,343.254569,481.280283,-462.924395,374.637046,480.114850,-427.182102,341.423716,477.733929,-435.628201,374.835183,340.874409,4.044291,320.537469,345.967758,-4.299685,374.230123,0.000000,-32.385621,300.340338,261.414912,61.100785,355.706564,182.805079,175.905299,291.229844,192.831559,285.746417,346.873840,172.844900,192.494123,296.423555,183.598124,302.881570,371.298600,150.570588,81.970644,274.298574,158.578857,191.657829,
0.000000,0.000000,0.000000,0.000000,0.000000,0.000000,0.000000,0.000000,0.000000,0.000000,0.000000,0.000000,0.000000,0.000000,0.000000,0.000000,0.000000,0.000000,0.000000,0.000000,0.000000,0.000000,0.000000,0.000000,0.000000,0.000000,0.000000,0.000000,0.000000,0.000000,0.000000,0.000000,0.000000,0.000000,0.000000,0.000000,0.000000,0.000000,0.000000,0.000000,0.000000,0.000000,0.000000,0.000000,0.000000,0.000000,0.000000,0.000000,0.000000,0.000000,0.000000,0.000000,351.212946,514.046473,-323.469670,357.496652,524.009964,-312.586954,360.177792,524.079302,-312.594799,364.349293,524.148492,-313.962338,347.658932,524.041077,-311.112721,343.218469,524.069772,-311.157676,339.995278,524.233503,-311.147034,369.299410,525.004635,-205.163908,336.182790,523.988045,-196.601735,358.966204,506.123982,-0.000000,345.417238,505.566956,-276.111942,397.783991,480.585002,-125.253913,309.903455,484.234896,-125.509985,417.545661,419.622923,-256.869799,284.977086,415.582050,-251.987609,375.547210,470.242703,-455.615185,325.561700,455.029159,-445.105950,367.535530,482.792950,-497.677601,0.000000,468.731760,-486.318420,366.191267,489.077796,-485.071403,335.081842,0.000000,-477.013398,367.601609,484.034155,-454.121514,334.951228,473.769332,-444.896887,373.317632,340.874409,0.266317,319.212934,345.967758,-0.225101,372.715022,261.080308,-28.167064,301.669278,262.504141,60.056339,355.706564,182.805079,168.662683,295.293516,192.831559,273.470375,346.873840,172.844900,181.042972,303.160454,183.598124,289.988505,371.298600,150.570588,0.000000,277.041560,157.926269,177.665520,
0.000000,0.000000,0.000000,0.000000,0.000000,0.000000,0.000000,0.000000,0.000000,0.000000,0.000000,0.000000,0.000000,0.000000,0.000000,0.000000,0.000000,0.000000,0.000000,0.000000,0.000000,0.000000,0.000000,0.000000,0.000000,0.000000,0.000000,0.000000,0.000000,0.000000,0.000000,0.000000,0.000000,0.000000,0.000000,0.000000,0.000000,0.000000,0.000000,0.000000,0.000000,0.000000,0.000000,0.000000,0.000000,0.000000,0.000000,0.000000,0.000000,0.000000,0.000000,0.000000,348.236565,514.046473,-327.688840,353.009246,524.009964,-318.023249,357.176310,524.079302,-318.031231,359.832567,524.148492,-318.039771,343.239539,524.041077,-316.570839,340.297460,524.069772,-316.616582,337.101701,524.233503,-316.605754,0.000000,525.004635,-210.943173,333.381266,523.988045,-200.839740,354.516209,506.123982,-282.701601,341.044868,505.566956,-279.894297,396.180023,482.492085,-132.211832,307.352809,484.234896,-125.509985,415.868771,423.271818,-264.387939,283.645418,415.582050,-247.164880,368.687900,472.162061,-457.553973,320.843414,455.029159,-441.396734,358.614765,484.755523,-499.786404,330.076947,466.753989,-482.282583,359.046071,491.049884,-487.180409,0.000000,475.289242,-472.987969,360.566171,485.993808,-456.045757,330.096862,471.787033,-441.189413,373.317632,340.874409,-2.058589,317.888399,345.967758,2.103233,371.199920,261.080308,-26.057785,301.669278,262.504141,55.878555,355.706564,182.805079,179.526607,299.357188,191.288906,269.962935,346.873840,172.844900,192.494123,309.897353,0.000000,284.462905,371.298600,150.570588,81.970644,278.413053,157.273682,173.667717,
0.000000,0.000000,0.000000,0.000000,0.000000,0.000000,0.000000,0.000000,0.000000,0.000000,0.000000,0.000000,0.000000,0.000000,0.000000,0.000000,0.000000,0.000000,0.000000,0.000000,0.000000,0.000000,0.000000,0.000000,0.000000,0.000000,0.000000,0.000000,0.000000,0.000000,0.000000,0.000000,0.000000,0.000000,0.000000,0.000000,0.000000,0.000000,0.000000,0.000000,0.000000,0.000000,0.000000,0.000000,0.000000,0.000000,0.000000,0.000000,0.000000,0.000000,0.000000,0.000000,343.771993,514.046473,-324.876060,348.521840,524.009964,-315.305102,352.674088,526.175619,-315.313015,355.315840,526.245086,-315.321483,338.820145,524.041077,-313.841780,335.915948,524.069772,-313.887129,332.761336,524.233503,-313.876394,361.793324,525.004635,-207.090330,329.178982,523.988045,-198.720737,350.066215,506.123982,-280.199817,336.672498,505.566956,-278.633512,391.368120,484.399169,-131.438730,302.251518,484.234896,-122.708165,414.191880,425.096265,-259.375845,280.982080,415.582050,-242.342151,363.543418,470.242703,-453.676397,316.125129,453.084590,-441.396734,353.262306,482.792950,-495.568797,323.572968,466.753989,-482.282583,351.900876,489.077796,-485.071403,325.274568,473.292229,-472.987969,355.289593,485.993808,-452.197270,325.242497,469.804735,-441.189413,371.800081,342.343696,-4.092882,316.563864,345.967758,4.140525,369.684818,261.080308,1.362835,301.669278,262.504141,54.834109,355.706564,182.805079,204.875763,304.775418,189.746254,261.194334,346.873840,172.844900,219.213474,0.000000,177.746391,273.411706,369.757942,150.570588,110.906308,281.156038,156.621094,167.671013,
0.000000,0.000000,0.000000,0.000000,0.000000,0.000000,0.000000,0.000000,0.000000,0.000000,0.000000,0.000000,0.000000,0.000000,0.000000,0.000000,0.000000,0.000000,0.000000,0.000000,0.000000,0.000000,0.000000,0.000000,0.000000,0.000000,0.000000,0.000000,0.000000,0.000000,0.000000,0.000000,0.000000,0.000000,0.000000,0.000000,0.000000,0.000000,0.000000,0.000000,0.000000,0.000000,0.000000,0.000000,0.000000,0.000000,0.000000,0.000000,0.000000,0.000000,0.000000,0.000000,339.307422,514.046473,-337.533569,344.034435,524.009964,-327.536765,348.171866,526.175619,-327.544985,352.304689,526.245086,-327.553781,334.400752,524.041077,-324.758016,330.073931,524.069772,-324.804942,328.420970,524.233503,-324.793833,357.289673,525.004635,-218.648860,324.976697,523.988045,-208.256249,347.099552,506.123982,-291.457845,333.757585,505.566956,-288.719793,386.556217,484.399169,-143.035260,298.425549,484.234896,-124.576045,410.838100,426.920713,-275.665150,276.987075,415.582050,-244.753515,356.684108,470.242703,-467.247913,311.406843,455.029159,-443.251342,346.125693,480.830377,-510.330421,320.320978,466.753989,-484.300502,346.541979,487.105708,-495.616433,320.370931,475.289242,-477.013398,348.254156,484.034155,-463.742732,320.388131,471.787033,-444.896887,368.764978,342.343696,-7.870856,313.914794,345.967758,7.924067,368.169716,261.080308,5.581392,301.669278,262.504141,65.278570,355.706564,182.805079,204.875763,307.484532,187.432275,264.701774,346.873840,172.844900,219.213474,0.000000,174.820525,277.095439,369.757942,150.570588,110.906308,281.156038,155.968506,171.668816,
0.000000,0.000000,0.000000,0.000000,0.000000,0.000000,0.000000,0.000000,0.000000,0.000000,0.000000,0.000000,0.000000,0.000000,0.000000,0.000000,0.000000,0.000000,0.000000,0.000000,0.000000,0.000000,0.000000,0.000000,0.000000,0.000000,0.000000,0.000000,0.000000,0.000000,0.000000,0.000000,0.000000,0.000000,0.000000,0.000000,0.000000,0.000000,0.000000,0.000000,0.000000,0.000000,0.000000,0.000000,0.000000,0.000000,0.000000,0.000000,0.000000,0.000000,0.000000,0.000000,334.842851,514.046473,-330.501620,341.042831,524.009964,-320.741396,343.669643,526.175619,-320.749446,347.787962,526.245086,-320.758060,329.981359,524.041077,-319.299898,327.152923,524.069772,-317.981309,324.080605,524.233503,-319.335114,352.786022,525.004635,-214.796016,320.774412,523.988045,-205.077745,342.649558,506.123982,-286.454277,329.385215,505.566956,-283.676652,383.348282,484.399169,-144.581464,295.874903,482.305674,-125.509985,405.807429,426.920713,-275.665150,272.992069,415.582050,-247.164880,351.539626,470.242703,-453.676397,308.261320,455.029159,-443.251342,338.989081,480.830377,-495.568797,315.442993,468.731760,-482.282583,339.396784,487.105708,-480.853390,317.101840,475.289242,-475.000684,341.218718,484.034155,-452.197270,317.151887,471.787033,-443.043150,365.729875,342.343696,-9.033309,311.265724,345.967758,8.797192,365.139513,261.080308,5.581392,301.669278,262.504141,64.234124,355.706564,182.805079,201.254455,308.839090,185.889623,257.686893,346.873840,172.844900,215.396424,317.981632,172.626125,271.569840,369.757942,150.570588,110.906308,281.156038,155.968506,169.669914,
0.000000,0.000000,0.000000,0.000000,0.000000,0.000000,0.000000,0.000000,0.000000,0.000000,0.000000,0.000000,0.000000,0.000000,0.000000,0.000000,0.000000,0.000000,0.000000,0.000000,0.000000,0.000000,0.000000,0.000000,0.000000,0.000000,0.000000,0.000000,0.000000,0.000000,0.000000,0.000000,0.000000,0.000000,0.000000,0.000000,0.000000,0.000000,0.000000,0.000000,0.000000,0.000000,0.000000,0.000000,0.000000,0.000000,0.000000,0.000000,0.000000,0.000000,0.000000,0.000000,330.378279,514.046473,-329.095230,336.555425,524.009964,-318.023249,339.167421,526.175619,-318.031231,0.000000,526.245086,-318.039771,325.561966,524.041077,-311.112721,322.771411,524.069772,-311.157676,0.000000,524.233503,-311.147034,349.783587,525.004635,-207.090330,317.972889,523.988045,-193.423231,338.199564,506.123982,-280.199817,325.012845,505.566956,-279.894297,380.140346,484.399169,-139.942852,294.599580,482.305674,-121.774225,399.099869,425.096265,-268.147009,267.665394,415.582050,-245.959198,344.680316,468.323345,-443.982456,305.115796,458.918297,-439.542126,331.852469,480.830377,-485.024780,313.816999,472.687303,-480.264664,334.037887,487.105708,-476.635378,315.467295,477.286256,-468.962539,335.942140,482.074503,-442.576051,313.915644,473.769332,-439.335676,361.177221,342.343696,-8.742696,307.292119,345.967758,8.797192,362.109310,263.717483,-2.855722,300.340338,263.593370,33.945186,355.706564,182.805079,175.905299,310.193647,184.346970,203.321566,348.331293,172.844900,184.860022,319.329012,171.894658,214.471979,369.757942,150.570588,77.836978,281.156038,155.315918,107.703972,
0.000000,0.000000,0.000000,0.000000,0.000000,0.000000,0.000000,0.000000,0.000000,0.000000,0.000000,0.000000,0.000000,0.000000,0.000000,0.000000,0.000000,0.000000,0.000000,0.000000,0.000000,0.000000,0.000000,0.000000,0.000000,0.000000,0.000000,0.000000,0.000000,0.000000,0.000000,0.000000,0.000000,0.000000,0.000000,0.000000,0.000000,0.000000,0.000000,0.000000,0.000000,0.000000,0.000000,0.000000,0.000000,0.000000,0.000000,0.000000,0.000000,0.000000,0.000000,0.000000,325.913708,514.046473,-319.250501,330.572218,0.000000,-309.868807,334.665198,526.175619,-309.876584,0.000000,526.245086,-309.884905,321.142573,524.041077,-300.196485,318.389899,524.069772,-300.239862,315.399875,524.233503,-301.594274,345.279936,525.004635,-203.237486,313.770604,523.988045,-182.828218,333.749569,506.123982,-278.948925,322.097931,505.566956,-269.808016,376.932411,484.399169,-141.489056,292.048935,0.000000,-112.434823,392.392308,425.096265,-275.665150,263.670388,415.582050,-242.342151,341.250661,468.323345,-443.982456,300.397511,460.862866,-437.687518,330.068316,480.830377,-485.024780,310.565009,474.665074,-480.264664,330.465290,487.105708,-472.417366,312.198204,481.280283,-468.962539,332.424421,482.074503,-442.576051,310.679400,475.751630,-437.481938,356.624567,342.343696,-14.264349,304.643049,345.967758,14.326984,360.594208,265.036071,-32.385621,297.682459,263.593370,15.145156,360.080006,187.745757,165.041375,311.548205,184.346970,212.090167,355.618559,178.704049,181.042972,320.676391,0.000000,225.523178,369.757942,150.570588,69.569645,281.156038,155.315918,121.696281,
0.000000,0.000000,0.000000,0.000000,0.000000,0.000000,0.000000,0.000000,0.000000,0.000000,0.000000,0.000000,0.000000,0.000000,0.000000,0.000000,0.000000,0.000000,0.000000,0.000000,0.000000,0.000000,0.000000,0.000000,0.000000,0.000000,0.000000,0.000000,0.000000,0.000000,0.000000,0.000000,0.000000,0.000000,0.000000,0.000000,0.000000,0.000000,0.000000,0.000000,0.000000,0.000000,0.000000,0.000000,0.000000,0.000000,0.000000,0.000000,0.000000,0.000000,0.000000,0.000000,321.449137,514.046473,-299.561042,327.580614,524.009964,-290.841775,331.663717,526.175619,-290.849074,334.237781,526.245086,-290.856885,318.196310,524.041077,-282.457602,0.000000,524.069772,-282.498416,313.953086,524.233503,-282.488754,342.277502,525.004635,-199.384643,312.369842,523.988045,-165.876197,330.782907,506.123982,-262.687328,319.183018,505.566956,-250.896239,372.120508,484.399169,-142.262158,290.773612,480.376451,-97.491780,387.361637,425.096265,-284.436314,258.343714,417.445646,-233.902374,339.535834,468.323345,-455.615185,297.251987,462.807435,-0.000000,328.284163,482.792950,-497.677601,307.313019,478.620616,-480.264664,328.678991,487.105708,-482.962396,308.929112,483.277297,-466.949825,330.665562,482.074503,-452.197270,0.000000,477.733929,-437.481938,353.589464,345.282268,-24.145202,301.993979,345.967758,24.222402,356.048903,274.266182,-101.991810,293.695640,263.593370,17.234048,364.453447,194.662705,88.993908,311.548205,184.346970,217.351328,362.905824,187.492773,104.701967,322.023771,172.626125,232.890644,369.757942,152.513434,-13.103680,282.527531,155.315918,129.691887,
0.000000,0.000000,0.000000,0.000000,0.000000,0.000000,0.000000,0.000000,0.000000,0.000000,0.000000,0.000000,0.000000,0.000000,0.000000,0.000000,0.000000,0.000000,0.000000,0.000000,0.000000,0.000000,0.000000,0.000000,0.000000,0.000000,0.000000,0.000000,0.000000,0.000000,0.000000,0.000000,0.000000,0.000000,0.000000,0.000000,0.000000,0.000000,0.000000,0.000000,0.000000,0.000000,0.000000,0.000000,0.000000,0.000000,0.000000,0.000000,0.000000,0.000000,0.000000,0.000000,319.960946,514.046473,-282.684364,324.589010,524.009964,-274.532890,328.662235,524.079302,-274.539780,331.226630,526.245086,-274.547153,316.723179,524.041077,-267.447778,314.008386,524.069772,-267.486423,311.059509,524.233503,-267.477275,339.275068,525.004635,-185.899691,309.568319,521.900443,-0.000000,327.816244,506.123982,-245.174840,316.268104,505.566956,-237.027603,368.912572,484.399169,-136.850444,288.222966,478.447228,-84.416618,382.330966,0.000000,-274.412126,257.012045,417.445646,-219.434186,336.106179,470.242703,-449.798821,295.679225,464.752004,-413.577612,324.715857,484.755523,-493.459994,304.061030,480.598387,-454.031720,326.892692,489.077796,-478.744384,305.660021,485.274311,-438.771818,328.906703,484.034155,-448.348783,305.825034,479.716227,-413.383357,350.554362,349.690127,-27.632562,299.344909,345.967758,27.423861,349.988496,280.859120,-142.068101,292.366701,263.593370,24.545171,367.369075,0.000000,45.538212,310.193647,184.346970,217.351328,368.735637,198.234546,62.714414,322.023771,172.626125,229.206911,371.298600,158.341973,-46.173010,282.527531,155.315918,131.690788,
0.000000,0.000000,0.000000,0.000000,0.000000,0.000000,0.000000,0.000000,0.000000,0.000000,0.000000,0.000000,0.000000,0.000000,0.000000,0.000000,0.000000,0.000000,0.000000,0.000000,0.000000,0.000000,0.000000,0.000000,0.000000,0.000000,0.000000,0.000000,0.000000,0.000000,0.000000,0.000000,0.000000,0.000000,0.000000,0.000000,0.000000,0.000000,0.000000,0.000000,0.000000,0.000000,0.000000,0.000000,0.000000,0.000000,0.000000,0.000000,0.000000,0.000000,0.000000,0.000000,318.472756,511.990287,-0.000000,323.093208,524.009964,-220.169942,327.161494,524.079302,-220.175467,329.721055,524.148492,-220.181380,313.776917,521.944913,-214.231128,311.087378,521.973492,-214.262084,308.165933,522.136569,-215.619436,336.272633,525.004635,-129.070252,306.766796,521.900443,-103.365621,326.332912,506.123982,-192.637374,314.810648,503.552745,-186.596198,365.704637,484.399169,-91.237424,285.672320,478.447228,-31.182029,378.977186,423.271818,-228.050260,255.680376,417.445646,-163.972798,334.391351,470.242703,-385.818816,0.000000,464.752004,-357.939368,324.715857,486.718096,-423.869482,300.809040,482.576158,-395.512076,325.106393,491.049884,-407.038177,302.390930,485.274311,-382.415805,327.147843,484.034155,-382.924497,302.588791,479.716227,-357.771246,349.036810,358.505844,-32.282375,299.344909,353.115852,32.371570,343.928089,295.363581,-220.111405,292.366701,264.682598,15.145156,367.369075,211.461010,-66.722335,310.193647,184.346970,162.986001,371.650543,207.999795,-55.614144,322.023771,172.626125,172.109050,371.298600,165.141935,-0.000000,283.899024,155.315918,71.723747,
0.000000,0.000000,0.000000,0.000000,0.000000,0.000000,0.000000,0.000000,0.000000,0.000000,0.000000,0.000000,0.000000,0.000000,0.000000,0.000000,0.000000,0.000000,0.000000,0.000000,0.000000,0.000000,0.000000,0.000000,0.000000,0.000000,0.000000,0.000000,0.000000,0.000000,0.000000,0.000000,0.000000,0.000000,0.000000,0.000000,0.000000,0.000000,0.000000,0.000000,0.000000,0.000000,0.000000,0.000000,0.000000,0.000000,0.000000,0.000000,0.000000,0.000000,0.000000,0.000000,315.496375,511.990287,-212.364870,321.597406,524.009964,-199.783836,324.160013,524.079302,-199.788850,328.215479,524.148492,-199.794215,312.303786,521.944913,-196.492245,308.166370,521.973492,-196.520637,306.719144,522.136569,-196.513916,334.771416,525.004635,-106.916403,303.965272,521.900443,-85.354099,324.849581,506.123982,-175.124885,0.000000,503.552745,-168.945206,364.100669,484.399169,-65.725057,283.121675,478.447228,-0.000000,375.623406,425.096265,-199.230722,255.680376,419.309243,-151.915975,332.676524,472.162061,-348.981844,292.533701,466.696573,-333.829463,322.931704,486.718096,-381.693414,300.809040,482.576158,-367.261214,323.320094,493.021972,-0.000000,302.390930,487.271324,-354.237798,325.388984,485.993808,-344.439623,300.970669,481.698525,-331.818928,0.000000,365.852276,-28.504402,299.344909,357.404709,28.588028,339.382784,308.549455,-245.422747,293.695640,272.307200,-18.277120,367.369075,216.401688,-168.118958,310.193647,184.346970,77.053710,370.193090,210.929370,-166.308602,322.023771,171.894658,80.015726,371.298600,171.941897,-281.791986,283.899024,155.315918,-30.220223,
0.000000,0.000000,0.000000,0.000000,0.000000,0.000000,0.000000,0.000000,0.000000,0.000000,0.000000,0.000000,0.000000,0.000000,0.000000,0.000000,0.000000,0.000000,0.000000,0.000000,0.000000,0.000000,0.000000,0.000000,0.000000,0.000000,0.000000,0.000000,0.000000,0.000000,0.000000,0.000000,0.000000,0.000000,0.000000,0.000000,0.000000,0.000000,0.000000,0.000000,0.000000,0.000000,0.000000,0.000000,0.000000,0.000000,0.000000,0.000000,0.000000,0.000000,0.000000,0.000000,312.519994,511.990287,-172.985954,318.605803,524.009964,-159.011625,0.000000,524.079302,-159.015615,325.204328,524.148492,-159.019886,309.357524,521.944913,-155.556361,306.705866,521.973492,-155.578838,303.825567,522.136569,-155.573517,331.768982,525.004635,-64.535126,302.564511,521.900443,-49.331055,320.399587,506.123982,-135.096340,308.980821,503.552745,-131.121653,362.496702,484.399169,-26.296853,281.846352,478.447228,5.241637,373.946515,426.920713,-156.627926,254.348708,421.172840,-126.596646,330.961697,476.000777,-308.267295,290.960940,468.641142,-298.591908,321.147551,490.643242,-339.517346,299.183045,484.553930,-330.938676,321.533795,494.994059,-0.000000,300.756385,489.268338,-313.983503,323.630125,487.953460,-304.030505,300.970669,483.680824,-294.744187,350.554362,371.729421,-26.760722,299.344909,361.693565,26.841777,333.322377,325.691092,-306.591822,289.708822,274.485658,-13.054889,365.911261,221.342366,-0.000000,310.193647,184.346970,73.546269,368.735637,212.882419,-288.454210,322.023771,171.894658,76.331994,366.676625,178.741859,-414.069306,283.899024,155.315918,-32.219124,
0.000000,0.000000,0.000000,0.000000,0.000000,0.000000,0.000000,0.000000,0.000000,0.000000,0.000000,0.000000,0.000000,0.000000,0.000000,0.000000,0.000000,0.000000,0.000000,0.000000,0.000000,0.000000,0.000000,0.000000,0.000000,0.000000,0.000000,0.000000,0.000000,0.000000,0.000000,0.000000,0.000000,0.000000,0.000000,0.000000,0.000000,0.000000,0.000000,0.000000,0.000000,0.000000,0.000000,0.000000,0.000000,0.000000,0.000000,0.000000,0.000000,0.000000,0.000000,0.000000,309.543613,511.990287,-118.136749,314.118397,521.913924,-107.366823,318.157050,524.079302,-107.369518,320.687601,524.148492,-107.372401,306.411262,521.944913,-100.975181,303.784857,521.973492,-100.989772,300.931990,522.136569,-100.986318,328.766548,522.921283,-22.153849,301.163749,521.900443,6.822514,317.432924,504.107552,-83.809767,306.065907,503.552745,-76.907892,360.892734,482.492085,6.946534,280.571029,478.447228,54.740465,373.946515,430.569608,-131.567458,254.348708,421.172840,-73.546623,327.532042,477.920135,-267.552747,289.388178,470.585711,-235.535232,317.579244,492.605815,-295.232475,297.557051,486.531701,-266.365276,317.961198,496.966147,-278.388805,299.121839,489.268338,-247.563916,320.112406,491.872765,-261.697143,299.352547,485.663122,-231.717128,349.036810,374.667993,-26.470109,298.020374,364.552803,26.550736,328.777072,333.602616,-319.247493,288.379882,275.574886,-41.254934,362.995633,223.318637,-327.456509,308.839090,185.118296,8.658621,367.278184,212.882419,-334.258814,320.676391,171.894658,8.182934,355.892019,183.598975,-451.272302,283.899024,155.315918,-100.181771,
0.000000,0.000000,0.000000,0.000000,0.000000,0.000000,0.000000,0.000000,0.000000,0.000000,0.000000,0.000000,0.000000,0.000000,0.000000,0.000000,0.000000,0.000000,0.000000,0.000000,0.000000,0.000000,0.000000,0.000000,0.000000,0.000000,0.000000,0.000000,0.000000,0.000000,0.000000,0.000000,0.000000,0.000000,0.000000,0.000000,0.000000,0.000000,0.000000,0.000000,0.000000,0.000000,0.000000,0.000000,0.000000,0.000000,0.000000,0.000000,0.000000,0.000000,0.000000,0.000000,309.543613,511.990287,-109.698410,315.614199,521.913924,-95.135160,318.157050,524.079302,-95.137548,320.687601,524.148492,-95.140103,306.411262,521.944913,-91.423475,302.324353,521.973492,-91.436685,300.931990,522.136569,-91.433558,327.265331,522.921283,-3.852843,299.762987,521.900443,15.298524,317.432924,506.123982,-73.802630,306.065907,503.552745,-68.082397,359.288766,484.399169,25.500983,278.020383,478.447228,65.947747,0.000000,434.218503,-111.519083,253.017039,423.036436,-65.106846,325.817214,481.758851,-248.164867,289.388178,470.585711,-220.698367,314.010938,494.568388,-272.035638,295.931056,484.553930,-246.186088,314.388600,498.938235,-259.407750,297.487293,489.268338,-223.411338,316.594687,493.832418,-244.378950,297.734425,485.663122,-215.033495,347.519259,374.667993,-25.307655,296.695839,364.552803,25.386569,330.292174,334.921204,-367.760898,288.379882,277.753344,-27.677135,358.622192,224.306772,-533.871063,308.839090,185.118296,-7.124861,367.278184,209.952845,-551.830679,320.676391,171.163192,-15.761330,343.566754,201.084592,-691.024944,282.527531,157.926269,-120.170784,
0.000000,0.000000,0.000000,0.000000,0.000000,0.000000,0.000000,0.000000,0.000000,0.000000,0.000000,0.000000,0.000000,0.000000,0.000000,0.000000,0.000000,0.000000,0.000000,0.000000,0.000000,0.000000,0.000000,0.000000,0.000000,0.000000,0.000000,0.000000,0.000000,0.000000,0.000000,0.000000,0.000000,0.000000,0.000000,0.000000,0.000000,0.000000,0.000000,0.000000,0.000000,0.000000,0.000000,0.000000,0.000000,0.000000,0.000000,0.000000,0.000000,0.000000,0.000000,0.000000,308.055423,511.990287,-136.419817,312.622595,521.913924,-122.316634,315.155568,521.982985,-122.319704,319.182026,522.051898,-122.322989,303.465000,519.848749,-117.349535,300.863849,519.877213,-117.366492,298.038414,520.039635,-117.362478,325.764114,522.921283,-28.896325,298.362226,519.812841,-4.832001,315.949592,504.107552,-97.569579,304.608451,503.552745,-92.037314,357.684798,484.399169,10.812044,276.745060,478.447228,51.004704,372.269625,437.867398,-131.567458,253.017039,423.036436,-90.426176,322.387559,485.597567,-275.307899,287.815416,470.585711,-259.645138,310.442632,498.493534,-301.558885,294.305061,484.553930,-284.526545,0.000000,500.910323,-286.824829,295.852748,489.268338,-261.652919,313.076968,495.792070,-271.318362,296.116303,485.663122,-252.108236,346.001708,374.667993,-25.017042,294.046769,364.552803,25.095527,331.807275,333.602616,-393.072240,288.379882,276.664115,0.522910,352.790937,229.247450,-559.220219,308.839090,186.660949,19.180942,359.990918,208.976320,-578.550030,323.371151,171.163192,11.866667,334.322806,220.513055,-724.094274,282.527531,163.146973,-96.183968,
0.000000,0.000000,0.000000,0.000000,0.000000,0.000000,0.000000,0.000000,0.000000,0.000000,0.000000,0.000000,0.000000,0.000000,0.000000,0.000000,0.000000,0.000000,0.000000,0.000000,0.000000,0.000000,0.000000,0.000000,0.000000,0.000000,0.000000,0.000000,0.000000,0.000000,0.000000,0.000000,0.000000,0.000000,0.000000,0.000000,0.000000,0.000000,0.000000,0.000000,0.000000,0.000000,0.000000,0.000000,0.000000,0.000000,0.000000,0.000000,0.000000,0.000000,0.000000,0.000000,308.055423,507.877915,-251.743787,311.126793,517.721844,-244.633268,315.155568,519.886668,-244.639408,317.676450,519.955304,-244.645978,303.465000,0.000000,-237.428129,300.863849,517.780934,-237.462437,298.038414,517.942701,-237.454315,324.262897,522.921283,-159.892999,296.961464,517.725240,-125.615148,314.466261,502.091122,-216.404323,304.608451,0.000000,-206.768760,356.080831,484.399169,-101.287750,275.469738,478.447228,-61.068114,372.269625,441.516293,-258.122822,251.685371,423.036436,-225.462598,320.672732,487.516925,-426.533364,287.815416,470.585711,-415.432220,308.658479,498.493534,-459.719139,294.305061,484.553930,-0.000000,309.029703,502.882411,-442.891281,294.218202,489.268338,-420.657385,311.318109,497.751723,-421.409371,294.498181,483.680824,-409.675883,342.966605,371.729421,-21.529682,294.046769,363.123184,21.894068,0.000000,328.328267,-407.837189,289.708822,275.574886,30.811848,341.128426,249.010161,-544.734987,308.839090,186.660949,66.531388,338.129121,225.577242,-563.281829,323.371151,171.163192,65.280795,328.160173,246.741480,-719.960608,282.527531,162.494385,-42.213631,
0.000000,0.000000,0.000000,0.000000,0.000000,0.000000,0.000000,0.000000,0.000000,0.000000,0.000000,0.000000,0.000000,0.000000,0.000000,0.000000,0.000000,0.000000,0.000000,0.000000,0.000000,0.000000,0.000000,0.000000,0.000000,0.000000,0.000000,0.000000,0.000000,0.000000,0.000000,0.000000,0.000000,0.000000,0.000000,0.000000,0.000000,0.000000,0.000000,0.000000,0.000000,0.000000,0.000000,0.000000,0.000000,0.000000,0.000000,0.000000,0.000000,0.000000,0.000000,0.000000,305.079042,507.877915,-292.529093,309.630991,517.721844,-284.046406,312.154086,519.886668,-284.053535,316.170874,519.955304,-284.061163,301.991869,517.752585,-275.634955,299.403345,517.780934,-275.674783,296.591625,517.942701,-275.665354,322.761679,520.837931,-199.384643,296.961464,517.725240,-157.400187,312.982930,502.091122,-0.000000,303.150994,499.524323,-244.592314,356.080831,484.399169,-148.446974,274.194415,476.518005,-90.020259,373.946515,445.165188,-319.520969,250.353702,423.036436,-256.810339,318.957904,487.516925,-494.390945,286.242654,468.641142,-459.942815,306.874326,500.456107,-531.418455,292.679066,482.576158,-488.336339,307.243404,502.882411,-512.488482,294.218202,487.271324,-464.937110,309.559250,497.751723,-488.757900,294.498181,483.680824,-454.165572,342.966605,371.729421,-24.435815,292.722234,361.693565,24.804485,331.807275,325.691092,-450.022759,287.050943,275.574886,38.122971,332.381544,250.986432,-530.249755,308.839090,185.118296,120.896715,335.214215,233.389441,-544.196578,322.023771,171.163192,120.536789,326.619515,247.712903,-695.158611,281.156038,159.884033,7.758903,
0.000000,0.000000,0.000000,0.000000,0.000000,0.000000,0.000000,0.000000,0.000000,0.000000,0.000000,0.000000,0.000000,0.000000,0.000000,0.000000,0.000000,0.000000,0.000000,0.000000,0.000000,0.000000,0.000000,0.000000,0.000000,0.000000,0.000000,0.000000,0.000000,0.000000,0.000000,0.000000,0.000000,0.000000,0.000000,0.000000,0.000000,0.000000,0.000000,0.000000,0.000000,0.000000,0.000000,0.000000,0.000000,0.000000,0.000000,0.000000,0.000000,0.000000,0.000000,0.000000,302.102661,507.877915,-284.090754,306.639387,517.721844,-275.891964,310.653346,517.790350,-275.898888,0.000000,519.955304,-275.906297,299.045607,515.656420,-267.447778,296.482337,515.684655,-267.486423,295.144837,515.845767,-267.477275,0.000000,520.837931,-188.789324,294.159941,517.725240,-151.043179,310.016267,502.091122,-248.927516,300.236081,499.524323,-238.288388,354.476863,484.399169,-136.850444,272.919092,474.588783,-84.416618,373.946515,446.989635,-299.472594,249.022033,421.172840,-249.576245,318.957904,487.516925,-471.125489,284.669892,466.696573,-454.378991,306.874326,500.456107,-506.112814,292.679066,480.598387,-484.300502,307.243404,502.882411,-487.180409,292.583657,485.274311,-462.924395,309.559250,497.751723,-465.666976,292.880059,481.698525,-448.604361,341.449054,370.260134,-24.435815,292.722234,361.693565,24.513444,330.292174,323.053917,-456.350594,285.722003,274.485658,31.856294,329.465916,251.974568,-526.628447,0.000000,184.346970,113.881835,332.299309,236.319016,-540.379528,323.371151,170.431725,107.643724,325.078857,241.884364,-691.024944,281.156038,157.273682,-8.232308,
0.000000,0.000000,0.000000,0.000000,0.000000,0.000000,0.000000,0.000000,0.000000,0.000000,0.000000,0.000000,0.000000,0.000000,0.000000,0.000000,0.000000,0.000000,0.000000,0.000000,0.000000,0.000000,0.000000,0.000000,0.000000,0.000000,0.000000,0.000000,0.000000,0.000000,0.000000,0.000000,0.000000,0.000000,0.000000,0.000000,0.000000,0.000000,0.000000,0.000000,0.000000,0.000000,0.000000,0.000000,0.000000,0.000000,0.000000,0.000000,0.000000,0.000000,0.000000,0.000000,302.102661,507.877915,-215.177650,308.135189,517.721844,-205.220131,310.653346,517.790350,-205.225281,314.665299,517.858710,-205.230793,299.045607,515.656420,-197.856774,296.482337,515.684655,-197.885364,295.144837,515.845767,-197.878596,321.260462,518.754580,-117.511722,294.159941,515.637638,-82.175595,310.016267,500.074692,-178.877562,300.236081,499.524323,-168.945206,354.476863,484.399169,-67.271261,272.919092,472.659560,-21.842628,372.269625,446.989635,-0.000000,247.690365,421.172840,-177.235304,318.957904,487.516925,-366.430936,283.097130,466.696573,-357.939368,305.090173,500.456107,-396.455038,291.053071,478.620616,-383.404564,305.457106,502.882411,-381.730104,290.949111,483.277297,-358.263227,307.800390,497.751723,-363.682060,291.261937,479.716227,-350.356298,339.931502,370.260134,-24.435815,291.397699,361.693565,24.513444,327.261970,329.646854,-418.383581,285.722003,273.396429,72.589693,333.839358,249.010161,-580.948067,308.839090,184.346970,115.635555,332.299309,229.483342,-601.452332,323.371151,169.700258,109.485590,323.538199,238.970095,-753.029938,281.156038,157.273682,3.761101,
0.000000,0.000000,0.000000,0.000000,0.000000,0.000000,0.000000,0.000000,0.000000,0.000000,0.000000,0.000000,0.000000,0.000000,0.000000,0.000000,0.000000,0.000000,0.000000,0.000000,0.000000,0.000000,0.000000,0.000000,0.000000,0.000000,0.000000,0.000000,0.000000,0.000000,0.000000,0.000000,0.000000,0.000000,0.000000,0.000000,0.000000,0.000000,0.000000,0.000000,0.000000,0.000000,0.000000,0.000000,0.000000,0.000000,0.000000,0.000000,0.000000,0.000000,0.000000,0.000000,303.590851,505.821729,-188.456243,308.135189,515.625804,-179.397730,310.653346,517.790350,-179.402233,314.665299,517.858710,-179.407050,299.045607,515.656420,-171.930714,296.482337,515.684655,-171.955558,295.144837,515.845767,-171.949677,321.260462,518.754580,-95.357873,294.159941,515.637638,-62.045070,0.000000,500.074692,-153.859721,300.236081,497.510112,-143.729504,354.476863,484.399169,-48.716812,272.919092,472.659560,-3.163825,373.946515,445.165188,-185.447464,247.690365,419.309243,-145.887563,317.243077,487.516925,-327.655175,283.097130,464.752004,-311.574165,305.090173,500.456107,-352.170166,291.053071,478.620616,-334.974514,305.457106,502.882411,-335.331970,290.949111,483.277297,-313.983503,307.800390,497.751723,-321.348698,291.261937,479.716227,-305.866610,339.931502,370.260134,-24.726429,291.397699,361.693565,25.095527,324.231767,336.239791,-409.946468,284.393063,273.396429,81.989708,333.839358,246.045755,-580.948067,308.839090,185.118296,112.128114,333.756762,225.577242,-601.452332,323.371151,170.431725,109.485590,321.997541,0.000000,-744.762606,281.156038,162.494385,7.758903,
0.000000,0.000000,0.000000,0.000000,0.000000,0.000000,0.000000,0.000000,0.000000,0.000000,0.000000,0.000000,0.000000,0.000000,0.000000,0.000000,0.000000,0.000000,0.000000,0.000000,0.000000,0.000000,0.000000,0.000000,0.000000,0.000000,0.000000,0.000000,0.000000,0.000000,0.000000,0.000000,0.000000,0.000000,0.000000,0.000000,0.000000,0.000000,0.000000,0.000000,0.000000,0.000000,0.000000,0.000000,0.000000,0.000000,0.000000,0.000000,0.000000,0.000000,0.000000,0.000000,303.590851,505.821729,-150.483716,308.135189,515.625804,-139.984593,310.653346,515.694033,-139.988106,314.665299,517.858710,-0.000000,299.045607,515.656420,-135.088418,296.482337,515.684655,-0.000000,295.144837,513.748833,-135.103317,319.759245,518.754580,-53.939807,292.759179,515.637638,-29.200530,311.499598,500.074692,-115.082068,300.236081,497.510112,-108.427520,352.872895,484.399169,-10.834813,272.919092,472.659560,25.788320,372.269625,445.165188,-144.097692,247.690365,419.309243,-112.128458,317.243077,485.597567,-281.124263,283.097130,464.752004,-278.191219,305.090173,498.493534,-303.667688,289.427076,478.620616,-302.687814,305.457106,500.910323,-288.933835,290.949111,483.277297,-279.767352,307.800390,495.792070,-275.166849,291.261937,479.716227,-270.645606,339.931502,371.729421,-24.435815,290.073164,361.693565,24.513444,321.201563,336.239791,-386.744404,283.064124,273.396429,51.700770,335.297171,239.128806,-555.598911,308.839090,185.889623,24.442103,336.671668,215.811994,-574.732980,324.718531,170.431725,17.392266,321.997541,232.170133,-711.693276,281.156038,163.799560,-80.192757,
0.000000,0.000000,0.000000,0.000000,0.000000,0.000000,0.000000,0.000000,0.000000,0.000000,0.000000,0.000000,0.000000,0.000000,0.000000,0.000000,0.000000,0.000000,0.000000,0.000000,0.000000,0.000000,0.000000,0.000000,0.000000,0.000000,0.000000,0.000000,0.000000,0.000000,0.000000,0.000000,0.000000,0.000000,0.000000,0.000000,0.000000,0.000000,0.000000,0.000000,0.000000,0.000000,0.000000,0.000000,0.000000,0.000000,0.000000,0.000000,0.000000,0.000000,0.000000,0.000000,303.590851,505.821729,-144.858157,308.135189,0.000000,-131.830150,310.653346,517.790350,-131.833459,314.665299,517.858710,-131.836999,299.045607,515.656420,-128.265771,296.482337,515.684655,-128.284305,293.698048,515.845767,-128.279917,319.759245,518.754580,-39.491644,292.759179,515.637638,-17.546016,311.499598,500.074692,-107.576715,300.236081,499.524323,-100.862810,352.872895,484.399169,3.854126,271.643769,472.659560,45.401064,372.269625,441.516293,-132.820481,246.358696,417.445646,-86.809129,317.243077,483.678209,-290.818203,281.524369,464.752004,-265.208962,306.874326,494.568388,-318.429312,289.427076,476.642845,-292.598220,305.457106,496.966147,-305.805884,290.949111,483.277297,-273.729207,307.800390,493.832418,-286.712312,289.643816,479.716227,-259.523184,339.931502,371.729421,-25.598269,290.073164,361.693565,25.968652,319.686462,334.921204,-382.525847,281.735184,273.396429,48.567432,335.297171,230.235586,-508.521908,308.839090,185.118296,48.994186,338.129121,209.952845,-525.111327,324.718531,169.700258,41.336531,321.997541,215.655939,-662.089281,281.156038,163.799560,-58.204842,
0.000000,0.000000,0.000000,0.000000,0.000000,0.000000,0.000000,0.000000,0.000000,0.000000,0.000000,0.000000,0.000000,0.000000,0.000000,0.000000,0.000000,0.000000,0.000000,0.000000,0.000000,0.000000,0.000000,0.000000,0.000000,0.000000,0.000000,0.000000,0.000000,0.000000,0.000000,0.000000,0.000000,0.000000,0.000000,0.000000,0.000000,0.000000,0.000000,0.000000,0.000000,0.000000,0.000000,0.000000,0.000000,0.000000,0.000000,0.000000,0.000000,0.000000,0.000000,0.000000,303.590851,507.877915,-161.734835,308.135189,517.721844,-148.139035,312.154086,517.790350,-148.142753,314.665299,517.858710,-148.146731,299.045607,515.656420,-144.640125,295.021833,517.780934,-144.661025,293.698048,517.942701,-144.656077,321.260462,518.754580,-52.013385,291.358418,517.725240,-31.319533,310.016267,500.074692,-122.587420,298.778624,499.524323,-115.992231,352.872895,484.399169,-7.742405,270.368446,474.588783,36.995602,372.269625,436.042950,-139.085598,246.358696,417.445646,-91.631858,318.957904,476.000777,-298.573355,281.524369,460.862866,-283.755043,306.874326,486.718096,-333.190936,287.801082,474.665074,-316.813245,307.243404,491.049884,-318.459921,289.314566,481.280283,-301.907214,309.559250,487.953460,-296.333530,289.643816,477.733929,-281.768028,339.931502,371.729421,-26.179495,290.073164,361.693565,0.000000,319.686462,334.921204,-325.575329,281.735184,273.396429,-3.654874,336.754985,220.354230,-327.456509,308.839090,185.118296,47.240466,338.129121,208.976320,-330.441763,324.718531,169.700258,45.020263,325.078857,195.256053,-0.000000,0.000000,161.841797,-62.202645,
0.000000,0.000000,0.000000,0.000000,0.000000,0.000000,0.000000,0.000000,0.000000,0.000000,0.000000,0.000000,0.000000,0.000000,0.000000,0.000000,0.000000,0.000000,0.000000,0.000000,0.000000,0.000000,0.000000,0.000000,0.000000,0.000000,0.000000,0.000000,0.000000,0.000000,0.000000,0.000000,0.000000,0.000000,0.000000,0.000000,0.000000,0.000000,0.000000,0.000000,0.000000,0.000000,0.000000,0.000000,0.000000,0.000000,0.000000,0.000000,0.000000,0.000000,0.000000,0.000000,303.590851,507.877915,-172.985954,308.135189,519.817884,-161.729772,312.154086,519.886668,-161.733831,314.665299,519.955304,-161.738174,299.045607,517.752585,-156.920890,296.482337,519.877213,-156.943564,293.698048,520.039635,-156.938197,321.260462,518.754580,-63.571915,291.358418,517.725240,-42.974047,310.016267,502.091122,-135.096340,298.778624,501.538534,-128.600082,352.872895,484.399169,-19.338935,270.368446,474.588783,32.325901,372.269625,428.745160,-0.000000,246.358696,415.582050,-94.043223,318.957904,468.323345,-308.267295,278.378845,458.918297,-296.737300,306.874326,478.867804,-341.626150,286.175087,470.709532,-330.938676,307.243404,483.161532,-331.113957,287.680020,477.286256,-315.996217,309.559250,480.114850,-305.954749,288.025694,473.769332,-294.744187,339.931502,371.729421,-28.504402,290.073164,361.693565,28.588028,321.201563,325.691092,-310.810379,281.735184,274.485658,-6.788212,336.754985,213.437281,-302.107353,308.839090,185.889623,57.762787,338.129121,194.328447,-303.722412,323.371151,170.431725,56.071462,326.619515,183.598975,-426.470304,281.156038,160.536621,-52.208138,
0.000000,0.000000,0.000000,0.000000,0.000000,0.000000,0.000000,0.000000,0.000000,0.000000,0.000000,0.000000,0.000000,0.000000,0.000000,0.000000,0.000000,0.000000,0.000000,0.000000,0.000000,0.000000,0.000000,0.000000,0.000000,0.000000,0.000000,0.000000,0.000000,0.000000,0.000000,0.000000,0.000000,0.000000,0.000000,0.000000,0.000000,0.000000,0.000000,0.000000,0.000000,0.000000,0.000000,0.000000,0.000000,0.000000,0.000000,0.000000,0.000000,0.000000,0.000000,0.000000,303.590851,509.934101,-243.305448,308.135189,521.913924,-231.042531,312.154086,521.982985,-0.000000,314.665299,522.051898,-231.054535,299.045607,521.944913,-225.147364,296.482337,521.973492,-225.179897,293.698048,522.136569,-225.172195,0.000000,520.837931,-130.033463,291.358418,521.900443,-102.306120,310.016267,502.091122,-203.895402,298.778624,501.538534,-196.682479,352.872895,482.492085,-82.733302,270.368446,474.588783,-9.701406,372.269625,423.271818,-213.013979,246.358696,415.582050,-110.922775,320.672732,460.645913,-397.451544,276.806083,455.029159,-343.102503,308.658479,472.980085,-436.522302,284.549092,466.753989,-379.368726,307.243404,477.245268,-423.910226,286.045475,475.289242,-372.352231,309.559250,474.235893,-394.469959,286.407572,471.787033,-344.795087,339.931502,371.729421,-34.897895,288.748629,361.693565,34.990945,321.201563,308.549455,-266.515531,281.735184,274.485658,4.700695,338.212799,211.461010,-146.391110,308.839090,186.660949,141.941358,342.501481,198.234546,-135.772200,322.023771,173.357592,148.164786,331.241489,175.827590,-248.722656,281.156038,159.884033,37.742424,
0.000000,0.000000,0.000000,0.000000,0.000000,0.000000,0.000000,0.000000,0.000000,0.000000,0.000000,0.000000,0.000000,0.000000,0.000000,0.000000,0.000000,0.000000,0.000000,0.000000,0.000000,0.000000,0.000000,0.000000,0.000000,0.000000,0.000000,0.000000,0.000000,0.000000,0.000000,0.000000,0.000000,0.000000,0.000000,0.000000,0.000000,0.000000,0.000000,0.000000,0.000000,0.000000,0.000000,0.000000,0.000000,0.000000,0.000000,0.000000,0.000000,0.000000,0.000000,0.000000,303.590851,511.990287,-292.529093,309.630991,521.913924,-281.328259,313.654827,521.982985,-281.335319,316.170874,522.051898,-281.342875,300.518738,0.000000,-275.634955,296.482337,521.973492,-275.674783,293.698048,0.000000,-275.665354,322.761679,522.921283,-182.046848,291.358418,521.900443,-157.400187,0.000000,502.091122,-252.680192,298.778624,503.552745,-245.853099,352.872895,482.492085,-129.892525,270.368446,476.518005,-61.068114,372.269625,417.798475,-251.857705,245.027027,415.582050,-168.795528,322.387559,454.887839,-424.594576,276.806083,453.084590,-383.903882,310.442632,467.092367,-461.827943,284.549092,464.776218,-417.709183,310.816002,473.301093,-447.109293,286.045475,471.295215,-408.581096,313.076968,468.356936,-419.485127,286.407572,467.822436,-383.723565,339.931502,370.260134,-34.316668,288.748629,361.693565,34.408862,321.201563,298.000756,-218.002126,283.064124,274.485658,0.522910,341.128426,214.425417,-19.645331,308.839090,186.660949,145.448799,345.416387,207.023270,-2.175441,320.676391,174.820525,153.690385,335.863464,177.770436,-91.643338,282.527531,157.926269,49.735832,
0.000000,0.000000,0.000000,0.000000,0.000000,0.000000,0.000000,0.000000,0.000000,0.000000,0.000000,0.000000,0.000000,0.000000,0.000000,0.000000,0.000000,0.000000,0.000000,0.000000,0.000000,0.000000,0.000000,0.000000,0.000000,0.000000,0.000000,0.000000,0.000000,0.000000,0.000000,0.000000,0.000000,0.000000,0.000000,0.000000,0.000000,0.000000,0.000000,0.000000,0.000000,0.000000,0.000000,0.000000,0.000000,0.000000,0.000000,0.000000,0.000000,0.000000,0.000000,0.000000,305.079042,514.046473,-331.908009,311.126793,524.009964,-320.741396,315.155568,524.079302,-320.749446,317.676450,524.148492,-320.758060,300.518738,526.137242,-316.570839,297.942841,526.166051,-316.616582,293.698048,526.330437,-316.605754,324.262897,522.921283,-219.612070,291.358418,523.988045,-199.780239,311.499598,506.123982,-291.457845,298.778624,505.566956,-286.198223,352.872895,480.585002,-162.362811,270.368446,476.518005,-99.359661,372.269625,0.000000,-290.701431,245.027027,415.582050,-210.994410,325.817214,449.129766,-478.880641,275.233321,449.195452,-439.542126,314.010938,459.242075,-520.874438,282.923097,458.842905,-480.264664,314.388600,465.412741,-506.161464,286.045475,467.301188,-470.975254,316.594687,464.437631,-475.288194,284.789450,463.857839,-441.189413,338.413951,367.321562,-33.154215,288.748629,361.693565,33.244695,321.201563,290.089231,-131.521709,284.393063,271.217971,-3.654874,342.586240,218.377959,132.449604,307.484532,185.889623,182.276923,346.873840,218.741568,154.323620,319.329012,0.000000,194.211448,340.485438,183.598975,73.703311,282.527531,157.273682,89.713859,
0.000000,0.000000,0.000000,0.000000,0.000000,0.000000,0.000000,0.000000,0.000000,0.000000,0.000000,0.000000,0.000000,0.000000,0.000000,0.000000,0.000000,0.000000,0.000000,0.000000,0.000000,0.000000,0.000000,0.000000,0.000000,0.000000,0.000000,0.000000,0.000000,0.000000,0.000000,0.000000,0.000000,0.000000,0.000000,0.000000,0.000000,0.000000,0.000000,0.000000,0.000000,0.000000,0.000000,0.000000,0.000000,0.000000,0.000000,0.000000,0.000000,0.000000,0.000000,0.000000,308.055423,518.158844,-327.688840,314.118397,528.202043,-315.305102,318.157050,528.271936,-315.313015,320.687601,528.341680,-315.321483,303.465000,528.233406,-312.477251,300.863849,528.262330,-312.522402,296.591625,528.427371,-312.511714,327.265331,525.004635,-212.869595,292.759179,526.075647,-197.661236,314.466261,508.140412,-287.705169,301.693537,509.595378,-283.676652,352.872895,480.585002,-157.724199,270.368446,476.518005,-103.095421,373.946515,412.325133,-284.436314,245.027027,415.582050,-215.817139,327.532042,445.291050,-471.125489,276.806083,445.306314,-441.396734,317.579244,455.316929,-510.330421,284.549092,456.865134,-482.282583,317.961198,463.440653,-495.616433,286.045475,463.307161,-472.987969,320.112406,460.518326,-465.666976,286.407572,459.893242,-441.189413,338.413951,362.913703,-32.282375,288.748629,358.834328,32.080528,325.746868,280.859120,-4.965000,284.393063,269.039514,-51.699396,344.044054,235.176263,317.136310,307.484532,185.889623,147.202519,346.873840,237.295541,345.176133,319.329012,173.357592,148.164786,346.648070,194.284630,276.252958,282.527531,156.621094,45.738029,
0.000000,0.000000,0.000000,0.000000,0.000000,0.000000,0.000000,0.000000,0.000000,0.000000,0.000000,0.000000,0.000000,0.000000,0.000000,0.000000,0.000000,0.000000,0.000000,0.000000,0.000000,0.000000,0.000000,0.000000,0.000000,0.000000,0.000000,0.000000,0.000000,0.000000,0.000000,0.000000,0.000000,0.000000,0.000000,0.000000,0.000000,0.000000,0.000000,0.000000,0.000000,0.000000,0.000000,0.000000,0.000000,0.000000,0.000000,0.000000,0.000000,0.000000,0.000000,0.000000,311.031803,518.158844,-340.346349,318.605803,528.202043,-327.536765,321.158531,528.271936,-327.544985,323.698752,528.341680,-327.553781,306.411262,530.329570,-323.393486,302.324353,530.358609,-323.440215,299.485202,530.524305,-323.429153,330.267765,525.004635,-223.464914,295.560703,528.163248,-204.018244,315.949592,510.156843,-297.712305,303.150994,509.595378,-292.502148,354.476863,478.677919,-167.774525,270.368446,478.447228,-104.963302,373.946515,410.500685,-296.966548,245.027027,415.582050,-229.079645,329.246869,443.371692,-486.635793,276.806083,445.306314,-472.925072,319.363398,453.354356,-529.309651,284.549092,454.887362,-514.569283,319.747496,459.496478,-512.488482,286.045475,461.310147,-505.191405,321.871265,458.558674,-481.060925,286.407572,459.893242,-472.702942,338.413951,355.567272,-31.991762,288.748629,353.115852,32.080528,333.322377,270.310420,-13.402114,285.722003,262.504141,-22.454904,346.959682,245.057619,338.864158,307.484532,185.118296,199.814126,349.788746,249.013839,371.895485,319.329012,172.626125,214.471979,352.810703,203.998861,301.054955,282.527531,155.315918,107.703972,
0.000000,0.000000,0.000000,0.000000,0.000000,0.000000,0.000000,0.000000,0.000000,0.000000,0.000000,0.000000,0.000000,0.000000,0.000000,0.000000,0.000000,0.000000,0.000000,0.000000,0.000000,0.000000,0.000000,0.000000,0.000000,0.000000,0.000000,0.000000,0.000000,0.000000,0.000000,0.000000,0.000000,0.000000,0.000000,0.000000,0.000000,0.000000,0.000000,0.000000,0.000000,0.000000,0.000000,0.000000,0.000000,0.000000,0.000000,0.000000,0.000000,0.000000,0.000000,0.000000,314.008184,520.215030,-345.971908,321.597406,530.298083,-332.973060,324.160013,530.368254,-332.981417,326.709903,530.438274,-332.990359,310.830655,530.329570,-330.216134,306.705866,530.358609,-330.263849,302.378779,530.524305,-330.252553,333.270199,527.087987,-226.354546,296.961464,528.163248,-210.375252,318.916255,510.156843,-302.715873,306.065907,509.595378,-298.806074,356.080831,478.677919,-166.228321,270.368446,478.447228,-109.633002,373.946515,410.500685,-288.195384,245.027027,415.582050,-229.079645,332.676524,443.371692,-480.819429,276.806083,445.306314,-469.215856,322.931704,451.391783,-522.983241,286.175087,452.909591,-510.533445,323.320094,459.496478,-506.161464,287.680020,461.310147,-501.165975,325.388984,456.599021,-475.288194,288.025694,459.893242,-468.995468,338.413951,352.628699,-31.991762,288.748629,350.256615,31.789486,337.867682,266.354658,-17.620671,287.050943,259.236454,-9.921551,351.333123,245.057619,335.242850,307.484532,184.346970,227.873649,352.703653,248.037314,364.261384,319.329012,173.357592,245.783709,360.513993,204.970284,292.787623,282.527531,154.663330,135.688591,
0.000000,0.000000,0.000000,0.000000,0.000000,0.000000,0.000000,0.000000,0.000000,0.000000,0.000000,0.000000,0.000000,0.000000,0.000000,0.000000,0.000000,0.000000,0.000000,0.000000,0.000000,0.000000,0.000000,0.000000,0.000000,0.000000,0.000000,0.000000,0.000000,0.000000,0.000000,0.000000,0.000000,0.000000,0.000000,0.000000,0.000000,0.000000,0.000000,0.000000,0.000000,0.000000,0.000000,0.000000,0.000000,0.000000,0.000000,0.000000,0.000000,0.000000,0.000000,0.000000,319.960946,520.215030,-336.127179,326.084812,530.298083,-323.459544,328.662235,530.368254,-323.467662,331.226630,530.438274,-323.476349,316.723179,532.425735,-322.028957,312.547882,532.454888,-322.075489,308.165933,532.621239,-322.064474,336.272633,527.087987,-214.796016,301.163749,530.250850,-206.137246,323.366249,510.156843,-292.708737,310.438278,511.609589,-291.241363,359.288766,478.677919,-155.404892,271.643769,480.376451,-106.831182,375.623406,408.676238,-271.906080,245.027027,415.582050,-225.462598,337.821006,441.452334,-461.431549,278.378845,445.306314,-459.942815,328.284163,453.354356,-501.895207,287.801082,454.887362,-500.443852,328.678991,459.496478,-487.180409,290.949111,463.307161,-489.089687,328.906703,456.599021,-457.970001,289.643816,459.893242,-459.726783,338.413951,349.690127,-30.829308,288.748629,348.826996,30.625319,345.443191,262.398896,-15.511393,288.379882,259.236454,-2.610428,355.706564,243.081348,331.621542,307.484532,184.346970,222.612489,354.161106,246.084264,360.444334,319.329012,173.357592,238.416243,366.676625,204.970284,288.653956,282.527531,154.663330,131.690788,
0.000000,0.000000,0.000000,0.000000,0.000000,0.000000,0.000000,0.000000,0.000000,0.000000,0.000000,0.000000,0.000000,0.000000,0.000000,0.000000,0.000000,0.000000,0.000000,0.000000,0.000000,0.000000,0.000000,0.000000,0.000000,0.000000,0.000000,0.000000,0.000000,0.000000,0.000000,0.000000,0.000000,0.000000,0.000000,0.000000,0.000000,0.000000,0.000000,0.000000,0.000000,0.000000,0.000000,0.000000,0.000000,0.000000,0.000000,0.000000,0.000000,0.000000,0.000000,0.000000,322.937327,520.215030,-323.469670,329.076416,532.394123,-309.868807,331.663717,532.464571,-309.876584,334.237781,530.438274,-309.884905,319.669441,532.425735,-309.748192,315.468890,532.454888,-309.792949,311.059509,532.621239,-309.782354,339.275068,529.171338,-202.274275,303.965272,532.338452,-196.601735,326.332912,512.173273,-280.199817,314.810648,511.609589,-278.633512,360.892734,478.677919,-141.489056,272.919092,482.305674,-104.963302,378.977186,410.500685,-264.387939,245.027027,417.445646,-225.462598,339.535834,443.371692,-451.737609,281.524369,447.250883,-450.669774,0.000000,455.316929,-491.351190,291.053071,456.865134,-490.354258,330.465290,461.468565,-478.744384,294.218202,463.307161,-479.026113,332.424421,458.558674,-448.348783,294.498181,461.875541,-450.458098,339.931502,349.690127,-21.529682,288.748629,347.397377,21.311985,353.018699,262.398896,5.581392,289.708822,257.057997,-1.565982,357.164378,242.093212,342.485466,307.484532,183.575644,212.090167,354.161106,241.201640,371.895485,319.329012,0.000000,227.365044,371.298600,201.084592,296.921289,282.527531,154.010742,115.699577,
0.000000,0.000000,0.000000,0.000000,0.000000,0.000000,0.000000,0.000000,0.000000,0.000000,0.000000,0.000000,0.000000,0.000000,0.000000,0.000000,0.000000,0.000000,0.000000,0.000000,0.000000,0.000000,0.000000,0.000000,0.000000,0.000000,0.000000,0.000000,0.000000,0.000000,0.000000,0.000000,0.000000,0.000000,0.000000,0.000000,0.000000,0.000000,0.000000,0.000000,0.000000,0.000000,0.000000,0.000000,0.000000,0.000000,0.000000,0.000000,0.000000,0.000000,0.000000,0.000000,327.401898,522.271216,-324.876060,333.563822,532.394123,-312.586954,336.165939,532.464571,-312.594799,338.754508,532.534868,-312.603194,324.088835,532.425735,-0.000000,319.850403,534.551167,-312.522402,315.399875,534.718173,-312.511714,342.277502,529.171338,-202.274275,306.766796,532.338452,-202.958743,330.782907,512.173273,-281.450709,319.183018,513.623800,-281.155082,362.496702,478.677919,-137.623546,274.194415,484.234896,-112.434823,380.654076,410.500685,-259.375845,243.695359,419.309243,-231.491010,342.965489,445.291050,-457.553973,283.097130,447.250883,-452.524383,335.420775,455.316929,-499.786404,294.305061,456.865134,-494.390095,335.824186,463.440653,-487.180409,297.487293,465.304174,-485.064257,335.942140,460.518326,-454.121514,296.116303,461.875541,-452.311835,341.449054,348.220841,-15.717416,290.073164,347.397377,15.782193,356.048903,266.354658,33.002012,291.037761,258.147226,-8.877105,360.080006,228.259315,342.485466,307.484532,182.804318,194.552965,355.618559,223.624193,368.078435,0.000000,173.357592,207.104513,375.920574,187.484668,276.252958,282.527531,154.010742,93.711662,
0.000000,0.000000,0.000000,0.000000,0.000000,0.000000,0.000000,0.000000,0.000000,0.000000,0.000000,0.000000,0.000000,0.000000,0.000000,0.000000,0.000000,0.000000,0.000000,0.000000,0.000000,0.000000,0.000000,0.000000,0.000000,0.000000,0.000000,0.000000,0.000000,0.000000,0.000000,0.000000,0.000000,0.000000,0.000000,0.000000,0.000000,0.000000,0.000000,0.000000,0.000000,0.000000,0.000000,0.000000,0.000000,0.000000,0.000000,0.000000,0.000000,0.000000,0.000000,0.000000,330.378279,522.271216,-316.437721,0.000000,532.394123,-303.073438,339.167421,532.464571,-303.081045,341.765659,532.534868,-303.089184,327.035097,532.425735,-302.925544,322.771411,0.000000,-302.969316,318.293451,534.718173,-302.958954,346.781153,529.171338,-197.458221,309.568319,532.338452,-195.542234,333.749569,512.173273,-271.443573,322.097931,513.623800,-272.329586,365.704637,478.677919,-123.707709,276.745060,486.164119,-113.368763,382.330966,410.500685,-248.098635,243.695359,423.036436,-239.930786,346.395144,445.291050,-0.000000,287.815416,455.029159,-450.669774,338.989081,457.279502,-495.568797,299.183045,462.798447,-492.372177,337.610485,465.412741,-482.962396,302.390930,469.298202,-479.026113,337.701000,462.477978,-450.273026,300.970669,467.822436,-448.604361,344.484156,349.690127,-9.323922,292.722234,347.397377,9.379275,362.109310,266.354658,-47.150570,292.366701,259.236454,-14.099335,362.995633,211.461010,215.739687,307.484532,182.804318,212.090167,355.618559,205.070220,238.298726,319.329012,172.626125,229.206911,382.083206,173.884744,139.841971,282.527531,154.010742,111.701775,
0.000000,0.000000,0.000000,0.000000,0.000000,0.000000,0.000000,0.000000,0.000000,0.000000,0.000000,0.000000,0.000000,0.000000,0.000000,0.000000,0.000000,0.000000,0.000000,0.000000,0.000000,0.000000,0.000000,0.000000,0.000000,0.000000,0.000000,0.000000,0.000000,0.000000,0.000000,0.000000,0.000000,0.000000,0.000000,0.000000,0.000000,0.000000,0.000000,0.000000,0.000000,0.000000,0.000000,0.000000,0.000000,0.000000,0.000000,0.000000,0.000000,0.000000,0.000000,0.000000,331.866470,522.271216,-310.812161,339.547029,532.394123,-298.996217,342.168902,532.464571,-299.003721,344.776811,532.534868,-299.011751,329.981359,532.425735,-297.467426,325.692419,534.551167,-297.510409,321.187028,0.000000,-297.500234,349.783587,529.171338,-187.826113,312.369842,532.338452,-188.125724,336.716232,512.173273,-268.941788,325.012845,513.623800,-267.286446,367.308605,478.677919,-109.791873,279.295706,488.093342,-110.566943,384.007857,410.500685,-239.327471,243.695359,428.627226,-245.959198,349.824798,449.129766,-449.798821,292.533701,462.807435,-448.815166,342.557387,463.167221,-493.459994,304.061030,472.687303,-0.000000,341.183083,469.356917,-480.853390,305.660021,477.286256,-475.000684,341.218718,466.397283,-448.348783,304.206912,473.769332,-446.750624,346.001708,349.690127,-4.383496,294.046769,347.397377,4.140525,365.139513,267.673245,-66.134076,293.695640,259.236454,-0.521536,365.911261,200.591519,161.420067,307.484532,182.804318,220.858768,357.076012,191.398872,173.408871,319.329012,172.626125,236.574377,388.245839,164.170512,57.168646,282.527531,154.010742,125.694084,
0.000000,0.000000,0.000000,0.000000,0.000000,0.000000,0.000000,0.000000,0.000000,0.000000,0.000000,0.000000,0.000000,0.000000,0.000000,0.000000,0.000000,0.000000,0.000000,0.000000,0.000000,0.000000,0.000000,0.000000,0.000000,0.000000,0.000000,0.000000,0.000000,0.000000,0.000000,0.000000,0.000000,0.000000,0.000000,0.000000,0.000000,0.000000,0.000000,0.000000,0.000000,0.000000,0.000000,0.000000,0.000000,0.000000,0.000000,0.000000,0.000000,0.000000,0.000000,0.000000,334.842851,522.271216,-309.405772,341.042831,532.394123,-296.278070,345.170384,532.464571,-296.285506,347.787962,532.534868,-296.293462,331.454490,532.425735,-294.738367,328.613427,534.551167,-294.780956,324.080605,534.718173,-294.770874,352.786022,529.171338,-183.010059,315.171365,532.338452,-184.947221,341.166227,512.173273,-266.440004,327.927758,513.623800,-264.764876,368.912572,478.677919,-109.018771,281.846352,488.093342,-113.368763,387.361637,410.500685,-240.580494,243.695359,436.081613,-256.810339,354.969281,452.968482,-449.798821,297.251987,470.585711,-450.669774,347.909846,469.054940,-495.568797,308.939014,482.576158,-490.354258,346.541979,475.273181,-480.853390,312.198204,485.274311,-477.013398,346.495296,470.316588,-448.348783,310.679400,481.698525,-448.604361,349.036810,349.690127,-6.708402,296.695839,347.397377,6.759900,363.624411,267.673245,-66.134076,295.024580,260.325683,75.723031,367.369075,194.662705,114.343064,307.484532,182.804318,291.007577,357.076012,183.586673,123.787218,319.329012,172.626125,306.565303,388.245839,156.399127,7.564651,282.527531,154.010742,201.652336,
0.000000,0.000000,0.000000,0.000000,0.000000,0.000000,0.000000,0.000000,0.000000,0.000000,0.000000,0.000000,0.000000,0.000000,0.000000,0.000000,0.000000,0.000000,0.000000,0.000000,0.000000,0.000000,0.000000,0.000000,0.000000,0.000000,0.000000,0.000000,0.000000,0.000000,0.000000,0.000000,0.000000,0.000000,0.000000,0.000000,0.000000,0.000000,0.000000,0.000000,0.000000,0.000000,0.000000,0.000000,0.000000,0.000000,0.000000,0.000000,0.000000,0.000000,0.000000,0.000000,337.819231,522.271216,-288.309923,344.034435,532.394123,-273.173816,346.671125,532.464571,-273.180673,350.799113,532.534868,-273.188009,334.400752,532.425735,-274.270425,330.073931,534.551167,-274.310056,326.974182,534.718173,-274.300674,354.287239,529.171338,-157.966577,317.972889,532.338452,-164.816696,344.132889,512.173273,-243.923948,330.842671,513.623800,-245.853099,372.120508,478.677919,-92.783628,284.396998,490.022564,-106.831182,389.038527,412.325133,-224.291190,247.690365,445.399596,-249.576245,358.398936,456.807197,-416.839424,305.115796,478.363988,-446.960558,353.262306,472.980085,-459.719139,318.694983,0.000000,-486.318420,350.114577,477.245268,-447.109293,320.370931,495.259379,-470.975254,350.013015,474.235893,-415.636640,318.770009,487.645421,-444.896887,352.071913,348.220841,-6.708402,299.344909,347.397377,6.759900,366.654615,265.036071,-55.587684,296.353519,260.325683,86.167492,368.826888,187.745757,107.100448,307.484532,182.804318,296.268738,359.990918,175.774475,116.153117,319.329012,172.626125,310.249036,386.705181,152.513434,-4.836347,282.527531,153.358154,207.649040,
0.000000,0.000000,0.000000,0.000000,0.000000,0.000000,0.000000,0.000000,0.000000,0.000000,0.000000,0.000000,0.000000,0.000000,0.000000,0.000000,0.000000,0.000000,0.000000,0.000000,0.000000,0.000000,0.000000,0.000000,0.000000,0.000000,0.000000,0.000000,0.000000,0.000000,0.000000,0.000000,0.000000,0.000000,0.000000,0.000000,0.000000,0.000000,0.000000,0.000000,0.000000,0.000000,0.000000,0.000000,0.000000,0.000000,0.000000,0.000000,0.000000,0.000000,0.000000,0.000000,340.795612,522.271216,-286.903534,347.026039,532.394123,-270.455669,349.672606,532.464571,-270.462457,352.304689,532.534868,-270.469720,337.347014,532.425735,-271.541366,334.455444,534.551167,-271.580603,329.867759,534.718173,-271.571315,357.289673,529.171338,-155.076944,320.774412,532.338452,-0.000000,345.616221,512.173273,-241.422164,333.757585,513.623800,-243.331528,373.724475,478.677919,-89.691220,289.498289,490.022564,-105.897242,390.715418,414.149580,-223.038167,257.012045,454.717579,-254.398974,361.828591,460.645913,-416.839424,312.979605,486.142264,-443.251342,355.046459,474.942658,-459.719139,328.450952,494.442785,-482.282583,353.687175,479.217356,-445.000287,328.543659,501.250420,-468.962539,353.530734,476.195546,-415.636640,326.860619,495.574615,-441.189413,355.107016,349.690127,-5.836562,301.993979,347.397377,5.886775,366.654615,265.036071,-38.713456,299.011399,260.325683,91.389723,370.284702,183.793214,96.236524,307.484532,182.804318,291.007577,361.448371,170.891850,100.884916,319.329012,0.000000,304.723436,386.705181,150.570588,-17.237346,282.527531,153.358154,199.653435,
0.000000,0.000000,0.000000,0.000000,0.000000,0.000000,0.000000,0.000000,0.000000,0.000000,0.000000,0.000000,0.000000,0.000000,0.000000,0.000000,0.000000,0.000000,0.000000,0.000000,0.000000,0.000000,0.000000,0.000000,0.000000,0.000000,0.000000,0.000000,0.000000,0.000000,0.000000,0.000000,0.000000,0.000000,0.000000,0.000000,0.000000,0.000000,0.000000,0.000000,0.000000,0.000000,0.000000,0.000000,0.000000,0.000000,0.000000,0.000000,0.000000,0.000000,0.000000,0.000000,343.771993,522.271216,-247.524617,350.017642,532.394123,-231.042531,352.674088,532.464571,-231.048330,355.315840,532.534868,-231.054535,340.293276,532.425735,-233.334541,335.915948,534.551167,-233.368257,332.761336,534.718173,-233.360275,358.790890,529.171338,-115.585300,323.575935,532.338452,-127.734151,350.066215,512.173273,-202.644510,336.672498,513.623800,-206.768760,378.536379,478.677919,-51.809220,294.599580,491.951787,-92.822080,392.392308,415.974028,-176.676301,268.997063,465.899159,-248.370562,363.543418,464.484629,-352.859420,322.416176,493.920540,-400.595355,356.830612,476.905231,-390.128628,336.580926,500.376099,-437.888370,355.473474,483.161532,-375.403085,336.716387,505.244447,-0.000000,355.289593,480.114850,-350.212354,334.951228,501.521510,-400.407198,356.624567,348.220841,-2.930429,304.643049,347.397377,2.976358,366.654615,0.000000,-0.746444,300.340338,260.325683,83.034154,370.284702,183.793214,107.100448,307.484532,182.804318,268.209215,362.905824,171.868375,116.153117,317.981632,172.626125,280.779172,386.705181,152.513434,7.564651,282.527531,153.358154,175.666618,
0.000000,0.000000,0.000000,0.000000,0.000000,0.000000,0.000000,0.000000,0.000000,0.000000,0.000000,0.000000,0.000000,0.000000,0.000000,0.000000,0.000000,0.000000,0.000000,0.000000,0.000000,0.000000,0.000000,0.000000,0.000000,0.000000,0.000000,0.000000,0.000000,0.000000,0.000000,0.000000,0.000000,0.000000,0.000000,0.000000,0.000000,0.000000,0.000000,0.000000,0.000000,0.000000,0.000000,0.000000,0.000000,0.000000,0.000000,0.000000,0.000000,0.000000,0.000000,0.000000,345.260184,522.271216,-227.835159,350.017642,532.394123,-210.656426,352.674088,532.464571,-210.661713,356.821415,532.534868,-210.667370,341.766407,0.000000,-215.595658,337.376452,534.551167,-215.626810,332.761336,534.718173,-215.619436,360.292107,529.171338,-95.357873,324.976697,532.338452,-117.139138,351.549546,512.173273,-181.379346,338.129955,513.623800,-189.117768,380.140346,478.677919,-30.935465,297.150226,491.951787,-92.822080,395.746088,417.798475,-160.386996,282.313749,475.217142,-253.193292,366.973073,464.484629,-337.349115,330.279985,495.865109,-406.159179,360.398918,478.867804,-373.258200,343.084905,0.000000,-441.924208,359.046071,485.133620,-360.640043,343.254569,507.241460,-430.720959,358.807312,482.074503,-334.818404,341.423716,503.503809,-404.114672,359.659670,348.220841,2.300611,305.967584,347.397377,-2.262393,368.169716,265.036071,-0.000000,301.669278,260.325683,76.767477,370.284702,182.805079,110.721756,307.484532,182.804318,264.701774,361.448371,170.891850,123.787218,317.981632,172.626125,277.095439,386.705181,152.513434,11.698318,282.527531,153.358154,169.669914,
0.000000,0.000000,0.000000,0.000000,0.000000,0.000000,0.000000,0.000000,0.000000,0.000000,0.000000,0.000000,0.000000,0.000000,0.000000,0.000000,0.000000,0.000000,0.000000,0.000000,0.000000,0.000000,0.000000,0.000000,0.000000,0.000000,0.000000,0.000000,0.000000,0.000000,0.000000,0.000000,0.000000,0.000000,0.000000,0.000000,0.000000,0.000000,0.000000,0.000000,0.000000,0.000000,0.000000,0.000000,0.000000,0.000000,0.000000,0.000000,0.000000,0.000000,0.000000,0.000000,346.748374,522.271216,-219.396820,351.513444,532.394123,-203.861057,354.174829,532.464571,-203.866174,356.821415,0.000000,-203.871648,341.766407,532.425735,-208.773010,337.376452,532.454888,-208.803177,334.208124,532.621239,-208.796036,361.793324,529.171338,-0.000000,324.976697,532.338452,-112.901133,351.549546,512.173273,-173.873993,338.129955,513.623800,-181.553058,381.744314,478.677919,-28.616159,299.700872,491.951787,-92.822080,399.099869,417.798475,-162.893043,295.630435,475.217142,-262.838750,368.687900,466.403987,-341.226691,331.852747,495.865109,-422.850653,362.183071,480.830377,-377.475807,341.458910,502.353870,-462.103395,360.832370,487.105708,-364.858055,341.620024,505.244447,-452.860821,360.566171,484.034155,-340.591135,339.805594,501.521510,-424.505779,361.177221,346.751554,5.497357,308.616654,345.967758,-5.463852,0.000000,263.717483,-0.746444,301.669278,260.325683,75.723031,370.284702,182.805079,132.449604,307.484532,182.804318,268.209215,361.448371,171.868375,139.055419,317.981632,172.626125,280.779172,386.705181,151.542011,0.000000,282.527531,153.358154,177.665520,
0.000000,0.000000,0.000000,0.000000,0.000000,0.000000,0.000000,0.000000,0.000000,0.000000,0.000000,0.000000,0.000000,0.000000,0.000000,0.000000,0.000000,0.000000,0.000000,0.000000,0.000000,0.000000,0.000000,0.000000,0.000000,0.000000,0.000000,0.000000,0.000000,0.000000,0.000000,0.000000,0.000000,0.000000,0.000000,0.000000,0.000000,0.000000,0.000000,0.000000,0.000000,0.000000,0.000000,0.000000,0.000000,0.000000,0.000000,0.000000,0.000000,0.000000,0.000000,0.000000,348.236565,522.271216,-227.835159,353.009246,532.394123,-212.015499,355.675570,532.464571,-212.020820,358.326991,532.534868,-212.026514,343.239539,532.425735,-216.960187,338.836956,532.454888,-216.991537,334.208124,532.621239,-216.984116,363.294542,529.171338,-100.173927,326.377458,530.250850,-122.436644,353.032878,512.173273,-183.881130,339.587412,513.623800,-190.378553,383.348282,478.677919,-38.666486,300.976195,491.951787,-100.293601,400.776759,417.798475,-172.917230,300.957110,473.353545,-274.895574,372.117555,466.403987,-0.000000,0.000000,495.865109,-445.105950,363.967224,480.830377,-388.019824,339.832916,502.353870,-484.300502,364.404968,487.105708,-0.000000,341.620024,507.241460,-477.013398,364.083890,484.034155,-350.212354,339.805594,503.503809,-446.750624,364.212324,345.282268,0.000000,311.265724,344.538139,-7.501143,372.715022,262.398896,28.783455,302.998217,260.325683,84.078600,370.284702,184.781350,194.011839,307.484532,182.804318,298.022458,361.448371,174.797950,203.945273,317.981632,172.626125,312.090902,388.245839,152.513434,98.505309,282.527531,153.358154,209.647942,
0.000000,0.000000,0.000000,0.000000,0.000000,0.000000,0.000000,0.000000,0.000000,0.000000,0.000000,0.000000,0.000000,0.000000,0.000000,0.000000,0.000000,0.000000,0.000000,0.000000,0.000000,0.000000,0.000000,0.000000,0.000000,0.000000,0.000000,0.000000,0.000000,0.000000,0.000000,0.000000,0.000000,0.000000,0.000000,0.000000,0.000000,0.000000,0.000000,0.000000,0.000000,0.000000,0.000000,0.000000,0.000000,0.000000,0.000000,0.000000,0.000000,0.000000,0.000000,0.000000,349.724755,522.271216,-230.647939,354.505048,532.394123,-216.092720,357.176310,532.464571,-216.098144,361.338142,532.534868,-216.103947,344.712670,532.425735,-221.053776,341.757964,532.454888,-221.085717,337.101701,532.621239,-221.078156,0.000000,529.171338,-104.026770,327.778220,530.250850,-127.734151,355.999541,512.173273,-185.132022,342.502325,511.609589,-192.900124,384.952249,478.677919,-36.347180,302.251518,491.951787,-107.765122,405.807429,417.798475,-162.893043,299.625441,471.489949,-279.718303,375.547210,468.323345,-337.349115,334.998271,495.865109,-443.251342,367.535530,480.830377,-371.149397,344.710900,504.331641,-482.282583,366.191267,487.105708,-358.531037,344.889115,509.238474,-470.975254,367.601609,482.074503,-336.742648,343.041837,505.486107,-443.043150,367.247426,343.812982,11.019010,315.239329,344.538139,-10.993644,375.745225,263.717483,20.346341,302.998217,260.325683,77.811923,370.284702,185.769485,194.011839,306.129975,182.804318,291.007577,361.448371,175.774475,207.762324,316.634252,172.626125,306.565303,388.245839,0.000000,102.638975,282.527531,152.705566,199.653435,
0.000000,0.000000,0.000000,0.000000,0.000000,0.000000,0.000000,0.000000,0.000000,0.000000,0.000000,0.000000,0.000000,0.000000,0.000000,0.000000,0.000000,0.000000,0.000000,0.000000,0.000000,0.000000,0.000000,0.000000,0.000000,0.000000,0.000000,0.000000,0.000000,0.000000,0.000000,0.000000,0.000000,0.000000,0.000000,0.000000,0.000000,0.000000,0.000000,0.000000,0.000000,0.000000,0.000000,0.000000,0.000000,0.000000,0.000000,0.000000,0.000000,0.000000,0.000000,0.000000,351.212946,520.215030,-220.803210,354.505048,530.298083,-206.579204,357.176310,530.368254,-206.584389,361.338142,530.438274,-206.589937,346.185801,530.329570,-211.502069,341.757964,530.358609,-211.532630,338.548489,530.524305,-211.525396,364.795759,527.087987,-97.284294,330.579743,528.163248,-119.258140,355.999541,510.156843,-176.375778,343.959782,511.609589,-182.813843,386.556217,478.677919,-28.616159,304.802163,491.951787,-104.963302,407.484320,419.622923,-145.350715,292.967098,467.762755,-271.278527,377.262037,466.403987,-312.144871,336.571033,495.865109,-428.414477,369.319683,480.830377,-345.843756,347.962890,504.331641,-466.139233,369.763865,487.105708,-333.222963,348.158206,509.238474,-450.848106,369.360468,482.074503,-309.803236,344.659959,505.486107,-426.359516,371.800081,343.812982,11.600237,319.212934,344.538139,-11.575727,377.260327,263.717483,16.127784,305.656096,261.414912,73.634139,370.284702,186.757621,186.769223,304.775418,185.118296,271.716655,359.990918,175.774475,200.128223,312.592113,174.820525,286.304772,388.245839,152.513434,94.371643,282.527531,152.705566,177.665520,
0.000000,0.000000,0.000000,0.000000,0.000000,0.000000,0.000000,0.000000,0.000000,0.000000,0.000000,0.000000,0.000000,0.000000,0.000000,0.000000,0.000000,0.000000,0.000000,0.000000,0.000000,0.000000,0.000000,0.000000,0.000000,0.000000,0.000000,0.000000,0.000000,0.000000,0.000000,0.000000,0.000000,0.000000,0.000000,0.000000,0.000000,0.000000,0.000000,0.000000,0.000000,0.000000,0.000000,0.000000,0.000000,0.000000,0.000000,0.000000,0.000000,0.000000,0.000000,0.000000,351.212946,520.215030,-223.615989,356.000850,530.298083,-209.297352,358.677051,530.368254,-209.302605,361.338142,530.438274,-209.308226,346.185801,530.329570,-212.866599,343.218469,530.358609,-212.897357,338.548489,530.524305,-212.890076,364.795759,527.087987,-101.137138,330.579743,528.163248,-119.258140,357.482872,510.156843,-180.128454,345.417238,509.595378,-185.335413,389.764153,480.585002,-34.800976,306.077486,491.951787,-98.425721,410.838100,421.447370,-159.133973,290.303761,462.171966,-270.072844,378.976865,468.323345,-335.410327,333.425509,493.920540,-424.705261,371.103836,480.830377,-371.149397,344.710900,502.353870,-462.103395,369.763865,489.077796,-358.531037,344.889115,507.241460,-448.835392,369.360468,484.034155,-332.894160,343.041837,503.503809,-422.652042,374.835183,343.812982,11.019010,321.862004,0.000000,-10.993644,380.290530,263.717483,16.127784,305.656096,262.504141,42.300755,370.284702,186.757621,201.254455,299.357188,188.974928,222.612489,359.990918,176.750999,215.396424,307.202594,179.940791,236.574377,389.786497,152.513434,110.906308,281.156038,152.705566,125.694084,
0.000000,0.000000,0.000000,0.000000,0.000000,0.000000,0.000000,0.000000,0.000000,0.000000,0.000000,0.000000,0.000000,0.000000,0.000000,0.000000,0.000000,0.000000,0.000000,0.000000,0.000000,0.000000,0.000000,0.000000,0.000000,0.000000,0.000000,0.000000,0.000000,0.000000,0.000000,0.000000,0.000000,0.000000,0.000000,0.000000,0.000000,0.000000,0.000000,0.000000,0.000000,0.000000,0.000000,0.000000,0.000000,0.000000,0.000000,0.000000,0.000000,0.000000,0.000000,0.000000,351.212946,520.215030,-240.492668,356.000850,530.298083,-226.965310,358.677051,530.368254,-226.971007,361.338142,530.438274,-226.977102,346.185801,528.233406,-229.240952,343.218469,530.358609,-229.274077,338.548489,530.524305,-229.266235,366.296976,527.087987,-118.474933,331.980505,528.163248,-128.793652,357.482872,510.156843,-197.640942,345.417238,509.595378,-200.464834,391.368120,480.585002,-49.489914,306.077486,490.022564,-98.425721,415.868771,423.271818,-175.423277,287.640424,450.990386,-265.250115,378.976865,470.242703,-354.798208,331.852747,486.142264,-424.705261,371.103836,484.755523,-394.346234,341.458910,500.376099,-462.103395,369.763865,491.049884,-375.403085,343.254569,505.244447,-448.835392,369.360468,484.034155,-352.136597,341.423716,499.539212,-422.652042,376.352735,343.812982,9.856557,324.511074,344.538139,-9.829477,380.290530,263.717483,11.909227,305.656096,264.682598,-9.921551,370.284702,186.757621,204.875763,296.648073,188.974928,148.956239,359.990918,175.774475,219.213474,301.813074,179.940791,159.215985,389.786497,152.513434,119.173640,279.784546,152.705566,43.739128,
0.000000,0.000000,0.000000,0.000000,0.000000,0.000000,0.000000,0.000000,0.000000,0.000000,0.000000,0.000000,0.000000,0.000000,0.000000,0.000000,0.000000,0.000000,0.000000,0.000000,0.000000,0.000000,0.000000,0.000000,0.000000,0.000000,0.000000,0.000000,0.000000,0.000000,0.000000,0.000000,0.000000,0.000000,0.000000,0.000000,0.000000,0.000000,0.000000,0.000000,0.000000,0.000000,0.000000,0.000000,0.000000,0.000000,0.000000,0.000000,0.000000,0.000000,0.000000,0.000000,351.212946,518.158844,-270.026855,356.000850,528.202043,-256.864932,358.677051,530.368254,-256.871379,359.832567,530.438274,-256.878277,346.185801,528.233406,-256.531542,341.757964,528.262330,-256.568610,338.548489,528.427371,-256.559835,364.795759,527.087987,-151.224101,331.980505,526.075647,-144.686171,357.482872,510.156843,-226.411459,345.417238,509.595378,-225.680537,394.576056,482.492085,-81.960200,307.352809,488.093342,-99.359661,420.899441,426.920713,-219.279096,287.640424,437.945209,-256.810339,377.262037,474.081419,-399.390332,330.279985,482.253126,-417.286828,369.319683,488.680669,-438.631106,341.458910,498.398328,-456.049639,367.977566,494.994059,-419.692214,341.620024,503.247433,-438.771818,367.601609,487.953460,-0.000000,339.805594,0.000000,-415.237094,0.000000,343.812982,8.112877,324.511074,344.538139,-8.083227,381.805632,262.398896,7.690670,305.656096,264.682598,-7.832659,370.284702,185.769485,204.875763,293.938958,188.974928,217.351328,361.448371,174.797950,223.030525,299.118315,180.672258,232.890644,389.786497,151.542011,115.039974,279.784546,152.705566,117.698479,
0.000000,0.000000,0.000000,0.000000,0.000000,0.000000,0.000000,0.000000,0.000000,0.000000,0.000000,0.000000,0.000000,0.000000,0.000000,0.000000,0.000000,0.000000,0.000000,0.000000,0.000000,0.000000,0.000000,0.000000,0.000000,0.000000,0.000000,0.000000,0.000000,0.000000,0.000000,0.000000,0.000000,0.000000,0.000000,0.000000,0.000000,0.000000,0.000000,0.000000,0.000000,0.000000,0.000000,0.000000,0.000000,0.000000,0.000000,0.000000,0.000000,0.000000,0.000000,0.000000,349.724755,0.000000,-0.000000,354.505048,528.202043,-243.274195,357.176310,528.271936,-243.280300,359.832567,530.438274,-243.286834,344.712670,526.137242,-237.428129,341.757964,526.166051,-237.462437,338.548489,526.330437,-237.454315,364.795759,527.087987,-142.555204,331.980505,526.075647,-126.674649,357.482872,510.156843,-213.902539,343.959782,509.595378,-206.768760,392.972088,484.399169,-75.775383,307.352809,486.164119,-74.143277,422.576331,434.218503,-210.507933,283.645418,426.763629,-212.200092,375.547210,477.920135,-389.696392,323.988938,470.585711,-387.613098,367.535530,492.605815,-428.087089,333.328936,486.531701,-423.762939,366.191267,494.994059,-0.000000,335.081842,491.265351,-408.581096,367.601609,489.913113,-386.772984,334.951228,487.645421,-383.723565,377.870286,343.812982,6.369197,325.835609,344.538139,-6.628018,381.805632,261.080308,22.455620,305.656096,263.593370,18.278494,370.284702,184.781350,233.846227,292.584401,188.974928,208.582727,361.448371,174.797950,249.749877,299.118315,179.940791,221.839445,389.786497,150.570588,148.109304,278.413053,152.705566,111.701775,
0.000000,0.000000,0.000000,0.000000,0.000000,0.000000,0.000000,0.000000,0.000000,0.000000,0.000000,0.000000,0.000000,0.000000,0.000000,0.000000,0.000000,0.000000,0.000000,0.000000,0.000000,0.000000,0.000000,0.000000,0.000000,0.000000,0.000000,0.000000,0.000000,0.000000,0.000000,0.000000,0.000000,0.000000,0.000000,0.000000,0.000000,0.000000,0.000000,0.000000,0.000000,0.000000,0.000000,0.000000,0.000000,0.000000,0.000000,0.000000,0.000000,0.000000,0.000000,0.000000,346.748374,516.102658,-254.556567,351.513444,526.106004,-245.992342,355.675570,528.271936,-245.998516,358.326991,528.341680,-246.005122,343.239539,524.041077,-240.157188,338.836956,524.069772,-240.191890,337.101701,524.233503,-240.183675,364.795759,527.087987,-151.224101,330.579743,523.988045,-127.734151,354.516209,508.140412,-216.404323,342.502325,507.581167,-208.029545,0.000000,486.306252,-87.371914,307.352809,486.164119,-72.275396,422.576331,439.691845,-229.303284,283.645418,419.309243,-203.760316,373.832383,479.839493,-416.839424,319.270653,460.862866,-391.322314,362.183071,492.605815,-457.610336,328.450952,472.687303,-429.816695,360.832370,496.966147,-442.891281,330.178205,479.283270,-414.619241,364.083890,491.872765,-413.712396,330.096862,475.751630,-389.284776,379.387837,343.812982,2.591224,325.835609,345.967758,-2.553435,381.805632,259.761721,24.564898,305.656096,263.593370,26.634063,371.742516,183.793214,237.467535,292.584401,188.974928,220.858768,362.905824,173.821425,253.566927,297.770935,179.940791,234.732510,388.245839,150.570588,152.242970,278.413053,152.705566,133.689690,
0.000000,0.000000,0.000000,0.000000,0.000000,0.000000,0.000000,0.000000,0.000000,0.000000,0.000000,0.000000,0.000000,0.000000,0.000000,0.000000,0.000000,0.000000,0.000000,0.000000,0.000000,0.000000,0.000000,0.000000,0.000000,0.000000,0.000000,0.000000,0.000000,0.000000,0.000000,0.000000,0.000000,0.000000,0.000000,0.000000,0.000000,0.000000,0.000000,0.000000,0.000000,0.000000,0.000000,0.000000,0.000000,0.000000,0.000000,0.000000,0.000000,0.000000,0.000000,0.000000,343.771993,509.934101,-233.460719,348.521840,521.913924,-228.324384,351.173347,521.982985,-228.330114,353.810264,524.148492,-228.336246,338.820145,519.848749,-0.000000,337.376452,519.877213,-218.356264,334.208124,520.039635,-218.348796,361.793324,525.004635,-145.444836,330.579743,519.812841,-100.187117,351.549546,506.123982,-198.891834,341.044868,503.552745,-185.335413,394.576056,486.306252,-86.598812,308.628132,482.305674,-35.851730,419.222551,448.814083,-234.315377,283.645418,415.582050,-150.710293,366.973073,487.516925,-411.023060,316.125129,453.084590,-341.247895,353.262306,498.493534,-449.175123,325.198962,462.798447,-379.368726,351.900876,502.882411,-434.455256,326.909114,469.298202,-366.314086,355.289593,497.751723,-407.939665,326.860619,467.822436,-341.087613,377.870286,342.343696,-5.836562,325.835609,345.967758,5.595733,381.805632,255.805959,18.237063,305.656096,261.414912,31.856294,371.742516,182.805079,226.603611,292.584401,187.432275,224.366209,362.905824,172.844900,242.115776,299.118315,179.940791,238.416243,388.245839,150.570588,143.975638,278.413053,152.052978,137.687492,
0.000000,0.000000,0.000000,0.000000,0.000000,0.000000,0.000000,0.000000,0.000000,0.000000,0.000000,0.000000,0.000000,0.000000,0.000000,0.000000,0.000000,0.000000,0.000000,0.000000,0.000000,0.000000,0.000000,0.000000,0.000000,0.000000,0.000000,0.000000,0.000000,0.000000,0.000000,0.000000,0.000000,0.000000,0.000000,0.000000,0.000000,0.000000,0.000000,0.000000,0.000000,0.000000,0.000000,0.000000,0.000000,0.000000,0.000000,0.000000,0.000000,0.000000,0.000000,0.000000,339.307422,503.765543,-225.022379,344.034435,515.625804,-220.169942,346.671125,517.790350,-220.175467,350.799113,517.858710,-220.181380,335.873883,515.656420,-210.137540,332.994940,515.684655,-210.167904,331.314547,515.845767,-210.160716,360.292107,520.837931,-142.555204,330.579743,515.637638,-95.949112,348.582884,500.074692,-190.135590,339.587412,499.524323,-176.509917,394.576056,486.306252,-86.598812,308.628132,478.447228,-30.248089,417.545661,457.936320,-230.556307,284.977086,411.854856,-147.093246,361.828591,489.436283,-397.451544,316.125129,447.250883,-339.393287,347.909846,498.493534,-432.304695,323.572968,456.865134,-377.350808,346.541979,502.882411,-419.692214,325.274568,463.307161,-366.314086,350.013015,499.711375,-394.469959,325.242497,461.875541,-339.233876,377.870286,342.343696,-7.580242,325.835609,345.967758,7.341983,381.805632,254.487371,33.002012,305.656096,261.414912,31.856294,371.742516,181.816943,222.982303,292.584401,186.660949,198.060405,362.905824,171.868375,238.298726,299.118315,178.477858,208.946380,388.245839,150.570588,0.000000,277.041560,152.052978,113.700676,
0.000000,0.000000,0.000000,0.000000,0.000000,0.000000,0.000000,0.000000,0.000000,0.000000,0.000000,0.000000,0.000000,0.000000,0.000000,0.000000,0.000000,0.000000,0.000000,0.000000,0.000000,0.000000,0.000000,0.000000,0.000000,0.000000,0.000000,0.000000,0.000000,0.000000,0.000000,0.000000,0.000000,0.000000,0.000000,0.000000,0.000000,0.000000,0.000000,0.000000,0.000000,0.000000,0.000000,0.000000,0.000000,0.000000,0.000000,0.000000,0.000000,0.000000,0.000000,0.000000,334.842851,499.653171,-205.332921,339.547029,509.337685,-203.861057,343.669643,511.501399,-203.866174,346.282386,513.665522,-203.871648,332.927621,509.367927,-192.398656,330.073931,509.395818,-192.426457,328.420970,509.554965,-192.419876,355.788456,516.671228,-137.739149,330.579743,511.462434,-82.175595,344.132889,496.041831,-173.873993,335.215041,493.481690,-158.858925,392.972088,486.306252,-87.371914,309.903455,476.518005,-23.710508,410.838100,463.409663,-226.797237,287.640424,411.854856,-138.653469,354.969281,489.436283,-356.736996,316.125129,443.361745,-328.265638,0.000000,498.493534,-390.128628,323.572968,450.931820,-365.243295,341.183083,500.910323,-377.512092,325.274568,457.316120,-356.250513,344.736437,497.751723,-354.060841,325.242497,455.928646,-328.111454,377.870286,340.874409,-0.000000,325.835609,344.538139,9.088234,381.805632,254.487371,37.220569,304.327157,260.325683,44.389648,371.742516,181.816943,219.360995,292.584401,185.889623,205.075286,362.905824,170.891850,230.664625,0.000000,177.746391,216.313846,388.245839,150.570588,139.841971,275.670067,152.052978,119.697380,
0.000000,0.000000,0.000000,0.000000,0.000000,0.000000,0.000000,0.000000,0.000000,0.000000,0.000000,0.000000,0.000000,0.000000,0.000000,0.000000,0.000000,0.000000,0.000000,0.000000,0.000000,0.000000,0.000000,0.000000,0.000000,0.000000,0.000000,0.000000,0.000000,0.000000,0.000000,0.000000,0.000000,0.000000,0.000000,0.000000,0.000000,0.000000,0.000000,0.000000,0.000000,0.000000,0.000000,0.000000,0.000000,0.000000,0.000000,0.000000,0.000000,0.000000,0.000000,0.000000,333.354660,497.596985,-182.830683,338.051227,507.241645,-180.756804,340.668162,509.405082,-180.761341,344.776811,511.568928,-180.766195,0.000000,507.271763,-169.201655,328.613427,507.299539,-0.000000,326.974182,507.458031,-170.584997,354.287239,514.587876,-117.511722,330.579743,509.374833,-62.045070,342.649558,494.025401,-153.859721,333.757585,493.481690,-138.686363,392.972088,486.306252,-83.506404,309.903455,474.588783,-3.163825,400.776759,465.234110,-226.797237,291.635429,411.854856,-110.922775,351.539626,489.436283,-350.920632,314.552367,441.417175,-302.301124,340.773234,496.530961,-385.911021,321.946973,448.954049,-339.010351,339.396784,500.910323,-373.294079,323.640023,455.319106,-330.085221,341.218718,497.751723,-348.288110,323.624375,0.000000,-304.012873,377.870286,340.874409,-10.195762,325.835609,344.538139,10.252400,380.290530,254.487371,35.111291,304.327157,260.325683,34.989632,371.742516,181.816943,215.739687,292.584401,185.118296,0.000000,362.905824,170.891850,226.847575,299.118315,177.014925,173.950917,388.245839,150.570588,135.708305,275.670067,152.052978,81.718254,
0.000000,0.000000,0.000000,0.000000,0.000000,0.000000,0.000000,0.000000,0.000000,0.000000,0.000000,0.000000,0.000000,0.000000,0.000000,0.000000,0.000000,0.000000,0.000000,0.000000,0.000000,0.000000,0.000000,0.000000,0.000000,0.000000,0.000000,0.000000,0.000000,0.000000,0.000000,0.000000,0.000000,0.000000,0.000000,0.000000,0.000000,0.000000,0.000000,0.000000,0.000000,0.000000,0.000000,0.000000,0.000000,0.000000,0.000000,0.000000,0.000000,0.000000,0.000000,0.000000,331.866470,497.596985,-191.269022,336.555425,507.241645,-188.911246,340.668162,509.405082,-188.915987,343.271235,511.568928,-188.921061,329.981359,507.271763,-177.388832,328.613427,507.299539,-177.414464,325.527394,507.458031,-177.408396,354.287239,514.587876,-119.438144,330.579743,509.374833,-68.402078,341.166227,492.008971,-160.114181,332.300128,491.467479,-146.251074,392.972088,486.306252,-83.506404,311.178778,472.659560,-9.701406,395.746088,463.409663,-224.291190,292.967098,411.854856,-121.773916,349.824798,487.516925,-358.675784,314.552367,441.417175,-317.137989,338.989081,496.530961,-392.237431,321.946973,448.954049,-353.135782,337.610485,500.910323,-381.730104,323.640023,457.316120,-346.186939,341.218718,497.751723,-355.985085,322.006253,453.946347,-316.989032,377.870286,340.874409,-10.486376,325.835609,344.538139,10.543442,380.290530,254.487371,33.002012,304.327157,259.236454,46.478540,371.742516,181.816943,215.739687,292.584401,185.118296,182.276923,362.905824,170.891850,226.847575,300.465695,177.014925,194.211448,388.245839,150.570588,131.574639,275.670067,152.052978,99.708366,
0.000000,0.000000,0.000000,0.000000,0.000000,0.000000,0.000000,0.000000,0.000000,0.000000,0.000000,0.000000,0.000000,0.000000,0.000000,0.000000,0.000000,0.000000,0.000000,0.000000,0.000000,0.000000,0.000000,0.000000,0.000000,0.000000,0.000000,0.000000,0.000000,0.000000,0.000000,0.000000,0.000000,0.000000,0.000000,0.000000,0.000000,0.000000,0.000000,0.000000,0.000000,0.000000,0.000000,0.000000,0.000000,0.000000,0.000000,0.000000,0.000000,0.000000,0.000000,0.000000,333.354660,495.540800,-195.488192,336.555425,507.241645,-194.347541,339.167421,0.000000,-194.352419,343.271235,509.472334,-194.357638,329.981359,505.175599,-184.211480,327.152923,505.203260,-0.000000,325.527394,505.361097,-184.231796,354.287239,512.504524,-127.143830,330.579743,507.287231,-77.937590,341.166227,492.008971,-166.368641,332.300128,489.453268,-152.555000,392.972088,486.306252,-93.556730,311.178778,470.730337,-16.238987,395.746088,459.760768,-225.544213,291.635429,411.854856,-125.390963,348.109971,485.597567,-358.675784,314.552367,443.361745,-318.992598,337.204928,492.605815,-392.237431,321.946973,0.000000,-355.153701,335.824186,496.966147,-381.730104,323.640023,459.313133,-346.186939,339.459859,493.832418,-355.985085,322.006253,457.910944,-318.842769,377.870286,340.874409,-11.067602,325.835609,344.538139,10.834484,380.290530,254.487371,39.329848,304.327157,259.236454,41.256309,371.742516,181.816943,212.118379,292.584401,185.118296,173.508322,362.905824,170.891850,226.847575,300.465695,177.014925,183.160249,388.245839,150.570588,135.708305,275.670067,152.052978,89.713859,
0.000000,0.000000,0.000000,0.000000,0.000000,0.000000,0.000000,0.000000,0.000000,0.000000,0.000000,0.000000,0.000000,0.000000,0.000000,0.000000,0.000000,0.000000,0.000000,0.000000,0.000000,0.000000,0.000000,0.000000,0.000000,0.000000,0.000000,0.000000,0.000000,0.000000,0.000000,0.000000,0.000000,0.000000,0.000000,0.000000,0.000000,0.000000,0.000000,0.000000,0.000000,0.000000,0.000000,0.000000,0.000000,0.000000,0.000000,0.000000,0.000000,0.000000,0.000000,0.000000,333.354660,495.540800,-201.113751,336.555425,507.241645,-198.424762,340.668162,507.308764,-198.429742,343.271235,509.472334,-198.435071,329.981359,505.175599,-188.305068,328.613427,505.203260,-188.332277,325.527394,505.361097,-188.325836,354.287239,512.504524,-131.959884,330.579743,507.287231,-83.235096,341.166227,492.008971,-170.121317,333.757585,489.453268,-157.598140,392.972088,484.399169,-95.102934,311.178778,470.730337,-19.974747,397.422978,459.760768,-224.291190,291.635429,411.854856,-126.596646,348.109971,479.839493,-360.614572,314.552367,445.306314,-315.283381,337.204928,488.680669,-396.455038,321.946973,454.887362,-351.117864,337.610485,493.021972,-383.839110,323.640023,461.310147,-342.161509,339.459859,489.913113,-359.833572,322.006253,459.893242,-316.989032,377.870286,340.874409,-10.776989,325.835609,344.538139,10.834484,0.000000,254.487371,35.111291,304.327157,259.236454,41.256309,371.742516,181.816943,215.739687,292.584401,185.118296,185.784364,362.905824,171.868375,226.847575,300.465695,177.014925,196.053314,388.245839,150.570588,135.708305,275.670067,152.052978,93.711662,
0.000000,0.000000,0.000000,0.000000,0.000000,0.000000,0.000000,0.000000,0.000000,0.000000,0.000000,0.000000,0.000000,0.000000,0.000000,0.000000,0.000000,0.000000,0.000000,0.000000,0.000000,0.000000,0.000000,0.000000,0.000000,0.000000,0.000000,0.000000,0.000000,0.000000,0.000000,0.000000,0.000000,0.000000,0.000000,0.000000,0.000000,0.000000,0.000000,0.000000,0.000000,0.000000,0.000000,0.000000,0.000000,0.000000,0.000000,0.000000,0.000000,0.000000,0.000000,0.000000,333.354660,495.540800,-208.145701,338.051227,507.241645,-207.938278,0.000000,509.405082,-207.943497,344.776811,511.568928,-207.949081,329.981359,505.175599,-196.492245,328.613427,507.299539,-196.520637,326.974182,507.458031,-196.513916,354.287239,512.504524,-144.481625,329.178982,507.287231,-91.711107,341.166227,492.008971,-180.128454,332.300128,489.453268,-165.162851,392.972088,484.399169,-100.514648,311.178778,470.730337,-22.776568,399.099869,450.638530,-224.291190,290.303761,411.854856,-133.830740,349.824798,474.081419,-366.430936,312.979605,447.250883,-324.556422,338.989081,480.830377,-400.672645,321.946973,456.865134,-361.207457,337.610485,485.133620,-392.275134,323.640023,0.000000,-352.225083,339.459859,482.074503,-363.682060,322.006253,459.893242,-324.403980,377.870286,340.874409,-10.486376,324.511074,344.538139,10.543442,380.290530,254.487371,24.564898,304.327157,259.236454,32.900740,371.742516,181.816943,215.739687,292.584401,185.118296,0.000000,362.905824,171.868375,226.847575,300.465695,177.014925,201.578914,388.245839,150.570588,135.708305,275.670067,152.052978,101.707268,
0.000000,0.000000,0.000000,0.000000,0.000000,0.000000,0.000000,0.000000,0.000000,0.000000,0.000000,0.000000,0.000000,0.000000,0.000000,0.000000,0.000000,0.000000,0.000000,0.000000,0.000000,0.000000,0.000000,0.000000,0.000000,0.000000,0.000000,0.000000,0.000000,0.000000,0.000000,0.000000,0.000000,0.000000,0.000000,0.000000,0.000000,0.000000,0.000000,0.000000,0.000000,0.000000,0.000000,0.000000,0.000000,0.000000,0.000000,0.000000,0.000000,0.000000,0.000000,0.000000,334.842851,497.596985,-262.994906,341.042831,509.337685,-259.583079,343.669643,509.405082,-259.589594,347.787962,511.568928,-259.596565,332.927621,507.271763,-252.437954,330.073931,507.299539,-252.474430,328.420970,507.458031,-252.465795,355.788456,514.587876,-172.414740,330.579743,509.374833,-140.448166,342.649558,492.008971,-225.160567,333.757585,489.453268,-215.594256,392.972088,484.399169,-108.245669,311.178778,472.659560,-57.332354,407.484320,437.867398,-233.062354,286.308755,411.854856,-161.561434,353.254453,466.403987,-409.084272,312.979605,447.250883,-356.084760,342.557387,474.942658,-447.066319,321.946973,458.842905,-393.494158,341.183083,479.217356,-434.455256,323.640023,0.000000,-382.415805,342.977578,478.155198,-406.015421,322.006253,461.875541,-355.917509,376.352735,339.405123,-10.195762,324.511074,344.538139,10.252400,380.290530,254.487371,7.690670,304.327157,259.236454,36.034079,371.742516,181.816943,212.118379,292.584401,185.889623,227.873649,362.905824,171.868375,226.847575,300.465695,177.746391,242.099976,388.245839,150.570588,131.574639,275.670067,152.052978,143.684196,
0.000000,0.000000,0.000000,0.000000,0.000000,0.000000,0.000000,0.000000,0.000000,0.000000,0.000000,0.000000,0.000000,0.000000,0.000000,0.000000,0.000000,0.000000,0.000000,0.000000,0.000000,0.000000,0.000000,0.000000,0.000000,0.000000,0.000000,0.000000,0.000000,0.000000,0.000000,0.000000,0.000000,0.000000,0.000000,0.000000,0.000000,0.000000,0.000000,0.000000,0.000000,0.000000,0.000000,0.000000,0.000000,0.000000,0.000000,0.000000,0.000000,0.000000,0.000000,0.000000,339.307422,497.596985,-300.967432,345.530237,509.337685,-297.637143,349.672606,509.405082,-297.644613,352.304689,511.568928,-297.652606,335.873883,507.271763,-292.009308,332.994940,507.299539,-292.051502,331.314547,507.458031,-292.041514,358.790890,514.587876,-208.053540,330.579743,509.374833,-176.471210,347.099552,492.008971,-261.436436,336.672498,491.467479,-253.417809,392.972088,484.399169,-130.665627,311.178778,472.659560,-89.086319,412.514990,425.096265,-255.616775,282.313749,411.854856,-201.348951,361.828591,458.726555,-445.921245,312.979605,449.195452,-404.304571,349.694000,469.054940,-485.024780,321.946973,460.820676,-441.924208,348.328278,475.273181,-472.417366,323.640023,467.301188,-430.720959,351.771875,472.276241,-0.000000,323.624375,463.857839,-402.260935,377.870286,339.405123,-9.614536,324.511074,344.538139,9.670317,381.805632,255.805959,9.799949,304.327157,259.236454,13.056264,371.742516,181.816943,237.467535,292.584401,185.118296,199.814126,362.905824,171.868375,253.566927,300.465695,176.283458,214.471979,388.245839,150.570588,152.242970,274.298574,152.705566,101.707268,
0.000000,0.000000,0.000000,0.000000,0.000000,0.000000,0.000000,0.000000,0.000000,0.000000,0.000000,0.000000,0.000000,0.000000,0.000000,0.000000,0.000000,0.000000,0.000000,0.000000,0.000000,0.000000,0.000000,0.000000,0.000000,0.000000,0.000000,0.000000,0.000000,0.000000,0.000000,0.000000,0.000000,0.000000,0.000000,0.000000,0.000000,0.000000,0.000000,0.000000,0.000000,0.000000,0.000000,0.000000,0.000000,0.000000,0.000000,0.000000,0.000000,0.000000,0.000000,0.000000,345.260184,497.596985,-316.437721,351.513444,509.337685,-311.227880,355.675570,509.405082,-311.235692,358.326991,511.568928,-311.244050,341.766407,507.271763,-307.019133,338.836956,507.299539,-307.063496,335.654912,507.458031,-307.052994,363.294542,514.587876,-210.943173,331.980505,511.462434,-194.482732,353.032878,492.008971,-271.443573,341.044868,491.467479,-267.286446,394.576056,482.492085,-123.707709,311.178778,474.588783,-107.765122,417.545661,417.798475,-246.845611,280.982080,411.854856,-230.285327,372.117555,451.049124,-432.349728,314.552367,456.973728,-430.269085,363.967224,461.204648,-470.263156,323.572968,468.731760,-470.175070,362.618669,469.356917,-459.763329,326.909114,475.289242,-458.898965,362.325031,466.397283,-429.106346,325.242497,471.787033,-430.066990,377.870286,339.405123,-6.708402,324.511074,344.538139,6.759900,383.320734,255.805959,11.909227,304.327157,259.236454,9.922926,371.742516,182.805079,241.088843,292.584401,185.118296,199.814126,362.905824,171.868375,261.201027,299.118315,176.283458,212.630113,389.786497,150.570588,160.510303,274.298574,152.705566,101.707268,
0.000000,0.000000,0.000000,0.000000,0.000000,0.000000,0.000000,0.000000,0.000000,0.000000,0.000000,0.000000,0.000000,0.000000,0.000000,0.000000,0.000000,0.000000,0.000000,0.000000,0.000000,0.000000,0.000000,0.000000,0.000000,0.000000,0.000000,0.000000,0.000000,0.000000,0.000000,0.000000,0.000000,0.000000,0.000000,0.000000,0.000000,0.000000,0.000000,0.000000,0.000000,0.000000,0.000000,0.000000,0.000000,0.000000,0.000000,0.000000,0.000000,0.000000,0.000000,0.000000,352.701136,501.709357,-286.903534,0.000000,511.433725,-278.610111,360.177792,513.597716,-278.617104,362.843718,0.000000,-278.624586,349.132063,511.464092,-276.999484,344.678973,511.492097,-277.039509,341.442066,511.651899,-277.030034,367.798193,514.587876,-196.495010,334.782028,513.550036,-169.054701,357.482872,494.025401,-243.923948,345.417238,493.481690,-242.070743,396.180023,480.585002,-92.010526,311.178778,476.518005,-99.359661,417.545661,414.149580,-195.471652,282.313749,419.309243,-229.079645,380.691692,447.210408,-387.757604,322.416176,466.696573,-411.723004,372.887989,459.242075,-425.978285,333.328936,480.598387,-449.995883,371.550163,467.384829,-417.583207,335.081842,487.271324,-438.771818,371.119328,464.437631,-386.772984,333.333106,0.000000,-411.529620,377.870286,340.874409,-2.058589,325.835609,344.538139,2.103233,384.835835,255.805959,5.581392,304.327157,259.236454,-1.565982,371.742516,182.805079,237.467535,293.938958,185.889623,191.045525,362.905824,171.868375,249.749877,300.465695,177.014925,205.262647,389.786497,150.570588,156.376636,274.298574,152.705566,91.712761,
0.000000,0.000000,0.000000,0.000000,0.000000,0.000000,0.000000,0.000000,0.000000,0.000000,0.000000,0.000000,0.000000,0.000000,0.000000,0.000000,0.000000,0.000000,0.000000,0.000000,0.000000,0.000000,0.000000,0.000000,0.000000,0.000000,0.000000,0.000000,0.000000,0.000000,0.000000,0.000000,0.000000,0.000000,0.000000,0.000000,0.000000,0.000000,0.000000,0.000000,0.000000,0.000000,0.000000,0.000000,0.000000,0.000000,0.000000,0.000000,0.000000,0.000000,0.000000,0.000000,358.653898,503.765543,-0.000000,0.000000,513.529764,-243.274195,366.180755,515.694033,-243.280300,368.866020,0.000000,-243.286834,355.024587,513.560256,-251.073424,350.520989,513.588376,-251.109703,347.229220,515.845767,-251.101115,370.800627,514.587876,-133.886306,337.583551,515.637638,-159.519190,363.416198,496.041831,-211.400755,352.704522,495.495901,-223.158967,396.180023,478.677919,-54.901628,311.178778,476.518005,-90.020259,415.868771,412.325133,-152.868856,283.645418,430.490823,-225.462598,387.551002,443.371692,-341.226691,331.852747,474.474849,-400.595355,380.024602,453.354356,-377.475807,343.084905,486.531701,-435.870451,378.695359,461.468565,-369.076067,344.889115,493.262365,-424.682815,378.154765,458.558674,-340.591135,341.423716,489.627719,-398.553461,377.870286,340.874409,2.591224,325.835609,343.108520,-2.553435,384.835835,257.124546,-15.511393,304.327157,260.325683,-4.699320,371.742516,182.805079,183.147915,293.938958,187.432275,182.276923,362.905824,172.844900,200.128223,300.465695,178.477858,196.053314,389.786497,150.570588,94.371643,274.298574,152.705566,83.717155,
0.000000,0.000000,0.000000,0.000000,0.000000,0.000000,0.000000,0.000000,0.000000,0.000000,0.000000,0.000000,0.000000,0.000000,0.000000,0.000000,0.000000,0.000000,0.000000,0.000000,0.000000,0.000000,0.000000,0.000000,0.000000,0.000000,0.000000,0.000000,0.000000,0.000000,0.000000,0.000000,0.000000,0.000000,0.000000,0.000000,0.000000,0.000000,0.000000,0.000000,0.000000,0.000000,0.000000,0.000000,0.000000,0.000000,0.000000,0.000000,0.000000,0.000000,0.000000,0.000000,366.094850,505.821729,-217.990430,369.463067,515.625804,-203.861057,372.183718,515.694033,-203.866174,373.382747,515.762116,-203.871648,360.917111,515.656420,-212.866599,357.823510,515.684655,-212.897357,353.016373,517.942701,-212.890076,375.304278,514.587876,-95.357873,341.785836,515.637638,-138.329164,369.349523,498.058261,-173.873993,358.534349,497.510112,-186.596198,396.180023,478.677919,-23.977547,312.454100,480.376451,-90.954199,415.868771,410.500685,-114.025130,291.635429,443.535999,-235.108057,390.980657,439.532976,-290.818203,344.434842,482.253126,-398.740747,383.592908,0.000000,-324.755722,356.092864,490.487243,-427.798776,382.267957,457.524390,-316.350915,356.330934,497.256392,-414.619241,381.672484,454.639369,-292.485043,352.750569,493.592316,-394.845987,377.870286,339.405123,10.147170,327.160144,343.108520,-10.120519,386.350937,258.443133,-13.402114,305.656096,260.325683,32.900740,371.742516,183.793214,157.798759,293.938958,188.203601,229.627370,362.905824,173.821425,169.591821,300.465695,179.209325,243.941843,389.786497,150.570588,69.569645,275.670067,152.705566,135.688591,
0.000000,0.000000,0.000000,0.000000,0.000000,0.000000,0.000000,0.000000,0.000000,0.000000,0.000000,0.000000,0.000000,0.000000,0.000000,0.000000,0.000000,0.000000,0.000000,0.000000,0.000000,0.000000,0.000000,0.000000,0.000000,0.000000,0.000000,0.000000,0.000000,0.000000,0.000000,0.000000,0.000000,0.000000,0.000000,0.000000,0.000000,0.000000,0.000000,0.000000,0.000000,0.000000,0.000000,0.000000,0.000000,0.000000,0.000000,0.000000,0.000000,0.000000,0.000000,0.000000,369.071231,507.877915,-216.584040,372.454671,515.625804,-201.142910,375.185200,515.694033,-201.147958,376.393898,515.762116,-201.153360,365.336505,517.752585,-214.231128,362.205022,517.780934,-214.262084,357.356739,517.942701,-214.254756,376.805496,514.587876,-95.357873,345.988121,517.725240,-152.102680,370.832855,498.058261,-172.623101,361.449262,499.524323,-189.117768,392.972088,476.770835,-28.616159,313.729423,0.000000,-132.047566,414.191880,410.500685,-126.555364,304.952116,456.581176,-272.484209,390.980657,441.452334,-306.328507,360.162460,486.142264,-387.613098,383.592908,451.391783,-339.517346,373.978807,492.465014,-415.691264,384.054255,459.496478,-331.113957,374.310935,499.253406,-400.530237,383.431343,456.599021,-305.954749,370.549909,497.556913,-381.869828,377.870286,339.405123,16.540664,327.160144,343.108520,-16.523436,386.350937,259.761721,-7.074279,305.656096,260.325683,50.656324,371.742516,184.781350,172.283991,293.938958,188.974928,255.933173,362.905824,173.821425,184.860022,299.118315,179.940791,271.569840,389.786497,150.570588,86.104310,275.670067,152.705566,167.671013,
0.000000,0.000000,0.000000,0.000000,0.000000,0.000000,0.000000,0.000000,0.000000,0.000000,0.000000,0.000000,0.000000,0.000000,0.000000,0.000000,0.000000,0.000000,0.000000,0.000000,0.000000,0.000000,0.000000,0.000000,0.000000,0.000000,0.000000,0.000000,0.000000,0.000000,0.000000,0.000000,0.000000,0.000000,0.000000,0.000000,0.000000,0.000000,0.000000,0.000000,0.000000,0.000000,0.000000,0.000000,0.000000,0.000000,0.000000,0.000000,0.000000,0.000000,0.000000,0.000000,372.047612,507.877915,-192.675412,373.950473,515.625804,-178.038656,376.685941,515.694033,-178.043125,377.899474,515.762116,-178.047906,368.282767,517.752585,-192.398656,363.665526,517.780934,-192.426457,360.250316,520.039635,-192.419876,376.805496,514.587876,-72.240813,348.789644,519.812841,-145.745673,372.316186,500.074692,-150.107045,362.906719,499.524323,-170.205991,388.160185,474.863752,-8.515507,315.004746,484.234896,-126.443925,410.838100,410.500685,-0.000000,319.600471,460.308369,-258.016021,390.980657,441.452334,-279.185475,368.026269,486.142264,-348.666328,383.592908,0.000000,-312.102902,382.108781,492.465014,-377.350808,382.267957,459.496478,-305.805884,382.483663,497.256392,-368.326801,383.431343,456.599021,-280.939580,377.022397,495.574615,-346.648824,377.870286,339.405123,23.224770,327.160144,341.678902,-23.217395,386.350937,259.761721,35.111291,306.985036,260.325683,56.923001,371.742516,185.769485,175.905299,0.000000,188.974928,252.425732,362.905824,175.774475,196.311173,299.118315,180.672258,266.044240,389.786497,151.542011,98.505309,277.041560,152.705566,165.672111,
0.000000,0.000000,0.000000,0.000000,0.000000,0.000000,0.000000,0.000000,0.000000,0.000000,0.000000,0.000000,0.000000,0.000000,0.000000,0.000000,0.000000,0.000000,0.000000,0.000000,0.000000,0.000000,0.000000,0.000000,0.000000,0.000000,0.000000,0.000000,0.000000,0.000000,0.000000,0.000000,0.000000,0.000000,0.000000,0.000000,0.000000,0.000000,0.000000,0.000000,0.000000,0.000000,0.000000,0.000000,0.000000,0.000000,0.000000,0.000000,0.000000,0.000000,0.000000,0.000000,375.023993,507.877915,-178.611514,378.437878,515.625804,-164.447919,379.687422,515.694033,-164.452047,380.910625,515.762116,-164.456463,372.702160,517.752585,-181.482421,369.507543,517.780934,-0.000000,366.037469,520.039635,-181.502436,376.805496,514.587876,-61.645493,0.000000,519.812841,-145.745673,375.282849,500.074692,-136.347232,368.736546,499.524323,-158.858925,384.952249,0.000000,3.081024,317.555392,484.234896,-134.849387,404.130539,408.676238,-83.952568,330.253820,464.035562,-255.604656,390.980657,441.452334,-255.920019,374.317317,486.142264,-324.556422,383.592908,449.429210,-288.906065,386.986765,490.487243,-353.135782,384.054255,457.524390,-286.824829,387.387300,495.259379,-346.186939,383.431343,456.599021,-259.772900,0.000000,493.592316,-324.403980,376.352735,339.405123,30.490103,327.160144,341.678902,-30.493438,386.350937,261.080308,47.766961,308.313975,260.325683,68.411908,371.742516,187.745757,183.147915,293.938958,188.974928,266.455494,362.905824,176.750999,200.128223,299.118315,180.672258,280.779172,389.786497,152.513434,98.505309,277.041560,153.358154,187.660027,
0.000000,0.000000,0.000000,0.000000,0.000000,0.000000,0.000000,0.000000,0.000000,0.000000,0.000000,0.000000,0.000000,0.000000,0.000000,0.000000,0.000000,0.000000,0.000000,0.000000,0.000000,0.000000,0.000000,0.000000,0.000000,0.000000,0.000000,0.000000,0.000000,0.000000,0.000000,0.000000,0.000000,0.000000,0.000000,0.000000,0.000000,0.000000,0.000000,0.000000,0.000000,0.000000,0.000000,0.000000,0.000000,0.000000,0.000000,0.000000,0.000000,0.000000,0.000000,0.000000,378.000374,509.934101,-164.547615,379.933680,517.721844,-149.498109,381.188163,517.790350,-149.501861,382.416200,517.858710,-149.505875,374.175291,519.848749,-166.472596,370.968047,519.877213,-166.496651,367.484258,520.039635,-166.490957,376.805496,514.587876,-44.307698,354.392691,521.900443,-130.912655,376.766181,500.074692,-122.587420,370.194002,501.538534,-146.251074,381.744314,469.142502,22.408575,0.000000,486.164119,-136.717267,397.422978,406.851790,-61.398147,338.243831,471.489949,-245.959198,389.265830,439.532976,-0.000000,390.044935,486.142264,-265.208962,383.592908,443.541491,-261.491621,0.000000,488.509472,-286.544463,384.054255,451.608126,-259.407750,405.367301,495.259379,-279.767352,383.431343,452.679716,-232.833488,399.676103,493.592316,-261.376921,374.835183,339.405123,35.139916,327.160144,340.249283,-35.150105,386.350937,263.717483,56.204075,0.000000,260.325683,69.456354,371.742516,187.745757,186.769223,293.938958,188.974928,266.455494,362.905824,176.750999,196.311173,297.770935,181.403725,280.779172,391.327155,152.513434,102.638975,278.413053,153.358154,189.658928,
0.000000,0.000000,0.000000,0.000000,0.000000,0.000000,0.000000,0.000000,0.000000,0.000000,0.000000,0.000000,0.000000,0.000000,0.000000,0.000000,0.000000,0.000000,0.000000,0.000000,0.000000,0.000000,0.000000,0.000000,0.000000,0.000000,0.000000,0.000000,0.000000,0.000000,0.000000,0.000000,0.000000,0.000000,0.000000,0.000000,0.000000,0.000000,0.000000,0.000000,0.000000,0.000000,0.000000,0.000000,0.000000,0.000000,0.000000,0.000000,0.000000,0.000000,0.000000,0.000000,379.488564,511.990287,-175.798734,381.429482,519.817884,-160.370698,382.688904,519.886668,-160.374723,383.921776,519.955304,-160.379030,375.648422,521.944913,-176.024303,372.428551,521.973492,-176.049737,368.931046,524.233503,-176.043716,379.807930,516.671228,-52.013385,357.194214,523.988045,-129.853153,378.249512,502.091122,-133.845448,371.651459,503.552745,-155.076570,381.744314,469.142502,19.316167,322.656683,486.164119,-148.858489,390.715418,406.851790,-61.398147,339.575500,467.762755,-273.689891,390.980657,435.694260,-226.838198,401.054268,484.197695,-304.155733,387.161214,437.653772,-259.382817,414.628677,488.509472,-330.938676,385.840554,445.691862,-259.407750,416.809120,493.262365,-322.034362,385.190203,446.800759,-232.833488,412.621078,491.610018,-300.305398,373.317632,340.874409,39.208503,327.160144,341.678902,-39.224689,386.350937,263.717483,66.750468,308.313975,261.414912,63.189678,370.284702,187.745757,186.769223,293.938958,188.974928,257.686893,361.448371,175.774475,196.311173,296.423555,180.672258,273.411706,392.867813,152.513434,106.772641,279.784546,152.705566,171.668816,
0.000000,0.000000,0.000000,0.000000,0.000000,0.000000,0.000000,0.000000,0.000000,0.000000,0.000000,0.000000,0.000000,0.000000,0.000000,0.000000,0.000000,0.000000,0.000000,0.000000,0.000000,0.000000,0.000000,0.000000,0.000000,0.000000,0.000000,0.000000,0.000000,0.000000,0.000000,0.000000,0.000000,0.000000,0.000000,0.000000,0.000000,0.000000,0.000000,0.000000,0.000000,0.000000,0.000000,0.000000,0.000000,0.000000,0.000000,0.000000,0.000000,0.000000,0.000000,0.000000,0.000000,0.000000,0.000000,0.000000,0.000000,0.000000,0.000000,0.000000,0.000000,0.000000,0.000000,0.000000,0.000000,0.000000,0.000000,0.000000,0.000000,0.000000,0.000000,0.000000,0.000000,0.000000,0.000000,0.000000,0.000000,0.000000,0.465506,0.000000,0.000000,0.000000,0.000000,0.000000,0.000000,0.000000,0.000000,-0.011384,0.000000,0.000000,-0.362004,0.000000,0.000000,0.000000,0.000000,0.000000,0.000000,0.000000,0.000000,0.000000,0.000000,0.000000,0.000000,0.000000,0.000000,0.000000,0.000000,0.000000,0.000000,0.000000,0.000000,0.000000,0.000000,0.000000,0.000000,0.000000,0.000000,0.000000,0.000000,0.000000,0.000000,0.000000,0.000000,-0.024296,0.000000,0.000000,0.065941,0.000000,0.000000,-0.746444,0.000000,0.000000,-0.521536,0.000000,0.000000,-1.538791,0.000000,0.000000,-0.109980,0.000000,0.000000,1.641610,0.000000,0.000000,0.815468,0.000000,0.000000,-0.702681,0.000000,0.000000,-0.236702,
