0.000000,0.000000,0.000000,0.000000,0.000000,0.000000,0.000000,0.000000,0.000000,0.000000,0.000000,0.000000,0.000000,0.000000,0.000000,0.000000,0.000000,0.000000,0.000000,0.000000,0.000000,0.000000,0.000000,0.000000,0.000000,0.000000,0.000000,0.000000,0.000000,0.000000,0.000000,0.000000,0.000000,0.000000,0.000000,0.000000,0.000000,0.000000,0.000000,0.000000,0.000000,0.000000,0.000000,0.000000,0.000000,0.000000,0.000000,0.000000,0.000000,0.000000,0.000000,0.000000,0.000000,0.000000,0.000000,0.000000,0.000000,0.000000,0.000000,0.000000,0.000000,0.000000,0.000000,0.000000,0.000000,0.000000,0.000000,0.000000,0.000000,0.000000,0.000000,0.000000,0.000000,0.000000,0.000000,0.017779,0.000000,0.000000,-0.614452,0.000000,0.000000,0.000000,0.000000,0.000000,0.000000,0.000000,0.000000,-0.280343,0.000000,0.000000,0.000000,0.000000,0.000000,-0.067063,0.000000,0.000000,0.000000,0.000000,0.000000,-0.525330,0.000000,0.000000,0.346048,0.000000,0.000000,-1.196824,0.000000,0.000000,0.556313,0.000000,0.000000,0.188803,0.000000,0.000000,0.000000,0.000000,0.000000,1.145890,0.000000,0.000000,-0.611022,0.000000,0.000000,0.000000,0.000000,0.000000,0.000000,0.000000,0.000000,0.296081,0.000000,0.000000,0.415935,0.000000,0.000000,0.711278,0.000000,0.000000,0.070471,0.000000,0.000000,0.000000,0.000000,0.000000,-0.781798,0.000000,0.000000,0.158229,0.000000,0.000000,0.473446,
0.000000,0.000000,0.000000,0.000000,0.000000,0.000000,0.000000,0.000000,0.000000,0.000000,0.000000,0.000000,0.000000,0.000000,0.000000,0.000000,0.000000,0.000000,0.000000,0.000000,0.000000,0.000000,0.000000,0.000000,0.000000,0.000000,0.000000,0.000000,0.000000,0.000000,0.000000,0.000000,0.000000,0.000000,0.000000,0.000000,0.000000,0.000000,0.000000,0.000000,0.000000,0.000000,0.000000,0.000000,0.000000,0.000000,0.000000,0.000000,0.000000,0.000000,0.000000,0.000000,0.000000,0.000000,0.000000,0.000000,0.000000,0.000000,0.000000,0.000000,0.000000,0.000000,0.000000,0.000000,0.000000,0.000000,0.000000,0.000000,0.000000,0.000000,0.000000,0.000000,0.000000,0.000000,0.000000,0.017779,0.000000,0.000000,-0.614452,0.000000,0.000000,0.000000,0.000000,0.000000,0.000000,0.000000,0.000000,-0.000000,0.000000,0.000000,0.000000,0.000000,0.000000,-0.067063,0.000000,0.000000,0.000000,0.000000,0.000000,-0.525330,0.000000,0.000000,0.346048,0.000000,0.000000,-1.196824,0.000000,0.000000,0.556313,0.000000,0.000000,0.188803,0.000000,0.000000,0.000000,0.000000,0.000000,1.145890,0.000000,0.000000,-0.611022,0.000000,0.000000,0.000000,0.000000,0.000000,0.000000,0.000000,0.000000,0.296081,0.000000,0.000000,0.000000,0.000000,0.000000,0.000000,0.000000,0.000000,0.070471,0.000000,0.000000,0.449667,0.000000,0.000000,-0.000000,0.000000,0.000000,0.158229,0.000000,0.000000,0.473446,
0.000000,0.000000,0.000000,0.000000,0.000000,0.000000,0.000000,0.000000,0.000000,0.000000,0.000000,0.000000,0.000000,0.000000,0.000000,0.000000,0.000000,0.000000,0.000000,0.000000,0.000000,0.000000,0.000000,0.000000,0.000000,0.000000,0.000000,0.000000,0.000000,0.000000,0.000000,0.000000,0.000000,0.000000,0.000000,0.000000,0.000000,0.000000,0.000000,0.000000,0.000000,0.000000,0.000000,0.000000,0.000000,0.000000,0.000000,0.000000,0.000000,0.000000,0.000000,0.000000,0.000000,0.000000,0.000000,0.000000,0.000000,0.000000,0.000000,0.000000,0.000000,0.000000,0.000000,0.000000,0.000000,0.000000,0.000000,0.000000,0.000000,0.000000,0.000000,0.000000,0.000000,0.000000,0.000000,0.017779,0.000000,0.000000,-0.614452,0.000000,0.000000,0.000000,0.000000,0.000000,0.000000,0.000000,0.000000,-0.280343,0.000000,0.000000,0.000000,0.000000,0.000000,-0.067063,0.000000,0.000000,0.000000,0.000000,0.000000,-0.525330,0.000000,0.000000,0.346048,0.000000,0.000000,-1.196824,0.000000,0.000000,0.556313,0.000000,0.000000,0.188803,0.000000,0.000000,0.000000,0.000000,0.000000,1.145890,0.000000,0.000000,-0.611022,0.000000,0.000000,0.000000,0.000000,0.000000,0.000000,0.000000,0.000000,0.296081,0.000000,0.000000,0.415935,0.000000,0.000000,0.711278,0.000000,0.000000,0.070471,0.000000,0.000000,0.449667,0.000000,0.000000,-0.781798,0.000000,0.000000,0.158229,0.000000,0.000000,0.473446,
0.000000,0.000000,0.000000,0.000000,0.000000,0.000000,0.000000,0.000000,0.000000,0.000000,0.000000,0.000000,0.000000,0.000000,0.000000,0.000000,0.000000,0.000000,0.000000,0.000000,0.000000,0.000000,0.000000,0.000000,0.000000,0.000000,0.000000,0.000000,0.000000,0.000000,0.000000,0.000000,0.000000,0.000000,0.000000,0.000000,0.000000,0.000000,0.000000,0.000000,0.000000,0.000000,0.000000,0.000000,0.000000,0.000000,0.000000,0.000000,0.000000,0.000000,0.000000,0.000000,0.000000,0.000000,0.000000,0.000000,0.000000,0.000000,0.000000,0.000000,0.000000,0.000000,0.000000,0.000000,0.000000,0.000000,0.000000,0.000000,0.000000,0.000000,0.000000,0.000000,0.000000,0.000000,0.000000,0.017779,0.000000,0.000000,-0.614452,0.000000,0.000000,0.000000,0.000000,0.000000,0.000000,0.000000,0.000000,-0.280343,0.000000,0.000000,0.000000,0.000000,0.000000,-0.067063,0.000000,0.000000,0.000000,0.000000,0.000000,-0.525330,0.000000,0.000000,0.346048,0.000000,0.000000,-1.196824,0.000000,0.000000,0.556313,0.000000,0.000000,0.000000,0.000000,0.000000,0.000000,0.000000,0.000000,1.145890,0.000000,0.000000,-0.611022,0.000000,0.000000,0.000000,0.000000,0.000000,0.000000,0.000000,0.000000,0.296081,0.000000,0.000000,0.415935,0.000000,0.000000,0.000000,0.000000,0.000000,0.070471,0.000000,0.000000,0.449667,0.000000,0.000000,-0.781798,0.000000,0.000000,0.158229,0.000000,0.000000,0.473446,
0.000000,0.000000,0.000000,0.000000,0.000000,0.000000,0.000000,0.000000,0.000000,0.000000,0.000000,0.000000,0.000000,0.000000,0.000000,0.000000,0.000000,0.000000,0.000000,0.000000,0.000000,0.000000,0.000000,0.000000,0.000000,0.000000,0.000000,0.000000,0.000000,0.000000,0.000000,0.000000,0.000000,0.000000,0.000000,0.000000,0.000000,0.000000,0.000000,0.000000,0.000000,0.000000,0.000000,0.000000,0.000000,0.000000,0.000000,0.000000,0.000000,0.000000,0.000000,0.000000,0.000000,0.000000,0.000000,0.000000,0.000000,0.000000,0.000000,0.000000,0.000000,0.000000,0.000000,0.000000,0.000000,0.000000,0.000000,0.000000,0.000000,0.000000,0.000000,0.000000,0.000000,0.000000,0.000000,0.017779,0.000000,0.000000,-0.614452,0.000000,0.000000,0.000000,0.000000,0.000000,0.000000,0.000000,0.000000,-0.280343,0.000000,0.000000,0.000000,0.000000,0.000000,-0.067063,0.000000,0.000000,0.000000,0.000000,0.000000,-0.525330,0.000000,0.000000,0.346048,0.000000,0.000000,-1.196824,0.000000,0.000000,0.556313,0.000000,0.000000,0.188803,0.000000,0.000000,0.000000,0.000000,0.000000,1.145890,0.000000,0.000000,-0.611022,0.000000,0.000000,0.000000,0.000000,0.000000,0.000000,0.000000,0.000000,0.296081,0.000000,0.000000,0.415935,0.000000,0.000000,0.711278,0.000000,0.000000,0.070471,0.000000,0.000000,0.449667,0.000000,0.000000,-0.781798,0.000000,0.000000,0.158229,0.000000,0.000000,0.473446,
0.000000,0.000000,0.000000,0.000000,0.000000,0.000000,0.000000,0.000000,0.000000,0.000000,0.000000,0.000000,0.000000,0.000000,0.000000,0.000000,0.000000,0.000000,0.000000,0.000000,0.000000,0.000000,0.000000,0.000000,0.000000,0.000000,0.000000,0.000000,0.000000,0.000000,0.000000,0.000000,0.000000,0.000000,0.000000,0.000000,0.000000,0.000000,0.000000,0.000000,0.000000,0.000000,0.000000,0.000000,0.000000,0.000000,0.000000,0.000000,0.000000,0.000000,0.000000,0.000000,0.000000,0.000000,0.000000,0.000000,0.000000,0.000000,0.000000,0.000000,0.000000,0.000000,0.000000,0.000000,0.000000,0.000000,0.000000,0.000000,0.000000,0.000000,0.000000,0.000000,0.000000,0.000000,0.000000,0.017779,0.000000,0.000000,-0.614452,0.000000,0.000000,0.000000,0.000000,0.000000,0.000000,0.000000,0.000000,-0.280343,0.000000,0.000000,0.000000,0.000000,0.000000,-0.067063,0.000000,0.000000,0.000000,0.000000,0.000000,-0.525330,0.000000,0.000000,0.346048,0.000000,0.000000,-1.196824,0.000000,0.000000,0.556313,0.000000,0.000000,0.188803,0.000000,0.000000,0.000000,0.000000,0.000000,1.145890,0.000000,0.000000,-0.611022,0.000000,0.000000,0.000000,0.000000,0.000000,0.000000,0.000000,0.000000,0.296081,0.000000,0.000000,0.415935,0.000000,0.000000,0.711278,0.000000,0.000000,0.070471,0.000000,0.000000,0.449667,0.000000,0.000000,-0.781798,0.000000,0.000000,0.158229,0.000000,0.000000,0.473446,
0.000000,0.000000,0.000000,0.000000,0.000000,0.000000,0.000000,0.000000,0.000000,0.000000,0.000000,0.000000,0.000000,0.000000,0.000000,0.000000,0.000000,0.000000,0.000000,0.000000,0.000000,0.000000,0.000000,0.000000,0.000000,0.000000,0.000000,0.000000,0.000000,0.000000,0.000000,0.000000,0.000000,0.000000,0.000000,0.000000,0.000000,0.000000,0.000000,0.000000,0.000000,0.000000,0.000000,0.000000,0.000000,0.000000,0.000000,0.000000,0.000000,0.000000,0.000000,0.000000,331.142758,492.865464,-276.656082,332.452497,502.350287,-260.348882,334.168481,502.890261,-260.320480,336.059528,503.433358,-0.000000,324.342998,500.808036,-0.000000,321.183101,502.203394,-269.885983,0.000000,501.514708,-0.000000,335.936531,501.213913,-138.113031,306.327113,499.324346,-185.349448,335.164165,484.423230,-229.582600,324.783770,483.006466,-242.002283,356.179357,457.261321,-37.660233,277.350940,0.000000,-118.099110,387.675086,408.897220,36.807399,243.360703,394.302464,-0.000000,427.143888,372.109345,-65.732755,218.633515,348.166922,-211.960495,440.562102,360.812952,-88.693961,206.660736,331.487156,-240.301866,440.198506,361.071398,-128.254466,211.848177,330.724931,-269.931493,0.000000,363.346036,-85.418877,217.865250,334.458600,-227.540971,345.059224,320.620446,32.140629,297.223293,318.318686,-32.116091,351.628290,247.693402,122.713873,287.879587,238.378786,7.921149,362.014700,165.644949,270.541870,269.708923,152.892529,139.742949,352.027909,151.676079,280.626369,267.828461,143.597108,147.990398,385.831585,0.000000,192.958709,273.539323,118.721722,39.213437,
0.000000,0.000000,0.000000,0.000000,0.000000,0.000000,0.000000,0.000000,0.000000,0.000000,0.000000,0.000000,0.000000,0.000000,0.000000,0.000000,0.000000,0.000000,0.000000,0.000000,0.000000,0.000000,0.000000,0.000000,0.000000,0.000000,0.000000,0.000000,0.000000,0.000000,0.000000,0.000000,0.000000,0.000000,0.000000,0.000000,0.000000,0.000000,0.000000,0.000000,0.000000,0.000000,0.000000,0.000000,0.000000,0.000000,0.000000,0.000000,0.000000,0.000000,0.000000,0.000000,332.582509,492.865464,-271.745028,333.897943,502.350287,-253.920515,335.621387,502.890261,-0.000000,337.520657,503.433358,-253.886621,325.765555,500.808036,-263.291053,321.183101,502.203394,-263.343292,316.744861,501.514708,-263.346448,335.936531,501.213913,-135.430879,0.000000,499.324346,-179.834971,335.164165,484.423230,-225.250853,326.202040,483.006466,-237.548253,356.179357,457.261321,-37.660233,277.350940,449.180518,-105.477831,387.675086,410.825980,33.455175,243.360703,0.000000,-77.285282,427.143888,376.386464,-71.166707,0.000000,346.004394,-155.345417,442.367684,367.413189,-94.527104,209.613033,327.067328,-178.430040,441.987930,365.501722,-133.963056,214.811089,326.285670,-213.434204,436.254478,369.912530,-90.829175,217.865250,0.000000,-0.000000,345.059224,321.996499,27.984513,298.544285,319.708724,-0.000000,353.184167,246.382854,104.516634,287.879587,239.710511,4.168542,360.537089,165.644949,241.872370,269.708923,152.892529,0.000000,352.027909,152.775181,250.245762,267.828461,145.740349,142.547513,385.831585,136.366623,155.057760,273.539323,117.801399,30.791700,
0.000000,0.000000,0.000000,0.000000,0.000000,0.000000,0.000000,0.000000,0.000000,0.000000,0.000000,0.000000,0.000000,0.000000,0.000000,0.000000,0.000000,0.000000,0.000000,0.000000,0.000000,0.000000,0.000000,0.000000,0.000000,0.000000,0.000000,0.000000,0.000000,0.000000,0.000000,0.000000,0.000000,0.000000,0.000000,0.000000,0.000000,0.000000,0.000000,0.000000,0.000000,0.000000,0.000000,0.000000,0.000000,0.000000,0.000000,0.000000,0.000000,0.000000,0.000000,0.000000,334.022260,492.865464,-271.745028,335.343388,502.350287,-252.313423,337.074294,502.890261,-252.285897,338.981785,503.433358,-252.279743,327.188112,500.808036,-263.291053,322.598005,502.203394,-263.343292,318.152616,501.514708,-263.346448,337.403503,501.213913,-132.748728,307.713208,499.324346,-183.970829,338.053511,484.423230,-225.250853,329.038579,483.006466,-237.548253,356.179357,457.261321,-33.262599,278.611626,449.180518,-115.394550,387.675086,412.754741,55.244630,244.602339,392.330951,-83.725722,430.645068,384.940702,-30.412067,220.062492,339.516812,-175.565088,444.173267,376.213505,-50.778535,212.565329,322.647499,-200.527121,445.566780,376.577532,-88.294338,217.774000,321.846409,-0.000000,439.786903,0.000000,-50.251941,222.251799,327.857444,-189.719313,345.059224,321.996499,27.984513,299.865277,319.708724,-27.963148,356.295922,245.072307,101.208045,287.879587,239.710511,0.000000,359.059478,166.749248,257.050340,271.031026,152.892529,146.814973,350.579234,154.973385,270.499500,269.109937,145.740349,155.247578,376.265513,135.432605,183.071505,274.913893,116.881075,47.635175,
0.000000,0.000000,0.000000,0.000000,0.000000,0.000000,0.000000,0.000000,0.000000,0.000000,0.000000,0.000000,0.000000,0.000000,0.000000,0.000000,0.000000,0.000000,0.000000,0.000000,0.000000,0.000000,0.000000,0.000000,0.000000,0.000000,0.000000,0.000000,0.000000,0.000000,0.000000,0.000000,0.000000,0.000000,0.000000,0.000000,0.000000,0.000000,0.000000,0.000000,0.000000,0.000000,0.000000,0.000000,0.000000,0.000000,0.000000,0.000000,0.000000,0.000000,0.000000,0.000000,339.781265,492.865464,-243.915718,338.234280,502.350287,-224.992861,339.980107,502.890261,-224.968316,340.442914,503.433358,-224.962828,331.455783,500.808036,-237.125482,326.842715,502.203394,-237.172530,323.783636,501.514708,-237.175372,337.403503,501.213913,-112.632590,311.871495,497.335006,-170.184635,340.942858,484.423230,-199.260370,333.293388,0.000000,-216.762781,357.721259,457.261321,-31.063782,279.872312,447.347128,-105.477831,389.367990,416.612262,9.989608,247.085612,386.416414,-72.132930,434.146247,395.633499,-133.657155,224.349423,335.191757,-125.015911,449.590014,387.213900,-161.608242,215.517625,318.227670,-140.865003,449.145630,389.868504,-193.903248,222.218368,317.407148,-0.000000,443.319328,389.612014,-150.342452,225.176164,323.456673,-137.963359,345.059224,321.996499,26.599141,301.186270,319.708724,-26.578834,359.407677,245.072307,36.690560,287.879587,238.378786,-19.597970,356.104256,166.749248,235.126605,271.031026,153.969237,153.886997,346.233211,158.270691,250.245762,270.391413,146.811969,166.133349,365.105095,133.564570,163.297096,274.913893,0.000000,57.741259,
0.000000,0.000000,0.000000,0.000000,0.000000,0.000000,0.000000,0.000000,0.000000,0.000000,0.000000,0.000000,0.000000,0.000000,0.000000,0.000000,0.000000,0.000000,0.000000,0.000000,0.000000,0.000000,0.000000,0.000000,0.000000,0.000000,0.000000,0.000000,0.000000,0.000000,0.000000,0.000000,0.000000,0.000000,0.000000,0.000000,0.000000,0.000000,0.000000,0.000000,0.000000,0.000000,0.000000,0.000000,0.000000,0.000000,0.000000,0.000000,0.000000,0.000000,0.000000,0.000000,342.660767,492.865464,-252.100809,341.125171,0.000000,-234.635413,342.885920,502.890261,-234.609815,343.365170,0.000000,-234.604092,335.723454,500.808036,-245.302223,331.087426,502.203394,-245.350894,328.006900,501.514708,-243.718141,338.870475,499.201006,-117.996893,0.000000,497.335006,-178.456351,345.276877,0.000000,-207.923864,337.548197,483.006466,-219.732134,359.263161,457.261321,-29.964373,284.915056,447.347128,-117.197590,0.000000,420.469783,-1.743175,253.293793,384.444902,-81.149546,435.896837,402.049178,-160.826916,230.065332,330.866702,-147.257549,451.395596,398.214295,-193.690525,221.422218,313.807841,-167.381500,450.935055,398.729152,-225.300492,226.662735,312.967888,-200.879251,445.085541,400.556172,-180.099091,231.024896,316.855516,-161.850722,346.533836,321.996499,28.538662,0.000000,319.708724,-28.516874,359.407677,242.451213,69.776450,289.333524,238.378786,-15.845363,353.149034,166.749248,304.270694,271.031026,153.969237,162.727027,343.335862,158.270691,321.133844,270.391413,146.811969,175.204824,361.916404,130.762516,234.155393,0.000000,115.960752,66.162997,
0.000000,0.000000,0.000000,0.000000,0.000000,0.000000,0.000000,0.000000,0.000000,0.000000,0.000000,0.000000,0.000000,0.000000,0.000000,0.000000,0.000000,0.000000,0.000000,0.000000,0.000000,0.000000,0.000000,0.000000,0.000000,0.000000,0.000000,0.000000,0.000000,0.000000,0.000000,0.000000,0.000000,0.000000,0.000000,0.000000,0.000000,0.000000,0.000000,0.000000,0.000000,0.000000,0.000000,0.000000,0.000000,0.000000,0.000000,0.000000,0.000000,0.000000,0.000000,0.000000,345.540269,492.865464,-281.567137,345.461508,502.350287,-261.955974,0.000000,0.000000,-261.927396,347.748555,501.411537,-261.921007,338.568568,500.808036,-276.373838,333.917233,500.194581,-276.428673,0.000000,501.514708,-276.431986,341.804418,0.000000,-135.430879,318.801973,0.000000,-210.164597,348.166223,482.477755,-232.470431,340.384737,483.006466,-253.879696,360.805063,457.261321,-29.964373,288.697115,445.513739,-155.962947,392.753799,422.398543,77.034085,258.260338,380.501877,-153.282476,437.647426,406.326296,21.210478,240.068173,322.216592,-222.070331,453.201178,402.614453,0.000000,231.755254,304.968184,-244.721282,452.724479,405.374637,-28.354146,237.032925,304.089366,-278.301462,446.851753,404.933835,3.851039,241.260176,308.053974,-0.000000,349.483060,320.620446,37.405042,306.470240,0.000000,-37.376485,0.000000,238.519572,119.405284,293.695336,238.378786,-4.587542,350.193812,166.749248,353.177489,272.353128,153.969237,189.247118,341.887187,158.270691,370.080376,0.000000,146.811969,202.419250,361.916404,129.828498,291.830750,276.288462,115.960752,99.849946,
0.000000,0.000000,0.000000,0.000000,0.000000,0.000000,0.000000,0.000000,0.000000,0.000000,0.000000,0.000000,0.000000,0.000000,0.000000,0.000000,0.000000,0.000000,0.000000,0.000000,0.000000,0.000000,0.000000,0.000000,0.000000,0.000000,0.000000,0.000000,0.000000,0.000000,0.000000,0.000000,0.000000,0.000000,0.000000,0.000000,0.000000,0.000000,0.000000,0.000000,0.000000,0.000000,0.000000,0.000000,0.000000,0.000000,0.000000,0.000000,0.000000,0.000000,0.000000,0.000000,348.419771,490.886084,-288.115210,346.906953,500.332816,-266.777250,348.697545,0.000000,-266.748146,350.670812,0.000000,-266.741639,341.413682,500.808036,-281.279882,336.747040,500.194581,-281.335691,333.637920,499.508649,-281.339062,346.205334,499.201006,-139.454107,322.960259,497.335006,-210.164597,351.055569,482.477755,-238.246094,343.221276,481.066681,-258.333726,363.888867,457.261321,-22.268513,293.739859,445.513739,-163.175107,394.446703,424.327304,127.317443,264.468519,378.530365,-175.179972,439.398016,410.603415,124.455567,248.642036,315.729010,-252.399837,453.201178,409.214690,121.299167,240.612143,298.338441,-277.866903,452.724479,409.804961,85.817649,247.403116,297.430475,-309.688845,448.617966,411.500330,109.351848,251.495456,303.653203,-265.362629,352.432284,320.620446,44.886050,310.433217,318.318686,-0.000000,357.851799,237.209025,124.368168,298.057148,237.047061,-3.336673,348.716201,164.540649,341.372400,274.997333,153.969237,191.015124,338.989838,157.171589,0.000000,270.391413,147.883589,206.047841,360.322059,128.894480,280.295679,277.663031,115.040428,103.218641,
0.000000,0.000000,0.000000,0.000000,0.000000,0.000000,0.000000,0.000000,0.000000,0.000000,0.000000,0.000000,0.000000,0.000000,0.000000,0.000000,0.000000,0.000000,0.000000,0.000000,0.000000,0.000000,0.000000,0.000000,0.000000,0.000000,0.000000,0.000000,0.000000,0.000000,0.000000,0.000000,0.000000,0.000000,0.000000,0.000000,0.000000,0.000000,0.000000,0.000000,0.000000,0.000000,0.000000,0.000000,0.000000,0.000000,0.000000,0.000000,0.000000,0.000000,0.000000,0.000000,351.299274,490.886084,-286.478192,0.000000,500.332816,-265.170158,351.603358,500.870622,-265.141229,353.593069,501.411537,-265.134762,342.836239,0.000000,-279.644534,339.576847,500.194581,-279.700019,0.000000,499.508649,-279.703370,349.139277,499.201006,-139.454107,325.732450,497.335006,-207.407358,353.944916,482.477755,-238.246094,346.057816,483.006466,-256.849049,366.972671,457.261321,-13.473245,298.782603,445.513739,-167.682706,396.139608,424.327304,0.000000,269.435064,378.530365,-188.060853,439.398016,410.603415,189.662991,258.644877,315.729010,-264.531639,453.201178,409.214690,194.213448,252.421328,296.128526,-286.705735,454.513904,412.020123,160.029316,259.254762,297.430475,-318.058814,448.617966,411.500330,176.980572,264.655102,301.452818,-275.315697,355.381508,0.000000,50.150464,0.000000,318.318686,-50.389040,357.851799,237.209025,119.405284,305.326834,235.715336,-4.587542,348.716201,163.436350,324.507988,277.641539,153.969237,0.000000,337.541164,156.072487,339.699770,270.391413,147.883589,204.233546,360.322059,127.960462,263.817005,279.037601,114.120105,103.218641,
0.000000,0.000000,0.000000,0.000000,0.000000,0.000000,0.000000,0.000000,0.000000,0.000000,0.000000,0.000000,0.000000,0.000000,0.000000,0.000000,0.000000,0.000000,0.000000,0.000000,0.000000,0.000000,0.000000,0.000000,0.000000,0.000000,0.000000,0.000000,0.000000,0.000000,0.000000,0.000000,0.000000,0.000000,0.000000,0.000000,0.000000,0.000000,0.000000,0.000000,0.000000,0.000000,0.000000,0.000000,0.000000,0.000000,0.000000,0.000000,0.000000,0.000000,0.000000,0.000000,354.178776,492.865464,-263.559937,354.134182,502.350287,-242.670872,355.962078,502.890261,-242.644398,356.515326,501.411537,-242.638479,347.103910,500.808036,-256.749660,342.406654,500.194581,-256.800602,339.268940,499.508649,-256.803679,352.073221,499.201006,-120.679045,328.504641,497.335006,-186.728068,356.834262,484.423230,-218.031274,348.894355,483.006466,-237.548253,371.598377,457.261321,0.819066,301.303976,0.000000,-155.061427,397.832512,422.398543,139.050227,274.401609,378.530365,-168.739532,441.148606,410.603415,0.000000,271.505672,317.891537,-238.246067,453.201178,407.014611,121.299167,0.000000,300.548355,-262.398946,452.724479,409.804961,91.526239,275.550776,299.650105,-297.133892,448.617966,409.311498,112.056997,0.000000,305.853589,-251.428334,356.856120,320.620446,54.029505,317.038179,319.708724,-0.000000,357.851799,235.898478,106.170928,0.000000,0.000000,-8.340149,348.716201,163.436350,287.406282,280.285744,156.122653,180.407088,337.541164,156.072487,0.000000,272.954365,151.098450,195.162070,361.916404,127.026444,229.211791,281.786740,115.040428,96.481251,
0.000000,0.000000,0.000000,0.000000,0.000000,0.000000,0.000000,0.000000,0.000000,0.000000,0.000000,0.000000,0.000000,0.000000,0.000000,0.000000,0.000000,0.000000,0.000000,0.000000,0.000000,0.000000,0.000000,0.000000,0.000000,0.000000,0.000000,0.000000,0.000000,0.000000,0.000000,0.000000,0.000000,0.000000,0.000000,0.000000,0.000000,0.000000,0.000000,0.000000,0.000000,0.000000,0.000000,0.000000,0.000000,0.000000,0.000000,0.000000,0.000000,0.000000,0.000000,0.000000,357.058278,492.865464,-188.257098,355.579627,502.350287,-170.351738,357.414984,502.890261,-170.333153,359.437583,503.433358,-170.328999,0.000000,500.808036,-184.794341,345.236461,500.194581,-184.831006,340.676695,501.514708,-184.833221,355.007164,0.000000,-61.671709,329.890737,0.000000,-127.447435,359.723608,484.423230,-0.000000,350.312625,483.006466,-166.283777,373.140279,457.261321,32.701914,302.564662,447.347128,-113.591511,401.218320,422.398543,63.625190,279.368154,378.530365,-128.808803,439.398016,406.326296,-92.902515,282.937489,320.054064,-167.477220,453.201178,404.814532,-120.776245,281.944290,302.758270,-185.059164,452.724479,407.589799,-145.380236,290.365334,301.869735,-207.156727,0.000000,407.122667,-107.060069,292.436577,305.853589,-173.794404,359.805344,321.996499,56.800249,319.680164,322.488800,-57.033748,359.407677,237.209025,64.813566,319.866207,238.378786,-47.117089,348.716201,162.332050,216.575752,285.574154,166.889733,143.278961,337.541164,154.973385,226.616402,278.080268,163.957892,158.876169,361.916404,126.092426,158.353494,285.910448,122.403016,91.428209,
0.000000,0.000000,0.000000,0.000000,0.000000,0.000000,0.000000,0.000000,0.000000,0.000000,0.000000,0.000000,0.000000,0.000000,0.000000,0.000000,0.000000,0.000000,0.000000,0.000000,0.000000,0.000000,0.000000,0.000000,0.000000,0.000000,0.000000,0.000000,0.000000,0.000000,0.000000,0.000000,0.000000,0.000000,0.000000,0.000000,0.000000,0.000000,0.000000,0.000000,0.000000,0.000000,0.000000,0.000000,0.000000,0.000000,0.000000,0.000000,0.000000,0.000000,0.000000,0.000000,358.498029,494.844843,-181.709025,357.025073,502.350287,-162.316279,358.867890,502.890261,-162.298571,360.898711,503.433358,-162.294612,0.000000,502.819314,-176.617601,346.651365,502.203394,-176.652643,342.084450,501.514708,-176.654760,0.000000,501.213913,-54.966330,331.276832,497.335006,-117.797099,361.168281,484.423230,-141.503741,351.730895,484.946251,-158.860395,374.682181,457.261321,34.900731,305.086034,447.347128,-0.000000,399.525416,422.398543,31.779063,281.851426,382.473390,-136.537331,439.398016,404.187737,-144.525059,294.369307,330.866702,-203.872627,0.000000,402.614453,-176.191098,295.229624,311.597927,-229.253326,452.724479,405.374637,-202.466133,303.698436,317.407148,-230.174142,446.851753,404.933835,-158.457899,304.134040,323.456673,-205.644221,359.805344,326.124660,56.800249,0.000000,326.658913,-56.756885,359.407677,238.519572,46.616327,327.135894,246.369137,-77.137945,347.238590,162.332050,157.550310,290.862564,0.000000,95.542798,336.092489,153.874283,162.479567,0.000000,181.103816,109.890202,361.916404,126.092426,94.086668,290.034157,138.048514,47.635175,
0.000000,0.000000,0.000000,0.000000,0.000000,0.000000,0.000000,0.000000,0.000000,0.000000,0.000000,0.000000,0.000000,0.000000,0.000000,0.000000,0.000000,0.000000,0.000000,0.000000,0.000000,0.000000,0.000000,0.000000,0.000000,0.000000,0.000000,0.000000,0.000000,0.000000,0.000000,0.000000,0.000000,0.000000,0.000000,0.000000,0.000000,0.000000,0.000000,0.000000,0.000000,0.000000,0.000000,0.000000,0.000000,0.000000,0.000000,0.000000,0.000000,0.000000,0.000000,0.000000,358.498029,494.844843,-212.812371,358.470519,504.367758,-194.458116,0.000000,502.890261,-194.436901,362.359839,503.433358,-194.432159,351.371581,502.819314,-207.689215,348.066268,502.203394,-207.730423,343.492205,503.520767,-207.732912,357.941108,501.213913,-80.446770,332.662928,499.324346,-139.855009,361.168281,486.368705,-0.000000,0.000000,484.946251,-0.000000,374.682181,457.261321,20.608420,307.607406,449.180518,-114.493031,399.525416,0.000000,48.540183,285.576335,392.330951,-181.620412,0.000000,395.633499,-73.883683,302.943171,352.491976,-0.000000,449.590014,389.413979,-97.443675,307.038808,338.116900,-346.367853,449.145630,389.868504,-125.400172,317.031538,346.262344,-357.816166,445.085541,391.800846,-0.000000,317.293686,349.861299,-321.099809,361.279956,328.876766,0.000000,322.322148,333.609103,-55.926297,359.407677,247.693402,49.924916,332.951643,262.349837,-168.451385,347.238590,162.332050,167.668957,294.828872,201.344387,12.446513,337.541164,153.874283,174.294247,283.206172,200.392980,28.246923,360.322059,126.092426,103.973872,296.907004,156.454983,-29.844808,
0.000000,0.000000,0.000000,0.000000,0.000000,0.000000,0.000000,0.000000,0.000000,0.000000,0.000000,0.000000,0.000000,0.000000,0.000000,0.000000,0.000000,0.000000,0.000000,0.000000,0.000000,0.000000,0.000000,0.000000,0.000000,0.000000,0.000000,0.000000,0.000000,0.000000,0.000000,0.000000,0.000000,0.000000,0.000000,0.000000,0.000000,0.000000,0.000000,0.000000,0.000000,0.000000,0.000000,0.000000,0.000000,0.000000,0.000000,0.000000,0.000000,0.000000,0.000000,0.000000,359.937780,496.824223,-224.271499,359.915964,504.367758,-204.100667,0.000000,504.909901,-0.000000,362.359839,505.455178,-204.073423,352.794138,504.830591,-217.501304,349.481172,504.212208,-217.544459,344.899960,503.520767,-217.547066,359.408079,501.213913,-88.493225,334.049024,499.324346,-146.748106,362.612954,486.368705,-180.489465,354.567434,0.000000,-197.461986,376.224083,457.261321,0.000000,307.607406,451.013908,-116.296070,399.525416,416.612262,26.750728,284.334699,0.000000,-188.060853,432.395657,382.802142,-114.638323,0.000000,369.792196,-339.344421,444.173267,374.013426,-141.192243,323.276438,360.216043,-375.094057,0.000000,376.577532,-168.214595,328.883184,370.678278,-385.018564,439.786903,378.667857,-128.701261,326.066784,371.865154,-344.987172,359.805344,333.004927,55.137802,321.001156,337.779217,-55.372571,359.407677,254.246137,30.073382,341.675267,278.330538,-205.977456,347.238590,0.000000,149.118104,0.000000,218.571714,-29.985632,337.541164,153.874283,154.040509,288.332075,217.538903,-13.481863,360.322059,126.092426,79.255861,305.154421,172.100481,-78.690884,
0.000000,0.000000,0.000000,0.000000,0.000000,0.000000,0.000000,0.000000,0.000000,0.000000,0.000000,0.000000,0.000000,0.000000,0.000000,0.000000,0.000000,0.000000,0.000000,0.000000,0.000000,0.000000,0.000000,0.000000,0.000000,0.000000,0.000000,0.000000,0.000000,0.000000,0.000000,0.000000,0.000000,0.000000,0.000000,0.000000,0.000000,0.000000,0.000000,0.000000,0.000000,0.000000,0.000000,0.000000,0.000000,0.000000,0.000000,0.000000,0.000000,0.000000,0.000000,0.000000,359.937780,498.803602,-222.634481,359.915964,506.385229,-0.000000,0.000000,506.929541,-204.078401,362.359839,507.476999,-204.073423,352.794138,506.841868,-215.865956,349.481172,506.221021,-215.908786,0.000000,505.526826,-215.911374,359.408079,503.226821,-0.000000,334.049024,501.313686,-143.990867,362.612954,488.314180,-179.045549,354.567434,488.825821,-194.492633,376.224083,459.112581,14.011968,307.607406,0.000000,-0.000000,399.525416,412.754741,40.159623,285.576335,402.188513,-211.246437,428.894478,374.247905,-101.053443,318.661920,391.417471,-379.783762,438.756519,363.013031,-112.026531,327.704882,386.735016,-417.078511,438.409081,0.000000,-125.400172,331.846096,397.313843,-422.683424,432.722053,367.723699,-117.880665,330.453332,398.269781,-384.799444,359.805344,335.757033,0.000000,319.680164,340.559293,-53.434531,357.851799,252.935590,11.876143,348.944953,287.652614,-234.747443,347.238590,0.000000,122.135044,308.049898,0.000000,-52.969710,337.541164,152.775181,127.035526,296.020931,232.541586,-35.253404,360.322059,127.026444,51.242116,310.652699,186.825656,-95.534359,
0.000000,0.000000,0.000000,0.000000,0.000000,0.000000,0.000000,0.000000,0.000000,0.000000,0.000000,0.000000,0.000000,0.000000,0.000000,0.000000,0.000000,0.000000,0.000000,0.000000,0.000000,0.000000,0.000000,0.000000,0.000000,0.000000,0.000000,0.000000,0.000000,0.000000,0.000000,0.000000,0.000000,0.000000,0.000000,0.000000,0.000000,0.000000,0.000000,0.000000,0.000000,0.000000,0.000000,0.000000,0.000000,0.000000,0.000000,0.000000,0.000000,0.000000,0.000000,0.000000,0.000000,0.000000,-225.908517,358.470519,0.000000,-207.314851,360.320797,508.949180,-207.292234,362.359839,509.498820,-0.000000,351.371581,508.853145,-219.136652,348.066268,508.229835,-219.180132,343.492205,507.532884,-219.182758,359.408079,505.239728,-93.857529,332.662928,503.303026,-143.990867,361.168281,490.259655,-181.933381,353.149165,490.765606,-195.977309,377.765985,459.112581,0.000000,307.607406,456.514078,-121.705190,399.525416,410.825980,53.568518,285.576335,412.046074,-251.177166,421.892119,0.000000,-16.827186,322.948852,413.042745,-430.332939,429.728607,354.212715,-21.612823,335.085623,417.673817,-0.000000,429.461957,354.425912,-45.479915,337.771919,426.169038,-468.718252,423.890991,356.779541,-25.905600,0.000000,424.674407,-432.574170,359.805344,338.509140,52.921207,318.359171,343.339369,-52.880805,357.851799,254.246137,13.530437,353.306765,304.965039,-234.747443,347.238590,162.332050,122.135044,313.338308,246.566121,-60.041735,337.541164,152.775181,127.035526,298.583882,243.257788,-42.510585,360.322059,127.026444,41.354912,313.401838,201.550831,-112.377834,
0.000000,0.000000,0.000000,0.000000,0.000000,0.000000,0.000000,0.000000,0.000000,0.000000,0.000000,0.000000,0.000000,0.000000,0.000000,0.000000,0.000000,0.000000,0.000000,0.000000,0.000000,0.000000,0.000000,0.000000,0.000000,0.000000,0.000000,0.000000,0.000000,0.000000,0.000000,0.000000,0.000000,0.000000,0.000000,0.000000,0.000000,0.000000,0.000000,0.000000,0.000000,0.000000,0.000000,0.000000,0.000000,0.000000,0.000000,0.000000,0.000000,0.000000,0.000000,0.000000,358.498029,500.782981,-247.189754,358.470519,510.420171,-231.421229,0.000000,508.949180,-231.395982,360.898711,509.498820,-231.390338,351.371581,508.853145,-242.031527,348.066268,508.229835,-242.079548,343.492205,507.532884,-242.082449,0.000000,507.252635,-119.337969,332.662928,503.303026,-166.048777,361.168281,490.259655,-203.592117,0.000000,490.765606,-216.762781,377.765985,460.963842,-16.771471,306.346720,462.014247,-146.947748,397.832512,408.897220,23.398504,285.576335,417.960611,-289.819807,413.139171,361.416548,-0.000000,0.000000,0.000000,-468.750314,418.895113,345.412399,-39.112250,345.418660,450.822533,-507.676541,416.935983,345.565265,-62.605684,345.179198,457.243864,-502.198127,413.293716,350.213047,-28.610749,342.150795,455.479805,-468.405214,359.805344,342.637301,0.000000,317.038179,346.119444,-0.000000,357.851799,255.556684,3.604670,353.306765,318.282290,-229.743967,347.238590,163.436350,110.329956,317.304616,0.000000,-60.041735,0.000000,152.775181,115.220846,306.272738,255.045610,-42.510585,360.322059,127.026444,18.284769,318.900115,211.674388,-119.115223,
0.000000,0.000000,0.000000,0.000000,0.000000,0.000000,0.000000,0.000000,0.000000,0.000000,0.000000,0.000000,0.000000,0.000000,0.000000,0.000000,0.000000,0.000000,0.000000,0.000000,0.000000,0.000000,0.000000,0.000000,0.000000,0.000000,0.000000,0.000000,0.000000,0.000000,0.000000,0.000000,0.000000,0.000000,0.000000,0.000000,0.000000,0.000000,0.000000,0.000000,0.000000,0.000000,0.000000,0.000000,0.000000,0.000000,0.000000,0.000000,0.000000,0.000000,0.000000,0.000000,357.058278,500.782981,-252.100809,358.470519,0.000000,-236.242504,360.320797,0.000000,-236.216732,360.898711,511.520641,-236.210970,349.949024,508.853145,-245.302223,0.000000,508.229835,-245.350894,343.492205,507.532884,-245.353834,359.408079,507.252635,-0.000000,332.662928,503.303026,-166.048777,359.723608,492.205129,-206.479948,351.730895,490.765606,-219.732134,379.307887,460.963842,-24.467331,306.346720,463.847637,-148.750788,394.446703,406.968459,-5.095399,0.000000,425.846661,-302.700687,402.635632,359.277988,-65.732755,338.667601,458.455822,-474.816215,408.061619,341.012241,-71.194534,345.418660,472.921677,-514.305665,0.000000,341.134941,-91.148633,345.179198,479.440168,-506.383111,402.696442,345.835384,-71.893132,342.150795,473.082889,-476.367669,0.000000,342.637301,45.717273,314.396194,347.509482,-45.682371,357.851799,255.556684,-26.172630,354.760703,0.000000,-0.000000,347.238590,163.436350,78.287573,321.270923,264.870156,-84.793819,337.541164,152.775181,83.152428,308.835690,257.188851,-67.910716,0.000000,127.026444,-0.000000,329.896671,219.036976,-141.011740,
0.000000,0.000000,0.000000,0.000000,0.000000,0.000000,0.000000,0.000000,0.000000,0.000000,0.000000,0.000000,0.000000,0.000000,0.000000,0.000000,0.000000,0.000000,0.000000,0.000000,0.000000,0.000000,0.000000,0.000000,0.000000,0.000000,0.000000,0.000000,0.000000,0.000000,0.000000,0.000000,0.000000,0.000000,0.000000,0.000000,0.000000,0.000000,0.000000,0.000000,0.000000,0.000000,0.000000,0.000000,0.000000,0.000000,0.000000,0.000000,0.000000,0.000000,0.000000,0.000000,355.618527,500.782981,-255.374845,357.025073,510.420171,-237.849596,358.867890,510.968820,-239.430565,0.000000,511.520641,-239.424724,348.526467,508.853145,-0.000000,345.236461,508.229835,-246.986566,342.084450,507.532884,-246.989526,357.941108,509.265542,-120.679045,332.662928,503.303026,-166.048777,359.723608,492.205129,-209.367780,348.894355,490.765606,-221.216811,379.307887,460.963842,-22.268513,0.000000,463.847637,-147.849268,392.753799,405.039699,-0.067063,293.026152,433.732710,-307.853039,397.383863,355.000870,-63.015779,340.096578,460.618350,-490.991951,400.839289,341.012241,-68.277962,346.894808,472.921677,-529.773622,399.041735,338.919779,-91.148633,345.179198,475.000907,-523.123049,395.631592,343.646552,-71.893132,343.612978,473.082889,-492.292577,356.856120,342.637301,44.886050,313.075202,348.899520,-44.851782,357.851799,254.246137,-16.246863,354.760703,331.599541,-264.768300,347.238590,163.436350,0.000000,321.270923,271.330404,-90.097837,337.541164,152.775181,86.528051,310.117165,268.976673,-0.000000,360.322059,127.026444,-8.081108,331.271241,226.399563,-142.696088,
0.000000,0.000000,0.000000,0.000000,0.000000,0.000000,0.000000,0.000000,0.000000,0.000000,0.000000,0.000000,0.000000,0.000000,0.000000,0.000000,0.000000,0.000000,0.000000,0.000000,0.000000,0.000000,0.000000,0.000000,0.000000,0.000000,0.000000,0.000000,0.000000,0.000000,0.000000,0.000000,0.000000,0.000000,0.000000,0.000000,0.000000,0.000000,0.000000,0.000000,0.000000,0.000000,0.000000,0.000000,0.000000,0.000000,0.000000,0.000000,0.000000,0.000000,0.000000,0.000000,355.618527,504.741740,-235.730626,357.025073,514.455113,-216.957402,358.867890,515.008099,-216.933733,359.437583,515.564282,-0.000000,348.526467,512.875700,-227.313393,345.236461,512.247462,-227.358495,342.084450,511.545002,-227.361219,356.474136,0.000000,-108.609363,332.662928,507.281706,-156.398441,359.723608,496.096079,-192.040791,350.312625,494.645176,-206.370045,379.307887,460.963842,-18.970288,306.346720,465.681027,-152.356867,385.982182,403.110938,-16.828183,290.542880,449.504808,-327.174360,388.630915,348.585191,-84.751587,332.951692,482.243624,-505.145721,391.811377,334.412004,-94.527104,339.514067,497.230735,-547.451286,390.094611,334.489455,-113.982992,0.000000,501.636472,-533.585510,388.566742,339.268889,-0.000000,340.688613,495.086744,-504.236259,0.000000,345.389407,44.608976,0.000000,350.289558,-44.574920,356.295922,254.246137,-31.135514,356.214640,334.262991,-276.026121,347.238590,163.436350,54.677396,323.915128,270.253696,-116.617928,337.541164,152.775181,57.835256,0.000000,264.690192,-100.568027,360.322059,127.026444,-41.038455,336.769518,227.319887,-178.067384,
0.000000,0.000000,0.000000,0.000000,0.000000,0.000000,0.000000,0.000000,0.000000,0.000000,0.000000,0.000000,0.000000,0.000000,0.000000,0.000000,0.000000,0.000000,0.000000,0.000000,0.000000,0.000000,0.000000,0.000000,0.000000,0.000000,0.000000,0.000000,0.000000,0.000000,0.000000,0.000000,0.000000,0.000000,0.000000,0.000000,0.000000,0.000000,0.000000,0.000000,0.000000,0.000000,0.000000,0.000000,0.000000,0.000000,0.000000,0.000000,0.000000,0.000000,0.000000,0.000000,354.178776,502.762361,-166.975860,355.579627,0.000000,-149.459544,358.867890,510.968820,-149.443238,359.437583,0.000000,-151.046470,348.526467,510.864423,-0.000000,345.236461,510.238648,-157.024572,342.084450,511.545002,-157.026453,357.941108,0.000000,-52.284178,332.662928,505.292366,-80.574376,358.278935,494.150604,-129.952415,348.894355,492.705391,-138.074922,379.307887,460.963842,7.415517,307.607406,465.681027,-95.561112,379.210565,401.182178,-8.447623,295.509425,461.333882,-302.700687,383.379146,346.446632,-0.000000,337.238624,514.681536,-432.354906,386.394630,334.412004,-85.777390,345.418660,0.000000,-472.321212,388.305186,334.489455,-105.420107,346.660654,528.272037,-433.145885,381.501892,339.268889,-88.124026,0.000000,523.691756,-0.000000,355.381508,345.389407,37.682116,313.075202,350.289558,-37.653348,354.740045,254.246137,-0.000000,357.668577,331.599541,-282.280467,347.238590,163.436350,36.126543,326.559333,267.023572,-0.000000,337.541164,152.775181,37.581519,313.961593,259.332091,-149.553994,0.000000,127.026444,-55.869261,339.518657,222.718269,-226.913460,
0.000000,0.000000,0.000000,0.000000,0.000000,0.000000,0.000000,0.000000,0.000000,0.000000,0.000000,0.000000,0.000000,0.000000,0.000000,0.000000,0.000000,0.000000,0.000000,0.000000,0.000000,0.000000,0.000000,0.000000,0.000000,0.000000,0.000000,0.000000,0.000000,0.000000,0.000000,0.000000,0.000000,0.000000,0.000000,0.000000,0.000000,0.000000,0.000000,0.000000,0.000000,0.000000,0.000000,0.000000,0.000000,0.000000,0.000000,0.000000,0.000000,0.000000,0.000000,0.000000,352.739025,502.762361,-137.509532,354.134182,510.420171,-118.924798,355.962078,508.949180,-118.911824,357.976454,509.498820,-118.908924,347.103910,508.853145,-124.286460,343.821558,508.229835,-124.311119,342.084450,509.538943,-124.312609,357.941108,0.000000,-22.780510,332.662928,503.303026,-43.351653,356.834262,494.150604,-102.518016,347.476086,492.705391,-108.381391,379.307887,459.112581,33.801322,311.389464,465.681027,-71.220074,377.517660,403.110938,-6.771511,297.992697,471.191444,-257.617606,383.379146,348.585191,-43.996947,335.809647,0.000000,-375.739828,382.783465,338.812162,-47.861964,0.000000,541.429022,-410.449386,384.726336,336.704617,-59.751390,346.660654,0.000000,-389.203548,379.735679,341.457720,-50.251941,343.612978,536.894069,-372.855762,356.856120,344.013354,36.296744,315.717186,348.899520,-36.269034,353.184167,254.246137,-24.518336,357.668577,327.604365,-299.792633,347.238590,163.436350,59.736720,326.559333,260.563325,-187.338170,337.541164,153.874283,62.898690,0.000000,255.045610,-178.582715,361.916404,127.026444,-27.855516,338.144088,218.116652,-258.916062,
0.000000,0.000000,0.000000,0.000000,0.000000,0.000000,0.000000,0.000000,0.000000,0.000000,0.000000,0.000000,0.000000,0.000000,0.000000,0.000000,0.000000,0.000000,0.000000,0.000000,0.000000,0.000000,0.000000,0.000000,0.000000,0.000000,0.000000,0.000000,0.000000,0.000000,0.000000,0.000000,0.000000,0.000000,0.000000,0.000000,0.000000,0.000000,0.000000,0.000000,0.000000,0.000000,0.000000,0.000000,0.000000,0.000000,0.000000,0.000000,0.000000,0.000000,0.000000,0.000000,351.299274,0.000000,-130.961459,354.134182,508.402700,-109.282247,355.962078,508.949180,-109.270325,357.976454,507.476999,-109.267659,347.103910,508.853145,-117.745067,343.821558,508.229835,-117.768429,340.676695,507.532884,-117.769840,0.000000,503.226821,-6.687600,332.662928,0.000000,-40.594414,355.389589,492.205129,-92.410606,347.476086,492.705391,-102.442684,0.000000,459.112581,48.093633,310.128778,465.681027,-77.530714,370.746043,403.110938,3.285161,302.959242,477.105981,-257.617606,0.000000,352.862310,-46.713923,337.238624,534.144283,-377.761795,377.366718,338.812162,-53.695106,345.418660,548.058765,-412.659094,375.779212,338.919779,-68.314274,345.179198,550.468341,-397.573517,370.904617,343.646552,-55.662239,343.612978,545.695611,-0.000000,356.856120,344.013354,37.405042,317.038179,348.899520,-37.376485,353.184167,254.246137,-39.406986,357.668577,322.277465,-287.283943,347.238590,164.540649,41.185867,325.237231,255.179785,-187.338170,337.541164,0.000000,42.644953,312.680117,249.687509,-178.582715,361.916404,127.960462,-54.221394,334.020379,212.594712,-269.022147,
0.000000,0.000000,0.000000,0.000000,0.000000,0.000000,0.000000,0.000000,0.000000,0.000000,0.000000,0.000000,0.000000,0.000000,0.000000,0.000000,0.000000,0.000000,0.000000,0.000000,0.000000,0.000000,0.000000,0.000000,0.000000,0.000000,0.000000,0.000000,0.000000,0.000000,0.000000,0.000000,0.000000,0.000000,0.000000,0.000000,0.000000,0.000000,0.000000,0.000000,0.000000,0.000000,0.000000,0.000000,0.000000,0.000000,0.000000,0.000000,0.000000,0.000000,0.000000,0.000000,351.299274,502.762361,-148.968660,352.688736,508.402700,-126.960257,354.509171,508.949180,-126.946407,356.515326,507.476999,-126.943310,345.681353,508.853145,-134.098549,342.406654,508.229835,-0.000000,340.676695,507.532884,-134.126762,357.941108,503.226821,-14.734055,332.662928,501.313686,-47.487511,355.389589,492.205129,-108.293679,346.057816,492.705391,-0.000000,377.765985,459.112581,48.093633,310.128778,463.847637,-78.432234,0.000000,403.110938,6.637384,305.442515,483.020518,-248.600990,371.125018,355.000870,-52.147875,338.667601,540.631866,-359.564092,373.755554,341.012241,-62.444820,343.942511,554.688508,-394.981430,368.621513,341.134941,-74.022864,345.179198,554.907602,-382.926072,365.605980,345.835384,-58.367388,343.612978,550.096382,-358.921467,358.330732,344.013354,37.959191,318.359171,347.509482,-37.930211,356.295922,254.246137,-36.098397,357.668577,311.623665,-271.022645,347.238590,164.540649,34.440102,322.593026,244.412705,-180.266146,337.541164,153.874283,35.893707,311.398641,241.114548,-174.954125,361.916404,127.960462,-60.812864,334.020379,199.710184,-262.284757,
0.000000,0.000000,0.000000,0.000000,0.000000,0.000000,0.000000,0.000000,0.000000,0.000000,0.000000,0.000000,0.000000,0.000000,0.000000,0.000000,0.000000,0.000000,0.000000,0.000000,0.000000,0.000000,0.000000,0.000000,0.000000,0.000000,0.000000,0.000000,0.000000,0.000000,0.000000,0.000000,0.000000,0.000000,0.000000,0.000000,0.000000,0.000000,0.000000,0.000000,0.000000,0.000000,0.000000,0.000000,0.000000,0.000000,0.000000,0.000000,0.000000,0.000000,0.000000,0.000000,349.859523,502.762361,-158.790769,351.243290,508.402700,-134.995717,354.509171,506.929541,-134.980989,356.515326,507.476999,-134.977697,345.681353,508.853145,-0.000000,342.406654,0.000000,-143.939191,339.268940,507.532884,-143.940916,356.474136,503.226821,-18.757283,331.276832,501.313686,-55.759227,353.944916,492.205129,-115.513258,344.639546,492.705391,-126.197510,376.224083,0.000000,53.590676,310.128778,463.847637,-87.447433,367.360234,405.039699,4.961272,305.442515,483.020518,-265.346134,0.000000,357.139429,-101.053443,338.667601,538.469338,-381.805729,0.000000,343.212320,-117.859673,343.942511,552.478594,-419.288219,368.621513,345.565265,-128.254466,345.179198,554.907602,-401.758502,0.000000,350.213047,-107.060069,343.612978,550.096382,-378.827603,356.856120,342.637301,45.440199,318.359171,346.119444,-45.405508,0.000000,256.867231,-37.752692,356.214640,294.311239,-235.998312,347.238590,164.540649,36.126543,322.593026,230.415502,-0.000000,337.541164,153.874283,37.581519,310.117165,227.183485,-0.000000,0.000000,128.894480,-50.925659,329.896671,182.224039,-191.542164,
0.000000,0.000000,0.000000,0.000000,0.000000,0.000000,0.000000,0.000000,0.000000,0.000000,0.000000,0.000000,0.000000,0.000000,0.000000,0.000000,0.000000,0.000000,0.000000,0.000000,0.000000,0.000000,0.000000,0.000000,0.000000,0.000000,0.000000,0.000000,0.000000,0.000000,0.000000,0.000000,0.000000,0.000000,0.000000,0.000000,0.000000,0.000000,0.000000,0.000000,0.000000,0.000000,0.000000,0.000000,0.000000,0.000000,0.000000,0.000000,0.000000,0.000000,0.000000,0.000000,349.859523,500.782981,-0.000000,351.243290,0.000000,-139.816992,353.056265,506.929541,-139.801739,0.000000,507.476999,-139.798329,344.258796,508.853145,-150.452030,342.406654,0.000000,-150.481881,339.268940,507.532884,-150.483685,355.007164,503.226821,-25.462662,331.276832,501.313686,-0.000000,353.944916,492.205129,-121.288921,344.639546,490.765606,-133.620893,374.682181,459.112581,50.292450,310.128778,462.014247,-95.561112,365.667330,403.110938,18.370168,309.167424,473.162956,-285.955543,369.374428,352.862310,-71.166707,340.096578,534.144283,-406.069334,366.533224,341.012241,-85.777390,345.418660,548.058765,-443.595007,366.832088,341.134941,-96.857223,345.179198,548.248711,-428.960900,363.839767,0.000000,-77.303430,0.000000,543.495226,-404.705580,356.856120,342.637301,55.137802,318.359171,344.729406,-55.095708,356.295922,260.798873,-29.481219,356.214640,275.667088,-215.984408,347.238590,164.540649,58.050279,0.000000,214.264883,-67.113759,0.000000,153.874283,61.210879,304.991262,214.324042,-55.210650,361.916404,0.000000,-6.433241,321.649254,168.419187,-120.799571,
0.000000,0.000000,0.000000,0.000000,0.000000,0.000000,0.000000,0.000000,0.000000,0.000000,0.000000,0.000000,0.000000,0.000000,0.000000,0.000000,0.000000,0.000000,0.000000,0.000000,0.000000,0.000000,0.000000,0.000000,0.000000,0.000000,0.000000,0.000000,0.000000,0.000000,0.000000,0.000000,0.000000,0.000000,0.000000,0.000000,0.000000,0.000000,0.000000,0.000000,0.000000,0.000000,0.000000,0.000000,0.000000,0.000000,0.000000,0.000000,0.000000,0.000000,0.000000,0.000000,349.859523,500.782981,-168.612879,349.797845,508.402700,-146.245360,351.603358,506.929541,-146.229405,0.000000,507.476999,-146.225838,344.258796,506.841868,-156.993423,340.991751,506.221021,-157.024572,337.861185,507.532884,-157.026453,353.540192,503.226821,-28.144813,331.276832,501.313686,-0.000000,352.500243,492.205129,-125.620668,343.221276,490.765606,-138.074922,373.140279,459.112581,48.093633,310.128778,460.180858,-109.083911,367.360234,403.110938,-1.743175,305.442515,469.219932,-294.972159,372.875607,352.862310,-98.336467,338.667601,521.169119,-420.223104,368.338806,338.812162,-114.943102,343.942511,534.799279,-456.853256,370.410938,341.134941,-128.254466,343.697742,537.150559,-441.515853,367.372192,345.835384,-107.060069,342.150795,530.292913,-0.000000,356.856120,341.261247,54.860728,319.680164,341.949331,-54.818845,356.295922,0.000000,5.258965,350.398891,263.681562,-168.451385,0.000000,165.644949,133.940133,314.660410,195.960847,-35.289650,338.989838,154.973385,140.538018,0.000000,193.963258,-26.181929,361.916404,0.000000,62.777188,320.274685,150.933042,-112.377834,
0.000000,0.000000,0.000000,0.000000,0.000000,0.000000,0.000000,0.000000,0.000000,0.000000,0.000000,0.000000,0.000000,0.000000,0.000000,0.000000,0.000000,0.000000,0.000000,0.000000,0.000000,0.000000,0.000000,0.000000,0.000000,0.000000,0.000000,0.000000,0.000000,0.000000,0.000000,0.000000,0.000000,0.000000,0.000000,0.000000,0.000000,0.000000,0.000000,0.000000,0.000000,0.000000,0.000000,0.000000,0.000000,0.000000,0.000000,0.000000,0.000000,0.000000,0.000000,0.000000,349.859523,0.000000,-276.656082,349.797845,508.402700,-261.955974,351.603358,508.949180,-0.000000,352.131941,507.476999,-261.921007,344.258796,506.841868,-276.373838,340.991751,506.221021,-276.428673,337.861185,507.532884,-276.431986,349.139277,505.239728,-143.477334,0.000000,501.313686,-210.164597,352.500243,492.205129,-229.582600,344.639546,490.765606,-249.425666,373.140279,0.000000,-20.069696,305.086034,460.180858,-179.402465,365.667330,403.110938,20.046280,305.442515,404.160025,-209.958349,364.122659,352.862310,-73.883683,324.377829,369.792196,-288.795244,362.922059,338.812162,-103.276817,324.752586,360.216043,-317.641648,361.463814,338.919779,-116.837287,325.920273,366.239017,-334.798751,0.000000,341.457720,-90.829175,326.066784,369.664769,-295.221833,358.330732,339.885194,0.000000,321.001156,339.169255,-57.587474,356.295922,255.556684,30.073382,341.675267,253.027762,-130.925314,345.760979,0.000000,192.965575,306.727795,183.040352,31.894580,334.643814,157.171589,201.299230,298.583882,181.103816,44.575579,0.000000,128.894480,118.804678,0.000000,138.048514,-53.425673,
0.000000,0.000000,0.000000,0.000000,0.000000,0.000000,0.000000,0.000000,0.000000,0.000000,0.000000,0.000000,0.000000,0.000000,0.000000,0.000000,0.000000,0.000000,0.000000,0.000000,0.000000,0.000000,0.000000,0.000000,0.000000,0.000000,0.000000,0.000000,0.000000,0.000000,0.000000,0.000000,0.000000,0.000000,0.000000,0.000000,0.000000,0.000000,0.000000,0.000000,0.000000,0.000000,0.000000,0.000000,0.000000,0.000000,0.000000,0.000000,0.000000,0.000000,0.000000,0.000000,345.540269,500.782981,-258.648882,345.461508,0.000000,-244.277964,347.244639,508.949180,-244.251314,349.209684,507.476999,-244.245356,338.568568,506.841868,-271.467793,335.332136,506.221021,-269.885983,332.230165,505.526826,-269.889217,347.672305,505.239728,-0.000000,325.732450,499.324346,-157.777061,349.610896,492.205129,-205.036032,341.803007,490.765606,-209.339398,373.140279,460.963842,-6.876794,302.564662,458.347468,-114.493031,370.746043,403.110938,60.272966,305.442515,415.989099,-225.415405,369.374428,355.000870,34.795358,0.000000,434.668020,-339.344421,368.338806,338.812162,25.052317,332.133326,430.933303,-0.000000,368.621513,341.134941,5.897393,330.364640,439.486821,-372.463611,367.372192,341.457720,25.492230,330.453332,437.876720,-342.996559,359.805344,337.133087,0.000000,321.001156,334.999141,-48.451000,356.295922,247.693402,0.000000,331.497706,245.037412,-52.120565,345.760979,165.644949,201.397781,304.083590,171.196565,137.974943,333.195140,158.270691,214.801722,296.020931,165.029513,151.618988,361.916404,128.894480,123.748280,317.525546,128.845280,49.319522,
0.000000,0.000000,0.000000,0.000000,0.000000,0.000000,0.000000,0.000000,0.000000,0.000000,0.000000,0.000000,0.000000,0.000000,0.000000,0.000000,0.000000,0.000000,0.000000,0.000000,0.000000,0.000000,0.000000,0.000000,0.000000,0.000000,0.000000,0.000000,0.000000,0.000000,0.000000,0.000000,0.000000,0.000000,0.000000,0.000000,0.000000,0.000000,0.000000,0.000000,0.000000,0.000000,0.000000,0.000000,0.000000,0.000000,0.000000,0.000000,0.000000,0.000000,0.000000,0.000000,342.660767,500.782981,-234.093608,344.016062,508.402700,-0.000000,0.000000,0.000000,-213.719900,347.748555,509.498820,-213.714687,337.146011,506.841868,-230.584090,332.502329,506.221021,-230.629840,329.414655,505.526826,-230.632604,347.672305,505.239728,-99.221832,321.574164,499.324346,-137.097770,348.166223,492.205129,-187.709044,338.966467,490.765606,-194.492633,373.140279,460.963842,-0.280343,297.521917,458.347468,-114.493031,374.131852,401.182178,0.000000,293.026152,410.074562,-253.753342,372.875607,352.862310,21.210478,328.664761,447.643185,-408.091301,377.366718,0.000000,10.469461,333.609475,0.000000,-0.000000,373.989787,341.134941,-8.374082,0.000000,461.683125,-441.515853,370.904617,343.646552,0.000000,330.453332,457.680190,-408.686807,359.805344,330.252820,43.500678,321.001156,330.829027,-43.467468,356.295922,241.140666,18.493321,324.228019,238.378786,-28.354053,345.760979,165.644949,228.380840,302.761487,162.582901,164.495033,333.195140,158.270691,243.494517,296.020931,153.241690,178.833414,361.916404,127.960462,150.114158,318.900115,123.323339,66.162997,
0.000000,0.000000,0.000000,0.000000,0.000000,0.000000,0.000000,0.000000,0.000000,0.000000,0.000000,0.000000,0.000000,0.000000,0.000000,0.000000,0.000000,0.000000,0.000000,0.000000,0.000000,0.000000,0.000000,0.000000,0.000000,0.000000,0.000000,0.000000,0.000000,0.000000,0.000000,0.000000,0.000000,0.000000,0.000000,0.000000,0.000000,0.000000,0.000000,0.000000,0.000000,0.000000,0.000000,0.000000,0.000000,0.000000,0.000000,0.000000,0.000000,0.000000,0.000000,0.000000,341.221016,498.803602,-229.182553,342.570616,506.385229,-210.529035,344.338826,506.929541,-210.506067,346.287427,507.476999,-210.500932,334.300897,504.830591,-222.407349,331.087426,504.212208,-220.815804,326.599145,503.520767,-222.454142,346.205334,505.239728,-88.493225,318.801973,0.000000,-134.340531,346.721550,490.259655,-180.489465,337.548197,488.825821,-193.007956,371.598377,459.112581,0.819066,0.000000,0.000000,-119.000630,380.903469,401.182178,73.681862,286.817971,408.103050,-269.210399,385.129735,0.000000,21.210478,327.235783,428.180438,-454.596544,391.811377,334.412004,0.000000,333.609475,437.563047,-0.000000,388.305186,336.704617,-14.082672,331.846096,446.145712,-491.735666,383.268104,341.457720,11.966485,330.453332,442.277491,-454.470919,359.805344,326.124660,0.000000,319.680164,0.000000,-43.744331,356.295922,237.209025,44.962032,0.000000,0.000000,-0.000000,345.760979,164.540649,238.499487,302.761487,159.352777,171.567058,333.195140,158.270691,251.933574,296.020931,150.026830,187.904890,0.000000,127.960462,163.297096,320.274685,124.243663,77.953429,
0.000000,0.000000,0.000000,0.000000,0.000000,0.000000,0.000000,0.000000,0.000000,0.000000,0.000000,0.000000,0.000000,0.000000,0.000000,0.000000,0.000000,0.000000,0.000000,0.000000,0.000000,0.000000,0.000000,0.000000,0.000000,0.000000,0.000000,0.000000,0.000000,0.000000,0.000000,0.000000,0.000000,0.000000,0.000000,0.000000,0.000000,0.000000,0.000000,0.000000,0.000000,0.000000,0.000000,0.000000,0.000000,0.000000,0.000000,0.000000,0.000000,0.000000,0.000000,0.000000,339.781265,496.824223,-268.470991,339.679725,506.385229,-249.099239,341.433013,506.929541,-249.072064,343.365170,507.476999,-249.065988,0.000000,504.830591,-258.385008,328.257619,504.212208,-0.000000,325.191391,503.520767,-258.439371,344.738362,505.239728,-124.702273,316.029782,499.324346,-168.806016,343.832204,488.314180,-218.031274,334.711658,486.886036,-231.609547,368.514573,459.112581,-18.970288,292.479173,452.847298,-130.720389,385.982182,401.182178,61.949078,281.851426,398.245488,-239.584374,399.134453,352.862310,4.908622,310.088057,389.254943,-428.310972,408.061619,334.412004,-7.029967,317.371845,388.944930,-465.692088,404.410009,0.000000,-34.062736,319.994449,397.313843,-458.255791,400.930229,341.457720,-4.264408,318.755869,398.269781,-424.611716,359.805344,324.748606,41.561158,318.359171,325.268875,-41.529428,356.295922,0.000000,86.319394,315.504395,0.000000,0.415935,345.760979,163.436350,262.109664,302.761487,156.122653,173.335064,333.195140,157.171589,0.000000,296.020931,145.740349,186.090595,360.322059,127.026444,184.719372,321.649254,123.323339,74.584734,
0.000000,0.000000,0.000000,0.000000,0.000000,0.000000,0.000000,0.000000,0.000000,0.000000,0.000000,0.000000,0.000000,0.000000,0.000000,0.000000,0.000000,0.000000,0.000000,0.000000,0.000000,0.000000,0.000000,0.000000,0.000000,0.000000,0.000000,0.000000,0.000000,0.000000,0.000000,0.000000,0.000000,0.000000,0.000000,0.000000,0.000000,0.000000,0.000000,0.000000,0.000000,0.000000,0.000000,0.000000,0.000000,0.000000,0.000000,0.000000,0.000000,0.000000,0.000000,0.000000,338.341514,494.844843,-258.648882,338.234280,504.367758,-241.063780,339.980107,504.909901,-241.037481,341.904042,505.455178,-241.031602,330.033226,502.819314,-248.572919,326.842715,504.212208,-248.622239,322.375881,503.520767,-248.625218,343.271390,503.226821,-119.337969,314.643686,499.324346,-161.912919,342.387531,486.368705,-212.255611,333.293388,486.886036,-224.186164,366.972671,459.112581,-17.870879,289.957801,449.180518,-128.015829,387.675086,401.182178,56.920742,275.643245,392.330951,-191.925117,409.637991,352.862310,-11.393234,298.656239,361.142086,-351.476223,422.506278,336.612083,-39.112250,304.086512,351.376386,-388.352306,420.514833,336.704617,-71.168569,309.624259,359.580126,-405.943486,415.059929,341.457720,-28.610749,308.520589,363.063612,-360.912081,0.000000,323.372553,40.175786,317.038179,323.878838,-40.145114,356.295922,234.587931,89.627983,314.050458,235.715336,5.419411,345.760979,162.332050,257.050340,302.761487,155.045945,0.000000,334.643814,154.973385,268.811688,296.020931,143.597108,180.647710,360.322059,127.026444,181.423637,323.023824,122.403016,72.900387,
0.000000,0.000000,0.000000,0.000000,0.000000,0.000000,0.000000,0.000000,0.000000,0.000000,0.000000,0.000000,0.000000,0.000000,0.000000,0.000000,0.000000,0.000000,0.000000,0.000000,0.000000,0.000000,0.000000,0.000000,0.000000,0.000000,0.000000,0.000000,0.000000,0.000000,0.000000,0.000000,0.000000,0.000000,0.000000,0.000000,0.000000,0.000000,0.000000,0.000000,0.000000,0.000000,0.000000,0.000000,0.000000,0.000000,0.000000,0.000000,0.000000,0.000000,0.000000,0.000000,336.901762,494.844843,-252.100809,338.234280,504.367758,-233.028321,339.980107,504.909901,-233.002898,341.904042,505.455178,-232.997215,330.033226,504.830591,-242.031527,325.427812,504.212208,-242.079548,320.968126,503.520767,-242.082449,0.000000,503.226821,-117.996893,311.871495,499.324346,-163.291538,340.942858,486.368705,-207.923864,331.875119,486.886036,-0.000000,365.430769,459.112581,-25.566739,288.697115,449.180518,-124.409750,391.060895,406.968459,26.750728,269.435064,388.387927,-0.000000,421.892119,363.555107,-0.000000,285.795444,339.516812,-244.311968,435.145355,349.812557,-123.692816,289.325031,322.647499,-273.447487,433.040806,349.995589,-153.943120,294.809701,326.285670,-295.041400,427.423416,352.401878,-109.765218,295.360943,332.258215,-0.000000,359.805344,323.372553,37.405042,315.717186,323.878838,-0.000000,356.295922,235.898478,64.813566,314.050458,237.047061,-19.597970,345.760979,162.332050,246.931693,0.000000,156.122653,145.046967,333.195140,154.973385,260.372631,296.020931,145.740349,157.061874,360.322059,127.026444,176.480035,0.000000,122.403016,51.003870,
0.000000,0.000000,0.000000,0.000000,0.000000,0.000000,0.000000,0.000000,0.000000,0.000000,0.000000,0.000000,0.000000,0.000000,0.000000,0.000000,0.000000,0.000000,0.000000,0.000000,0.000000,0.000000,0.000000,0.000000,0.000000,0.000000,0.000000,0.000000,0.000000,0.000000,0.000000,0.000000,0.000000,0.000000,0.000000,0.000000,0.000000,0.000000,0.000000,0.000000,0.000000,0.000000,0.000000,0.000000,0.000000,0.000000,0.000000,0.000000,0.000000,0.000000,0.000000,0.000000,335.462011,494.844843,-248.826772,336.788834,504.367758,-233.028321,338.527200,0.000000,-233.002898,340.442914,0.000000,-232.997215,328.610669,504.830591,-238.760830,324.012908,504.212208,-237.172530,319.560371,503.520767,-237.175372,340.337447,503.226821,-108.609363,310.485399,499.324346,-155.019822,339.498184,0.000000,-199.260370,330.456849,486.886036,-215.278105,363.888867,459.112581,-31.063782,286.175742,447.347128,-97.364152,396.139608,414.683501,-0.000000,264.468519,382.473390,-94.030426,430.645068,382.802142,-198.864580,272.934649,326.541647,-161.411318,0.000000,371.813347,-234.522522,271.611254,307.178098,-182.849456,441.987930,372.147208,-262.406325,279.995143,308.528627,-207.156727,436.254478,374.290194,-212.560878,282.201297,314.655131,-169.813177,358.330732,0.000000,32.140629,314.396194,322.488800,-32.116091,360.963554,237.209025,54.887799,315.504395,237.047061,-7.089280,345.760979,163.436350,250.304576,304.083590,157.199361,0.000000,333.195140,157.171589,267.123877,297.302407,146.811969,184.276300,358.727713,127.026444,186.367239,323.023824,123.323339,84.690819,
0.000000,0.000000,0.000000,0.000000,0.000000,0.000000,0.000000,0.000000,0.000000,0.000000,0.000000,0.000000,0.000000,0.000000,0.000000,0.000000,0.000000,0.000000,0.000000,0.000000,0.000000,0.000000,0.000000,0.000000,0.000000,0.000000,0.000000,0.000000,0.000000,0.000000,0.000000,0.000000,0.000000,0.000000,0.000000,0.000000,0.000000,0.000000,0.000000,0.000000,0.000000,0.000000,0.000000,0.000000,0.000000,0.000000,0.000000,0.000000,0.000000,0.000000,0.000000,0.000000,336.901762,496.824223,-220.997462,336.788834,504.367758,-202.493575,339.980107,504.909901,-202.471484,341.904042,505.455178,-202.466545,328.610669,504.830591,-212.595260,325.427812,504.212208,-212.637441,320.968126,503.520767,-212.639989,340.337447,503.226821,-93.857529,310.485399,499.324346,-148.126725,340.942858,0.000000,-179.045549,0.000000,486.886036,-194.492633,362.346965,459.112581,-25.566739,283.654370,447.347128,-84.742873,399.525416,424.327304,-46.998197,260.743610,380.501877,-65.692490,437.647426,406.326296,-231.468292,258.644877,317.891537,-112.884109,451.395596,400.414374,-269.521377,255.373624,298.338441,-127.606755,0.000000,400.944313,-293.803569,260.736218,299.650105,-156.936915,441.553116,0.000000,-247.727815,266.117285,303.653203,-122.038451,0.000000,0.000000,28.815736,311.754209,322.488800,-28.793737,367.187064,241.140666,35.036265,314.050458,239.710511,-17.096232,345.760979,168.957848,255.363899,304.083590,159.352777,180.407088,0.000000,163.766201,273.875123,297.302407,148.955209,195.162070,358.727713,127.960462,194.606576,323.023824,123.323339,94.796903,
0.000000,0.000000,0.000000,0.000000,0.000000,0.000000,0.000000,0.000000,0.000000,0.000000,0.000000,0.000000,0.000000,0.000000,0.000000,0.000000,0.000000,0.000000,0.000000,0.000000,0.000000,0.000000,0.000000,0.000000,0.000000,0.000000,0.000000,0.000000,0.000000,0.000000,0.000000,0.000000,0.000000,0.000000,0.000000,0.000000,0.000000,0.000000,0.000000,0.000000,0.000000,0.000000,0.000000,0.000000,0.000000,0.000000,0.000000,0.000000,0.000000,0.000000,0.000000,0.000000,336.901762,496.824223,-222.634481,338.234280,504.367758,-202.493575,339.980107,504.909901,-202.471484,341.904042,505.455178,-202.466545,330.033226,504.830591,-212.595260,325.427812,504.212208,-212.637441,320.968126,503.520767,-212.639989,0.000000,0.000000,-93.857529,310.485399,0.000000,-146.748106,340.942858,488.314180,-0.000000,331.875119,486.886036,-195.977309,360.805063,0.000000,-39.859050,281.132998,445.513739,-81.136793,401.218320,433.971106,-119.071010,0.000000,380.501877,-79.861458,439.398016,425.573332,-353.732213,245.784082,320.054064,-0.000000,453.201178,426.815321,-400.767082,239.135995,300.548355,-171.800916,449.145630,427.526257,-422.246838,245.921660,299.650105,-0.000000,443.319328,426.822151,-369.459518,248.571091,305.853589,-163.841336,355.381508,324.748606,24.105471,310.433217,322.488800,-24.087068,374.966451,249.003949,-92.344410,312.596521,238.378786,-34.608398,345.760979,183.313743,176.101163,302.761487,157.199361,160.959021,333.195140,178.054527,199.611419,297.302407,146.811969,175.204824,358.727713,136.366623,113.861076,324.398393,122.403016,66.162997,
0.000000,0.000000,0.000000,0.000000,0.000000,0.000000,0.000000,0.000000,0.000000,0.000000,0.000000,0.000000,0.000000,0.000000,0.000000,0.000000,0.000000,0.000000,0.000000,0.000000,0.000000,0.000000,0.000000,0.000000,0.000000,0.000000,0.000000,0.000000,0.000000,0.000000,0.000000,0.000000,0.000000,0.000000,0.000000,0.000000,0.000000,0.000000,0.000000,0.000000,0.000000,0.000000,0.000000,0.000000,0.000000,0.000000,0.000000,0.000000,0.000000,0.000000,0.000000,0.000000,335.462011,496.824223,-235.730626,336.788834,506.385229,-213.743218,338.527200,506.929541,-213.719900,0.000000,507.476999,-213.714687,328.610669,504.830591,-220.772001,325.427812,504.212208,-220.815804,320.968126,505.526826,-220.818450,337.403503,503.226821,-0.000000,309.099304,501.313686,-145.369486,339.498184,488.314180,-193.484707,330.456849,486.886036,-0.000000,359.263161,460.963842,-50.853136,279.872312,445.513739,-75.727674,406.297033,443.614908,-150.917137,249.568884,382.473390,-75.997194,439.398016,446.958926,-386.335925,235.781241,328.704174,-155.345417,453.201178,0.000000,-432.849366,227.326810,309.388013,-0.000000,445.566780,456.323362,-447.935492,232.588558,308.528627,-200.879251,441.553116,453.088129,-399.216157,0.000000,314.655131,-167.822563,353.906896,326.124660,20.780579,309.112224,322.488800,-0.000000,381.189960,259.488325,-158.516189,312.596521,239.710511,-40.862744,345.760979,199.878238,0.000000,302.761487,156.122653,145.046967,334.643814,200.036568,137.162395,296.020931,144.668729,158.876169,357.133368,151.310911,54.537851,324.398393,121.482692,64.478649,
0.000000,0.000000,0.000000,0.000000,0.000000,0.000000,0.000000,0.000000,0.000000,0.000000,0.000000,0.000000,0.000000,0.000000,0.000000,0.000000,0.000000,0.000000,0.000000,0.000000,0.000000,0.000000,0.000000,0.000000,0.000000,0.000000,0.000000,0.000000,0.000000,0.000000,0.000000,0.000000,0.000000,0.000000,0.000000,0.000000,0.000000,0.000000,0.000000,0.000000,0.000000,0.000000,0.000000,0.000000,0.000000,0.000000,0.000000,0.000000,0.000000,0.000000,0.000000,0.000000,335.462011,0.000000,-0.000000,336.788834,506.385229,-208.921943,338.527200,506.929541,-208.899150,340.442914,0.000000,-208.894055,328.610669,504.830591,-215.865956,325.427812,506.221021,-215.908786,320.968126,505.526826,-215.911374,337.403503,503.226821,-95.198604,310.485399,501.313686,-127.447435,339.498184,488.314180,-192.040791,330.456849,486.886036,-198.946662,359.263161,462.815102,-40.958459,0.000000,447.347128,-65.810955,411.375746,0.000000,-0.000000,247.085612,386.416414,-72.132930,439.398016,466.205961,-389.052901,228.636355,337.354284,-145.235582,449.590014,479.617217,-435.765937,219.946070,322.647499,-160.752376,441.987930,480.690144,-442.226902,225.181279,319.626779,-188.324298,438.020691,474.976444,-399.216157,229.562713,325.657058,-155.878882,353.906896,330.252820,20.226430,307.791232,323.878838,-20.210988,387.413470,273.904343,-219.725085,311.142583,241.042236,-59.625779,345.760979,217.547033,44.558749,0.000000,155.045945,114.990864,334.643814,217.622200,67.962125,296.020931,144.668729,124.404562,355.539022,170.925288,-13.024710,323.023824,122.403016,10.579531,
0.000000,0.000000,0.000000,0.000000,0.000000,0.000000,0.000000,0.000000,0.000000,0.000000,0.000000,0.000000,0.000000,0.000000,0.000000,0.000000,0.000000,0.000000,0.000000,0.000000,0.000000,0.000000,0.000000,0.000000,0.000000,0.000000,0.000000,0.000000,0.000000,0.000000,0.000000,0.000000,0.000000,0.000000,0.000000,0.000000,0.000000,0.000000,0.000000,0.000000,0.000000,0.000000,0.000000,0.000000,0.000000,0.000000,0.000000,0.000000,0.000000,0.000000,0.000000,0.000000,335.462011,496.824223,-0.000000,336.788834,506.385229,-192.851024,338.527200,506.929541,-192.829985,340.442914,507.476999,-192.825281,328.610669,506.841868,-201.147823,324.012908,506.221021,-201.187733,320.968126,507.532884,-201.190143,338.870475,505.239728,-79.105695,310.485399,503.303026,-117.797099,338.053511,488.314180,-176.157718,330.456849,488.825821,-185.584573,359.263161,464.666362,-40.958459,278.611626,449.180518,-63.106395,414.761555,457.116232,-0.000000,244.602339,392.330951,-55.387785,437.647426,487.591556,-351.015237,0.000000,346.004394,-98.730339,445.978849,499.417928,-394.933940,214.041477,333.697071,-107.719382,438.409081,502.841763,-396.558184,217.774000,332.944561,-129.734516,434.488266,499.053591,-361.344071,223.713982,336.658986,-108.104156,353.906896,335.757033,21.057653,307.791232,325.268875,-21.041577,387.413470,0.000000,-0.000000,309.688646,241.042236,-0.000000,345.760979,233.007228,-6.034487,302.761487,156.122653,99.078810,334.643814,234.108730,15.639970,296.020931,0.000000,108.075907,353.944677,187.737612,-0.000000,323.023824,123.323339,-4.579596,
0.000000,0.000000,0.000000,0.000000,0.000000,0.000000,0.000000,0.000000,0.000000,0.000000,0.000000,0.000000,0.000000,0.000000,0.000000,0.000000,0.000000,0.000000,0.000000,0.000000,0.000000,0.000000,0.000000,0.000000,0.000000,0.000000,0.000000,0.000000,0.000000,0.000000,0.000000,0.000000,0.000000,0.000000,0.000000,0.000000,0.000000,0.000000,0.000000,0.000000,0.000000,0.000000,0.000000,0.000000,0.000000,0.000000,0.000000,0.000000,0.000000,0.000000,0.000000,0.000000,335.462011,498.803602,-207.901316,0.000000,508.402700,-0.000000,338.527200,506.929541,-186.402319,340.442914,507.476999,-0.000000,328.610669,506.841868,-194.606430,325.427812,508.229835,-194.645042,320.968126,507.532884,-194.647375,338.870475,505.239728,-75.082467,310.485399,505.292366,-117.797099,338.053511,488.314180,-167.494224,330.456849,488.825821,-179.645867,0.000000,466.517623,-0.000000,0.000000,452.847298,-64.007915,414.761555,464.831273,-0.000000,242.119067,404.160025,-30.914113,434.146247,500.422912,-345.581285,218.633515,358.979559,-40.093294,444.173267,514.818480,-386.184226,209.613033,342.536728,-41.428141,438.409081,518.347897,-387.995300,213.329633,0.000000,-64.867258,432.722053,0.000000,-353.228624,217.865250,345.460528,-48.385748,352.432284,341.261247,22.165951,307.791232,329.438989,-22.149028,390.525224,301.425833,-236.268030,309.688646,242.373961,-0.000000,345.760979,248.467423,-14.466693,302.761487,157.199361,76.094731,334.643814,248.397056,5.513101,296.020931,144.668729,84.490071,350.755986,204.549935,-67.404333,0.000000,124.243663,-26.476113,
0.000000,0.000000,0.000000,0.000000,0.000000,0.000000,0.000000,0.000000,0.000000,0.000000,0.000000,0.000000,0.000000,0.000000,0.000000,0.000000,0.000000,0.000000,0.000000,0.000000,0.000000,0.000000,0.000000,0.000000,0.000000,0.000000,0.000000,0.000000,0.000000,0.000000,0.000000,0.000000,0.000000,0.000000,0.000000,0.000000,0.000000,0.000000,0.000000,0.000000,0.000000,0.000000,0.000000,0.000000,0.000000,0.000000,0.000000,0.000000,0.000000,0.000000,0.000000,0.000000,335.462011,498.803602,-202.990262,336.788834,508.402700,-181.601381,338.527200,508.949180,-181.581569,340.442914,507.476999,-181.577140,330.033226,508.853145,-192.971082,325.427812,508.229835,-193.009370,0.000000,509.538943,-0.000000,338.870475,505.239728,-72.400315,310.485399,507.281706,-119.175718,339.498184,490.259655,-163.162477,330.456849,490.765606,-178.161190,359.263161,468.368883,-22.268513,278.611626,454.680688,-70.318554,414.761555,472.546315,-117.394898,240.877430,412.046074,-20.609409,432.395657,515.392829,-299.392693,215.775560,374.117251,10.455883,438.756519,532.419112,-322.019659,206.660736,360.216043,16.024269,431.251382,533.854031,-308.075043,208.885266,359.580126,-6.277477,427.423416,529.697233,-296.420496,213.478701,363.063612,3.370205,352.432284,344.013354,22.997174,307.791232,332.219065,-22.979617,390.525224,313.220756,-213.107907,309.688646,243.705686,-70.883600,345.760979,259.510420,-22.898899,302.761487,157.199361,69.022707,334.643814,260.487179,-0.000000,296.020931,145.740349,77.232890,349.161641,216.692169,-72.347935,323.023824,124.243663,-31.529156,
0.000000,0.000000,0.000000,0.000000,0.000000,0.000000,0.000000,0.000000,0.000000,0.000000,0.000000,0.000000,0.000000,0.000000,0.000000,0.000000,0.000000,0.000000,0.000000,0.000000,0.000000,0.000000,0.000000,0.000000,0.000000,0.000000,0.000000,0.000000,0.000000,0.000000,0.000000,0.000000,0.000000,0.000000,0.000000,0.000000,0.000000,0.000000,0.000000,0.000000,0.000000,0.000000,0.000000,0.000000,0.000000,0.000000,0.000000,0.000000,0.000000,0.000000,0.000000,0.000000,336.901762,498.803602,-193.168152,338.234280,508.402700,-171.958830,0.000000,508.949180,-171.940070,0.000000,507.476999,-0.000000,331.455783,508.853145,-184.794341,326.842715,508.229835,-184.831006,322.375881,509.538943,-0.000000,338.870475,505.239728,-63.012785,311.871495,507.281706,-0.000000,339.498184,490.259655,-154.498982,330.456849,490.765606,-170.737807,359.263161,468.368883,-5.777385,278.611626,458.347468,-71.220074,414.761555,478.332597,-58.730981,239.635794,419.932124,-45.083081,430.645068,528.224185,-201.581556,212.917606,389.254943,-36.049360,429.728607,545.619586,-225.772809,0.000000,375.685444,-34.799016,422.304257,547.145002,-225.300492,207.403810,375.117539,-56.497289,420.358566,540.641391,-204.445431,212.016519,378.466311,-44.404521,350.957672,346.765461,27.984513,0.000000,334.999141,-27.686285,388.969347,322.394586,-201.527845,309.688646,245.037412,-70.883600,345.760979,269.449117,-27.958222,302.761487,157.199361,51.342646,336.092489,269.279995,-11.365014,296.020931,145.740349,57.275644,347.567295,223.230295,-0.000000,323.023824,124.243663,-48.372630,
0.000000,0.000000,0.000000,0.000000,0.000000,0.000000,0.000000,0.000000,0.000000,0.000000,0.000000,0.000000,0.000000,0.000000,0.000000,0.000000,0.000000,0.000000,0.000000,0.000000,0.000000,0.000000,0.000000,0.000000,0.000000,0.000000,0.000000,0.000000,0.000000,0.000000,0.000000,0.000000,0.000000,0.000000,0.000000,0.000000,0.000000,0.000000,0.000000,0.000000,0.000000,0.000000,0.000000,0.000000,0.000000,0.000000,0.000000,0.000000,0.000000,0.000000,0.000000,0.000000,338.341514,498.803602,-181.709025,339.679725,508.402700,-160.709187,341.433013,508.949180,-160.691654,341.904042,507.476999,-160.687735,332.878340,508.853145,-173.346904,328.257619,0.000000,-173.381298,325.191391,509.538943,-173.383376,340.337447,505.239728,-53.625254,313.257591,507.281706,-110.904002,339.498184,490.259655,-142.947656,330.456849,490.765606,-158.860395,359.263161,470.220144,6.316109,278.611626,460.180858,-68.515514,414.761555,486.047639,-28.560966,239.635794,0.000000,-28.337937,427.143888,534.639864,-158.109940,212.917606,397.905053,-11.785755,424.311860,552.219823,-182.024240,0.000000,386.735016,-10.492228,418.725408,553.790488,-185.340364,0.000000,386.215691,-29.294891,416.826141,547.207885,-163.868197,210.554336,389.468239,-18.526544,350.957672,348.141514,28.538662,306.470240,336.389179,-28.240011,387.413470,330.257869,-227.996557,309.688646,245.037412,-72.134469,347.238590,273.866315,-0.000000,302.761487,157.199361,58.414671,337.541164,272.577301,-40.057808,296.020931,145.740349,64.532825,347.567295,227.900384,-110.248884,324.398393,124.243663,-45.003935,
0.000000,0.000000,0.000000,0.000000,0.000000,0.000000,0.000000,0.000000,0.000000,0.000000,0.000000,0.000000,0.000000,0.000000,0.000000,0.000000,0.000000,0.000000,0.000000,0.000000,0.000000,0.000000,0.000000,0.000000,0.000000,0.000000,0.000000,0.000000,0.000000,0.000000,0.000000,0.000000,0.000000,0.000000,0.000000,0.000000,0.000000,0.000000,0.000000,0.000000,0.000000,0.000000,0.000000,0.000000,0.000000,0.000000,0.000000,0.000000,0.000000,0.000000,0.000000,0.000000,339.781265,498.803602,-181.709025,341.125171,508.402700,-160.709187,0.000000,508.949180,-160.691654,343.365170,507.476999,-160.687735,334.300897,508.853145,-173.346904,331.087426,508.229835,-173.381298,326.599145,509.538943,-173.383376,0.000000,0.000000,-50.943102,316.029782,507.281706,-112.282621,339.498184,490.259655,-140.059825,331.875119,490.765606,-158.860395,359.263161,472.071404,8.514926,279.872312,462.014247,-73.924634,414.761555,489.905160,-21.856518,238.394158,429.789685,-114.639835,423.642709,538.916983,-136.374131,211.488629,404.392636,-201.850660,420.700696,556.619981,-158.691671,200.756144,395.574673,-0.000000,413.357133,0.000000,-159.651710,204.440898,0.000000,-232.266634,413.293716,551.585548,-142.227005,209.092153,396.069395,-211.616062,350.957672,349.517568,30.201108,306.470240,0.000000,-30.178051,385.857592,332.878963,-237.922324,309.688646,245.037412,-72.134469,348.716201,277.179214,-75.178576,0.000000,157.199361,53.110652,338.989838,273.676403,-60.311546,297.302407,145.740349,60.904235,349.161641,228.834402,-128.375425,324.398393,124.243663,-45.003935,
0.000000,0.000000,0.000000,0.000000,0.000000,0.000000,0.000000,0.000000,0.000000,0.000000,0.000000,0.000000,0.000000,0.000000,0.000000,0.000000,0.000000,0.000000,0.000000,0.000000,0.000000,0.000000,0.000000,0.000000,0.000000,0.000000,0.000000,0.000000,0.000000,0.000000,0.000000,0.000000,0.000000,0.000000,0.000000,0.000000,0.000000,0.000000,0.000000,0.000000,0.000000,0.000000,0.000000,0.000000,0.000000,0.000000,0.000000,0.000000,0.000000,0.000000,0.000000,0.000000,341.221016,498.803602,-175.160952,342.570616,508.402700,-152.673727,344.338826,508.949180,-0.000000,344.826299,507.476999,-152.653348,335.723454,508.853145,-166.805512,332.502329,508.229835,-166.838608,328.006900,509.538943,-166.840607,341.804418,505.239728,-45.578799,316.029782,507.281706,-108.146763,340.942858,0.000000,-135.728078,333.293388,0.000000,-152.921688,359.263161,472.071404,6.316109,279.872312,462.014247,-72.121594,414.761555,491.833920,-0.000000,237.152522,431.761198,-54.099697,420.141529,543.194102,-171.694820,0.000000,0.000000,-0.000000,417.089531,558.820060,-199.523668,200.756144,399.994502,-50.266973,411.567709,562.651136,-199.611838,202.959442,399.533473,-69.052242,409.761291,555.963211,-0.000000,207.629970,400.470166,-56.348203,349.483060,0.000000,30.478182,306.470240,339.169255,-30.454914,0.000000,330.257869,-219.725085,309.688646,246.369137,-74.636207,350.193812,272.762016,-60.000605,304.083590,157.199361,46.038628,341.887187,269.279995,-45.121243,0.000000,146.811969,51.832759,350.755986,226.966366,-115.192486,324.398393,124.243663,-55.110020,
0.000000,0.000000,0.000000,0.000000,0.000000,0.000000,0.000000,0.000000,0.000000,0.000000,0.000000,0.000000,0.000000,0.000000,0.000000,0.000000,0.000000,0.000000,0.000000,0.000000,0.000000,0.000000,0.000000,0.000000,0.000000,0.000000,0.000000,0.000000,0.000000,0.000000,0.000000,0.000000,0.000000,0.000000,0.000000,0.000000,0.000000,0.000000,0.000000,0.000000,0.000000,0.000000,0.000000,0.000000,0.000000,0.000000,0.000000,0.000000,0.000000,0.000000,0.000000,0.000000,342.660767,498.803602,-0.000000,344.016062,508.402700,-152.673727,345.791733,508.949180,-152.657071,346.287427,507.476999,-152.653348,337.146011,508.853145,-166.805512,333.917233,508.229835,-166.838608,0.000000,509.538943,-166.840607,341.804418,505.239728,-44.237723,318.801973,507.281706,-110.904002,342.387531,490.259655,-0.000000,334.711658,490.765606,-154.406365,359.263161,472.071404,7.415517,279.872312,462.014247,-72.121594,414.761555,491.833920,-31.913190,237.152522,431.761198,-56.675873,418.390940,545.332661,-155.392963,210.059651,408.717690,-52.225096,415.283948,561.020139,-179.107669,0.000000,399.994502,-52.476681,409.778284,564.866298,-179.631774,202.959442,0.000000,-0.000000,407.995079,558.152043,-161.163048,207.629970,400.470166,-58.338816,349.483060,350.893621,30.478182,306.470240,339.169255,-30.454914,385.857592,325.015680,-0.000000,309.688646,246.369137,-74.636207,351.671423,267.240517,-65.059929,305.405692,158.276069,49.574640,0.000000,264.883587,-50.184677,299.865358,146.811969,55.461349,0.000000,221.362259,-121.783956,324.398393,0.000000,-51.741325,
0.000000,0.000000,0.000000,0.000000,0.000000,0.000000,0.000000,0.000000,0.000000,0.000000,0.000000,0.000000,0.000000,0.000000,0.000000,0.000000,0.000000,0.000000,0.000000,0.000000,0.000000,0.000000,0.000000,0.000000,0.000000,0.000000,0.000000,0.000000,0.000000,0.000000,0.000000,0.000000,0.000000,0.000000,0.000000,0.000000,0.000000,0.000000,0.000000,0.000000,0.000000,0.000000,0.000000,0.000000,0.000000,0.000000,0.000000,0.000000,0.000000,0.000000,0.000000,0.000000,0.000000,498.803602,-175.160952,345.461508,508.402700,-152.673727,0.000000,508.949180,-152.657071,347.748555,507.476999,-152.653348,337.146011,508.853145,-166.805512,0.000000,508.229835,-166.838608,330.822410,509.538943,-166.840607,343.271390,505.239728,-0.000000,320.188068,507.281706,-110.904002,343.832204,490.259655,-134.284162,336.129928,490.765606,-154.406365,359.263161,472.071404,10.713743,279.872312,462.014247,-73.023114,414.761555,491.833920,-30.237078,237.152522,429.789685,-60.540137,418.390940,543.194102,-152.675987,0.000000,406.555163,-68.400833,415.283948,558.820060,-179.107669,200.756144,395.574673,-74.573761,409.778284,562.651136,-176.777479,204.440898,0.000000,-94.162149,407.995079,555.963211,-158.457899,209.092153,396.069395,-76.254338,349.483060,349.517568,31.032331,306.470240,339.169255,-0.000000,385.857592,318.462945,-227.996557,309.688646,246.369137,-75.887076,351.671423,260.614719,-65.059929,305.405692,158.276069,0.000000,341.887187,0.000000,-50.184677,0.000000,146.811969,57.275644,0.000000,215.758151,-126.727558,324.398393,123.323339,-50.056978,
0.000000,0.000000,0.000000,0.000000,0.000000,0.000000,0.000000,0.000000,0.000000,0.000000,0.000000,0.000000,0.000000,0.000000,0.000000,0.000000,0.000000,0.000000,0.000000,0.000000,0.000000,0.000000,0.000000,0.000000,0.000000,0.000000,0.000000,0.000000,0.000000,0.000000,0.000000,0.000000,0.000000,0.000000,0.000000,0.000000,0.000000,0.000000,0.000000,0.000000,0.000000,0.000000,0.000000,0.000000,0.000000,0.000000,0.000000,0.000000,0.000000,0.000000,0.000000,0.000000,345.540269,498.803602,-178.434988,345.461508,508.402700,-155.887911,347.244639,506.929541,-155.870904,347.748555,507.476999,-0.000000,0.000000,0.000000,-170.076208,335.332136,508.229835,-170.109953,0.000000,0.000000,-170.111991,344.738362,505.239728,-44.237723,320.188068,507.281706,-110.904002,343.832204,490.259655,-135.728078,337.548197,490.765606,-155.891041,360.805063,472.071404,0.000000,279.872312,0.000000,-75.727674,414.761555,487.976399,-31.913190,238.394158,0.000000,-0.000000,418.390940,541.055542,-155.392963,211.488629,402.230108,-197.806726,417.089531,556.619981,-0.000000,202.232292,391.154845,-211.575661,409.778284,558.220812,-182.486069,205.922354,390.654952,-228.081649,409.761291,551.585548,-161.163048,210.554336,393.869010,-205.644221,350.957672,349.517568,30.755257,306.470240,339.169255,-30.731777,385.857592,309.289115,-237.922324,309.688646,246.369137,-74.636207,351.671423,252.884622,-54.941282,305.405692,158.276069,56.646665,341.887187,253.892567,-38.369997,301.146834,147.883589,62.718530,353.944677,206.417971,-113.544619,323.023824,123.323339,-45.003935,
0.000000,0.000000,0.000000,0.000000,0.000000,0.000000,0.000000,0.000000,0.000000,0.000000,0.000000,0.000000,0.000000,0.000000,0.000000,0.000000,0.000000,0.000000,0.000000,0.000000,0.000000,0.000000,0.000000,0.000000,0.000000,0.000000,0.000000,0.000000,0.000000,0.000000,0.000000,0.000000,0.000000,0.000000,0.000000,0.000000,0.000000,0.000000,0.000000,0.000000,0.000000,0.000000,0.000000,0.000000,0.000000,0.000000,0.000000,0.000000,0.000000,0.000000,0.000000,0.000000,345.540269,498.803602,-186.620079,345.461508,508.402700,-165.530462,347.244639,506.929541,-165.512404,349.209684,507.476999,-165.508367,338.568568,508.853145,-178.252949,0.000000,508.229835,-178.288316,332.230165,509.538943,-178.290452,344.738362,505.239728,-52.284178,321.574164,507.281706,-116.418480,345.276877,490.259655,-0.000000,337.548197,490.765606,-164.799101,360.805063,472.071404,1.918474,0.000000,462.014247,-70.318554,416.454459,486.047639,-52.026533,238.394158,423.875148,-19.321320,420.141529,532.501304,-204.298532,212.917606,395.742526,0.000000,418.895113,547.819665,-231.605951,203.708440,382.315187,0.000000,411.567709,551.575326,-0.000000,207.403810,381.776430,-14.647445,409.761291,545.019054,-209.855729,212.016519,385.067468,-4.592249,350.957672,348.141514,26.876215,306.470240,339.169255,-26.855697,385.857592,288.320362,-236.268030,309.688646,246.369137,-75.887076,351.671423,237.424427,7.457043,305.405692,158.276069,0.000000,341.887187,237.406036,29.142461,301.146834,147.883589,0.000000,355.539022,188.671630,-42.686323,323.023824,124.243663,-41.635240,
0.000000,0.000000,0.000000,0.000000,0.000000,0.000000,0.000000,0.000000,0.000000,0.000000,0.000000,0.000000,0.000000,0.000000,0.000000,0.000000,0.000000,0.000000,0.000000,0.000000,0.000000,0.000000,0.000000,0.000000,0.000000,0.000000,0.000000,0.000000,0.000000,0.000000,0.000000,0.000000,0.000000,0.000000,0.000000,0.000000,0.000000,0.000000,0.000000,0.000000,0.000000,0.000000,0.000000,0.000000,0.000000,0.000000,0.000000,0.000000,0.000000,0.000000,0.000000,0.000000,345.540269,498.803602,-202.990262,345.461508,508.402700,-0.000000,347.244639,506.929541,-179.974653,349.209684,507.476999,-179.970263,338.568568,508.853145,-192.971082,335.332136,508.229835,-193.009370,332.230165,509.538943,-193.011682,344.738362,505.239728,-67.036012,321.574164,507.281706,-126.068815,345.276877,490.259655,-160.274645,337.548197,490.765606,-178.161190,362.346965,470.220144,-13.473245,281.132998,460.180858,-71.220074,0.000000,478.332597,-83.872660,242.119067,415.989099,-28.337937,425.393299,532.501304,-261.355028,214.346583,380.604833,-32.005426,424.311860,543.419507,-0.000000,205.184588,0.000000,-34.799016,0.000000,547.145002,-296.657864,208.885266,366.239017,-56.497289,416.826141,542.830222,-269.369007,213.478701,369.664769,-0.000000,352.432284,342.637301,0.000000,306.470240,337.779217,-21.872166,384.301715,271.283249,-208.145023,0.000000,245.037412,-75.887076,351.671423,0.000000,34.440102,305.405692,158.276069,70.790713,341.887187,218.721302,56.147445,301.146834,0.000000,79.047185,0.000000,171.859306,-26.207649,323.023824,123.323339,-38.266545,
0.000000,0.000000,0.000000,0.000000,0.000000,0.000000,0.000000,0.000000,0.000000,0.000000,0.000000,0.000000,0.000000,0.000000,0.000000,0.000000,0.000000,0.000000,0.000000,0.000000,0.000000,0.000000,0.000000,0.000000,0.000000,0.000000,0.000000,0.000000,0.000000,0.000000,0.000000,0.000000,0.000000,0.000000,0.000000,0.000000,0.000000,0.000000,0.000000,0.000000,0.000000,0.000000,0.000000,0.000000,0.000000,0.000000,0.000000,0.000000,0.000000,0.000000,0.000000,0.000000,345.540269,498.803602,-235.730626,345.461508,508.402700,-215.350310,347.244639,0.000000,-215.326817,349.209684,507.476999,-215.321564,0.000000,508.853145,-225.678045,335.332136,0.000000,-225.722822,332.230165,509.538943,-225.725527,344.738362,505.239728,-99.221832,321.574164,507.281706,-153.641203,345.276877,490.259655,-0.000000,338.966467,490.765606,-207.854722,362.346965,470.220144,-40.958459,281.132998,0.000000,-89.250473,419.840268,466.760034,-139.184353,244.602339,404.160025,-64.404402,0.000000,508.977150,-356.449189,218.633515,361.142086,-112.884109,433.339772,523.618796,-0.000000,208.136885,344.746643,-125.397047,425.883107,527.208545,-399.412479,213.329633,344.042713,-154.844423,423.890991,520.941907,-364.049220,216.403067,349.861299,-126.019678,0.000000,338.509140,21.334728,309.112224,334.999141,-21.318440,381.189960,259.488325,-95.652999,311.142583,243.705686,-67.130993,350.193812,202.086838,171.041839,305.405692,158.276069,86.702767,341.887187,200.036568,194.547984,301.146834,147.883589,0.000000,357.133368,156.915019,117.156811,0.000000,123.323339,-23.107418,
0.000000,0.000000,0.000000,0.000000,0.000000,0.000000,0.000000,0.000000,0.000000,0.000000,0.000000,0.000000,0.000000,0.000000,0.000000,0.000000,0.000000,0.000000,0.000000,0.000000,0.000000,0.000000,0.000000,0.000000,0.000000,0.000000,0.000000,0.000000,0.000000,0.000000,0.000000,0.000000,0.000000,0.000000,0.000000,0.000000,0.000000,0.000000,0.000000,0.000000,0.000000,0.000000,0.000000,0.000000,0.000000,0.000000,0.000000,0.000000,0.000000,0.000000,0.000000,0.000000,345.540269,498.803602,-255.374845,346.906953,508.402700,-234.635413,347.244639,0.000000,-234.609815,349.209684,507.476999,-234.604092,338.568568,508.853145,-0.000000,335.332136,508.229835,-243.715221,332.230165,509.538943,-243.718141,346.205334,505.239728,-0.000000,320.188068,507.281706,-157.777061,346.721550,490.259655,-212.255611,0.000000,490.765606,-222.701488,363.888867,470.220144,-68.443672,0.000000,454.680688,-0.000000,419.840268,0.000000,-182.763264,248.327248,396.273976,-61.828226,439.398016,483.314437,-421.656613,227.207378,343.841867,-118.950010,0.000000,499.417928,-467.848221,218.469921,327.067328,-134.235879,436.619656,500.626601,-476.478441,223.699823,326.285670,-163.214391,0.000000,494.675928,-431.677944,228.100530,332.258215,-131.991519,356.856120,334.380980,15.793240,310.433217,332.219065,-15.781183,373.410573,249.003949,26.764793,312.596521,243.705686,-8.340149,350.193812,185.522343,316.075782,306.727795,159.352777,183.943100,340.438513,0.000000,341.387581,302.428310,147.883589,198.790660,357.133368,143.838767,260.521270,323.023824,123.323339,86.375166,
0.000000,0.000000,0.000000,0.000000,0.000000,0.000000,0.000000,0.000000,0.000000,0.000000,0.000000,0.000000,0.000000,0.000000,0.000000,0.000000,0.000000,0.000000,0.000000,0.000000,0.000000,0.000000,0.000000,0.000000,0.000000,0.000000,0.000000,0.000000,0.000000,0.000000,0.000000,0.000000,0.000000,0.000000,0.000000,0.000000,0.000000,0.000000,0.000000,0.000000,0.000000,0.000000,0.000000,0.000000,0.000000,0.000000,0.000000,0.000000,0.000000,0.000000,0.000000,0.000000,345.540269,498.803602,-255.374845,346.906953,508.402700,-236.242504,348.697545,508.949180,-236.216732,349.209684,507.476999,-236.210970,338.568568,508.853145,-245.302223,335.332136,508.229835,-245.350894,332.230165,509.538943,-245.353834,346.205334,505.239728,-0.000000,320.188068,507.281706,-164.670158,346.721550,490.259655,-212.255611,338.966467,490.765606,-224.186164,365.430769,468.368883,-70.642489,282.393684,452.847298,-94.659592,419.840268,447.472429,-182.763264,254.535429,390.359439,-85.013810,444.649785,459.790283,-427.090565,241.497150,333.029229,-153.323450,455.006761,470.816901,-476.597934,0.000000,313.807841,-171.800916,445.566780,471.829496,-485.041325,0.000000,312.967888,-200.879251,441.553116,468.409950,-439.793391,242.722359,316.855516,-165.831950,359.805344,331.628873,14.407868,313.075202,329.438989,-14.396868,364.075309,243.761760,63.159272,314.050458,242.373961,10.422887,348.716201,172.270747,321.135106,308.049898,159.352777,0.000000,338.989838,168.162609,343.075393,304.991262,148.955209,240.519447,357.133368,131.696534,250.634066,323.023824,123.323339,130.168200,
0.000000,0.000000,0.000000,0.000000,0.000000,0.000000,0.000000,0.000000,0.000000,0.000000,0.000000,0.000000,0.000000,0.000000,0.000000,0.000000,0.000000,0.000000,0.000000,0.000000,0.000000,0.000000,0.000000,0.000000,0.000000,0.000000,0.000000,0.000000,0.000000,0.000000,0.000000,0.000000,0.000000,0.000000,0.000000,0.000000,0.000000,0.000000,0.000000,0.000000,0.000000,0.000000,0.000000,0.000000,0.000000,0.000000,0.000000,0.000000,0.000000,0.000000,0.000000,0.000000,345.540269,498.803602,-217.723426,346.906953,508.402700,-204.100667,348.697545,508.949180,-204.078401,350.670812,0.000000,-204.073423,338.568568,508.853145,-210.959912,335.332136,0.000000,-211.001768,332.230165,509.538943,-211.004297,347.672305,505.239728,-111.291514,320.188068,507.281706,-145.369486,0.000000,490.259655,-183.377297,338.966467,490.765606,-191.523279,366.972671,468.368883,-53.051953,284.915056,451.013908,-88.348953,0.000000,439.757387,-139.184353,261.985246,384.444902,-81.149546,446.400375,434.127569,-348.298261,255.786922,320.054064,-139.169681,458.617926,440.015795,-389.100797,252.421328,302.758270,-151.913543,452.724479,0.000000,-402.266774,257.773306,301.869735,-0.000000,448.617966,437.766308,-358.638922,261.730737,0.000000,-149.907041,359.805344,330.252820,16.070314,314.396194,329.438989,-16.058046,357.851799,242.451213,66.467861,314.050458,241.042236,17.928101,347.238590,168.957848,287.406282,308.049898,159.352777,203.391166,337.541164,162.667099,305.943541,304.991262,148.955209,216.933611,355.539022,129.828498,227.563923,0.000000,123.323339,0.000000,
0.000000,0.000000,0.000000,0.000000,0.000000,0.000000,0.000000,0.000000,0.000000,0.000000,0.000000,0.000000,0.000000,0.000000,0.000000,0.000000,0.000000,0.000000,0.000000,0.000000,0.000000,0.000000,0.000000,0.000000,0.000000,0.000000,0.000000,0.000000,0.000000,0.000000,0.000000,0.000000,0.000000,0.000000,0.000000,0.000000,0.000000,0.000000,0.000000,0.000000,0.000000,0.000000,0.000000,0.000000,0.000000,0.000000,0.000000,0.000000,0.000000,0.000000,0.000000,0.000000,345.540269,500.782981,-196.442189,346.906953,508.402700,-0.000000,348.697545,508.949180,-181.581569,350.670812,509.498820,-181.577140,0.000000,508.853145,-189.700386,335.332136,510.238648,-189.738024,330.822410,509.538943,-189.740298,349.139277,507.252635,-97.880756,320.188068,507.281706,-127.447435,348.166223,490.259655,-161.718561,338.966467,490.765606,-172.222484,370.056475,464.666362,-42.057867,288.697115,451.013908,-87.447433,414.761555,430.113585,-97.281555,269.435064,380.501877,-87.589986,446.400375,412.741975,-323.845477,270.076695,322.216592,-137.147713,460.423508,411.414769,-0.000000,267.182809,302.758270,-154.123252,456.303329,412.020123,-370.869530,277.032232,0.000000,-175.769344,450.384178,411.500330,-355.933773,279.276931,0.000000,-145.925814,359.805344,328.876766,23.274248,315.717186,328.048951,-23.533343,356.295922,241.140666,71.430744,316.958333,239.710511,19.178970,345.760979,166.749248,0.000000,308.049898,159.352777,198.087148,334.643814,158.270691,287.377615,304.991262,148.955209,211.490726,0.000000,128.894480,211.085250,323.023824,123.323339,118.377768,
0.000000,0.000000,0.000000,0.000000,0.000000,0.000000,0.000000,0.000000,0.000000,0.000000,0.000000,0.000000,0.000000,0.000000,0.000000,0.000000,0.000000,0.000000,0.000000,0.000000,0.000000,0.000000,0.000000,0.000000,0.000000,0.000000,0.000000,0.000000,0.000000,0.000000,0.000000,0.000000,0.000000,0.000000,0.000000,0.000000,0.000000,0.000000,0.000000,0.000000,0.000000,0.000000,0.000000,0.000000,0.000000,0.000000,0.000000,0.000000,0.000000,0.000000,0.000000,0.000000,345.540269,500.782981,-198.079207,0.000000,0.000000,-181.601381,348.697545,508.949180,-181.581569,350.670812,509.498820,-181.577140,339.991125,508.853145,-189.700386,335.332136,510.238648,-189.738024,332.230165,509.538943,-189.740298,349.139277,507.252635,-92.516453,320.188068,507.281706,-121.932957,349.610896,490.259655,-161.718561,340.384737,490.765606,-172.222484,0.000000,462.815102,-32.163190,293.739859,449.180518,-80.235273,411.375746,0.000000,-52.026533,0.000000,382.473390,-0.000000,0.000000,391.356380,-242.336196,284.366467,328.704174,-153.323450,456.812343,382.813742,-284.104233,286.372735,309.388013,-176.220332,454.513904,383.223018,-310.929338,293.328245,310.748257,-198.786759,448.617966,385.234351,-261.253560,0.000000,319.055902,-161.850722,361.279956,327.500713,24.659620,318.359171,326.658913,-24.917657,354.740045,241.140666,61.504977,319.866207,0.000000,6.670280,345.760979,165.644949,231.753722,308.049898,159.352777,171.567058,334.643814,0.000000,243.494517,0.000000,148.955209,0.000000,355.539022,128.894480,158.353494,323.023824,122.403016,81.322124,
0.000000,0.000000,0.000000,0.000000,0.000000,0.000000,0.000000,0.000000,0.000000,0.000000,0.000000,0.000000,0.000000,0.000000,0.000000,0.000000,0.000000,0.000000,0.000000,0.000000,0.000000,0.000000,0.000000,0.000000,0.000000,0.000000,0.000000,0.000000,0.000000,0.000000,0.000000,0.000000,0.000000,0.000000,0.000000,0.000000,0.000000,0.000000,0.000000,0.000000,0.000000,0.000000,0.000000,0.000000,0.000000,0.000000,0.000000,0.000000,0.000000,0.000000,0.000000,0.000000,346.980020,0.000000,-242.278699,346.906953,0.000000,-0.000000,350.150452,508.949180,-223.361399,352.131941,509.498820,-223.355951,339.991125,508.853145,-230.584090,335.332136,510.238648,-230.629840,332.230165,509.538943,-230.632604,350.606249,507.252635,-105.927211,321.574164,505.292366,-141.233628,351.055569,490.259655,-197.816454,340.384737,490.765606,-209.339398,374.682181,460.963842,-24.467331,296.261231,0.000000,-93.758072,406.297033,412.754741,1.609049,278.126518,386.416414,-131.384979,442.899196,372.109345,-149.959011,298.656239,333.029229,-268.575573,455.006761,360.812952,-184.940812,302.610364,316.017756,-302.173691,450.935055,361.071398,-216.737607,309.624259,319.626779,-322.243798,445.085541,363.346036,-166.573346,309.982772,327.857444,-277.306310,362.754568,326.124660,29.924034,321.001156,326.658913,-30.178051,354.740045,0.000000,38.344854,324.228019,239.710511,-0.000000,344.283368,164.540649,219.948634,308.049898,159.352777,159.191015,333.195140,157.171589,231.679836,304.991262,150.026830,169.761939,355.539022,127.960462,140.226954,323.023824,122.403016,54.372565,
0.000000,0.000000,0.000000,0.000000,0.000000,0.000000,0.000000,0.000000,0.000000,0.000000,0.000000,0.000000,0.000000,0.000000,0.000000,0.000000,0.000000,0.000000,0.000000,0.000000,0.000000,0.000000,0.000000,0.000000,0.000000,0.000000,0.000000,0.000000,0.000000,0.000000,0.000000,0.000000,0.000000,0.000000,0.000000,0.000000,0.000000,0.000000,0.000000,0.000000,0.000000,0.000000,0.000000,0.000000,0.000000,0.000000,0.000000,0.000000,0.000000,0.000000,0.000000,0.000000,346.980020,500.782981,-266.833973,348.352399,508.402700,-247.492147,0.000000,508.949180,-247.465147,0.000000,509.498820,-247.459111,339.991125,508.853145,-255.114312,336.747040,508.229835,-255.164929,0.000000,509.538943,-255.167987,352.073221,0.000000,-127.384424,322.960259,505.292366,-163.291538,351.055569,490.259655,-220.919105,0.000000,490.765606,-231.609547,376.224083,459.112581,-26.666148,300.043289,0.000000,-119.902150,404.604129,0.000000,33.455175,281.851426,388.387927,-194.501293,435.896837,359.277988,-60.298803,308.659079,363.304614,-0.000000,447.784431,343.212320,-82.860819,318.847993,355.796215,-410.449386,447.356205,341.134941,-113.982992,0.000000,364.019387,-422.683424,441.553116,348.024215,-74.598281,321.680235,367.464383,-376.836990,364.229180,326.124660,32.140629,322.322148,326.658913,-32.116091,356.295922,241.140666,54.887799,327.135894,239.710511,-13.343625,344.283368,0.000000,245.245252,309.372000,163.659609,171.567058,333.195140,159.369793,258.684820,306.272738,157.528171,186.090595,353.944677,127.960462,163.297096,0.000000,123.323339,79.637776,
0.000000,0.000000,0.000000,0.000000,0.000000,0.000000,0.000000,0.000000,0.000000,0.000000,0.000000,0.000000,0.000000,0.000000,0.000000,0.000000,0.000000,0.000000,0.000000,0.000000,0.000000,0.000000,0.000000,0.000000,0.000000,0.000000,0.000000,0.000000,0.000000,0.000000,0.000000,0.000000,0.000000,0.000000,0.000000,0.000000,0.000000,0.000000,0.000000,0.000000,0.000000,0.000000,0.000000,0.000000,0.000000,0.000000,0.000000,0.000000,0.000000,0.000000,0.000000,0.000000,348.419771,0.000000,-0.000000,348.352399,508.402700,-237.849596,351.603358,508.949180,-237.823648,353.593069,509.498820,-237.817847,341.413682,508.853145,-245.302223,336.747040,508.229835,-245.350894,332.230165,507.532884,-245.353834,352.073221,505.239728,-124.702273,322.960259,503.303026,-160.534300,351.055569,490.259655,-210.811695,341.803007,490.765606,-221.216811,377.765985,459.112581,-26.666148,300.043289,451.013908,-123.508230,401.218320,399.253417,33.455175,284.334699,392.330951,-226.703494,423.642709,350.723751,-38.562995,318.661920,0.000000,-410.113268,435.145355,334.412004,-53.695106,329.181030,395.574673,-448.014423,433.040806,334.489455,-82.585748,331.846096,406.192365,-451.978314,429.189628,339.268889,-50.251941,328.991149,407.071323,-414.658648,365.703793,326.124660,33.526001,323.643141,326.658913,-33.777268,357.851799,242.451213,54.887799,332.951643,242.373961,-15.845363,344.283368,166.749248,243.558811,309.372000,173.349980,0.000000,333.195140,161.567997,0.000000,306.272738,170.387614,200.604955,353.944677,129.828498,169.888566,321.649254,131.606250,108.271683,
0.000000,0.000000,0.000000,0.000000,0.000000,0.000000,0.000000,0.000000,0.000000,0.000000,0.000000,0.000000,0.000000,0.000000,0.000000,0.000000,0.000000,0.000000,0.000000,0.000000,0.000000,0.000000,0.000000,0.000000,0.000000,0.000000,0.000000,0.000000,0.000000,0.000000,0.000000,0.000000,0.000000,0.000000,0.000000,0.000000,0.000000,0.000000,0.000000,0.000000,0.000000,0.000000,0.000000,0.000000,0.000000,0.000000,0.000000,0.000000,0.000000,0.000000,0.000000,0.000000,348.419771,500.782981,-230.819572,349.797845,508.402700,-215.350310,351.603358,508.949180,-0.000000,353.593069,509.498820,-215.321564,341.413682,508.853145,-0.000000,338.161944,508.229835,-222.451477,0.000000,507.532884,-222.454142,353.540192,0.000000,-101.903984,0.000000,503.303026,-135.719151,352.500243,490.259655,-186.265128,343.221276,490.765606,-195.977309,377.765985,459.112581,-2.479160,302.564662,454.680688,-117.197590,397.832512,397.324657,43.511847,288.059607,402.188513,-262.769958,0.000000,346.446632,-19.544163,328.664761,428.180438,-454.596544,420.700696,330.011846,-27.445965,340.990215,437.563047,-494.418293,416.935983,330.059131,-54.042800,340.734830,446.145712,-487.550682,415.059929,334.891226,-28.610749,337.764247,442.277491,-454.470919,365.703793,327.500713,44.331901,324.964133,329.438989,-44.574920,357.851799,245.072307,53.233505,341.675267,250.364312,-72.134469,344.283368,168.957848,238.499487,310.694103,191.654016,145.046967,333.195140,161.567997,241.806705,306.272738,190.748398,166.133349,355.539022,130.762516,155.057760,0.000000,147.251748,93.112556,
0.000000,0.000000,0.000000,0.000000,0.000000,0.000000,0.000000,0.000000,0.000000,0.000000,0.000000,0.000000,0.000000,0.000000,0.000000,0.000000,0.000000,0.000000,0.000000,0.000000,0.000000,0.000000,0.000000,0.000000,0.000000,0.000000,0.000000,0.000000,0.000000,0.000000,0.000000,0.000000,0.000000,0.000000,0.000000,0.000000,0.000000,0.000000,0.000000,0.000000,0.000000,0.000000,0.000000,0.000000,0.000000,0.000000,0.000000,0.000000,0.000000,0.000000,0.000000,0.000000,348.419771,498.803602,-242.278699,349.797845,508.402700,-226.599953,351.603358,508.949180,-226.575232,353.593069,509.498820,-226.569706,341.413682,508.853145,-233.854786,0.000000,508.229835,-233.901185,0.000000,507.532884,-233.903988,355.007164,507.252635,-112.632590,324.346355,503.303026,-148.126725,352.500243,0.000000,-197.816454,343.221276,490.765606,-207.854722,379.307887,459.112581,-9.075611,302.564662,458.347468,-138.834069,392.753799,397.324657,28.426840,302.959242,406.131537,-292.395983,402.635632,348.585191,-16.827186,338.667601,451.968240,-0.000000,406.256036,332.211925,-21.612823,345.418660,468.501848,-518.725081,402.620584,332.274293,-42.625620,0.000000,475.000907,-0.000000,399.164017,339.268889,-25.905600,340.688613,468.682118,-480.348896,365.703793,330.252820,45.717273,324.964133,332.219065,-45.682371,356.295922,249.003949,36.690560,350.398891,259.686387,-133.427052,344.283368,167.853548,164.296074,313.338308,208.881343,86.702767,334.643814,160.468895,0.000000,306.272738,208.965941,0.000000,355.539022,129.828498,89.143066,0.000000,162.897247,44.266480,
0.000000,0.000000,0.000000,0.000000,0.000000,0.000000,0.000000,0.000000,0.000000,0.000000,0.000000,0.000000,0.000000,0.000000,0.000000,0.000000,0.000000,0.000000,0.000000,0.000000,0.000000,0.000000,0.000000,0.000000,0.000000,0.000000,0.000000,0.000000,0.000000,0.000000,0.000000,0.000000,0.000000,0.000000,0.000000,0.000000,0.000000,0.000000,0.000000,0.000000,0.000000,0.000000,0.000000,0.000000,0.000000,0.000000,0.000000,0.000000,0.000000,0.000000,0.000000,0.000000,0.000000,500.782981,-219.360444,349.797845,508.402700,-204.100667,351.603358,508.949180,-204.078401,355.054197,509.498820,-204.073423,341.413682,508.853145,-209.324564,0.000000,508.229835,-209.366096,333.637920,507.532884,-211.004297,356.474136,507.252635,-91.175377,325.732450,503.303026,-121.932957,352.500243,492.205129,-174.713802,343.221276,490.765606,-184.099896,380.849789,459.112581,0.819066,305.086034,460.180858,-123.508230,391.060895,399.253417,26.750728,302.959242,421.903636,-261.481870,392.132094,350.723751,-27.695091,338.667601,467.105932,-448.530643,393.616960,336.612083,-33.279108,345.418660,481.761334,-0.000000,391.884035,336.704617,-54.042800,343.697742,483.879429,-477.088221,388.566742,341.457720,-34.021047,342.150795,479.684045,-448.499079,365.703793,333.004927,42.946530,324.964133,0.000000,-42.913743,356.295922,255.556684,-3.012508,354.760703,279.662263,-189.716158,344.283368,165.644949,112.016397,314.660410,225.031962,-1.697535,334.643814,157.171589,118.596469,306.272738,227.183485,15.546858,355.539022,129.828498,31.467708,318.900115,183.144362,-56.794367,
0.000000,0.000000,0.000000,0.000000,0.000000,0.000000,0.000000,0.000000,0.000000,0.000000,0.000000,0.000000,0.000000,0.000000,0.000000,0.000000,0.000000,0.000000,0.000000,0.000000,0.000000,0.000000,0.000000,0.000000,0.000000,0.000000,0.000000,0.000000,0.000000,0.000000,0.000000,0.000000,0.000000,0.000000,0.000000,0.000000,0.000000,0.000000,0.000000,0.000000,0.000000,0.000000,0.000000,0.000000,0.000000,0.000000,0.000000,0.000000,0.000000,0.000000,0.000000,0.000000,351.299274,500.782981,-171.886915,352.688736,510.420171,-0.000000,0.000000,510.968820,-155.870904,355.054197,511.520641,-155.867102,345.681353,508.853145,-166.805512,342.406654,508.229835,-166.838608,337.861185,507.532884,-166.840607,356.474136,509.265542,-54.966330,329.890737,505.292366,-102.632286,355.389589,492.205129,-129.952415,346.057816,490.765606,-144.013629,382.391691,460.963842,26.105462,306.346720,462.014247,-109.985431,382.596373,401.182178,36.807399,297.992697,435.704222,-248.600990,374.626197,352.862310,-24.978115,327.235783,480.081097,-412.135236,0.000000,338.812162,-33.279108,333.609475,492.810906,-448.014423,377.568637,338.919779,-51.188505,339.253375,0.000000,-435.238377,376.203255,343.646552,-34.021047,333.377698,492.886359,-410.677421,365.703793,338.509140,42.946530,324.964133,343.339369,-42.913743,356.295922,255.556684,-22.864041,359.122515,296.974689,-256.012217,344.283368,164.540649,74.914691,317.304616,239.029166,-0.000000,334.643814,157.171589,79.776805,304.991262,238.971307,-91.496552,355.539022,129.828498,-0.000000,318.900115,195.108567,-161.223910,
0.000000,0.000000,0.000000,0.000000,0.000000,0.000000,0.000000,0.000000,0.000000,0.000000,0.000000,0.000000,0.000000,0.000000,0.000000,0.000000,0.000000,0.000000,0.000000,0.000000,0.000000,0.000000,0.000000,0.000000,0.000000,0.000000,0.000000,0.000000,0.000000,0.000000,0.000000,0.000000,0.000000,0.000000,0.000000,0.000000,0.000000,0.000000,0.000000,0.000000,0.000000,0.000000,0.000000,0.000000,0.000000,0.000000,0.000000,0.000000,0.000000,0.000000,0.000000,0.000000,352.739025,500.782981,-116.228295,352.688736,508.402700,-101.246788,354.509171,508.949180,-101.235742,356.515326,509.498820,-101.233273,345.681353,508.853145,-109.568326,342.406654,508.229835,-109.590066,340.676695,507.532884,-109.591379,356.474136,507.252635,-0.000000,332.662928,503.303026,-0.000000,355.389589,492.205129,-80.859280,347.476086,490.765606,-90.565272,380.849789,460.963842,45.894816,310.128778,463.847637,-64.007915,377.517660,406.968459,20.046280,300.475970,461.333882,-225.415405,379.877966,378.525024,-68.449731,335.809647,512.519009,-369.673927,380.977883,365.213110,-82.860819,342.466363,525.959622,-401.610554,0.000000,374.362370,-96.857223,343.697742,530.491667,-366.186134,376.203255,378.667857,-77.303430,340.688613,523.691756,-356.930854,0.000000,341.261247,38.790414,324.964133,346.119444,-38.483937,354.740045,258.177778,-50.987048,359.122515,304.965039,-222.238753,344.283368,165.644949,26.007896,319.948821,250.872953,-58.273729,334.643814,157.171589,29.142461,308.835690,251.830750,-42.510585,355.539022,129.828498,-54.221394,320.274685,206.152448,-98.903054,
0.000000,0.000000,0.000000,0.000000,0.000000,0.000000,0.000000,0.000000,0.000000,0.000000,0.000000,0.000000,0.000000,0.000000,0.000000,0.000000,0.000000,0.000000,0.000000,0.000000,0.000000,0.000000,0.000000,0.000000,0.000000,0.000000,0.000000,0.000000,0.000000,0.000000,0.000000,0.000000,0.000000,0.000000,0.000000,0.000000,0.000000,0.000000,0.000000,0.000000,0.000000,0.000000,0.000000,0.000000,0.000000,0.000000,0.000000,0.000000,0.000000,0.000000,0.000000,0.000000,0.000000,500.782981,-76.939857,354.134182,508.402700,-59.462399,355.962078,508.949180,-59.455912,357.976454,509.498820,-59.454462,347.103910,508.853145,-65.413926,345.236461,508.229835,-65.426905,342.084450,507.532884,-65.427689,357.941108,507.252635,30.862523,335.435119,503.303026,4.900026,356.834262,492.205129,-43.317472,348.894355,490.765606,-50.479004,0.000000,462.815102,68.982395,312.650150,465.681027,-34.257757,369.053139,443.614908,13.341832,307.925787,486.963542,-163.587180,371.125018,455.513164,-57.581827,342.954533,534.144283,-195.784759,371.949971,457.616427,-68.277962,349.847104,548.058765,-215.995077,370.410938,462.968848,-68.314274,349.623565,550.468341,-202.971743,0.000000,461.843455,-61.072537,347.999527,543.495226,-191.709926,362.754568,345.389407,34.634298,0.000000,348.899520,-34.607857,354.740045,0.000000,-49.332753,360.576452,318.282290,-256.012217,344.283368,165.644949,-2.661604,0.000000,259.486617,-136.065995,334.643814,0.000000,-2.925956,311.398641,258.260471,-124.153863,355.539022,0.000000,-0.000000,327.147532,212.594712,-179.751732,
0.000000,0.000000,0.000000,0.000000,0.000000,0.000000,0.000000,0.000000,0.000000,0.000000,0.000000,0.000000,0.000000,0.000000,0.000000,0.000000,0.000000,0.000000,0.000000,0.000000,0.000000,0.000000,0.000000,0.000000,0.000000,0.000000,0.000000,0.000000,0.000000,0.000000,0.000000,0.000000,0.000000,0.000000,0.000000,0.000000,0.000000,0.000000,0.000000,0.000000,0.000000,0.000000,0.000000,0.000000,0.000000,0.000000,0.000000,0.000000,0.000000,0.000000,0.000000,0.000000,354.178776,500.782981,-68.754766,354.134182,508.402700,-48.212756,355.962078,508.949180,-48.207496,357.976454,507.476999,-48.206320,347.103910,508.853145,-55.601837,345.236461,508.229835,-55.612869,342.084450,0.000000,-55.613536,357.941108,505.239728,44.273281,335.435119,503.303026,15.928981,356.834262,492.205129,-33.210062,347.476086,490.765606,-41.570944,377.765985,462.815102,86.572932,312.650150,465.681027,-25.242558,367.360234,453.258711,45.187959,312.892332,492.878079,-0.000000,371.125018,466.205961,15.776526,344.383510,542.794393,-131.081812,370.144389,468.616822,7.552889,351.323252,556.898423,-147.494127,368.621513,0.000000,8.751687,351.105021,559.346863,-142.289469,367.372192,470.598781,11.966485,349.461710,0.000000,-130.000905,361.279956,346.765461,35.188447,323.643141,351.679596,-34.884720,354.740045,260.798873,-34.444103,366.392201,331.599541,-271.022645,344.283368,165.644949,0.711278,327.881436,269.176988,-210.322249,334.643814,156.072487,-1.238145,315.243069,266.833433,-203.982846,355.539022,129.828498,-85.530874,332.645810,222.718269,-267.337799,
0.000000,0.000000,0.000000,0.000000,0.000000,0.000000,0.000000,0.000000,0.000000,0.000000,0.000000,0.000000,0.000000,0.000000,0.000000,0.000000,0.000000,0.000000,0.000000,0.000000,0.000000,0.000000,0.000000,0.000000,0.000000,0.000000,0.000000,0.000000,0.000000,0.000000,0.000000,0.000000,0.000000,0.000000,0.000000,0.000000,0.000000,0.000000,0.000000,0.000000,0.000000,0.000000,0.000000,0.000000,0.000000,0.000000,0.000000,0.000000,0.000000,0.000000,0.000000,0.000000,354.178776,500.782981,-70.391784,355.579627,506.385229,-49.819848,357.414984,506.929541,-49.814413,0.000000,507.476999,-49.813198,348.526467,506.841868,-57.237185,0.000000,506.221021,-57.248542,342.084450,507.532884,-57.249228,359.408079,503.226821,44.273281,335.435119,503.303026,17.307600,356.834262,492.205129,-34.653977,0.000000,490.765606,-43.055621,377.765985,462.815102,90.970566,312.650150,465.681027,-20.734958,374.131852,455.187471,117.260772,314.133969,496.821104,-104.335131,371.125018,472.621640,167.927183,345.812487,549.281976,-84.576570,371.949971,475.217059,173.797449,352.799400,561.318252,-98.880550,0.000000,478.474982,171.446495,352.586477,563.786124,-94.162149,369.138405,477.165276,0.000000,350.923893,558.897924,-84.216793,361.279956,346.765461,35.188447,323.643141,351.679596,-34.884720,354.740045,259.488325,-29.481219,366.392201,338.258166,-287.283943,344.283368,165.644949,10.829925,327.881436,273.483820,-224.466297,333.195140,154.973385,8.888724,0.000000,267.905053,-216.682912,355.539022,129.828498,-77.291537,335.394949,0.000000,-280.812579,
0.000000,0.000000,0.000000,0.000000,0.000000,0.000000,0.000000,0.000000,0.000000,0.000000,0.000000,0.000000,0.000000,0.000000,0.000000,0.000000,0.000000,0.000000,0.000000,0.000000,0.000000,0.000000,0.000000,0.000000,0.000000,0.000000,0.000000,0.000000,0.000000,0.000000,0.000000,0.000000,0.000000,0.000000,0.000000,0.000000,0.000000,0.000000,0.000000,0.000000,0.000000,0.000000,0.000000,0.000000,0.000000,0.000000,0.000000,0.000000,0.000000,0.000000,0.000000,0.000000,354.178776,500.782981,-72.028803,355.579627,0.000000,-51.426940,357.414984,506.929541,-51.421329,359.437583,507.476999,-51.420075,348.526467,506.841868,-60.507882,0.000000,0.000000,-0.000000,343.492205,505.526826,-60.520612,360.875051,503.226821,45.614357,336.821215,501.313686,11.793122,358.278935,492.205129,-36.097893,348.894355,490.765606,-0.000000,376.224083,462.815102,96.467609,312.650150,467.514417,-27.947118,375.824756,447.472429,68.653526,314.133969,502.735641,-121.080275,376.376787,468.344521,64.682094,345.812487,551.444503,-120.971977,377.366718,462.016585,74.634028,352.799400,563.528166,-140.865003,0.000000,467.399172,43.003226,354.067932,566.005754,-136.011993,372.670830,466.221118,60.659167,352.386076,561.098310,-120.047837,359.805344,348.141514,38.790414,322.322148,354.459672,-38.760800,356.295922,259.488325,-31.135514,369.300076,339.589891,-274.775252,342.805757,164.540649,-4.348046,329.203539,272.407112,-226.234303,333.195140,153.874283,-7.989391,317.806021,266.833433,-0.000000,358.727713,129.828498,-95.418078,340.893227,228.240210,-292.603011,
0.000000,0.000000,0.000000,0.000000,0.000000,0.000000,0.000000,0.000000,0.000000,0.000000,0.000000,0.000000,0.000000,0.000000,0.000000,0.000000,0.000000,0.000000,0.000000,0.000000,0.000000,0.000000,0.000000,0.000000,0.000000,0.000000,0.000000,0.000000,0.000000,0.000000,0.000000,0.000000,0.000000,0.000000,0.000000,0.000000,0.000000,0.000000,0.000000,0.000000,0.000000,0.000000,0.000000,0.000000,0.000000,0.000000,0.000000,0.000000,0.000000,0.000000,0.000000,0.000000,355.618527,498.803602,-81.850912,357.025073,506.385229,-61.069491,358.867890,506.929541,-61.062829,0.000000,507.476999,-61.061339,349.949024,506.841868,-68.684622,346.651365,506.221021,-0.000000,344.899960,505.526826,-68.699073,362.342023,503.226821,36.226826,336.821215,501.313686,7.657264,359.723608,492.205129,-46.205303,350.312625,490.765606,-54.933034,376.224083,464.666362,87.672341,315.171523,467.514417,-27.947118,377.517660,0.000000,103.851876,315.375605,498.792616,-113.351747,374.626197,461.928842,132.606495,347.241464,551.444503,-106.818207,373.755554,462.016585,132.965452,354.275548,0.000000,-123.187339,372.200362,465.184010,128.632072,355.549388,566.005754,-117.179563,372.670830,466.221118,128.287891,353.848258,561.098310,-106.113542,359.805344,349.517568,38.790414,323.643141,354.459672,-38.483937,0.000000,259.488325,-27.826925,370.754013,336.926441,-284.782205,342.805757,165.644949,14.202808,0.000000,269.176988,-222.698291,0.000000,153.874283,12.264347,317.806021,264.690192,-0.000000,358.727713,129.828498,-73.995802,339.518657,227.319887,-282.496926,
0.000000,0.000000,0.000000,0.000000,0.000000,0.000000,0.000000,0.000000,0.000000,0.000000,0.000000,0.000000,0.000000,0.000000,0.000000,0.000000,0.000000,0.000000,0.000000,0.000000,0.000000,0.000000,0.000000,0.000000,0.000000,0.000000,0.000000,0.000000,0.000000,0.000000,0.000000,0.000000,0.000000,0.000000,0.000000,0.000000,0.000000,0.000000,0.000000,0.000000,0.000000,0.000000,0.000000,0.000000,0.000000,0.000000,0.000000,0.000000,0.000000,0.000000,0.000000,0.000000,0.000000,498.803602,-93.310040,0.000000,506.385229,-72.319134,360.320797,504.909901,-0.000000,362.359839,505.455178,-72.309481,351.371581,504.830591,-80.132059,348.066268,506.221021,-80.147959,344.899960,505.526826,-80.148919,362.342023,503.226821,26.839295,338.207310,501.313686,-7.507549,359.723608,492.205129,-56.312713,351.730895,490.765606,-65.325770,376.224083,462.815102,77.777664,315.171523,467.514417,-37.863837,379.210565,451.329950,78.710197,315.375605,496.821104,-121.080275,367.623838,470.483080,48.380238,348.670442,547.119448,-98.730339,0.000000,473.016980,42.551744,355.751696,0.000000,-114.348506,373.989787,476.259820,37.294636,357.030844,561.566493,-108.809594,372.670830,474.976444,44.428273,353.848258,556.697539,-98.151088,359.805344,349.517568,39.344563,323.643141,354.459672,-39.037663,353.184167,259.488325,-34.444103,370.754013,331.599541,-264.768300,342.805757,165.644949,0.000000,330.525641,261.640033,-196.178200,331.746465,153.874283,-1.238145,319.087497,258.260471,-189.468486,358.727713,129.828498,-0.000000,339.518657,0.000000,-257.231715,
0.000000,0.000000,0.000000,0.000000,0.000000,0.000000,0.000000,0.000000,0.000000,0.000000,0.000000,0.000000,0.000000,0.000000,0.000000,0.000000,0.000000,0.000000,0.000000,0.000000,0.000000,0.000000,0.000000,0.000000,0.000000,0.000000,0.000000,0.000000,0.000000,0.000000,0.000000,0.000000,0.000000,0.000000,0.000000,0.000000,0.000000,0.000000,0.000000,0.000000,0.000000,0.000000,0.000000,0.000000,0.000000,0.000000,0.000000,0.000000,0.000000,0.000000,0.000000,0.000000,357.058278,0.000000,-86.761967,358.470519,504.367758,-65.890767,360.320797,502.890261,-65.883578,362.359839,503.433358,-65.881971,351.371581,502.819314,-73.590667,348.066268,504.212208,-0.000000,346.307715,503.520767,-73.606150,362.342023,0.000000,28.180371,338.207310,0.000000,-4.750310,359.723608,490.259655,-51.980966,351.730895,488.825821,-60.871740,376.224083,462.815102,77.777664,0.000000,465.681027,-40.568397,379.210565,0.000000,102.175764,316.617241,494.849592,-117.216011,362.372069,506.838591,157.059279,351.528396,542.794393,-86.598537,375.561136,512.618402,0.000000,358.703993,554.688508,-98.880550,365.042663,529.423707,160.029316,359.993756,557.127232,-96.254641,372.670830,512.186581,158.044529,356.772624,552.296768,-86.207406,361.279956,346.765461,40.452860,324.964133,353.069634,-40.421977,350.072412,259.488325,-27.826925,369.300076,324.940915,-274.775252,342.805757,165.644949,22.635014,330.525641,0.000000,-226.234303,331.746465,154.973385,22.391215,317.806021,255.045610,-222.125797,358.727713,130.762516,-62.460731,338.144088,214.435359,-299.340401,
0.000000,0.000000,0.000000,0.000000,0.000000,0.000000,0.000000,0.000000,0.000000,0.000000,0.000000,0.000000,0.000000,0.000000,0.000000,0.000000,0.000000,0.000000,0.000000,0.000000,0.000000,0.000000,0.000000,0.000000,0.000000,0.000000,0.000000,0.000000,0.000000,0.000000,0.000000,0.000000,0.000000,0.000000,0.000000,0.000000,0.000000,0.000000,0.000000,0.000000,0.000000,0.000000,0.000000,0.000000,0.000000,0.000000,0.000000,0.000000,0.000000,0.000000,0.000000,0.000000,358.498029,494.844843,-73.665821,358.470519,502.350287,-0.000000,360.320797,502.890261,-54.635162,362.359839,501.411537,-54.633830,352.794138,502.819314,-0.000000,349.481172,502.203394,-63.791232,346.307715,501.514708,-63.791997,362.342023,499.201006,33.544675,339.593406,497.335006,-4.750310,361.168281,488.314180,-40.429640,0.000000,486.886036,-51.963680,376.224083,460.963842,72.280621,316.432209,465.681027,-49.583596,370.746043,464.831273,23.398504,315.375605,488.935055,-176.468060,364.122659,506.838591,-0.000000,352.957373,536.306811,-183.652956,377.366718,503.818086,-21.612823,360.180141,548.058765,-202.736829,370.410938,507.272087,-14.082672,0.000000,550.468341,-190.416790,374.437042,503.431254,-12.379855,358.234807,545.695611,-179.766245,361.279956,341.261247,42.946530,324.964133,350.289558,-42.913743,350.072412,259.488325,-4.666802,367.846138,312.955390,-0.000000,342.805757,165.644949,20.948572,329.203539,247.642829,-213.858261,331.746465,154.973385,19.015593,317.806021,249.687509,-202.168551,358.727713,130.762516,-62.460731,336.769518,199.710184,-258.916062,
0.000000,0.000000,0.000000,0.000000,0.000000,0.000000,0.000000,0.000000,0.000000,0.000000,0.000000,0.000000,0.000000,0.000000,0.000000,0.000000,0.000000,0.000000,0.000000,0.000000,0.000000,0.000000,0.000000,0.000000,0.000000,0.000000,0.000000,0.000000,0.000000,0.000000,0.000000,0.000000,0.000000,0.000000,0.000000,0.000000,0.000000,0.000000,0.000000,0.000000,0.000000,0.000000,0.000000,0.000000,0.000000,0.000000,0.000000,0.000000,0.000000,0.000000,0.000000,0.000000,358.498029,494.844843,-124.413386,358.470519,502.350287,-104.460971,360.320797,502.890261,-104.449575,362.359839,0.000000,-104.447027,0.000000,0.000000,-116.109719,349.481172,502.203394,-0.000000,346.307715,501.514708,-116.134148,362.342023,499.201006,1.358855,0.000000,0.000000,-44.730272,361.168281,488.314180,-85.191028,353.149165,486.886036,-97.988655,377.765985,460.963842,71.181213,315.171523,465.681027,-89.250473,372.438947,414.683501,0.000000,314.133969,479.077493,-257.617606,369.374428,384.940702,-117.355299,354.386350,534.144283,-355.520157,377.366718,374.013426,-135.359101,363.132437,543.638937,-388.352306,372.200362,378.792694,-145.380236,362.956667,0.000000,-372.463611,374.437042,383.045520,-125.996112,361.159173,0.000000,-350.959013,361.279956,341.261247,51.535835,324.964133,347.509482,-51.219628,353.184167,263.419967,-0.000000,367.846138,286.320888,-133.427052,342.805757,165.644949,-11.093810,0.000000,229.338794,0.000000,331.746465,154.973385,-11.365014,316.524545,231.469966,62.718530,358.727713,0.000000,-97.065945,335.394949,182.224039,7.210836,
0.000000,0.000000,0.000000,0.000000,0.000000,0.000000,0.000000,0.000000,0.000000,0.000000,0.000000,0.000000,0.000000,0.000000,0.000000,0.000000,0.000000,0.000000,0.000000,0.000000,0.000000,0.000000,0.000000,0.000000,0.000000,0.000000,0.000000,0.000000,0.000000,0.000000,0.000000,0.000000,0.000000,0.000000,0.000000,0.000000,0.000000,0.000000,0.000000,0.000000,0.000000,0.000000,0.000000,0.000000,0.000000,0.000000,0.000000,0.000000,0.000000,0.000000,0.000000,0.000000,362.817283,500.782981,-165.338842,361.361410,510.420171,-144.638268,0.000000,508.949180,-144.622489,362.359839,509.498820,-144.618961,357.061809,508.853145,-160.264119,353.725882,508.229835,-0.000000,350.530979,505.526826,-161.933530,360.875051,505.239728,-34.850192,340.979501,501.313686,-106.768144,364.057628,494.150604,-122.732836,355.985704,490.765606,-0.000000,379.307887,460.963842,51.391859,315.171523,465.681027,-141.538628,374.131852,405.039699,23.398504,307.925787,463.305395,-0.000000,0.000000,0.000000,-0.000000,351.528396,508.193954,-0.000000,370.144389,347.612478,-77.027676,360.180141,517.119964,-496.628001,372.200362,347.780427,-91.148633,359.993756,519.393515,-481.273205,372.670830,352.401878,-71.893132,358.234807,514.890214,-454.470919,359.805344,341.261247,64.281257,324.964133,344.729406,-64.232182,354.740045,264.730514,13.530437,366.392201,276.998813,-173.454861,341.328146,173.375046,86.719779,329.203539,205.651219,-45.897686,330.297791,158.270691,88.215862,316.524545,203.607840,-27.996224,357.133368,136.366623,5.101831,0.000000,153.694012,-90.481317,
0.000000,0.000000,0.000000,0.000000,0.000000,0.000000,0.000000,0.000000,0.000000,0.000000,0.000000,0.000000,0.000000,0.000000,0.000000,0.000000,0.000000,0.000000,0.000000,0.000000,0.000000,0.000000,0.000000,0.000000,0.000000,0.000000,0.000000,0.000000,0.000000,0.000000,0.000000,0.000000,0.000000,0.000000,0.000000,0.000000,0.000000,0.000000,0.000000,0.000000,0.000000,0.000000,0.000000,0.000000,0.000000,0.000000,0.000000,0.000000,0.000000,0.000000,0.000000,0.000000,364.257034,500.782981,-212.812371,361.361410,508.402700,-189.636840,363.226610,508.949180,-189.616152,363.820968,509.498820,-189.611527,0.000000,508.853145,-206.053867,353.725882,508.229835,-206.094751,350.530979,505.526826,-206.097220,360.875051,505.239728,-65.694936,340.979501,501.313686,-137.097770,0.000000,494.150604,-164.606392,0.000000,490.765606,-185.584573,379.307887,460.963842,40.397773,0.000000,465.681027,-162.273587,374.131852,0.000000,28.426840,302.959242,445.561784,-328.462448,374.626197,355.000870,-57.581827,352.957373,477.918569,-462.684412,373.755554,0.000000,-71.194534,364.608585,486.181163,-503.257125,0.000000,0.000000,-0.000000,364.438123,0.000000,-487.550682,372.670830,348.024215,-69.187983,359.696990,486.285202,-458.452147,359.805344,339.885194,70.653968,324.964133,341.949331,-70.600028,354.740045,264.730514,59.850683,362.030389,271.671913,-184.712682,336.895312,182.209444,164.296074,329.203539,188.423892,-60.041735,328.849116,160.468895,169.230812,316.524545,180.032196,-60.653535,357.133368,142.904749,85.847331,349.140644,143.570455,-178.067384,
0.000000,0.000000,0.000000,0.000000,0.000000,0.000000,0.000000,0.000000,0.000000,0.000000,0.000000,0.000000,0.000000,0.000000,0.000000,0.000000,0.000000,0.000000,0.000000,0.000000,0.000000,0.000000,0.000000,0.000000,0.000000,0.000000,0.000000,0.000000,0.000000,0.000000,0.000000,0.000000,0.000000,0.000000,0.000000,0.000000,0.000000,0.000000,0.000000,0.000000,0.000000,0.000000,0.000000,0.000000,0.000000,0.000000,0.000000,0.000000,0.000000,0.000000,0.000000,0.000000,0.000000,500.782981,-212.812371,362.806855,508.402700,-192.851024,363.226610,508.949180,-192.829985,365.282096,509.498820,-192.825281,355.639252,506.841868,-202.783171,353.725882,506.221021,-202.823405,0.000000,505.526826,-202.825836,365.275966,505.239728,-71.059240,340.979501,501.313686,-120.554338,365.502301,492.205129,-166.050308,355.985704,488.825821,-181.130543,380.849789,0.000000,28.304279,315.171523,463.847637,-136.129509,380.903469,397.324657,28.426840,0.000000,425.846661,-300.124511,386.880325,350.723751,-24.978115,0.000000,458.455822,-446.508676,388.200213,334.412004,-30.362537,364.608585,468.501848,-485.579460,382.936911,336.704617,-56.897095,364.438123,475.000907,-472.903236,381.501892,341.457720,-34.021047,359.696990,468.682118,-444.517851,359.805344,334.380980,64.281257,324.964133,0.000000,-64.232182,354.740045,258.177778,36.690560,354.760703,257.022937,-154.691825,333.940090,180.000844,150.804545,329.203539,177.656812,-45.897686,323.054418,163.766201,155.728321,315.243069,169.315993,-40.696290,358.727713,141.970731,75.960127,0.000000,136.207867,-142.696088,
0.000000,0.000000,0.000000,0.000000,0.000000,0.000000,0.000000,0.000000,0.000000,0.000000,0.000000,0.000000,0.000000,0.000000,0.000000,0.000000,0.000000,0.000000,0.000000,0.000000,0.000000,0.000000,0.000000,0.000000,0.000000,0.000000,0.000000,0.000000,0.000000,0.000000,0.000000,0.000000,0.000000,0.000000,0.000000,0.000000,0.000000,0.000000,0.000000,0.000000,0.000000,0.000000,0.000000,0.000000,0.000000,0.000000,0.000000,0.000000,0.000000,0.000000,0.000000,0.000000,362.817283,498.803602,-204.627280,362.806855,508.402700,-186.422657,0.000000,508.949180,-0.000000,366.743224,507.476999,-186.397772,355.639252,506.841868,-196.241778,352.310979,506.221021,-196.280715,0.000000,505.526826,-196.283067,365.275966,505.239728,-72.400315,339.593406,501.313686,-115.039860,365.502301,490.259655,-160.274645,355.985704,488.825821,-172.222484,382.391691,457.261321,23.906645,313.910836,463.847637,-119.902150,394.446703,397.324657,41.835735,299.234334,0.000000,-264.058046,399.134453,346.446632,-24.978115,352.957373,430.342965,-0.000000,402.644872,327.811767,-0.000000,363.132437,0.000000,-448.014423,397.252310,330.059131,-59.751390,362.956667,443.926082,-441.515853,393.865379,334.891226,-0.000000,359.696990,444.477877,-408.686807,359.805344,331.628873,0.000000,324.964133,330.829027,-61.186691,354.740045,250.314496,76.393628,347.491016,250.364312,-78.388814,335.417701,177.792245,206.457104,327.881436,169.043149,40.734610,323.054418,163.766201,0.000000,313.961593,159.671412,48.204169,358.727713,140.102695,135.283351,349.140644,129.765603,-53.425673,
0.000000,0.000000,0.000000,0.000000,0.000000,0.000000,0.000000,0.000000,0.000000,0.000000,0.000000,0.000000,0.000000,0.000000,0.000000,0.000000,0.000000,0.000000,0.000000,0.000000,0.000000,0.000000,0.000000,0.000000,0.000000,0.000000,0.000000,0.000000,0.000000,0.000000,0.000000,0.000000,0.000000,0.000000,0.000000,0.000000,0.000000,0.000000,0.000000,0.000000,0.000000,0.000000,0.000000,0.000000,0.000000,0.000000,0.000000,0.000000,0.000000,0.000000,0.000000,0.000000,364.257034,496.824223,-247.189754,364.252301,506.385229,-228.207045,0.000000,0.000000,-228.182149,366.743224,507.476999,-228.176583,357.061809,506.841868,-238.760830,353.725882,506.221021,-238.808203,349.123224,505.526826,-238.811065,366.742938,505.239728,-107.268287,339.593406,501.313686,-156.398441,366.946974,488.314180,-0.000000,357.403974,486.886036,-213.793428,383.933593,455.410060,-5.777385,313.910836,460.180858,-141.538628,401.218320,397.324657,41.835735,295.509425,406.131537,-257.617606,411.388581,346.446632,-30.412067,342.954533,402.230108,-0.000000,417.089531,327.811767,-44.945393,358.703993,397.784588,-0.000000,411.567709,327.843969,-71.168569,359.993756,410.631625,-439.423361,406.228866,334.891226,-39.431345,356.772624,411.472094,-402.714966,359.805344,326.124660,60.956365,324.964133,326.658913,-60.909828,354.740045,243.761760,135.948229,340.221330,243.705686,-20.848839,335.417701,173.375046,280.660517,325.237231,164.736317,114.990864,323.054418,162.667099,290.753237,312.680117,154.313310,124.404562,358.727713,138.234659,211.085250,347.766074,127.924956,0.000000,
0.000000,0.000000,0.000000,0.000000,0.000000,0.000000,0.000000,0.000000,0.000000,0.000000,0.000000,0.000000,0.000000,0.000000,0.000000,0.000000,0.000000,0.000000,0.000000,0.000000,0.000000,0.000000,0.000000,0.000000,0.000000,0.000000,0.000000,0.000000,0.000000,0.000000,0.000000,0.000000,0.000000,0.000000,0.000000,0.000000,0.000000,0.000000,0.000000,0.000000,0.000000,0.000000,0.000000,0.000000,0.000000,0.000000,0.000000,0.000000,0.000000,0.000000,0.000000,0.000000,364.257034,0.000000,-289.752228,364.252301,506.385229,-269.991434,366.132423,504.909901,-269.961979,368.204353,505.455178,-269.955394,357.061809,504.830591,-281.279882,353.725882,506.221021,-281.335691,349.123224,505.526826,-281.339062,366.742938,0.000000,-142.136258,339.593406,501.313686,-197.757023,366.946974,486.368705,-239.690010,357.403974,484.946251,-255.364373,383.933593,455.410060,-29.964373,312.650150,456.514078,-163.175107,402.911225,399.253417,0.000000,291.784516,402.188513,-252.465254,418.390940,348.585191,-49.430899,330.093738,376.279779,-0.000000,427.923025,330.011846,-68.277962,343.942511,366.845786,-430.336759,422.304257,327.843969,-96.857223,348.142109,375.117539,-439.423361,418.592354,334.891226,-61.072537,345.075161,378.466311,-398.733739,361.279956,0.000000,59.016844,324.964133,325.268875,-58.971788,354.740045,242.451213,124.368168,0.000000,242.373961,-0.000000,335.417701,168.957848,253.677458,321.270923,159.352777,86.702767,324.503093,158.270691,260.372631,310.117165,147.883589,93.561546,360.322059,136.366623,178.127903,0.000000,127.004633,-14.685681,
0.000000,0.000000,0.000000,0.000000,0.000000,0.000000,0.000000,0.000000,0.000000,0.000000,0.000000,0.000000,0.000000,0.000000,0.000000,0.000000,0.000000,0.000000,0.000000,0.000000,0.000000,0.000000,0.000000,0.000000,0.000000,0.000000,0.000000,0.000000,0.000000,0.000000,0.000000,0.000000,0.000000,0.000000,0.000000,0.000000,0.000000,0.000000,0.000000,0.000000,0.000000,0.000000,0.000000,0.000000,0.000000,0.000000,0.000000,0.000000,0.000000,0.000000,0.000000,0.000000,364.257034,492.865464,-301.211356,365.697747,504.367758,-282.848169,367.585329,502.890261,-282.817311,369.665481,503.433358,-282.810413,358.484366,502.819314,-295.998016,355.140786,504.212208,-296.056745,350.530979,503.520767,-296.060292,366.742938,501.213913,-160.911320,339.593406,501.313686,-221.193552,0.000000,484.423230,-252.685251,358.822244,0.000000,-270.211138,383.933593,455.410060,-51.952544,311.389464,454.680688,-170.387266,407.989938,0.000000,16.694056,288.059607,398.245488,-211.246437,427.143888,0.000000,-73.883683,314.374988,354.654504,-321.146717,436.950937,334.412004,-97.443675,323.276438,338.116900,-352.996977,431.251382,334.489455,-125.400172,0.000000,346.262344,-372.463611,427.423416,339.268889,-85.418877,328.991149,352.061685,-329.062264,362.754568,326.124660,47.933868,323.643141,326.658913,-0.000000,0.000000,243.761760,86.319394,328.589831,242.373961,-44.615351,336.895312,166.749248,192.965575,319.948821,158.276069,0.000000,324.503093,154.973385,199.611419,0.000000,145.740349,82.675776,360.322059,135.432605,127.044015,346.391505,127.924956,-28.160461,
0.000000,0.000000,0.000000,0.000000,0.000000,0.000000,0.000000,0.000000,0.000000,0.000000,0.000000,0.000000,0.000000,0.000000,0.000000,0.000000,0.000000,0.000000,0.000000,0.000000,0.000000,0.000000,0.000000,0.000000,0.000000,0.000000,0.000000,0.000000,0.000000,0.000000,0.000000,0.000000,0.000000,0.000000,0.000000,0.000000,0.000000,0.000000,0.000000,0.000000,0.000000,0.000000,0.000000,0.000000,0.000000,0.000000,0.000000,0.000000,0.000000,0.000000,0.000000,0.000000,364.257034,490.886084,-275.019064,365.697747,502.350287,-257.134699,367.585329,500.870622,-257.106647,369.665481,501.411537,-257.100375,358.484366,0.000000,-271.467793,355.140786,502.203394,-0.000000,350.530979,503.520767,-271.524909,366.742938,499.201006,-138.113031,339.593406,0.000000,-206.028739,366.946974,482.477755,-229.582600,358.822244,483.006466,-249.425666,383.933593,455.410060,-43.157276,307.607406,452.847298,-155.061427,409.682842,401.182178,-13.475959,283.093063,388.387927,-0.000000,432.395657,359.277988,-168.977844,297.227262,339.516812,-205.894594,442.367684,343.212320,-205.356810,298.181920,320.437585,-231.463034,436.619656,343.350103,-233.863377,308.142803,324.066040,-259.469032,430.955841,348.024215,-0.000000,308.520589,330.057829,-215.597289,362.754568,326.124660,40.452860,323.643141,326.658913,-40.421977,0.000000,245.072307,46.616327,325.681957,243.705686,-47.117089,336.895312,164.540649,152.490986,319.948821,158.276069,74.326725,325.951767,152.775181,155.728321,310.117165,145.740349,79.047185,358.727713,133.564570,54.537851,343.642366,128.845280,-38.266545,
0.000000,0.000000,0.000000,0.000000,0.000000,0.000000,0.000000,0.000000,0.000000,0.000000,0.000000,0.000000,0.000000,0.000000,0.000000,0.000000,0.000000,0.000000,0.000000,0.000000,0.000000,0.000000,0.000000,0.000000,0.000000,0.000000,0.000000,0.000000,0.000000,0.000000,0.000000,0.000000,0.000000,0.000000,0.000000,0.000000,0.000000,0.000000,0.000000,0.000000,0.000000,0.000000,0.000000,0.000000,0.000000,0.000000,0.000000,0.000000,0.000000,0.000000,0.000000,0.000000,364.257034,488.906705,-270.108009,365.697747,498.315345,-253.920515,367.585329,498.850982,-253.892814,369.665481,499.389716,-253.886621,358.484366,498.796759,-0.000000,355.140786,500.194581,-266.614638,350.530979,501.514708,-266.617832,366.742938,497.188099,-140.795182,339.593406,499.324346,-201.892881,366.946974,480.532280,-226.694768,358.822244,481.066681,-243.486960,383.933593,455.410060,-50.853136,305.086034,452.847298,-146.046228,413.068651,410.825980,-11.799847,278.126518,386.416414,-104.335131,435.896837,367.832226,-0.000000,278.650558,328.704174,-149.279516,444.173267,352.012636,-176.191098,276.039698,309.388013,-167.381500,438.409081,349.995589,-202.466133,285.920966,310.748257,-198.786759,434.488266,354.590710,-161.163048,288.050029,316.855516,-159.860109,362.754568,0.000000,34.911372,321.001156,326.658913,-34.884720,362.519431,245.072307,35.036265,322.774082,242.373961,-30.855791,338.372923,164.540649,147.431662,318.626718,158.276069,90.238779,327.400442,152.775181,152.352698,310.117165,145.740349,95.375841,358.727713,132.630552,56.185719,340.893227,0.000000,-14.685681,
0.000000,0.000000,0.000000,0.000000,0.000000,0.000000,0.000000,0.000000,0.000000,0.000000,0.000000,0.000000,0.000000,0.000000,0.000000,0.000000,0.000000,0.000000,0.000000,0.000000,0.000000,0.000000,0.000000,0.000000,0.000000,0.000000,0.000000,0.000000,0.000000,0.000000,0.000000,0.000000,0.000000,0.000000,0.000000,0.000000,0.000000,0.000000,0.000000,0.000000,0.000000,0.000000,0.000000,0.000000,0.000000,0.000000,0.000000,0.000000,0.000000,0.000000,0.000000,0.000000,364.257034,484.947946,-283.204155,365.697747,496.297874,-266.777250,367.585329,494.811703,-266.748146,369.665481,495.346075,-266.741639,358.484366,0.000000,-279.644534,355.140786,498.185767,-279.700019,350.530979,0.000000,-279.703370,366.742938,495.175191,-152.864865,339.593406,499.324346,-211.543216,365.502301,478.586806,-238.246094,358.822244,479.126896,-255.364373,382.391691,0.000000,-69.543081,302.564662,451.013908,-142.440148,411.375746,420.469783,-57.054869,273.159973,386.416414,-99.182778,435.896837,389.217821,-220.600388,260.073854,326.541647,-0.000000,445.978849,376.213505,-254.938521,255.373624,307.178098,-154.123252,440.198506,374.362370,-279.532095,263.699130,306.308996,-184.139313,434.488266,376.479025,-234.202070,267.579468,312.454745,-149.907041,362.754568,0.000000,28.261587,318.359171,323.878838,-28.516874,370.298818,245.072307,23.456204,321.320145,241.042236,-0.000000,342.805757,165.644949,172.728280,318.626718,158.276069,136.206937,331.746465,154.973385,182.733304,311.398641,146.811969,146.176103,0.000000,132.630552,89.143066,340.893227,127.004633,39.213437,
0.000000,0.000000,0.000000,0.000000,0.000000,0.000000,0.000000,0.000000,0.000000,0.000000,0.000000,0.000000,0.000000,0.000000,0.000000,0.000000,0.000000,0.000000,0.000000,0.000000,0.000000,0.000000,0.000000,0.000000,0.000000,0.000000,0.000000,0.000000,0.000000,0.000000,0.000000,0.000000,0.000000,0.000000,0.000000,0.000000,0.000000,0.000000,0.000000,0.000000,0.000000,0.000000,0.000000,0.000000,0.000000,0.000000,0.000000,0.000000,0.000000,0.000000,0.000000,0.000000,364.257034,480.989188,-0.000000,365.697747,490.245461,-260.348882,367.585329,490.772424,-260.320480,0.000000,491.302433,-260.314130,358.484366,490.751650,-273.103142,355.140786,492.159326,-273.157328,350.530979,493.490473,-273.160601,366.742938,491.149377,-144.818410,339.593406,495.345666,-206.028739,365.502301,474.695856,-231.026515,357.403974,475.247326,-249.425666,380.849789,455.410060,-62.946629,300.043289,449.180518,-140.637108,411.375746,426.256064,-77.168212,263.226883,390.359439,-94.030426,437.647426,404.187737,-250.487124,242.926127,330.866702,-114.906076,445.978849,400.414374,-284.104233,234.707551,311.597927,-120.977631,440.198506,398.729152,-302.366454,241.477293,310.748257,-0.000000,436.254478,400.556172,-263.958709,247.108908,314.655131,-124.029064,361.279956,327.500713,27.707438,315.717186,323.878838,-27.963148,379.634083,247.693402,-64.221403,321.320145,242.373961,-47.117089,347.238590,172.270747,123.821486,318.626718,160.429485,106.150834,336.092489,0.000000,138.850206,311.398641,148.955209,115.333087,358.727713,133.564570,0.000000,339.518657,127.004633,8.895183,
0.000000,0.000000,0.000000,0.000000,0.000000,0.000000,0.000000,0.000000,0.000000,0.000000,0.000000,0.000000,0.000000,0.000000,0.000000,0.000000,0.000000,0.000000,0.000000,0.000000,0.000000,0.000000,0.000000,0.000000,0.000000,0.000000,0.000000,0.000000,0.000000,0.000000,0.000000,0.000000,0.000000,0.000000,0.000000,0.000000,0.000000,0.000000,0.000000,0.000000,0.000000,0.000000,0.000000,0.000000,0.000000,0.000000,0.000000,0.000000,0.000000,0.000000,0.000000,0.000000,364.257034,475.051049,-275.019064,365.697747,486.210519,-257.134699,367.585329,0.000000,-257.106647,369.665481,0.000000,-0.000000,359.906923,486.729096,-0.000000,355.140786,488.141699,-274.793001,351.938734,489.478355,-274.796294,366.742938,487.123562,-139.454107,340.979501,491.366986,-215.679075,365.502301,468.859432,-228.138684,357.403974,469.427971,-249.425666,377.765985,455.410060,-0.000000,297.521917,449.180518,-142.440148,409.682842,433.971106,-0.000000,0.000000,394.302464,-113.351747,432.395657,421.296213,-245.053172,232.923287,341.679339,-0.000000,440.562102,422.415163,-278.271091,221.422218,324.857413,-147.494127,0.000000,420.880771,-290.949274,0.000000,321.846409,-173.676852,432.722053,420.255656,-255.843262,233.949262,327.857444,-145.925814,361.279956,327.500713,29.092810,315.717186,323.878838,-29.070600,388.969347,254.246137,-117.158827,0.000000,239.710511,-57.124041,353.149034,189.939541,95.151985,318.626718,158.276069,0.000000,341.887187,186.847343,113.533034,311.398641,148.955209,109.890202,360.322059,143.838767,26.524106,340.893227,126.084310,-2.895249,
0.000000,0.000000,0.000000,0.000000,0.000000,0.000000,0.000000,0.000000,0.000000,0.000000,0.000000,0.000000,0.000000,0.000000,0.000000,0.000000,0.000000,0.000000,0.000000,0.000000,0.000000,0.000000,0.000000,0.000000,0.000000,0.000000,0.000000,0.000000,0.000000,0.000000,0.000000,0.000000,0.000000,0.000000,0.000000,0.000000,0.000000,0.000000,0.000000,0.000000,0.000000,0.000000,0.000000,0.000000,0.000000,0.000000,0.000000,0.000000,0.000000,0.000000,0.000000,0.000000,364.257034,0.000000,-278.293101,365.697747,482.175576,-261.955974,367.585329,482.693865,-0.000000,369.665481,483.215151,-0.000000,359.906923,484.717818,-274.738490,355.140786,486.132886,-0.000000,351.938734,487.472296,-274.796294,366.742938,485.110655,-147.500562,0.000000,491.366986,-207.407358,364.057628,466.913957,-232.470431,357.403974,469.427971,-249.425666,376.224083,455.410060,-68.443672,296.261231,0.000000,-0.000000,418.147364,432.042345,-164.326032,249.568884,394.302464,-130.096891,0.000000,440.543248,-397.203829,220.062492,350.329449,-181.630989,436.950937,442.215874,-438.682508,209.613033,335.906985,-196.107705,0.000000,445.247553,-439.372607,214.811089,335.164192,-219.711681,429.189628,444.332803,-404.626455,219.327433,338.859372,-191.709926,359.805344,327.500713,28.538662,315.717186,323.878838,-28.516874,393.636979,266.041061,-151.899011,318.412270,239.710511,-60.876648,353.149034,208.712636,69.855367,315.982513,157.199361,88.470773,343.335862,207.730282,88.215862,308.835690,145.740349,97.190136,360.322059,158.783055,11.693300,340.893227,124.243663,-13.001334,
0.000000,0.000000,0.000000,0.000000,0.000000,0.000000,0.000000,0.000000,0.000000,0.000000,0.000000,0.000000,0.000000,0.000000,0.000000,0.000000,0.000000,0.000000,0.000000,0.000000,0.000000,0.000000,0.000000,0.000000,0.000000,0.000000,0.000000,0.000000,0.000000,0.000000,0.000000,0.000000,0.000000,0.000000,0.000000,0.000000,0.000000,0.000000,0.000000,0.000000,0.000000,0.000000,0.000000,0.000000,0.000000,0.000000,0.000000,0.000000,0.000000,0.000000,0.000000,0.000000,0.000000,469.112911,-235.730626,365.697747,476.123163,-218.564494,367.585329,476.634947,-218.540650,369.665481,477.149688,-218.535319,359.906923,478.683987,-233.854786,356.555689,480.106445,-233.901185,353.346489,481.454120,-233.903988,366.742938,481.084840,-107.268287,342.365597,485.398966,-177.077732,364.057628,463.023007,-0.000000,357.403974,463.608616,-210.824075,376.224083,455.410060,-40.958459,296.261231,451.013908,-109.985431,421.533172,435.899866,-115.718786,247.085612,408.103050,-96.606602,428.894478,0.000000,-0.000000,212.917606,358.979559,-125.015911,436.950937,459.816506,-371.601370,199.279996,346.956557,-134.235879,431.251382,462.968848,-373.723825,205.922354,0.000000,-154.844423,427.423416,459.654624,-339.702880,0.000000,341.059757,-131.991519,359.805344,331.628873,29.924034,315.717186,323.878838,-29.901188,395.192857,279.146532,-148.590422,316.958333,241.042236,-48.367958,353.149034,224.172831,37.812984,315.982513,156.122653,99.078810,343.335862,224.216812,54.459633,308.835690,145.740349,108.075907,360.322059,176.529396,-13.024710,340.893227,124.243663,2.157793,
0.000000,0.000000,0.000000,0.000000,0.000000,0.000000,0.000000,0.000000,0.000000,0.000000,0.000000,0.000000,0.000000,0.000000,0.000000,0.000000,0.000000,0.000000,0.000000,0.000000,0.000000,0.000000,0.000000,0.000000,0.000000,0.000000,0.000000,0.000000,0.000000,0.000000,0.000000,0.000000,0.000000,0.000000,0.000000,0.000000,0.000000,0.000000,0.000000,0.000000,0.000000,0.000000,0.000000,0.000000,0.000000,0.000000,0.000000,0.000000,0.000000,0.000000,0.000000,0.000000,364.257034,467.133532,-237.367645,365.697747,474.105692,-221.778678,367.585329,474.615307,-0.000000,369.665481,0.000000,-0.000000,359.906923,476.672709,-237.125482,356.555689,478.097631,-237.172530,353.346489,479.448061,-237.175372,366.742938,479.071933,-109.950439,342.365597,485.398966,-183.970829,362.612954,461.077532,-193.484707,355.985704,463.608616,-213.793428,0.000000,455.410060,-42.057867,0.000000,454.680688,-115.394550,426.611885,0.000000,-117.394898,245.843975,421.903636,-118.504099,428.894478,466.205961,-299.392693,207.201697,384.929888,-159.389351,429.728607,475.217059,-0.000000,193.375403,373.475530,-171.800916,424.093682,476.259820,-330.909402,199.996531,368.458648,-192.509282,422.124779,472.787613,-304.535943,204.705604,371.865154,-167.822563,358.330732,335.757033,30.755257,314.396194,0.000000,-30.731777,396.748734,292.252003,-0.000000,316.958333,241.042236,-64.629255,353.149034,240.737326,74.914691,315.982513,156.122653,0.000000,343.335862,240.703342,89.903674,308.835690,144.668729,40.946989,0.000000,195.209755,19.932637,340.893227,124.243663,-63.531757,
0.000000,0.000000,0.000000,0.000000,0.000000,0.000000,0.000000,0.000000,0.000000,0.000000,0.000000,0.000000,0.000000,0.000000,0.000000,0.000000,0.000000,0.000000,0.000000,0.000000,0.000000,0.000000,0.000000,0.000000,0.000000,0.000000,0.000000,0.000000,0.000000,0.000000,0.000000,0.000000,0.000000,0.000000,0.000000,0.000000,0.000000,0.000000,0.000000,0.000000,0.000000,0.000000,0.000000,0.000000,0.000000,0.000000,0.000000,0.000000,0.000000,0.000000,0.000000,0.000000,364.257034,465.154153,-201.353243,365.697747,474.105692,-0.000000,367.585329,474.615307,-186.402319,369.665481,475.127868,-186.397772,359.906923,476.672709,-202.783171,357.970593,0.000000,-202.823405,0.000000,479.448061,-202.825836,365.275966,479.071933,-83.128922,0.000000,483.409626,-166.048777,361.168281,461.077532,-161.718561,355.985704,461.668831,-185.584573,373.140279,455.410060,-23.367922,296.261231,456.514078,-117.197590,428.304789,441.686148,-93.929331,243.360703,433.732710,-217.686877,427.143888,474.760199,-0.000000,205.772720,408.717690,-365.629993,0.000000,486.217454,-310.353374,193.375403,399.994502,-394.981430,418.725408,489.550792,-279.532095,197.033619,397.313843,-405.943486,416.826141,485.920602,-0.000000,0.000000,398.269781,-374.846376,358.330732,339.885194,43.223604,314.396194,328.048951,-43.190605,396.748734,304.046927,-39.406986,316.958333,243.705686,-135.928790,353.149034,258.406120,160.923192,315.982513,156.122653,-0.000000,343.335862,258.288975,177.669870,308.835690,144.668729,-76.982191,358.727713,212.956097,141.874821,340.893227,0.000000,-183.120427,
0.000000,0.000000,0.000000,0.000000,0.000000,0.000000,0.000000,0.000000,0.000000,0.000000,0.000000,0.000000,0.000000,0.000000,0.000000,0.000000,0.000000,0.000000,0.000000,0.000000,0.000000,0.000000,0.000000,0.000000,0.000000,0.000000,0.000000,0.000000,0.000000,0.000000,0.000000,0.000000,0.000000,0.000000,0.000000,0.000000,0.000000,0.000000,0.000000,0.000000,0.000000,0.000000,0.000000,0.000000,0.000000,0.000000,0.000000,0.000000,0.000000,0.000000,0.000000,0.000000,364.257034,465.154153,-163.701824,365.697747,474.105692,-149.459544,367.585329,474.615307,-149.443238,369.665481,473.106047,-149.439593,359.906923,474.661432,-163.534815,357.970593,476.088818,-163.567262,354.754244,0.000000,-163.569222,365.275966,477.059026,-52.284178,343.751692,483.409626,-123.311576,361.168281,459.132057,-125.620668,355.985704,461.668831,-0.000000,373.140279,455.410060,7.415517,296.261231,458.347468,-95.561112,429.997694,447.472429,-28.560966,0.000000,443.590271,-202.229821,0.000000,485.452996,-125.506227,207.201697,428.180438,-359.564092,417.089531,497.217849,-141.192243,0.000000,419.883732,-0.000000,411.567709,0.000000,-136.817351,198.515075,417.290517,-395.481025,409.761291,494.675928,-125.996112,0.000000,418.073251,-366.883922,356.856120,341.261247,45.163125,0.000000,330.829027,-45.128645,396.748734,318.462945,-50.987048,315.504395,245.037412,-134.677921,354.626645,0.000000,93.465544,315.982513,156.122653,-97.169862,343.335862,268.180893,108.469600,307.554214,142.525488,-0.000000,355.539022,225.098330,123.748280,340.893227,125.163986,-198.279554,
0.000000,0.000000,0.000000,0.000000,0.000000,0.000000,0.000000,0.000000,0.000000,0.000000,0.000000,0.000000,0.000000,0.000000,0.000000,0.000000,0.000000,0.000000,0.000000,0.000000,0.000000,0.000000,0.000000,0.000000,0.000000,0.000000,0.000000,0.000000,0.000000,0.000000,0.000000,0.000000,0.000000,0.000000,0.000000,0.000000,0.000000,0.000000,0.000000,0.000000,0.000000,0.000000,0.000000,0.000000,0.000000,0.000000,0.000000,0.000000,0.000000,0.000000,0.000000,0.000000,364.257034,465.154153,-139.146550,365.697747,474.105692,-125.353166,367.585329,474.615307,-125.339490,368.204353,473.106047,-125.336433,359.906923,474.661432,-139.004593,357.970593,476.088818,-139.032173,354.754244,477.442002,-139.033839,363.808995,477.059026,-0.000000,343.751692,481.420286,-95.739189,359.723608,459.132057,-102.518016,354.567434,461.668831,-121.743480,374.682181,455.410060,22.807237,0.000000,460.180858,-0.000000,429.997694,453.258711,-11.799847,0.000000,453.447833,-189.348941,0.000000,491.868675,-103.770419,208.630674,445.480657,-355.520157,409.867201,503.818086,-117.859673,193.375403,439.772961,-381.723182,404.410009,507.272087,-113.982992,198.515075,437.267190,-387.111056,402.696442,501.242423,-104.354920,0.000000,437.876720,-362.902695,355.381508,342.637301,44.331901,314.396194,332.219065,-44.298057,0.000000,328.947322,-87.381526,315.504395,245.037412,-144.684873,354.626645,277.179214,42.872308,315.982513,155.045945,-125.457958,343.335862,276.973709,54.459633,307.554214,142.525488,-127.782453,353.944677,233.504492,21.580504,340.893227,125.163986,-0.000000,
0.000000,0.000000,0.000000,0.000000,0.000000,0.000000,0.000000,0.000000,0.000000,0.000000,0.000000,0.000000,0.000000,0.000000,0.000000,0.000000,0.000000,0.000000,0.000000,0.000000,0.000000,0.000000,0.000000,0.000000,0.000000,0.000000,0.000000,0.000000,0.000000,0.000000,0.000000,0.000000,0.000000,0.000000,0.000000,0.000000,0.000000,0.000000,0.000000,0.000000,0.000000,0.000000,0.000000,0.000000,0.000000,0.000000,0.000000,0.000000,0.000000,0.000000,0.000000,0.000000,362.817283,465.154153,-155.516733,365.697747,472.088221,-144.638268,366.132423,472.595667,-0.000000,368.204353,473.106047,-144.618961,359.906923,474.661432,-156.993423,357.970593,476.088818,-157.024572,354.754244,477.442002,-157.026453,362.342023,475.046119,-56.307406,343.751692,481.420286,-119.175718,358.278935,459.132057,-121.288921,353.149165,461.668831,-139.559599,374.682181,455.410060,5.216700,296.261231,462.014247,-91.053512,431.690598,459.044992,-20.180406,245.843975,459.362370,-221.551141,0.000000,496.145794,-90.185539,208.630674,454.130767,-393.937532,408.061619,508.218244,-100.360246,194.851552,450.822533,-0.000000,400.831160,509.487249,-96.857223,199.996531,448.365342,-422.683424,400.930229,505.620086,-0.000000,0.000000,448.878648,-0.000000,355.381508,345.389407,43.777753,313.075202,333.609103,-43.744331,395.192857,334.189510,-110.541649,315.504395,245.037412,-134.677921,354.626645,281.596413,24.321455,315.982513,156.122653,-95.401856,344.784536,279.171913,35.893707,307.554214,143.597108,-96.939437,352.350332,238.174582,-4.785374,340.893227,125.163986,-193.226511,
0.000000,0.000000,0.000000,0.000000,0.000000,0.000000,0.000000,0.000000,0.000000,0.000000,0.000000,0.000000,0.000000,0.000000,0.000000,0.000000,0.000000,0.000000,0.000000,0.000000,0.000000,0.000000,0.000000,0.000000,0.000000,0.000000,0.000000,0.000000,0.000000,0.000000,0.000000,0.000000,0.000000,0.000000,0.000000,0.000000,0.000000,0.000000,0.000000,0.000000,0.000000,0.000000,0.000000,0.000000,0.000000,0.000000,0.000000,0.000000,0.000000,0.000000,0.000000,0.000000,362.817283,465.154153,-139.146550,365.697747,472.088221,-126.960257,366.132423,472.595667,-0.000000,366.743224,0.000000,-126.943310,359.906923,474.661432,-139.004593,357.970593,476.088818,-139.032173,354.754244,477.442002,-139.033839,360.875051,473.033211,-38.873420,0.000000,479.430946,-102.632286,0.000000,459.132057,-105.405848,353.149165,461.668831,-123.228156,373.140279,455.410060,15.111377,296.261231,462.014247,-84.742873,429.997694,462.902513,3.285161,247.085612,463.305395,-0.000000,413.139171,500.422912,-54.864851,208.630674,460.618350,-359.564092,406.256036,510.418323,-0.000000,194.851552,0.000000,-386.142598,400.831160,513.917573,-62.605684,198.515075,0.000000,-387.111056,399.164017,507.808918,-55.662239,204.705604,455.479805,-364.893308,355.381508,0.000000,43.777753,313.075202,334.999141,-43.744331,0.000000,334.189510,-97.307293,315.504395,245.037412,-124.670969,0.000000,279.387814,32.753661,315.982513,156.122653,-95.401856,344.784536,280.271015,44.332764,307.554214,143.597108,-96.939437,352.350332,238.174582,0.000000,340.893227,126.084310,-188.173469,
0.000000,0.000000,0.000000,0.000000,0.000000,0.000000,0.000000,0.000000,0.000000,0.000000,0.000000,0.000000,0.000000,0.000000,0.000000,0.000000,0.000000,0.000000,0.000000,0.000000,0.000000,0.000000,0.000000,0.000000,0.000000,0.000000,0.000000,0.000000,0.000000,0.000000,0.000000,0.000000,0.000000,0.000000,0.000000,0.000000,0.000000,0.000000,0.000000,0.000000,0.000000,0.000000,0.000000,0.000000,0.000000,0.000000,0.000000,0.000000,0.000000,0.000000,0.000000,0.000000,361.377532,463.174773,-142.420587,364.252301,470.070750,-131.781533,366.132423,470.576028,-131.767156,366.743224,471.084226,-131.763942,359.906923,472.650155,-143.910637,356.555689,474.080004,-143.939191,353.346489,475.435943,-143.940916,360.875051,473.033211,-0.000000,0.000000,479.430946,-105.389525,356.834262,457.186583,-108.293679,351.730895,459.729046,-126.197510,373.140279,455.410060,9.614334,297.521917,462.014247,-82.939833,429.997694,462.902513,-5.095399,247.085612,461.333882,-202.229821,411.388581,500.422912,-65.732755,0.000000,458.455822,-365.629993,406.256036,510.418323,-77.027676,194.851552,455.242362,-0.000000,399.041735,513.917573,-0.000000,0.000000,452.804603,-395.481025,399.164017,507.808918,-69.187983,204.705604,453.279419,-372.855762,355.381508,346.765461,43.223604,313.075202,336.389179,-43.190605,395.192857,330.257869,-103.924471,316.958333,245.037412,-119.667492,357.581867,277.179214,31.067220,315.982513,157.199361,-81.257807,0.000000,275.874607,0.000000,308.835690,143.597108,-82.425076,352.350332,232.570474,1.806096,339.518657,126.084310,-0.000000,
0.000000,0.000000,0.000000,0.000000,0.000000,0.000000,0.000000,0.000000,0.000000,0.000000,0.000000,0.000000,0.000000,0.000000,0.000000,0.000000,0.000000,0.000000,0.000000,0.000000,0.000000,0.000000,0.000000,0.000000,0.000000,0.000000,0.000000,0.000000,0.000000,0.000000,0.000000,0.000000,0.000000,0.000000,0.000000,0.000000,0.000000,0.000000,0.000000,0.000000,0.000000,0.000000,0.000000,0.000000,0.000000,0.000000,0.000000,0.000000,0.000000,0.000000,0.000000,0.000000,359.937780,463.174773,-153.879714,364.252301,470.070750,-143.031176,364.679516,470.576028,-143.015572,365.282096,471.084226,-143.012084,358.484366,472.650155,-153.722726,355.140786,474.080004,-153.753227,353.346489,475.435943,-0.000000,360.875051,473.033211,-52.284178,342.365597,479.430946,-110.904002,356.834262,457.186583,-118.401089,351.730895,459.729046,-135.105569,373.140279,455.410060,7.415517,297.521917,462.014247,-83.841353,429.997694,460.973752,-15.152071,0.000000,459.362370,-203.517909,411.388581,496.145794,-95.619491,208.630674,456.293295,-377.761795,406.256036,506.018165,-109.109960,194.851552,450.822533,-408.239678,399.041735,509.487249,-108.274402,198.515075,448.365342,-412.220963,399.164017,505.620086,-98.944622,0.000000,448.878648,-384.799444,355.381508,346.765461,43.223604,314.396194,336.389179,-43.190605,395.192857,322.394586,-62.567109,316.958333,245.037412,-128.423576,359.059478,269.449117,91.779103,315.982513,157.199361,-98.937868,349.130560,267.081791,106.781788,308.835690,144.668729,-100.568027,357.133368,225.098330,67.720790,339.518657,126.084310,-201.648249,
0.000000,0.000000,0.000000,0.000000,0.000000,0.000000,0.000000,0.000000,0.000000,0.000000,0.000000,0.000000,0.000000,0.000000,0.000000,0.000000,0.000000,0.000000,0.000000,0.000000,0.000000,0.000000,0.000000,0.000000,0.000000,0.000000,0.000000,0.000000,0.000000,0.000000,0.000000,0.000000,0.000000,0.000000,0.000000,0.000000,0.000000,0.000000,0.000000,0.000000,0.000000,0.000000,0.000000,0.000000,0.000000,0.000000,0.000000,0.000000,0.000000,0.000000,0.000000,0.000000,359.937780,463.174773,-158.790769,362.806855,472.088221,-0.000000,364.679516,470.576028,-146.229405,365.282096,471.084226,-146.225838,357.061809,472.650155,-160.264119,355.140786,474.080004,-160.295917,351.938734,475.435943,-160.297838,359.408079,473.033211,-49.602026,342.365597,479.430946,-115.039860,356.834262,457.186583,-121.288921,351.730895,459.729046,-0.000000,373.140279,455.410060,12.912560,297.521917,462.014247,-76.629194,429.997694,459.044992,-18.504295,247.085612,455.419345,-128.808803,411.388581,491.868675,-147.242035,205.772720,447.643185,-224.092298,406.256036,501.618007,-173.274527,193.375403,441.982875,-242.511574,400.831160,502.841763,-168.214595,197.033619,439.486821,-257.376540,399.164017,499.053591,-150.342452,201.781238,440.077106,-233.512812,355.381508,346.765461,40.729934,314.396194,336.389179,-0.000000,395.192857,315.841851,-108.887354,316.958333,245.037412,-104.657064,360.537089,262.823319,34.440102,315.982513,157.199361,-58.273729,349.130560,261.586281,47.708387,308.835690,144.668729,-58.839240,361.916404,218.560205,-4.785374,340.893227,126.084310,-161.223910,
0.000000,0.000000,0.000000,0.000000,0.000000,0.000000,0.000000,0.000000,0.000000,0.000000,0.000000,0.000000,0.000000,0.000000,0.000000,0.000000,0.000000,0.000000,0.000000,0.000000,0.000000,0.000000,0.000000,0.000000,0.000000,0.000000,0.000000,0.000000,0.000000,0.000000,0.000000,0.000000,0.000000,0.000000,0.000000,0.000000,0.000000,0.000000,0.000000,0.000000,0.000000,0.000000,0.000000,0.000000,0.000000,0.000000,0.000000,0.000000,0.000000,0.000000,0.000000,0.000000,359.937780,463.174773,-180.072006,362.806855,470.070750,-168.744646,363.226610,470.576028,-168.726237,365.282096,471.084226,-168.722121,357.061809,472.650155,-183.158993,355.140786,474.080004,-183.195334,351.938734,0.000000,-183.197529,360.875051,473.033211,-72.400315,342.365597,479.430946,-141.233628,356.834262,457.186583,-0.000000,351.730895,459.729046,-160.345071,373.140279,457.261321,-6.876794,296.261231,460.180858,-91.955032,429.997694,459.044992,-75.492100,244.602339,451.476321,-158.434828,413.139171,487.591556,-226.034340,204.343742,436.830547,-294.861145,0.000000,497.217849,-254.938521,191.899255,430.933303,-319.851356,400.831160,498.411439,-253.843441,195.552164,428.388669,-338.983736,399.164017,0.000000,-228.791772,200.319055,429.075178,-307.165514,355.381508,345.389407,40.452860,314.396194,336.389179,-40.145114,395.192857,304.046927,-98.961588,316.958333,245.037412,-103.406195,362.014700,246.258824,68.168926,315.982513,157.199361,-0.000000,350.579234,245.099750,81.464617,308.835690,144.668729,-51.582060,368.293786,198.945827,31.467708,340.893227,126.084310,-156.170867,
0.000000,0.000000,0.000000,0.000000,0.000000,0.000000,0.000000,0.000000,0.000000,0.000000,0.000000,0.000000,0.000000,0.000000,0.000000,0.000000,0.000000,0.000000,0.000000,0.000000,0.000000,0.000000,0.000000,0.000000,0.000000,0.000000,0.000000,0.000000,0.000000,0.000000,0.000000,0.000000,0.000000,0.000000,0.000000,0.000000,0.000000,0.000000,0.000000,0.000000,0.000000,0.000000,0.000000,0.000000,0.000000,0.000000,0.000000,0.000000,0.000000,0.000000,0.000000,0.000000,0.000000,463.174773,-216.086408,362.806855,470.070750,-205.707759,363.226610,470.576028,-205.685317,363.820968,471.084226,-0.000000,0.000000,472.650155,-0.000000,353.725882,474.080004,-222.451477,350.530979,475.435943,-222.454142,360.875051,473.033211,-101.903984,340.979501,479.430946,-177.077732,356.834262,457.186583,-171.825971,350.312625,459.729046,-194.492633,373.140279,457.261321,-0.000000,296.261231,460.180858,-116.296070,429.997694,453.258711,-105.662115,244.602339,439.647247,-162.299092,414.889760,476.898758,-288.524788,204.343742,0.000000,-296.883112,413.478366,484.017375,-324.936230,191.899255,0.000000,-319.851356,407.988859,485.120468,-0.000000,195.552164,401.753104,-338.983736,404.462654,483.731771,-293.715347,201.781238,404.870937,-307.165514,356.856120,344.013354,39.344563,314.396194,334.999141,-0.000000,395.192857,284.388720,-67.529992,316.958333,245.037412,-115.914885,363.492311,225.277130,155.863868,315.982513,157.199361,-35.289650,0.000000,222.018608,0.000000,308.835690,144.668729,-31.624814,371.482476,178.397432,117.156811,339.518657,126.084310,-144.380435,
0.000000,0.000000,0.000000,0.000000,0.000000,0.000000,0.000000,0.000000,0.000000,0.000000,0.000000,0.000000,0.000000,0.000000,0.000000,0.000000,0.000000,0.000000,0.000000,0.000000,0.000000,0.000000,0.000000,0.000000,0.000000,0.000000,0.000000,0.000000,0.000000,0.000000,0.000000,0.000000,0.000000,0.000000,0.000000,0.000000,0.000000,0.000000,0.000000,0.000000,0.000000,0.000000,0.000000,0.000000,0.000000,0.000000,0.000000,0.000000,0.000000,0.000000,0.000000,0.000000,358.498029,463.174773,-312.670484,361.361410,470.070750,-300.526179,363.226610,470.576028,-300.493393,363.820968,471.084226,-300.486064,357.061809,472.650155,-313.986845,353.725882,474.080004,-314.049144,350.530979,475.435943,-314.052907,360.875051,475.046119,-185.050685,339.593406,479.430946,-246.008701,356.834262,0.000000,-264.236577,350.312625,459.729046,-280.603874,373.140279,0.000000,-92.630660,295.000545,458.347468,-153.258387,0.000000,447.472429,-179.411040,244.602339,0.000000,-0.000000,420.141529,461.928842,-397.203829,204.343742,389.254943,-171.521154,422.506278,0.000000,-441.599080,191.899255,380.105273,-185.059164,413.357133,469.614334,-442.226902,197.033619,377.337169,-209.249220,409.761291,466.221118,-404.626455,201.781238,378.466311,-181.756858,358.330732,0.000000,32.694777,314.396194,333.609103,-0.000000,395.192857,272.593796,-77.455759,318.412270,0.000000,-117.165754,364.969922,204.295437,138.999456,314.660410,156.122653,-10.537565,354.925258,198.937466,157.416132,308.835690,144.668729,-0.000000,376.265513,161.585109,84.199464,339.518657,126.084310,-129.221308,
0.000000,0.000000,0.000000,0.000000,0.000000,0.000000,0.000000,0.000000,0.000000,0.000000,0.000000,0.000000,0.000000,0.000000,0.000000,0.000000,0.000000,0.000000,0.000000,0.000000,0.000000,0.000000,0.000000,0.000000,0.000000,0.000000,0.000000,0.000000,0.000000,0.000000,0.000000,0.000000,0.000000,0.000000,0.000000,0.000000,0.000000,0.000000,0.000000,0.000000,0.000000,0.000000,0.000000,0.000000,0.000000,0.000000,0.000000,0.000000,0.000000,0.000000,0.000000,0.000000,358.498029,463.174773,-366.692086,0.000000,472.088221,-355.167303,363.226610,472.595667,-355.128556,363.820968,473.106047,-355.119893,0.000000,472.650155,-367.953334,352.310979,474.080004,-368.026340,349.123224,475.435943,-368.030750,360.875051,477.059026,-234.670490,339.593406,481.420286,-291.503140,356.834262,459.132057,-316.217543,350.312625,461.668831,-332.567555,373.140279,460.963842,-0.000000,293.739859,456.514078,-192.925264,419.840268,445.543669,-221.313838,244.602339,415.989099,-158.434828,423.642709,444.820367,-459.694278,204.343742,369.792196,-226.114265,427.923025,0.000000,-505.763647,193.375403,355.796215,-246.930990,422.304257,447.462714,-516.438569,198.515075,355.140865,-272.023985,418.592354,446.521634,-472.255179,203.243421,358.662841,-237.494039,359.805344,339.885194,29.646959,315.717186,332.219065,-29.624325,390.525224,260.798873,-0.000000,319.866207,243.705686,-122.169231,366.447533,189.939541,223.321516,314.660410,156.122653,-7.001553,356.373932,183.550037,240.118894,307.554214,144.668729,-2.596093,0.000000,147.574839,153.409892,339.518657,125.163986,-130.905656,
0.000000,0.000000,0.000000,0.000000,0.000000,0.000000,0.000000,0.000000,0.000000,0.000000,0.000000,0.000000,0.000000,0.000000,0.000000,0.000000,0.000000,0.000000,0.000000,0.000000,0.000000,0.000000,0.000000,0.000000,0.000000,0.000000,0.000000,0.000000,0.000000,0.000000,0.000000,0.000000,0.000000,0.000000,0.000000,0.000000,0.000000,0.000000,0.000000,0.000000,0.000000,0.000000,0.000000,0.000000,0.000000,0.000000,0.000000,0.000000,0.000000,0.000000,0.000000,0.000000,358.498029,463.174773,-407.617542,0.000000,472.088221,-400.165875,363.226610,472.595667,-400.122219,363.820968,473.106047,-400.112459,355.639252,472.650155,-410.472386,352.310979,474.080004,-410.553829,347.715470,475.435943,-410.558748,360.875051,477.059026,-288.313523,338.207310,483.409626,-334.240341,356.834262,459.132057,-359.535015,350.312625,461.668831,-372.653823,374.682181,460.963842,-183.881569,293.739859,452.847298,-226.281501,419.840268,433.971106,-0.000000,247.085612,402.188513,-0.000000,430.645068,423.434772,-503.165894,215.775560,352.491976,-234.202133,435.145355,424.615242,-549.512215,206.660736,333.697071,-251.350406,429.461957,0.000000,-556.398697,0.000000,332.944561,-276.208970,425.657204,424.633319,-512.832413,217.865250,338.859372,-243.465879,361.279956,335.757033,24.105471,317.038179,330.829027,-24.087068,384.301715,251.625043,49.924916,322.774082,242.373961,-59.625779,367.925144,177.792245,280.660517,314.660410,156.122653,95.542798,359.271281,171.459915,299.192295,307.554214,144.668729,106.261611,381.048549,0.000000,212.733117,340.893227,124.243663,-11.316986,
0.000000,0.000000,0.000000,0.000000,0.000000,0.000000,0.000000,0.000000,0.000000,0.000000,0.000000,0.000000,0.000000,0.000000,0.000000,0.000000,0.000000,0.000000,0.000000,0.000000,0.000000,0.000000,0.000000,0.000000,0.000000,0.000000,0.000000,0.000000,0.000000,0.000000,0.000000,0.000000,0.000000,0.000000,0.000000,0.000000,0.000000,0.000000,0.000000,0.000000,0.000000,0.000000,0.000000,0.000000,0.000000,0.000000,0.000000,0.000000,0.000000,0.000000,0.000000,0.000000,357.058278,463.174773,-389.610341,361.361410,472.088221,-385.702048,363.226610,472.595667,-385.659970,363.820968,473.106047,-0.000000,354.216695,472.650155,-390.848209,350.896075,474.080004,-390.925757,346.307715,0.000000,-390.930441,360.875051,479.071933,-280.267068,336.821215,0.000000,-310.803812,0.000000,459.132057,-343.651942,348.894355,461.668831,-351.868350,376.224083,0.000000,-0.000000,293.739859,451.013908,-192.023744,418.147364,433.971106,-219.637726,0.000000,392.330951,-119.792187,434.146247,410.603415,-405.354757,234.352264,337.354284,-131.081812,0.000000,404.814532,-441.599080,225.850662,318.227670,-136.445587,433.040806,405.374637,-459.352671,232.588558,317.407148,-167.399376,429.189628,404.933835,-415.447050,238.335810,321.256287,-139.953973,365.703793,333.004927,13.022496,318.359171,329.438989,-13.289417,376.522328,246.382854,48.270621,324.228019,242.373961,-34.608398,370.880366,166.749248,204.770663,314.660410,156.122653,79.630743,362.168630,158.270691,216.489533,307.554214,144.668729,86.304366,381.048549,128.894480,136.931219,339.518657,124.243663,-19.738723,
0.000000,0.000000,0.000000,0.000000,0.000000,0.000000,0.000000,0.000000,0.000000,0.000000,0.000000,0.000000,0.000000,0.000000,0.000000,0.000000,0.000000,0.000000,0.000000,0.000000,0.000000,0.000000,0.000000,0.000000,0.000000,0.000000,0.000000,0.000000,0.000000,0.000000,0.000000,0.000000,0.000000,0.000000,0.000000,0.000000,0.000000,0.000000,0.000000,0.000000,0.000000,0.000000,0.000000,0.000000,0.000000,0.000000,0.000000,0.000000,0.000000,0.000000,0.000000,0.000000,357.058278,465.154153,-332.314703,361.361410,474.105692,-326.239649,363.226610,474.615307,-326.204058,0.000000,475.127868,-326.196101,354.216695,474.661432,-333.611023,349.481172,476.088818,-333.677215,346.307715,0.000000,-333.681214,362.342023,481.084840,-0.000000,336.821215,483.409626,-261.173514,356.834262,461.077532,-288.783144,348.894355,461.668831,-299.904670,379.307887,460.963842,-132.209368,295.000545,449.180518,-152.356867,416.454459,430.113585,-124.099346,265.710155,386.416414,-47.659257,435.896837,395.633499,-0.000000,0.000000,324.379119,-54.247063,444.173267,385.013821,-298.687089,249.469032,304.968184,-56.896097,436.619656,383.223018,-328.055107,256.291851,0.000000,-0.000000,430.955841,387.423183,-282.894751,260.268554,310.254360,-62.320043,368.653017,330.252820,13.022496,0.000000,326.658913,-0.000000,371.854696,0.000000,66.467861,327.135894,241.042236,-25.852315,369.402755,163.436350,191.279134,315.982513,156.122653,69.022707,362.168630,153.874283,201.299230,308.835690,143.597108,73.604300,381.048549,0.000000,125.396147,339.518657,124.243663,-23.107418,
0.000000,0.000000,0.000000,0.000000,0.000000,0.000000,0.000000,0.000000,0.000000,0.000000,0.000000,0.000000,0.000000,0.000000,0.000000,0.000000,0.000000,0.000000,0.000000,0.000000,0.000000,0.000000,0.000000,0.000000,0.000000,0.000000,0.000000,0.000000,0.000000,0.000000,0.000000,0.000000,0.000000,0.000000,0.000000,0.000000,0.000000,0.000000,0.000000,0.000000,0.000000,0.000000,0.000000,0.000000,0.000000,0.000000,0.000000,0.000000,0.000000,0.000000,0.000000,0.000000,357.058278,0.000000,-252.100809,361.361410,474.105692,-247.492147,363.226610,474.615307,-247.465147,363.820968,475.127868,-247.459111,352.794138,474.661432,-0.000000,349.481172,476.088818,-253.529257,346.307715,477.442002,-0.000000,362.342023,481.084840,-170.298851,0.000000,485.398966,-197.757023,356.834262,0.000000,-216.587358,350.312625,0.000000,-225.670841,380.849789,460.963842,-93.730069,296.261231,447.347128,-109.083911,418.147364,424.327304,-16.828183,274.401609,382.473390,-38.642641,435.896837,378.525024,-87.468563,274.363626,322.216592,-56.269030,445.978849,365.213110,-106.193388,271.611254,302.758270,-61.315513,438.409081,363.286560,-131.108761,279.995143,304.089366,-89.977164,434.488266,367.723699,-98.944622,283.663480,310.254360,-64.310657,370.127629,330.252820,14.962017,324.964133,326.658913,-15.227457,368.742941,0.000000,35.036265,328.589831,239.710511,-25.852315,369.402755,162.332050,127.194368,315.982513,156.122653,49.574640,360.719956,152.775181,132.098960,0.000000,0.000000,51.832759,381.048549,127.026444,62.777188,339.518657,124.243663,-0.000000,
0.000000,0.000000,0.000000,0.000000,0.000000,0.000000,0.000000,0.000000,0.000000,0.000000,0.000000,0.000000,0.000000,0.000000,0.000000,0.000000,0.000000,0.000000,0.000000,0.000000,0.000000,0.000000,0.000000,0.000000,0.000000,0.000000,0.000000,0.000000,0.000000,0.000000,0.000000,0.000000,0.000000,0.000000,0.000000,0.000000,0.000000,0.000000,0.000000,0.000000,0.000000,0.000000,0.000000,0.000000,0.000000,0.000000,0.000000,0.000000,0.000000,0.000000,0.000000,0.000000,357.058278,465.154153,-351.958921,361.361410,474.105692,-347.131843,363.226610,474.615307,-347.093973,363.820968,477.149688,-347.085507,352.794138,474.661432,-353.235201,349.481172,476.088818,-0.000000,346.307715,477.442002,-353.309520,363.808995,481.084840,-248.081248,336.821215,483.409626,-0.000000,358.278935,461.077532,-308.997964,350.312625,461.668831,-317.720789,383.933593,460.963842,-133.308776,300.043289,447.347128,-177.599425,416.454459,414.683501,-48.674309,283.093063,380.501877,-94.030426,435.896837,363.555107,-125.506227,294.369307,0.000000,-66.378866,445.978849,349.812557,-147.025386,295.229624,304.968184,-109.929090,440.198506,347.780427,-176.777479,303.698436,308.528627,-165.306883,434.488266,352.401878,-136.816707,305.596223,314.655131,-80.235566,371.602241,328.876766,0.000000,326.285126,326.658913,-17.442360,368.742941,241.140666,49.924916,331.497706,239.710511,-45.866220,367.925144,161.227750,128.880809,315.982513,0.000000,38.966604,360.719956,151.676079,143.913641,310.117165,143.597108,44.575579,379.454203,127.026444,67.720790,340.893227,124.243663,-0.000000,
0.000000,0.000000,0.000000,0.000000,0.000000,0.000000,0.000000,0.000000,0.000000,0.000000,0.000000,0.000000,0.000000,0.000000,0.000000,0.000000,0.000000,0.000000,0.000000,0.000000,0.000000,0.000000,0.000000,0.000000,0.000000,0.000000,0.000000,0.000000,0.000000,0.000000,0.000000,0.000000,0.000000,0.000000,0.000000,0.000000,0.000000,0.000000,0.000000,0.000000,0.000000,0.000000,0.000000,0.000000,0.000000,0.000000,0.000000,0.000000,0.000000,0.000000,0.000000,0.000000,0.000000,465.154153,-0.000000,361.361410,474.105692,-409.808426,363.226610,0.000000,-409.763718,365.282096,477.149688,-409.753723,352.794138,474.661432,-417.013779,349.481172,476.088818,-417.096519,346.307715,0.000000,-417.101517,366.742938,481.084840,-296.359978,336.821215,483.409626,-332.861722,358.278935,461.077532,-368.198509,350.312625,461.668831,-378.592529,387.017397,459.112581,-157.495764,305.086034,447.347128,-229.887581,414.761555,408.897220,-65.435429,288.059607,0.000000,-180.332324,435.896837,355.000870,-149.959011,310.088057,0.000000,-0.000000,444.173267,341.012241,-170.357955,314.419549,313.807841,-253.560114,438.409081,338.919779,-202.466133,324.438817,319.626779,-280.393954,432.722053,345.835384,-161.163048,323.142418,325.657058,-235.503425,374.551465,328.876766,0.000000,330.248103,326.658913,-25.748246,368.742941,242.451213,38.344854,334.405580,239.710511,-63.378386,367.925144,161.227750,135.626574,315.982513,157.199361,28.358568,359.271281,150.576977,148.977075,310.117165,146.811969,31.875513,381.048549,0.000000,62.777188,340.893227,125.163986,-0.000000,
0.000000,0.000000,0.000000,0.000000,0.000000,0.000000,0.000000,0.000000,0.000000,0.000000,0.000000,0.000000,0.000000,0.000000,0.000000,0.000000,0.000000,0.000000,0.000000,0.000000,0.000000,0.000000,0.000000,0.000000,0.000000,0.000000,0.000000,0.000000,0.000000,0.000000,0.000000,0.000000,0.000000,0.000000,0.000000,0.000000,0.000000,0.000000,0.000000,0.000000,0.000000,0.000000,0.000000,0.000000,0.000000,0.000000,0.000000,0.000000,0.000000,0.000000,0.000000,0.000000,358.498029,465.154153,-369.966122,361.361410,474.105692,-359.988578,363.226610,474.615307,-359.949305,366.743224,477.149688,-359.940525,354.216695,474.661432,-366.317986,350.896075,0.000000,-366.390668,346.307715,477.442002,-366.395058,368.209910,481.084840,-245.399097,336.821215,483.409626,-285.988663,359.723608,461.077532,-320.549290,351.730895,461.668831,-331.082878,388.559299,457.261321,-119.016465,308.868092,447.347128,-199.235904,411.375746,403.110938,-8.447623,294.267789,386.416414,-215.110701,432.395657,352.862310,-71.166707,321.519874,335.191757,-0.000000,442.367684,336.612083,-85.777390,330.657178,324.857413,-0.000000,436.619656,0.000000,-116.837287,337.771919,339.603452,-378.741087,432.722053,341.457720,-82.713728,336.302064,345.460528,-339.015332,376.026077,328.876766,34.357224,334.211080,326.658913,-34.330994,370.298818,243.761760,35.036265,0.000000,239.710511,-78.388814,367.925144,162.332050,133.940133,317.304616,160.429485,28.358568,357.822607,151.676079,140.538018,312.680117,152.170070,35.504104,381.048549,126.092426,49.594249,340.893227,125.163986,-80.375232,
0.000000,0.000000,0.000000,0.000000,0.000000,0.000000,0.000000,0.000000,0.000000,0.000000,0.000000,0.000000,0.000000,0.000000,0.000000,0.000000,0.000000,0.000000,0.000000,0.000000,0.000000,0.000000,0.000000,0.000000,0.000000,0.000000,0.000000,0.000000,0.000000,0.000000,0.000000,0.000000,0.000000,0.000000,0.000000,0.000000,0.000000,0.000000,0.000000,0.000000,0.000000,0.000000,0.000000,0.000000,0.000000,0.000000,0.000000,0.000000,0.000000,0.000000,0.000000,0.000000,359.937780,465.154153,-369.966122,362.806855,474.105692,-358.381486,366.132423,474.615307,-358.342389,368.204353,477.149688,-358.333648,355.639252,474.661432,-366.317986,352.310979,476.088818,-366.390668,349.123224,477.442002,-366.395058,371.143853,481.084840,-236.011566,339.593406,483.409626,-274.959708,362.612954,461.077532,-317.661459,353.149165,459.729046,-329.598202,0.000000,457.261321,-101.425928,312.650150,447.347128,-204.645023,411.375746,401.182178,-8.447623,0.000000,390.359439,-266.634222,428.894478,350.723751,-0.000000,334.380669,365.467141,-412.135236,435.145355,0.000000,-85.777390,343.942511,358.006129,-448.014423,429.461957,332.274293,-116.837287,349.623565,368.458648,-0.000000,427.423416,339.268889,-85.418877,346.537344,371.865154,-416.649261,376.026077,328.876766,40.452860,335.532073,328.048951,-40.698840,0.000000,245.072307,28.419088,343.129204,243.705686,-93.399243,367.925144,162.332050,137.313015,319.948821,169.043149,38.966604,357.822607,152.775181,143.913641,315.243069,161.814652,48.204169,381.048549,127.026444,51.242116,340.893227,127.924956,-60.163062,
0.000000,0.000000,0.000000,0.000000,0.000000,0.000000,0.000000,0.000000,0.000000,0.000000,0.000000,0.000000,0.000000,0.000000,0.000000,0.000000,0.000000,0.000000,0.000000,0.000000,0.000000,0.000000,0.000000,0.000000,0.000000,0.000000,0.000000,0.000000,0.000000,0.000000,0.000000,0.000000,0.000000,0.000000,0.000000,0.000000,0.000000,0.000000,0.000000,0.000000,0.000000,0.000000,0.000000,0.000000,0.000000,0.000000,0.000000,0.000000,0.000000,0.000000,0.000000,0.000000,361.377532,465.154153,-371.603140,364.252301,474.105692,-359.988578,367.585329,474.615307,-359.949305,369.665481,477.149688,-359.940525,357.061809,474.661432,-369.588683,353.725882,476.088818,-369.662013,350.530979,477.442002,-369.666443,372.610825,481.084840,-240.034793,340.979501,483.409626,-284.610043,364.057628,0.000000,-319.105374,355.985704,461.668831,-332.567555,390.101201,457.261321,-101.425928,315.171523,449.180518,-228.084541,409.682842,401.182178,-28.560966,300.475970,392.330951,-320.733920,420.141529,352.862310,-95.619491,345.812487,395.742526,-470.772281,426.117443,0.000000,-0.000000,0.000000,391.154845,-509.886249,422.304257,336.704617,-139.671646,362.956667,403.972734,-510.568096,418.592354,341.457720,-107.060069,359.696990,0.000000,-472.386442,376.026077,330.252820,44.608976,336.853065,330.829027,-44.851782,0.000000,246.382854,6.913259,348.944953,251.696037,-0.000000,367.925144,164.540649,133.940133,325.237231,183.040352,42.502616,357.822607,154.973385,142.225829,319.087497,178.960575,53.647054,381.048549,127.026444,49.594249,340.893227,140.809484,-46.688283,
0.000000,0.000000,0.000000,0.000000,0.000000,0.000000,0.000000,0.000000,0.000000,0.000000,0.000000,0.000000,0.000000,0.000000,0.000000,0.000000,0.000000,0.000000,0.000000,0.000000,0.000000,0.000000,0.000000,0.000000,0.000000,0.000000,0.000000,0.000000,0.000000,0.000000,0.000000,0.000000,0.000000,0.000000,0.000000,0.000000,0.000000,0.000000,0.000000,0.000000,0.000000,0.000000,0.000000,0.000000,0.000000,0.000000,0.000000,0.000000,0.000000,0.000000,0.000000,0.000000,361.377532,465.154153,-309.396447,365.697747,474.105692,-300.526179,367.585329,474.615307,-300.493393,371.126610,477.149688,-300.486064,358.484366,0.000000,-309.080801,355.140786,476.088818,-309.142126,351.938734,0.000000,-309.145830,374.077797,481.084840,-0.000000,342.365597,483.409626,-225.329410,365.502301,461.077532,-259.904830,355.985704,0.000000,-271.695815,391.643103,455.410060,-48.654318,316.432209,454.680688,-193.826784,407.989938,0.000000,16.694056,0.000000,400.217000,-274.362751,413.139171,355.000870,-57.581827,351.528396,415.205273,-424.267038,417.089531,338.812162,-0.000000,367.560881,415.463903,-461.272672,413.357133,338.919779,-99.711518,368.882490,423.949408,-458.255791,409.761291,345.835384,-69.187983,367.007904,424.674407,-424.611716,376.026077,331.628873,48.765092,335.532073,333.609103,-48.727862,0.000000,249.003949,-17.901158,353.306765,262.349837,-148.437480,0.000000,164.540649,105.270632,327.881436,0.000000,0.000000,357.822607,153.874283,111.845223,320.368973,198.249739,79.047185,382.642894,127.960462,26.524106,339.518657,160.136276,10.579531,
0.000000,0.000000,0.000000,0.000000,0.000000,0.000000,0.000000,0.000000,0.000000,0.000000,0.000000,0.000000,0.000000,0.000000,0.000000,0.000000,0.000000,0.000000,0.000000,0.000000,0.000000,0.000000,0.000000,0.000000,0.000000,0.000000,0.000000,0.000000,0.000000,0.000000,0.000000,0.000000,0.000000,0.000000,0.000000,0.000000,0.000000,0.000000,0.000000,0.000000,0.000000,0.000000,0.000000,0.000000,0.000000,0.000000,0.000000,0.000000,0.000000,0.000000,0.000000,0.000000,361.377532,465.154153,-235.730626,365.697747,474.105692,-0.000000,0.000000,474.615307,-229.789065,371.126610,477.149688,-229.783460,358.484366,474.661432,-235.490134,355.140786,474.080004,-235.536858,351.938734,475.435943,-235.539680,0.000000,481.084840,-128.725500,343.751692,481.420286,-157.777061,365.502301,0.000000,-192.040791,355.985704,461.668831,-200.431339,393.185005,457.261321,-17.870879,316.432209,456.514078,-114.493031,404.604129,405.039699,46.864071,0.000000,406.131537,-227.991582,404.386222,359.277988,-0.525330,352.957373,432.505493,-0.000000,408.061619,345.412399,-4.113395,367.560881,437.563047,-390.562014,404.410009,345.565265,-28.354146,367.401035,448.365342,-0.000000,402.696442,350.213047,-6.969557,362.621356,446.678262,-360.912081,376.026077,331.628873,47.656794,335.532073,336.389179,-47.897274,371.854696,249.003949,-24.518336,359.122515,282.325713,-225.991360,0.000000,163.436350,86.719779,329.203539,216.418299,-81.257807,357.822607,151.676079,91.591485,320.368973,214.324042,-67.910716,382.642894,127.960462,3.453963,338.144088,173.020804,-144.380435,
0.000000,0.000000,0.000000,0.000000,0.000000,0.000000,0.000000,0.000000,0.000000,0.000000,0.000000,0.000000,0.000000,0.000000,0.000000,0.000000,0.000000,0.000000,0.000000,0.000000,0.000000,0.000000,0.000000,0.000000,0.000000,0.000000,0.000000,0.000000,0.000000,0.000000,0.000000,0.000000,0.000000,0.000000,0.000000,0.000000,0.000000,0.000000,0.000000,0.000000,0.000000,0.000000,0.000000,0.000000,0.000000,0.000000,0.000000,0.000000,0.000000,0.000000,0.000000,0.000000,361.377532,465.154153,-206.264298,365.697747,472.088221,-197.672300,0.000000,472.595667,-197.650735,371.126610,473.106047,-199.252791,358.484366,472.650155,-206.053867,355.140786,474.080004,-206.094751,353.346489,473.429884,-206.097220,374.077797,0.000000,-105.927211,346.523883,479.430946,-138.476390,365.502301,461.077532,-164.606392,357.403974,461.668831,-173.707160,393.185005,455.410060,-12.373837,316.432209,456.514078,-105.477831,394.446703,401.182178,25.074616,306.684151,417.960611,-224.127317,392.132094,355.000870,-24.978115,352.957373,451.968240,-341.366388,395.422542,343.212320,-0.000000,364.608585,461.872105,-370.674641,399.041735,341.134941,-45.479915,364.438123,468.342016,-362.001150,395.631592,343.646552,-31.315898,359.696990,464.281347,-354.940240,376.026077,333.004927,41.561158,335.532073,339.169255,-41.529428,370.298818,250.314496,-46.024164,362.030389,296.974689,-244.754396,366.447533,162.332050,58.050279,331.847744,232.568918,-90.097837,357.822607,150.576977,62.898690,321.650448,231.469966,-75.167896,381.048549,128.894480,-21.264047,338.144088,190.506949,-146.064783,
0.000000,0.000000,0.000000,0.000000,0.000000,0.000000,0.000000,0.000000,0.000000,0.000000,0.000000,0.000000,0.000000,0.000000,0.000000,0.000000,0.000000,0.000000,0.000000,0.000000,0.000000,0.000000,0.000000,0.000000,0.000000,0.000000,0.000000,0.000000,0.000000,0.000000,0.000000,0.000000,0.000000,0.000000,0.000000,0.000000,0.000000,0.000000,0.000000,0.000000,0.000000,0.000000,0.000000,0.000000,0.000000,0.000000,0.000000,0.000000,0.000000,0.000000,0.000000,0.000000,0.000000,465.154153,-139.146550,365.697747,472.088221,-125.353166,367.585329,472.595667,-125.339490,369.665481,475.127868,-125.336433,358.484366,472.650155,-0.000000,356.555689,474.080004,-137.396500,353.346489,473.429884,-137.398147,371.143853,0.000000,-32.168041,347.909979,479.430946,-83.331614,365.502301,461.077532,-99.630185,357.403974,461.668831,-114.320097,387.017397,455.410060,32.701914,318.953581,458.347468,-89.250473,385.982182,399.253417,6.637384,309.167424,433.732710,-221.551141,379.877966,359.277988,-65.732755,362.960214,467.105932,-298.905079,382.783465,345.412399,-82.860819,374.941622,472.921677,-326.480480,381.147487,345.565265,-79.731454,0.000000,477.220538,-313.873829,377.969467,350.213047,-63.777686,371.394453,0.000000,-297.212446,373.076853,335.757033,41.284083,0.000000,341.949331,-41.252565,368.742941,252.935590,-42.715575,362.030389,307.628489,-267.270038,366.447533,162.332050,37.812984,334.491949,244.412705,-125.457958,356.373932,0.000000,40.957142,321.650448,240.042927,-0.000000,382.642894,129.828498,-36.094853,0.000000,202.471154,-0.000000,
0.000000,0.000000,0.000000,0.000000,0.000000,0.000000,0.000000,0.000000,0.000000,0.000000,0.000000,0.000000,0.000000,0.000000,0.000000,0.000000,0.000000,0.000000,0.000000,0.000000,0.000000,0.000000,0.000000,0.000000,0.000000,0.000000,0.000000,0.000000,0.000000,0.000000,0.000000,0.000000,0.000000,0.000000,0.000000,0.000000,0.000000,0.000000,0.000000,0.000000,0.000000,0.000000,0.000000,0.000000,0.000000,0.000000,0.000000,0.000000,0.000000,0.000000,0.000000,0.000000,0.000000,467.133532,-112.954259,367.143192,0.000000,-99.639696,369.038236,476.634947,-99.628826,371.126610,0.000000,-99.626395,361.329480,474.661432,-112.839023,359.385496,476.088818,-114.497084,357.569754,475.435943,-0.000000,371.143853,481.084840,-8.028676,350.682170,479.430946,-68.166801,368.391647,464.968482,-73.639702,0.000000,0.000000,-92.049948,387.017397,455.410060,53.590676,321.474953,460.180858,-83.841353,385.982182,401.182178,18.370168,309.167424,445.561784,-207.382173,379.877966,389.217821,-76.600659,362.960214,477.918569,-260.487705,382.783465,382.813742,-91.610532,376.417770,486.181163,-284.496027,379.358062,389.868504,-99.711518,376.289769,488.318690,-274.116478,377.969467,391.800846,-80.008579,371.394453,486.285202,-255.409561,373.076853,337.133087,40.452860,334.211080,343.339369,-40.421977,368.742941,252.935590,-36.098397,363.484326,315.618840,-284.782205,366.447533,162.332050,44.558749,335.814051,254.103077,-134.297989,356.373932,150.576977,49.396199,325.494876,250.759130,-118.710978,382.642894,129.828498,-26.207649,340.893227,210.754065,-176.383037,
0.000000,0.000000,0.000000,0.000000,0.000000,0.000000,0.000000,0.000000,0.000000,0.000000,0.000000,0.000000,0.000000,0.000000,0.000000,0.000000,0.000000,0.000000,0.000000,0.000000,0.000000,0.000000,0.000000,0.000000,0.000000,0.000000,0.000000,0.000000,0.000000,0.000000,0.000000,0.000000,0.000000,0.000000,0.000000,0.000000,0.000000,0.000000,0.000000,0.000000,0.000000,0.000000,0.000000,0.000000,0.000000,0.000000,0.000000,0.000000,0.000000,0.000000,0.000000,0.000000,365.696785,469.112911,-0.000000,367.143192,476.123163,-96.425512,369.038236,476.634947,-96.414992,369.665481,477.149688,-98.019518,361.329480,474.661432,-109.568326,359.385496,476.088818,-109.590066,356.161999,475.435943,-109.591379,371.143853,481.084840,-12.051903,350.682170,479.430946,-64.030943,366.946974,464.968482,-72.195786,0.000000,465.548401,-87.595918,387.017397,455.410060,28.304279,321.474953,460.180858,-82.038313,382.596373,416.612262,-68.787652,310.409060,453.447833,-207.382173,364.122659,444.820367,-185.279700,364.389191,488.731207,-242.290001,362.922059,451.016190,-205.356810,376.417770,497.230735,-262.398946,0.000000,456.323362,-193.903248,377.771225,499.416842,-0.000000,360.307342,453.088129,-185.509389,372.856636,497.287130,-237.494039,371.602241,339.885194,34.911372,332.890088,347.509482,-34.884720,370.298818,252.935590,-50.987048,364.938264,322.277465,-284.782205,366.447533,162.332050,20.948572,337.136154,269.176988,-111.313910,356.373932,150.576977,24.079027,325.494876,268.976673,-93.310847,381.048549,129.828498,-50.925659,345.016935,227.319887,-146.064783,
0.000000,0.000000,0.000000,0.000000,0.000000,0.000000,0.000000,0.000000,0.000000,0.000000,0.000000,0.000000,0.000000,0.000000,0.000000,0.000000,0.000000,0.000000,0.000000,0.000000,0.000000,0.000000,0.000000,0.000000,0.000000,0.000000,0.000000,0.000000,0.000000,0.000000,0.000000,0.000000,0.000000,0.000000,0.000000,0.000000,0.000000,0.000000,0.000000,0.000000,0.000000,0.000000,0.000000,0.000000,0.000000,0.000000,0.000000,0.000000,0.000000,0.000000,0.000000,0.000000,365.696785,469.112911,-145.694623,367.143192,0.000000,-133.388625,369.038236,476.634947,-133.374073,371.126610,477.149688,-133.370820,361.329480,474.661432,-0.000000,359.385496,476.088818,-142.303518,357.569754,475.435943,-142.305223,0.000000,481.084840,-44.237723,352.068265,479.430946,-80.574376,368.391647,464.968482,-108.293679,361.658783,463.608616,-118.774127,387.017397,455.410060,5.216700,321.474953,460.180858,-89.250473,384.289277,418.541022,-142.536577,0.000000,455.419345,-215.110701,367.623838,449.097486,-283.090836,362.960214,493.056262,-256.443771,364.727642,455.416348,-307.436803,374.941622,501.650563,-277.866903,365.042663,460.753686,-296.657864,0.000000,503.856103,-263.654017,363.839767,457.465792,-282.894751,371.394453,499.487515,-251.428334,370.127629,341.261247,28.815736,330.248103,348.899520,-28.793737,368.742941,251.625043,-59.258520,363.484326,328.936090,-288.534812,366.447533,162.332050,31.067220,337.136154,0.000000,-97.169862,357.822607,151.676079,37.581519,0.000000,273.263154,-76.982191,382.642894,129.828498,-41.038455,0.000000,0.000000,-139.327393,
0.000000,0.000000,0.000000,0.000000,0.000000,0.000000,0.000000,0.000000,0.000000,0.000000,0.000000,0.000000,0.000000,0.000000,0.000000,0.000000,0.000000,0.000000,0.000000,0.000000,0.000000,0.000000,0.000000,0.000000,0.000000,0.000000,0.000000,0.000000,0.000000,0.000000,0.000000,0.000000,0.000000,0.000000,0.000000,0.000000,0.000000,0.000000,0.000000,0.000000,0.000000,0.000000,0.000000,0.000000,0.000000,0.000000,0.000000,0.000000,0.000000,0.000000,0.000000,0.000000,367.136536,469.112911,-130.961459,368.588638,474.105692,-118.924798,370.491142,476.634947,-118.911824,372.587738,477.149688,-118.908924,0.000000,474.661432,-127.557156,360.800400,476.088818,-127.582465,358.977509,475.435943,-127.583993,372.610825,481.084840,-30.826965,0.000000,479.430946,-0.000000,0.000000,464.968482,-95.298438,361.658783,463.608616,-106.896714,387.017397,455.410060,6.316109,321.474953,460.180858,-82.939833,385.982182,418.541022,-127.451570,307.925787,455.419345,-208.670261,372.875607,444.820367,-269.505956,362.960214,493.056262,-230.158199,371.949971,451.016190,-295.770518,373.465474,0.000000,-249.140698,372.200362,454.108200,-285.240684,374.808313,506.075733,-234.359126,369.138405,450.899297,-272.074155,371.394453,501.687901,-223.559744,368.653017,341.261247,29.369885,327.606118,348.899520,-29.347463,368.742941,251.625043,-60.912814,364.938264,328.936090,-283.531336,366.447533,162.332050,5.770602,337.136154,274.560528,-109.545904,357.822607,151.676079,8.888724,326.776352,273.263154,-89.682257,382.642894,129.828498,-67.404333,346.391505,232.841827,-139.327393,
0.000000,0.000000,0.000000,0.000000,0.000000,0.000000,0.000000,0.000000,0.000000,0.000000,0.000000,0.000000,0.000000,0.000000,0.000000,0.000000,0.000000,0.000000,0.000000,0.000000,0.000000,0.000000,0.000000,0.000000,0.000000,0.000000,0.000000,0.000000,0.000000,0.000000,0.000000,0.000000,0.000000,0.000000,0.000000,0.000000,0.000000,0.000000,0.000000,0.000000,0.000000,0.000000,0.000000,0.000000,0.000000,0.000000,0.000000,0.000000,0.000000,0.000000,0.000000,0.000000,367.136536,467.133532,-142.420587,368.588638,0.000000,-131.781533,370.491142,474.615307,-131.767156,372.587738,0.000000,-131.763942,0.000000,472.650155,-140.639941,360.800400,474.080004,-140.667846,358.977509,475.435943,-140.669531,372.610825,479.071933,-0.000000,0.000000,479.430946,-83.331614,368.391647,463.023007,-105.405848,361.658783,463.608616,-118.774127,387.017397,455.410060,0.819066,321.474953,460.180858,-91.955032,384.289277,418.541022,-120.747122,307.925787,453.447833,-0.000000,365.873249,446.958926,-0.000000,361.531237,490.893734,-250.377870,364.727642,453.216269,-284.104233,373.465474,501.650563,-273.447487,363.253238,458.538524,-276.677800,374.808313,503.856103,-261.561525,362.073555,455.276961,-261.253560,0.000000,499.487515,-0.000000,367.178405,342.637301,31.032331,326.285126,350.289558,-31.008640,368.742941,251.625043,-59.258520,364.938264,324.940915,-266.019169,0.000000,162.332050,-2.661604,337.136154,267.023572,-98.937868,356.373932,150.576977,-1.238145,326.776352,264.690192,-82.425076,382.642894,129.828498,-83.883006,347.766074,224.558916,-135.958698,
0.000000,0.000000,0.000000,0.000000,0.000000,0.000000,0.000000,0.000000,0.000000,0.000000,0.000000,0.000000,0.000000,0.000000,0.000000,0.000000,0.000000,0.000000,0.000000,0.000000,0.000000,0.000000,0.000000,0.000000,0.000000,0.000000,0.000000,0.000000,0.000000,0.000000,0.000000,0.000000,0.000000,0.000000,0.000000,0.000000,0.000000,0.000000,0.000000,0.000000,0.000000,0.000000,0.000000,0.000000,0.000000,0.000000,0.000000,0.000000,0.000000,0.000000,0.000000,0.000000,367.136536,467.133532,-0.000000,368.588638,472.088221,-0.000000,370.491142,474.615307,-118.911824,372.587738,475.127868,-118.908924,362.752037,472.650155,-129.192504,360.800400,474.080004,-129.218137,358.977509,475.435943,-129.219686,372.610825,479.071933,-32.168041,352.068265,479.430946,-73.681279,368.391647,463.023007,-93.854522,361.658783,463.608616,-106.896714,387.017397,455.410060,14.011968,320.214267,460.180858,-82.038313,380.903469,416.612262,-117.394898,306.684151,451.476321,-206.094085,362.372069,438.404688,-0.000000,362.960214,488.731207,-246.333935,361.116477,0.000000,-246.188807,373.465474,497.230735,-266.818363,359.674389,447.462714,-213.883313,374.808313,499.416842,-253.191556,358.541130,0.000000,-212.560878,371.394453,495.086744,-241.475266,365.703793,342.637301,31.586480,326.285126,348.899520,-31.285503,367.187064,254.246137,-54.295637,364.938264,320.945740,-253.510479,366.447533,163.436350,4.084160,335.814051,259.486617,-118.385934,356.373932,151.676079,0.000000,0.000000,256.117231,-106.010912,382.642894,129.828498,-0.000000,347.766074,217.196329,-174.698689,
0.000000,0.000000,0.000000,0.000000,0.000000,0.000000,0.000000,0.000000,0.000000,0.000000,0.000000,0.000000,0.000000,0.000000,0.000000,0.000000,0.000000,0.000000,0.000000,0.000000,0.000000,0.000000,0.000000,0.000000,0.000000,0.000000,0.000000,0.000000,0.000000,0.000000,0.000000,0.000000,0.000000,0.000000,0.000000,0.000000,0.000000,0.000000,0.000000,0.000000,0.000000,0.000000,0.000000,0.000000,0.000000,0.000000,0.000000,0.000000,0.000000,0.000000,0.000000,0.000000,365.696785,469.112911,-129.324441,367.143192,476.123163,-117.317706,369.038236,476.634947,-117.304908,371.126610,477.149688,-117.302046,361.329480,476.672709,-125.921808,359.385496,476.088818,-125.946792,357.569754,477.442002,-125.948301,371.143853,481.084840,-26.803737,0.000000,479.430946,-66.788182,368.391647,464.968482,-90.966690,361.658783,465.548401,-103.927361,388.559299,455.410060,31.602505,320.214267,460.180858,-73.023114,377.517660,412.754741,-20.180406,306.684151,449.504808,-197.077469,369.374428,395.633499,-120.072275,0.000000,480.081097,-260.487705,368.338806,387.213900,-135.359101,374.941622,488.391077,-284.496027,366.832088,394.298828,-139.671646,376.289769,492.757951,-267.839001,365.605980,396.178509,-123.290963,371.394453,0.000000,-253.418947,367.178405,342.637301,32.417703,327.606118,347.509482,-0.000000,368.742941,0.000000,-47.678459,364.938264,319.614015,-251.008741,366.447533,163.436350,0.000000,333.169846,257.333201,-0.000000,0.000000,151.676079,20.703404,321.650448,255.045610,-102.382322,384.237240,129.828498,-64.108598,338.144088,215.355682,-171.329994,
0.000000,0.000000,0.000000,0.000000,0.000000,0.000000,0.000000,0.000000,0.000000,0.000000,0.000000,0.000000,0.000000,0.000000,0.000000,0.000000,0.000000,0.000000,0.000000,0.000000,0.000000,0.000000,0.000000,0.000000,0.000000,0.000000,0.000000,0.000000,0.000000,0.000000,0.000000,0.000000,0.000000,0.000000,0.000000,0.000000,0.000000,0.000000,0.000000,0.000000,0.000000,0.000000,0.000000,0.000000,0.000000,0.000000,0.000000,0.000000,0.000000,0.000000,0.000000,0.000000,364.257034,469.112911,-145.694623,365.697747,476.123163,-134.995717,367.585329,476.634947,-0.000000,369.665481,477.149688,-0.000000,361.329480,474.661432,-143.910637,359.385496,476.088818,-143.939191,357.569754,475.435943,-143.940916,369.676882,481.084840,-38.873420,352.068265,479.430946,-84.710234,366.946974,464.968482,-106.849763,360.240513,465.548401,-120.258803,387.017397,455.410060,33.801322,320.214267,460.180858,-83.841353,379.210565,403.110938,3.285161,306.684151,443.590271,-209.958349,369.374428,0.000000,-106.487395,361.531237,477.918569,-304.970981,0.000000,360.812952,-120.776245,373.465474,483.971248,-335.319312,370.410938,363.286560,-133.963056,374.808313,490.538320,-320.151306,367.372192,367.723699,-112.470367,369.932270,486.285202,-299.203060,367.178405,342.637301,38.790414,0.000000,344.729406,-38.483937,368.742941,256.867231,-52.641342,364.938264,295.642964,-235.998312,366.447533,163.436350,20.948572,325.237231,236.875750,-91.865843,356.373932,151.676079,24.079027,312.680117,234.684826,-76.982191,384.237240,129.828498,-55.869261,329.896671,191.427273,-0.000000,
0.000000,0.000000,0.000000,0.000000,0.000000,0.000000,0.000000,0.000000,0.000000,0.000000,0.000000,0.000000,0.000000,0.000000,0.000000,0.000000,0.000000,0.000000,0.000000,0.000000,0.000000,0.000000,0.000000,0.000000,0.000000,0.000000,0.000000,0.000000,0.000000,0.000000,0.000000,0.000000,0.000000,0.000000,0.000000,0.000000,0.000000,0.000000,0.000000,0.000000,0.000000,0.000000,0.000000,0.000000,0.000000,0.000000,0.000000,0.000000,0.000000,0.000000,0.000000,0.000000,362.817283,467.133532,-183.346043,365.697747,474.105692,-173.565922,367.585329,474.615307,-173.546986,0.000000,475.127868,-173.542753,358.484366,474.661432,-181.523645,356.555689,474.080004,-181.559661,354.754244,475.435943,-181.561837,0.000000,481.084840,-73.741391,349.296074,0.000000,-109.525383,365.502301,463.023007,-138.615909,358.822244,463.608616,-149.952335,388.559299,455.410060,25.006054,318.953581,460.180858,-84.742873,380.903469,0.000000,65.301302,305.442515,425.846661,-188.060853,371.125018,367.832226,15.776526,354.386350,458.455822,-300.927046,373.755554,354.212715,16.302603,366.084733,468.501848,-326.480480,373.989787,361.071398,0.188803,364.438123,475.000907,-315.966322,372.670830,363.346036,11.966485,361.159173,473.082889,-297.212446,367.178405,339.885194,42.669455,327.606118,343.339369,-42.636880,367.187064,0.000000,-41.061281,362.030389,282.325713,-203.475718,366.447533,163.436350,24.321455,314.660410,219.648422,-84.793819,357.822607,150.576977,24.079027,0.000000,216.467283,-73.353601,384.237240,129.828498,-55.869261,321.649254,173.941128,-141.011740,
0.000000,0.000000,0.000000,0.000000,0.000000,0.000000,0.000000,0.000000,0.000000,0.000000,0.000000,0.000000,0.000000,0.000000,0.000000,0.000000,0.000000,0.000000,0.000000,0.000000,0.000000,0.000000,0.000000,0.000000,0.000000,0.000000,0.000000,0.000000,0.000000,0.000000,0.000000,0.000000,0.000000,0.000000,0.000000,0.000000,0.000000,0.000000,0.000000,0.000000,0.000000,0.000000,0.000000,0.000000,0.000000,0.000000,0.000000,0.000000,0.000000,0.000000,0.000000,0.000000,364.257034,467.133532,-0.000000,367.143192,476.123163,-269.991434,369.038236,476.634947,-269.961979,371.126610,477.149688,-269.955394,361.329480,0.000000,-281.279882,0.000000,476.088818,-281.335691,356.161999,477.442002,-281.339062,371.143853,481.084840,-150.182713,349.296074,481.420286,-200.514261,0.000000,463.023007,-231.026515,358.822244,463.608616,-244.971636,0.000000,455.410060,-11.274428,317.692895,460.180858,-163.175107,385.982182,405.039699,83.738533,302.959242,415.989099,-283.379367,385.129735,361.416548,75.549998,351.528396,441.155602,-438.420808,0.000000,347.612478,77.550599,366.084733,446.402704,-472.321212,386.515761,349.995589,54.420405,364.438123,455.024234,-466.625760,385.034317,354.590710,68.774614,359.696990,455.479805,-0.000000,367.178405,338.509140,52.921207,328.927111,340.559293,-52.880805,367.187064,0.000000,8.567554,356.214640,266.345013,-0.000000,366.447533,163.436350,93.465544,0.000000,205.651219,-45.897686,0.000000,150.576977,94.967108,292.176503,201.464600,-35.253404,384.237240,129.828498,8.397565,310.652699,160.136276,-119.115223,
0.000000,0.000000,0.000000,0.000000,0.000000,0.000000,0.000000,0.000000,0.000000,0.000000,0.000000,0.000000,0.000000,0.000000,0.000000,0.000000,0.000000,0.000000,0.000000,0.000000,0.000000,0.000000,0.000000,0.000000,0.000000,0.000000,0.000000,0.000000,0.000000,0.000000,0.000000,0.000000,0.000000,0.000000,0.000000,0.000000,0.000000,0.000000,0.000000,0.000000,0.000000,0.000000,0.000000,0.000000,0.000000,0.000000,0.000000,0.000000,0.000000,0.000000,0.000000,0.000000,365.696785,467.133532,-291.389247,368.588638,476.123163,-278.026893,370.491142,476.634947,-277.996562,372.587738,477.149688,-277.989781,361.329480,476.672709,-289.456623,357.970593,476.088818,-289.514054,0.000000,477.442002,-289.517524,372.610825,481.084840,-155.547017,347.909979,0.000000,-204.650120,366.946974,0.000000,-239.690010,358.822244,0.000000,-253.879696,388.559299,455.410060,-16.771471,317.692895,458.347468,-160.470547,392.753799,405.039699,63.625190,301.717606,404.160025,-261.481870,395.633274,359.277988,15.776526,351.528396,426.017910,-406.069334,399.033707,0.000000,7.552889,366.084733,428.723389,-439.175591,395.462885,343.350103,-14.082672,364.438123,437.267190,-433.145885,392.099167,348.024215,6.556187,359.696990,435.676335,-404.705580,367.178405,337.133087,55.691951,0.000000,339.169255,-55.926297,365.631186,256.867231,21.801910,344.583141,258.354662,-155.942694,0.000000,162.332050,142.372339,296.150974,187.347184,-52.969710,0.000000,150.576977,147.289263,283.206172,0.000000,-46.139175,384.237240,129.828498,56.185719,302.405282,143.570455,-147.749130,
0.000000,0.000000,0.000000,0.000000,0.000000,0.000000,0.000000,0.000000,0.000000,0.000000,0.000000,0.000000,0.000000,0.000000,0.000000,0.000000,0.000000,0.000000,0.000000,0.000000,0.000000,0.000000,0.000000,0.000000,0.000000,0.000000,0.000000,0.000000,0.000000,0.000000,0.000000,0.000000,0.000000,0.000000,0.000000,0.000000,0.000000,0.000000,0.000000,0.000000,0.000000,0.000000,0.000000,0.000000,0.000000,0.000000,0.000000,0.000000,0.000000,0.000000,0.000000,0.000000,365.696785,471.092291,-294.663283,368.588638,480.158105,-281.241077,370.491142,480.674226,-281.210395,372.587738,481.193330,-281.203535,361.329480,478.683987,-292.727319,357.970593,480.106445,-292.785400,356.161999,481.454120,-292.788908,372.610825,483.097748,-163.593471,346.523883,485.398966,-215.679075,368.391647,466.913957,-245.465673,360.240513,467.488186,-259.818402,0.000000,457.261321,-36.560824,315.171523,456.514078,-167.682706,394.446703,403.110938,46.864071,299.234334,398.245488,-260.193782,399.134453,0.000000,-3.242306,347.241464,406.555163,-397.981466,406.256036,338.812162,-12.863109,363.132437,404.414331,-0.000000,402.620584,338.919779,-36.917031,364.438123,415.070886,-426.868408,399.164017,343.646552,-12.379855,359.696990,415.872865,-396.743125,367.178405,334.380980,52.921207,330.248103,333.609103,-53.157668,364.075309,0.000000,84.665100,332.951643,246.369137,-127.172707,366.447533,0.000000,204.770663,289.540462,174.426688,-49.433698,356.373932,150.576977,209.738287,0.000000,168.244373,-46.139175,385.831585,129.828498,128.691882,296.907004,133.446897,-151.117825,
0.000000,0.000000,0.000000,0.000000,0.000000,0.000000,0.000000,0.000000,0.000000,0.000000,0.000000,0.000000,0.000000,0.000000,0.000000,0.000000,0.000000,0.000000,0.000000,0.000000,0.000000,0.000000,0.000000,0.000000,0.000000,0.000000,0.000000,0.000000,0.000000,0.000000,0.000000,0.000000,0.000000,0.000000,0.000000,0.000000,0.000000,0.000000,0.000000,0.000000,0.000000,0.000000,0.000000,0.000000,0.000000,0.000000,0.000000,0.000000,0.000000,0.000000,0.000000,0.000000,365.696785,471.092291,-307.759429,368.588638,482.175576,-294.097812,370.491142,482.693865,-294.065727,372.587738,483.215151,-294.058554,361.329480,480.695264,-307.445453,0.000000,482.115258,-307.506453,354.754244,483.460178,-307.510138,372.610825,0.000000,-172.981002,346.523883,487.388306,-236.358365,366.946974,466.913957,-258.460914,358.822244,467.488186,-277.634521,387.017397,455.410060,-42.057867,313.910836,454.680688,-190.220704,394.446703,401.182178,0.000000,293.026152,394.302464,-270.498487,402.635632,355.000870,-14.110210,338.667601,0.000000,-402.025400,409.867201,336.612083,-24.529394,354.275548,382.315187,-434.756175,407.988859,336.704617,-54.042800,358.512300,390.654952,-0.000000,404.462654,343.646552,-25.905600,353.848258,393.869010,-402.714966,364.229180,331.628873,54.306579,327.606118,332.219065,-0.000000,362.519431,247.693402,122.713873,321.320145,242.373961,-117.165754,366.447533,162.332050,248.618134,284.252051,164.736317,-45.897686,356.373932,150.576977,255.309197,272.954365,155.384931,-44.324880,385.831585,130.762516,171.536433,290.034157,124.243663,-156.170867,
0.000000,0.000000,0.000000,0.000000,0.000000,0.000000,0.000000,0.000000,0.000000,0.000000,0.000000,0.000000,0.000000,0.000000,0.000000,0.000000,0.000000,0.000000,0.000000,0.000000,0.000000,0.000000,0.000000,0.000000,0.000000,0.000000,0.000000,0.000000,0.000000,0.000000,0.000000,0.000000,0.000000,0.000000,0.000000,0.000000,0.000000,0.000000,0.000000,0.000000,0.000000,0.000000,0.000000,0.000000,0.000000,0.000000,0.000000,0.000000,0.000000,0.000000,0.000000,0.000000,365.696785,479.009808,-317.581538,368.588638,488.227990,-298.919087,370.491142,488.752784,-298.886477,0.000000,489.280613,-0.000000,361.329480,488.740373,-313.986845,357.970593,0.000000,-314.049144,353.346489,489.478355,-314.052907,371.143853,489.136470,-0.000000,343.751692,491.366986,-237.736985,366.946974,472.750381,-265.680493,358.822244,471.367756,-285.057904,382.391691,455.410060,-0.000000,311.389464,451.013908,-188.417664,391.060895,0.000000,38.483511,289.301244,392.330951,-256.329518,406.136812,355.000870,-30.412067,331.522715,371.954724,-377.761795,415.283948,338.812162,-44.945393,346.894808,364.635872,-412.659094,0.000000,338.919779,-94.002928,352.586477,372.897909,-420.590931,409.761291,343.646552,-39.431345,347.999527,378.466311,-380.818217,362.754568,328.876766,54.583654,324.964133,329.438989,-54.541982,360.963554,246.382854,135.948229,311.142583,239.710511,-114.664016,0.000000,162.332050,272.228311,276.319436,0.000000,-49.433698,356.373932,150.576977,0.000000,265.265509,145.740349,-46.139175,385.831585,130.762516,189.662974,284.535879,119.642046,-174.698689,
0.000000,0.000000,0.000000,0.000000,0.000000,0.000000,0.000000,0.000000,0.000000,0.000000,0.000000,0.000000,0.000000,0.000000,0.000000,0.000000,0.000000,0.000000,0.000000,0.000000,0.000000,0.000000,0.000000,0.000000,0.000000,0.000000,0.000000,0.000000,0.000000,0.000000,0.000000,0.000000,0.000000,0.000000,0.000000,0.000000,0.000000,0.000000,0.000000,0.000000,0.000000,0.000000,0.000000,0.000000,0.000000,0.000000,0.000000,0.000000,0.000000,0.000000,0.000000,0.000000,365.696785,480.989188,-301.211356,367.143192,490.245461,-282.848169,369.038236,490.772424,-282.817311,0.000000,491.302433,-282.810413,359.906923,490.751650,-297.633364,0.000000,492.159326,-297.692417,0.000000,493.490473,-297.695985,0.000000,491.149377,-159.570244,342.365597,493.356326,-232.222507,0.000000,474.695856,-251.241336,357.403974,0.000000,-273.180492,377.765985,455.410060,-35.461416,307.607406,449.180518,-185.713105,389.367990,397.324657,41.835735,285.576335,390.359439,-237.008198,406.136812,355.000870,-41.279971,321.519874,356.817031,-349.454256,417.089531,338.812162,-71.194534,333.609475,346.956557,-388.352306,415.146558,338.919779,-111.128697,0.000000,355.140865,-405.943486,411.527504,343.646552,-63.777686,336.302064,358.662841,-354.940240,361.279956,326.124660,53.198282,322.322148,0.000000,-53.434531,0.000000,247.693402,132.639640,0.000000,239.710511,-0.000000,366.447533,162.332050,262.109664,271.031026,153.969237,-31.753638,356.373932,0.000000,268.811688,262.702557,143.597108,-31.624814,384.237240,129.828498,179.775770,279.037601,119.642046,-164.592605,
0.000000,0.000000,0.000000,0.000000,0.000000,0.000000,0.000000,0.000000,0.000000,0.000000,0.000000,0.000000,0.000000,0.000000,0.000000,0.000000,0.000000,0.000000,0.000000,0.000000,0.000000,0.000000,0.000000,0.000000,0.000000,0.000000,0.000000,0.000000,0.000000,0.000000,0.000000,0.000000,0.000000,0.000000,0.000000,0.000000,0.000000,0.000000,0.000000,0.000000,0.000000,0.000000,0.000000,0.000000,0.000000,0.000000,0.000000,0.000000,0.000000,0.000000,0.000000,0.000000,362.817283,484.947946,-289.752228,364.252301,494.280403,-273.205617,366.132423,492.792063,-0.000000,368.204353,493.324254,-273.169149,357.061809,494.774205,-287.821275,0.000000,494.168140,-287.878382,350.530979,495.496531,-287.881831,363.808995,493.162284,-148.841637,338.207310,495.345666,-223.950791,362.612954,476.641331,-241.133926,354.567434,477.187111,-262.787755,374.682181,455.410060,-27.765556,303.825348,447.347128,-183.910065,387.675086,397.324657,65.301302,281.851426,0.000000,-221.551141,407.887401,355.000870,-30.412067,308.659079,343.841867,-323.168684,418.895113,0.000000,-53.695106,315.895697,327.067328,-359.626101,416.935983,341.134941,-96.857223,324.438817,0.000000,-376.648595,413.293716,345.835384,-50.251941,324.604601,338.859372,-327.071650,359.805344,321.996499,53.752431,318.359171,322.488800,-53.711394,359.407677,246.382854,155.799763,293.695336,238.378786,-80.890553,366.447533,162.332050,302.584253,267.064718,152.892529,5.374489,356.373932,150.576977,311.006975,260.139606,141.453868,8.289677,384.237240,129.828498,227.563923,272.164754,116.881075,-119.115223,
0.000000,0.000000,0.000000,0.000000,0.000000,0.000000,0.000000,0.000000,0.000000,0.000000,0.000000,0.000000,0.000000,0.000000,0.000000,0.000000,0.000000,0.000000,0.000000,0.000000,0.000000,0.000000,0.000000,0.000000,0.000000,0.000000,0.000000,0.000000,0.000000,0.000000,0.000000,0.000000,0.000000,0.000000,0.000000,0.000000,0.000000,0.000000,0.000000,0.000000,0.000000,0.000000,0.000000,0.000000,0.000000,0.000000,0.000000,0.000000,0.000000,0.000000,0.000000,0.000000,359.937780,482.968567,-284.841174,361.361410,492.262932,-268.384342,363.226610,492.792063,-268.355062,363.820968,493.324254,-268.348517,354.216695,492.762927,-284.550579,350.896075,494.168140,-284.607036,0.000000,495.496531,-284.610447,360.875051,493.162284,-150.182713,334.049024,495.345666,-226.708030,359.723608,476.641331,-238.246094,351.730895,475.247326,-259.818402,373.140279,455.410060,-29.964373,300.043289,447.347128,-177.599425,385.982182,397.324657,60.272966,276.884881,386.416414,-179.044236,407.887401,355.000870,-24.978115,294.369307,333.029229,-244.311968,418.895113,338.812162,-44.945393,298.181920,316.017756,-271.237779,416.935983,341.134941,-0.000000,306.661347,0.000000,-288.763923,413.293716,343.646552,-42.136494,307.058406,325.657058,-249.437720,0.000000,321.996499,48.210943,314.396194,0.000000,-48.174137,357.851799,246.382854,122.713873,289.333524,238.378786,-88.395767,366.447533,162.332050,248.618134,263.098410,151.815821,-14.073577,357.822607,150.576977,255.309197,261.421082,141.453868,-0.000000,384.237240,130.762516,168.240699,265.291906,116.881075,-125.852613,
0.000000,0.000000,0.000000,0.000000,0.000000,0.000000,0.000000,0.000000,0.000000,0.000000,0.000000,0.000000,0.000000,0.000000,0.000000,0.000000,0.000000,0.000000,0.000000,0.000000,0.000000,0.000000,0.000000,0.000000,0.000000,0.000000,0.000000,0.000000,0.000000,0.000000,0.000000,0.000000,0.000000,0.000000,0.000000,0.000000,0.000000,0.000000,0.000000,0.000000,0.000000,0.000000,0.000000,0.000000,0.000000,0.000000,0.000000,0.000000,0.000000,0.000000,0.000000,0.000000,355.618527,482.968567,-293.026265,357.025073,492.262932,-276.419801,358.867890,492.792063,-276.389645,359.437583,493.324254,-276.382903,349.949024,494.774205,-292.727319,345.236461,494.168140,-292.785400,342.084450,495.496531,-292.788908,356.474136,493.162284,-158.229168,329.890737,495.345666,-233.601127,355.389589,476.641331,-246.909588,0.000000,475.247326,-268.726462,368.514573,455.410060,-42.057867,293.739859,447.347128,-176.697905,384.289277,397.324657,50.216295,0.000000,382.473390,-168.739532,0.000000,355.000870,-30.412067,280.079535,324.379119,-238.246067,417.089531,341.012241,-59.528249,281.944290,307.178098,-266.818363,415.146558,341.134941,-99.711518,290.365334,310.748257,-288.763923,411.527504,345.835384,-52.957090,290.974394,316.855516,-245.456493,355.381508,320.620446,43.223604,310.433217,318.318686,-43.190605,356.295922,245.072307,124.368168,284.971712,235.715336,-74.636207,364.969922,162.332050,273.914752,0.000000,150.739113,17.750531,0.000000,150.576977,282.314180,260.139606,0.000000,20.989743,382.642894,130.762516,192.958709,0.000000,115.040428,-102.271749,
0.000000,0.000000,0.000000,0.000000,0.000000,0.000000,0.000000,0.000000,0.000000,0.000000,0.000000,0.000000,0.000000,0.000000,0.000000,0.000000,0.000000,0.000000,0.000000,0.000000,0.000000,0.000000,0.000000,0.000000,0.000000,0.000000,0.000000,0.000000,0.000000,0.000000,0.000000,0.000000,0.000000,0.000000,0.000000,0.000000,0.000000,0.000000,0.000000,0.000000,0.000000,0.000000,0.000000,0.000000,0.000000,0.000000,0.000000,0.000000,0.000000,0.000000,0.000000,0.000000,349.859523,484.947946,-296.300301,351.243290,0.000000,-281.241077,353.056265,494.811703,-0.000000,355.054197,495.346075,-281.203535,344.258796,494.774205,-295.998016,340.991751,496.176953,-296.056745,336.453430,0.000000,-296.060292,352.073221,493.162284,-163.593471,324.346355,495.345666,-237.736985,351.055569,476.641331,-249.797420,343.221276,477.187111,-271.695815,365.430769,455.410060,-51.952544,0.000000,447.347128,-174.894866,382.596373,397.324657,30.102951,263.226883,380.501877,-155.858652,406.136812,355.000870,-76.600659,262.931808,320.054064,-222.070331,415.283948,341.012241,-103.276817,262.754365,302.758270,-249.140698,413.357133,341.134941,-142.525941,272.587864,304.089366,-274.116478,0.000000,343.646552,-96.239473,273.428200,0.000000,-231.522198,352.432284,320.620446,39.621637,306.470240,318.318686,-39.591388,354.740045,243.761760,129.331051,283.517775,234.383611,-64.629255,364.969922,162.332050,280.660517,261.776308,149.662405,28.358568,357.822607,150.576977,290.753237,260.139606,141.453868,31.875513,382.642894,130.762516,199.550178,265.291906,111.359135,-90.481317,
0.000000,0.000000,0.000000,0.000000,0.000000,0.000000,0.000000,0.000000,0.000000,0.000000,0.000000,0.000000,0.000000,0.000000,0.000000,0.000000,0.000000,0.000000,0.000000,0.000000,0.000000,0.000000,0.000000,0.000000,0.000000,0.000000,0.000000,0.000000,0.000000,0.000000,0.000000,0.000000,0.000000,0.000000,0.000000,0.000000,0.000000,0.000000,0.000000,0.000000,0.000000,0.000000,0.000000,0.000000,0.000000,0.000000,0.000000,0.000000,0.000000,0.000000,0.000000,0.000000,344.100518,484.947946,-320.855575,345.461508,494.280403,-0.000000,348.697545,494.811703,-303.707226,0.000000,495.346075,-303.699818,338.568568,494.774205,-318.892890,335.332136,496.176953,-318.956162,330.822410,497.502590,-318.959984,347.672305,493.162284,-186.391760,320.188068,495.345666,-255.659037,345.276877,476.641331,-272.900071,337.548197,477.187111,-292.481287,360.805063,455.410060,-75.040123,283.654370,445.513739,-182.107025,379.210565,0.000000,-3.419287,258.260338,378.530365,-161.011004,404.386222,355.000870,-114.638323,250.071013,0.000000,-228.136232,415.283948,338.812162,-141.192243,246.516736,298.338441,-255.769822,413.357133,338.919779,-176.777479,251.847483,299.650105,-282.486446,409.761291,343.646552,-131.406410,255.882005,303.653203,-237.494039,349.483060,320.620446,36.850893,303.828255,318.318686,-36.822760,353.184167,0.000000,137.602523,283.517775,234.383611,-59.625779,364.969922,162.332050,287.406282,260.454205,149.662405,33.662586,357.822607,150.576977,297.504483,258.858130,141.453868,37.318399,382.642894,0.000000,207.789515,263.917337,110.438811,-0.000000,
0.000000,0.000000,0.000000,0.000000,0.000000,0.000000,0.000000,0.000000,0.000000,0.000000,0.000000,0.000000,0.000000,0.000000,0.000000,0.000000,0.000000,0.000000,0.000000,0.000000,0.000000,0.000000,0.000000,0.000000,0.000000,0.000000,0.000000,0.000000,0.000000,0.000000,0.000000,0.000000,0.000000,0.000000,0.000000,0.000000,0.000000,0.000000,0.000000,0.000000,0.000000,0.000000,0.000000,0.000000,0.000000,0.000000,0.000000,0.000000,0.000000,0.000000,0.000000,0.000000,0.000000,484.947946,-335.588739,341.125171,494.280403,-319.811281,342.885920,494.811703,-319.776392,344.826299,495.346075,-319.768592,334.300897,494.774205,-333.611023,329.672522,496.176953,-333.677215,0.000000,495.496531,-0.000000,341.804418,493.162284,-201.143595,314.643686,495.345666,-0.000000,340.942858,476.641331,-0.000000,333.293388,477.187111,-305.843376,357.721259,453.558800,-92.630660,278.611626,445.513739,-182.107025,377.517660,397.324657,-28.560966,249.568884,378.530365,-148.130124,402.635632,350.723751,-144.525059,234.352264,320.054064,-213.982462,413.478366,336.612083,-170.357955,230.279106,300.548355,-240.301866,411.567709,336.704617,-205.320428,234.070014,301.869735,-272.023985,407.995079,341.457720,-0.000000,236.873628,305.853589,-0.000000,346.533836,320.620446,31.863554,0.000000,318.318686,-32.116091,353.184167,242.451213,122.713873,280.609900,235.715336,-49.618827,364.969922,162.332050,275.601194,259.132103,149.662405,54.878658,357.822607,150.576977,285.689803,257.576654,141.453868,60.904235,382.642894,130.762516,0.000000,0.000000,110.438811,-60.163062,
0.000000,0.000000,0.000000,0.000000,0.000000,0.000000,0.000000,0.000000,0.000000,0.000000,0.000000,0.000000,0.000000,0.000000,0.000000,0.000000,0.000000,0.000000,0.000000,0.000000,0.000000,0.000000,0.000000,0.000000,0.000000,0.000000,0.000000,0.000000,0.000000,0.000000,0.000000,0.000000,0.000000,0.000000,0.000000,0.000000,0.000000,0.000000,0.000000,0.000000,0.000000,0.000000,0.000000,0.000000,0.000000,0.000000,0.000000,0.000000,0.000000,0.000000,0.000000,0.000000,334.022260,484.947946,-360.144013,335.343388,494.280403,-345.524751,0.000000,494.811703,-345.487056,340.442914,495.346075,-0.000000,328.610669,494.774205,-356.505897,324.012908,0.000000,-356.576632,0.000000,495.496531,-356.580905,338.870475,493.162284,-218.577580,309.099304,495.345666,-277.716947,335.164165,476.641331,-310.441880,327.620309,477.187111,-326.628849,354.637455,455.410060,-100.326520,274.829568,445.513739,-182.107025,374.131852,0.000000,-26.884854,243.360703,380.501877,-141.689683,399.134453,350.723751,-139.091107,221.491469,324.379119,-216.004429,0.000000,0.000000,-164.524813,214.041477,307.178098,-244.721282,406.199434,336.704617,-0.000000,0.000000,306.308996,-274.116478,400.930229,341.457720,-155.752750,223.713982,312.454745,-229.531584,343.584612,320.620446,31.309405,298.544285,0.000000,-31.562365,353.184167,0.000000,121.059579,279.155963,235.715336,-55.873172,364.969922,162.332050,277.287635,259.132103,147.508990,44.270622,357.822607,150.576977,287.377615,257.576654,0.000000,48.204169,382.642894,130.762516,0.000000,263.917337,109.518488,-77.006537,
0.000000,0.000000,0.000000,0.000000,0.000000,0.000000,0.000000,0.000000,0.000000,0.000000,0.000000,0.000000,0.000000,0.000000,0.000000,0.000000,0.000000,0.000000,0.000000,0.000000,0.000000,0.000000,0.000000,0.000000,0.000000,0.000000,0.000000,0.000000,0.000000,0.000000,0.000000,0.000000,0.000000,0.000000,0.000000,0.000000,0.000000,0.000000,0.000000,0.000000,0.000000,0.000000,0.000000,0.000000,0.000000,0.000000,0.000000,0.000000,0.000000,0.000000,0.000000,0.000000,331.142758,484.947946,-355.232958,331.007051,496.297874,-339.096384,332.715575,494.811703,-339.059390,334.598400,0.000000,-339.051120,324.342998,494.774205,-349.964505,319.768198,496.176953,-350.033941,315.337106,495.496531,-350.038136,334.469560,495.175191,-210.531125,304.941017,495.345666,-266.687992,332.274819,478.586806,-304.666217,0.000000,477.187111,-320.690142,353.095554,455.410060,-91.531252,272.308195,445.513739,-180.303985,370.746043,397.324657,-21.856518,238.394158,0.000000,-142.977771,393.882684,350.723751,-136.374131,0.000000,330.866702,-218.026396,402.644872,334.412004,-161.608242,205.184588,313.807841,-246.930990,400.831160,334.489455,-196.757543,208.885266,312.967888,-276.208970,397.397804,339.268889,-153.047601,212.016519,319.055902,-231.522198,0.000000,0.000000,32.694777,294.581308,318.318686,-32.946680,353.184167,242.451213,132.639640,0.000000,235.715336,-67.130993,364.969922,162.332050,0.000000,257.810000,147.508990,31.894580,357.822607,149.477875,299.192295,256.295178,138.239007,40.946989,385.831585,132.630552,204.493780,0.000000,109.518488,-100.587401,
0.000000,0.000000,0.000000,0.000000,0.000000,0.000000,0.000000,0.000000,0.000000,0.000000,0.000000,0.000000,0.000000,0.000000,0.000000,0.000000,0.000000,0.000000,0.000000,0.000000,0.000000,0.000000,0.000000,0.000000,0.000000,0.000000,0.000000,0.000000,0.000000,0.000000,0.000000,0.000000,0.000000,0.000000,0.000000,0.000000,0.000000,0.000000,0.000000,0.000000,0.000000,0.000000,0.000000,0.000000,0.000000,0.000000,0.000000,0.000000,0.000000,0.000000,0.000000,0.000000,0.000000,486.927326,-366.692086,328.116160,496.297874,-348.738935,329.809762,496.831343,-348.700889,331.676143,0.000000,-348.692384,321.497884,496.785482,-359.776594,316.938391,496.176953,-359.847977,312.521596,0.000000,-359.852289,330.068644,497.188099,-217.236504,300.782731,495.345666,-272.202469,330.830146,478.586806,-314.773627,321.947230,477.187111,-329.598202,0.000000,455.410060,-0.000000,271.047509,445.513739,-186.614625,0.000000,397.324657,-11.799847,234.669249,384.444902,-153.282476,390.381504,350.723751,-106.487395,205.772720,335.191757,-230.158199,399.033707,334.412004,-120.776245,196.327700,318.227670,-257.979530,397.252310,0.000000,-165.360300,199.996531,319.626779,-290.856415,393.865379,339.268889,-123.290963,204.705604,325.657058,-235.503425,340.635387,320.620446,33.803075,294.581308,318.318686,-33.777268,353.184167,242.451213,147.528290,279.155963,235.715336,-69.632731,364.969922,162.332050,309.330018,257.810000,147.508990,24.822556,357.822607,149.477875,319.446032,256.295178,138.239007,33.689809,392.208966,134.498587,232.507525,263.917337,109.518488,-103.956096,
0.000000,0.000000,0.000000,0.000000,0.000000,0.000000,0.000000,0.000000,0.000000,0.000000,0.000000,0.000000,0.000000,0.000000,0.000000,0.000000,0.000000,0.000000,0.000000,0.000000,0.000000,0.000000,0.000000,0.000000,0.000000,0.000000,0.000000,0.000000,0.000000,0.000000,0.000000,0.000000,0.000000,0.000000,0.000000,0.000000,0.000000,0.000000,0.000000,0.000000,0.000000,0.000000,0.000000,0.000000,0.000000,0.000000,0.000000,0.000000,0.000000,0.000000,0.000000,0.000000,0.000000,488.906705,-369.966122,326.670714,498.315345,-351.953119,328.356855,498.850982,-351.914723,330.215015,499.389716,-351.906139,318.652770,496.785482,-361.411942,314.108584,496.176953,-361.483650,309.706086,497.502590,-361.487981,0.000000,497.188099,-218.577580,299.396635,495.345666,-270.823850,329.385473,480.532280,-316.217543,320.528961,479.126896,-331.082878,351.553652,455.410060,-91.531252,269.786823,445.513739,-186.614625,369.053139,395.395896,-11.799847,230.944340,388.387927,-159.722916,388.630915,348.585191,-103.770419,201.485788,337.354284,-232.180166,397.228125,334.412004,-120.776245,190.423107,320.437585,-257.979530,395.462885,334.489455,-159.651710,194.070708,321.846409,-301.318876,390.332954,339.268889,-120.585814,197.394690,327.857444,-247.447107,339.160775,320.620446,34.357224,293.260315,319.708724,-34.330994,353.184167,0.000000,150.836879,277.702025,237.047061,-72.134469,366.447533,163.436350,314.389341,257.810000,147.508990,21.286544,357.822607,149.477875,326.197278,256.295178,139.310628,26.432628,398.586348,136.366623,235.803260,263.917337,109.518488,-110.693486,
0.000000,0.000000,0.000000,0.000000,0.000000,0.000000,0.000000,0.000000,0.000000,0.000000,0.000000,0.000000,0.000000,0.000000,0.000000,0.000000,0.000000,0.000000,0.000000,0.000000,0.000000,0.000000,0.000000,0.000000,0.000000,0.000000,0.000000,0.000000,0.000000,0.000000,0.000000,0.000000,0.000000,0.000000,0.000000,0.000000,0.000000,0.000000,0.000000,0.000000,0.000000,0.000000,0.000000,0.000000,0.000000,0.000000,0.000000,0.000000,0.000000,0.000000,0.000000,0.000000,322.504251,488.906705,-373.240159,322.334378,498.315345,-355.167303,323.998136,0.000000,-355.128556,327.292758,0.000000,-355.119893,314.385099,496.785482,-363.047290,309.863873,498.185767,-363.119322,305.482821,497.502590,-363.123674,327.134701,499.201006,-219.918656,296.624444,495.345666,-265.309372,0.000000,480.532280,-320.549290,316.274151,479.126896,-332.567555,351.553652,457.261321,-92.630660,269.786823,447.347128,-179.402465,369.053139,397.324657,-13.475959,229.702704,394.302464,-148.130124,386.880325,0.000000,-103.770419,198.627834,346.004394,-234.202133,395.422542,0.000000,-123.692816,185.994663,0.000000,-262.398946,393.673460,334.489455,-159.651710,0.000000,328.505300,-297.133892,388.566742,0.000000,-120.585814,193.008141,332.258215,-247.447107,339.160775,0.000000,34.357224,293.260315,319.708724,-34.330994,0.000000,242.451213,142.565407,0.000000,235.715336,-73.385338,367.925144,163.436350,300.897812,257.810000,146.432282,0.000000,360.719956,149.477875,311.006975,256.295178,138.239007,11.918268,403.369384,136.366623,219.324586,262.542767,108.598164,-120.799571,
0.000000,0.000000,0.000000,0.000000,0.000000,0.000000,0.000000,0.000000,0.000000,0.000000,0.000000,0.000000,0.000000,0.000000,0.000000,0.000000,0.000000,0.000000,0.000000,0.000000,0.000000,0.000000,0.000000,0.000000,0.000000,0.000000,0.000000,0.000000,0.000000,0.000000,0.000000,0.000000,0.000000,0.000000,0.000000,0.000000,0.000000,0.000000,0.000000,0.000000,0.000000,0.000000,0.000000,0.000000,0.000000,0.000000,0.000000,0.000000,0.000000,0.000000,0.000000,0.000000,319.624749,490.886084,-360.144013,320.888932,500.332816,-342.310568,322.545230,500.870622,-342.273223,325.831630,501.411537,-342.264875,0.000000,498.796759,-351.599853,308.448969,498.185767,-351.669614,304.075066,497.502590,-351.673828,327.134701,501.213913,-210.531125,295.238349,0.000000,-246.008701,325.051453,482.477755,-307.554049,314.855882,481.066681,-320.690142,353.095554,457.261321,-90.431843,269.786823,447.347128,-158.667507,369.053139,397.324657,-5.095399,229.702704,398.245488,-128.808803,385.129735,350.723751,-87.468563,195.769879,354.654504,-216.004429,393.616960,336.612083,-103.276817,184.518515,340.326814,-244.721282,391.884035,334.489455,-139.671646,185.181973,339.603452,-278.301462,386.800529,339.268889,-101.649771,190.083775,0.000000,-231.522198,340.635387,321.996499,33.248926,293.260315,319.708724,-33.500405,353.184167,242.451213,145.873996,279.155963,0.000000,-64.629255,370.880366,163.436350,309.330018,257.810000,146.432282,0.000000,363.617305,149.477875,319.446032,256.295178,138.239007,20.989743,404.963730,136.366623,227.563923,262.542767,109.518488,-107.324791,
0.000000,0.000000,0.000000,0.000000,0.000000,0.000000,0.000000,0.000000,0.000000,0.000000,0.000000,0.000000,0.000000,0.000000,0.000000,0.000000,0.000000,0.000000,0.000000,0.000000,0.000000,0.000000,0.000000,0.000000,0.000000,0.000000,0.000000,0.000000,0.000000,0.000000,0.000000,0.000000,0.000000,0.000000,0.000000,0.000000,0.000000,0.000000,0.000000,0.000000,0.000000,0.000000,0.000000,0.000000,0.000000,0.000000,0.000000,0.000000,0.000000,0.000000,0.000000,0.000000,318.184998,492.865464,-325.766630,319.443486,502.350287,-311.775822,321.092323,502.890261,-311.741809,324.370501,503.433358,-0.000000,310.117428,498.796759,-0.000000,307.034066,498.185767,-315.684816,302.667312,497.502590,-315.688599,0.000000,501.213913,-193.097140,296.624444,495.345666,-212.921836,323.606780,484.423230,-278.675734,313.437612,481.066681,-285.057904,353.095554,457.261321,-88.233026,271.047509,447.347128,-128.917349,369.053139,397.324657,-13.475959,230.944340,400.217000,-94.030426,386.880325,350.723751,-109.204371,195.769879,358.979559,-177.587055,395.422542,0.000000,-129.525958,183.042367,344.746643,-204.946537,0.000000,336.704617,-165.360300,185.181973,344.042713,-238.544110,388.566742,341.457720,-123.290963,0.000000,347.660914,-0.000000,340.635387,321.996499,0.000000,293.260315,319.708724,-27.686285,0.000000,242.451213,142.565407,279.155963,235.715336,-44.615351,0.000000,163.436350,299.211370,257.810000,146.432282,40.734610,366.514654,150.576977,0.000000,256.295178,138.239007,44.575579,404.963730,136.366623,220.972454,262.542767,109.518488,-78.690884,
0.000000,0.000000,0.000000,0.000000,0.000000,0.000000,0.000000,0.000000,0.000000,0.000000,0.000000,0.000000,0.000000,0.000000,0.000000,0.000000,0.000000,0.000000,0.000000,0.000000,0.000000,0.000000,0.000000,0.000000,0.000000,0.000000,0.000000,0.000000,0.000000,0.000000,0.000000,0.000000,0.000000,0.000000,0.000000,0.000000,0.000000,0.000000,0.000000,0.000000,0.000000,0.000000,0.000000,0.000000,0.000000,0.000000,0.000000,0.000000,0.000000,0.000000,0.000000,0.000000,319.624749,490.886084,-324.129611,319.443486,500.332816,-308.561638,322.545230,502.890261,-308.527976,324.370501,503.433358,-308.520450,311.539985,498.796759,-312.351497,307.034066,498.185767,-312.413471,304.075066,497.502590,-312.417215,327.134701,501.213913,-189.073912,296.624444,495.345666,-212.921836,325.051453,484.423230,-275.787903,314.855882,481.066681,-282.088551,354.637455,459.112581,-81.636575,272.308195,447.347128,-128.015829,369.053139,399.253417,4.961272,232.185977,402.188513,-86.301898,386.880325,352.862310,-65.732755,195.769879,361.142086,-159.389351,395.422542,338.812162,-79.944247,183.042367,349.166471,-0.000000,391.884035,338.919779,-113.982992,183.700517,348.481974,-213.434204,388.566742,341.457720,-80.008579,0.000000,352.061685,-173.794404,0.000000,321.996499,25.767918,293.260315,319.708724,-26.025108,353.184167,241.140666,140.911112,279.155963,235.715336,-48.367958,375.313199,163.436350,295.838488,257.810000,147.508990,37.198598,367.963328,150.576977,304.255729,256.295178,138.239007,40.946989,404.963730,136.366623,216.028852,262.542767,109.518488,-80.375232,
0.000000,0.000000,0.000000,0.000000,0.000000,0.000000,0.000000,0.000000,0.000000,0.000000,0.000000,0.000000,0.000000,0.000000,0.000000,0.000000,0.000000,0.000000,0.000000,0.000000,0.000000,0.000000,0.000000,0.000000,0.000000,0.000000,0.000000,0.000000,0.000000,0.000000,0.000000,0.000000,0.000000,0.000000,0.000000,0.000000,0.000000,0.000000,0.000000,0.000000,0.000000,0.000000,0.000000,0.000000,0.000000,0.000000,0.000000,0.000000,0.000000,0.000000,0.000000,0.000000,321.064500,492.865464,-319.218557,320.888932,502.350287,-305.347455,323.998136,502.890261,-305.314143,325.831630,503.433358,-305.306696,312.962542,500.808036,-309.080801,0.000000,500.194581,-309.142126,305.482821,499.508649,-309.145830,328.601673,501.213913,-187.732836,298.010540,495.345666,-208.785978,326.496126,484.423230,-272.900071,316.274151,483.006466,-279.119198,356.179357,459.112581,-80.537166,272.308195,447.347128,-127.114309,369.053139,0.000000,-23.532630,233.427613,400.217000,-87.589986,386.880325,352.862310,-130.940179,197.198856,361.142086,-0.000000,395.422542,0.000000,-152.858528,184.518515,349.166471,-176.220332,393.673460,338.919779,-185.340364,185.181973,348.481974,-0.000000,388.566742,343.646552,-144.932154,190.083775,352.061685,-169.813177,0.000000,321.996499,25.490843,294.581308,319.708724,-25.471383,0.000000,241.140666,139.256818,279.155963,235.715336,-50.869696,375.313199,163.436350,295.838488,257.810000,147.508990,35.430592,369.412003,150.576977,305.943541,257.576654,139.310628,37.318399,404.963730,136.366623,214.380984,262.542767,109.518488,-83.743927,
0.000000,0.000000,0.000000,0.000000,0.000000,0.000000,0.000000,0.000000,0.000000,0.000000,0.000000,0.000000,0.000000,0.000000,0.000000,0.000000,0.000000,0.000000,0.000000,0.000000,0.000000,0.000000,0.000000,0.000000,0.000000,0.000000,0.000000,0.000000,0.000000,0.000000,0.000000,0.000000,0.000000,0.000000,0.000000,0.000000,0.000000,0.000000,0.000000,0.000000,0.000000,0.000000,0.000000,0.000000,0.000000,0.000000,0.000000,0.000000,0.000000,0.000000,0.000000,0.000000,321.064500,492.865464,-297.937320,322.334378,502.350287,-281.241077,325.451042,502.890261,-281.210395,327.292758,503.433358,-281.203535,0.000000,0.000000,-286.185927,309.863873,0.000000,-286.242709,306.890576,499.508649,-286.246139,330.068644,501.213913,-166.275623,299.396635,495.345666,-189.485306,326.496126,0.000000,-252.685251,316.274151,483.006466,-258.333726,357.721259,459.112581,-67.344264,273.568882,0.000000,-120.803670,370.746043,401.182178,-18.504295,234.669249,400.217000,-0.000000,0.000000,352.862310,-120.072275,200.056811,0.000000,-177.587055,397.228125,338.812162,-141.192243,187.470811,349.166471,-202.736829,395.462885,341.134941,-173.923184,188.144885,348.481974,-234.359126,392.099167,343.646552,-134.111558,193.008141,352.061685,-191.709926,342.109999,321.996499,26.044992,0.000000,319.708724,-26.301971,353.184167,241.140666,144.219701,279.155963,235.715336,-54.622303,0.000000,163.436350,0.000000,259.132103,147.508990,0.000000,369.412003,150.576977,319.446032,256.295178,138.239007,30.061218,404.963730,136.366623,225.916056,262.542767,108.598164,-95.534359,
0.000000,0.000000,0.000000,0.000000,0.000000,0.000000,0.000000,0.000000,0.000000,0.000000,0.000000,0.000000,0.000000,0.000000,0.000000,0.000000,0.000000,0.000000,0.000000,0.000000,0.000000,0.000000,0.000000,0.000000,0.000000,0.000000,0.000000,0.000000,0.000000,0.000000,0.000000,0.000000,0.000000,0.000000,0.000000,0.000000,0.000000,0.000000,0.000000,0.000000,0.000000,0.000000,0.000000,0.000000,0.000000,0.000000,0.000000,0.000000,0.000000,0.000000,0.000000,0.000000,322.504251,0.000000,-291.389247,323.779823,504.367758,-0.000000,325.451042,504.909901,-0.000000,327.292758,505.455178,-274.776026,314.385099,0.000000,-279.644534,311.278776,502.203394,-279.700019,308.298331,501.514708,-279.703370,330.068644,503.226821,-156.888092,299.396635,495.345666,-183.970829,327.940799,486.368705,-245.465673,317.692421,484.946251,-253.879696,359.263161,459.112581,-56.350178,276.090254,449.180518,-119.000630,372.438947,401.182178,-18.504295,235.910885,400.217000,-108.199395,390.381504,0.000000,-133.657155,202.914765,361.142086,-205.894594,399.033707,341.012241,-155.775099,188.946959,349.166471,-233.672742,0.000000,341.134941,-188.194659,191.107796,348.481974,-0.000000,393.865379,345.835384,-150.342452,195.932507,352.061685,-0.000000,342.109999,320.620446,26.599141,295.902300,319.708724,-26.578834,353.184167,241.140666,147.528290,280.609900,234.383611,-55.873172,0.000000,163.436350,312.702900,0.000000,146.432282,26.590562,369.412003,150.576977,322.821655,256.295178,138.239007,30.061218,404.963730,136.366623,229.211791,262.542767,108.598164,-97.218706,
0.000000,0.000000,0.000000,0.000000,0.000000,0.000000,0.000000,0.000000,0.000000,0.000000,0.000000,0.000000,0.000000,0.000000,0.000000,0.000000,0.000000,0.000000,0.000000,0.000000,0.000000,0.000000,0.000000,0.000000,0.000000,0.000000,0.000000,0.000000,0.000000,0.000000,0.000000,0.000000,0.000000,0.000000,0.000000,0.000000,0.000000,0.000000,0.000000,0.000000,0.000000,0.000000,0.000000,0.000000,0.000000,0.000000,0.000000,0.000000,0.000000,0.000000,0.000000,0.000000,323.944002,496.824223,-293.026265,325.225269,506.385229,-276.419801,328.356855,504.909901,-276.389645,330.215015,505.455178,-276.382903,315.807656,502.819314,-0.000000,312.693680,502.203394,-281.335691,308.298331,501.514708,-281.339062,333.002588,503.226821,-156.888092,300.782731,497.335006,-186.728068,329.385473,488.314180,-0.000000,317.692421,486.886036,-255.364373,360.805063,457.261321,-55.250770,277.350940,449.180518,-123.508230,372.438947,401.182178,-16.828183,238.394158,400.217000,-115.927923,0.000000,355.000870,-125.506227,204.343742,361.142086,-220.048363,400.839289,341.012241,-147.025386,191.899255,346.956557,-249.140698,399.041735,341.134941,-179.631774,192.589252,348.481974,-276.208970,395.631592,345.835384,-142.227005,197.394690,352.061685,-235.503425,345.059224,321.996499,26.876215,297.223293,319.708724,-26.855697,0.000000,241.140666,154.145468,280.609900,234.383611,-55.873172,376.790810,163.436350,321.135106,259.132103,146.432282,21.286544,369.412003,150.576977,332.948524,256.295178,138.239007,24.618333,0.000000,136.366623,240.746862,262.542767,108.598164,-100.587401,
0.000000,0.000000,0.000000,0.000000,0.000000,0.000000,0.000000,0.000000,0.000000,0.000000,0.000000,0.000000,0.000000,0.000000,0.000000,0.000000,0.000000,0.000000,0.000000,0.000000,0.000000,0.000000,0.000000,0.000000,0.000000,0.000000,0.000000,0.000000,0.000000,0.000000,0.000000,0.000000,0.000000,0.000000,0.000000,0.000000,0.000000,0.000000,0.000000,0.000000,0.000000,0.000000,0.000000,0.000000,0.000000,0.000000,0.000000,0.000000,0.000000,0.000000,0.000000,0.000000,326.823505,498.803602,-294.663283,328.116160,506.385229,-276.419801,331.262668,506.929541,-276.389645,334.598400,507.476999,-276.382903,320.075327,504.830591,-284.550579,315.523487,504.212208,-284.607036,311.113841,503.520767,-284.610447,335.936531,505.239728,-156.888092,303.554922,499.324346,-190.863926,332.274819,490.259655,-248.353504,320.528961,488.825821,-256.849049,362.346965,457.261321,-55.250770,279.872312,451.013908,-126.212790,374.131852,401.182178,-35.265414,0.000000,400.217000,-117.216011,393.882684,355.000870,-182.562724,204.343742,0.000000,-218.026396,402.644872,343.212320,-0.000000,193.375403,344.746643,-246.930990,402.620584,343.350103,-242.426261,0.000000,344.042713,-276.208970,399.164017,345.835384,-199.035134,198.856873,347.660914,-233.512812,345.059224,320.620446,29.646959,0.000000,319.708724,-29.624325,354.740045,241.140666,165.725530,282.063837,234.383611,-57.124041,376.790810,163.436350,341.372400,259.132103,147.508990,21.286544,367.963328,150.576977,353.202261,256.295178,138.239007,0.000000,404.963730,136.366623,0.000000,262.542767,108.598164,-100.587401,
0.000000,0.000000,0.000000,0.000000,0.000000,0.000000,0.000000,0.000000,0.000000,0.000000,0.000000,0.000000,0.000000,0.000000,0.000000,0.000000,0.000000,0.000000,0.000000,0.000000,0.000000,0.000000,0.000000,0.000000,0.000000,0.000000,0.000000,0.000000,0.000000,0.000000,0.000000,0.000000,0.000000,0.000000,0.000000,0.000000,0.000000,0.000000,0.000000,0.000000,0.000000,0.000000,0.000000,0.000000,0.000000,0.000000,0.000000,0.000000,0.000000,0.000000,0.000000,0.000000,331.142758,498.803602,-297.937320,333.897943,506.385229,-279.633985,335.621387,506.929541,-279.603478,337.520657,507.476999,-279.596658,324.342998,504.830591,-287.821275,319.768198,504.212208,-287.878382,315.337106,503.520767,-287.881831,338.870475,503.226821,-158.229168,307.713208,499.324346,-194.999784,335.164165,490.259655,-251.241336,324.783770,488.825821,-261.303079,362.346965,0.000000,-57.449587,0.000000,451.013908,-128.015829,375.824756,401.182178,-45.322085,244.602339,398.245488,-113.351747,395.633274,355.000870,-209.732484,207.201697,356.817031,-189.718857,0.000000,343.212320,-240.355665,193.375403,340.326814,-0.000000,406.199434,343.350103,-273.823505,0.000000,339.603452,-246.914079,402.696442,0.000000,-228.791772,200.319055,343.260143,-203.653608,346.533836,320.620446,32.417703,0.000000,319.708724,-32.392954,0.000000,241.140666,172.342708,283.517775,0.000000,-59.625779,376.790810,163.436350,351.491048,259.132103,147.508990,15.982525,367.963328,150.576977,363.329130,256.295178,138.239007,17.361153,0.000000,0.000000,273.704209,263.917337,108.598164,-109.009139,
0.000000,0.000000,0.000000,0.000000,0.000000,0.000000,0.000000,0.000000,0.000000,0.000000,0.000000,0.000000,0.000000,0.000000,0.000000,0.000000,0.000000,0.000000,0.000000,0.000000,0.000000,0.000000,0.000000,0.000000,0.000000,0.000000,0.000000,0.000000,0.000000,0.000000,0.000000,0.000000,0.000000,0.000000,0.000000,0.000000,0.000000,0.000000,0.000000,0.000000,0.000000,0.000000,0.000000,0.000000,0.000000,0.000000,0.000000,0.000000,0.000000,0.000000,0.000000,0.000000,335.462011,498.803602,-296.300301,336.788834,506.385229,-279.633985,338.527200,0.000000,-279.603478,340.442914,507.476999,-279.596658,0.000000,506.841868,-287.821275,0.000000,506.221021,-287.878382,319.560371,505.526826,-0.000000,341.804418,503.226821,-0.000000,310.485399,501.313686,-196.378403,339.498184,490.259655,-249.797420,329.038579,488.825821,-261.303079,363.888867,457.261321,-57.449587,282.393684,451.013908,-0.000000,375.824756,399.253417,-48.674309,245.843975,398.245488,-114.639835,397.383863,355.000870,-215.166436,208.630674,352.491976,-193.762792,408.061619,343.212320,-246.188807,194.851552,338.116900,-220.414493,407.988859,343.350103,-282.386389,197.033619,337.383822,-0.000000,404.462654,348.024215,-0.000000,201.781238,341.059757,-207.634835,348.008448,320.620446,33.526001,302.507262,319.708724,-33.777268,354.740045,241.140666,173.997002,284.971712,234.383611,-59.625779,375.313199,163.436350,354.863930,0.000000,147.508990,15.982525,367.963328,150.576977,366.704753,256.295178,138.239007,17.361153,406.558075,135.432605,276.999944,262.542767,108.598164,-109.009139,
