0.000000,0.000000,0.000000,0.000000,0.000000,0.000000,0.000000,0.000000,0.000000,0.000000,0.000000,0.000000,0.000000,0.000000,0.000000,0.000000,0.000000,0.000000,0.000000,0.000000,0.000000,0.000000,0.000000,0.000000,0.000000,0.000000,0.000000,0.000000,0.000000,0.000000,0.000000,0.000000,0.000000,0.000000,0.000000,0.000000,0.000000,0.000000,0.000000,0.000000,0.000000,0.000000,0.000000,0.000000,0.000000,0.000000,0.000000,0.000000,0.000000,0.000000,0.000000,0.000000,-42.047086,-64.864266,62.419300,-42.472065,-66.083026,60.774350,-42.828393,-66.133621,60.773535,-43.239578,-66.179313,60.775230,-41.267984,-66.128385,61.197416,-40.789634,-66.169525,61.206973,-40.241438,-66.163427,61.202155,-43.574842,-66.261670,45.052294,-39.307978,-66.033055,47.106688,-42.561981,-63.722163,56.081814,-41.199360,-63.650736,56.635055,-47.289440,-60.295872,30.495300,-35.698788,-59.477068,30.480271,-50.857004,-52.730340,24.605986,-31.876324,-51.806885,24.815613,-56.117931,-47.711586,39.989069,-26.953165,-46.766125,37.572872,-58.024636,-46.268802,44.117837,-24.514722,-45.329883,41.293910,-58.027360,-46.504686,49.176146,-24.911156,-45.552431,46.679896,-57.403258,-46.866710,42.510427,-25.833613,-45.897911,40.235690,-45.791774,-44.920795,-0.007607,-38.938436,-44.408144,-0.005281,-45.782405,-33.092563,3.964964,-38.123557,-32.100371,6.618810,-47.498157,-22.566320,-10.758052,-36.882193,-21.032333,-7.897227,-47.056671,-20.868994,-11.217403,-37.470436,-19.429359,-8.352760,-48.297614,-17.630174,5.995201,-36.152651,-17.146636,8.883309
0.000000,0.000000,0.000000,0.000000,0.000000,0.000000,0.000000,0.000000,0.000000,0.000000,0.000000,0.000000,0.000000,0.000000,0.000000,0.000000,0.000000,0.000000,0.000000,0.000000,0.000000,0.000000,0.000000,0.000000,0.000000,0.000000,0.000000,0.000000,0.000000,0.000000,0.000000,0.000000,0.000000,0.000000,0.000000,0.000000,0.000000,0.000000,0.000000,0.000000,0.000000,0.000000,0.000000,0.000000,0.000000,0.000000,0.000000,0.000000,0.000000,0.000000,0.000000,0.000000,-23.609780,-36.443452,33.812215,-23.847420,-37.127869,32.898643,-24.048784,-37.156547,32.898461,-24.278045,-37.182761,32.899385,-23.172547,-37.143277,33.120900,-22.903324,-37.162142,33.126370,-22.599457,-37.158439,33.124611,-24.475462,-37.207312,24.321860,-22.080111,-37.076861,25.406205,-23.903921,-35.800282,30.364942,-23.136505,-35.754313,30.660049,-26.564693,-33.849852,16.484251,-20.055824,-33.398091,16.481542,-28.585791,-29.623432,13.361538,-17.915018,-29.075069,13.278996,-31.518604,-26.783747,21.851439,-15.125009,-26.257327,20.052045,-32.582711,-25.981175,24.043424,-13.816908,-25.435931,21.973049,-32.581126,-26.114454,26.852544,-13.997085,-25.565142,24.994250,-32.229560,-26.318462,23.234116,-14.495201,-25.764674,21.517343,-25.711250,-25.238984,-0.022015,-21.861239,-24.966173,0.016392,-25.717347,-18.628032,2.015274,-21.428892,-18.138135,3.162182,-26.676847,-12.674118,-6.326163,-20.721670,-11.919682,-5.194069,-26.420126,-11.769833,-6.599048,-21.031741,-11.063714,-5.476392,-27.160059,-10.006464,2.811544,-20.283181,-9.755241,4.031619
0.000000,0.000000,0.000000,0.000000,0.000000,0.000000,0.000000,0.000000,0.000000,0.000000,0.000000,0.000000,0.000000,0.000000,0.000000,0.000000,0.000000,0.000000,0.000000,0.000000,0.000000,0.000000,0.000000,0.000000,0.000000,0.000000,0.000000,0.000000,0.000000,0.000000,0.000000,0.000000,0.000000,0.000000,0.000000,0.000000,0.000000,0.000000,0.000000,0.000000,0.000000,0.000000,0.000000,0.000000,0.000000,0.000000,0.000000,0.000000,0.000000,0.000000,0.000000,0.000000,-4.704763,-7.290730,5.073585,-4.751103,-7.427396,4.908078,-4.792989,-7.433528,4.908420,-4.836541,-7.439505,4.908560,-4.618039,-7.416921,4.930655,-4.563523,-7.414936,4.931908,-4.508022,-7.413778,4.932899,-4.887919,-7.416322,3.539064,-4.411117,-7.387495,3.656144,-4.769781,-7.160288,4.535736,-4.613880,-7.141997,4.572190,-5.308691,-6.737349,2.426976,-4.011136,-6.659366,2.431870,-5.737483,-5.925060,2.065589,-3.591607,-5.774775,1.740348,-6.291816,-5.330113,3.586308,-3.001315,-5.231477,2.539034,-6.495195,-5.180308,3.849710,-2.825897,-5.047500,2.685912,-6.490571,-5.208035,4.365466,-2.801123,-5.079222,3.292059,-6.419057,-5.249866,3.814220,-2.873472,-5.126672,2.791912,-5.121084,-5.051156,-0.029031,-4.351146,-5.017891,0.030115,-5.139285,-3.773053,0.023819,-4.299614,-3.770905,-0.171248,-5.324623,-2.529762,-1.772656,-4.145429,-2.524218,-2.155495,-5.260816,-2.417653,-1.850528,-4.177703,-2.414859,-2.252091,-5.469932,-2.143328,-0.327012,-4.015946,-2.120509,-0.590199
0.000000,0.000000,0.000000,0.000000,0.000000,0.000000,0.000000,0.000000,0.000000,0.000000,0.000000,0.000000,0.000000,0.000000,0.000000,0.000000,0.000000,0.000000,0.000000,0.000000,0.000000,0.000000,0.000000,0.000000,0.000000,0.000000,0.000000,0.000000,0.000000,0.000000,0.000000,0.000000,0.000000,0.000000,0.000000,0.000000,0.000000,0.000000,0.000000,0.000000,0.000000,0.000000,0.000000,0.000000,0.000000,0.000000,0.000000,0.000000,0.000000,0.000000,0.000000,0.000000,14.667967,22.593900,-23.796591,14.816887,23.018392,-23.197345,14.938990,23.035434,-23.196587,15.084934,23.050456,-23.197244,14.395540,23.050682,-23.373321,14.229767,23.072094,-23.376414,14.032867,23.070556,-23.372980,15.187787,23.111301,-17.296097,13.699002,23.035043,-18.143496,14.840441,22.197821,-21.405805,14.368513,22.186215,-21.628521,16.478566,21.041637,-11.676526,12.435276,20.739109,-11.668746,17.687920,18.364775,-9.281858,11.093909,18.093997,-9.800334,19.562433,16.649318,-14.806322,9.417914,16.311426,-14.966163,20.237912,16.133798,-16.463306,8.458311,15.835409,-16.567500,20.244304,16.214572,-18.285086,8.676730,15.905328,-18.426678,20.028252,16.339077,-15.749259,9.031574,16.016096,-15.940604,15.978725,15.642690,-0.028655,13.591844,15.436702,0.035887,15.951782,11.472376,-2.009401,13.264274,11.001320,-3.381480,16.558514,7.866746,2.902469,12.846529,7.154061,1.218495,16.421259,7.187544,3.028157,13.091678,6.517206,1.320141,16.772766,5.959233,-3.420466,12.649054,5.757559,-4.982147
0.000000,0.000000,0.000000,0.000000,0.000000,0.000000,0.000000,0.000000,0.000000,0.000000,0.000000,0.000000,0.000000,0.000000,0.000000,0.000000,0.000000,0.000000,0.000000,0.000000,0.000000,0.000000,0.000000,0.000000,0.000000,0.000000,0.000000,0.000000,0.000000,0.000000,0.000000,0.000000,0.000000,0.000000,0.000000,0.000000,0.000000,0.000000,0.000000,0.000000,0.000000,0.000000,0.000000,0.000000,0.000000,0.000000,0.000000,0.000000,0.000000,0.000000,0.000000,0.000000,34.508408,53.210438,-52.798313,34.856549,54.209497,-51.417624,35.147155,54.250339,-51.416562,35.486379,54.287122,-51.418027,33.868192,54.259532,-51.791026,33.476547,54.298947,-51.798595,33.023209,54.294564,-51.793027,35.751655,54.375557,-38.183620,32.250246,54.190753,-39.992715,34.926744,52.274044,-47.459679,33.810676,52.230322,-47.942084,38.797077,49.487106,-25.826253,29.283412,48.797332,-25.820305,41.690418,43.246072,-20.680805,26.141530,42.531247,-21.343048,46.044144,39.154545,-33.326453,22.132681,38.371381,-32.463545,47.616609,37.961143,-36.895623,20.035716,37.212796,-35.787188,47.623499,38.153367,-41.099114,20.436475,37.388508,-40.161959,47.112365,38.448367,-35.456321,21.219937,37.663630,-34.680206,37.588177,36.842553,-0.020888,31.967730,36.397607,0.033710,37.555854,27.108254,-4.084385,31.262775,26.178539,-6.468514,38.972565,18.515407,7.699212,30.254203,17.115152,4.927900,38.626097,17.045760,8.037007,30.776401,15.732481,5.240305,39.568035,14.301219,-6.468818,29.711818,13.878965,-9.144224
0.000000,0.000000,0.000000,0.000000,0.000000,0.000000,0.000000,0.000000,0.000000,0.000000,0.000000,0.000000,0.000000,0.000000,0.000000,0.000000,0.000000,0.000000,0.000000,0.000000,0.000000,0.000000,0.000000,0.000000,0.000000,0.000000,0.000000,0.000000,0.000000,0.000000,0.000000,0.000000,0.000000,0.000000,0.000000,0.000000,0.000000,0.000000,0.000000,0.000000,0.000000,0.000000,0.000000,0.000000,0.000000,0.000000,0.000000,0.000000,0.000000,0.000000,0.000000,0.000000,54.816560,84.558883,-81.931580,55.367883,86.145917,-79.752762,55.831505,86.211188,-79.751504,56.367795,86.270493,-79.753790,53.799915,86.209630,-80.322461,53.176817,86.265624,-80.334634,52.463005,86.258246,-80.327241,56.803686,86.376445,-59.123507,51.242617,86.079635,-61.891512,55.489128,83.068381,-73.625887,53.712608,82.990323,-74.368500,61.646844,78.599059,-40.022207,46.533273,77.515305,-40.022808,66.270010,68.718834,-32.131252,41.551256,67.536976,-32.887795,73.153315,62.185567,-51.974083,35.142983,60.948389,-49.953112,75.640897,60.301727,-57.447242,31.906318,59.084662,-54.973152,75.647015,60.608350,-64.076616,32.478111,59.370318,-61.913785,74.833284,61.078004,-55.306968,33.691617,59.815930,-53.426893,59.707271,58.548435,-0.005729,50.776514,57.864823,0.023581,59.672930,43.134581,-6.201133,49.695887,41.760753,-9.432349,61.917529,29.416221,12.617573,48.077594,27.359057,8.972720,61.353700,27.156994,13.176022,48.876467,25.230966,9.508400,62.915875,22.882630,-9.472068,47.172347,22.243708,-13.076430
0.000000,0.000000,0.000000,0.000000,0.000000,0.000000,0.000000,0.000000,0.000000,0.000000,0.000000,0.000000,0.000000,0.000000,0.000000,0.000000,0.000000,0.000000,0.000000,0.000000,0.000000,0.000000,0.000000,0.000000,0.000000,0.000000,0.000000,0.000000,0.000000,0.000000,0.000000,0.000000,0.000000,0.000000,0.000000,0.000000,0.000000,0.000000,0.000000,0.000000,0.000000,0.000000,0.000000,0.000000,0.000000,0.000000,0.000000,0.000000,0.000000,0.000000,0.000000,0.000000,75.592424,116.639237,-111.196392,76.350889,118.827654,-108.202756,76.992040,118.917981,-108.201412,77.729180,119.000568,-108.204533,74.190711,118.900975,-108.967625,73.330578,118.972123,-108.984534,72.352255,118.961601,-108.975623,78.343880,119.113966,-80.115758,70.676113,118.701690,-83.839888,76.527594,114.580831,-99.904429,74.074309,114.466219,-100.907769,85.027865,108.377495,-54.264388,64.184857,106.893027,-54.276254,91.426698,94.783058,-43.633198,57.323086,93.111183,-44.434575,100.889948,85.742385,-70.749215,48.448822,84.042448,-67.434863,104.310776,83.155551,-78.118162,44.070117,81.451006,-74.125391,104.314851,83.579520,-87.217594,44.801638,81.850759,-83.682156,103.191008,84.227989,-75.301198,46.446614,82.472996,-72.180665,82.336009,80.760334,0.016821,70.018194,79.838351,0.005503,82.303011,59.551357,-8.359646,68.563611,57.747961,-12.272987,85.393407,40.569188,17.657553,66.316702,37.885776,13.352956,84.604067,37.521246,18.445202,67.391875,35.012660,14.124427,86.816286,31.703467,-12.430217,65.030640,30.851788,-16.778765
0.000000,0.000000,0.000000,0.000000,0.000000,0.000000,0.000000,0.000000,0.000000,0.000000,0.000000,0.000000,0.000000,0.000000,0.000000,0.000000,0.000000,0.000000,0.000000,0.000000,0.000000,0.000000,0.000000,0.000000,0.000000,0.000000,0.000000,0.000000,0.000000,0.000000,0.000000,0.000000,0.000000,0.000000,0.000000,0.000000,0.000000,0.000000,0.000000,0.000000,0.000000,0.000000,0.000000,0.000000,0.000000,0.000000,0.000000,0.000000,0.000000,0.000000,0.000000,0.000000,96.836000,149.451499,-140.592750,97.805568,152.254706,-136.767608,98.628761,152.370718,-136.766287,99.570537,152.477347,-136.770255,95.040578,152.333568,-137.726520,93.937828,152.418447,-137.748292,92.690959,152.404629,-137.738173,100.372236,152.588119,-101.160371,90.550734,152.056917,-105.837842,98.042140,146.811396,-126.295305,94.895779,146.658009,-127.559889,108.940141,138.822414,-68.552795,82.238166,136.930498,-68.580644,117.160480,121.438745,-55.186643,73.457022,119.253868,-55.983387,129.254041,109.825000,-89.651846,62.050198,107.653560,-84.908800,133.626245,106.522614,-98.908384,56.527112,104.311828,-93.243905,133.627008,107.066879,-110.522046,57.407057,104.829830,-105.467073,132.185537,107.898320,-95.439013,59.484927,105.634827,-90.941522,105.474389,103.478250,0.046763,89.692771,102.318190,-0.020526,105.446097,76.358582,-10.559924,87.865947,74.140163,-14.990426,109.400198,51.974307,22.819151,84.971528,48.695309,18.068607,108.377199,48.138516,23.844547,86.322626,45.077565,19.088386,111.269269,40.763729,-15.343264,83.286698,39.703204,-20.251229
0.000000,0.000000,0.000000,0.000000,0.000000,0.000000,0.000000,0.000000,0.000000,0.000000,0.000000,0.000000,0.000000,0.000000,0.000000,0.000000,0.000000,0.000000,0.000000,0.000000,0.000000,0.000000,0.000000,0.000000,0.000000,0.000000,0.000000,0.000000,0.000000,0.000000,0.000000,0.000000,0.000000,0.000000,0.000000,0.000000,0.000000,0.000000,0.000000,0.000000,0.000000,0.000000,0.000000,0.000000,0.000000,0.000000,0.000000,0.000000,0.000000,0.000000,0.000000,0.000000,118.547288,182.995668,-170.120654,119.731918,186.427074,-165.447318,120.741666,186.569398,-165.446129,121.891863,186.700831,-165.450956,116.349516,186.507409,-166.599144,114.998568,186.604593,-166.625910,113.479116,186.587331,-166.614890,122.888754,186.798905,-122.257349,110.866481,186.145315,-127.885375,120.032767,179.760074,-152.798515,116.177019,179.565695,-154.324863,133.383672,169.933817,-82.887428,100.693198,167.627719,-82.935977,143.471357,148.685896,-66.791588,89.953062,145.965031,-67.534232,158.245596,134.433410,-108.681977,75.947110,131.781724,-102.374922,163.587305,130.402917,-119.817908,69.277305,127.667129,-112.328695,163.583485,131.070425,-133.989973,70.294368,128.307532,-127.268534,161.816871,132.088998,-115.720411,72.806558,129.301425,-109.709465,129.122412,126.702184,0.084096,109.800244,125.304341,-0.054505,129.102187,93.556257,-12.801967,107.602895,90.937359,-17.584668,133.937902,63.631579,28.102367,104.042069,59.787654,23.119674,132.673095,59.008804,29.374057,105.668720,55.425679,24.400277,136.274822,50.063416,-18.211209,101.940521,48.797958,-23.493822
0.000000,0.000000,0.000000,0.000000,0.000000,0.000000,0.000000,0.000000,0.000000,0.000000,0.000000,0.000000,0.000000,0.000000,0.000000,0.000000,0.000000,0.000000,0.000000,0.000000,0.000000,0.000000,0.000000,0.000000,0.000000,0.000000,0.000000,0.000000,0.000000,0.000000,0.000000,0.000000,0.000000,0.000000,0.000000,0.000000,0.000000,0.000000,0.000000,0.000000,0.000000,0.000000,0.000000,0.000000,0.000000,0.000000,0.000000,0.000000,0.000000,0.000000,0.000000,0.000000,140.726287,217.271745,-199.780103,142.129941,221.344758,-194.241885,143.330756,221.514022,-194.240938,144.693161,221.671020,-194.246637,138.117527,221.422497,-195.585498,136.512798,221.530564,-195.617386,134.716727,221.509707,-195.605774,145.893436,221.746323,-143.406689,131.623354,220.966886,-149.982486,142.499475,213.426867,-179.414059,137.918028,213.189275,-181.202688,158.358458,201.711703,-97.268287,119.549955,198.984688,-97.342253,170.359329,176.524510,-78.448033,106.811207,173.244673,-79.087109,187.864612,159.567616,-127.839609,90.139558,156.426940,-119.833229,194.193956,154.796458,-140.846733,82.320695,151.516909,-131.379761,194.184283,155.590159,-157.621375,83.463569,152.283864,-149.086541,192.085010,156.800024,-136.145393,86.411505,153.472788,-128.484493,153.280078,150.432136,0.128821,130.340614,148.796804,-0.096435,153.271283,111.144381,-15.085774,127.774454,108.139550,-20.055711,159.006520,75.541004,33.507201,123.528328,71.162814,28.506156,157.491755,70.132111,35.033732,125.430156,66.057004,30.060099,161.832947,59.602528,-21.034052,120.992108,58.136049,-26.506544
0.000000,0.000000,0.000000,0.000000,0.000000,0.000000,0.000000,0.000000,0.000000,0.000000,0.000000,0.000000,0.000000,0.000000,0.000000,0.000000,0.000000,0.000000,0.000000,0.000000,0.000000,0.000000,0.000000,0.000000,0.000000,0.000000,0.000000,0.000000,0.000000,0.000000,0.000000,0.000000,0.000000,0.000000,0.000000,0.000000,0.000000,0.000000,0.000000,0.000000,0.000000,0.000000,0.000000,0.000000,0.000000,0.000000,0.000000,0.000000,0.000000,0.000000,0.000000,0.000000,163.372998,252.279731,-229.571097,164.999636,257.007758,-223.151309,166.396032,257.204589,-223.150714,167.974428,257.387914,-223.157298,160.344609,257.078832,-224.685582,158.480518,257.196357,-224.722723,156.403792,257.171756,-224.710826,169.386280,257.430374,-164.608393,152.821353,256.521629,-172.129176,165.442264,247.811774,-206.141937,160.118806,247.528749,-208.193367,183.864498,234.156072,-111.695373,138.808435,231.001406,-111.799473,197.824395,204.954587,-90.155977,124.031457,201.092793,-90.642019,218.111089,185.227618,-147.124741,104.627543,181.589208,-137.283720,225.446197,179.703239,-161.994860,95.657281,175.861166,-150.397102,225.429400,180.626081,-181.416253,96.914662,176.758827,-170.921093,222.989955,182.031397,-156.713959,100.299770,178.148917,-147.266605,177.947386,174.668106,0.180938,151.313881,172.795578,-0.146315,177.953383,129.122953,-17.411345,148.380624,125.746736,-22.403556,184.606052,87.702582,39.033654,143.430304,82.820787,34.228053,182.833180,81.508435,40.823572,145.606935,76.971538,36.067853,187.943642,69.381065,-23.811794,140.441459,67.717476,-29.289395
0.000000,0.000000,0.000000,0.000000,0.000000,0.000000,0.000000,0.000000,0.000000,0.000000,0.000000,0.000000,0.000000,0.000000,0.000000,0.000000,0.000000,0.000000,0.000000,0.000000,0.000000,0.000000,0.000000,0.000000,0.000000,0.000000,0.000000,0.000000,0.000000,0.000000,0.000000,0.000000,0.000000,0.000000,0.000000,0.000000,0.000000,0.000000,0.000000,0.000000,0.000000,0.000000,0.000000,0.000000,0.000000,0.000000,0.000000,0.000000,0.000000,0.000000,0.000000,0.000000,186.487420,288.019624,-259.493637,188.341004,293.416074,-252.175591,189.937493,293.641101,-252.175457,191.735666,293.851512,-252.182937,183.030763,293.476415,-253.899396,180.901728,293.601974,-253.941918,178.540311,293.573479,-253.930045,193.367286,293.851057,-185.862461,174.460477,292.809545,-194.325445,188.861135,282.914794,-232.982149,182.779353,282.584119,-235.296897,209.901793,267.266925,-126.168685,158.468640,263.677874,-126.307637,225.866557,233.976127,-101.915420,141.613812,229.509391,-102.198962,248.985027,211.413416,-166.537373,119.411064,207.268529,-154.726397,257.344029,205.123260,-183.262288,109.287065,200.699903,-169.380719,257.318839,206.178191,-205.374605,110.647646,201.732419,-192.772189,254.531704,207.783116,-177.426109,114.471351,203.329813,-166.055803,203.124338,199.410093,0.240446,172.720045,197.300663,-0.204145,203.148487,147.491975,-19.778682,169.421407,143.758916,-24.628203,210.736497,100.116312,44.681725,163.747997,94.761574,40.285366,208.697369,93.137778,46.743577,166.199056,88.169282,42.423538,214.606909,79.399028,-26.544434,160.288575,77.542241,-31.842375
0.000000,0.000000,0.000000,0.000000,0.000000,0.000000,0.000000,0.000000,0.000000,0.000000,0.000000,0.000000,0.000000,0.000000,0.000000,0.000000,0.000000,0.000000,0.000000,0.000000,0.000000,0.000000,0.000000,0.000000,0.000000,0.000000,0.000000,0.000000,0.000000,0.000000,0.000000,0.000000,0.000000,0.000000,0.000000,0.000000,0.000000,0.000000,0.000000,0.000000,0.000000,0.000000,0.000000,0.000000,0.000000,0.000000,0.000000,0.000000,0.000000,0.000000,0.000000,0.000000,210.069554,324.491425,-289.547722,212.154043,330.569706,-281.314730,213.955138,330.823555,-281.315166,215.976875,331.061814,-281.323557,206.175989,330.615246,-283.226940,203.776428,330.747414,-283.274972,201.126283,330.714875,-283.263432,217.836455,331.008373,-207.168891,196.540727,329.830632,-216.571292,212.756086,318.735929,-259.934695,205.899670,318.355383,-262.513281,236.470343,301.044261,-140.688224,178.530569,297.014091,-140.866744,254.485813,263.589130,-113.726363,159.558272,258.494468,-113.757937,280.486427,238.125010,-186.077505,134.490121,233.464902,-172.161259,289.887452,231.056519,-204.649018,123.210045,226.033117,-188.330611,289.852597,232.246489,-229.496432,124.662522,227.204643,-214.639831,286.710259,234.055183,-198.281842,128.926249,229.015474,-184.852087,228.810932,224.658098,0.307346,194.559105,222.312060,-0.269926,228.856597,166.251447,-22.187782,190.896801,162.176090,-26.729652,237.397855,112.782196,50.451414,184.481406,106.985174,46.678095,235.084322,105.020140,52.793747,187.206520,99.650236,49.127156,241.822747,89.656415,-29.231972,180.533456,87.610343,-34.165484
0.000000,0.000000,0.000000,0.000000,0.000000,0.000000,0.000000,0.000000,0.000000,0.000000,0.000000,0.000000,0.000000,0.000000,0.000000,0.000000,0.000000,0.000000,0.000000,0.000000,0.000000,0.000000,0.000000,0.000000,0.000000,0.000000,0.000000,0.000000,0.000000,0.000000,0.000000,0.000000,0.000000,0.000000,0.000000,0.000000,0.000000,0.000000,0.000000,0.000000,0.000000,0.000000,0.000000,0.000000,0.000000,0.000000,0.000000,0.000000,0.000000,0.000000,0.000000,0.000000,234.119400,361.695134,-319.733353,236.438755,368.468654,-310.568727,238.448969,368.751954,-310.569843,240.698054,369.018822,-310.579156,229.780287,368.495324,-312.668213,227.104618,368.632678,-312.721886,224.161709,368.595945,-312.710987,242.793787,368.902321,-228.527686,219.062102,367.584891,-238.866717,237.127119,355.275177,-286.999575,229.479756,354.842542,-289.842516,263.570148,335.488080,-155.253988,198.994222,331.010057,-155.476794,283.682164,293.793597,-125.588805,177.864836,288.048022,-125.318945,312.615287,265.362399,-205.745138,149.864715,260.178327,-189.588306,323.076465,257.503019,-226.155049,137.426222,251.860810,-207.246779,323.030676,258.830974,-253.781734,138.959289,253.175496,-236.524018,319.525619,260.847597,-219.281160,143.664464,255.205901,-203.655455,255.007169,250.412120,0.381637,216.831063,247.829768,-0.343657,255.077711,185.401367,-24.638648,212.806807,180.998258,-28.707903,264.590127,125.700232,56.342721,205.630533,119.491587,53.406238,261.994040,117.155519,58.974082,208.629327,111.414399,56.178705,269.591156,100.153228,-31.874409,201.176101,97.921782,-36.258722
0.000000,0.000000,0.000000,0.000000,0.000000,0.000000,0.000000,0.000000,0.000000,0.000000,0.000000,0.000000,0.000000,0.000000,0.000000,0.000000,0.000000,0.000000,0.000000,0.000000,0.000000,0.000000,0.000000,0.000000,0.000000,0.000000,0.000000,0.000000,0.000000,0.000000,0.000000,0.000000,0.000000,0.000000,0.000000,0.000000,0.000000,0.000000,0.000000,0.000000,0.000000,0.000000,0.000000,0.000000,0.000000,0.000000,0.000000,0.000000,0.000000,0.000000,0.000000,0.000000,258.636958,399.630751,-350.050529,261.195139,407.112918,-339.937581,263.418985,407.426296,-339.939486,265.899203,407.722533,-339.949734,253.843656,407.116649,-342.223216,250.886298,407.257765,-342.282659,247.646589,407.216688,-342.272709,268.239281,407.532902,-249.938843,242.024603,406.072323,-261.211722,261.974232,392.532540,-314.176789,253.519611,392.045596,-317.284604,291.201208,370.598383,-169.865980,219.859598,365.665772,-170.137788,313.455610,324.589527,-137.502747,196.533506,318.170055,-136.881986,345.371608,293.125585,-225.540271,165.534846,287.408804,-207.007537,356.911069,284.462757,-247.780382,151.935597,278.182981,-226.129223,356.853076,285.931648,-278.230511,153.537948,279.644980,-258.424750,352.977783,288.160358,-240.424061,158.685997,281.901094,-222.465909,281.713048,276.672160,0.463320,239.535917,273.853788,-0.425338,281.811830,204.941736,-27.131278,235.151424,200.225421,-30.562955,292.313312,138.870421,62.355647,227.195376,132.280815,60.469798,289.426522,129.543917,65.284583,230.467476,123.461773,63.578186,297.912137,110.889466,-34.471744,222.216511,108.476557,-38.122090
0.000000,0.000000,0.000000,0.000000,0.000000,0.000000,0.000000,0.000000,0.000000,0.000000,0.000000,0.000000,0.000000,0.000000,0.000000,0.000000,0.000000,0.000000,0.000000,0.000000,0.000000,0.000000,0.000000,0.000000,0.000000,0.000000,0.000000,0.000000,0.000000,0.000000,0.000000,0.000000,0.000000,0.000000,0.000000,0.000000,0.000000,0.000000,0.000000,0.000000,0.000000,0.000000,0.000000,0.000000,0.000000,0.000000,0.000000,0.000000,0.000000,0.000000,0.000000,0.000000,283.622227,438.298276,-380.499251,286.423196,446.502498,-369.421292,288.865187,446.846582,-369.424096,291.580323,447.172950,-369.435292,278.366098,446.479222,-371.891949,275.121468,446.622675,-371.957291,271.580922,446.577105,-371.948598,294.172938,446.900115,-271.402364,265.428230,445.292927,-283.606304,287.297427,430.508016,-341.466337,278.019236,429.964544,-344.839545,319.363523,406.375169,-184.524197,241.126699,400.981236,-184.849726,343.806150,355.976920,-149.468188,215.564280,348.860567,-148.447060,378.755391,321.414567,-245.462904,181.500513,315.156333,-224.418954,391.391264,311.935734,-269.525016,166.738168,304.999631,-244.977942,391.319796,313.548509,-302.842763,168.398498,306.613095,-280.342027,387.066754,315.993466,-261.710546,173.990845,309.101052,-241.283447,308.928571,303.438218,0.552394,262.673667,300.384119,-0.514970,309.058953,224.872555,-29.665673,257.930653,219.857579,-32.294810,320.567410,152.292762,68.490190,249.175936,145.352855,67.868773,317.381768,142.185332,71.725248,252.720968,135.792357,71.325598,326.785688,121.865130,-37.023977,243.654685,119.274670,-39.755586
0.000000,0.000000,0.000000,0.000000,0.000000,0.000000,0.000000,0.000000,0.000000,0.000000,0.000000,0.000000,0.000000,0.000000,0.000000,0.000000,0.000000,0.000000,0.000000,0.000000,0.000000,0.000000,0.000000,0.000000,0.000000,0.000000,0.000000,0.000000,0.000000,0.000000,0.000000,0.000000,0.000000,0.000000,0.000000,0.000000,0.000000,0.000000,0.000000,0.000000,0.000000,0.000000,0.000000,0.000000,0.000000,0.000000,0.000000,0.000000,0.000000,0.000000,0.000000,0.000000,309.075207,477.697709,-411.079518,312.122924,486.637394,-399.019861,314.787573,487.012811,-399.023673,317.741413,487.370071,-399.035829,303.347611,486.583042,-401.674412,299.810128,486.727409,-401.745783,295.964710,486.677195,-401.738655,320.594758,487.003961,-292.918249,289.272983,485.246703,-306.050465,313.096702,469.201607,-368.868219,302.978630,468.599388,-372.507338,348.057092,442.818438,-199.228641,262.795524,436.956449,-199.612606,374.733786,387.955776,-161.485129,234.957160,380.119556,-160.014166,412.766635,350.229344,-265.513037,197.761716,343.420915,-241.822556,426.517049,339.921951,-291.388952,181.833936,332.310759,-263.792936,426.430836,341.681558,-327.618490,183.540939,334.079839,-302.275849,421.792529,344.346922,-283.140616,189.579011,336.805777,-260.108071,336.653736,330.710294,0.648860,286.244315,327.420762,-0.612552,336.819081,245.193823,-32.241832,281.144494,239.894731,-33.903466,349.352422,165.967256,74.746352,271.572213,158.707710,75.603163,345.859779,155.079766,78.296078,275.389802,148.406150,79.420943,356.211810,133.080218,-39.531108,265.490624,130.316120,-41.159211
0.000000,0.000000,0.000000,0.000000,0.000000,0.000000,0.000000,0.000000,0.000000,0.000000,0.000000,0.000000,0.000000,0.000000,0.000000,0.000000,0.000000,0.000000,0.000000,0.000000,0.000000,0.000000,0.000000,0.000000,0.000000,0.000000,0.000000,0.000000,0.000000,0.000000,0.000000,0.000000,0.000000,0.000000,0.000000,0.000000,0.000000,0.000000,0.000000,0.000000,0.000000,0.000000,0.000000,0.000000,0.000000,0.000000,0.000000,0.000000,0.000000,0.000000,0.000000,0.000000,305.155147,471.849486,-397.538757,308.153389,480.682699,-385.597009,310.787598,481.064967,-385.602909,313.701633,481.422966,-385.616270,299.494121,480.559561,-388.096531,295.995545,480.680417,-388.167867,292.233668,480.622648,-388.165931,316.579359,480.939671,-282.474581,285.665028,479.179957,-294.882977,309.169103,463.448660,-356.628028,299.160153,462.809623,-360.089486,343.723462,437.241307,-192.076916,259.541295,431.510528,-192.771675,370.180915,383.180202,-155.354448,232.060160,375.308035,-154.156484,407.647508,345.851830,-255.617214,195.141298,339.133829,-233.027156,421.198087,335.722319,-279.859329,179.754455,328.141182,-253.819235,421.105405,337.466060,-315.371409,181.195293,329.930825,-291.576864,416.508348,340.096573,-272.719638,187.041963,332.645195,-250.870733,332.388969,326.687915,0.744948,282.614630,323.533944,-0.718768,332.581096,242.497921,-34.945266,277.775104,237.589165,-31.387635,344.950371,163.901001,70.167163,268.203178,157.448941,77.290870,341.475520,153.417213,73.703861,271.872544,147.538704,81.125759,351.885735,131.938985,-41.541930,262.106384,129.357317,-37.820795
0.000000,0.000000,0.000000,0.000000,0.000000,0.000000,0.000000,0.000000,0.000000,0.000000,0.000000,0.000000,0.000000,0.000000,0.000000,0.000000,0.000000,0.000000,0.000000,0.000000,0.000000,0.000000,0.000000,0.000000,0.000000,0.000000,0.000000,0.000000,0.000000,0.000000,0.000000,0.000000,0.000000,0.000000,0.000000,0.000000,0.000000,0.000000,0.000000,0.000000,0.000000,0.000000,0.000000,0.000000,0.000000,0.000000,0.000000,0.000000,0.000000,0.000000,0.000000,0.000000,314.049556,485.767687,-403.487795,317.121119,494.850632,-391.158831,319.837959,495.240713,-391.165864,322.826101,495.608594,-391.179554,308.222745,494.677593,-393.693962,304.620121,494.782156,-393.767103,300.774230,494.720949,-393.767301,325.839516,494.961803,-286.131129,294.032259,493.142071,-298.760770,318.214942,477.100053,-361.918126,307.901583,476.458004,-365.451292,353.797841,449.921218,-194.734731,267.146875,444.023641,-195.496395,381.048480,394.373508,-157.496721,238.901094,386.164662,-156.384328,419.561003,355.863425,-259.298346,200.774720,348.955901,-236.597680,433.477397,345.479745,-283.807007,185.134597,337.585482,-257.523306,433.371030,347.279590,-320.272269,186.526629,339.444933,-296.113942,428.628569,349.981302,-276.847097,192.459239,342.256834,-254.791956,342.099078,336.270850,0.826254,290.875256,333.063542,-0.805702,342.289595,249.817072,-37.451024,285.988318,244.910698,-31.424587,355.026885,168.694807,70.072624,276.074432,162.494177,79.993044,351.434908,158.059407,73.681645,279.827330,152.445223,83.912566,362.236265,136.113166,-44.028239,269.773112,133.547606,-37.777412
0.000000,0.000000,0.000000,0.000000,0.000000,0.000000,0.000000,0.000000,0.000000,0.000000,0.000000,0.000000,0.000000,0.000000,0.000000,0.000000,0.000000,0.000000,0.000000,0.000000,0.000000,0.000000,0.000000,0.000000,0.000000,0.000000,0.000000,0.000000,0.000000,0.000000,0.000000,0.000000,0.000000,0.000000,0.000000,0.000000,0.000000,0.000000,0.000000,0.000000,0.000000,0.000000,0.000000,0.000000,0.000000,0.000000,0.000000,0.000000,0.000000,0.000000,0.000000,0.000000,321.819015,497.973970,-408.305570,324.953900,507.273013,-395.639839,327.743984,507.667925,-395.647882,330.794986,508.042218,-395.661788,315.847688,507.052785,-398.200889,312.154009,507.140529,-398.275596,308.236120,507.074676,-398.277810,333.930957,507.232065,-289.032515,301.344316,505.358937,-301.836661,326.119426,489.067532,-366.200701,315.540152,488.426030,-369.791228,362.602922,460.996759,-196.881254,273.792814,454.956334,-197.673604,390.550106,404.165268,-159.306019,244.880127,395.657735,-158.162085,429.976698,364.621791,-262.448670,205.682389,357.544244,-239.505983,444.214090,354.022386,-287.171495,189.841217,345.844996,-260.522402,444.094997,355.873909,-324.458580,191.177645,347.771582,-299.822663,439.221347,358.635484,-280.382684,197.179918,350.669877,-257.996569,350.583836,344.657327,0.903058,298.093960,341.403573,-0.887866,350.767567,256.229449,-39.474146,293.172950,251.329904,-31.362352,363.831877,172.890812,70.153182,282.953258,166.925692,82.388599,360.137175,162.138393,73.827126,286.775867,156.770164,86.376162,371.287795,139.784925,-45.966884,276.474422,137.237664,-37.637099
0.000000,0.000000,0.000000,0.000000,0.000000,0.000000,0.000000,0.000000,0.000000,0.000000,0.000000,0.000000,0.000000,0.000000,0.000000,0.000000,0.000000,0.000000,0.000000,0.000000,0.000000,0.000000,0.000000,0.000000,0.000000,0.000000,0.000000,0.000000,0.000000,0.000000,0.000000,0.000000,0.000000,0.000000,0.000000,0.000000,0.000000,0.000000,0.000000,0.000000,0.000000,0.000000,0.000000,0.000000,0.000000,0.000000,0.000000,0.000000,0.000000,0.000000,0.000000,0.000000,328.463523,508.468335,-411.992080,331.651732,517.949844,-399.040033,334.505674,518.346604,-399.048963,337.608290,518.723838,-399.062974,322.368950,517.685137,-401.617309,318.597209,517.755537,-401.693347,314.619337,517.683832,-401.697459,340.853680,517.750455,-291.178740,307.601200,515.830557,-304.110650,332.882554,499.351099,-369.475753,322.075859,498.713701,-373.109292,370.138704,470.467932,-198.516487,279.479113,464.308607,-199.303304,398.685791,412.555482,-160.782342,249.997257,403.787253,-159.489757,438.894593,372.126928,-265.068185,209.864306,364.898858,-241.752065,453.408163,361.350242,-289.952792,193.874314,352.919725,-262.816525,453.277305,363.249015,-327.930342,195.148342,354.910773,-302.703028,448.286681,366.059119,-283.326399,201.204000,357.884323,-260.484571,357.843243,351.847346,0.975361,304.270743,348.554037,-0.965261,358.015011,261.735050,-41.014634,299.329002,256.846782,-31.200931,371.365346,176.489014,70.408837,288.839658,170.743485,84.477534,367.582318,165.654173,74.140301,292.718156,160.513528,88.516547,379.040326,142.954261,-47.357862,282.210315,140.427489,-37.399856
0.000000,0.000000,0.000000,0.000000,0.000000,0.000000,0.000000,0.000000,0.000000,0.000000,0.000000,0.000000,0.000000,0.000000,0.000000,0.000000,0.000000,0.000000,0.000000,0.000000,0.000000,0.000000,0.000000,0.000000,0.000000,0.000000,0.000000,0.000000,0.000000,0.000000,0.000000,0.000000,0.000000,0.000000,0.000000,0.000000,0.000000,0.000000,0.000000,0.000000,0.000000,0.000000,0.000000,0.000000,0.000000,0.000000,0.000000,0.000000,0.000000,0.000000,0.000000,0.000000,333.983083,517.250782,-414.547326,337.214616,526.881123,-401.359413,340.123027,527.276750,-401.369106,343.266012,527.653456,-401.383112,327.786532,526.574648,-403.943224,323.949721,526.627179,-404.020355,319.923883,526.548414,-404.026248,346.607685,526.516975,-292.569804,312.802911,524.556929,-305.582738,338.504327,507.950754,-371.743282,327.508705,507.321017,-375.405486,376.405187,478.334736,-199.640428,284.205772,472.080461,-200.385494,405.455536,419.544151,-161.925692,254.252487,410.553215,-160.367343,446.314688,378.378835,-267.156891,213.320470,371.019743,-243.335926,461.059618,367.463312,-292.150898,197.233889,358.809669,-264.405674,460.917954,369.404909,-330.687555,198.438720,360.862505,-304.755036,455.824572,372.252209,-285.678241,204.531486,363.900173,-262.255962,363.877298,357.840906,1.043163,309.405605,354.514933,-1.037886,364.031927,266.333877,-42.072487,304.456474,261.461332,-30.940324,377.627294,179.489413,70.839589,293.733630,173.947557,86.259851,373.770340,168.606746,74.621173,297.654196,163.675315,90.333720,385.493857,145.621176,-48.201175,286.980790,143.117083,-37.065685
0.000000,0.000000,0.000000,0.000000,0.000000,0.000000,0.000000,0.000000,0.000000,0.000000,0.000000,0.000000,0.000000,0.000000,0.000000,0.000000,0.000000,0.000000,0.000000,0.000000,0.000000,0.000000,0.000000,0.000000,0.000000,0.000000,0.000000,0.000000,0.000000,0.000000,0.000000,0.000000,0.000000,0.000000,0.000000,0.000000,0.000000,0.000000,0.000000,0.000000,0.000000,0.000000,0.000000,0.000000,0.000000,0.000000,0.000000,0.000000,0.000000,0.000000,0.000000,0.000000,338.377692,524.321311,-415.971307,341.642552,534.066851,-402.597979,344.596045,534.458362,-402.608312,347.768151,534.831070,-402.622200,332.100433,533.721319,-405.178634,328.211545,533.755457,-405.256622,324.149756,533.668424,-405.264176,351.192973,533.531624,-293.205706,316.949449,531.538055,-306.252925,342.984744,514.866496,-373.003288,331.838689,514.247978,-376.679808,381.402371,484.597171,-200.253077,287.972791,478.271895,-200.920174,410.859342,425.131274,-162.736067,257.645814,415.955623,-160.794843,452.236983,383.377513,-268.714789,216.050882,375.906899,-244.257566,467.168455,372.361598,-293.765814,199.919942,363.514827,-265.289850,467.016946,374.341591,-332.730220,201.048778,365.626779,-305.978688,461.835019,377.214752,-287.438211,207.162375,368.717427,-263.310742,368.686002,362.638008,1.106464,313.498547,359.286263,-1.105742,368.818316,270.025928,-42.647704,308.555364,265.173554,-30.580530,382.617720,181.892011,71.445437,297.635175,176.537909,87.735548,378.701238,170.996111,75.269741,301.583987,166.255526,91.827682,390.648390,147.785668,-48.496823,290.785846,145.306445,-36.634584
0.000000,0.000000,0.000000,0.000000,0.000000,0.000000,0.000000,0.000000,0.000000,0.000000,0.000000,0.000000,0.000000,0.000000,0.000000,0.000000,0.000000,0.000000,0.000000,0.000000,0.000000,0.000000,0.000000,0.000000,0.000000,0.000000,0.000000,0.000000,0.000000,0.000000,0.000000,0.000000,0.000000,0.000000,0.000000,0.000000,0.000000,0.000000,0.000000,0.000000,0.000000,0.000000,0.000000,0.000000,0.000000,0.000000,0.000000,0.000000,0.000000,0.000000,0.000000,0.000000,341.647352,529.679921,-416.264025,344.935539,539.507029,-402.755732,347.924727,539.891441,-402.766580,351.114709,540.256681,-402.780241,335.310654,539.125149,-405.323537,331.382681,539.140369,-405.402145,327.296956,539.043862,-405.411245,354.609543,538.794402,-293.086447,320.040813,536.773933,-306.121210,346.323806,520.098325,-373.255772,335.065811,519.494584,-376.932260,385.130257,489.255237,-200.354436,290.780170,482.882909,-200.907344,414.897207,429.316851,-163.213468,260.177240,419.994476,-160.772257,456.661478,387.122961,-269.741878,218.055541,379.560327,-244.516985,471.734673,376.045098,-294.797540,201.932471,367.035200,-265.469051,471.574278,378.059061,-334.058336,202.978518,369.203594,-306.373983,466.318023,380.946749,-288.606308,209.096666,372.336084,-263.648912,372.269355,366.238652,1.165264,316.549567,362.868026,-1.168827,372.374178,272.811205,-42.740287,311.625674,267.983447,-30.121550,386.336624,183.696806,72.226382,300.544293,178.514538,88.904625,382.375015,172.822270,76.086004,304.507530,168.254159,92.998433,394.503923,149.447737,-48.244805,293.625485,146.995575,-36.106554
0.000000,0.000000,0.000000,0.000000,0.000000,0.000000,0.000000,0.000000,0.000000,0.000000,0.000000,0.000000,0.000000,0.000000,0.000000,0.000000,0.000000,0.000000,0.000000,0.000000,0.000000,0.000000,0.000000,0.000000,0.000000,0.000000,0.000000,0.000000,0.000000,0.000000,0.000000,0.000000,0.000000,0.000000,0.000000,0.000000,0.000000,0.000000,0.000000,0.000000,0.000000,0.000000,0.000000,0.000000,0.000000,0.000000,0.000000,0.000000,0.000000,0.000000,0.000000,0.000000,343.792062,533.326614,-415.425478,347.093577,543.201655,-401.832672,350.109073,543.575987,-401.843910,353.305685,543.930288,-401.857232,337.417194,542.786139,-404.377936,333.463129,542.781915,-404.456927,329.365485,542.674726,-404.467453,356.857396,542.305310,-292.212027,322.077004,540.264565,-305.187593,348.521512,523.646241,-372.500732,337.190072,523.060836,-376.162840,387.588843,492.308934,-199.944503,292.627909,485.913504,-200.347004,417.569133,432.100882,-163.357894,261.846765,422.669774,-160.299585,459.588173,389.615180,-270.238159,219.334447,381.980025,-244.114183,474.758273,378.513813,-295.246075,203.271479,369.370788,-264.943279,474.589953,380.557319,-334.671904,204.227938,371.592951,-305.940922,469.273583,383.448200,-289.182533,210.334362,374.756145,-263.270470,374.627357,368.642837,1.219563,318.558667,365.260221,-1.227143,374.699513,274.689706,-42.350235,313.667403,269.891014,-29.563383,388.784006,184.903799,73.182424,302.460983,179.877447,89.767083,384.791668,174.085222,77.069963,306.424824,169.671216,93.845972,397.060456,150.607385,-47.445121,295.499707,148.184473,-35.481594
0.000000,0.000000,0.000000,0.000000,0.000000,0.000000,0.000000,0.000000,0.000000,0.000000,0.000000,0.000000,0.000000,0.000000,0.000000,0.000000,0.000000,0.000000,0.000000,0.000000,0.000000,0.000000,0.000000,0.000000,0.000000,0.000000,0.000000,0.000000,0.000000,0.000000,0.000000,0.000000,0.000000,0.000000,0.000000,0.000000,0.000000,0.000000,0.000000,0.000000,0.000000,0.000000,0.000000,0.000000,0.000000,0.000000,0.000000,0.000000,0.000000,0.000000,0.000000,0.000000,344.811822,535.261389,-413.455666,348.116667,545.150730,-399.828797,351.149083,545.512000,-399.840303,354.341079,545.851893,-399.853176,338.420054,544.704289,-402.341828,334.452890,544.680096,-402.420966,330.355341,544.561018,-402.432801,357.936532,544.064346,-290.582446,323.058023,542.009949,-303.452075,349.577863,525.510246,-370.738169,338.211472,524.946732,-374.371550,388.778130,493.758263,-199.023278,293.516008,487.363679,-199.239155,418.875118,433.483368,-163.169346,262.654388,423.981517,-159.376828,461.017068,390.854170,-270.203632,219.887601,383.165995,-243.049160,476.239254,379.767743,-295.111420,203.936964,370.521590,-263.712533,476.063969,381.836364,-334.570923,204.797039,372.794849,-304.679504,470.701700,384.719105,-289.166885,210.875460,375.977610,-262.175418,375.760008,369.850564,1.269361,319.525846,366.462850,-1.280689,375.794320,275.661432,-41.477547,314.680551,270.896252,-28.906029,389.959866,185.512989,74.313562,303.385247,180.626635,90.322923,385.951199,174.784967,78.221617,307.335869,170.506696,94.370300,398.317991,151.264610,-46.097772,296.408510,148.873140,-34.759705
0.000000,0.000000,0.000000,0.000000,0.000000,0.000000,0.000000,0.000000,0.000000,0.000000,0.000000,0.000000,0.000000,0.000000,0.000000,0.000000,0.000000,0.000000,0.000000,0.000000,0.000000,0.000000,0.000000,0.000000,0.000000,0.000000,0.000000,0.000000,0.000000,0.000000,0.000000,0.000000,0.000000,0.000000,0.000000,0.000000,0.000000,0.000000,0.000000,0.000000,0.000000,0.000000,0.000000,0.000000,0.000000,0.000000,0.000000,0.000000,0.000000,0.000000,0.000000,0.000000,344.706632,535.484246,-410.354591,348.004808,545.354254,-396.744109,351.044758,545.699480,-396.755759,354.220890,546.021494,-396.768070,338.319233,544.879598,-399.215215,334.351962,544.834912,-399.294263,330.266525,544.702738,-399.307288,357.846950,544.071512,-288.197703,322.983868,542.010086,-300.914655,349.492858,525.690337,-367.968083,338.130010,525.152274,-371.558388,388.698118,493.603222,-197.590763,293.444467,487.233434,-197.583795,418.815164,433.464307,-162.647824,262.600109,423.929706,-158.003984,460.948163,390.839930,-269.638296,219.715002,383.118236,-241.321916,476.177617,379.806887,-294.393574,203.928926,370.487608,-261.776814,475.996326,381.896197,-333.755393,204.685821,372.809288,-302.589730,470.602374,384.759463,-288.559365,210.719961,376.000479,-260.363756,375.667307,369.861832,1.314658,319.451104,366.475912,-1.329466,375.658599,275.726384,-40.122225,314.665118,270.999162,-28.149490,389.864204,185.524377,75.619797,303.317083,180.762101,90.572142,385.853608,174.921505,79.540968,307.240666,170.760599,94.571416,398.276525,151.419413,-44.202757,296.351895,149.061574,-33.940887
0.000000,0.000000,0.000000,0.000000,0.000000,0.000000,0.000000,0.000000,0.000000,0.000000,0.000000,0.000000,0.000000,0.000000,0.000000,0.000000,0.000000,0.000000,0.000000,0.000000,0.000000,0.000000,0.000000,0.000000,0.000000,0.000000,0.000000,0.000000,0.000000,0.000000,0.000000,0.000000,0.000000,0.000000,0.000000,0.000000,0.000000,0.000000,0.000000,0.000000,0.000000,0.000000,0.000000,0.000000,0.000000,0.000000,0.000000,0.000000,0.000000,0.000000,0.000000,0.000000,343.476493,533.995185,-406.122251,346.758001,543.812226,-392.578607,349.796097,544.138426,-392.590277,352.945120,544.439092,-392.601916,337.114732,543.312066,-394.998097,333.160347,543.246363,-395.076817,329.099037,543.099885,-395.090916,356.588651,542.326807,-285.057799,321.854539,540.264977,-297.575334,348.266498,524.186516,-364.190474,336.945687,523.677460,-367.723356,387.348808,491.843813,-195.646956,292.413286,485.522769,-195.380925,417.389270,432.043701,-161.793327,261.683929,422.514339,-156.181054,459.381458,389.572461,-268.542151,218.816651,381.836748,-238.932451,474.573361,378.631247,-293.092537,203.247366,369.268839,-259.136121,474.387025,380.736819,-332.225315,203.894283,371.636269,-299.671599,468.975604,383.569275,-287.359972,209.867866,374.824751,-257.835482,374.349255,368.676642,1.355454,318.334441,365.299406,-1.373472,374.292352,274.884560,-38.284268,313.621105,270.199744,-27.293763,388.497020,184.937963,77.101129,302.256492,180.283846,90.514743,384.498894,174.494835,81.028014,306.139214,170.432924,94.449321,396.936061,151.071794,-41.760076,295.329863,148.749777,-33.025140
0.000000,0.000000,0.000000,0.000000,0.000000,0.000000,0.000000,0.000000,0.000000,0.000000,0.000000,0.000000,0.000000,0.000000,0.000000,0.000000,0.000000,0.000000,0.000000,0.000000,0.000000,0.000000,0.000000,0.000000,0.000000,0.000000,0.000000,0.000000,0.000000,0.000000,0.000000,0.000000,0.000000,0.000000,0.000000,0.000000,0.000000,0.000000,0.000000,0.000000,0.000000,0.000000,0.000000,0.000000,0.000000,0.000000,0.000000,0.000000,0.000000,0.000000,0.000000,0.000000,341.121404,530.794206,-400.758647,344.376246,540.524648,-387.332291,347.403100,540.828839,-387.343857,350.513768,541.104687,-387.354714,334.806550,540.001695,-389.690473,330.878043,539.914448,-389.768629,326.852877,539.752459,-389.783683,354.161634,538.830231,-281.162734,319.670038,536.774620,-293.434111,345.898782,520.998782,-359.405342,334.658502,520.522292,-362.866452,384.730198,488.480035,-193.191858,290.422464,482.231685,-192.630546,414.597436,429.221549,-160.605857,259.905847,419.735417,-153.908039,456.316953,387.051762,-266.915199,217.192547,379.321531,-235.880765,471.426486,376.240821,-291.208310,201.892284,366.865286,-255.790454,471.236066,378.358228,-329.980688,202.422427,369.275792,-295.925111,465.821391,381.148541,-285.568707,208.319174,372.450427,-254.590598,371.805852,366.294994,1.391749,316.175857,362.933333,-1.412709,371.695576,273.135961,-35.963675,311.548510,268.497998,-26.338851,385.858315,183.753747,78.757557,300.203473,179.191870,90.150724,381.887058,173.504959,82.682756,304.031513,169.523673,94.004015,394.296597,150.221753,-38.769730,293.342413,147.937748,-32.012463
0.000000,0.000000,0.000000,0.000000,0.000000,0.000000,0.000000,0.000000,0.000000,0.000000,0.000000,0.000000,0.000000,0.000000,0.000000,0.000000,0.000000,0.000000,0.000000,0.000000,0.000000,0.000000,0.000000,0.000000,0.000000,0.000000,0.000000,0.000000,0.000000,0.000000,0.000000,0.000000,0.000000,0.000000,0.000000,0.000000,0.000000,0.000000,0.000000,0.000000,0.000000,0.000000,0.000000,0.000000,0.000000,0.000000,0.000000,0.000000,0.000000,0.000000,0.000000,0.000000,337.641365,525.881309,-394.263779,340.859542,535.491519,-381.005162,343.865767,535.770719,-381.016500,346.926834,536.018278,-381.026463,331.394688,534.948483,-383.292343,327.505052,534.839168,-383.369698,323.528044,534.660461,-383.385590,350.565900,533.581784,-276.512508,316.430363,531.539016,-288.490987,342.389711,516.127136,-353.612688,331.268455,515.686769,-356.987677,380.842290,483.511888,-190.225468,287.472003,477.360181,-189.332656,410.439661,424.997852,-159.085411,257.265864,415.592941,-151.184937,451.754648,383.277834,-264.757437,214.842691,375.572585,-232.166859,466.736993,372.635610,-288.740893,199.863679,363.276947,-251.739813,466.543448,374.760424,-327.021512,200.270251,365.727856,-291.350267,461.139734,377.497261,-283.185570,206.073885,368.877507,-250.629103,368.037098,362.716888,1.423543,312.975352,359.377694,-1.447176,367.868274,270.480587,-33.160448,308.447335,265.893925,-25.284752,381.948087,181.971728,80.589082,297.158027,177.486173,89.480086,378.018099,171.951876,84.505193,300.917564,168.032846,93.235497,390.358134,148.869289,-35.231719,290.389545,146.625487,-30.902857
0.000000,0.000000,0.000000,0.000000,0.000000,0.000000,0.000000,0.000000,0.000000,0.000000,0.000000,0.000000,0.000000,0.000000,0.000000,0.000000,0.000000,0.000000,0.000000,0.000000,0.000000,0.000000,0.000000,0.000000,0.000000,0.000000,0.000000,0.000000,0.000000,0.000000,0.000000,0.000000,0.000000,0.000000,0.000000,0.000000,0.000000,0.000000,0.000000,0.000000,0.000000,0.000000,0.000000,0.000000,0.000000,0.000000,0.000000,0.000000,0.000000,0.000000,0.000000,0.000000,333.036377,519.256493,-386.637646,336.207889,528.712838,-373.597219,339.184099,528.964066,-373.608206,342.184318,529.179866,-373.617163,326.879145,528.152430,-375.803708,323.041373,528.020523,-375.880026,319.124539,527.823890,-375.896637,345.801448,526.581466,-271.107120,312.135516,524.558165,-282.745961,337.739284,509.571577,-346.812510,326.775547,509.170891,-350.087032,375.685082,476.939372,-186.747787,283.561902,470.908257,-185.487257,404.915947,419.372608,-157.231992,253.763979,410.086909,-148.011750,445.694543,378.250677,-262.068867,211.767082,370.589911,-227.790731,460.504882,367.815614,-285.690284,197.161551,358.503823,-246.984199,460.309171,369.943409,-323.347788,197.437756,360.992461,-285.947066,454.930634,372.615434,-280.210560,203.131999,364.105991,-245.950998,363.042992,357.942323,1.450836,308.732926,354.632487,-1.476874,362.810444,266.918439,-29.874585,304.317579,262.387523,-24.131466,376.766338,179.591907,82.595704,293.120155,175.166755,88.502829,372.892017,169.835586,86.495326,296.797366,165.960441,92.143768,385.120672,147.014404,-31.146041,286.471259,144.812994,-29.696322
0.000000,0.000000,0.000000,0.000000,0.000000,0.000000,0.000000,0.000000,0.000000,0.000000,0.000000,0.000000,0.000000,0.000000,0.000000,0.000000,0.000000,0.000000,0.000000,0.000000,0.000000,0.000000,0.000000,0.000000,0.000000,0.000000,0.000000,0.000000,0.000000,0.000000,0.000000,0.000000,0.000000,0.000000,0.000000,0.000000,0.000000,0.000000,0.000000,0.000000,0.000000,0.000000,0.000000,0.000000,0.000000,0.000000,0.000000,0.000000,0.000000,0.000000,0.000000,0.000000,327.306438,510.919760,-377.880250,330.421288,520.188607,-365.108462,333.358095,520.408879,-365.118974,336.286220,520.589451,-365.126815,321.259921,519.613537,-367.224567,317.487006,519.458512,-367.299611,313.642362,519.242746,-367.316823,339.868278,517.829278,-264.946571,306.785495,515.832067,-276.199033,331.947502,501.332106,-339.004809,321.179778,500.974658,-342.164515,369.258576,468.762488,-182.758815,278.692160,462.875913,-181.094348,398.026293,412.345819,-155.045598,249.400193,403.217323,-144.388477,438.136637,371.970290,-258.849489,207.965720,364.373507,-222.752382,452.730152,361.780832,-282.056486,193.785901,352.545913,-241.523610,452.533237,363.907181,-318.959515,193.924942,355.069608,-279.715509,447.194091,366.503061,-276.643677,199.493517,358.135878,-240.556281,356.823535,351.971300,1.473627,303.448580,348.697713,-1.501802,356.522086,262.449515,-26.106088,299.159243,257.978794,-22.878994,370.313066,176.614284,84.777422,288.089854,172.233615,87.218952,366.508813,167.156089,88.653156,291.670919,163.306459,90.728828,378.584210,144.657096,-26.512699,281.587555,142.500270,-28.392857
0.000000,0.000000,0.000000,0.000000,0.000000,0.000000,0.000000,0.000000,0.000000,0.000000,0.000000,0.000000,0.000000,0.000000,0.000000,0.000000,0.000000,0.000000,0.000000,0.000000,0.000000,0.000000,0.000000,0.000000,0.000000,0.000000,0.000000,0.000000,0.000000,0.000000,0.000000,0.000000,0.000000,0.000000,0.000000,0.000000,0.000000,0.000000,0.000000,0.000000,0.000000,0.000000,0.000000,0.000000,0.000000,0.000000,0.000000,0.000000,0.000000,0.000000,0.000000,0.000000,320.451550,500.871109,-367.991588,323.499738,509.918824,-355.538892,326.387755,510.105159,-355.548804,329.232539,510.247033,-355.555418,314.537017,509.331804,-357.554921,310.841951,509.153136,-357.628453,307.081512,508.917030,-357.646150,332.766392,507.325218,-258.030860,300.380301,505.360722,-268.850204,325.014364,491.408722,-330.189585,314.481147,491.098070,-333.220128,361.562771,458.981235,-178.258552,272.862779,453.263150,-176.153929,389.770699,403.917483,-152.526230,244.174505,394.984181,-140.315118,429.080932,364.436674,-255.099302,203.438606,356.923375,-217.051812,443.412804,354.531266,-277.839497,189.736729,345.403219,-235.358048,443.215643,356.651742,-313.856693,189.731808,347.959296,-272.655596,437.930104,359.160142,-272.484922,195.158438,350.967169,-234.444954,349.378727,344.803818,1.491918,297.122312,341.573373,-1.521959,349.003202,257.073816,-21.854955,292.972325,252.667736,-21.527335,362.588273,173.038858,87.134237,282.067127,168.686754,85.628456,358.868487,163.913385,90.978680,285.538224,160.070900,88.990676,370.748748,141.797365,-21.331690,275.738434,139.687314,-26.992463
0.000000,0.000000,0.000000,0.000000,0.000000,0.000000,0.000000,0.000000,0.000000,0.000000,0.000000,0.000000,0.000000,0.000000,0.000000,0.000000,0.000000,0.000000,0.000000,0.000000,0.000000,0.000000,0.000000,0.000000,0.000000,0.000000,0.000000,0.000000,0.000000,0.000000,0.000000,0.000000,0.000000,0.000000,0.000000,0.000000,0.000000,0.000000,0.000000,0.000000,0.000000,0.000000,0.000000,0.000000,0.000000,0.000000,0.000000,0.000000,0.000000,0.000000,0.000000,0.000000,324.684029,507.789196,-375.169216,327.785888,516.930246,-362.477480,330.705800,517.101943,-362.487534,333.588342,517.211109,-362.495052,318.691775,516.335472,-364.489371,314.944053,516.143350,-364.565414,311.124566,515.868467,-364.584517,337.146020,514.173213,-263.394457,304.336646,512.169781,-274.193919,329.298180,498.140250,-336.807605,318.630669,497.810199,-339.820796,366.331165,465.007206,-181.868782,276.457393,459.215306,-179.645383,394.915080,409.344463,-156.492851,247.380686,400.290719,-143.082238,434.748004,369.382880,-261.533589,206.075596,361.686693,-220.824857,449.298475,359.344797,-284.008580,192.266218,350.101231,-239.407628,449.079703,361.503924,-320.153878,192.181940,352.712296,-277.263719,443.695826,364.046527,-278.837376,197.693337,355.761260,-238.489113,353.984898,349.391535,1.486560,301.032804,346.103114,-1.515570,353.588236,260.460154,-21.728210,296.811782,255.921198,-22.411114,367.371138,175.375713,88.919635,285.767218,170.799978,86.615779,363.624270,166.178827,92.824916,289.289341,162.097037,90.053232,375.654036,143.645089,-21.363429,279.376964,141.413066,-28.065696
0.000000,0.000000,0.000000,0.000000,0.000000,0.000000,0.000000,0.000000,0.000000,0.000000,0.000000,0.000000,0.000000,0.000000,0.000000,0.000000,0.000000,0.000000,0.000000,0.000000,0.000000,0.000000,0.000000,0.000000,0.000000,0.000000,0.000000,0.000000,0.000000,0.000000,0.000000,0.000000,0.000000,0.000000,0.000000,0.000000,0.000000,0.000000,0.000000,0.000000,0.000000,0.000000,0.000000,0.000000,0.000000,0.000000,0.000000,0.000000,0.000000,0.000000,0.000000,0.000000,322.319845,504.690012,-372.705413,325.398635,513.737199,-360.155068,328.306588,513.892648,-360.164762,331.154461,513.978459,-360.172290,316.366405,513.131026,-362.097503,312.642817,512.919681,-362.173850,308.850648,512.619378,-362.193740,334.698818,510.830723,-261.915598,302.130765,508.816089,-272.392902,326.911435,495.042596,-334.664015,316.331432,494.714665,-337.585546,363.694299,461.674048,-180.912088,274.456673,456.040489,-178.543820,392.154701,406.538524,-156.768505,245.536557,397.618195,-142.284019,431.743915,366.984664,-261.674548,204.430757,359.209408,-219.700738,446.246422,357.077400,-283.827600,190.869717,347.834731,-238.166967,446.049645,359.257712,-319.645211,190.601028,350.546135,-275.777658,440.644492,361.744440,-278.785852,196.074988,353.567723,-237.276595,351.422906,347.092222,1.510637,298.856326,343.801264,-1.540212,350.950918,258.639591,-19.204359,294.728893,254.135078,-21.441190,364.716747,174.206721,91.605735,283.674969,169.564998,86.679093,361.010905,165.152957,95.617387,287.103625,160.982026,90.038683,372.976915,142.695830,-17.459530,277.373998,140.423113,-27.191779
0.000000,0.000000,0.000000,0.000000,0.000000,0.000000,0.000000,0.000000,0.000000,0.000000,0.000000,0.000000,0.000000,0.000000,0.000000,0.000000,0.000000,0.000000,0.000000,0.000000,0.000000,0.000000,0.000000,0.000000,0.000000,0.000000,0.000000,0.000000,0.000000,0.000000,0.000000,0.000000,0.000000,0.000000,0.000000,0.000000,0.000000,0.000000,0.000000,0.000000,0.000000,0.000000,0.000000,0.000000,0.000000,0.000000,0.000000,0.000000,0.000000,0.000000,0.000000,0.000000,320.262307,501.975341,-370.633378,323.319760,510.935554,-358.196239,326.218339,511.075611,-358.205650,329.035501,511.139613,-358.213223,314.342919,510.320842,-360.078627,310.640882,510.091501,-360.155225,306.872828,509.767096,-360.175763,332.570230,507.885455,-260.667879,300.214417,505.860462,-270.863190,324.836353,492.323114,-332.855171,314.330919,491.997725,-335.699986,361.406720,458.679380,-180.154721,272.718848,453.203909,-177.677867,389.751430,403.991653,-157.114737,243.959207,395.187489,-141.750007,429.106900,364.775612,-261.847098,203.082240,356.904847,-218.850721,443.560306,354.977442,-283.715194,189.748419,345.712097,-237.224269,443.383535,357.172463,-319.238147,189.306562,348.509998,-274.610561,437.960447,359.611713,-278.783797,194.746974,351.509296,-236.344991,349.197684,345.042622,1.530073,296.966396,341.744282,-1.560314,348.673352,257.044141,-17.682452,292.911821,252.553354,-20.637216,362.412439,173.183843,93.381484,281.854544,168.488243,86.908438,358.742080,164.258555,97.498936,285.194916,160.008319,90.221568,370.648529,141.872975,-14.697115,275.634907,139.561927,-26.249603
0.000000,0.000000,0.000000,0.000000,0.000000,0.000000,0.000000,0.000000,0.000000,0.000000,0.000000,0.000000,0.000000,0.000000,0.000000,0.000000,0.000000,0.000000,0.000000,0.000000,0.000000,0.000000,0.000000,0.000000,0.000000,0.000000,0.000000,0.000000,0.000000,0.000000,0.000000,0.000000,0.000000,0.000000,0.000000,0.000000,0.000000,0.000000,0.000000,0.000000,0.000000,0.000000,0.000000,0.000000,0.000000,0.000000,0.000000,0.000000,0.000000,0.000000,0.000000,0.000000,318.511414,499.645183,-368.953111,321.549263,508.525313,-356.600993,324.441053,508.650832,-356.610195,327.231462,508.694572,-356.617849,312.621314,507.904921,-358.432743,308.938248,507.658809,-358.509540,305.191105,507.311621,-358.530586,330.760255,505.337409,-259.651302,298.587603,503.302899,-269.604783,323.072934,489.981803,-331.381071,312.629129,489.659379,-334.164115,359.468427,456.023204,-179.596681,271.243918,450.705565,-177.047525,387.705268,401.703850,-157.531547,242.648635,392.998601,-141.480203,426.836959,362.755723,-262.051239,202.030047,354.773009,-218.274806,441.240125,353.044924,-283.671362,188.902324,343.733330,-236.579534,441.081371,355.248176,-318.932684,188.298543,346.603884,-273.762428,435.643693,357.648345,-278.831213,193.709295,349.585980,-235.694299,347.309231,343.242735,1.544868,295.363014,339.932168,-1.575877,346.755537,255.673805,-17.162489,291.360565,251.176026,-19.999190,360.458213,172.307078,94.246883,280.305944,167.569713,87.303814,356.817795,163.495621,98.469565,283.563214,159.175916,90.601889,368.668879,141.176524,-13.076183,274.159690,138.829509,-25.239169
0.000000,0.000000,0.000000,0.000000,0.000000,0.000000,0.000000,0.000000,0.000000,0.000000,0.000000,0.000000,0.000000,0.000000,0.000000,0.000000,0.000000,0.000000,0.000000,0.000000,0.000000,0.000000,0.000000,0.000000,0.000000,0.000000,0.000000,0.000000,0.000000,0.000000,0.000000,0.000000,0.000000,0.000000,0.000000,0.000000,0.000000,0.000000,0.000000,0.000000,0.000000,0.000000,0.000000,0.000000,0.000000,0.000000,0.000000,0.000000,0.000000,0.000000,0.000000,0.000000,317.067166,497.699538,-367.664613,320.087144,506.506475,-355.369330,322.974730,506.618311,-355.378400,325.742343,506.643335,-355.386170,311.201593,505.883261,-357.159851,307.534915,505.621605,-357.236794,303.805480,505.252952,-357.258210,329.268893,503.186585,-258.865864,297.250323,501.143400,-268.617680,321.621179,488.018665,-330.241715,311.226061,487.699627,-332.977934,357.879420,453.705519,-179.237968,270.031883,448.545459,-176.652793,386.016214,399.675115,-158.018936,241.604842,391.051530,-141.474607,424.934091,360.924998,-262.286970,201.274177,352.813894,-217.972993,439.285880,351.279846,-283.696104,188.331432,341.898430,-236.232763,439.143153,353.484852,-318.728824,187.576970,344.827793,-273.233259,433.694229,355.854338,-278.928099,192.961950,347.797775,-235.324521,345.757549,341.692561,1.555022,294.046180,338.364921,-1.586900,345.197474,254.528583,-17.644470,290.075125,250.003094,-19.527114,358.854069,171.576426,94.201932,279.029169,166.809407,87.865222,355.238050,162.864156,98.529272,282.208519,158.484818,91.179645,367.037964,140.606477,-12.596735,272.948348,138.225858,-24.160477
0.000000,0.000000,0.000000,0.000000,0.000000,0.000000,0.000000,0.000000,0.000000,0.000000,0.000000,0.000000,0.000000,0.000000,0.000000,0.000000,0.000000,0.000000,0.000000,0.000000,0.000000,0.000000,0.000000,0.000000,0.000000,0.000000,0.000000,0.000000,0.000000,0.000000,0.000000,0.000000,0.000000,0.000000,0.000000,0.000000,0.000000,0.000000,0.000000,0.000000,0.000000,0.000000,0.000000,0.000000,0.000000,0.000000,0.000000,0.000000,0.000000,0.000000,0.000000,0.000000,315.929563,496.138406,-366.767882,318.933403,504.879040,-354.501249,321.819370,504.978048,-354.510263,324.568145,504.985903,-354.518184,310.083754,504.255864,-356.259950,306.430882,503.979890,-356.336988,302.715952,503.591090,-356.358633,328.096144,501.432984,-258.311568,296.202577,499.381966,-267.901881,320.481086,486.433699,-329.437104,310.121717,486.118470,-332.141441,356.639700,451.726324,-179.078582,269.082744,446.723588,-176.493671,384.684269,397.905448,-158.576902,240.827827,389.346277,-141.733219,423.398297,359.283436,-262.554293,200.814630,351.027503,-217.945282,437.697571,349.682208,-283.789419,188.035743,340.207396,-236.183954,437.568883,351.882490,-318.626566,187.141844,343.181726,-273.023054,432.112055,354.229691,-279.074455,192.504940,346.144679,-235.235657,344.542635,340.392100,1.560536,293.015895,337.042542,-1.593384,343.999162,253.608475,-19.128395,289.055502,249.034558,-19.220986,357.600007,170.991888,93.246631,278.024218,166.207326,88.592661,354.002844,162.364159,97.678058,281.130832,157.935024,91.954836,365.755784,140.162834,-13.258771,272.000881,137.750974,-23.013526
0.000000,0.000000,0.000000,0.000000,0.000000,0.000000,0.000000,0.000000,0.000000,0.000000,0.000000,0.000000,0.000000,0.000000,0.000000,0.000000,0.000000,0.000000,0.000000,0.000000,0.000000,0.000000,0.000000,0.000000,0.000000,0.000000,0.000000,0.000000,0.000000,0.000000,0.000000,0.000000,0.000000,0.000000,0.000000,0.000000,0.000000,0.000000,0.000000,0.000000,0.000000,0.000000,0.000000,0.000000,0.000000,0.000000,0.000000,0.000000,0.000000,0.000000,0.000000,0.000000,315.098605,494.961786,-366.262919,318.088040,503.643009,-353.996752,320.974973,503.730043,-354.005784,323.708868,503.722275,-354.013893,309.267798,503.022730,-355.733041,305.626150,502.733663,-355.810122,301.922522,502.326035,-355.831857,327.242009,500.076605,-257.988412,295.444364,498.018595,-267.457388,319.652656,485.226905,-328.967237,309.316095,484.915907,-331.654639,355.749265,450.085621,-179.118523,268.396499,445.239955,-176.570160,383.709433,396.394849,-159.205447,240.317591,387.882841,-142.256038,422.229577,357.831038,-262.853206,200.651406,349.413835,-218.191673,436.475198,348.252010,-283.951308,188.015257,338.660229,-236.433109,436.358559,350.441091,-318.625910,186.993164,341.665682,-273.131813,430.897171,352.774404,-279.270281,192.338265,344.626694,-235.427705,343.664491,339.341352,1.561408,292.272157,335.965030,-1.595328,343.160601,252.913481,-21.614264,288.301695,248.270418,-19.080806,356.696028,170.553463,91.380979,277.291091,165.763469,89.486131,353.112178,161.995630,95.915924,280.330152,157.526534,92.927463,364.822339,139.845596,-15.062290,271.317288,137.404857,-21.798318
0.000000,0.000000,0.000000,0.000000,0.000000,0.000000,0.000000,0.000000,0.000000,0.000000,0.000000,0.000000,0.000000,0.000000,0.000000,0.000000,0.000000,0.000000,0.000000,0.000000,0.000000,0.000000,0.000000,0.000000,0.000000,0.000000,0.000000,0.000000,0.000000,0.000000,0.000000,0.000000,0.000000,0.000000,0.000000,0.000000,0.000000,0.000000,0.000000,0.000000,0.000000,0.000000,0.000000,0.000000,0.000000,0.000000,0.000000,0.000000,0.000000,0.000000,0.000000,0.000000,314.574292,494.169679,-366.149723,317.551055,502.798380,-353.855837,320.441539,502.874297,-353.864964,323.164511,502.852452,-353.873295,308.753724,502.183857,-355.579124,305.120719,501.882924,-355.656196,301.425190,501.457786,-355.677880,326.706488,499.117448,-257.896397,294.975686,497.053288,-267.284198,319.135890,484.398283,-328.832114,308.809196,484.091938,-331.517525,355.208117,448.783408,-179.357791,267.973150,444.094557,-176.882259,383.091705,395.143318,-159.904571,240.074133,386.661224,-143.043065,421.427930,356.567804,-263.183710,200.784505,347.972891,-218.712166,435.618761,346.989252,-284.181771,188.269974,337.256929,-236.980228,435.512181,349.160655,-318.726856,187.130931,340.279661,-273.559536,430.049577,351.488477,-279.515578,192.461925,343.243820,-235.900667,343.123117,338.540318,1.557640,291.814968,335.132387,-1.592732,342.681792,252.443600,-25.102078,287.813704,247.710673,-19.106576,356.142131,170.261151,88.604977,276.829789,165.477836,90.545632,352.566052,161.758569,93.242868,279.806479,157.259348,94.097524,364.237629,139.654761,-18.007294,270.897571,137.187507,-20.514851
0.000000,0.000000,0.000000,0.000000,0.000000,0.000000,0.000000,0.000000,0.000000,0.000000,0.000000,0.000000,0.000000,0.000000,0.000000,0.000000,0.000000,0.000000,0.000000,0.000000,0.000000,0.000000,0.000000,0.000000,0.000000,0.000000,0.000000,0.000000,0.000000,0.000000,0.000000,0.000000,0.000000,0.000000,0.000000,0.000000,0.000000,0.000000,0.000000,0.000000,0.000000,0.000000,0.000000,0.000000,0.000000,0.000000,0.000000,0.000000,0.000000,0.000000,0.000000,0.000000,314.356625,493.762086,-366.428296,317.322448,502.345155,-354.078505,320.219069,502.410808,-354.087803,322.935076,502.376433,-354.096392,308.541533,501.739247,-355.798198,304.914588,501.427674,-355.875209,301.223955,500.986344,-355.896704,326.489580,498.555514,-258.035523,294.796541,496.486046,-267.382313,318.930786,483.947833,-329.031736,308.601020,483.646563,-331.730101,355.016255,447.819687,-179.796386,267.812696,443.287397,-177.429969,382.831085,394.150856,-160.674272,240.097454,385.681424,-144.094300,420.993356,355.493732,-263.545805,201.213927,346.704670,-219.506761,435.128259,345.893933,-284.480807,188.799894,335.997496,-237.825309,435.029750,348.041181,-318.929405,187.555144,339.023664,-274.306222,429.569273,350.371910,-279.810345,192.875920,341.996056,-236.654542,342.918512,337.988996,1.549231,291.644326,334.544611,-1.585597,342.562735,252.198833,-29.591835,287.591530,247.355325,-19.298294,355.938317,170.114953,84.918625,276.640311,165.350429,91.771165,352.364466,161.652977,89.658891,279.559814,157.133467,95.465021,364.001655,139.590330,-22.093780,270.741728,137.098925,-19.163126
0.000000,0.000000,0.000000,0.000000,0.000000,0.000000,0.000000,0.000000,0.000000,0.000000,0.000000,0.000000,0.000000,0.000000,0.000000,0.000000,0.000000,0.000000,0.000000,0.000000,0.000000,0.000000,0.000000,0.000000,0.000000,0.000000,0.000000,0.000000,0.000000,0.000000,0.000000,0.000000,0.000000,0.000000,0.000000,0.000000,0.000000,0.000000,0.000000,0.000000,0.000000,0.000000,0.000000,0.000000,0.000000,0.000000,0.000000,0.000000,0.000000,0.000000,0.000000,0.000000,314.445602,493.739004,-367.098637,317.402220,502.283333,-354.664757,320.307561,502.339577,-354.674300,323.020561,502.294219,-354.683183,308.631225,501.688899,-356.390264,305.007759,501.367912,-356.467162,301.318817,500.911709,-356.488328,326.591285,498.390802,-258.405789,294.906930,496.316867,-267.751733,319.037345,483.875556,-329.566103,308.691567,483.579782,-332.292366,355.173680,447.194456,-180.434308,267.915137,442.818473,-178.213289,382.927575,393.417461,-161.514552,240.387553,384.943441,-145.409742,420.925856,354.608825,-263.939491,201.939672,345.609173,-220.575457,435.003694,344.966055,-284.848418,189.605016,334.881929,-238.968354,434.911266,347.082670,-319.233555,188.265804,337.897689,-275.371873,429.456259,349.424702,-280.154583,193.580250,340.883402,-237.689330,343.050677,337.687388,1.536180,291.760233,334.201702,-1.573922,342.803429,252.179180,-35.083536,287.635172,247.204373,-19.655962,356.084584,170.114868,80.321922,276.722658,165.381245,93.162729,352.507419,161.678852,85.163993,279.590156,157.148890,97.029952,364.114416,139.652304,-27.321751,270.849760,137.139110,-17.743143
0.000000,0.000000,0.000000,0.000000,0.000000,0.000000,0.000000,0.000000,0.000000,0.000000,0.000000,0.000000,0.000000,0.000000,0.000000,0.000000,0.000000,0.000000,0.000000,0.000000,0.000000,0.000000,0.000000,0.000000,0.000000,0.000000,0.000000,0.000000,0.000000,0.000000,0.000000,0.000000,0.000000,0.000000,0.000000,0.000000,0.000000,0.000000,0.000000,0.000000,0.000000,0.000000,0.000000,0.000000,0.000000,0.000000,0.000000,0.000000,0.000000,0.000000,0.000000,0.000000,314.841225,494.100436,-368.160745,317.790369,502.612914,-355.614590,320.707016,502.660605,-355.624455,323.420966,502.605809,-355.633668,309.022799,502.032813,-357.355322,305.400230,501.703638,-357.432055,301.709778,501.233881,-357.452752,327.011603,498.623313,-259.007196,295.306853,496.545753,-268.392457,319.455568,484.181450,-330.435214,309.080837,483.891596,-333.204321,355.680390,446.907717,-181.271557,268.280474,442.687786,-179.232219,383.381172,392.943134,-162.425410,240.944431,384.447277,-146.989392,421.225430,353.913080,-264.364767,202.961740,344.686399,-221.918256,435.245064,344.205616,-285.284602,190.685342,333.910229,-240.409362,435.156729,346.285122,-319.639308,189.262910,336.901738,-276.756488,429.710535,348.646855,-280.548290,194.574914,339.905859,-239.005031,343.519612,337.635493,1.518489,292.162688,334.103662,-1.557707,343.403874,252.384641,-41.577181,287.944630,247.257817,-20.179578,356.580934,170.260897,74.814870,277.076829,165.570286,94.720324,352.994913,161.836196,79.758174,279.897505,157.305617,98.792319,364.575911,139.840682,-33.691204,271.221666,137.308062,-16.254901
0.000000,0.000000,0.000000,0.000000,0.000000,0.000000,0.000000,0.000000,0.000000,0.000000,0.000000,0.000000,0.000000,0.000000,0.000000,0.000000,0.000000,0.000000,0.000000,0.000000,0.000000,0.000000,0.000000,0.000000,0.000000,0.000000,0.000000,0.000000,0.000000,0.000000,0.000000,0.000000,0.000000,0.000000,0.000000,0.000000,0.000000,0.000000,0.000000,0.000000,0.000000,0.000000,0.000000,0.000000,0.000000,0.000000,0.000000,0.000000,0.000000,0.000000,0.000000,0.000000,315.543492,494.846381,-369.614622,318.486896,503.333899,-356.928007,321.417435,503.373890,-356.938269,324.136293,503.311204,-356.947847,309.716256,502.770990,-358.693371,306.092002,502.434853,-358.769887,302.396836,501.952859,-358.789976,327.750535,499.253045,-259.839744,295.996309,497.172703,-269.304486,320.185453,484.865516,-331.639069,309.768829,484.582004,-334.465965,356.536387,446.959468,-182.308133,268.908705,442.895335,-180.486760,384.191879,392.727875,-163.406846,241.768087,384.192930,-148.833250,421.892077,353.406500,-264.821635,204.280131,343.936349,-223.535156,435.852371,343.612617,-285.789359,192.040870,333.082396,-242.148333,435.766138,345.648536,-320.146663,190.546462,336.035811,-278.460067,430.332102,348.038368,-280.991468,195.859914,339.063426,-240.601646,344.325316,337.833311,1.496157,292.851692,334.250488,-1.536953,344.364071,252.815215,-49.072771,288.519905,247.515657,-20.869142,357.427367,170.553039,68.397467,277.702824,165.917552,96.443950,353.826946,162.125008,73.441434,280.481861,157.603649,100.752121,365.386142,140.155463,-41.202142,271.857447,137.605782,-14.698402
0.000000,0.000000,0.000000,0.000000,0.000000,0.000000,0.000000,0.000000,0.000000,0.000000,0.000000,0.000000,0.000000,0.000000,0.000000,0.000000,0.000000,0.000000,0.000000,0.000000,0.000000,0.000000,0.000000,0.000000,0.000000,0.000000,0.000000,0.000000,0.000000,0.000000,0.000000,0.000000,0.000000,0.000000,0.000000,0.000000,0.000000,0.000000,0.000000,0.000000,0.000000,0.000000,0.000000,0.000000,0.000000,0.000000,0.000000,0.000000,0.000000,0.000000,0.000000,0.000000,316.552405,495.976838,-371.460266,319.491802,504.446286,-358.605007,322.438816,504.479434,-358.615742,325.166540,504.410403,-358.625720,310.711595,503.903428,-360.404412,307.083074,503.561556,-360.480660,303.379991,503.068644,-360.500000,328.808081,500.280000,-260.903432,296.975300,498.197717,-270.487819,321.227002,485.927754,-333.177669,310.755545,485.651006,-336.077298,357.741670,447.349710,-183.544037,269.799832,443.441121,-181.976912,385.359694,392.771684,-164.458860,242.858522,384.180401,-150.941316,422.925798,353.089082,-265.310093,205.894845,343.359022,-225.426159,436.825613,343.187058,-286.362691,193.671602,332.398429,-244.185267,436.739494,345.172913,-320.755621,192.116462,335.299907,-280.482610,431.320958,347.599241,-281.484116,197.435248,338.356103,-242.479173,345.467789,338.280842,1.469184,293.827243,334.642183,-1.511659,345.684019,253.470904,-57.570304,289.360996,247.977893,-21.724656,358.623881,170.991294,61.069713,278.600644,166.423042,98.333607,355.003519,162.545289,66.213773,281.343225,158.042985,102.909359,366.545109,140.596649,-49.854563,272.757103,138.032268,-13.073644
0.000000,0.000000,0.000000,0.000000,0.000000,0.000000,0.000000,0.000000,0.000000,0.000000,0.000000,0.000000,0.000000,0.000000,0.000000,0.000000,0.000000,0.000000,0.000000,0.000000,0.000000,0.000000,0.000000,0.000000,0.000000,0.000000,0.000000,0.000000,0.000000,0.000000,0.000000,0.000000,0.000000,0.000000,0.000000,0.000000,0.000000,0.000000,0.000000,0.000000,0.000000,0.000000,0.000000,0.000000,0.000000,0.000000,0.000000,0.000000,0.000000,0.000000,0.000000,0.000000,317.867962,497.491808,-373.697678,320.805085,505.950077,-360.645589,323.771161,505.977235,-360.656873,326.511708,505.903407,-360.667287,312.008818,505.430129,-362.488445,308.373447,505.083747,-362.564371,304.659245,504.581236,-362.582825,330.184239,501.704178,-262.198262,298.243824,499.620795,-271.942456,322.580213,487.368165,-335.051013,312.040983,487.098603,-338.038321,359.296239,448.078443,-184.979267,270.953854,444.325144,-183.702673,386.884617,393.074562,-165.581453,244.215735,384.409689,-153.313590,424.326592,352.960829,-265.830142,207.805882,342.954418,-227.591263,438.164791,342.928939,-287.004596,195.577536,331.858329,-246.520165,438.076796,344.858252,-321.466180,193.972907,334.694026,-282.824116,432.677105,347.329473,-282.026235,199.300917,337.783891,-244.637614,346.947033,338.978086,1.437570,295.089342,335.278745,-1.481826,347.363718,254.351706,-67.069781,290.467903,248.644525,-22.746118,360.170478,171.575663,52.831610,279.770289,167.086757,100.389296,356.524631,163.097038,58.075190,282.481596,158.623625,105.264031,368.052810,141.164239,-59.648468,273.920634,138.587522,-11.380628
0.000000,0.000000,0.000000,0.000000,0.000000,0.000000,0.000000,0.000000,0.000000,0.000000,0.000000,0.000000,0.000000,0.000000,0.000000,0.000000,0.000000,0.000000,0.000000,0.000000,0.000000,0.000000,0.000000,0.000000,0.000000,0.000000,0.000000,0.000000,0.000000,0.000000,0.000000,0.000000,0.000000,0.000000,0.000000,0.000000,0.000000,0.000000,0.000000,0.000000,0.000000,0.000000,0.000000,0.000000,0.000000,0.000000,0.000000,0.000000,0.000000,0.000000,0.000000,0.000000,319.490165,499.391291,-376.326858,322.426747,507.845271,-363.049754,325.414469,507.867295,-363.061663,328.171796,507.790215,-363.072548,313.607923,507.351093,-364.945469,309.963121,507.001426,-365.021023,306.234595,506.490634,-365.038449,331.879011,503.525577,-263.724231,299.801882,501.441937,-273.668399,324.245087,489.186747,-337.259102,313.625144,488.924793,-340.349033,361.200094,449.145668,-186.613824,272.370771,445.547403,-185.664045,388.766649,393.636507,-166.774624,245.839727,384.880795,-155.950071,426.094460,353.021738,-266.381782,210.013242,342.722538,-230.030470,439.869905,342.838260,-287.715075,197.758674,331.462096,-249.153026,439.778046,344.704554,-322.278342,196.115799,334.218168,-285.484587,434.400542,347.229066,-282.617823,201.456921,337.346789,-247.076968,348.763045,339.925043,1.401315,296.637990,336.160175,-1.447453,349.403170,255.457622,-77.571203,291.840626,249.515553,-23.933530,362.067158,172.306145,43.683156,281.211758,167.908696,102.611016,358.390284,163.780254,49.025687,283.896974,159.345570,107.816138,369.909247,141.858233,-70.583857,275.348039,139.271543,-9.619354
0.000000,0.000000,0.000000,0.000000,0.000000,0.000000,0.000000,0.000000,0.000000,0.000000,0.000000,0.000000,0.000000,0.000000,0.000000,0.000000,0.000000,0.000000,0.000000,0.000000,0.000000,0.000000,0.000000,0.000000,0.000000,0.000000,0.000000,0.000000,0.000000,0.000000,0.000000,0.000000,0.000000,0.000000,0.000000,0.000000,0.000000,0.000000,0.000000,0.000000,0.000000,0.000000,0.000000,0.000000,0.000000,0.000000,0.000000,0.000000,0.000000,0.000000,0.000000,0.000000,321.419013,501.675287,-379.347807,324.356786,510.131868,-365.817502,327.368739,510.149613,-365.830111,330.146806,510.070828,-365.841504,315.508910,509.666318,-367.775485,311.852096,509.314594,-367.850614,308.106044,508.796840,-367.866874,333.892397,505.744199,-265.481342,301.649474,503.661143,-275.665645,326.221625,491.383502,-339.801935,315.508029,491.129578,-343.009434,363.453236,450.551383,-188.447708,274.050584,447.107898,-187.861028,391.005790,394.457520,-168.038373,247.730497,385.593719,-158.850760,428.229402,353.271812,-266.965012,212.516925,342.663382,-232.743778,441.940955,342.915020,-288.494128,200.215014,331.209729,-252.083850,441.843241,344.711819,-323.192106,198.545138,333.872333,-288.464022,436.491268,347.298019,-283.258882,203.903259,337.044797,-249.797236,350.915828,341.121714,1.360420,298.473186,337.286472,-1.408540,351.802372,256.788651,-89.074568,293.479166,250.590977,-25.286890,364.313919,173.182741,33.624352,282.925051,168.888859,104.998767,360.600476,164.594940,39.065263,285.589359,160.208818,110.565681,372.114419,142.678631,-82.660729,277.039319,140.084331,-7.789822
0.000000,0.000000,0.000000,0.000000,0.000000,0.000000,0.000000,0.000000,0.000000,0.000000,0.000000,0.000000,0.000000,0.000000,0.000000,0.000000,0.000000,0.000000,0.000000,0.000000,0.000000,0.000000,0.000000,0.000000,0.000000,0.000000,0.000000,0.000000,0.000000,0.000000,0.000000,0.000000,0.000000,0.000000,0.000000,0.000000,0.000000,0.000000,0.000000,0.000000,0.000000,0.000000,0.000000,0.000000,0.000000,0.000000,0.000000,0.000000,0.000000,0.000000,0.000000,0.000000,320.102118,498.576207,-378.556992,323.009628,506.931729,-364.581804,326.013528,506.923494,-364.594780,328.786547,506.820099,-364.603537,314.238016,506.502219,-366.532704,310.608051,506.138150,-366.602174,306.887871,505.608371,-366.613170,332.534956,502.373675,-264.633108,300.465544,500.321554,-274.921380,324.905443,488.218501,-339.161519,314.204402,488.014548,-342.507770,362.048599,447.003165,-188.640557,272.972351,443.518457,-188.732428,389.221530,390.787660,-167.542808,247.369702,382.020568,-161.251626,425.907796,349.325816,-264.954081,213.085987,338.802499,-234.047596,439.329687,338.902458,-286.373579,200.830024,327.030744,-253.398063,439.214141,340.603565,-320.770101,199.246352,329.527538,-289.285132,434.028307,343.221363,-281.082605,204.570826,332.768040,-250.837397,349.558279,338.667150,1.354748,297.334646,334.774473,-1.405380,350.783087,255.617782,-101.052143,292.088578,249.000933,-25.934505,362.900187,172.202930,17.990560,281.809765,168.152924,105.866758,359.173827,163.671413,23.068549,284.569186,159.497245,111.677215,370.623599,142.138484,-100.105181,275.866266,139.565201,-6.123414
0.000000,0.000000,0.000000,0.000000,0.000000,0.000000,0.000000,0.000000,0.000000,0.000000,0.000000,0.000000,0.000000,0.000000,0.000000,0.000000,0.000000,0.000000,0.000000,0.000000,0.000000,0.000000,0.000000,0.000000,0.000000,0.000000,0.000000,0.000000,0.000000,0.000000,0.000000,0.000000,0.000000,0.000000,0.000000,0.000000,0.000000,0.000000,0.000000,0.000000,0.000000,0.000000,0.000000,0.000000,0.000000,0.000000,0.000000,0.000000,0.000000,0.000000,0.000000,0.000000,320.740165,498.382755,-378.004048,323.645525,506.722278,-363.560745,326.657184,506.701951,-363.575374,329.437607,506.585322,-363.584995,314.883158,506.320186,-365.557107,311.255008,505.953446,-365.626619,307.532101,505.421777,-365.638801,333.212575,502.046342,-263.449159,301.106658,500.063545,-273.871809,325.571188,487.989704,-338.769115,314.803287,487.814599,-342.163347,362.836360,446.235122,-188.746865,273.543657,442.750249,-188.623091,389.683600,389.674302,-167.832180,248.369281,380.658650,-161.767021,425.923608,347.679632,-264.349474,214.840372,336.944917,-233.657470,439.183218,337.099394,-285.958292,202.600617,324.991629,-252.966143,438.974313,338.721470,-320.042506,201.170734,327.308493,-288.655558,433.846136,341.444475,-280.372506,206.403512,330.606118,-250.298884,350.313926,338.043058,1.234417,297.973637,334.105253,-1.288627,351.875183,255.688126,-114.844052,292.444220,248.888096,-29.075464,363.686384,172.272991,5.050134,282.397883,168.455347,106.821635,359.935083,163.728805,10.137918,285.197999,159.732605,113.100236,371.349180,142.392546,-114.369556,276.430904,139.818858,-4.696937
0.000000,0.000000,0.000000,0.000000,0.000000,0.000000,0.000000,0.000000,0.000000,0.000000,0.000000,0.000000,0.000000,0.000000,0.000000,0.000000,0.000000,0.000000,0.000000,0.000000,0.000000,0.000000,0.000000,0.000000,0.000000,0.000000,0.000000,0.000000,0.000000,0.000000,0.000000,0.000000,0.000000,0.000000,0.000000,0.000000,0.000000,0.000000,0.000000,0.000000,0.000000,0.000000,0.000000,0.000000,0.000000,0.000000,0.000000,0.000000,0.000000,0.000000,0.000000,0.000000,321.290350,498.030586,-377.306120,324.196862,506.348180,-362.439288,327.214779,506.316083,-362.455485,330.001155,506.186727,-362.465998,315.442274,505.973082,-364.475148,311.815262,505.604584,-364.544815,308.090447,505.071716,-364.558302,333.800046,501.560587,-262.214788,301.664020,499.644990,-272.752745,326.145220,487.605443,-338.243457,315.317602,487.453575,-341.674726,363.518825,445.357679,-188.782801,274.046951,441.863386,-188.371637,390.036607,388.474623,-168.063652,249.301415,379.247227,-162.071012,425.802950,345.966227,-263.793613,216.425672,335.156445,-233.306403,438.911263,335.242376,-285.601990,204.184215,323.060105,-252.611209,438.614891,336.787336,-319.378099,202.885755,325.231730,-288.130904,433.535942,339.609050,-279.712926,208.043575,328.577176,-249.826271,350.971445,337.294598,1.112479,298.530718,333.325731,-1.170119,352.862650,255.585701,-126.710157,292.738346,248.653078,-31.824572,364.369947,172.308229,-5.454982,282.905657,168.711134,108.118137,360.594915,163.759221,-0.295969,285.744586,159.937374,114.859654,371.980386,142.600368,-125.832226,276.916221,140.040881,-2.862674
0.000000,0.000000,0.000000,0.000000,0.000000,0.000000,0.000000,0.000000,0.000000,0.000000,0.000000,0.000000,0.000000,0.000000,0.000000,0.000000,0.000000,0.000000,0.000000,0.000000,0.000000,0.000000,0.000000,0.000000,0.000000,0.000000,0.000000,0.000000,0.000000,0.000000,0.000000,0.000000,0.000000,0.000000,0.000000,0.000000,0.000000,0.000000,0.000000,0.000000,0.000000,0.000000,0.000000,0.000000,0.000000,0.000000,0.000000,0.000000,0.000000,0.000000,0.000000,0.000000,321.752670,497.519700,-376.463207,324.663639,505.809433,-361.217432,327.686313,505.765890,-361.235112,330.477190,505.624313,-361.246544,315.915365,505.460907,-363.286829,312.288813,505.091564,-363.356761,308.562907,504.558190,-363.371673,334.297371,500.916412,-260.929995,302.137629,499.065889,-271.564187,326.627541,487.065716,-337.584546,315.747347,486.931477,-341.041906,364.095995,444.370838,-188.748365,274.482233,440.857869,-187.978066,390.280551,387.188624,-168.237226,250.166105,377.786298,-162.163599,425.545821,344.185601,-263.286499,217.841889,333.437083,-232.994394,438.513822,333.331404,-285.304675,205.580817,321.236171,-252.333261,438.135876,334.801164,-318.776880,204.391414,323.297248,-287.711171,433.097724,337.715086,-279.103865,209.491016,326.681212,-249.419558,351.530837,336.421771,0.988935,299.005890,332.435906,-1.049856,353.745488,255.310506,-136.650459,292.970956,248.295878,-34.181829,364.950876,172.308645,-13.524787,283.333088,168.920285,109.756265,361.153323,163.762662,-8.233112,286.208946,160.111552,116.955470,372.517215,142.761949,-134.493192,277.322216,140.231269,-0.620624
0.000000,0.000000,0.000000,0.000000,0.000000,0.000000,0.000000,0.000000,0.000000,0.000000,0.000000,0.000000,0.000000,0.000000,0.000000,0.000000,0.000000,0.000000,0.000000,0.000000,0.000000,0.000000,0.000000,0.000000,0.000000,0.000000,0.000000,0.000000,0.000000,0.000000,0.000000,0.000000,0.000000,0.000000,0.000000,0.000000,0.000000,0.000000,0.000000,0.000000,0.000000,0.000000,0.000000,0.000000,0.000000,0.000000,0.000000,0.000000,0.000000,0.000000,0.000000,0.000000,322.127127,496.850098,-375.475310,325.045857,505.106039,-359.895177,328.071786,505.051370,-359.914256,330.865713,504.898082,-359.926633,316.302430,504.783660,-361.992148,312.675662,504.414386,-362.062458,308.949482,503.881198,-362.078914,334.704549,500.113816,-259.594780,302.527486,498.326241,-270.306135,327.018151,486.370525,-336.792379,316.092523,486.248305,-340.264888,364.567871,443.274598,-188.643557,274.849502,439.733696,-187.442379,390.415433,385.816304,-168.352901,250.963350,376.275864,-162.044783,425.152222,342.337754,-262.828131,219.089022,331.786831,-232.721443,437.990895,331.366477,-285.066345,206.790424,319.519828,-252.132300,437.537266,332.762952,-318.238850,205.687711,321.505049,-287.396359,432.531483,335.762583,-278.545323,210.745835,324.918227,-249.078744,351.992101,335.424577,0.863785,299.399151,331.435779,-0.927839,354.523696,254.862540,-144.664958,293.142050,247.816497,-36.147235,365.429171,172.274238,-19.159281,283.680176,169.082801,111.736019,361.610306,163.739126,-13.673511,286.591079,160.255139,119.387684,372.959669,142.877289,-140.352453,277.648889,140.390023,2.029211
0.000000,0.000000,0.000000,0.000000,0.000000,0.000000,0.000000,0.000000,0.000000,0.000000,0.000000,0.000000,0.000000,0.000000,0.000000,0.000000,0.000000,0.000000,0.000000,0.000000,0.000000,0.000000,0.000000,0.000000,0.000000,0.000000,0.000000,0.000000,0.000000,0.000000,0.000000,0.000000,0.000000,0.000000,0.000000,0.000000,0.000000,0.000000,0.000000,0.000000,0.000000,0.000000,0.000000,0.000000,0.000000,0.000000,0.000000,0.000000,0.000000,0.000000,0.000000,0.000000,322.413721,496.021778,-374.342427,325.343516,504.237997,-358.472524,328.371198,504.172525,-358.492917,331.166724,504.008033,-358.506267,316.603471,503.941343,-360.591106,312.975807,503.573049,-360.661906,309.250173,503.040740,-360.680025,335.021580,499.152799,-258.209143,302.833591,497.426048,-268.978589,327.317049,485.519870,-335.866959,316.353128,485.404059,-339.343672,364.934451,442.068960,-188.468377,275.148758,438.490868,-186.764576,390.441252,384.357664,-168.410678,251.693150,374.715924,-161.714562,424.622152,340.422686,-262.418511,220.167071,330.205690,-232.487550,437.342483,329.347595,-284.887001,207.813036,317.911075,-252.008326,436.819064,330.672701,-317.764008,206.774647,319.855132,-287.186467,431.837219,333.751543,-278.037300,211.808032,323.288221,-248.803830,352.355237,334.303015,0.737030,299.710503,330.325349,-0.804068,355.197276,254.241804,-150.753653,293.251628,247.214934,-37.720789,365.804832,172.205008,-22.358465,283.946920,169.198682,114.057398,361.965865,163.688615,-16.617166,286.890985,160.368135,122.156295,373.307746,142.946389,-143.410010,277.896239,140.517142,5.086833
0.000000,0.000000,0.000000,0.000000,0.000000,0.000000,0.000000,0.000000,0.000000,0.000000,0.000000,0.000000,0.000000,0.000000,0.000000,0.000000,0.000000,0.000000,0.000000,0.000000,0.000000,0.000000,0.000000,0.000000,0.000000,0.000000,0.000000,0.000000,0.000000,0.000000,0.000000,0.000000,0.000000,0.000000,0.000000,0.000000,0.000000,0.000000,0.000000,0.000000,0.000000,0.000000,0.000000,0.000000,0.000000,0.000000,0.000000,0.000000,0.000000,0.000000,0.000000,0.000000,322.612450,495.034742,-373.064560,325.556616,503.205307,-356.949471,328.584549,503.129354,-356.971095,331.380222,502.954165,-356.985444,316.818486,502.933955,-359.083703,313.189250,502.567555,-359.155105,309.464978,502.036815,-359.175006,335.248465,498.033360,-256.773084,303.055944,496.365308,-267.581549,327.524235,484.513749,-334.808284,316.529164,484.398738,-338.278256,365.195736,440.753922,-188.222824,275.380002,437.129384,-185.944656,390.358009,382.812703,-168.410556,252.355506,373.106479,-161.172938,423.955612,338.440397,-262.057637,221.076036,328.693659,-232.292716,436.568585,327.274759,-284.766643,208.648653,316.409913,-251.961338,435.981267,328.530412,-317.352355,207.652221,318.347497,-287.081495,431.014932,331.681965,-277.579797,212.677607,321.791193,-248.594815,352.620246,333.057086,0.608668,299.939945,329.104617,-0.678542,355.766226,253.448298,-154.916545,293.299690,246.491189,-38.902492,366.077859,172.100956,-23.122338,284.133322,169.267927,116.720403,362.219999,163.611128,-17.064078,287.108665,160.450541,125.261304,373.561448,142.969247,-143.665862,278.064268,140.612627,8.552240
0.000000,0.000000,0.000000,0.000000,0.000000,0.000000,0.000000,0.000000,0.000000,0.000000,0.000000,0.000000,0.000000,0.000000,0.000000,0.000000,0.000000,0.000000,0.000000,0.000000,0.000000,0.000000,0.000000,0.000000,0.000000,0.000000,0.000000,0.000000,0.000000,0.000000,0.000000,0.000000,0.000000,0.000000,0.000000,0.000000,0.000000,0.000000,0.000000,0.000000,0.000000,0.000000,0.000000,0.000000,0.000000,0.000000,0.000000,0.000000,0.000000,0.000000,0.000000,0.000000,322.723317,493.888989,-371.641708,325.685156,502.007969,-355.326020,328.711840,501.921857,-355.348790,331.506208,501.736479,-355.364165,316.947476,501.761496,-357.469939,313.315990,501.397902,-357.542054,309.593899,500.869425,-357.563857,335.385202,496.755501,-255.286603,303.194544,495.144022,-266.115015,327.639710,483.352164,-333.616355,316.620631,483.232343,-337.068643,365.351725,439.329486,-187.906900,275.543234,435.649246,-184.982620,390.165704,381.181422,-168.352535,252.950417,371.447528,-160.419911,423.152602,336.390887,-261.745510,221.815917,327.250738,-232.136939,435.669201,325.147969,-284.705270,209.297274,315.016341,-251.991336,435.023877,326.336083,-317.003890,208.320433,316.982144,-287.081444,430.064622,329.553848,-277.172813,213.354559,320.427144,-248.451700,352.787127,331.686789,0.478700,300.087477,327.773582,-0.551262,356.230548,252.482022,-157.153633,293.286236,245.645263,-39.692344,366.248251,171.962081,-21.450899,284.239380,169.290537,119.725033,362.372708,163.506665,-15.014245,287.244118,160.502356,128.702711,373.720773,142.945865,-141.120010,278.152975,140.676478,12.425433
0.000000,0.000000,0.000000,0.000000,0.000000,0.000000,0.000000,0.000000,0.000000,0.000000,0.000000,0.000000,0.000000,0.000000,0.000000,0.000000,0.000000,0.000000,0.000000,0.000000,0.000000,0.000000,0.000000,0.000000,0.000000,0.000000,0.000000,0.000000,0.000000,0.000000,0.000000,0.000000,0.000000,0.000000,0.000000,0.000000,0.000000,0.000000,0.000000,0.000000,0.000000,0.000000,0.000000,0.000000,0.000000,0.000000,0.000000,0.000000,0.000000,0.000000,0.000000,0.000000,322.746319,492.584519,-370.073871,325.729136,500.645984,-353.602169,328.753070,500.550034,-353.626001,331.544682,500.354975,-353.642429,316.990441,500.423966,-355.749813,313.356027,500.064091,-355.822755,309.636935,499.538569,-355.846577,335.431793,495.319221,-253.749700,303.249391,493.762190,-264.578987,327.663473,482.035115,-332.291171,316.627527,481.904874,-335.714831,365.402420,437.795651,-187.520603,275.638453,434.050453,-183.878468,389.864335,379.463820,-168.236615,253.477884,369.739072,-159.455479,422.213120,334.274157,-261.482130,222.386715,325.876928,-232.020220,434.644331,322.967224,-284.702883,209.758900,313.730359,-252.098321,433.946893,324.089715,-316.718613,208.779283,315.759074,-287.186313,428.986288,327.367193,-276.816348,213.838889,319.196074,-248.374485,352.855880,330.192125,0.347126,300.153099,326.332245,-0.422227,356.590240,251.342976,-157.464918,293.211266,244.677155,-40.090345,366.316010,171.788383,-17.344151,284.265095,169.266511,123.071288,362.423993,163.375227,-10.467668,287.297345,160.523580,132.480515,373.785723,142.876242,-135.772454,278.162361,140.708695,16.706412
0.000000,0.000000,0.000000,0.000000,0.000000,0.000000,0.000000,0.000000,0.000000,0.000000,0.000000,0.000000,0.000000,0.000000,0.000000,0.000000,0.000000,0.000000,0.000000,0.000000,0.000000,0.000000,0.000000,0.000000,0.000000,0.000000,0.000000,0.000000,0.000000,0.000000,0.000000,0.000000,0.000000,0.000000,0.000000,0.000000,0.000000,0.000000,0.000000,0.000000,0.000000,0.000000,0.000000,0.000000,0.000000,0.000000,0.000000,0.000000,0.000000,0.000000,0.000000,0.000000,322.681458,491.121332,-368.361050,325.688558,499.119350,-351.777920,328.708239,499.013885,-351.802730,331.495643,498.809653,-351.820238,316.947380,498.921365,-353.923326,313.309361,498.566122,-353.997206,309.594086,498.044247,-354.023168,335.388237,493.724520,-252.162376,303.220487,492.219811,-262.973465,327.595525,480.562600,-330.832733,316.549854,480.416331,-334.216821,365.347820,436.152418,-187.063935,275.665660,432.333005,-182.632199,389.453905,377.659898,-168.062797,253.937906,367.981110,-158.279644,421.137169,332.090205,-261.267496,222.788429,324.572228,-231.942560,433.493976,320.732525,-284.759482,210.033531,312.551968,-252.282292,432.750316,321.791308,-316.496525,209.028772,314.678285,-287.396103,427.779931,325.122001,-276.510402,214.130598,318.097982,-248.363169,352.826505,328.573093,0.213946,300.136811,324.780606,-0.291438,356.845304,250.031160,-155.850399,293.074779,243.586866,-40.096495,366.281135,171.579863,-10.802091,284.210466,169.195850,126.759169,362.373854,163.216812,-3.424347,287.268345,160.514213,136.594717,373.756296,142.760378,-127.623192,278.092424,140.709277,21.395177
0.000000,0.000000,0.000000,0.000000,0.000000,0.000000,0.000000,0.000000,0.000000,0.000000,0.000000,0.000000,0.000000,0.000000,0.000000,0.000000,0.000000,0.000000,0.000000,0.000000,0.000000,0.000000,0.000000,0.000000,0.000000,0.000000,0.000000,0.000000,0.000000,0.000000,0.000000,0.000000,0.000000,0.000000,0.000000,0.000000,0.000000,0.000000,0.000000,0.000000,0.000000,0.000000,0.000000,0.000000,0.000000,0.000000,0.000000,0.000000,0.000000,0.000000,0.000000,0.000000,322.528733,489.499428,-366.503244,325.563419,497.428069,-349.853272,328.577347,497.313411,-349.878975,331.359092,497.100513,-349.897590,316.818295,497.253693,-351.990479,313.175992,496.903995,-352.065408,309.465352,496.386459,-352.093629,335.254534,491.971398,-250.524629,303.107830,490.516887,-261.298450,327.435865,478.934621,-329.241041,316.387611,478.766714,-332.574612,365.187924,434.399785,-186.536894,275.624854,430.496902,-181.243813,388.934411,375.769655,-167.831080,254.330483,366.173643,-156.892405,419.924747,329.839033,-261.101610,223.021059,323.336639,-231.903957,432.218134,318.443871,-284.875067,210.121167,311.481167,-252.543250,431.434145,319.440862,-316.337626,209.068899,313.739778,-287.710814,426.445551,322.818270,-276.254976,214.229684,317.132870,-248.417753,352.699003,326.829694,0.079161,300.038614,323.118664,-0.158895,356.995738,248.546574,-152.310076,292.876777,242.374395,-39.710794,366.143626,171.336520,-1.824721,284.075494,169.078553,130.788676,362.222290,163.031422,6.115717,287.157118,160.474255,141.045317,373.632494,142.598274,-116.672227,277.943165,140.678225,26.491728
0.000000,0.000000,0.000000,0.000000,0.000000,0.000000,0.000000,0.000000,0.000000,0.000000,0.000000,0.000000,0.000000,0.000000,0.000000,0.000000,0.000000,0.000000,0.000000,0.000000,0.000000,0.000000,0.000000,0.000000,0.000000,0.000000,0.000000,0.000000,0.000000,0.000000,0.000000,0.000000,0.000000,0.000000,0.000000,0.000000,0.000000,0.000000,0.000000,0.000000,0.000000,0.000000,0.000000,0.000000,0.000000,0.000000,0.000000,0.000000,0.000000,0.000000,0.000000,0.000000,322.288145,487.718808,-364.500453,325.353722,495.572140,-347.828225,328.360394,495.448610,-347.854737,331.135028,495.227555,-347.874485,316.603184,495.420950,-349.951269,312.955921,495.077710,-350.027360,309.250733,494.565206,-350.057960,335.030684,490.059855,-248.836460,302.911421,488.653416,-259.553940,327.184493,477.151177,-327.516095,316.140799,476.956022,-330.788205,364.922733,432.537754,-185.939481,275.516036,428.542144,-179.713311,388.305856,373.793092,-167.541465,254.655616,364.316670,-155.293762,418.575854,327.520640,-260.984470,223.084605,322.170159,-231.904413,430.816807,316.101263,-285.049637,210.021808,310.517957,-252.881194,429.998381,317.038378,-316.241915,208.899664,312.943554,-288.130445,424.983147,320.456000,-276.050069,214.136147,316.300735,-248.538236,352.473373,324.961927,-0.057231,299.858507,321.346420,-0.024597,357.041543,246.889217,-146.843950,292.617259,241.039743,-38.933241,365.903482,171.058355,9.587961,283.860179,168.914621,135.159808,361.969301,162.819056,18.152526,286.963665,160.403706,145.832314,373.414315,142.389928,-102.919557,277.714584,140.615538,31.996066
0.000000,0.000000,0.000000,0.000000,0.000000,0.000000,0.000000,0.000000,0.000000,0.000000,0.000000,0.000000,0.000000,0.000000,0.000000,0.000000,0.000000,0.000000,0.000000,0.000000,0.000000,0.000000,0.000000,0.000000,0.000000,0.000000,0.000000,0.000000,0.000000,0.000000,0.000000,0.000000,0.000000,0.000000,0.000000,0.000000,0.000000,0.000000,0.000000,0.000000,0.000000,0.000000,0.000000,0.000000,0.000000,0.000000,0.000000,0.000000,0.000000,0.000000,0.000000,0.000000,321.959693,485.779470,-362.352677,325.059465,493.551563,-345.702779,328.057380,493.419484,-345.730016,330.823452,493.190778,-345.750925,316.302048,493.423136,-347.805699,312.649146,493.087267,-347.883063,308.950229,492.580486,-347.916160,334.716687,487.989891,-247.097869,302.631259,486.629399,-257.739937,326.841410,475.212269,-325.657894,315.809416,474.984256,-328.857599,364.552247,430.566324,-185.271696,275.339205,426.468731,-178.040693,387.568237,371.730208,-167.193950,254.913304,362.410192,-153.483715,417.090491,325.135026,-260.916076,222.979067,321.072790,-231.943926,429.289995,313.704700,-285.283194,209.735453,309.662337,-253.296124,428.443022,314.583854,-316.209392,208.521068,312.289611,-288.654997,423.392720,318.035193,-275.895681,213.849989,315.601580,-248.724619,352.149615,322.969793,-0.195229,299.596490,319.463873,0.111455,356.982719,245.059091,-139.452021,292.296224,239.582909,-37.763838,365.560705,170.745367,23.435952,283.564521,168.704053,139.872566,361.614888,162.579715,32.686078,286.687985,160.302567,150.955709,373.101761,142.135342,-86.365182,277.406682,140.521217,37.908189
0.000000,0.000000,0.000000,0.000000,0.000000,0.000000,0.000000,0.000000,0.000000,0.000000,0.000000,0.000000,0.000000,0.000000,0.000000,0.000000,0.000000,0.000000,0.000000,0.000000,0.000000,0.000000,0.000000,0.000000,0.000000,0.000000,0.000000,0.000000,0.000000,0.000000,0.000000,0.000000,0.000000,0.000000,0.000000,0.000000,0.000000,0.000000,0.000000,0.000000,0.000000,0.000000,0.000000,0.000000,0.000000,0.000000,0.000000,0.000000,0.000000,0.000000,0.000000,0.000000,321.543377,483.681416,-360.059917,324.680648,491.366339,-343.476934,327.668305,491.226033,-343.504811,330.424363,490.990184,-343.526908,315.914887,491.260251,-345.553767,312.255669,490.932665,-345.632517,308.563840,490.432300,-345.668231,334.312544,485.761506,-245.308856,302.267345,484.444835,-255.856440,326.406615,473.117895,-323.666439,315.393464,472.851416,-326.782795,364.076466,428.485496,-184.533539,275.094362,424.276662,-176.225958,386.721557,369.581004,-166.788537,255.103547,360.454208,-151.462264,415.468658,322.682191,-260.896430,222.704446,320.044532,-232.022498,427.637696,311.254183,-285.575736,209.262103,308.914308,-253.788041,426.768070,312.077291,-316.240058,207.933110,311.777951,-289.284469,421.674270,315.555848,-275.791813,213.371209,315.035403,-248.976902,351.727730,320.853291,-0.334833,299.252563,317.471023,0.249262,356.819267,243.056194,-130.134288,291.913674,238.003893,-36.202583,365.115294,170.397557,39.719255,283.188519,168.446850,144.926949,361.159051,162.313397,49.716375,286.330078,160.170837,156.415502,372.694830,141.834515,-67.009103,277.019458,140.395262,44.228098
0.000000,0.000000,0.000000,0.000000,0.000000,0.000000,0.000000,0.000000,0.000000,0.000000,0.000000,0.000000,0.000000,0.000000,0.000000,0.000000,0.000000,0.000000,0.000000,0.000000,0.000000,0.000000,0.000000,0.000000,0.000000,0.000000,0.000000,0.000000,0.000000,0.000000,0.000000,0.000000,0.000000,0.000000,0.000000,0.000000,0.000000,0.000000,0.000000,0.000000,0.000000,0.000000,0.000000,0.000000,0.000000,0.000000,0.000000,0.000000,0.000000,0.000000,0.000000,0.000000,321.039198,481.424645,-357.622171,324.217273,489.016466,-341.150691,327.193170,488.868255,-341.179124,329.937762,488.625771,-341.202435,315.441700,488.932294,-343.195475,311.775489,488.613905,-343.275722,308.091567,488.120649,-343.314172,333.818253,483.374700,-243.469422,301.819679,482.099726,-253.903448,325.880109,470.868057,-321.541730,314.892942,470.557502,-324.563792,363.495390,426.295268,-183.725010,274.781506,421.965939,-174.269107,385.765813,367.345480,-166.325226,255.226346,358.448719,-149.229410,413.710354,320.162135,-260.925530,222.260741,319.085384,-232.140128,425.859912,308.749712,-285.927263,208.601757,308.273869,-254.356945,424.973525,309.518689,-316.333912,207.135790,311.408572,-290.018861,419.827797,313.017964,-275.738463,212.699806,314.602205,-249.295084,351.207716,318.612422,-0.476043,298.826726,315.367872,0.388823,356.551185,240.880528,-118.890752,291.469607,236.302696,-34.249477,364.567248,170.014923,58.437869,282.732175,168.143011,150.322958,360.601789,162.020104,69.243415,285.889945,160.008515,162.211692,372.193523,141.487447,-44.851319,276.552911,140.237672,50.955792
0.000000,0.000000,0.000000,0.000000,0.000000,0.000000,0.000000,0.000000,0.000000,0.000000,0.000000,0.000000,0.000000,0.000000,0.000000,0.000000,0.000000,0.000000,0.000000,0.000000,0.000000,0.000000,0.000000,0.000000,0.000000,0.000000,0.000000,0.000000,0.000000,0.000000,0.000000,0.000000,0.000000,0.000000,0.000000,0.000000,0.000000,0.000000,0.000000,0.000000,0.000000,0.000000,0.000000,0.000000,0.000000,0.000000,0.000000,0.000000,0.000000,0.000000,0.000000,0.000000,320.447155,479.009157,-355.039441,323.669337,486.501946,-338.724048,326.631973,486.346151,-338.752953,329.363649,486.097541,-338.777506,314.882488,486.439267,-340.730821,311.208606,486.130987,-340.812678,307.533408,485.645531,-340.853982,333.233816,480.829473,-241.579565,301.288261,479.594070,-251.880963,325.261891,468.462755,-319.283766,314.307851,468.102514,-322.200592,362.809019,423.995642,-182.846108,274.400638,419.536561,-172.170139,384.701007,365.023635,-165.804015,255.281700,356.393724,-146.785152,411.815579,317.574858,-261.003377,221.647952,318.195346,-232.296816,423.956642,306.191286,-286.337777,207.754417,307.741021,-255.002835,423.059386,306.908048,-316.490954,206.129108,311.181476,-290.858174,417.853300,310.421542,-275.735633,211.835781,314.301985,-249.679165,350.589576,316.247185,-0.618859,298.318980,313.154418,0.530139,356.178474,238.532091,-105.721412,290.964025,234.479318,-31.904520,363.916569,169.597468,79.591793,282.195487,167.792537,156.060592,359.943102,161.699835,91.267199,285.367585,159.815604,168.344280,371.597841,141.094138,-19.891831,276.007043,140.048448,58.091273
0.000000,0.000000,0.000000,0.000000,0.000000,0.000000,0.000000,0.000000,0.000000,0.000000,0.000000,0.000000,0.000000,0.000000,0.000000,0.000000,0.000000,0.000000,0.000000,0.000000,0.000000,0.000000,0.000000,0.000000,0.000000,0.000000,0.000000,0.000000,0.000000,0.000000,0.000000,0.000000,0.000000,0.000000,0.000000,0.000000,0.000000,0.000000,0.000000,0.000000,0.000000,0.000000,0.000000,0.000000,0.000000,0.000000,0.000000,0.000000,0.000000,0.000000,0.000000,0.000000,320.792569,479.002377,-358.009324,324.083126,486.355964,-341.874682,327.060246,486.203307,-341.903001,329.802657,485.968690,-341.928855,315.224638,486.321838,-343.802301,311.527836,486.021619,-343.882996,307.845749,485.532683,-343.921587,333.673188,480.726270,-244.403619,301.626319,479.464564,-254.390263,325.614359,468.314553,-321.964868,314.667793,467.918769,-324.820616,363.183871,423.807298,-184.629093,274.878334,419.426895,-173.915262,385.019156,364.322475,-167.148944,255.670710,356.839083,-146.906081,411.646052,316.831113,-263.256227,221.452087,319.253312,-233.095987,423.820935,305.479363,-288.739236,207.493291,308.802651,-256.715975,423.037297,306.146000,-319.316205,205.734027,312.411381,-292.786103,417.798878,309.622098,-278.103360,211.538293,315.551158,-250.750052,350.962759,315.919163,-0.587092,298.693566,312.924316,0.500392,356.747409,237.418210,-92.286248,291.441917,233.881144,-24.413076,364.326024,169.709742,96.823166,282.479978,167.896176,164.694515,360.330425,161.880038,109.155386,285.608787,160.041187,177.174029,372.069526,141.027760,-0.815795,276.328583,140.221438,67.164373
0.000000,0.000000,0.000000,0.000000,0.000000,0.000000,0.000000,0.000000,0.000000,0.000000,0.000000,0.000000,0.000000,0.000000,0.000000,0.000000,0.000000,0.000000,0.000000,0.000000,0.000000,0.000000,0.000000,0.000000,0.000000,0.000000,0.000000,0.000000,0.000000,0.000000,0.000000,0.000000,0.000000,0.000000,0.000000,0.000000,0.000000,0.000000,0.000000,0.000000,0.000000,0.000000,0.000000,0.000000,0.000000,0.000000,0.000000,0.000000,0.000000,0.000000,0.000000,0.000000,320.567590,477.607211,-357.548189,323.909122,484.902028,-341.556075,326.879646,484.736198,-341.582612,329.620398,484.495168,-341.607075,315.030388,484.894026,-343.407142,311.322067,484.594422,-343.488265,307.651055,484.101019,-343.526066,333.477228,479.269468,-244.188855,301.457057,478.011652,-254.059544,325.355859,466.855983,-321.509201,314.448862,466.439898,-324.305399,362.919580,422.407007,-184.150469,274.820627,417.999427,-173.284162,384.533785,362.650166,-166.161968,255.948646,356.072629,-147.822087,410.538278,315.238533,-262.872662,220.912504,320.216268,-239.198978,422.745196,303.988548,-288.445038,206.593315,310.277806,-263.646712,422.029745,304.660774,-319.103626,204.569613,314.299315,-299.804991,416.743231,308.086039,-277.731440,210.673928,317.277981,-257.099067,350.741383,314.524711,-0.629395,298.541509,311.685724,0.542684,356.695823,235.984251,-80.356733,291.361867,232.726581,-19.312792,364.079939,169.510161,112.252047,282.251595,167.766502,171.904220,360.071990,161.749192,125.011541,285.366200,160.051297,184.636523,371.936557,140.840824,16.632175,276.026925,140.229297,75.001266
0.000000,0.000000,0.000000,0.000000,0.000000,0.000000,0.000000,0.000000,0.000000,0.000000,0.000000,0.000000,0.000000,0.000000,0.000000,0.000000,0.000000,0.000000,0.000000,0.000000,0.000000,0.000000,0.000000,0.000000,0.000000,0.000000,0.000000,0.000000,0.000000,0.000000,0.000000,0.000000,0.000000,0.000000,0.000000,0.000000,0.000000,0.000000,0.000000,0.000000,0.000000,0.000000,0.000000,0.000000,0.000000,0.000000,0.000000,0.000000,0.000000,0.000000,0.000000,0.000000,320.394823,476.541719,-355.768865,323.788712,483.784639,-339.931455,326.754366,483.604187,-339.956155,329.493342,483.353274,-339.978847,314.893167,483.803145,-341.697249,311.175346,483.504830,-341.778357,307.513545,483.008175,-341.815181,333.341186,478.134512,-242.859232,301.345234,476.897913,-252.560695,325.150406,465.735595,-319.812276,314.272989,465.310478,-322.536924,362.706217,421.288180,-182.792187,274.790954,416.935178,-171.775645,384.079445,361.257958,-164.407327,256.146657,355.673526,-148.464200,409.453334,313.919455,-261.412390,220.436805,321.834356,-245.055064,421.675354,302.757151,-286.970175,205.816437,312.503089,-270.272208,421.016580,303.431770,-317.615327,203.583911,316.909712,-306.294455,415.689405,306.810791,-276.233218,209.956889,319.695343,-263.091318,350.537173,313.380856,-0.662744,298.407922,310.700368,0.575543,356.651651,234.756425,-69.214315,291.296918,231.748542,-14.642378,363.867185,169.322532,125.893108,282.055459,167.653585,177.963898,359.849008,161.624361,138.977766,285.151607,160.071770,190.880698,371.825603,140.658188,32.118194,275.777376,140.227791,81.712220
0.000000,0.000000,0.000000,0.000000,0.000000,0.000000,0.000000,0.000000,0.000000,0.000000,0.000000,0.000000,0.000000,0.000000,0.000000,0.000000,0.000000,0.000000,0.000000,0.000000,0.000000,0.000000,0.000000,0.000000,0.000000,0.000000,0.000000,0.000000,0.000000,0.000000,0.000000,0.000000,0.000000,0.000000,0.000000,0.000000,0.000000,0.000000,0.000000,0.000000,0.000000,0.000000,0.000000,0.000000,0.000000,0.000000,0.000000,0.000000,0.000000,0.000000,0.000000,0.000000,320.274268,475.805901,-352.671351,323.721896,483.003797,-337.000821,326.684406,482.807273,-337.023630,329.421490,482.543006,-337.044171,314.812973,483.049194,-338.672621,311.087676,482.752842,-338.753274,307.433219,482.254153,-338.788931,333.265063,477.321402,-240.414749,301.290851,476.123349,-249.893716,324.998002,464.953389,-316.874090,314.140176,464.530508,-319.515191,362.543785,420.450817,-180.554248,274.789316,416.234149,-169.389708,383.656135,360.145852,-161.885022,256.264745,355.641776,-148.832420,408.391218,312.873879,-258.875410,220.024989,324.107577,-250.664246,420.611411,301.785173,-284.314646,205.162657,315.478500,-276.592463,419.997803,302.458989,-314.851306,202.776921,320.242571,-312.254496,414.637401,305.796352,-273.608695,209.387178,322.803245,-268.726806,350.350129,312.487600,-0.687137,298.292806,309.968248,0.598967,356.614894,233.734732,-58.858995,291.247070,230.947027,-10.401836,363.687762,169.146855,137.746349,281.891572,167.557428,182.873546,359.661480,161.505544,151.054060,284.965010,160.102606,195.906554,371.736663,140.479850,45.642259,275.579935,140.216919,87.297235
0.000000,0.000000,0.000000,0.000000,0.000000,0.000000,0.000000,0.000000,0.000000,0.000000,0.000000,0.000000,0.000000,0.000000,0.000000,0.000000,0.000000,0.000000,0.000000,0.000000,0.000000,0.000000,0.000000,0.000000,0.000000,0.000000,0.000000,0.000000,0.000000,0.000000,0.000000,0.000000,0.000000,0.000000,0.000000,0.000000,0.000000,0.000000,0.000000,0.000000,0.000000,0.000000,0.000000,0.000000,0.000000,0.000000,0.000000,0.000000,0.000000,0.000000,0.000000,0.000000,320.205925,475.399756,-348.255649,323.708674,482.559502,-332.764174,326.669766,482.345457,-332.785037,329.404842,482.064366,-332.803046,314.789807,482.632174,-334.333259,311.059054,482.338458,-334.413014,307.410077,481.838952,-334.447318,333.248859,476.830137,-236.855407,301.293907,475.687958,-246.058609,324.898646,464.509365,-312.694645,314.050422,464.099988,-315.240201,362.432281,419.894918,-177.436651,274.815711,415.896338,-166.126353,383.263856,359.313847,-158.595054,256.302909,355.977378,-148.926746,407.351931,312.101805,-255.261724,219.677056,327.035931,-256.026524,419.553365,301.072614,-280.478451,204.631974,319.204038,-282.607478,418.973413,301.742431,-310.811564,202.148645,324.297893,-317.685114,413.587218,305.042724,-269.857869,208.964794,326.601687,-274.005529,350.180250,311.844941,-0.702576,298.196159,309.489366,0.612956,356.585552,232.919173,-49.290771,291.212324,230.322035,-6.591166,363.541670,168.983130,147.811771,281.759932,167.478028,186.633166,359.509404,161.392742,161.240425,284.806407,160.143805,199.714092,371.669738,140.305811,57.204373,275.434603,140.196680,91.756311
0.000000,0.000000,0.000000,0.000000,0.000000,0.000000,0.000000,0.000000,0.000000,0.000000,0.000000,0.000000,0.000000,0.000000,0.000000,0.000000,0.000000,0.000000,0.000000,0.000000,0.000000,0.000000,0.000000,0.000000,0.000000,0.000000,0.000000,0.000000,0.000000,0.000000,0.000000,0.000000,0.000000,0.000000,0.000000,0.000000,0.000000,0.000000,0.000000,0.000000,0.000000,0.000000,0.000000,0.000000,0.000000,0.000000,0.000000,0.000000,0.000000,0.000000,0.000000,0.000000,320.189794,475.323285,-342.521758,323.749046,482.451753,-327.221514,326.710445,482.218738,-327.240377,329.443398,481.917353,-327.255473,314.823669,482.552084,-328.679163,311.089482,482.261679,-328.757577,307.444120,481.762572,-328.790340,333.292573,476.660717,-232.181206,301.354404,475.591741,-241.055372,324.852338,464.403522,-307.273939,314.003728,464.018918,-309.711952,362.371707,419.620484,-173.439397,274.870141,415.921747,-161.985580,382.902608,358.761944,-154.537422,256.261150,356.680332,-148.747179,406.335473,311.603234,-250.571330,219.393006,330.619416,-261.141899,418.501218,300.619473,-275.461591,204.224388,323.679704,-288.317252,417.943410,301.282095,-305.496102,201.699081,329.075678,-322.586308,412.538857,304.549906,-264.980742,208.689736,331.090668,-278.927489,350.027537,311.452880,-0.709059,298.117983,309.263721,0.617510,356.563624,232.309748,-40.509645,291.192679,229.873568,-3.210367,363.428909,168.831357,156.089374,281.660541,167.415387,189.242758,359.392782,161.285954,169.536861,284.675798,160.195367,202.303311,371.624827,140.136071,66.804534,275.341380,140.167076,95.089448
0.000000,0.000000,0.000000,0.000000,0.000000,0.000000,0.000000,0.000000,0.000000,0.000000,0.000000,0.000000,0.000000,0.000000,0.000000,0.000000,0.000000,0.000000,0.000000,0.000000,0.000000,0.000000,0.000000,0.000000,0.000000,0.000000,0.000000,0.000000,0.000000,0.000000,0.000000,0.000000,0.000000,0.000000,0.000000,0.000000,0.000000,0.000000,0.000000,0.000000,0.000000,0.000000,0.000000,0.000000,0.000000,0.000000,0.000000,0.000000,0.000000,0.000000,0.000000,0.000000,320.225876,475.576488,-335.469677,323.843011,482.680551,-320.372841,326.806445,482.427117,-320.389649,329.537157,482.101967,-320.401452,314.914558,482.808924,-321.710333,311.178959,482.522504,-321.786965,307.535346,482.025013,-321.817997,333.396207,476.813143,-226.392145,301.472341,475.834698,-234.884005,324.859078,464.635861,-300.611975,314.000092,464.287300,-302.930445,362.362061,419.627514,-168.562485,274.952606,416.310376,-156.967388,382.572390,358.490142,-149.712127,256.139466,357.750639,-148.293718,405.341843,311.378164,-244.804230,219.172839,334.858035,-266.010369,417.454968,300.425750,-269.264065,203.939901,328.905498,-293.721786,416.907795,301.077983,-298.904918,201.428230,334.575926,-326.958078,411.492316,304.317898,-258.977312,208.562006,336.270190,-283.492685,349.891990,311.311416,-0.706588,298.058277,309.291312,0.612630,356.549111,231.906456,-32.515615,291.188135,229.601623,-0.259440,363.349480,168.691536,162.579156,281.593397,167.369504,190.702321,359.311613,161.185181,175.943366,284.573185,160.257293,203.674212,371.601931,139.970630,74.442743,275.300265,140.128105,97.296646
0.000000,0.000000,0.000000,0.000000,0.000000,0.000000,0.000000,0.000000,0.000000,0.000000,0.000000,0.000000,0.000000,0.000000,0.000000,0.000000,0.000000,0.000000,0.000000,0.000000,0.000000,0.000000,0.000000,0.000000,0.000000,0.000000,0.000000,0.000000,0.000000,0.000000,0.000000,0.000000,0.000000,0.000000,0.000000,0.000000,0.000000,0.000000,0.000000,0.000000,0.000000,0.000000,0.000000,0.000000,0.000000,0.000000,0.000000,0.000000,0.000000,0.000000,0.000000,0.000000,320.314170,476.159365,-327.099407,323.990571,483.245896,-312.218155,326.957764,482.970594,-312.232853,329.686121,482.618209,-312.240982,315.062476,483.402695,-313.426769,311.327486,483.120934,-313.501176,307.683757,482.626275,-313.530291,333.559759,477.287414,-219.488225,301.647717,476.416828,-227.544509,324.918866,465.206382,-292.708750,314.039516,464.905131,-294.895680,362.403345,419.916008,-162.805916,275.063104,417.062223,-151.071777,382.273203,358.498442,-144.119167,255.937860,359.188297,-147.566364,404.371043,311.426597,-237.960422,219.016556,339.751785,-270.631935,416.414617,300.491446,-261.885874,203.778511,334.881419,-298.821078,415.866566,301.130093,-291.038013,201.336091,340.798636,-330.800425,410.447598,304.346700,-251.847581,208.581603,342.140251,-287.701118,349.773608,311.420551,-0.695161,298.017041,309.572141,0.598315,356.542013,231.709297,-25.308683,291.198693,229.506203,2.261615,363.303381,168.563668,167.281120,281.558501,167.340380,191.011856,359.265898,161.090422,180.459941,284.498566,160.329581,203.826794,371.601049,139.809487,80.119000,275.311260,140.079769,98.377904
0.000000,0.000000,0.000000,0.000000,0.000000,0.000000,0.000000,0.000000,0.000000,0.000000,0.000000,0.000000,0.000000,0.000000,0.000000,0.000000,0.000000,0.000000,0.000000,0.000000,0.000000,0.000000,0.000000,0.000000,0.000000,0.000000,0.000000,0.000000,0.000000,0.000000,0.000000,0.000000,0.000000,0.000000,0.000000,0.000000,0.000000,0.000000,0.000000,0.000000,0.000000,0.000000,0.000000,0.000000,0.000000,0.000000,0.000000,0.000000,0.000000,0.000000,0.000000,0.000000,320.454677,477.071915,-317.410949,324.191725,484.147787,-302.757456,327.164403,483.849168,-302.769989,329.890288,483.466077,-302.774064,315.267421,484.333396,-303.828471,311.535062,484.056968,-303.900210,307.889351,483.566358,-303.927220,333.783229,478.083531,-211.469446,301.880533,477.338133,-219.036884,325.031702,466.115084,-283.564266,314.121999,465.872413,-285.607658,362.495559,420.485967,-156.169689,275.201637,418.177290,-144.298748,382.005047,358.786843,-137.758544,255.656329,360.993308,-146.565117,403.423071,311.748531,-230.039907,218.924156,345.300668,-275.006596,415.380163,300.816561,-253.327017,203.740218,341.607468,-303.615131,414.819725,301.438427,-281.895387,201.422665,347.743809,-334.113348,409.404700,304.636313,-243.591548,208.748528,348.700853,-291.552786,349.672392,311.780283,-0.674780,297.994275,310.106206,0.574566,356.542329,231.718272,-18.888848,291.224352,229.587306,4.352799,363.290614,168.447752,170.195264,281.555854,167.328014,190.171362,359.255635,161.001677,183.086587,284.451941,160.412233,202.761058,371.622181,139.652643,83.833304,275.374363,140.022066,98.333223
0.000000,0.000000,0.000000,0.000000,0.000000,0.000000,0.000000,0.000000,0.000000,0.000000,0.000000,0.000000,0.000000,0.000000,0.000000,0.000000,0.000000,0.000000,0.000000,0.000000,0.000000,0.000000,0.000000,0.000000,0.000000,0.000000,0.000000,0.000000,0.000000,0.000000,0.000000,0.000000,0.000000,0.000000,0.000000,0.000000,0.000000,0.000000,0.000000,0.000000,0.000000,0.000000,0.000000,0.000000,0.000000,0.000000,0.000000,0.000000,0.000000,0.000000,0.000000,0.000000,320.647395,478.314140,-306.404301,324.446472,485.386226,-291.990743,327.426362,485.062839,-292.001057,330.149659,484.645573,-292.000698,315.529394,485.601028,-292.915438,311.801687,485.330607,-292.984069,308.152130,484.845263,-293.008785,334.066619,479.201493,-202.335807,302.170790,478.598611,-209.361129,325.197586,467.361969,-273.178521,314.247541,467.189145,-275.066377,362.638701,421.337389,-148.653806,275.368204,419.655577,-136.648301,381.767922,359.355346,-130.630257,255.294875,363.165671,-145.289976,402.497928,312.343968,-221.042686,218.895640,351.504684,-279.134354,414.351607,301.401094,-243.587494,203.825023,349.083644,-308.103942,413.767271,302.002983,-271.477040,201.687952,355.411445,-336.896848,408.363625,305.186735,-234.209212,209.062779,355.951994,-295.047691,349.588342,312.390614,-0.645443,297.989979,310.893508,0.541382,356.550060,231.933380,-13.256110,291.265112,229.844933,6.014112,363.311177,168.343787,171.321588,281.585454,167.332406,188.180839,359.280826,160.918947,183.823303,284.433312,160.505248,200.477003,371.665328,139.500098,85.585656,275.489574,139.954998,97.162603
0.000000,0.000000,0.000000,0.000000,0.000000,0.000000,0.000000,0.000000,0.000000,0.000000,0.000000,0.000000,0.000000,0.000000,0.000000,0.000000,0.000000,0.000000,0.000000,0.000000,0.000000,0.000000,0.000000,0.000000,0.000000,0.000000,0.000000,0.000000,0.000000,0.000000,0.000000,0.000000,0.000000,0.000000,0.000000,0.000000,0.000000,0.000000,0.000000,0.000000,0.000000,0.000000,0.000000,0.000000,0.000000,0.000000,0.000000,0.000000,0.000000,0.000000,0.000000,0.000000,320.892326,479.886038,-294.079464,324.754813,486.961211,-279.918018,327.743642,486.611609,-279.926058,330.464234,486.156696,-279.920883,315.848395,487.205590,-280.687671,312.127362,486.941850,-280.752751,308.472093,486.462988,-280.774985,334.409927,480.641301,-192.087308,302.518486,480.198263,-198.517244,325.416519,468.947035,-261.551518,314.416143,468.855328,-263.271838,362.832773,422.470276,-140.258264,275.562805,421.497082,-128.120435,381.561827,360.203951,-122.734307,254.853497,365.705386,-143.740942,401.595614,313.212907,-210.968757,218.931006,358.363832,-283.015208,413.328949,302.245045,-232.667306,204.032926,357.309949,-312.287513,412.709205,302.823762,-259.782973,202.131952,363.801543,-339.150925,407.324370,305.997968,-223.700575,209.524357,363.893675,-298.185832,349.521457,313.251542,-0.607152,298.004153,311.934047,0.498764,356.565205,232.354622,-8.410469,291.320974,230.279084,7.245552,363.365072,168.251775,170.660093,281.647302,167.353557,185.040288,359.341471,160.842232,182.670089,284.442677,160.608626,196.974629,371.730489,139.351852,85.376056,275.656895,139.878563,94.866044
0.000000,0.000000,0.000000,0.000000,0.000000,0.000000,0.000000,0.000000,0.000000,0.000000,0.000000,0.000000,0.000000,0.000000,0.000000,0.000000,0.000000,0.000000,0.000000,0.000000,0.000000,0.000000,0.000000,0.000000,0.000000,0.000000,0.000000,0.000000,0.000000,0.000000,0.000000,0.000000,0.000000,0.000000,0.000000,0.000000,0.000000,0.000000,0.000000,0.000000,0.000000,0.000000,0.000000,0.000000,0.000000,0.000000,0.000000,0.000000,0.000000,0.000000,0.000000,0.000000,321.189470,481.787610,-280.436439,325.116748,488.872743,-266.539279,328.116240,488.495475,-266.544991,330.834013,487.999446,-266.534620,316.224424,489.147083,-267.145171,312.512086,488.890698,-267.206256,308.849240,488.419535,-267.225821,334.813154,482.402954,-180.723951,302.923622,482.137089,-186.505231,325.688499,470.870282,-248.683254,314.627803,470.870961,-250.224041,363.077773,423.884627,-130.983065,275.785440,423.701807,-118.715150,381.386763,361.332657,-114.070692,254.332196,368.612453,-141.918014,400.716129,314.355348,-199.818121,219.030256,365.878112,-286.649158,412.312189,303.348416,-220.566453,204.363926,366.286380,-316.165843,411.645526,303.900763,-246.813184,202.754664,372.914105,-340.875578,406.286937,307.070011,-212.065636,210.133263,372.525896,-300.967209,349.471738,314.363068,-0.559905,298.036797,313.227823,0.446710,356.587766,232.981997,-4.351925,291.391937,230.889758,8.047122,363.452298,168.171715,168.210779,281.741398,167.391466,180.749709,359.437568,160.771530,179.626945,284.480037,160.722366,192.253937,371.817664,139.207904,83.204503,275.876324,139.792762,91.443546
0.000000,0.000000,0.000000,0.000000,0.000000,0.000000,0.000000,0.000000,0.000000,0.000000,0.000000,0.000000,0.000000,0.000000,0.000000,0.000000,0.000000,0.000000,0.000000,0.000000,0.000000,0.000000,0.000000,0.000000,0.000000,0.000000,0.000000,0.000000,0.000000,0.000000,0.000000,0.000000,0.000000,0.000000,0.000000,0.000000,0.000000,0.000000,0.000000,0.000000,0.000000,0.000000,0.000000,0.000000,0.000000,0.000000,0.000000,0.000000,0.000000,0.000000,0.000000,0.000000,321.538825,484.018856,-265.475224,325.532277,491.120821,-251.854527,328.544159,490.714440,-251.857856,331.258996,490.173823,-251.841909,316.657481,491.425506,-252.287936,312.955859,491.177150,-252.344586,309.283571,490.714903,-252.361293,335.276300,484.486453,-168.245733,303.386198,484.415088,-173.325088,326.013528,473.131712,-234.573731,314.882523,473.236045,-235.922987,363.373704,425.580443,-120.828209,276.036110,426.269751,-108.432447,381.242730,362.741464,-104.639414,253.730970,371.886873,-139.821193,399.859473,315.771291,-187.590778,219.193389,374.047525,-290.036203,411.301327,304.711204,-207.284933,204.818024,376.012940,-319.738933,410.576234,305.233988,-232.567674,203.556089,382.749128,-342.070808,405.251325,308.402864,-199.304395,210.889495,381.848656,-303.391823,349.439184,315.725191,-0.503704,298.087912,314.774835,0.385223,356.617741,233.815505,-1.080478,291.478002,231.676956,8.418819,363.572855,168.103608,163.973644,281.867742,167.446134,175.309101,359.569119,160.706844,174.693871,284.545391,160.846471,186.314926,371.926854,139.068255,79.070998,276.147862,139.697595,86.895109
0.000000,0.000000,0.000000,0.000000,0.000000,0.000000,0.000000,0.000000,0.000000,0.000000,0.000000,0.000000,0.000000,0.000000,0.000000,0.000000,0.000000,0.000000,0.000000,0.000000,0.000000,0.000000,0.000000,0.000000,0.000000,0.000000,0.000000,0.000000,0.000000,0.000000,0.000000,0.000000,0.000000,0.000000,0.000000,0.000000,0.000000,0.000000,0.000000,0.000000,0.000000,0.000000,0.000000,0.000000,0.000000,0.000000,0.000000,0.000000,0.000000,0.000000,0.000000,0.000000,321.940393,486.579776,-249.195820,326.001400,493.705447,-235.863762,329.027398,493.268501,-235.864653,331.739182,492.679828,-235.842750,317.147565,494.040859,-236.115966,313.458682,493.801206,-236.167739,309.775086,493.349092,-236.181401,335.799365,486.891797,-154.652657,303.906213,487.032262,-158.976815,326.391605,475.731323,-219.222947,315.180302,475.950578,-220.368674,363.720563,427.557722,-109.793695,276.314814,429.200915,-97.272325,381.129727,364.430373,-94.440473,253.049822,375.528645,-137.450478,399.025645,317.460736,-174.286728,219.420406,382.872071,-293.176345,410.296362,306.333411,-192.822748,205.395220,386.489627,-323.006781,409.501329,306.823435,-217.046443,204.536227,393.306615,-342.736614,404.217535,309.996527,-185.416852,211.793055,391.861957,-305.459673,349.423796,317.337913,-0.438547,298.157496,316.575085,0.314300,356.655130,234.855147,1.403872,291.579167,232.640677,8.360646,363.726743,168.047452,157.948691,282.026334,167.517559,168.718465,359.736123,160.648172,167.870868,284.638740,160.980938,179.157597,372.058059,138.932905,72.975541,276.471508,139.593062,81.220732
0.000000,0.000000,0.000000,0.000000,0.000000,0.000000,0.000000,0.000000,0.000000,0.000000,0.000000,0.000000,0.000000,0.000000,0.000000,0.000000,0.000000,0.000000,0.000000,0.000000,0.000000,0.000000,0.000000,0.000000,0.000000,0.000000,0.000000,0.000000,0.000000,0.000000,0.000000,0.000000,0.000000,0.000000,0.000000,0.000000,0.000000,0.000000,0.000000,0.000000,0.000000,0.000000,0.000000,0.000000,0.000000,0.000000,0.000000,0.000000,0.000000,0.000000,0.000000,0.000000,322.394173,489.470369,-231.598227,326.524117,496.626619,-218.566984,329.565957,496.157661,-218.565383,332.274572,495.517460,-218.537142,317.694678,496.993143,-218.629263,314.020554,496.762867,-218.675715,310.323785,496.322102,-218.686144,336.382348,489.618987,-139.944721,304.483669,489.988609,-143.460413,326.822729,478.669116,-202.630905,315.521141,479.014563,-203.561103,364.118351,429.816466,-97.879524,276.621552,432.495298,-85.234785,381.047756,366.399384,-83.473867,252.288749,379.537769,-134.805870,398.214646,319.423683,-159.905971,219.711306,392.351748,-296.069582,409.297296,308.215037,-177.179898,206.095513,397.716442,-325.969390,408.420811,308.669106,-200.249491,205.695077,404.586564,-342.872996,403.185566,311.851000,-170.403007,212.843941,402.565797,-307.170759,349.425573,319.201232,-0.364436,298.245551,318.628571,0.233943,356.699935,236.100922,3.101124,291.695434,233.780923,7.872600,363.913962,168.003248,150.135918,282.217174,167.605743,160.977799,359.938581,160.595514,159.157934,284.760084,161.125768,170.781949,372.211277,138.801853,64.918132,276.847263,139.479164,74.420416
0.000000,0.000000,0.000000,0.000000,0.000000,0.000000,0.000000,0.000000,0.000000,0.000000,0.000000,0.000000,0.000000,0.000000,0.000000,0.000000,0.000000,0.000000,0.000000,0.000000,0.000000,0.000000,0.000000,0.000000,0.000000,0.000000,0.000000,0.000000,0.000000,0.000000,0.000000,0.000000,0.000000,0.000000,0.000000,0.000000,0.000000,0.000000,0.000000,0.000000,0.000000,0.000000,0.000000,0.000000,0.000000,0.000000,0.000000,0.000000,0.000000,0.000000,0.000000,0.000000,322.900165,492.690637,-212.682445,327.100428,499.884338,-199.964193,330.159835,499.381918,-199.960045,332.865166,498.686719,-199.925085,318.298818,500.282357,-199.827825,314.641475,500.062133,-199.868516,310.929668,499.633933,-199.875523,337.025250,492.668022,-124.121926,305.118565,493.284130,-126.775881,327.306902,481.945090,-184.797602,315.905038,482.427998,-185.500274,364.567069,432.356675,-85.085696,276.956324,436.152900,-72.319826,380.996814,368.648496,-71.739598,251.447753,383.914245,-131.887369,397.426476,321.660133,-144.448507,220.066089,402.486558,-298.715915,408.304128,310.356081,-160.356382,206.918904,409.693384,-328.626757,407.334681,310.770999,-182.176818,207.032640,416.588976,-342.479955,402.155419,313.966284,-154.262860,214.042155,413.960178,-308.525081,349.444517,321.315149,-0.281369,298.352076,320.935294,0.144152,356.752154,237.552831,4.011280,291.826803,235.097692,6.954683,364.134512,167.970997,140.535325,282.440262,167.710686,152.087106,360.176491,160.548871,148.555071,284.909422,161.280961,161.187982,372.386511,138.675100,54.898770,277.275128,139.355899,66.494161
0.000000,0.000000,0.000000,0.000000,0.000000,0.000000,0.000000,0.000000,0.000000,0.000000,0.000000,0.000000,0.000000,0.000000,0.000000,0.000000,0.000000,0.000000,0.000000,0.000000,0.000000,0.000000,0.000000,0.000000,0.000000,0.000000,0.000000,0.000000,0.000000,0.000000,0.000000,0.000000,0.000000,0.000000,0.000000,0.000000,0.000000,0.000000,0.000000,0.000000,0.000000,0.000000,0.000000,0.000000,0.000000,0.000000,0.000000,0.000000,0.000000,0.000000,0.000000,0.000000,323.261384,496.324904,-196.391077,327.511961,503.417420,-183.672380,330.591901,502.865828,-183.669156,333.275690,502.100056,-183.634595,318.761205,503.877724,-183.241474,315.157956,503.686460,-183.278554,311.426162,503.295682,-183.286166,337.505917,495.835845,-109.544476,305.568082,496.882818,-111.195260,327.651199,485.665641,-169.002440,316.123187,486.413007,-169.361428,364.729795,435.034692,-74.331794,276.954012,440.306357,-60.016210,380.453430,371.185506,-64.688083,249.990338,388.530211,-125.554646,395.954986,323.567999,-134.979008,220.352769,411.529817,-289.346968,406.436445,312.012123,-150.118247,208.199220,420.247322,-318.669921,405.250236,312.184766,-170.728730,209.350072,426.729971,-329.693174,400.163735,315.573582,-144.160801,215.897597,423.591572,-297.791884,349.206656,323.473144,-0.232618,298.253568,323.234303,0.089141,356.626416,238.324591,2.609314,291.724160,236.437995,2.891087,364.066987,167.716012,131.967309,282.443569,167.840715,140.360948,360.259168,160.233810,139.501657,284.865486,161.451497,148.844414,372.273087,138.485860,45.945665,277.614282,139.201187,56.684757
0.000000,0.000000,0.000000,0.000000,0.000000,0.000000,0.000000,0.000000,0.000000,0.000000,0.000000,0.000000,0.000000,0.000000,0.000000,0.000000,0.000000,0.000000,0.000000,0.000000,0.000000,0.000000,0.000000,0.000000,0.000000,0.000000,0.000000,0.000000,0.000000,0.000000,0.000000,0.000000,0.000000,0.000000,0.000000,0.000000,0.000000,0.000000,0.000000,0.000000,0.000000,0.000000,0.000000,0.000000,0.000000,0.000000,0.000000,0.000000,0.000000,0.000000,0.000000,0.000000,323.764425,499.912789,-182.367249,328.143100,507.013445,-169.900767,331.255722,506.452535,-169.898917,333.959626,505.664052,-169.862948,319.340500,507.478912,-169.361694,315.725010,507.291266,-169.395462,311.959677,506.902552,-169.403065,338.257235,499.368100,-97.890844,306.176932,500.548424,-98.516008,328.193525,489.223390,-156.034742,316.520643,490.090190,-156.150268,365.111468,438.192679,-65.227650,277.395258,444.465091,-49.649159,380.187793,374.220905,-57.057433,248.443164,393.553125,-119.973214,394.843436,326.135040,-124.303540,221.061753,420.892137,-284.890540,405.018054,314.263978,-138.503715,209.857093,430.912833,-314.169256,403.694450,314.294832,-158.118177,211.571917,437.219159,-322.204433,398.663507,317.786980,-132.963505,217.815541,433.617866,-292.017032,349.070569,326.422083,-0.236464,298.244541,326.218871,0.088068,356.609337,240.001498,0.415495,291.614398,238.338104,0.123414,364.343314,167.723462,122.458319,282.582282,167.958785,130.224198,360.564793,160.279093,129.302968,284.949108,161.557700,138.198216,372.302393,138.259146,35.542998,278.179340,138.945760,47.453731
0.000000,0.000000,0.000000,0.000000,0.000000,0.000000,0.000000,0.000000,0.000000,0.000000,0.000000,0.000000,0.000000,0.000000,0.000000,0.000000,0.000000,0.000000,0.000000,0.000000,0.000000,0.000000,0.000000,0.000000,0.000000,0.000000,0.000000,0.000000,0.000000,0.000000,0.000000,0.000000,0.000000,0.000000,0.000000,0.000000,0.000000,0.000000,0.000000,0.000000,0.000000,0.000000,0.000000,0.000000,0.000000,0.000000,0.000000,0.000000,0.000000,0.000000,0.000000,0.000000,324.276278,503.366792,-170.281019,328.774930,510.474202,-158.044749,331.916184,509.906312,-158.044220,334.643550,509.099572,-158.007327,319.921029,510.945438,-157.458200,316.290519,510.761759,-157.489338,312.495092,510.375372,-157.497220,339.005121,502.777132,-87.883045,306.779694,504.078276,-87.632542,328.745906,492.641376,-144.925631,316.935903,493.610643,-144.856593,365.476739,441.263349,-57.314578,277.828322,448.557665,-40.650711,379.920123,377.188303,-50.406280,246.893937,398.694299,-115.417691,393.749756,328.639959,-114.991266,221.777241,430.029307,-281.580442,403.603872,316.452016,-128.354598,211.497412,441.252196,-310.924286,402.153826,316.353933,-147.116829,213.735342,447.371072,-316.229849,397.184213,319.944450,-123.206969,219.680387,443.340817,-287.522250,348.925184,329.324522,-0.250243,298.212998,329.162943,0.097124,356.604724,241.699793,-1.710829,291.474738,240.248350,-2.450825,364.673978,167.826168,114.055696,282.670447,168.145548,121.158277,360.940062,160.418059,120.299631,285.001164,161.728260,128.682149,372.355407,138.106823,26.065279,278.653648,138.757200,38.966239
0.000000,0.000000,0.000000,0.000000,0.000000,0.000000,0.000000,0.000000,0.000000,0.000000,0.000000,0.000000,0.000000,0.000000,0.000000,0.000000,0.000000,0.000000,0.000000,0.000000,0.000000,0.000000,0.000000,0.000000,0.000000,0.000000,0.000000,0.000000,0.000000,0.000000,0.000000,0.000000,0.000000,0.000000,0.000000,0.000000,0.000000,0.000000,0.000000,0.000000,0.000000,0.000000,0.000000,0.000000,0.000000,0.000000,0.000000,0.000000,0.000000,0.000000,0.000000,0.000000,324.796943,506.686916,-160.132386,329.407451,513.799694,-148.104326,332.573289,513.227158,-148.105066,335.327462,512.406616,-148.067732,320.502792,514.277301,-147.530993,316.854482,514.097941,-147.560180,313.032406,513.714142,-147.568632,339.749574,506.062941,-79.521080,307.376368,507.472372,-78.544862,329.308340,495.919598,-135.675109,317.368966,496.974366,-135.480402,365.825606,444.246702,-50.592578,278.253204,452.584078,-33.020867,379.650420,380.087699,-44.734623,245.342656,403.953735,-111.888078,392.673947,331.082754,-107.042186,222.499232,438.941327,-279.416674,402.193899,318.576238,-119.670895,213.120175,451.265410,-308.935012,400.628364,318.362068,-137.724686,215.840347,457.185712,-311.769424,395.725854,322.045992,-114.891192,221.492137,452.760425,-284.307538,348.770499,332.180462,-0.273956,298.158936,332.066519,0.116309,356.612575,243.419477,-3.769660,291.305179,242.168733,-4.831630,365.058978,168.024128,106.759440,282.708064,168.401003,113.163186,361.384974,160.650707,112.491645,285.021654,161.963177,120.296211,372.432129,138.028890,17.512509,279.037207,138.635506,31.222283
0.000000,0.000000,0.000000,0.000000,0.000000,0.000000,0.000000,0.000000,0.000000,0.000000,0.000000,0.000000,0.000000,0.000000,0.000000,0.000000,0.000000,0.000000,0.000000,0.000000,0.000000,0.000000,0.000000,0.000000,0.000000,0.000000,0.000000,0.000000,0.000000,0.000000,0.000000,0.000000,0.000000,0.000000,0.000000,0.000000,0.000000,0.000000,0.000000,0.000000,0.000000,0.000000,0.000000,0.000000,0.000000,0.000000,0.000000,0.000000,0.000000,0.000000,0.000000,0.000000,325.326420,509.873159,-151.921352,330.040663,516.989918,-140.079499,333.227036,516.415075,-140.081454,336.011364,515.585186,-140.044163,321.085789,517.474503,-139.580073,317.416900,517.299810,-139.607990,313.571620,516.918861,-139.617299,340.490594,509.225527,-72.804948,307.966954,510.730714,-71.252968,329.880828,499.058056,-128.283174,317.819833,500.181359,-128.021696,366.158070,447.142739,-45.061650,278.669904,456.544333,-26.759625,379.378684,382.919094,-40.042464,243.789322,409.331431,-109.384373,391.616009,333.463426,-100.456301,223.227727,447.628197,-278.399236,400.788136,320.636643,-112.452608,214.725383,460.952475,-308.201433,399.118064,320.319238,-129.941748,217.886932,466.663078,-308.823158,394.288428,324.091608,-108.016176,223.250790,461.876690,-282.372897,348.606516,334.989902,-0.307602,298.082358,334.929599,0.145623,356.632892,245.160550,-5.760996,291.105722,244.099254,-7.019001,365.498314,168.317343,100.569551,282.695133,168.725151,106.238925,361.899530,160.977037,105.879011,285.010578,162.262452,113.040402,372.532559,138.025349,9.884687,279.330017,138.580680,24.221862
0.000000,0.000000,0.000000,0.000000,0.000000,0.000000,0.000000,0.000000,0.000000,0.000000,0.000000,0.000000,0.000000,0.000000,0.000000,0.000000,0.000000,0.000000,0.000000,0.000000,0.000000,0.000000,0.000000,0.000000,0.000000,0.000000,0.000000,0.000000,0.000000,0.000000,0.000000,0.000000,0.000000,0.000000,0.000000,0.000000,0.000000,0.000000,0.000000,0.000000,0.000000,0.000000,0.000000,0.000000,0.000000,0.000000,0.000000,0.000000,0.000000,0.000000,0.000000,0.000000,325.864710,512.925522,-145.647916,330.674565,520.044876,-133.970267,333.877425,519.470061,-133.973385,336.695254,518.635279,-133.936620,321.670021,520.537042,-133.605439,317.977771,520.367368,-133.632767,314.112733,519.989529,-133.643222,341.228181,512.264889,-67.734650,308.551453,513.853301,-65.756859,330.463369,502.056751,-122.749828,318.288503,503.231621,-122.480475,366.474130,449.951460,-40.721793,279.078423,460.438427,-21.866987,379.104914,385.682487,-36.329801,242.233935,414.827389,-107.906578,390.575941,335.781975,-95.233609,223.962725,456.089917,-278.528128,399.386583,322.633232,-106.699735,216.313035,470.313393,-308.723549,397.622926,322.225442,-123.768015,219.875097,475.803171,-307.391050,392.871937,326.081295,-102.581920,224.956347,470.689613,-281.718325,348.433234,337.752842,-0.351181,297.983262,337.752182,0.185065,356.665674,246.923012,-7.684838,290.876366,246.039911,-9.012937,365.991986,168.705814,95.486030,282.631654,169.117991,100.385493,362.483730,161.397050,100.461729,284.967936,162.626085,106.914724,372.656697,138.096199,3.181813,279.532076,138.592720,17.964976
0.000000,0.000000,0.000000,0.000000,0.000000,0.000000,0.000000,0.000000,0.000000,0.000000,0.000000,0.000000,0.000000,0.000000,0.000000,0.000000,0.000000,0.000000,0.000000,0.000000,0.000000,0.000000,0.000000,0.000000,0.000000,0.000000,0.000000,0.000000,0.000000,0.000000,0.000000,0.000000,0.000000,0.000000,0.000000,0.000000,0.000000,0.000000,0.000000,0.000000,0.000000,0.000000,0.000000,0.000000,0.000000,0.000000,0.000000,0.000000,0.000000,0.000000,0.000000,0.000000,326.411811,515.844004,-141.312078,331.309158,522.964568,-129.776631,334.524457,522.392117,-129.780858,337.379133,521.556898,-129.745104,322.255487,523.464920,-129.607092,318.537097,523.300614,-129.634511,314.655746,522.926147,-129.646402,341.962335,515.181028,-64.310185,309.129864,516.840132,-62.056535,331.055964,504.915682,-119.075069,318.774976,506.125153,-118.856738,366.773787,452.672863,-37.573008,279.478759,464.266361,-18.342953,378.829111,388.377879,-33.596636,240.676495,420.441607,-107.454692,389.553744,338.038401,-91.374112,224.704227,464.326487,-279.803350,397.989239,324.566004,-102.412277,217.883133,479.348161,-310.501360,396.142950,324.080681,-119.203486,221.804842,484.605989,-307.473101,391.476381,328.015055,-98.588424,226.608807,479.199192,-282.343824,348.250653,340.469283,-0.404694,297.861648,340.534270,0.234637,356.710921,248.706862,-9.541186,290.617112,247.990706,-10.813439,366.539995,169.189539,91.508876,282.517627,169.579524,95.602891,363.137573,161.910745,96.239798,284.893729,163.054075,101.919175,372.804544,138.241441,-2.596113,279.643386,138.671627,12.451624
0.000000,0.000000,0.000000,0.000000,0.000000,0.000000,0.000000,0.000000,0.000000,0.000000,0.000000,0.000000,0.000000,0.000000,0.000000,0.000000,0.000000,0.000000,0.000000,0.000000,0.000000,0.000000,0.000000,0.000000,0.000000,0.000000,0.000000,0.000000,0.000000,0.000000,0.000000,0.000000,0.000000,0.000000,0.000000,0.000000,0.000000,0.000000,0.000000,0.000000,0.000000,0.000000,0.000000,0.000000,0.000000,0.000000,0.000000,0.000000,0.000000,0.000000,0.000000,0.000000,326.967725,518.628607,-138.913839,331.944441,525.748993,-127.498589,335.168132,525.181242,-127.503874,338.063000,524.350041,-127.469613,322.842186,526.258135,-127.585032,319.094876,526.099547,-127.613222,315.200658,525.728715,-127.626838,342.693057,517.973945,-62.531554,309.702187,519.691209,-60.151998,331.658613,507.634850,-117.258898,319.279253,508.861955,-117.150485,367.057040,455.306950,-35.615295,279.870914,468.028135,-16.187521,378.551275,391.005269,-31.842967,239.117002,426.174086,-108.028716,388.549418,340.232704,-88.877809,225.452233,472.337907,-282.224902,396.596105,326.434960,-99.590234,219.435675,488.056781,-313.534867,394.678136,325.884955,-116.248163,223.676167,493.071534,-309.069309,390.101758,329.892888,-96.035687,228.208170,487.405429,-284.249392,348.058773,343.139225,-0.468141,297.717517,343.275862,0.294337,356.768634,250.512101,-11.330040,290.327960,249.951638,-12.420508,367.142340,169.768518,88.638089,282.353053,170.109749,91.891119,363.861060,162.518122,93.213219,284.787955,163.546422,98.053756,372.976098,138.461073,-7.449091,279.663947,138.817401,7.681808
0.000000,0.000000,0.000000,0.000000,0.000000,0.000000,0.000000,0.000000,0.000000,0.000000,0.000000,0.000000,0.000000,0.000000,0.000000,0.000000,0.000000,0.000000,0.000000,0.000000,0.000000,0.000000,0.000000,0.000000,0.000000,0.000000,0.000000,0.000000,0.000000,0.000000,0.000000,0.000000,0.000000,0.000000,0.000000,0.000000,0.000000,0.000000,0.000000,0.000000,0.000000,0.000000,0.000000,0.000000,0.000000,0.000000,0.000000,0.000000,0.000000,0.000000,0.000000,0.000000,327.532451,521.279329,-138.453197,332.580416,528.398151,-127.136144,335.808448,527.837438,-127.142433,338.746856,527.014709,-127.110149,323.430120,528.916688,-127.539258,319.651110,528.764169,-127.568900,315.747469,528.397233,-127.584529,343.420346,520.643637,-62.398757,310.268422,522.406531,-60.043246,332.271316,510.214254,-117.301315,319.801333,511.442027,-117.361717,367.323890,457.853721,-34.848653,280.254887,471.723750,-15.400693,378.271405,393.564657,-31.068796,237.555455,432.024826,-109.628648,387.562962,342.364884,-87.744700,226.206743,480.124177,-285.792785,395.207180,328.240100,-98.233606,220.970661,496.439253,-317.824069,393.228484,327.638263,-114.902045,225.489073,501.199805,-312.179677,388.748070,331.714793,-94.923711,229.754437,495.308322,-287.435031,347.857594,345.762667,-0.541521,297.550869,345.976957,0.364166,356.838811,252.338730,-13.051400,290.008909,251.922707,-13.834142,367.799021,170.442753,86.873670,282.137931,170.708667,89.250176,364.654191,163.219181,91.381992,284.650616,164.103127,95.318467,373.171361,138.755097,-11.377121,279.593758,139.030042,3.655527
0.000000,0.000000,0.000000,0.000000,0.000000,0.000000,0.000000,0.000000,0.000000,0.000000,0.000000,0.000000,0.000000,0.000000,0.000000,0.000000,0.000000,0.000000,0.000000,0.000000,0.000000,0.000000,0.000000,0.000000,0.000000,0.000000,0.000000,0.000000,0.000000,0.000000,0.000000,0.000000,0.000000,0.000000,0.000000,0.000000,0.000000,0.000000,0.000000,0.000000,0.000000,0.000000,0.000000,0.000000,0.000000,0.000000,0.000000,0.000000,0.000000,0.000000,0.000000,0.000000,328.105989,523.796170,-139.930153,333.217081,530.912043,-128.689293,336.445407,530.360703,-128.696534,339.430701,529.550901,-128.666711,324.019288,531.440580,-129.469771,320.205799,531.294479,-129.501545,316.296180,530.931700,-129.519477,344.144202,523.190107,-63.911793,310.828570,524.986098,-61.730280,332.894073,512.653894,-119.202320,320.341216,513.865368,-119.490434,367.574337,460.313175,-35.273083,280.630677,475.353204,-15.982468,377.989503,396.056044,-31.274121,235.991856,437.993827,-112.254490,386.594377,344.434940,-87.974785,226.967756,487.685297,-290.506997,393.822465,329.981423,-98.342393,222.488093,504.495576,-323.368966,391.793994,329.340606,-115.165131,227.243558,508.990802,-316.804203,387.415317,333.480771,-95.252495,231.247608,502.907873,-291.900739,347.647117,348.339609,-0.624835,297.361703,348.637557,0.444124,356.921454,254.186747,-14.705266,289.659960,253.903913,-15.054341,368.510038,171.212243,86.215618,281.872261,171.376277,87.680063,365.516965,164.013922,90.746116,284.481711,164.724189,93.713308,373.390332,139.123512,-14.380202,279.432820,139.309550,0.372781
0.000000,0.000000,0.000000,0.000000,0.000000,0.000000,0.000000,0.000000,0.000000,0.000000,0.000000,0.000000,0.000000,0.000000,0.000000,0.000000,0.000000,0.000000,0.000000,0.000000,0.000000,0.000000,0.000000,0.000000,0.000000,0.000000,0.000000,0.000000,0.000000,0.000000,0.000000,0.000000,0.000000,0.000000,0.000000,0.000000,0.000000,0.000000,0.000000,0.000000,0.000000,0.000000,0.000000,0.000000,0.000000,0.000000,0.000000,0.000000,0.000000,0.000000,0.000000,0.000000,328.688339,526.179131,-143.344707,333.854436,533.290668,-132.158038,337.079008,532.751038,-132.166178,340.114534,531.958618,-132.139299,324.609691,533.829809,-133.376571,320.758941,533.690477,-133.411157,316.846791,533.332117,-133.431681,344.864625,525.613354,-67.070662,311.382630,527.429910,-65.213099,333.526883,514.953771,-122.961913,320.898903,516.131980,-123.536635,367.808380,462.685312,-36.888585,280.998286,478.916499,-17.932846,377.705566,398.479430,-32.458944,234.426203,444.081089,-115.906240,385.643662,346.442874,-89.568064,227.735272,495.021266,-296.367540,392.441959,331.658929,-99.916595,223.987969,512.225751,-330.169558,390.374665,330.991983,-117.037423,228.939623,516.444525,-322.942887,386.103497,335.190821,-97.022038,232.687681,510.204080,-297.646518,347.427340,350.870052,-0.718082,297.150020,351.257660,0.534211,357.016562,256.056152,-16.291637,289.281113,255.895257,-16.081107,369.275391,172.076987,86.663933,281.556043,172.112580,87.180780,366.449382,164.902346,91.305593,284.281240,165.409609,93.238278,373.633011,139.566318,-16.458336,279.181132,139.655924,-2.166430
0.000000,0.000000,0.000000,0.000000,0.000000,0.000000,0.000000,0.000000,0.000000,0.000000,0.000000,0.000000,0.000000,0.000000,0.000000,0.000000,0.000000,0.000000,0.000000,0.000000,0.000000,0.000000,0.000000,0.000000,0.000000,0.000000,0.000000,0.000000,0.000000,0.000000,0.000000,0.000000,0.000000,0.000000,0.000000,0.000000,0.000000,0.000000,0.000000,0.000000,0.000000,0.000000,0.000000,0.000000,0.000000,0.000000,0.000000,0.000000,0.000000,0.000000,0.000000,0.000000,329.279502,528.428212,-148.696859,334.492483,535.534026,-137.542379,337.709252,535.008442,-137.551364,340.798356,534.237859,-137.527913,325.201327,536.084376,-139.259657,321.310538,535.952162,-139.297737,317.399301,535.598483,-139.321141,345.581616,527.913377,-71.875366,311.930602,529.737967,-70.491704,334.169747,517.113885,-128.580094,321.474393,518.241861,-129.500320,368.026020,464.970132,-39.695159,281.357714,482.413634,-21.251827,377.419597,400.834814,-34.623263,232.858497,450.286611,-120.583900,384.710818,348.388684,-92.524538,228.509293,502.132086,-303.374413,391.065663,333.272620,-102.956211,225.470290,519.629777,-338.225846,388.970499,332.592395,-120.518920,230.577269,523.560974,-330.595730,384.812612,336.844944,-100.232342,234.074658,517.196945,-304.672366,347.198265,353.353996,-0.821262,296.915819,353.837268,0.634426,357.124135,257.946947,-17.810514,288.872367,257.896737,-16.914438,370.095080,173.036987,88.218615,281.189277,172.917575,87.752326,367.451444,165.884451,93.060421,284.049204,166.159386,93.893378,373.899398,140.083515,-17.611521,278.838695,140.069166,-3.962107
0.000000,0.000000,0.000000,0.000000,0.000000,0.000000,0.000000,0.000000,0.000000,0.000000,0.000000,0.000000,0.000000,0.000000,0.000000,0.000000,0.000000,0.000000,0.000000,0.000000,0.000000,0.000000,0.000000,0.000000,0.000000,0.000000,0.000000,0.000000,0.000000,0.000000,0.000000,0.000000,0.000000,0.000000,0.000000,0.000000,0.000000,0.000000,0.000000,0.000000,0.000000,0.000000,0.000000,0.000000,0.000000,0.000000,0.000000,0.000000,0.000000,0.000000,0.000000,0.000000,329.879476,530.543413,-155.986609,335.131220,537.642118,-144.842314,338.336138,537.132916,-144.852093,341.482167,536.388626,-144.832553,325.794198,538.204281,-147.119030,321.860588,538.079536,-147.161283,317.953710,537.730799,-147.187857,346.295174,530.090178,-78.325902,312.472487,531.910269,-77.566095,334.822665,519.134235,-136.056863,322.067686,520.195012,-137.381490,368.227256,467.167636,-43.692804,281.708959,485.844609,-25.939412,377.131594,403.122197,-37.767080,231.288737,456.610395,-126.287470,383.795845,350.272371,-96.844206,229.289817,509.017756,-311.527615,389.693576,334.822493,-107.461243,226.935056,526.707655,-347.537829,387.581495,334.141842,-125.609621,232.156494,530.340150,-339.762731,383.542661,338.443139,-104.883406,235.408539,523.886467,-312.978285,346.959891,355.791440,-0.934377,296.659101,356.376379,0.744770,357.244173,259.859131,-19.261897,288.433723,259.908355,-17.554335,370.969106,174.092241,90.879665,280.771963,173.791263,89.394702,368.523148,166.960239,96.010600,283.785601,166.973521,95.678608,374.189494,140.675103,-17.839758,278.405508,140.549274,-5.014248
0.000000,0.000000,0.000000,0.000000,0.000000,0.000000,0.000000,0.000000,0.000000,0.000000,0.000000,0.000000,0.000000,0.000000,0.000000,0.000000,0.000000,0.000000,0.000000,0.000000,0.000000,0.000000,0.000000,0.000000,0.000000,0.000000,0.000000,0.000000,0.000000,0.000000,0.000000,0.000000,0.000000,0.000000,0.000000,0.000000,0.000000,0.000000,0.000000,0.000000,0.000000,0.000000,0.000000,0.000000,0.000000,0.000000,0.000000,0.000000,0.000000,0.000000,0.000000,0.000000,330.488263,532.524733,-165.213958,335.770648,539.614944,-154.057846,338.959666,539.124460,-154.068364,342.165966,538.410916,-154.053220,326.388303,540.189524,-156.954689,322.409093,540.072598,-157.001797,318.510019,539.729065,-157.031830,347.005298,532.143755,-86.422273,313.008284,533.946816,-86.436272,335.485636,521.014821,-145.392220,322.678783,521.991432,-147.180145,368.412089,469.277824,-48.881521,282.052022,489.209424,-31.995600,376.841558,405.341578,-41.890393,229.716925,463.052439,-133.016948,382.898742,352.093935,-102.527067,230.076845,515.678276,-320.827148,388.325699,336.308551,-113.431689,228.382266,533.459384,-358.105507,386.207652,335.640323,-132.309528,233.677300,536.782052,-350.443891,382.293645,339.985407,-110.975229,236.689323,530.272646,-322.564274,346.712218,358.182385,-1.057424,296.379865,358.874995,0.865244,357.376677,261.792703,-20.645786,287.965181,261.930110,-18.000798,371.897468,175.242750,94.647082,280.304101,174.733643,92.107908,369.664497,168.129710,100.156132,283.490433,167.852013,98.593968,374.503297,141.341083,-17.143047,277.881571,141.096249,-5.322854
0.000000,0.000000,0.000000,0.000000,0.000000,0.000000,0.000000,0.000000,0.000000,0.000000,0.000000,0.000000,0.000000,0.000000,0.000000,0.000000,0.000000,0.000000,0.000000,0.000000,0.000000,0.000000,0.000000,0.000000,0.000000,0.000000,0.000000,0.000000,0.000000,0.000000,0.000000,0.000000,0.000000,0.000000,0.000000,0.000000,0.000000,0.000000,0.000000,0.000000,0.000000,0.000000,0.000000,0.000000,0.000000,0.000000,0.000000,0.000000,0.000000,0.000000,0.000000,0.000000,331.105862,534.372173,-176.378904,336.410766,541.452503,-165.188972,339.579837,540.983074,-165.200178,342.849754,540.304732,-165.189913,326.983642,542.040106,-168.766635,322.956052,541.931348,-168.819277,319.068228,541.593280,-168.853058,347.711991,534.074109,-96.164477,313.537993,535.847609,-97.102234,336.158662,522.755644,-156.586164,323.307683,523.631123,-158.896284,368.580519,471.300694,-55.261310,282.386903,492.508079,-39.420391,376.549488,407.492958,-46.993204,228.143059,469.612745,-140.772335,382.019510,353.853375,-109.573123,230.870376,522.113646,-331.273011,386.962031,337.730792,-120.867551,229.811921,539.884965,-369.928880,384.848972,337.087838,-140.618639,235.139686,542.886680,-362.639209,381.065563,341.471747,-118.507813,237.917010,536.355482,-333.430332,346.455246,360.526830,-1.190405,296.078112,361.333114,0.995846,357.521645,263.747664,-21.962181,287.466740,263.962002,-18.253827,372.880166,176.488514,99.520867,279.785692,175.744716,95.891944,370.875489,169.392862,105.497015,283.163699,168.794863,102.639457,374.840809,142.081454,-15.521388,277.266885,141.710091,-4.887925
0.000000,0.000000,0.000000,0.000000,0.000000,0.000000,0.000000,0.000000,0.000000,0.000000,0.000000,0.000000,0.000000,0.000000,0.000000,0.000000,0.000000,0.000000,0.000000,0.000000,0.000000,0.000000,0.000000,0.000000,0.000000,0.000000,0.000000,0.000000,0.000000,0.000000,0.000000,0.000000,0.000000,0.000000,0.000000,0.000000,0.000000,0.000000,0.000000,0.000000,0.000000,0.000000,0.000000,0.000000,0.000000,0.000000,0.000000,0.000000,0.000000,0.000000,0.000000,0.000000,331.732273,536.085733,-189.481448,337.051576,543.154795,-178.235694,340.196650,542.708758,-178.247535,343.533531,542.070072,-178.242631,327.580215,543.756025,-182.554868,323.501466,543.655786,-182.613725,319.628336,543.323445,-182.651543,348.415250,535.881240,-107.552514,314.061614,537.612646,-109.563982,336.841741,524.356703,-169.638697,323.954386,525.114083,-172.529908,368.732545,473.236249,-62.832171,282.713603,495.740575,-48.213785,376.255386,409.576336,-53.075511,226.567140,476.291311,-149.553632,381.158149,355.550693,-117.982374,231.670411,528.323866,-342.865204,385.602573,339.089216,-129.768827,231.224021,545.984397,-383.007949,383.505453,338.484389,-150.536955,236.543651,548.654034,-376.348685,379.858415,342.902160,-127.481157,239.091601,542.134975,-345.576461,346.188975,362.824775,-1.333320,295.753842,363.750737,1.136576,357.679079,265.724014,-23.211081,286.938401,266.004031,-18.313422,373.917200,177.829533,105.501019,279.216734,176.824482,100.746809,372.156124,170.749697,112.033249,282.805399,169.802070,107.815077,375.202028,142.896216,-12.974781,276.561450,142.390800,-3.709461
0.000000,0.000000,0.000000,0.000000,0.000000,0.000000,0.000000,0.000000,0.000000,0.000000,0.000000,0.000000,0.000000,0.000000,0.000000,0.000000,0.000000,0.000000,0.000000,0.000000,0.000000,0.000000,0.000000,0.000000,0.000000,0.000000,0.000000,0.000000,0.000000,0.000000,0.000000,0.000000,0.000000,0.000000,0.000000,0.000000,0.000000,0.000000,0.000000,0.000000,0.000000,0.000000,0.000000,0.000000,0.000000,0.000000,0.000000,0.000000,0.000000,0.000000,0.000000,0.000000,332.354760,537.465690,-205.218442,337.578667,544.467799,-192.922720,340.645113,544.006377,-192.922988,343.977702,543.366719,-192.919929,328.165608,545.133619,-197.732098,324.083558,545.058901,-197.795987,320.244412,544.762345,-197.831514,348.810373,537.060611,-118.465775,314.520167,538.959498,-121.760506,337.436225,525.789496,-182.114426,324.522996,526.531028,-185.846897,368.834651,474.622055,-69.773237,282.650093,498.402687,-57.257684,376.195582,411.221392,-57.984997,226.160206,482.603516,-163.220056,380.680178,356.836140,-127.117248,231.756080,535.116585,-362.695997,384.606248,340.208313,-140.145219,231.375010,552.786189,-404.613581,382.471972,339.635351,-162.254952,236.780684,555.251354,-398.832965,379.033671,344.117233,-137.258862,239.252347,548.803651,-366.180674,346.155550,364.252748,-1.447226,295.580976,365.344358,1.248492,357.806745,266.973692,-22.772066,286.646318,267.098498,-16.405186,374.529796,178.674590,111.426446,278.584532,177.938074,108.135001,373.289391,171.269203,118.315134,282.494335,170.958107,115.410073,375.543649,143.991259,-10.758619,275.306715,143.452036,0.698455
0.000000,0.000000,0.000000,0.000000,0.000000,0.000000,0.000000,0.000000,0.000000,0.000000,0.000000,0.000000,0.000000,0.000000,0.000000,0.000000,0.000000,0.000000,0.000000,0.000000,0.000000,0.000000,0.000000,0.000000,0.000000,0.000000,0.000000,0.000000,0.000000,0.000000,0.000000,0.000000,0.000000,0.000000,0.000000,0.000000,0.000000,0.000000,0.000000,0.000000,0.000000,0.000000,0.000000,0.000000,0.000000,0.000000,0.000000,0.000000,0.000000,0.000000,0.000000,0.000000,332.960723,538.830827,-215.730051,338.065721,545.743646,-202.629022,341.095998,545.284225,-202.622085,344.428535,544.667840,-202.621562,328.746598,546.418470,-207.484224,324.710356,546.341245,-207.550454,320.921178,546.053984,-207.582880,349.196305,538.394448,-124.138508,315.032491,540.236939,-128.957202,338.031009,527.142104,-190.225569,325.174925,527.860374,-194.345917,368.844759,476.006422,-73.018935,282.686594,500.943051,-63.451326,375.998105,412.692257,-60.525837,225.152320,488.740783,-172.215492,380.010971,357.854947,-130.667353,232.050669,541.090891,-372.047031,383.567306,341.093353,-144.488979,231.876201,558.981111,-414.736050,381.435953,340.523715,-167.378581,237.360230,561.237076,-409.089368,378.142304,345.090126,-141.152222,239.715665,554.668225,-375.793538,345.988505,365.932335,-1.408275,295.382251,367.084238,1.207824,357.993253,268.490895,-22.328785,286.364013,268.705803,-16.112349,375.310558,179.831038,115.007703,277.995884,179.116936,111.168870,374.279518,172.367376,122.095593,282.096520,172.075209,118.532189,375.943578,145.045106,-8.927767,274.277652,144.500686,1.297102
0.000000,0.000000,0.000000,0.000000,0.000000,0.000000,0.000000,0.000000,0.000000,0.000000,0.000000,0.000000,0.000000,0.000000,0.000000,0.000000,0.000000,0.000000,0.000000,0.000000,0.000000,0.000000,0.000000,0.000000,0.000000,0.000000,0.000000,0.000000,0.000000,0.000000,0.000000,0.000000,0.000000,0.000000,0.000000,0.000000,0.000000,0.000000,0.000000,0.000000,0.000000,0.000000,0.000000,0.000000,0.000000,0.000000,0.000000,0.000000,0.000000,0.000000,0.000000,0.000000,333.512484,540.041298,-224.415314,338.510050,546.871582,-210.586373,341.507706,546.413901,-210.573299,344.837435,545.818774,-210.574983,329.281779,547.552791,-215.422670,325.293475,547.472496,-215.490694,321.554429,547.193513,-215.520158,349.546661,539.580461,-128.551047,315.532617,541.374405,-134.609756,338.571059,528.349803,-196.776681,325.778406,529.051131,-201.185900,368.851038,477.252336,-75.498705,282.788778,503.251201,-68.475043,375.809449,414.011562,-62.476805,224.435240,494.600855,-179.245657,379.399344,358.770392,-133.375600,232.263415,546.811106,-378.399270,382.622124,341.882028,-147.891405,232.214629,564.919679,-421.654601,380.490951,341.310982,-171.453747,237.750842,566.997295,-416.226580,377.328075,345.971405,-144.159706,240.013332,560.316200,-382.424713,345.828779,367.454213,-1.368645,295.196975,368.653908,1.166650,358.141444,269.870626,-21.950789,286.107540,270.170944,-15.930977,375.955587,180.891669,117.970172,277.446047,180.193816,113.675040,375.101261,173.373626,125.225253,281.714503,173.104236,121.107647,376.210304,146.031067,-7.429926,273.338283,145.485434,1.688242
0.000000,0.000000,0.000000,0.000000,0.000000,0.000000,0.000000,0.000000,0.000000,0.000000,0.000000,0.000000,0.000000,0.000000,0.000000,0.000000,0.000000,0.000000,0.000000,0.000000,0.000000,0.000000,0.000000,0.000000,0.000000,0.000000,0.000000,0.000000,0.000000,0.000000,0.000000,0.000000,0.000000,0.000000,0.000000,0.000000,0.000000,0.000000,0.000000,0.000000,0.000000,0.000000,0.000000,0.000000,0.000000,0.000000,0.000000,0.000000,0.000000,0.000000,0.000000,0.000000,334.010045,541.097103,-231.274230,338.911656,547.851608,-216.794773,341.880237,547.395403,-216.776630,345.204404,546.819520,-216.780192,329.771148,548.536580,-221.547438,325.832914,548.452653,-221.616705,322.144165,548.180930,-221.643346,349.861440,540.618652,-131.703390,316.020547,542.371896,-138.718169,339.056375,529.412593,-201.767761,326.333438,530.103298,-206.366845,368.853489,478.359797,-77.212546,282.956645,505.327139,-72.328835,375.629613,415.179305,-63.837898,224.008967,500.183731,-184.310552,378.845297,359.582477,-135.241988,232.394320,552.277231,-381.752715,381.770703,342.574338,-150.352498,232.390295,570.601894,-425.369233,379.636967,341.997151,-174.480450,237.952519,572.532010,-420.244602,376.590986,346.761069,-146.281312,240.145348,565.747576,-386.074200,345.676372,368.818383,-1.328336,295.025147,370.053369,1.124970,358.251319,271.112885,-21.638079,285.876898,271.493921,-15.861069,376.464885,181.856483,120.313853,276.935022,181.168714,115.653511,375.754622,174.287954,127.704113,281.348282,174.045190,123.136447,376.343826,146.949144,-6.265095,272.488608,146.406280,1.871876
0.000000,0.000000,0.000000,0.000000,0.000000,0.000000,0.000000,0.000000,0.000000,0.000000,0.000000,0.000000,0.000000,0.000000,0.000000,0.000000,0.000000,0.000000,0.000000,0.000000,0.000000,0.000000,0.000000,0.000000,0.000000,0.000000,0.000000,0.000000,0.000000,0.000000,0.000000,0.000000,0.000000,0.000000,0.000000,0.000000,0.000000,0.000000,0.000000,0.000000,0.000000,0.000000,0.000000,0.000000,0.000000,0.000000,0.000000,0.000000,0.000000,0.000000,0.000000,0.000000,334.453405,541.998242,-236.306800,339.270536,548.683722,-221.254222,342.213592,548.228732,-221.232079,345.529440,547.670079,-221.237189,330.214707,549.369839,-225.858525,326.328675,549.281716,-225.928489,322.690386,549.016237,-225.952446,350.140644,541.509020,-133.595540,316.496280,543.229411,-141.282440,339.486956,530.330475,-205.198808,326.840021,531.016876,-209.888754,368.852110,479.328805,-78.160458,283.190195,507.170863,-75.012701,375.458600,416.195487,-64.609119,223.873502,505.489411,-187.410176,378.348830,360.291199,-136.266519,232.443383,557.489266,-382.107367,381.013044,343.170282,-151.872258,232.403200,576.027756,-425.879947,378.874001,342.582223,-176.458690,237.965260,577.841223,-421.143434,375.931037,347.459118,-147.517041,240.111715,570.962354,-386.741999,345.531284,370.024844,-1.287346,294.866768,371.282620,1.082784,358.322878,272.217671,-21.390655,285.672089,272.674734,-15.902626,376.838451,182.725481,122.038747,276.462808,182.041630,117.104283,376.239599,175.110361,129.532173,280.997858,174.898069,124.618590,376.344145,147.799336,-5.433276,271.728629,147.263225,1.848003
0.000000,0.000000,0.000000,0.000000,0.000000,0.000000,0.000000,0.000000,0.000000,0.000000,0.000000,0.000000,0.000000,0.000000,0.000000,0.000000,0.000000,0.000000,0.000000,0.000000,0.000000,0.000000,0.000000,0.000000,0.000000,0.000000,0.000000,0.000000,0.000000,0.000000,0.000000,0.000000,0.000000,0.000000,0.000000,0.000000,0.000000,0.000000,0.000000,0.000000,0.000000,0.000000,0.000000,0.000000,0.000000,0.000000,0.000000,0.000000,0.000000,0.000000,0.000000,0.000000,334.842564,542.744715,-239.513023,339.586692,549.367926,-223.964721,342.507771,548.913888,-223.939644,345.812545,548.370450,-223.945973,330.612456,550.052568,-228.355934,326.780757,549.959686,-228.426045,323.193092,549.699432,-228.447457,350.384271,542.251566,-134.227495,316.959816,543.946950,-142.302568,339.862804,531.103448,-207.069824,327.298156,531.791865,-211.751625,368.846903,480.159361,-78.342443,283.489428,508.782373,-76.526641,375.296407,417.060108,-64.790465,224.028843,510.517897,-188.544530,377.909943,360.896561,-136.449191,232.410603,562.447211,-379.463224,380.349146,343.669861,-152.450685,232.253343,581.197265,-423.186743,378.202052,343.066197,-177.388467,237.789067,582.924932,-418.923075,375.348226,348.065553,-147.866893,239.912430,575.960532,-384.428110,345.393515,371.073597,-1.245678,294.721837,372.341663,1.040091,358.356122,273.184984,-21.208516,285.493110,273.713383,-16.055648,377.076286,183.498662,123.144853,276.029406,182.812564,118.027356,376.556193,175.840846,130.709433,280.663230,175.662874,125.554075,376.211261,148.581644,-4.934467,271.058344,148.056268,1.616624
0.000000,0.000000,0.000000,0.000000,0.000000,0.000000,0.000000,0.000000,0.000000,0.000000,0.000000,0.000000,0.000000,0.000000,0.000000,0.000000,0.000000,0.000000,0.000000,0.000000,0.000000,0.000000,0.000000,0.000000,0.000000,0.000000,0.000000,0.000000,0.000000,0.000000,0.000000,0.000000,0.000000,0.000000,0.000000,0.000000,0.000000,0.000000,0.000000,0.000000,0.000000,0.000000,0.000000,0.000000,0.000000,0.000000,0.000000,0.000000,0.000000,0.000000,0.000000,0.000000,335.177523,543.336523,-240.892900,339.860123,549.904218,-224.926268,342.762773,549.450872,-224.899327,346.053717,548.920633,-224.906546,330.964394,550.584766,-229.039662,327.189160,550.486562,-229.109373,323.652284,550.230517,-229.128379,350.592323,542.846288,-133.599255,317.411156,544.524513,-141.778555,340.183917,531.731513,-207.380807,327.707843,532.428264,-211.955460,368.837866,480.851463,-77.758498,283.854344,510.161671,-76.870657,375.143036,417.773168,-64.381939,224.474991,515.269186,-187.713613,377.528637,361.398561,-135.790006,232.295981,567.151066,-373.820288,379.779008,344.073075,-152.087779,231.940724,586.110420,-417.289620,377.621122,343.449074,-177.269782,237.423939,587.783138,-413.583527,374.842554,348.580374,-147.330868,239.547495,580.742112,-379.132532,345.263066,371.964642,-1.203329,294.590356,373.230496,0.996892,358.351049,274.014825,-21.091663,285.339964,274.609869,-16.320134,377.178388,184.176026,123.632171,275.634815,183.481515,118.422729,376.704405,176.479409,131.235893,280.344400,176.339605,125.942902,375.945174,149.296066,-4.768668,270.477754,148.785409,1.177737
0.000000,0.000000,0.000000,0.000000,0.000000,0.000000,0.000000,0.000000,0.000000,0.000000,0.000000,0.000000,0.000000,0.000000,0.000000,0.000000,0.000000,0.000000,0.000000,0.000000,0.000000,0.000000,0.000000,0.000000,0.000000,0.000000,0.000000,0.000000,0.000000,0.000000,0.000000,0.000000,0.000000,0.000000,0.000000,0.000000,0.000000,0.000000,0.000000,0.000000,0.000000,0.000000,0.000000,0.000000,0.000000,0.000000,0.000000,0.000000,0.000000,0.000000,0.000000,0.000000,335.458280,543.773665,-240.446431,340.090830,550.292600,-224.138864,342.978598,549.839682,-224.111126,346.252957,549.320629,-224.118906,331.270522,550.966433,-227.909711,327.553884,550.862344,-227.978473,324.067961,550.609491,-227.995212,350.764798,543.293187,-131.710821,317.850299,544.962102,-139.710400,340.450296,532.214669,-206.131758,328.069081,532.926074,-210.500257,368.825001,481.405112,-76.408625,284.284944,511.308755,-76.044746,374.998486,418.334667,-63.383539,225.211947,519.743280,-184.917425,377.204910,361.797200,-134.288962,232.099517,571.600831,-365.178558,379.302632,344.379924,-150.783539,231.465344,590.767222,-408.188579,377.131209,343.730853,-176.102634,236.869877,592.415841,-405.124789,374.414022,349.003580,-145.908966,239.016910,585.307092,-370.855266,345.139935,372.697979,-1.160301,294.472323,373.949119,0.953186,358.307661,274.707194,-21.040096,285.212648,275.364190,-16.696085,377.144758,184.757574,123.500701,275.279036,184.048485,118.290404,376.684233,177.026050,131.111553,280.041366,176.928262,125.785072,375.545884,149.942603,-4.935881,269.986858,149.450649,0.531345
0.000000,0.000000,0.000000,0.000000,0.000000,0.000000,0.000000,0.000000,0.000000,0.000000,0.000000,0.000000,0.000000,0.000000,0.000000,0.000000,0.000000,0.000000,0.000000,0.000000,0.000000,0.000000,0.000000,0.000000,0.000000,0.000000,0.000000,0.000000,0.000000,0.000000,0.000000,0.000000,0.000000,0.000000,0.000000,0.000000,0.000000,0.000000,0.000000,0.000000,0.000000,0.000000,0.000000,0.000000,0.000000,0.000000,0.000000,0.000000,0.000000,0.000000,0.000000,0.000000,335.684837,544.056141,-238.173615,340.278813,550.533071,-221.602510,343.155247,550.080320,-221.575043,346.410266,549.570437,-221.583054,331.530839,551.197569,-224.966081,327.874930,551.087033,-225.033345,324.440123,550.836354,-225.047956,350.901697,543.592264,-128.562192,318.277245,545.259714,-136.098102,340.661940,532.552916,-203.322676,328.381870,533.285295,-207.386018,368.808307,481.820308,-74.292824,284.781227,512.223626,-74.048911,374.862757,418.744605,-61.795266,226.239709,523.940179,-180.155967,376.938763,362.092477,-131.946060,231.821211,575.796506,-353.538034,378.920017,344.590408,-148.537967,230.827201,595.167671,-395.883620,376.732315,343.911535,-173.887023,236.126879,596.823041,-393.546860,374.062628,349.335171,-143.601187,238.320674,589.655474,-359.596312,345.024124,373.273607,-1.116593,294.367739,374.497534,0.908975,358.225957,275.262090,-21.053815,285.111165,275.976347,-17.183501,376.975397,185.243304,122.750444,274.962068,184.513472,117.630380,376.495678,177.480770,130.336413,279.754128,177.428845,125.080583,375.013390,150.521256,-5.436104,269.585657,150.051987,-0.322555
0.000000,0.000000,0.000000,0.000000,0.000000,0.000000,0.000000,0.000000,0.000000,0.000000,0.000000,0.000000,0.000000,0.000000,0.000000,0.000000,0.000000,0.000000,0.000000,0.000000,0.000000,0.000000,0.000000,0.000000,0.000000,0.000000,0.000000,0.000000,0.000000,0.000000,0.000000,0.000000,0.000000,0.000000,0.000000,0.000000,0.000000,0.000000,0.000000,0.000000,0.000000,0.000000,0.000000,0.000000,0.000000,0.000000,0.000000,0.000000,0.000000,0.000000,0.000000,0.000000,335.857193,544.183951,-234.074453,340.424071,550.625631,-217.317204,343.292719,550.172784,-217.291077,346.525642,549.670057,-217.298990,331.745346,551.278175,-220.208771,328.152296,551.160628,-220.273989,324.768770,550.911106,-220.286612,351.003020,543.743517,-124.153369,318.691994,545.417351,-130.941663,340.818851,532.746255,-198.953563,328.646211,533.505926,-202.612741,368.787783,482.097051,-71.411094,285.343192,512.906284,-70.883150,374.735849,419.002982,-59.617120,227.558278,527.859882,-173.429239,376.730197,362.284393,-128.761300,231.461063,579.738091,-338.898715,378.631164,344.704526,-145.351061,230.026297,599.311767,-380.374742,376.424438,343.991119,-170.622950,235.194947,601.004738,-378.849742,373.788374,349.575148,-140.407531,237.458788,593.787257,-345.355670,344.915632,373.691527,-1.072206,294.276603,374.875739,0.864257,358.105936,275.679513,-21.132819,285.035513,276.446340,-17.782382,376.670303,185.633218,121.381399,274.683912,184.876476,116.442656,376.138740,177.843568,128.910473,279.482688,177.841354,123.829438,374.347693,151.032023,-6.269338,269.274151,150.589423,-1.383961
0.000000,0.000000,0.000000,0.000000,0.000000,0.000000,0.000000,0.000000,0.000000,0.000000,0.000000,0.000000,0.000000,0.000000,0.000000,0.000000,0.000000,0.000000,0.000000,0.000000,0.000000,0.000000,0.000000,0.000000,0.000000,0.000000,0.000000,0.000000,0.000000,0.000000,0.000000,0.000000,0.000000,0.000000,0.000000,0.000000,0.000000,0.000000,0.000000,0.000000,0.000000,0.000000,0.000000,0.000000,0.000000,0.000000,0.000000,0.000000,0.000000,0.000000,0.000000,0.000000,335.975349,544.157095,-228.148945,340.526604,550.570281,-211.282948,343.391015,550.117075,-211.259228,346.599087,549.619490,-211.266714,331.914042,551.208250,-213.637782,328.385983,551.083130,-213.700405,325.053903,550.833747,-213.711178,351.068767,543.746948,-118.484351,319.094547,545.435013,-124.241082,340.921027,532.794685,-193.024417,328.862103,533.587967,-196.180428,368.763431,482.235342,-67.763436,285.970842,513.356728,-66.547463,374.617763,419.109798,-56.849100,229.167654,531.502390,-164.737239,376.579210,362.372948,-124.734682,231.019073,583.425585,-321.260603,378.436071,344.722280,-141.222822,229.062631,603.199509,-361.661946,376.207579,343.969606,-166.310413,234.074080,604.960931,-361.033433,373.591259,349.723510,-136.327998,236.431252,597.702441,-328.133340,344.814459,373.951738,-1.027139,294.198916,375.083735,0.819032,357.947600,275.959464,-21.277109,284.985693,276.774170,-18.492727,376.229478,185.927316,119.393566,274.444567,185.137499,114.727233,375.613418,178.114443,126.833733,279.227044,178.165788,122.031634,373.548793,151.474906,-7.435583,269.052339,151.062958,-2.652874
0.000000,0.000000,0.000000,0.000000,0.000000,0.000000,0.000000,0.000000,0.000000,0.000000,0.000000,0.000000,0.000000,0.000000,0.000000,0.000000,0.000000,0.000000,0.000000,0.000000,0.000000,0.000000,0.000000,0.000000,0.000000,0.000000,0.000000,0.000000,0.000000,0.000000,0.000000,0.000000,0.000000,0.000000,0.000000,0.000000,0.000000,0.000000,0.000000,0.000000,0.000000,0.000000,0.000000,0.000000,0.000000,0.000000,0.000000,0.000000,0.000000,0.000000,0.000000,0.000000,336.039303,543.975573,-220.397090,340.586413,550.367019,-203.499741,343.450134,549.913194,-203.479496,346.630599,549.418735,-203.486225,332.036928,550.987795,-205.253113,328.575992,550.854537,-205.312593,325.295521,550.604278,-205.321656,351.098937,543.602556,-111.555138,319.484903,545.312699,-115.996359,340.968470,532.698207,-185.535239,329.029547,533.531420,-188.089077,368.735251,482.235179,-63.349849,286.664174,513.574959,-61.041852,374.508497,419.065053,-53.491207,231.067837,534.867702,-154.079970,376.485804,362.358141,-119.866206,230.495240,586.858990,-300.623697,378.334740,344.643668,-136.153250,227.936203,606.830899,-339.745231,376.081737,343.846995,-160.949414,232.764278,608.691622,-340.097935,373.471283,349.780258,-131.362588,235.238064,601.401026,-307.929322,344.720605,374.054241,-0.981392,294.134678,375.121522,0.773302,357.750948,276.101942,-21.486685,284.961704,276.959835,-19.314537,375.652921,186.125596,116.786945,274.244034,185.296539,112.484111,374.919714,178.293397,124.106193,278.987197,178.402149,119.687173,372.616689,151.849904,-8.934838,268.920222,151.472591,-4.129294
0.000000,0.000000,0.000000,0.000000,0.000000,0.000000,0.000000,0.000000,0.000000,0.000000,0.000000,0.000000,0.000000,0.000000,0.000000,0.000000,0.000000,0.000000,0.000000,0.000000,0.000000,0.000000,0.000000,0.000000,0.000000,0.000000,0.000000,0.000000,0.000000,0.000000,0.000000,0.000000,0.000000,0.000000,0.000000,0.000000,0.000000,0.000000,0.000000,0.000000,0.000000,0.000000,0.000000,0.000000,0.000000,0.000000,0.000000,0.000000,0.000000,0.000000,0.000000,0.000000,336.049057,543.639386,-210.818889,340.603497,550.015847,-193.967583,343.470077,549.561139,-193.951881,346.620179,549.067793,-193.957524,332.114003,550.616809,-195.054765,328.722321,550.474852,-195.110553,325.493624,550.222697,-195.118045,351.093532,543.310341,-103.365732,319.863062,545.050409,-106.207494,340.961177,532.456820,-176.486029,329.148542,533.336282,-178.338690,368.703241,482.096563,-58.170333,287.423189,513.560977,-54.366314,374.408053,418.868747,-49.543440,233.258827,537.955819,-141.457429,376.449978,362.239973,-114.155871,229.889565,590.038304,-276.987997,378.327169,344.468691,-130.142344,226.647013,610.205935,-314.624599,376.046914,343.623287,-154.539952,231.265541,612.196809,-316.043246,373.428446,349.745392,-125.511301,233.879227,604.883013,-284.743615,344.634070,373.999036,-0.934966,294.083888,374.989099,0.727065,357.515981,276.106948,-21.761546,284.963547,277.003337,-20.247811,374.940632,186.228060,113.561536,274.082312,185.353598,109.713290,374.057627,178.380429,120.727853,278.763147,178.550435,116.796054,371.551383,152.157017,-10.767104,268.877800,151.818322,-5.813220
0.000000,0.000000,0.000000,0.000000,0.000000,0.000000,0.000000,0.000000,0.000000,0.000000,0.000000,0.000000,0.000000,0.000000,0.000000,0.000000,0.000000,0.000000,0.000000,0.000000,0.000000,0.000000,0.000000,0.000000,0.000000,0.000000,0.000000,0.000000,0.000000,0.000000,0.000000,0.000000,0.000000,0.000000,0.000000,0.000000,0.000000,0.000000,0.000000,0.000000,0.000000,0.000000,0.000000,0.000000,0.000000,0.000000,0.000000,0.000000,0.000000,0.000000,0.000000,0.000000,336.004610,543.148532,-199.414341,340.577857,549.516763,-182.686474,343.450842,549.060912,-182.676383,346.567828,548.566662,-182.680612,332.145267,550.095292,-183.042737,328.824972,549.944072,-183.094286,325.648212,549.689006,-183.100345,351.052550,542.870303,-93.916130,320.229024,544.648144,-94.874487,340.899151,532.070525,-165.876787,329.219089,533.002556,-166.929265,368.667402,481.819495,-52.224890,288.247888,513.314781,-46.520852,374.316431,418.520879,-45.005800,235.740625,540.766740,-126.869619,376.471732,362.018444,-107.603679,229.202049,592.963528,-250.353503,378.413360,344.197349,-123.190106,225.195062,613.324617,-286.300047,376.103108,343.298481,-147.082027,229.577869,615.476493,-288.869367,373.462748,349.618911,-118.774137,232.354739,608.148400,-258.576220,344.554854,373.786123,-0.887860,294.046548,374.686467,0.680322,357.242697,275.974481,-22.101693,284.991221,276.904674,-21.292551,374.092611,186.234708,109.717340,273.959402,185.308674,106.414770,373.027156,178.375540,116.698713,278.554893,178.610647,113.358278,370.352873,152.396245,-12.932381,268.925072,152.100151,-7.704653
0.000000,0.000000,0.000000,0.000000,0.000000,0.000000,0.000000,0.000000,0.000000,0.000000,0.000000,0.000000,0.000000,0.000000,0.000000,0.000000,0.000000,0.000000,0.000000,0.000000,0.000000,0.000000,0.000000,0.000000,0.000000,0.000000,0.000000,0.000000,0.000000,0.000000,0.000000,0.000000,0.000000,0.000000,0.000000,0.000000,0.000000,0.000000,0.000000,0.000000,0.000000,0.000000,0.000000,0.000000,0.000000,0.000000,0.000000,0.000000,0.000000,0.000000,0.000000,0.000000,335.905962,542.503013,-186.183447,340.509493,548.869769,-169.656414,343.392432,548.412512,-169.653002,346.473544,547.915345,-169.655487,332.130722,549.423245,-169.217030,328.883944,549.262199,-169.263790,325.759286,549.003203,-169.268557,350.975993,542.282443,-83.206334,320.582790,544.105903,-81.997338,340.782391,531.539321,-153.707513,329.241187,532.530240,-153.860804,368.627734,481.403973,-45.513517,289.138270,512.836372,-37.505464,374.233629,418.021451,-39.878287,238.513229,543.300465,-110.316537,376.551066,361.693553,-100.209628,228.432690,595.634662,-220.720216,378.593312,343.829642,-115.296534,223.580349,616.186947,-254.771578,376.250320,342.872578,-138.575639,227.701263,618.530674,-258.576298,373.574189,349.400815,-111.151096,230.664600,611.197188,-229.427137,344.482957,373.415501,-0.840075,294.022656,374.213626,0.633073,356.931097,275.704542,-22.507126,285.044727,276.663848,-22.448755,373.108859,186.145538,105.254356,273.875303,185.161767,102.588551,371.828303,178.278728,112.018774,278.362436,178.582785,109.373844,369.021160,152.567588,-15.430669,269.062039,152.318079,-9.803592
0.000000,0.000000,0.000000,0.000000,0.000000,0.000000,0.000000,0.000000,0.000000,0.000000,0.000000,0.000000,0.000000,0.000000,0.000000,0.000000,0.000000,0.000000,0.000000,0.000000,0.000000,0.000000,0.000000,0.000000,0.000000,0.000000,0.000000,0.000000,0.000000,0.000000,0.000000,0.000000,0.000000,0.000000,0.000000,0.000000,0.000000,0.000000,0.000000,0.000000,0.000000,0.000000,0.000000,0.000000,0.000000,0.000000,0.000000,0.000000,0.000000,0.000000,0.000000,0.000000,335.753114,541.702828,-171.126207,340.398403,548.074864,-154.877403,343.294845,547.615938,-154.881738,346.337329,547.113839,-154.882150,332.070365,548.600666,-153.577643,328.899236,548.429232,-153.619067,325.826845,548.165290,-153.622679,350.863859,541.546759,-71.236344,320.924359,543.423687,-67.576047,340.610896,530.863208,-139.978206,329.214836,531.919334,-139.133305,368.584238,480.849998,-38.036216,290.094334,512.125750,-27.320150,374.159649,417.370462,-34.160901,241.576640,545.556995,-91.798185,376.687980,361.265301,-91.973720,227.581489,598.051707,-188.088134,378.867025,343.365569,-106.461630,221.802874,618.792923,-220.039190,376.488550,342.345577,-129.020789,225.635722,621.359352,-225.164039,373.762770,349.091105,-102.642178,228.808811,614.029378,-197.296366,344.418380,372.887171,-0.791610,294.012212,373.570575,0.585317,356.581182,275.297131,-22.977845,285.124065,276.280858,-23.716423,371.989374,185.960552,100.172584,273.830015,184.912879,98.234633,370.461066,178.089995,106.688034,278.185776,178.466849,104.842752,367.556243,152.671046,-18.261967,269.288700,152.472105,-12.110039
0.000000,0.000000,0.000000,0.000000,0.000000,0.000000,0.000000,0.000000,0.000000,0.000000,0.000000,0.000000,0.000000,0.000000,0.000000,0.000000,0.000000,0.000000,0.000000,0.000000,0.000000,0.000000,0.000000,0.000000,0.000000,0.000000,0.000000,0.000000,0.000000,0.000000,0.000000,0.000000,0.000000,0.000000,0.000000,0.000000,0.000000,0.000000,0.000000,0.000000,0.000000,0.000000,0.000000,0.000000,0.000000,0.000000,0.000000,0.000000,0.000000,0.000000,0.000000,0.000000,335.551249,541.004182,-163.041866,340.398193,547.394963,-147.470310,343.294162,546.924292,-147.482250,346.319224,546.410659,-147.479445,331.956736,547.978621,-145.782968,328.750584,547.829654,-145.823200,325.680816,547.573983,-145.833928,350.923503,540.829918,-68.390909,321.233545,542.969405,-61.486407,340.456530,530.200361,-133.799752,329.039165,531.295773,-132.176491,368.620226,480.416533,-37.523382,291.401803,511.501489,-22.723236,374.089027,416.976334,-32.697032,244.936052,547.755347,-73.099982,376.844034,361.240199,-88.982033,227.036496,599.887356,-153.028051,379.074457,343.082604,-102.700062,220.648134,619.993361,-182.931731,376.574906,341.927298,-125.193857,224.124374,622.800820,-190.054547,373.835910,348.946075,-99.714271,227.388234,615.753603,-162.944300,344.409232,372.355852,-0.955566,294.019627,372.975035,0.744795,356.052655,274.896575,-24.635711,284.924336,275.696365,-24.063748,370.542672,185.674819,98.550265,273.935570,184.503149,97.484523,368.814291,177.718476,105.386952,278.225219,178.277942,104.408949,365.244349,152.468711,-18.249570,269.683432,152.258809,-10.193705
0.000000,0.000000,0.000000,0.000000,0.000000,0.000000,0.000000,0.000000,0.000000,0.000000,0.000000,0.000000,0.000000,0.000000,0.000000,0.000000,0.000000,0.000000,0.000000,0.000000,0.000000,0.000000,0.000000,0.000000,0.000000,0.000000,0.000000,0.000000,0.000000,0.000000,0.000000,0.000000,0.000000,0.000000,0.000000,0.000000,0.000000,0.000000,0.000000,0.000000,0.000000,0.000000,0.000000,0.000000,0.000000,0.000000,0.000000,0.000000,0.000000,0.000000,0.000000,0.000000,335.369827,540.166949,-155.889172,340.289723,546.617113,-140.566334,343.212477,546.170000,-140.585308,346.209783,545.666844,-140.580486,331.817082,547.147027,-138.361054,328.631533,546.997052,-138.398388,325.588807,546.744357,-138.410135,350.843431,540.158585,-63.257553,321.376947,542.279967,-54.330652,340.308812,529.507857,-127.411143,328.911744,530.625988,-125.102118,368.661871,479.924903,-33.842183,292.260097,510.971598,-16.785547,374.075250,416.553358,-28.252270,247.911032,549.463595,-59.412292,377.093921,360.873291,-83.199306,226.670229,602.127146,-129.078964,379.374954,342.372278,-96.517984,219.335757,621.945663,-157.673842,376.789581,341.153454,-118.986041,222.416262,624.941219,-166.078712,374.017412,348.487834,-93.936333,225.900133,618.055711,-139.479214,344.363162,371.737835,-0.898527,293.990055,372.338826,0.690342,355.480776,273.983569,-25.768177,284.961755,274.885224,-25.586843,369.003244,184.820614,95.950996,273.938498,183.828003,95.069607,366.903493,176.827681,102.812316,278.137141,177.658792,102.018597,363.696671,152.136443,-19.406001,270.046553,151.914343,-11.499537
0.000000,0.000000,0.000000,0.000000,0.000000,0.000000,0.000000,0.000000,0.000000,0.000000,0.000000,0.000000,0.000000,0.000000,0.000000,0.000000,0.000000,0.000000,0.000000,0.000000,0.000000,0.000000,0.000000,0.000000,0.000000,0.000000,0.000000,0.000000,0.000000,0.000000,0.000000,0.000000,0.000000,0.000000,0.000000,0.000000,0.000000,0.000000,0.000000,0.000000,0.000000,0.000000,0.000000,0.000000,0.000000,0.000000,0.000000,0.000000,0.000000,0.000000,0.000000,0.000000,335.205025,539.186188,-150.377486,340.189039,545.683585,-135.246524,343.135395,545.257315,-135.271393,346.107273,544.762577,-135.264624,331.686339,546.166438,-132.624384,328.517725,546.017193,-132.659352,325.497585,545.769700,-132.671949,350.764650,539.314397,-59.271578,321.497147,541.432110,-48.748517,340.174821,528.668703,-122.483898,328.793867,529.811588,-119.624893,368.687162,479.253878,-30.690239,293.032618,510.313763,-12.328913,374.056376,415.929482,-24.305097,250.647727,550.803972,-48.567918,377.328950,360.325318,-78.071030,226.607442,603.988262,-109.465372,379.662851,341.518260,-91.040985,218.449060,623.541407,-136.995286,377.001793,340.247028,-113.536824,221.179963,626.694394,-146.398224,374.195574,347.862586,-88.830200,224.858717,619.947397,-120.238419,344.327797,370.955111,-0.721577,293.986219,371.548539,0.516365,354.929843,272.986465,-26.309347,285.060325,273.950815,-26.863735,367.516958,183.973154,94.602357,273.949315,183.106729,93.444518,365.051590,175.960627,101.538570,278.052737,177.000681,100.457216,362.283072,151.777623,-19.328113,270.396553,151.515978,-12.173178
0.000000,0.000000,0.000000,0.000000,0.000000,0.000000,0.000000,0.000000,0.000000,0.000000,0.000000,0.000000,0.000000,0.000000,0.000000,0.000000,0.000000,0.000000,0.000000,0.000000,0.000000,0.000000,0.000000,0.000000,0.000000,0.000000,0.000000,0.000000,0.000000,0.000000,0.000000,0.000000,0.000000,0.000000,0.000000,0.000000,0.000000,0.000000,0.000000,0.000000,0.000000,0.000000,0.000000,0.000000,0.000000,0.000000,0.000000,0.000000,0.000000,0.000000,0.000000,0.000000,335.056843,538.061899,-146.506805,340.096143,544.594377,-131.510882,343.062917,544.186235,-131.540504,346.011693,543.697857,-131.531860,331.564507,545.036853,-128.572957,328.409160,544.890077,-128.606090,325.407149,544.650010,-128.619372,350.687159,538.297353,-56.432983,321.594145,540.425833,-44.740004,340.054556,527.682898,-119.018014,328.685534,528.852575,-115.744815,368.696099,478.403455,-28.067548,293.719367,509.527986,-9.353336,374.032403,415.104705,-20.855513,253.146137,551.776477,-40.566861,377.549121,359.596282,-73.597205,226.848135,605.470706,-94.187275,379.938150,340.520552,-86.269066,217.988042,624.780593,-120.896063,377.211541,339.208020,-108.846206,220.415478,628.060345,-131.013084,374.370397,347.070330,-84.395873,224.263984,621.428662,-105.221916,344.303137,370.007679,-0.424717,294.008120,370.604172,0.222864,354.399856,271.905262,-26.259222,285.220047,272.893138,-27.894425,366.083815,183.132438,94.504351,273.968021,182.339327,92.609254,363.258582,175.117313,101.565714,277.972006,176.303610,99.724806,361.003551,151.392253,-18.015907,270.733433,151.063714,-12.214629
0.000000,0.000000,0.000000,0.000000,0.000000,0.000000,0.000000,0.000000,0.000000,0.000000,0.000000,0.000000,0.000000,0.000000,0.000000,0.000000,0.000000,0.000000,0.000000,0.000000,0.000000,0.000000,0.000000,0.000000,0.000000,0.000000,0.000000,0.000000,0.000000,0.000000,0.000000,0.000000,0.000000,0.000000,0.000000,0.000000,0.000000,0.000000,0.000000,0.000000,0.000000,0.000000,0.000000,0.000000,0.000000,0.000000,0.000000,0.000000,0.000000,0.000000,0.000000,0.000000,334.925280,536.794082,-144.277132,340.011033,543.349491,-129.359407,342.995042,542.956763,-129.392642,345.923043,542.472685,-129.382193,331.451585,543.758272,-126.206774,328.305838,543.615704,-126.238604,325.317499,543.385289,-126.252403,350.610958,537.107453,-54.741769,321.667940,539.261137,-42.305111,339.948017,526.550444,-117.013494,328.586744,527.748948,-113.461884,368.688683,477.373636,-25.974113,294.320344,508.614265,-7.858814,374.003334,414.079027,-17.903518,255.406263,552.381112,-35.409121,377.754434,358.686182,-69.777831,227.392307,606.574476,-83.244672,380.200849,339.379154,-82.202225,217.952703,625.663221,-109.376172,377.418827,338.036429,-104.914187,220.122805,629.039072,-119.923291,374.541880,346.111068,-80.633350,224.115937,622.499507,-94.429704,344.289182,368.895540,-0.007945,294.055756,369.505726,-0.190160,353.890815,270.739960,-25.617802,285.440921,271.712193,-28.678912,364.703815,182.298468,95.656977,273.994616,181.525797,92.563818,361.524469,174.297741,102.893747,277.894949,175.567578,99.821368,359.858109,150.980331,-15.469381,271.057193,150.557551,-11.623889
0.000000,0.000000,0.000000,0.000000,0.000000,0.000000,0.000000,0.000000,0.000000,0.000000,0.000000,0.000000,0.000000,0.000000,0.000000,0.000000,0.000000,0.000000,0.000000,0.000000,0.000000,0.000000,0.000000,0.000000,0.000000,0.000000,0.000000,0.000000,0.000000,0.000000,0.000000,0.000000,0.000000,0.000000,0.000000,0.000000,0.000000,0.000000,0.000000,0.000000,0.000000,0.000000,0.000000,0.000000,0.000000,0.000000,0.000000,0.000000,0.000000,0.000000,0.000000,0.000000,334.810338,535.382738,-143.688464,339.933709,541.948926,-128.792099,342.931771,541.568896,-128.827805,345.841324,541.087060,-128.815623,331.347575,542.330695,-125.525835,328.207759,542.194074,-125.556893,325.228636,541.975536,-125.571042,350.536047,535.744698,-54.197935,321.718533,537.938022,-41.443840,339.855204,525.271338,-116.470336,328.497498,526.500707,-112.776101,368.664912,476.164420,-24.409931,294.835549,507.572602,-7.845349,373.969166,412.852450,-15.449112,257.428104,552.617875,-33.094697,377.944888,357.595019,-66.612908,228.239959,607.299573,-76.637563,380.450949,338.094065,-78.840463,218.343043,626.189291,-102.435613,377.623650,336.732256,-101.740767,220.301946,629.630574,-113.128846,374.710024,344.984798,-77.542633,224.414573,623.159930,-87.861783,344.285932,367.618693,0.528736,294.129128,368.253201,-0.722708,353.402721,269.490560,-24.385086,285.722946,270.407979,-29.217197,363.376958,181.471243,98.060234,274.029099,180.666139,93.308208,359.849252,173.501910,105.522670,277.821565,174.792585,100.746901,358.846745,150.541859,-11.688537,271.367832,149.997489,-10.400959
0.000000,0.000000,0.000000,0.000000,0.000000,0.000000,0.000000,0.000000,0.000000,0.000000,0.000000,0.000000,0.000000,0.000000,0.000000,0.000000,0.000000,0.000000,0.000000,0.000000,0.000000,0.000000,0.000000,0.000000,0.000000,0.000000,0.000000,0.000000,0.000000,0.000000,0.000000,0.000000,0.000000,0.000000,0.000000,0.000000,0.000000,0.000000,0.000000,0.000000,0.000000,0.000000,0.000000,0.000000,0.000000,0.000000,0.000000,0.000000,0.000000,0.000000,0.000000,0.000000,334.712015,533.827866,-144.740804,339.864172,540.392681,-129.808957,342.873103,540.022636,-129.845995,345.766535,539.540984,-129.832150,331.252475,540.754123,-126.530139,328.114923,540.625188,-126.560957,325.140559,540.420751,-126.575288,350.462426,534.209087,-54.801482,321.745923,536.456487,-42.156189,339.776118,523.845583,-117.388541,328.417796,525.107853,-113.687465,368.624788,474.775807,-23.375004,295.264981,506.402995,-9.312940,373.929902,411.424971,-13.492294,259.211661,552.486767,-33.623589,378.120484,356.322792,-64.102435,229.391091,607.645998,-74.365949,380.688451,336.665286,-76.183781,219.159062,626.358803,-100.074388,377.826010,335.295501,-99.325946,220.952900,629.834852,-110.629749,374.874827,343.691522,-75.123721,225.159893,623.409932,-85.518154,344.293387,366.177139,1.185329,294.228236,366.846597,-1.374780,352.935573,268.157062,-22.561075,286.066122,268.980498,-29.509280,362.103244,180.650763,101.714123,274.071471,179.760352,94.842424,358.232929,172.729820,109.452482,277.751855,173.978632,102.501405,357.969459,150.076835,-6.673374,271.665351,149.383527,-8.545839
0.000000,0.000000,0.000000,0.000000,0.000000,0.000000,0.000000,0.000000,0.000000,0.000000,0.000000,0.000000,0.000000,0.000000,0.000000,0.000000,0.000000,0.000000,0.000000,0.000000,0.000000,0.000000,0.000000,0.000000,0.000000,0.000000,0.000000,0.000000,0.000000,0.000000,0.000000,0.000000,0.000000,0.000000,0.000000,0.000000,0.000000,0.000000,0.000000,0.000000,0.000000,0.000000,0.000000,0.000000,0.000000,0.000000,0.000000,0.000000,0.000000,0.000000,0.000000,0.000000,334.630312,532.129467,-147.434150,339.802422,538.680758,-132.409983,342.819039,538.317982,-132.447210,345.698677,537.834454,-132.431775,331.166285,539.028555,-129.219687,328.027330,538.909044,-129.250796,325.053269,538.720934,-129.265143,350.390095,532.500620,-56.552409,321.750112,534.816532,-44.442159,339.710759,522.273177,-119.768108,328.347637,523.570384,-116.195977,368.568310,473.207798,-22.869332,295.608641,505.105446,-12.261587,373.885539,409.796592,-12.033066,260.756933,551.987788,-36.995797,378.281221,354.869501,-62.246414,230.845703,607.613749,-76.429830,380.913353,335.092815,-74.232177,220.400760,626.171758,-102.292495,378.025907,333.726163,-97.669724,222.075667,629.651906,-112.425999,375.036291,342.231237,-73.376614,226.351898,623.249513,-87.398816,344.311547,364.570878,1.961832,294.353080,365.285914,-2.146376,352.489371,266.739465,-20.145768,286.470450,267.429749,-29.555160,360.882672,179.837028,106.618644,274.121732,178.808437,97.166467,356.675502,171.981471,114.683184,277.685819,173.125717,105.084880,357.226252,149.585261,-0.423892,271.949749,148.715667,-6.058528
0.000000,0.000000,0.000000,0.000000,0.000000,0.000000,0.000000,0.000000,0.000000,0.000000,0.000000,0.000000,0.000000,0.000000,0.000000,0.000000,0.000000,0.000000,0.000000,0.000000,0.000000,0.000000,0.000000,0.000000,0.000000,0.000000,0.000000,0.000000,0.000000,0.000000,0.000000,0.000000,0.000000,0.000000,0.000000,0.000000,0.000000,0.000000,0.000000,0.000000,0.000000,0.000000,0.000000,0.000000,0.000000,0.000000,0.000000,0.000000,0.000000,0.000000,0.000000,0.000000,334.565230,530.287539,-151.768502,339.748458,536.813156,-136.595175,342.769579,536.454935,-136.631452,345.637750,535.967473,-136.614498,331.089006,537.153992,-133.594478,327.944980,537.045644,-133.626410,324.966765,536.876085,-133.640606,350.319053,530.619298,-59.450717,321.731098,533.018158,-48.301750,339.659125,520.554121,-123.609038,328.287022,521.888302,-120.301636,368.495478,471.460392,-22.892913,295.866529,503.679953,-16.691291,373.836079,407.967313,-11.071427,262.063920,551.120938,-43.211322,378.427100,353.235147,-61.044843,232.603795,607.202827,-82.829205,381.125656,333.376655,-72.985652,222.068138,625.628154,-109.089934,378.223341,332.024243,-96.772101,223.670247,629.081736,-118.517596,375.194415,340.603946,-72.301313,227.990587,622.678674,-93.503770,344.340413,362.799909,2.858246,294.503660,363.571152,-3.037495,352.064115,265.237769,-17.139165,286.935929,265.755731,-29.354838,359.715243,179.030039,112.773797,274.179881,177.810394,100.280337,355.176970,171.256862,121.214776,277.623456,172.233842,108.497327,356.617124,149.067136,7.059909,272.221027,147.993907,-2.939027
0.000000,0.000000,0.000000,0.000000,0.000000,0.000000,0.000000,0.000000,0.000000,0.000000,0.000000,0.000000,0.000000,0.000000,0.000000,0.000000,0.000000,0.000000,0.000000,0.000000,0.000000,0.000000,0.000000,0.000000,0.000000,0.000000,0.000000,0.000000,0.000000,0.000000,0.000000,0.000000,0.000000,0.000000,0.000000,0.000000,0.000000,0.000000,0.000000,0.000000,0.000000,0.000000,0.000000,0.000000,0.000000,0.000000,0.000000,0.000000,0.000000,0.000000,0.000000,0.000000,334.516767,528.302084,-157.743861,339.702281,534.789874,-142.364535,342.724721,534.433494,-142.398720,345.583752,533.940039,-142.380317,331.020638,535.130433,-139.654512,327.867872,535.034987,-139.687800,324.881048,534.886205,-139.701676,350.249303,528.565120,-63.496405,321.688881,531.061365,-53.734961,339.621218,518.688414,-128.911330,328.235951,520.061605,-126.004443,368.406292,469.533589,-23.445750,296.038644,502.126517,-22.602050,373.781522,405.937133,-10.607376,263.132622,549.886216,-52.270163,378.558121,351.419729,-60.497723,234.665366,606.413231,-93.564074,381.325360,331.516803,-72.444207,224.161194,624.727993,-120.466707,378.418312,330.189741,-96.633077,225.736641,628.124342,-128.904542,375.349200,338.809648,-71.897816,230.075960,621.697413,-103.833015,344.379983,360.864233,3.874570,294.679975,361.702311,-4.048138,351.659806,263.651975,-13.541268,287.462559,263.958445,-28.908314,358.600957,178.229794,120.179582,274.245920,176.766222,104.184033,353.737333,170.555995,129.047257,277.564767,171.303007,112.738744,356.142074,148.522459,15.778029,272.479184,147.218249,0.812664
0.000000,0.000000,0.000000,0.000000,0.000000,0.000000,0.000000,0.000000,0.000000,0.000000,0.000000,0.000000,0.000000,0.000000,0.000000,0.000000,0.000000,0.000000,0.000000,0.000000,0.000000,0.000000,0.000000,0.000000,0.000000,0.000000,0.000000,0.000000,0.000000,0.000000,0.000000,0.000000,0.000000,0.000000,0.000000,0.000000,0.000000,0.000000,0.000000,0.000000,0.000000,0.000000,0.000000,0.000000,0.000000,0.000000,0.000000,0.000000,0.000000,0.000000,0.000000,0.000000,334.484924,526.173102,-165.360227,339.663890,532.610914,-149.718061,342.684468,532.253659,-149.749015,345.536686,531.752153,-149.729235,330.961181,532.957878,-147.399791,327.796008,532.877073,-147.434964,324.796117,532.751293,-147.448355,350.180842,526.338087,-68.689474,321.623463,528.946152,-60.741794,339.597037,516.676057,-135.674985,328.194424,518.090295,-133.304397,368.300753,467.427389,-24.527840,296.124988,500.445139,-29.993866,373.721867,403.706053,-10.640914,263.963039,548.283623,-64.172321,378.674283,349.423247,-60.605054,237.030417,605.244963,-108.634438,381.512465,329.513262,-72.607840,226.679930,623.471273,-136.422811,378.610820,328.222657,-97.252652,228.274847,626.779723,-143.586835,375.500644,336.848342,-72.166125,232.608017,620.305731,-118.386551,344.430258,358.763850,5.010805,294.882027,359.679390,-5.178305,351.276443,261.982083,-9.352075,288.050341,262.037892,-28.215587,357.539814,177.436294,128.835999,274.319847,175.675922,108.877555,352.356592,169.878869,138.180628,277.509752,170.333210,117.809133,355.801102,147.951232,25.730467,272.724221,146.388691,5.196546
0.000000,0.000000,0.000000,0.000000,0.000000,0.000000,0.000000,0.000000,0.000000,0.000000,0.000000,0.000000,0.000000,0.000000,0.000000,0.000000,0.000000,0.000000,0.000000,0.000000,0.000000,0.000000,0.000000,0.000000,0.000000,0.000000,0.000000,0.000000,0.000000,0.000000,0.000000,0.000000,0.000000,0.000000,0.000000,0.000000,0.000000,0.000000,0.000000,0.000000,0.000000,0.000000,0.000000,0.000000,0.000000,0.000000,0.000000,0.000000,0.000000,0.000000,0.000000,0.000000,334.469701,523.900592,-174.617599,339.633286,530.276275,-158.655754,342.648818,529.915431,-158.682335,345.496550,529.403815,-158.661249,330.910635,530.636328,-156.830312,327.729387,530.571902,-156.867904,324.711972,530.471349,-156.880641,350.113671,523.938197,-75.029923,321.534842,526.672520,-69.322247,339.586583,514.517049,-143.900003,328.162440,515.974372,-142.201498,368.178859,465.141793,-26.139185,296.125558,498.635817,-38.866737,373.657114,401.274072,-11.172042,264.555172,546.313159,-78.917795,378.775587,347.245702,-61.366836,239.698948,603.698022,-128.040297,381.686971,327.366029,-73.476552,229.624345,621.857996,-156.958249,378.800865,326.122990,-98.630826,231.284867,625.047880,-162.564475,375.648749,334.720029,-73.106239,235.586759,618.503628,-137.164379,344.491238,356.498759,6.266951,295.109814,357.502391,-6.427995,350.914026,260.228092,-4.571586,288.699275,259.994070,-27.276658,356.531813,176.649539,138.743047,274.401663,174.539494,114.360904,351.034745,169.225483,148.614889,277.458410,169.324453,123.708493,355.594208,147.353453,36.917225,272.956137,145.505234,10.212618
0.000000,0.000000,0.000000,0.000000,0.000000,0.000000,0.000000,0.000000,0.000000,0.000000,0.000000,0.000000,0.000000,0.000000,0.000000,0.000000,0.000000,0.000000,0.000000,0.000000,0.000000,0.000000,0.000000,0.000000,0.000000,0.000000,0.000000,0.000000,0.000000,0.000000,0.000000,0.000000,0.000000,0.000000,0.000000,0.000000,0.000000,0.000000,0.000000,0.000000,0.000000,0.000000,0.000000,0.000000,0.000000,0.000000,0.000000,0.000000,0.000000,0.000000,0.000000,0.000000,334.471098,521.484554,-185.515978,339.610468,527.785956,-169.177614,342.617771,527.418808,-169.198681,345.463344,526.895024,-169.176361,330.868999,528.165782,-167.946078,327.668008,528.119474,-167.986619,324.628615,528.046373,-167.998536,350.047790,521.365452,-82.517753,321.423018,524.240469,-79.476321,339.589855,512.211391,-153.586383,328.140001,513.713834,-152.695747,368.040612,462.676800,-28.279785,296.040357,496.698553,-49.220665,373.587264,398.641191,-12.200758,264.909020,543.974823,-96.506585,378.862032,344.887093,-62.783069,242.670959,601.772408,-151.781650,381.848878,325.075106,-75.050344,232.994439,619.888161,-182.073019,378.988447,323.890741,-100.767599,234.766700,622.928813,-185.837463,375.793514,332.424709,-74.718159,239.012184,616.291103,-160.166498,344.562923,354.068960,7.643007,295.363338,355.171313,-7.797209,350.572555,258.390002,0.800198,289.409360,257.826980,-26.091526,355.576956,175.869530,149.900727,274.491367,173.356938,120.634080,349.771794,168.595839,160.350039,277.410742,168.276735,130.436825,355.521393,146.729124,49.338301,273.174933,144.567878,15.860880
0.000000,0.000000,0.000000,0.000000,0.000000,0.000000,0.000000,0.000000,0.000000,0.000000,0.000000,0.000000,0.000000,0.000000,0.000000,0.000000,0.000000,0.000000,0.000000,0.000000,0.000000,0.000000,0.000000,0.000000,0.000000,0.000000,0.000000,0.000000,0.000000,0.000000,0.000000,0.000000,0.000000,0.000000,0.000000,0.000000,0.000000,0.000000,0.000000,0.000000,0.000000,0.000000,0.000000,0.000000,0.000000,0.000000,0.000000,0.000000,0.000000,0.000000,0.000000,0.000000,334.489115,518.924988,-198.055363,339.595438,525.139959,-181.283641,342.591328,524.763793,-181.298054,345.437069,524.225781,-181.274570,330.836273,525.546240,-180.747087,327.611873,525.519790,-180.791110,324.546043,525.476365,-180.802038,349.983199,518.619852,-91.152964,321.287993,521.649998,-91.204016,339.606853,509.759083,-164.734125,328.127104,511.308682,-164.787143,367.886011,460.032411,-30.949639,295.869383,494.633345,-61.055649,373.512316,395.807409,-13.727063,265.024584,541.268617,-116.938692,378.933620,342.347421,-64.853753,245.946450,599.468120,-179.858497,381.998186,322.640493,-77.329214,236.790212,617.561768,-211.767122,379.173566,321.525909,-103.662971,238.720346,620.422522,-213.405799,375.934940,329.962382,-77.001883,242.884294,613.668158,-187.392908,344.645313,351.474455,9.138974,295.642597,352.686156,-9.285947,350.252031,256.467814,6.763278,290.180596,255.536622,-24.660192,354.675241,175.096265,162.309040,274.588960,172.128253,127.697082,348.567738,167.989936,173.386078,277.366748,167.190057,137.994127,355.582657,146.078244,62.993696,273.380608,143.576623,22.141333
0.000000,0.000000,0.000000,0.000000,0.000000,0.000000,0.000000,0.000000,0.000000,0.000000,0.000000,0.000000,0.000000,0.000000,0.000000,0.000000,0.000000,0.000000,0.000000,0.000000,0.000000,0.000000,0.000000,0.000000,0.000000,0.000000,0.000000,0.000000,0.000000,0.000000,0.000000,0.000000,0.000000,0.000000,0.000000,0.000000,0.000000,0.000000,0.000000,0.000000,0.000000,0.000000,0.000000,0.000000,0.000000,0.000000,0.000000,0.000000,0.000000,0.000000,0.000000,0.000000,334.523752,516.221894,-212.235755,339.588193,522.338283,-194.973835,342.569489,521.950383,-194.980453,345.417724,521.396085,-194.955876,330.812459,522.777703,-195.233339,327.560980,522.772849,-195.281375,324.464258,522.761326,-195.291149,349.919898,515.701396,-100.935555,321.129765,518.901107,-104.505332,339.637578,507.160124,-177.343231,328.123752,508.758917,-178.475686,367.715057,457.208624,-34.148747,295.612637,492.440194,-74.371690,373.432271,392.772727,-15.750957,264.901862,538.194539,-140.214115,378.990348,339.626685,-67.578887,249.525420,596.785160,-212.270839,382.134894,320.062188,-80.313164,241.011664,614.878817,-246.040557,379.356222,319.028496,-107.316942,243.145806,617.529007,-245.269482,376.073026,327.333047,-79.957413,247.203088,610.634792,-218.843610,344.738408,348.715241,10.754851,295.947592,350.046919,-10.894209,349.952453,254.461527,13.317653,291.012984,253.122996,-22.982656,353.826669,174.329746,175.967984,274.694443,170.853441,135.549911,347.422576,167.407773,187.723008,277.326427,166.064417,146.380401,355.777999,145.400812,77.883410,273.573163,142.531469,29.053976
0.000000,0.000000,0.000000,0.000000,0.000000,0.000000,0.000000,0.000000,0.000000,0.000000,0.000000,0.000000,0.000000,0.000000,0.000000,0.000000,0.000000,0.000000,0.000000,0.000000,0.000000,0.000000,0.000000,0.000000,0.000000,0.000000,0.000000,0.000000,0.000000,0.000000,0.000000,0.000000,0.000000,0.000000,0.000000,0.000000,0.000000,0.000000,0.000000,0.000000,0.000000,0.000000,0.000000,0.000000,0.000000,0.000000,0.000000,0.000000,0.000000,0.000000,0.000000,0.000000,334.575009,513.375273,-228.057153,339.588735,519.380927,-210.248196,342.552253,518.978580,-210.245878,345.405310,518.405937,-210.220280,330.797555,519.860170,-211.404835,327.515331,519.878650,-211.457416,324.383259,519.901254,-211.465867,349.857887,512.610084,-111.865526,320.948335,515.993797,-119.380269,339.682029,504.414515,-191.413699,328.129943,506.064538,-193.761377,367.527748,454.205441,-37.877110,295.270119,490.119101,-89.168786,373.347128,389.537144,-18.272440,264.540856,534.752590,-166.332855,379.032219,336.724885,-70.958473,253.407871,593.723526,-249.018676,382.259004,317.340194,-84.002192,245.658795,611.839308,-284.893325,379.536415,316.398500,-111.729511,248.043078,614.248267,-281.428513,376.207772,324.536706,-83.584748,251.968567,607.191005,-254.518604,344.842208,345.791321,12.490640,296.278324,347.253604,-12.621994,349.673821,252.371142,20.463323,291.906524,250.586102,-21.058917,353.031240,173.569972,190.877560,274.807813,169.532500,144.192566,346.336311,166.849352,203.360827,277.289780,164.899817,155.595646,356.107419,144.696830,94.007443,273.752598,141.432416,36.598809
0.000000,0.000000,0.000000,0.000000,0.000000,0.000000,0.000000,0.000000,0.000000,0.000000,0.000000,0.000000,0.000000,0.000000,0.000000,0.000000,0.000000,0.000000,0.000000,0.000000,0.000000,0.000000,0.000000,0.000000,0.000000,0.000000,0.000000,0.000000,0.000000,0.000000,0.000000,0.000000,0.000000,0.000000,0.000000,0.000000,0.000000,0.000000,0.000000,0.000000,0.000000,0.000000,0.000000,0.000000,0.000000,0.000000,0.000000,0.000000,0.000000,0.000000,0.000000,0.000000,334.642723,510.764817,-237.257050,339.625965,516.568786,-218.784250,342.534202,516.051198,-218.772061,345.357545,515.398352,-218.742833,330.881813,517.255094,-220.729538,327.610635,517.300116,-220.785261,324.453814,517.333947,-220.792555,349.767011,509.387990,-117.064079,320.927912,513.189164,-128.475305,339.690383,501.678629,-199.363025,328.189821,503.393199,-202.886434,367.197443,450.814448,-38.373716,295.005616,487.063646,-102.840130,373.207022,386.103812,-21.772346,263.650672,531.560052,-191.243933,378.819246,333.974584,-75.046174,256.947079,590.074383,-281.127605,382.263442,315.254964,-88.194655,250.486167,608.766583,-318.382653,379.674245,314.334209,-115.661892,253.336472,611.088489,-311.809479,376.282838,322.209061,-87.590157,257.034927,603.662453,-285.412627,344.884985,342.451194,14.401662,296.584963,343.909490,-14.537081,349.730724,250.612756,31.612199,292.615180,248.239305,-16.807638,352.694962,173.821620,209.417287,274.927190,168.749655,154.233267,345.962034,167.232942,222.781742,277.218016,164.445955,166.336988,356.277257,144.619609,115.697708,273.973600,140.628832,47.498423
0.000000,0.000000,0.000000,0.000000,0.000000,0.000000,0.000000,0.000000,0.000000,0.000000,0.000000,0.000000,0.000000,0.000000,0.000000,0.000000,0.000000,0.000000,0.000000,0.000000,0.000000,0.000000,0.000000,0.000000,0.000000,0.000000,0.000000,0.000000,0.000000,0.000000,0.000000,0.000000,0.000000,0.000000,0.000000,0.000000,0.000000,0.000000,0.000000,0.000000,0.000000,0.000000,0.000000,0.000000,0.000000,0.000000,0.000000,0.000000,0.000000,0.000000,0.000000,0.000000,334.778944,508.338226,-248.318839,339.684950,514.038988,-229.452754,342.551851,513.467246,-229.429165,345.363254,512.772186,-229.399885,330.989962,514.880747,-232.095982,327.689315,514.971675,-232.154949,324.484315,515.054577,-232.160232,349.728747,506.643174,-124.521177,320.830029,510.867921,-139.503557,339.753578,499.136882,-209.241522,328.272390,500.970650,-213.781919,366.857424,448.264976,-41.530214,294.688233,484.543219,-113.201396,373.033769,383.217487,-23.731119,262.910542,528.568148,-210.005279,378.747436,331.350722,-76.418975,260.580650,586.435441,-306.849584,382.368734,313.015250,-89.744292,255.133356,605.150403,-345.421710,379.835476,312.123561,-117.703043,258.358961,607.098378,-336.497226,376.399151,319.750083,-89.106769,261.818965,599.609821,-310.057625,344.977875,340.050641,15.653625,296.912250,341.473150,-15.786836,349.552720,248.786432,38.677956,293.371394,246.228558,-13.798845,352.066973,173.468189,221.398248,275.117641,167.769996,161.042642,345.171289,167.006474,235.231912,277.176236,163.603498,173.508988,356.311584,144.268318,128.519848,274.145661,139.848943,53.825414
0.000000,0.000000,0.000000,0.000000,0.000000,0.000000,0.000000,0.000000,0.000000,0.000000,0.000000,0.000000,0.000000,0.000000,0.000000,0.000000,0.000000,0.000000,0.000000,0.000000,0.000000,0.000000,0.000000,0.000000,0.000000,0.000000,0.000000,0.000000,0.000000,0.000000,0.000000,0.000000,0.000000,0.000000,0.000000,0.000000,0.000000,0.000000,0.000000,0.000000,0.000000,0.000000,0.000000,0.000000,0.000000,0.000000,0.000000,0.000000,0.000000,0.000000,0.000000,0.000000,334.917817,506.197864,-257.974401,339.747025,511.808721,-238.768415,342.575581,511.188548,-238.734718,345.374651,510.456214,-238.705641,331.100457,512.788657,-242.034594,327.771202,512.918072,-242.096378,324.519583,513.041238,-242.099813,349.689775,504.223133,-130.968884,320.735503,508.818264,-149.253480,339.819557,496.877446,-217.871095,328.355812,498.807175,-223.319675,366.528142,446.015704,-44.337807,294.378421,482.283523,-122.317344,372.830662,380.673107,-25.511583,262.197518,525.935153,-226.694546,378.633441,329.053890,-77.656094,263.895708,583.231088,-329.655630,382.417256,311.062694,-91.151948,259.385920,601.957670,-369.391432,379.941450,310.196641,-119.519009,262.958896,603.567954,-358.341607,376.466173,317.598019,-90.464285,266.194292,596.028150,-331.910680,345.027138,337.920537,16.779730,297.163241,339.309126,-16.910626,349.360788,247.162083,44.840667,294.006499,244.438057,-11.062109,351.505202,173.149663,231.723856,275.292884,166.867980,166.932273,344.475648,166.799569,245.947899,277.136403,162.813338,179.692441,356.343854,143.946812,139.515297,274.319766,139.114652,59.190278
0.000000,0.000000,0.000000,0.000000,0.000000,0.000000,0.000000,0.000000,0.000000,0.000000,0.000000,0.000000,0.000000,0.000000,0.000000,0.000000,0.000000,0.000000,0.000000,0.000000,0.000000,0.000000,0.000000,0.000000,0.000000,0.000000,0.000000,0.000000,0.000000,0.000000,0.000000,0.000000,0.000000,0.000000,0.000000,0.000000,0.000000,0.000000,0.000000,0.000000,0.000000,0.000000,0.000000,0.000000,0.000000,0.000000,0.000000,0.000000,0.000000,0.000000,0.000000,0.000000,335.059342,504.343730,-266.223736,339.812191,509.877985,-246.731233,342.605392,509.215104,-246.688721,345.391735,508.450437,-246.660103,331.213298,510.978824,-250.545376,327.856296,511.139307,-250.609550,324.559616,511.293932,-250.611299,349.650094,502.127865,-136.407200,320.644333,507.040193,-157.725073,339.888320,494.900321,-225.251744,328.440085,496.902775,-231.499702,366.209597,444.066631,-46.796494,294.076180,480.284558,-130.187974,372.597699,378.470672,-27.113737,261.511602,523.661066,-241.311733,378.477261,327.084087,-78.757531,266.892251,580.461326,-349.545744,382.409006,309.397296,-92.417621,263.243858,599.188383,-390.291820,379.992168,308.553450,-121.109792,267.136279,600.497218,-377.342620,376.483903,315.752868,-91.662705,270.160908,592.917438,-350.971790,345.032774,336.060882,17.779976,297.337938,337.417419,-17.908453,349.154926,245.739710,50.100332,294.520496,242.867801,-8.597429,351.009652,172.866042,240.394110,275.452918,166.043607,171.902158,343.875112,166.612225,254.929702,277.098516,162.075475,184.887347,356.374070,143.655092,148.684054,274.495916,138.425957,63.593017
0.000000,0.000000,0.000000,0.000000,0.000000,0.000000,0.000000,0.000000,0.000000,0.000000,0.000000,0.000000,0.000000,0.000000,0.000000,0.000000,0.000000,0.000000,0.000000,0.000000,0.000000,0.000000,0.000000,0.000000,0.000000,0.000000,0.000000,0.000000,0.000000,0.000000,0.000000,0.000000,0.000000,0.000000,0.000000,0.000000,0.000000,0.000000,0.000000,0.000000,0.000000,0.000000,0.000000,0.000000,0.000000,0.000000,0.000000,0.000000,0.000000,0.000000,0.000000,0.000000,335.203519,502.775825,-273.066844,339.880446,508.246780,-253.341207,342.641284,507.546914,-253.291173,345.414506,506.754855,-253.263269,331.328484,509.451249,-257.628326,327.944599,509.635379,-257.694464,324.604415,509.812657,-257.694689,349.609705,500.357372,-140.836125,320.556520,505.533706,-164.918336,339.959867,493.205508,-231.383470,328.525209,495.257449,-238.322001,365.901789,442.417757,-48.906275,293.781510,478.546324,-136.813286,372.334882,376.610183,-28.537580,260.852794,521.745888,-253.856841,378.278896,325.441314,-79.723288,269.570282,578.126153,-366.519926,382.343986,308.019055,-93.541313,266.707172,596.842543,-408.122873,379.987629,307.193986,-122.475391,270.891108,597.886169,-393.500266,376.452342,314.214631,-92.702029,273.718813,590.277688,-367.240956,344.994785,334.471677,18.654364,297.436339,335.798028,-18.780315,348.935136,244.519312,54.456950,294.913385,241.517791,-6.404805,350.580321,172.617325,247.409010,275.597743,165.296876,175.952299,343.369681,166.444443,262.177320,277.062575,161.389909,189.093707,356.402231,143.393159,156.026120,274.674110,137.782858,67.033629
0.000000,0.000000,0.000000,0.000000,0.000000,0.000000,0.000000,0.000000,0.000000,0.000000,0.000000,0.000000,0.000000,0.000000,0.000000,0.000000,0.000000,0.000000,0.000000,0.000000,0.000000,0.000000,0.000000,0.000000,0.000000,0.000000,0.000000,0.000000,0.000000,0.000000,0.000000,0.000000,0.000000,0.000000,0.000000,0.000000,0.000000,0.000000,0.000000,0.000000,0.000000,0.000000,0.000000,0.000000,0.000000,0.000000,0.000000,0.000000,0.000000,0.000000,0.000000,0.000000,335.350347,501.494150,-278.503724,339.951792,506.915105,-258.598339,342.683256,506.183979,-258.542075,345.442965,505.369467,-258.515139,331.446016,508.205930,-263.283446,328.036109,508.406289,-263.351120,324.653980,508.597415,-263.349983,349.568607,498.911653,-144.255658,320.472062,504.298806,-170.833270,340.034198,491.793007,-236.266272,328.611185,493.871197,-243.786572,365.604718,441.069082,-50.667150,293.494411,477.068821,-142.193280,372.042209,375.091639,-29.783114,260.221094,520.189618,-264.329869,378.038346,324.125569,-80.553362,271.929798,576.225570,-380.578175,382.222194,306.927973,-94.523022,269.775860,594.920150,-422.884592,379.927834,306.118252,-123.615806,274.223385,595.734806,-406.814545,376.371489,312.983308,-93.582258,276.868006,588.108897,-380.718177,344.913169,333.152921,19.402894,297.458444,334.450954,-19.526213,348.701417,243.500889,57.910522,295.185166,240.388027,-4.484238,350.217210,172.403512,252.768557,275.727361,164.627788,179.082695,342.959354,166.296223,267.690755,277.028580,160.756640,192.311521,356.428336,143.161012,161.541494,274.854349,137.185356,69.512115
0.000000,0.000000,0.000000,0.000000,0.000000,0.000000,0.000000,0.000000,0.000000,0.000000,0.000000,0.000000,0.000000,0.000000,0.000000,0.000000,0.000000,0.000000,0.000000,0.000000,0.000000,0.000000,0.000000,0.000000,0.000000,0.000000,0.000000,0.000000,0.000000,0.000000,0.000000,0.000000,0.000000,0.000000,0.000000,0.000000,0.000000,0.000000,0.000000,0.000000,0.000000,0.000000,0.000000,0.000000,0.000000,0.000000,0.000000,0.000000,0.000000,0.000000,0.000000,0.000000,335.499826,500.498703,-282.534378,340.026228,505.882961,-262.502628,342.731310,505.126298,-262.441426,345.477111,504.294274,-262.415715,331.565893,507.242869,-267.510735,328.130827,507.452037,-267.579518,324.708310,507.648204,-267.577181,349.526801,497.790707,-146.665801,320.390962,503.335491,-175.469874,340.111312,490.662817,-239.900150,328.698012,492.744019,-247.893413,365.318383,440.020606,-52.079120,293.214883,475.852049,-146.327956,371.719682,373.915041,-30.850338,259.616501,518.992256,-272.730817,377.755611,323.136854,-81.247755,273.970800,574.759577,-391.720492,382.043632,306.124049,-95.362750,272.449924,593.421204,-434.576976,379.812781,305.326245,-124.531038,277.133109,594.043131,-417.285457,376.241345,312.058898,-94.303390,279.608488,586.411068,-391.403455,344.787927,332.104613,20.025565,297.404255,333.376197,-20.146147,348.453770,242.684442,60.461047,295.335838,239.478509,-2.835727,349.920319,172.224605,256.472751,275.841769,164.036343,181.293345,342.644133,166.167564,271.470005,276.996532,160.175667,194.540788,356.452386,142.958651,165.230177,275.036633,136.633450,71.028474
0.000000,0.000000,0.000000,0.000000,0.000000,0.000000,0.000000,0.000000,0.000000,0.000000,0.000000,0.000000,0.000000,0.000000,0.000000,0.000000,0.000000,0.000000,0.000000,0.000000,0.000000,0.000000,0.000000,0.000000,0.000000,0.000000,0.000000,0.000000,0.000000,0.000000,0.000000,0.000000,0.000000,0.000000,0.000000,0.000000,0.000000,0.000000,0.000000,0.000000,0.000000,0.000000,0.000000,0.000000,0.000000,0.000000,0.000000,0.000000,0.000000,0.000000,0.000000,0.000000,335.651958,499.789486,-285.158805,340.103755,505.150349,-265.054073,342.785444,504.373871,-264.989227,345.516945,503.529276,-264.964995,331.688117,506.562065,-270.310192,328.228752,506.772623,-270.379659,324.767407,506.965026,-270.376283,349.484286,496.994536,-148.066552,320.313217,502.643761,-178.828148,340.191210,489.814939,-242.285104,328.785691,491.875915,-250.642526,365.042786,439.272329,-53.142184,292.942925,474.896009,-149.217315,371.367300,373.080387,-31.739252,259.039015,518.153803,-279.059686,377.430690,322.475168,-81.806467,275.693289,573.728174,-399.946876,381.808298,305.607282,-96.060497,274.729362,592.345704,-443.200026,379.642472,304.817967,-125.221085,279.620279,592.811143,-424.913002,376.061909,311.441403,-94.865426,281.940259,585.184198,-399.296788,344.619058,331.326756,20.522378,297.273770,332.573756,-20.640117,348.192193,242.069971,62.108526,295.365402,238.789236,-1.459272,349.689647,172.080601,258.521591,275.940969,163.522539,182.584251,342.424016,166.058468,273.515071,276.966430,159.646992,195.781509,356.474381,142.786077,167.092168,275.220961,136.127140,71.582708
0.000000,0.000000,0.000000,0.000000,0.000000,0.000000,0.000000,0.000000,0.000000,0.000000,0.000000,0.000000,0.000000,0.000000,0.000000,0.000000,0.000000,0.000000,0.000000,0.000000,0.000000,0.000000,0.000000,0.000000,0.000000,0.000000,0.000000,0.000000,0.000000,0.000000,0.000000,0.000000,0.000000,0.000000,0.000000,0.000000,0.000000,0.000000,0.000000,0.000000,0.000000,0.000000,0.000000,0.000000,0.000000,0.000000,0.000000,0.000000,0.000000,0.000000,0.000000,0.000000,335.806741,499.366497,-286.377004,340.184372,504.717267,-266.252675,342.845659,503.926698,-266.185477,345.562466,503.074472,-266.162981,331.812685,506.163519,-271.681819,328.329886,506.368046,-271.751541,324.831270,506.547880,-271.747290,349.441062,496.523139,-148.457912,320.238829,502.223617,-180.908093,340.273892,489.249372,-243.421135,328.874222,491.266885,-252.033911,364.777925,438.824251,-53.856343,292.678539,474.200699,-150.861355,370.985062,372.587679,-32.449855,258.488637,517.674258,-283.316475,377.063585,322.140512,-82.229497,277.097264,573.131361,-405.257328,381.516193,305.377674,-96.616261,276.614176,591.693651,-448.753742,379.416907,304.593417,-125.685949,281.684896,592.038843,-429.697180,375.833182,311.130821,-95.268367,283.863319,584.428289,-404.398178,344.406563,330.819347,20.893333,297.066990,332.043632,-21.008123,347.916688,241.657474,62.852959,295.273858,238.320209,-0.354874,349.525195,171.971503,258.915078,276.024961,163.086379,182.955411,342.299003,165.968933,273.825954,276.938275,159.170614,196.033683,356.494321,142.643288,167.127468,275.407334,135.666427,71.174815
0.000000,0.000000,0.000000,0.000000,0.000000,0.000000,0.000000,0.000000,0.000000,0.000000,0.000000,0.000000,0.000000,0.000000,0.000000,0.000000,0.000000,0.000000,0.000000,0.000000,0.000000,0.000000,0.000000,0.000000,0.000000,0.000000,0.000000,0.000000,0.000000,0.000000,0.000000,0.000000,0.000000,0.000000,0.000000,0.000000,0.000000,0.000000,0.000000,0.000000,0.000000,0.000000,0.000000,0.000000,0.000000,0.000000,0.000000,0.000000,0.000000,0.000000,0.000000,0.000000,335.964175,499.229737,-286.188977,340.268079,504.583716,-266.098435,342.911955,503.784779,-266.030176,345.613675,502.929864,-266.009670,331.939600,506.047230,-271.625615,328.434227,506.238307,-271.695166,324.899899,506.396765,-271.690201,349.397129,496.376516,-147.839881,320.167798,502.075059,-181.709709,340.359358,488.966117,-243.308242,328.963604,490.916929,-252.067567,364.523802,438.676372,-54.221596,292.421723,473.766121,-151.260077,370.572970,372.436916,-32.982149,257.965367,517.553622,-285.501184,376.654295,322.132884,-82.516846,278.182725,572.969137,-407.651847,381.167317,305.435223,-97.030043,278.104364,591.465044,-451.238122,379.136084,304.652596,-125.925628,283.326961,591.726229,-431.637990,375.555163,311.127153,-95.512212,285.377667,584.143340,-406.707623,344.150442,330.582387,21.138429,296.783915,331.785824,-21.250164,347.627254,241.446953,62.694346,295.061206,238.071428,0.477467,349.426962,171.897309,257.653211,276.093744,162.727861,182.406827,342.269096,165.898961,272.402652,276.912065,158.746533,195.297311,356.512206,142.530286,165.336077,275.595751,135.251310,69.804796
0.000000,0.000000,0.000000,0.000000,0.000000,0.000000,0.000000,0.000000,0.000000,0.000000,0.000000,0.000000,0.000000,0.000000,0.000000,0.000000,0.000000,0.000000,0.000000,0.000000,0.000000,0.000000,0.000000,0.000000,0.000000,0.000000,0.000000,0.000000,0.000000,0.000000,0.000000,0.000000,0.000000,0.000000,0.000000,0.000000,0.000000,0.000000,0.000000,0.000000,0.000000,0.000000,0.000000,0.000000,0.000000,0.000000,0.000000,0.000000,0.000000,0.000000,0.000000,0.000000,336.124262,499.379207,-284.594722,340.354876,504.749696,-264.591351,342.984332,503.948114,-264.523326,345.670571,503.095450,-264.505065,332.068859,506.213197,-270.141580,328.541775,506.383406,-270.210533,324.973294,506.511683,-270.205016,349.352488,496.554667,-146.212459,320.100122,502.198086,-181.232994,340.447608,488.965173,-241.946425,329.053837,490.826048,-250.743494,364.280415,438.828692,-54.237943,292.172479,473.592274,-150.413480,370.131023,372.628099,-33.336133,257.469204,517.791894,-285.613814,376.202820,322.452286,-82.668513,278.949673,573.241504,-407.130434,380.761670,305.779931,-97.301844,279.199927,591.659884,-450.653169,378.800005,304.995503,-125.940124,284.546472,591.873302,-430.735433,375.227853,311.430399,-95.596960,286.483305,584.329351,-406.225124,343.850694,330.615877,21.257667,296.424544,331.800333,-21.366242,347.323891,241.438408,61.632686,294.727445,238.042893,1.037753,349.394950,171.858019,254.735991,276.147319,162.446986,180.938497,342.334293,165.848550,269.245166,276.887802,158.374749,193.572392,356.528035,142.447071,161.717994,275.786213,134.881790,67.472651
0.000000,0.000000,0.000000,0.000000,0.000000,0.000000,0.000000,0.000000,0.000000,0.000000,0.000000,0.000000,0.000000,0.000000,0.000000,0.000000,0.000000,0.000000,0.000000,0.000000,0.000000,0.000000,0.000000,0.000000,0.000000,0.000000,0.000000,0.000000,0.000000,0.000000,0.000000,0.000000,0.000000,0.000000,0.000000,0.000000,0.000000,0.000000,0.000000,0.000000,0.000000,0.000000,0.000000,0.000000,0.000000,0.000000,0.000000,0.000000,0.000000,0.000000,0.000000,0.000000,336.287000,499.814905,-281.594240,340.444764,505.215206,-261.731424,343.062790,504.416704,-261.664924,345.733155,503.571230,-261.649165,332.200465,506.661423,-267.229714,328.652532,506.803343,-267.297643,325.051454,506.892632,-267.291735,349.307139,497.057591,-143.575646,320.035804,502.592698,-179.477950,340.538642,489.246541,-239.335684,329.144922,490.994241,-248.061693,364.047766,439.281212,-53.905384,291.930805,473.679158,-148.321566,369.659221,373.161227,-33.511807,257.000149,518.389074,-283.654364,375.709160,323.098718,-82.684498,279.398106,573.948460,-403.693089,380.299252,306.411796,-97.431662,279.900865,592.278171,-446.998881,378.408670,305.622138,-125.729436,285.343431,592.480063,-426.989509,374.851251,312.040558,-95.522613,287.180231,584.986323,-402.950681,343.507320,330.919816,21.251047,295.988879,332.087158,-21.356355,347.006599,241.631838,59.667980,294.272576,238.234603,1.325982,349.429157,171.853634,250.163418,276.185685,162.243753,178.550423,342.494595,165.817700,264.353496,276.865486,158.055261,190.858927,356.541809,142.393641,156.273220,275.978720,134.557867,64.178379
0.000000,0.000000,0.000000,0.000000,0.000000,0.000000,0.000000,0.000000,0.000000,0.000000,0.000000,0.000000,0.000000,0.000000,0.000000,0.000000,0.000000,0.000000,0.000000,0.000000,0.000000,0.000000,0.000000,0.000000,0.000000,0.000000,0.000000,0.000000,0.000000,0.000000,0.000000,0.000000,0.000000,0.000000,0.000000,0.000000,0.000000,0.000000,0.000000,0.000000,0.000000,0.000000,0.000000,0.000000,0.000000,0.000000,0.000000,0.000000,0.000000,0.000000,0.000000,0.000000,336.452389,500.536832,-277.187532,340.537742,505.980248,-257.518654,343.147328,505.190547,-257.454973,345.801426,504.357206,-257.441969,332.334416,507.391905,-262.890018,328.766496,507.498117,-262.956494,325.134381,507.539614,-262.950359,349.261080,497.885290,-139.929441,319.974841,503.258896,-176.444577,340.632459,489.810221,-235.476020,329.236859,491.421507,-244.022163,363.825853,440.033930,-53.223920,291.696702,474.026773,-144.984334,369.157564,374.036300,-33.509171,256.558202,519.345163,-279.622835,375.173314,324.072178,-82.564802,279.528026,575.090006,-397.339811,379.780063,307.330819,-97.419499,280.207178,593.319905,-440.275259,377.962077,306.532502,-125.293564,285.717836,593.546511,-420.400218,374.425358,312.957631,-95.289170,287.468446,586.114255,-396.884293,343.120320,331.494204,21.118568,295.476917,332.646300,-21.220504,346.675379,242.027243,56.800228,293.696598,238.646560,1.342154,349.529583,171.884154,243.935491,276.208842,162.118163,175.242604,342.750002,165.806413,257.727642,276.845116,157.788071,187.156916,356.553528,142.369997,149.001754,276.173271,134.279539,59.921981
0.000000,0.000000,0.000000,0.000000,0.000000,0.000000,0.000000,0.000000,0.000000,0.000000,0.000000,0.000000,0.000000,0.000000,0.000000,0.000000,0.000000,0.000000,0.000000,0.000000,0.000000,0.000000,0.000000,0.000000,0.000000,0.000000,0.000000,0.000000,0.000000,0.000000,0.000000,0.000000,0.000000,0.000000,0.000000,0.000000,0.000000,0.000000,0.000000,0.000000,0.000000,0.000000,0.000000,0.000000,0.000000,0.000000,0.000000,0.000000,0.000000,0.000000,0.000000,0.000000,336.620431,501.544989,-271.374596,340.633810,507.044820,-251.953041,343.237948,506.269645,-251.893470,345.875385,505.453376,-251.883478,332.470713,508.404645,-257.122490,328.883668,508.467729,-257.187088,325.222074,508.452628,-257.180886,349.214314,499.037763,-135.273846,319.917235,504.196680,-172.132874,340.729061,490.656212,-230.367432,329.329647,492.107848,-238.624904,363.614677,441.086847,-52.193550,291.470170,474.635119,-140.401784,368.626052,375.253319,-33.328224,256.143362,520.660160,-273.519226,374.595284,325.372668,-82.309425,279.339432,576.666142,-388.070601,379.204103,308.537001,-97.265354,280.118867,594.785085,-430.482302,377.460228,307.726594,-124.632508,285.669688,595.072646,-410.967560,373.950173,314.181618,-94.896631,287.347949,587.713148,-388.025962,342.689693,332.339041,20.860231,294.888661,333.477758,-20.958689,346.330230,242.624623,53.029429,292.999512,239.278762,1.086270,349.696229,171.949578,236.052211,276.216791,162.070215,171.015039,343.100514,165.814688,249.367604,276.826692,157.573178,182.466358,356.563192,142.376140,139.903597,276.369867,134.046808,54.703457
0.000000,0.000000,0.000000,0.000000,0.000000,0.000000,0.000000,0.000000,0.000000,0.000000,0.000000,0.000000,0.000000,0.000000,0.000000,0.000000,0.000000,0.000000,0.000000,0.000000,0.000000,0.000000,0.000000,0.000000,0.000000,0.000000,0.000000,0.000000,0.000000,0.000000,0.000000,0.000000,0.000000,0.000000,0.000000,0.000000,0.000000,0.000000,0.000000,0.000000,0.000000,0.000000,0.000000,0.000000,0.000000,0.000000,0.000000,0.000000,0.000000,0.000000,0.000000,0.000000,336.791124,502.839374,-264.155433,340.732968,508.408924,-245.034584,343.334648,507.653997,-244.980418,345.955031,506.859740,-244.973692,332.609355,509.699642,-249.927131,329.004047,509.712179,-249.989424,325.314532,509.631674,-249.983318,349.166838,500.515010,-129.608859,319.862986,505.406049,-166.542841,340.828446,491.784514,-224.009920,329.423286,493.053263,-231.869917,363.414239,442.439963,-50.814275,291.251209,475.504196,-134.573916,368.064685,376.812282,-32.968968,255.755630,522.334066,-265.343538,373.975069,327.000187,-81.918366,278.832325,578.676868,-375.885458,378.571372,310.030340,-96.969227,279.635930,596.673713,-417.620010,376.903123,309.204414,-123.746269,285.198987,597.058468,-398.691535,373.425696,315.712519,-94.344996,286.818742,589.783001,-376.375686,342.215440,333.454327,20.476036,294.224109,334.581533,-20.570910,345.971152,243.423979,48.355584,292.181318,240.131209,0.558330,349.929095,172.049907,226.513577,276.209532,162.099910,165.867730,343.546130,165.842524,239.273382,276.810214,157.410581,176.787254,356.570801,142.412069,128.978748,276.568508,133.859674,48.522807
0.000000,0.000000,0.000000,0.000000,0.000000,0.000000,0.000000,0.000000,0.000000,0.000000,0.000000,0.000000,0.000000,0.000000,0.000000,0.000000,0.000000,0.000000,0.000000,0.000000,0.000000,0.000000,0.000000,0.000000,0.000000,0.000000,0.000000,0.000000,0.000000,0.000000,0.000000,0.000000,0.000000,0.000000,0.000000,0.000000,0.000000,0.000000,0.000000,0.000000,0.000000,0.000000,0.000000,0.000000,0.000000,0.000000,0.000000,0.000000,0.000000,0.000000,0.000000,0.000000,336.964468,504.419988,-255.530043,340.835217,510.072558,-236.763285,343.437429,509.343603,-236.715814,346.040364,508.576300,-236.712611,332.750344,511.276896,-241.303942,329.127634,511.231467,-241.363502,325.411757,511.076751,-241.357654,349.118654,502.317031,-122.934481,319.812092,506.887003,-159.674478,340.930615,493.195128,-216.403484,329.517777,494.257752,-223.757202,363.224537,444.093279,-49.086094,291.039819,476.634004,-127.500730,367.473463,378.713192,-32.431402,255.395005,524.366880,-255.095770,373.312669,328.954735,-81.391626,278.006703,581.122184,-360.784382,377.881870,311.810837,-96.531118,278.758367,598.985786,-401.688385,376.290760,310.965962,-122.634845,284.305733,599.503977,-383.572142,372.851928,317.550333,-93.634265,285.880823,592.323814,-361.933466,341.697560,334.840063,19.965982,293.483263,335.957624,-20.057166,345.598145,244.425311,42.778693,291.242016,241.203903,-0.241666,350.228181,172.185140,215.319590,276.187064,162.207248,159.800676,344.086851,165.889922,227.444976,276.795683,157.300282,170.119603,356.576354,142.477785,116.227208,276.769193,133.718136,41.380030
0.000000,0.000000,0.000000,0.000000,0.000000,0.000000,0.000000,0.000000,0.000000,0.000000,0.000000,0.000000,0.000000,0.000000,0.000000,0.000000,0.000000,0.000000,0.000000,0.000000,0.000000,0.000000,0.000000,0.000000,0.000000,0.000000,0.000000,0.000000,0.000000,0.000000,0.000000,0.000000,0.000000,0.000000,0.000000,0.000000,0.000000,0.000000,0.000000,0.000000,0.000000,0.000000,0.000000,0.000000,0.000000,0.000000,0.000000,0.000000,0.000000,0.000000,0.000000,0.000000,336.909800,506.191117,-251.443880,340.817966,511.858577,-232.402860,343.445476,511.142245,-232.364250,346.053786,510.368196,-232.361411,332.684525,512.888458,-236.816850,329.060984,512.721610,-236.877038,325.356037,512.408926,-236.878265,349.049950,504.082751,-119.450700,319.681163,508.025698,-155.065172,340.943315,494.751558,-212.733269,329.453337,495.360725,-219.806708,363.272928,445.153861,-48.138020,290.977815,478.173999,-124.177146,366.927894,380.123090,-33.235690,255.430925,526.907545,-249.645742,372.519404,330.928703,-82.626545,276.873533,585.545216,-353.180709,376.948477,313.445729,-97.576493,277.265450,603.419930,-393.777092,375.529199,312.624395,-123.026254,282.774404,604.454354,-375.746815,372.102157,319.268643,-94.696313,284.490730,597.050021,-356.343917,341.047955,335.506511,19.734960,292.436542,336.835162,-19.824053,345.143762,244.974060,39.495304,290.018413,241.724355,-2.983866,350.236523,172.209162,208.658666,275.959943,161.981153,151.265452,344.412281,165.872326,220.144631,276.756617,156.772076,160.935799,356.513549,142.382117,108.080525,276.990751,133.146432,31.497138
0.000000,0.000000,0.000000,0.000000,0.000000,0.000000,0.000000,0.000000,0.000000,0.000000,0.000000,0.000000,0.000000,0.000000,0.000000,0.000000,0.000000,0.000000,0.000000,0.000000,0.000000,0.000000,0.000000,0.000000,0.000000,0.000000,0.000000,0.000000,0.000000,0.000000,0.000000,0.000000,0.000000,0.000000,0.000000,0.000000,0.000000,0.000000,0.000000,0.000000,0.000000,0.000000,0.000000,0.000000,0.000000,0.000000,0.000000,0.000000,0.000000,0.000000,0.000000,0.000000,336.982778,508.437102,-240.358962,340.859674,514.144893,-221.200251,343.481245,513.445520,-221.170028,346.063233,512.689366,-221.169104,332.709584,515.078177,-225.607509,329.072556,514.837747,-225.664511,325.345931,514.435697,-225.667878,348.888363,506.457497,-110.218127,319.469132,510.004837,-144.856345,340.993461,496.855114,-202.339543,329.439151,497.220972,-209.285932,363.112054,447.246054,-43.213582,290.763034,480.081643,-117.359976,366.500228,382.724430,-32.018580,255.255697,529.726109,-243.083955,371.756077,333.977628,-83.219611,275.871183,589.506868,-342.086817,376.073295,316.039907,-98.324291,276.076170,607.542696,-382.219581,374.725058,315.320392,-122.731384,281.458894,608.905299,-364.610207,371.338134,322.029331,-95.059648,283.206025,601.459056,-345.880388,340.283275,336.882055,19.507580,291.458970,338.380841,-19.594253,344.693526,246.127137,34.334124,288.586946,242.813325,-4.705884,350.695501,172.228990,198.779821,275.734843,162.186500,146.260974,345.062895,165.782846,209.810174,276.627152,156.905276,155.660186,357.023216,142.344298,97.413119,277.220549,132.953667,26.704247
0.000000,0.000000,0.000000,0.000000,0.000000,0.000000,0.000000,0.000000,0.000000,0.000000,0.000000,0.000000,0.000000,0.000000,0.000000,0.000000,0.000000,0.000000,0.000000,0.000000,0.000000,0.000000,0.000000,0.000000,0.000000,0.000000,0.000000,0.000000,0.000000,0.000000,0.000000,0.000000,0.000000,0.000000,0.000000,0.000000,0.000000,0.000000,0.000000,0.000000,0.000000,0.000000,0.000000,0.000000,0.000000,0.000000,0.000000,0.000000,0.000000,0.000000,0.000000,0.000000,337.003613,510.613188,-229.853743,340.848335,516.367744,-210.592741,343.461339,515.685873,-210.570252,346.015331,514.949246,-210.571277,332.677251,517.210865,-215.008866,329.027578,516.905213,-215.062798,325.280866,516.425627,-215.067736,348.668736,508.777405,-101.513414,319.202547,511.965165,-135.201965,340.988119,498.912021,-192.463496,329.375019,499.073613,-199.312116,362.909079,449.342959,-38.566329,290.503397,482.002571,-110.931449,366.061554,385.296874,-30.861972,255.112645,532.526796,-236.829684,370.983883,336.957304,-83.856787,274.761223,593.333053,-331.693151,375.190087,318.594875,-99.099391,274.754729,611.519957,-371.381414,373.900409,317.976600,-122.547864,279.993410,613.183922,-354.222913,370.556131,324.739172,-95.484029,281.779587,605.716593,-336.038132,339.515857,338.294208,19.274194,290.488331,339.951515,-19.358587,344.195450,247.314949,29.425014,287.169594,243.950975,-6.312926,351.040313,172.263924,189.358945,275.406623,162.488691,141.696746,345.572280,165.710571,199.960766,276.390666,157.134035,150.855811,357.415258,142.331479,87.286966,277.292886,132.860872,22.454381
0.000000,0.000000,0.000000,0.000000,0.000000,0.000000,0.000000,0.000000,0.000000,0.000000,0.000000,0.000000,0.000000,0.000000,0.000000,0.000000,0.000000,0.000000,0.000000,0.000000,0.000000,0.000000,0.000000,0.000000,0.000000,0.000000,0.000000,0.000000,0.000000,0.000000,0.000000,0.000000,0.000000,0.000000,0.000000,0.000000,0.000000,0.000000,0.000000,0.000000,0.000000,0.000000,0.000000,0.000000,0.000000,0.000000,0.000000,0.000000,0.000000,0.000000,0.000000,0.000000,336.972305,512.719376,-219.928224,340.783949,518.527129,-200.580332,343.385756,517.863305,-200.564924,345.910078,517.147836,-200.567930,332.587524,519.286524,-205.020923,328.926049,518.924010,-205.071899,325.160841,518.378717,-205.077837,348.391069,511.042476,-93.336561,318.881410,513.906684,-126.102032,340.927288,500.922278,-183.105129,329.260942,500.918646,-189.885258,362.664003,451.444576,-34.196260,290.198904,483.936783,-104.891565,365.611871,387.840421,-29.765864,255.001768,535.309606,-230.882930,370.202824,339.867729,-84.538074,273.543653,597.023771,-321.999712,374.298851,321.110632,-99.901793,273.301127,615.351711,-361.262593,373.055251,320.593019,-122.475696,278.377950,617.290225,-344.584934,369.756151,327.398167,-95.969456,280.211416,609.822633,-326.817146,338.745700,339.742972,19.034802,289.524623,341.547184,-19.117058,343.649533,248.537496,24.767975,285.766356,245.137304,-7.804990,351.270959,172.313964,180.396040,274.975281,162.887726,137.572770,345.940436,165.655501,190.596408,276.047158,157.458353,146.522672,357.689675,142.343662,77.702063,277.207763,132.868048,18.747539
0.000000,0.000000,0.000000,0.000000,0.000000,0.000000,0.000000,0.000000,0.000000,0.000000,0.000000,0.000000,0.000000,0.000000,0.000000,0.000000,0.000000,0.000000,0.000000,0.000000,0.000000,0.000000,0.000000,0.000000,0.000000,0.000000,0.000000,0.000000,0.000000,0.000000,0.000000,0.000000,0.000000,0.000000,0.000000,0.000000,0.000000,0.000000,0.000000,0.000000,0.000000,0.000000,0.000000,0.000000,0.000000,0.000000,0.000000,0.000000,0.000000,0.000000,0.000000,0.000000,336.888854,514.755665,-210.582404,340.666516,520.623049,-191.163024,343.254498,519.977815,-191.154041,345.747476,519.285136,-191.159063,332.440403,521.305153,-195.643679,328.767971,520.894137,-195.691815,324.985856,520.294966,-195.698183,348.055363,513.252709,-85.687569,318.505719,515.829392,-117.556548,340.810969,502.885886,-174.264440,329.096919,502.756073,-181.005359,362.376827,453.550906,-30.103376,289.849557,485.884278,-99.240324,365.151180,390.355071,-28.730258,254.923067,538.074539,-225.243692,369.412897,342.708905,-85.263471,272.218472,600.579022,-313.006500,373.399589,323.587179,-100.731498,271.715363,619.037960,-351.863116,372.189583,323.169650,-122.514878,276.612515,621.224208,-335.696270,368.938192,330.006315,-96.515929,278.501513,613.777175,-318.217431,337.972806,341.228346,18.789404,288.567847,343.167848,-18.869663,343.055775,249.794779,20.363004,284.377233,246.372313,-9.182079,351.387439,172.379110,171.891104,274.440818,163.383603,133.889044,346.167364,165.617636,181.717099,275.596628,157.878230,142.660771,357.846466,142.380847,68.658412,276.965178,132.975193,15.583721
0.000000,0.000000,0.000000,0.000000,0.000000,0.000000,0.000000,0.000000,0.000000,0.000000,0.000000,0.000000,0.000000,0.000000,0.000000,0.000000,0.000000,0.000000,0.000000,0.000000,0.000000,0.000000,0.000000,0.000000,0.000000,0.000000,0.000000,0.000000,0.000000,0.000000,0.000000,0.000000,0.000000,0.000000,0.000000,0.000000,0.000000,0.000000,0.000000,0.000000,0.000000,0.000000,0.000000,0.000000,0.000000,0.000000,0.000000,0.000000,0.000000,0.000000,0.000000,0.000000,336.753260,516.722056,-201.816284,340.496036,522.655502,-182.340815,343.067563,522.029402,-182.337606,345.527525,521.361146,-182.344675,332.235889,523.266751,-186.877133,328.553343,522.815595,-186.922545,324.755911,522.174375,-186.928773,347.661617,515.408105,-78.566437,318.075475,517.733291,-109.565510,340.639161,504.802845,-165.941430,328.882950,504.585892,-172.672420,362.047551,455.661947,-26.287676,289.455354,487.845057,-93.977727,364.679479,392.840825,-27.755153,254.876542,540.821594,-219.911971,368.614104,345.480831,-86.032978,270.785680,603.998806,-304.713514,372.492300,326.024515,-101.588504,269.997438,622.578702,-343.182985,371.303407,325.706493,-122.665412,274.697104,624.985869,-327.556919,368.102254,332.563616,-97.123447,276.649877,617.580220,-310.238988,337.197173,342.750330,18.538000,287.618003,344.813507,-18.616405,342.414178,251.086796,16.210104,283.002224,247.656001,-10.444190,351.389754,172.459363,163.844137,273.803235,163.976324,130.645570,346.253062,165.596977,173.322840,275.039077,158.393666,139.270107,357.885633,142.443033,60.156012,276.565132,133.182309,12.962928
0.000000,0.000000,0.000000,0.000000,0.000000,0.000000,0.000000,0.000000,0.000000,0.000000,0.000000,0.000000,0.000000,0.000000,0.000000,0.000000,0.000000,0.000000,0.000000,0.000000,0.000000,0.000000,0.000000,0.000000,0.000000,0.000000,0.000000,0.000000,0.000000,0.000000,0.000000,0.000000,0.000000,0.000000,0.000000,0.000000,0.000000,0.000000,0.000000,0.000000,0.000000,0.000000,0.000000,0.000000,0.000000,0.000000,0.000000,0.000000,0.000000,0.000000,0.000000,0.000000,336.565522,518.618549,-193.629863,340.272510,524.624490,-174.113707,342.824952,524.018069,-174.115617,345.250223,523.375865,-174.124768,331.973982,525.171320,-178.721287,328.282164,524.688383,-178.764090,324.471006,524.016943,-178.769608,347.209831,517.508663,-71.973166,317.590677,519.618379,-102.128920,340.411865,506.673154,-158.136100,328.619036,506.408104,-164.886440,361.676174,457.777701,-22.749160,289.016296,489.819119,-89.103772,364.196770,395.297683,-26.840550,254.862192,543.550773,-214.887765,367.806444,348.183507,-86.846596,269.245278,607.283122,-297.120755,371.576984,328.422640,-102.472813,268.147351,625.973938,-335.222198,370.396721,328.203547,-122.927298,272.631718,628.575210,-320.166883,367.248338,335.070071,-97.792011,274.656508,621.231767,-302.881815,336.418802,344.308925,18.280590,286.675091,346.484160,-18.357282,341.724740,252.413549,12.309274,281.641330,248.988369,-11.591324,351.277902,172.554722,156.255141,273.062531,164.665888,127.842347,346.197532,165.593522,165.413629,274.374504,159.004662,136.350679,357.807175,142.530221,52.194864,276.007626,133.489395,10.885159
0.000000,0.000000,0.000000,0.000000,0.000000,0.000000,0.000000,0.000000,0.000000,0.000000,0.000000,0.000000,0.000000,0.000000,0.000000,0.000000,0.000000,0.000000,0.000000,0.000000,0.000000,0.000000,0.000000,0.000000,0.000000,0.000000,0.000000,0.000000,0.000000,0.000000,0.000000,0.000000,0.000000,0.000000,0.000000,0.000000,0.000000,0.000000,0.000000,0.000000,0.000000,0.000000,0.000000,0.000000,0.000000,0.000000,0.000000,0.000000,0.000000,0.000000,0.000000,0.000000,336.325642,520.445143,-186.023141,339.995936,526.530012,-166.481698,342.526666,525.943813,-166.488074,344.915572,525.329295,-166.499339,331.654681,527.018858,-171.176139,327.954435,526.512502,-171.216449,324.131142,525.822671,-171.220686,346.700005,519.554384,-65.907755,317.051326,521.484657,-95.246778,340.129080,508.496813,-150.848448,328.305176,508.222710,-157.647418,361.262696,459.898167,-19.487830,288.532382,491.806465,-84.618461,363.703053,397.725644,-25.986447,254.880018,546.262075,-210.171077,366.989918,350.816933,-87.704324,267.597265,610.431972,-290.228223,370.653642,330.781554,-103.384424,266.165103,629.223669,-327.980756,369.469527,330.660812,-123.300534,270.416357,631.992230,-313.526162,366.376444,337.525679,-98.521621,272.521407,624.731816,-296.145914,335.637692,345.904130,18.017174,285.739111,348.179809,-18.092294,340.987461,253.775037,8.660513,280.294550,250.369416,-12.623482,351.051886,172.665187,149.124114,272.218706,165.452295,125.479374,346.000773,165.607272,157.989469,273.602909,159.711216,133.902489,357.611092,142.642410,44.774967,275.292658,133.896451,9.350414
0.000000,0.000000,0.000000,0.000000,0.000000,0.000000,0.000000,0.000000,0.000000,0.000000,0.000000,0.000000,0.000000,0.000000,0.000000,0.000000,0.000000,0.000000,0.000000,0.000000,0.000000,0.000000,0.000000,0.000000,0.000000,0.000000,0.000000,0.000000,0.000000,0.000000,0.000000,0.000000,0.000000,0.000000,0.000000,0.000000,0.000000,0.000000,0.000000,0.000000,0.000000,0.000000,0.000000,0.000000,0.000000,0.000000,0.000000,0.000000,0.000000,0.000000,0.000000,0.000000,336.033619,522.201839,-178.996119,339.666315,528.372069,-159.444790,342.172703,527.806636,-159.454979,344.523571,527.221434,-159.468391,331.277986,528.809367,-164.241690,327.570157,528.287951,-164.279623,323.736317,527.591558,-164.282009,346.132140,521.545268,-60.370205,316.457422,523.332125,-88.919083,339.790807,510.273824,-144.078476,327.941371,510.029708,-150.955356,360.807118,462.023345,-16.503684,288.003614,493.807095,-80.521792,363.198327,400.124709,-25.192846,254.930020,548.955499,-205.761904,366.164525,353.381109,-88.606163,265.841642,613.445355,-284.035918,369.722273,333.101258,-104.323338,264.050693,632.327893,-321.458659,368.521824,333.078289,-123.785122,268.051020,635.236930,-307.634755,365.486571,339.930440,-99.312276,270.244573,628.080368,-290.031284,334.853844,347.535945,17.747752,284.810063,349.900453,-17.821442,340.202343,255.171261,5.263823,278.961884,251.799143,-13.540662,350.711703,172.790758,142.451058,271.271760,166.335546,123.556653,345.662786,165.638228,151.050357,272.724293,160.513330,131.925537,357.297384,142.779601,37.896322,274.420230,134.403477,8.358693
0.000000,0.000000,0.000000,0.000000,0.000000,0.000000,0.000000,0.000000,0.000000,0.000000,0.000000,0.000000,0.000000,0.000000,0.000000,0.000000,0.000000,0.000000,0.000000,0.000000,0.000000,0.000000,0.000000,0.000000,0.000000,0.000000,0.000000,0.000000,0.000000,0.000000,0.000000,0.000000,0.000000,0.000000,0.000000,0.000000,0.000000,0.000000,0.000000,0.000000,0.000000,0.000000,0.000000,0.000000,0.000000,0.000000,0.000000,0.000000,0.000000,0.000000,0.000000,0.000000,335.689452,523.888636,-172.548796,339.283648,530.150660,-153.002983,341.763065,529.606536,-153.016330,344.074220,529.052284,-153.031923,330.843899,530.542846,-157.917940,327.129328,530.014730,-157.953610,323.286533,529.323604,-157.953576,345.506235,523.481314,-55.360515,315.808965,525.160783,-83.145835,339.397045,512.004184,-137.826183,327.527619,511.829099,-144.810254,360.309440,464.153235,-13.796722,287.429990,495.821008,-76.813767,362.682592,402.494877,-24.459746,255.012197,551.631047,-201.660248,365.330265,355.876035,-89.552112,263.978408,616.323270,-278.543839,368.782876,335.381751,-105.289553,261.804122,635.286612,-315.655907,367.553611,335.455978,-124.381061,265.535708,638.309308,-302.492662,364.578720,342.284354,-100.163978,267.826006,631.277422,-284.537925,334.067259,349.204370,17.472324,283.887947,351.646092,-17.544725,339.369384,256.602219,2.119202,277.643333,253.277549,-14.342866,350.257354,172.931435,136.235971,270.221693,167.315640,122.074182,345.183569,165.686388,144.596295,271.738655,161.411004,130.419821,356.866051,142.941793,31.558928,273.390340,135.010473,7.909997
0.000000,0.000000,0.000000,0.000000,0.000000,0.000000,0.000000,0.000000,0.000000,0.000000,0.000000,0.000000,0.000000,0.000000,0.000000,0.000000,0.000000,0.000000,0.000000,0.000000,0.000000,0.000000,0.000000,0.000000,0.000000,0.000000,0.000000,0.000000,0.000000,0.000000,0.000000,0.000000,0.000000,0.000000,0.000000,0.000000,0.000000,0.000000,0.000000,0.000000,0.000000,0.000000,0.000000,0.000000,0.000000,0.000000,0.000000,0.000000,0.000000,0.000000,0.000000,0.000000,335.293143,525.505535,-166.681173,338.847933,531.865785,-147.156275,341.297750,531.343515,-147.172128,343.567520,530.821843,-147.189934,330.352417,532.219294,-152.204890,326.631949,531.692840,-152.238413,322.781788,531.018811,-152.235387,344.822290,525.362523,-50.878685,315.105954,526.970630,-77.927035,338.947795,513.687896,-132.091569,327.063922,513.620884,-139.212110,359.769661,466.287837,-11.366945,286.811510,497.848205,-73.494385,362.155849,404.836149,-23.787148,255.126550,554.288717,-197.866108,364.487139,358.301712,-90.542171,262.007564,619.065718,-273.751987,367.835453,337.623033,-106.283071,259.425389,638.099824,-310.572500,366.564890,337.793878,-125.088351,262.870420,641.209366,-298.099883,363.652891,344.587422,-101.076725,265.265706,634.322978,-279.665838,333.277934,350.909406,17.190891,282.972762,353.416726,-17.262144,338.488584,258.067913,-0.773349,276.338896,254.804635,-15.030093,349.688840,173.087218,130.478853,269.068505,168.392577,121.031963,344.563123,165.751753,138.627282,270.645995,162.404236,129.385342,356.317093,143.128987,25.762785,272.202990,135.717440,8.004325
0.000000,0.000000,0.000000,0.000000,0.000000,0.000000,0.000000,0.000000,0.000000,0.000000,0.000000,0.000000,0.000000,0.000000,0.000000,0.000000,0.000000,0.000000,0.000000,0.000000,0.000000,0.000000,0.000000,0.000000,0.000000,0.000000,0.000000,0.000000,0.000000,0.000000,0.000000,0.000000,0.000000,0.000000,0.000000,0.000000,0.000000,0.000000,0.000000,0.000000,0.000000,0.000000,0.000000,0.000000,0.000000,0.000000,0.000000,0.000000,0.000000,0.000000,0.000000,0.000000,334.844691,527.052536,-161.393249,338.359172,533.517444,-141.904668,340.776760,533.017573,-141.922372,343.003469,532.530113,-141.942425,329.803543,533.838713,-147.102538,326.078020,533.322280,-147.134029,322.222084,532.677176,-147.127442,344.080305,527.188894,-46.924716,314.348390,528.761668,-73.262683,338.443056,515.324958,-126.874633,326.550280,515.405061,-134.160925,359.187782,468.427151,-9.214352,286.148176,499.888685,-70.563646,361.618096,407.148524,-23.175050,255.273079,556.928510,-194.379484,363.635147,360.658139,-91.576341,259.929109,621.672700,-269.660362,366.880004,339.825104,-107.303892,256.914495,640.767530,-306.208437,365.555660,340.091989,-125.906992,260.055157,643.937104,-294.456419,362.709083,346.839643,-102.050517,262.563674,637.217037,-275.415021,332.485872,352.651052,16.903451,282.064510,355.212355,-16.973698,337.559945,259.568342,-3.413830,275.048574,256.380401,-15.602344,349.006160,173.258108,125.179706,267.812197,169.566358,120.429994,343.801449,165.834324,133.143319,269.446314,163.493027,128.822101,355.650510,143.341182,20.507894,270.858179,136.524377,8.641677
0.000000,0.000000,0.000000,0.000000,0.000000,0.000000,0.000000,0.000000,0.000000,0.000000,0.000000,0.000000,0.000000,0.000000,0.000000,0.000000,0.000000,0.000000,0.000000,0.000000,0.000000,0.000000,0.000000,0.000000,0.000000,0.000000,0.000000,0.000000,0.000000,0.000000,0.000000,0.000000,0.000000,0.000000,0.000000,0.000000,0.000000,0.000000,0.000000,0.000000,0.000000,0.000000,0.000000,0.000000,0.000000,0.000000,0.000000,0.000000,0.000000,0.000000,0.000000,0.000000,334.344095,528.529638,-156.685024,337.817364,535.105638,-137.248160,340.200093,534.628708,-137.267063,342.382069,534.177092,-137.289395,329.197274,535.401102,-142.610885,325.467541,534.903051,-142.640460,321.607420,534.298701,-142.629741,343.280280,528.960428,-43.498607,313.536272,530.533896,-69.152778,337.882829,516.915370,-122.175377,325.986692,517.181632,-129.656700,358.563802,470.571178,-7.338945,285.439986,501.942449,-68.021551,361.069336,409.432003,-22.623454,255.451784,559.550426,-191.200377,362.774287,362.945315,-92.654622,257.743044,624.144214,-266.268963,365.916527,341.987965,-108.352014,254.271439,643.289731,-302.563720,364.525920,342.350312,-126.836984,257.089919,646.492520,-291.562269,361.747296,349.041017,-103.085356,259.719909,639.959598,-271.785476,331.691071,354.429308,16.610005,281.163190,357.032979,-16.679388,336.583464,261.103507,-5.802241,273.772366,258.004846,-16.059617,348.209315,173.444104,120.338528,266.452767,170.836982,120.268277,342.898546,165.934099,128.144405,268.139611,164.677378,128.730097,354.866303,143.578379,15.794254,269.355907,137.431284,9.822054
0.000000,0.000000,0.000000,0.000000,0.000000,0.000000,0.000000,0.000000,0.000000,0.000000,0.000000,0.000000,0.000000,0.000000,0.000000,0.000000,0.000000,0.000000,0.000000,0.000000,0.000000,0.000000,0.000000,0.000000,0.000000,0.000000,0.000000,0.000000,0.000000,0.000000,0.000000,0.000000,0.000000,0.000000,0.000000,0.000000,0.000000,0.000000,0.000000,0.000000,0.000000,0.000000,0.000000,0.000000,0.000000,0.000000,0.000000,0.000000,0.000000,0.000000,0.000000,0.000000,333.791356,529.936842,-152.556499,337.222509,536.630366,-133.186753,339.567751,536.176922,-133.206201,341.703320,535.762781,-133.230846,328.533613,536.906460,-138.729930,324.800512,536.435152,-138.757706,320.937797,535.883386,-138.742285,342.422216,530.677125,-40.600359,312.669602,532.287313,-65.597320,337.267113,518.459134,-117.993800,325.373158,518.950595,-125.699434,357.897722,472.719917,-5.740721,284.686941,504.009497,-65.868098,360.509566,411.686585,-22.132359,255.662664,562.154465,-188.328786,361.904562,365.163242,-93.777013,255.449368,626.480261,-263.577791,364.945024,344.111616,-109.427439,251.496222,645.666425,-299.638348,363.475672,344.568847,-127.878328,253.974706,648.875616,-289.417434,360.767531,351.191544,-104.181240,256.734411,642.550661,-268.777202,330.893532,356.244174,16.310553,280.268801,358.878598,-16.379214,335.559144,262.673406,-7.938583,272.510273,259.677970,-16.401914,347.298303,173.645206,115.955321,264.990217,172.204449,120.546811,341.854414,166.051080,123.630540,266.725886,165.957288,129.109329,353.964470,143.840577,11.621866,267.696174,138.438161,11.545455
0.000000,0.000000,0.000000,0.000000,0.000000,0.000000,0.000000,0.000000,0.000000,0.000000,0.000000,0.000000,0.000000,0.000000,0.000000,0.000000,0.000000,0.000000,0.000000,0.000000,0.000000,0.000000,0.000000,0.000000,0.000000,0.000000,0.000000,0.000000,0.000000,0.000000,0.000000,0.000000,0.000000,0.000000,0.000000,0.000000,0.000000,0.000000,0.000000,0.000000,0.000000,0.000000,0.000000,0.000000,0.000000,0.000000,0.000000,0.000000,0.000000,0.000000,0.000000,0.000000,333.186475,531.274147,-149.007673,336.574607,538.091628,-129.720447,338.879732,537.662213,-129.739786,340.967220,537.287180,-129.766776,327.812558,538.354789,-135.459675,324.076933,537.918583,-135.485766,320.213213,537.431230,-135.465072,341.506112,532.338984,-38.229971,311.748377,534.021920,-62.596310,336.595909,519.956247,-114.329902,324.709678,520.711951,-122.289127,357.189541,474.873368,-4.419682,283.889040,506.089829,-64.103289,359.938788,413.912271,-21.701766,255.905720,564.740627,-185.764711,361.025969,367.311920,-94.943514,253.048081,628.680841,-261.586846,363.965493,346.196055,-110.530166,248.588844,647.897613,-297.432320,362.404915,346.747593,-129.031023,250.709517,651.086391,-288.021913,359.769788,353.291225,-105.338170,253.607180,644.990227,-266.390199,330.093255,358.095651,16.005095,279.381345,360.749212,-16.073174,334.486983,264.278041,-9.822854,271.262294,261.399774,-16.629234,346.273126,173.861414,112.030083,263.424546,173.668759,121.265595,340.669053,166.185265,119.601725,265.205140,167.332757,129.959799,352.945012,144.127776,7.990729,265.878980,139.545008,13.811880
0.000000,0.000000,0.000000,0.000000,0.000000,0.000000,0.000000,0.000000,0.000000,0.000000,0.000000,0.000000,0.000000,0.000000,0.000000,0.000000,0.000000,0.000000,0.000000,0.000000,0.000000,0.000000,0.000000,0.000000,0.000000,0.000000,0.000000,0.000000,0.000000,0.000000,0.000000,0.000000,0.000000,0.000000,0.000000,0.000000,0.000000,0.000000,0.000000,0.000000,0.000000,0.000000,0.000000,0.000000,0.000000,0.000000,0.000000,0.000000,0.000000,0.000000,0.000000,0.000000,332.529450,532.541554,-146.038547,335.873658,539.489425,-126.849240,338.136037,539.084584,-126.867817,340.173771,538.750289,-126.897186,327.034109,539.746088,-132.800119,323.296803,539.353345,-132.824640,319.433669,538.942234,-132.798104,340.531968,533.946005,-36.387444,310.772600,535.737717,-60.149748,335.869216,521.406712,-111.183683,323.996253,522.465701,-119.425779,356.439260,477.031531,-3.375828,283.046285,508.183444,-62.727122,359.357001,416.109061,-21.331673,256.180951,567.308912,-183.508153,360.138510,369.391347,-96.154126,250.539184,630.745954,-260.296127,362.977936,348.241284,-111.660195,245.549303,649.983296,-295.945638,361.313649,348.886550,-130.295069,247.294352,653.124845,-287.375706,358.754066,355.340058,-106.556146,250.338217,647.278295,-264.624467,329.290239,359.983737,15.693632,278.500820,362.644821,-15.761271,333.366982,265.917411,-11.455056,270.028429,263.170258,-16.741577,345.133783,174.092728,108.562814,261.755753,175.229913,122.424631,339.342464,166.336656,116.057959,263.577372,168.803786,131.281506,351.807929,144.439977,4.900844,263.904325,140.751826,16.621329
0.000000,0.000000,0.000000,0.000000,0.000000,0.000000,0.000000,0.000000,0.000000,0.000000,0.000000,0.000000,0.000000,0.000000,0.000000,0.000000,0.000000,0.000000,0.000000,0.000000,0.000000,0.000000,0.000000,0.000000,0.000000,0.000000,0.000000,0.000000,0.000000,0.000000,0.000000,0.000000,0.000000,0.000000,0.000000,0.000000,0.000000,0.000000,0.000000,0.000000,0.000000,0.000000,0.000000,0.000000,0.000000,0.000000,0.000000,0.000000,0.000000,0.000000,0.000000,0.000000,332.055661,532.856593,-151.984669,335.339650,539.945361,-132.501768,337.565366,539.553924,-132.506926,339.587095,539.229600,-132.534760,326.420180,540.219374,-138.718300,322.658261,539.867455,-138.746007,318.810723,539.496712,-138.716305,339.893939,534.491327,-42.293930,309.999554,536.477246,-64.986562,335.288741,521.722396,-116.205725,323.487857,522.995075,-125.008071,355.786210,477.868532,-10.568584,282.236770,509.102285,-64.831444,358.605708,416.181567,-23.961952,256.354258,568.467648,-179.042441,359.310187,369.386454,-96.366508,248.213810,630.660176,-257.136945,362.117859,348.593011,-111.216191,242.398706,649.466111,-292.209706,360.451073,349.266353,-130.910016,244.047919,652.521383,-284.737873,357.954283,355.509047,-106.946710,247.388154,646.715953,-262.103426,328.806675,361.554375,14.762579,277.860786,364.094721,-14.836996,332.315028,266.911008,-11.564361,269.376451,264.810765,-16.125042,343.724299,174.414272,105.966392,260.089193,176.588121,121.318199,337.962209,166.544187,113.005505,261.938660,169.890275,129.947523,349.388374,144.822433,-0.173971,261.310387,142.049530,15.899096
0.000000,0.000000,0.000000,0.000000,0.000000,0.000000,0.000000,0.000000,0.000000,0.000000,0.000000,0.000000,0.000000,0.000000,0.000000,0.000000,0.000000,0.000000,0.000000,0.000000,0.000000,0.000000,0.000000,0.000000,0.000000,0.000000,0.000000,0.000000,0.000000,0.000000,0.000000,0.000000,0.000000,0.000000,0.000000,0.000000,0.000000,0.000000,0.000000,0.000000,0.000000,0.000000,0.000000,0.000000,0.000000,0.000000,0.000000,0.000000,0.000000,0.000000,0.000000,0.000000,331.200467,533.785837,-154.400544,334.461345,540.945100,-134.957731,336.671714,540.563565,-134.960946,338.678577,540.251250,-134.989615,325.468434,541.206518,-141.134947,321.703002,540.865168,-141.163590,317.862066,540.517438,-141.131149,338.948172,535.542673,-45.622126,309.061002,537.581973,-66.739086,334.435730,522.694288,-118.476218,322.629988,524.105553,-127.252972,355.158080,479.031523,-15.099137,281.225244,510.292759,-65.700064,357.869980,416.812392,-26.982401,256.355754,570.169557,-176.629974,358.402319,369.967681,-98.190492,246.183420,631.759887,-254.880529,361.180150,349.400580,-112.745447,239.964385,650.573194,-289.605726,359.468478,350.146571,-132.893405,241.558885,653.591076,-282.734273,357.009131,356.186139,-108.789672,245.048346,647.808558,-259.806855,328.214657,362.950634,14.025449,277.102354,365.402108,-14.104774,331.207411,268.106186,-12.889847,268.487837,266.225741,-16.230041,341.701236,174.941507,104.322606,258.659603,177.898584,121.432126,335.892666,167.137421,111.276897,260.600455,171.052057,130.074674,346.728815,145.319946,-1.958645,259.491374,143.122789,16.403567
0.000000,0.000000,0.000000,0.000000,0.000000,0.000000,0.000000,0.000000,0.000000,0.000000,0.000000,0.000000,0.000000,0.000000,0.000000,0.000000,0.000000,0.000000,0.000000,0.000000,0.000000,0.000000,0.000000,0.000000,0.000000,0.000000,0.000000,0.000000,0.000000,0.000000,0.000000,0.000000,0.000000,0.000000,0.000000,0.000000,0.000000,0.000000,0.000000,0.000000,0.000000,0.000000,0.000000,0.000000,0.000000,0.000000,0.000000,0.000000,0.000000,0.000000,0.000000,0.000000,330.336054,534.615571,-157.170373,333.580875,541.835767,-137.770478,335.779746,541.461871,-137.771896,337.776071,541.158993,-137.800967,324.529045,542.085180,-143.874960,320.765295,541.751706,-143.904583,316.933702,541.422479,-143.870078,338.022968,536.469303,-49.104892,308.156751,538.547063,-68.741236,333.586854,523.560767,-121.106095,321.780148,525.091408,-129.810083,354.553393,480.046593,-19.444700,280.226138,511.296828,-66.624731,357.164365,417.326082,-29.781914,256.170147,571.528693,-174.644023,357.545053,370.407401,-99.833723,244.289621,632.558838,-253.417837,360.287772,350.054960,-114.124147,237.736977,651.378280,-287.870498,358.530196,350.863112,-134.712926,239.300323,654.356901,-281.519431,356.104506,356.719173,-110.455466,242.920429,648.586970,-258.310676,327.640177,364.162774,13.352957,276.379489,366.539481,-13.437179,330.132678,269.166683,-13.893729,267.644146,267.467169,-16.357567,339.652166,175.486421,103.422868,257.329191,179.047739,121.464565,333.786925,167.766860,110.335530,259.354533,172.071097,130.113242,344.098157,145.791547,-2.933256,257.826026,144.050639,16.695035
0.000000,0.000000,0.000000,0.000000,0.000000,0.000000,0.000000,0.000000,0.000000,0.000000,0.000000,0.000000,0.000000,0.000000,0.000000,0.000000,0.000000,0.000000,0.000000,0.000000,0.000000,0.000000,0.000000,0.000000,0.000000,0.000000,0.000000,0.000000,0.000000,0.000000,0.000000,0.000000,0.000000,0.000000,0.000000,0.000000,0.000000,0.000000,0.000000,0.000000,0.000000,0.000000,0.000000,0.000000,0.000000,0.000000,0.000000,0.000000,0.000000,0.000000,0.000000,0.000000,329.462421,535.345796,-160.294157,332.698238,542.617362,-140.940010,334.889463,542.248844,-140.939777,336.879578,541.952827,-140.968819,323.602013,542.855357,-146.938337,319.845140,542.527069,-146.968989,316.025630,542.211836,-146.933092,337.118327,537.271215,-52.742229,307.286801,539.372516,-70.993013,332.742114,524.321833,-124.095355,320.938337,525.952638,-132.679405,353.972148,480.913743,-23.605273,279.239452,512.114491,-67.605445,356.488863,417.722635,-32.360492,255.797438,572.545056,-173.084588,356.738387,370.705614,-101.296199,242.532411,633.057029,-252.748870,359.440725,350.556153,-115.352293,235.716484,651.881368,-287.004023,357.636229,351.415978,-136.368579,237.272234,654.818858,-281.093347,355.240407,357.108149,-111.944092,241.004403,649.051190,-257.614891,327.083238,365.190793,12.745103,275.692190,367.506839,-12.834212,329.090831,270.092500,-14.576006,266.845377,268.535050,-16.507621,337.577089,176.049015,103.267177,256.097957,180.035588,121.415516,331.644984,168.432502,110.181405,258.200893,172.947396,130.063225,341.496400,146.237233,-3.097805,256.314344,144.833079,16.773501
0.000000,0.000000,0.000000,0.000000,0.000000,0.000000,0.000000,0.000000,0.000000,0.000000,0.000000,0.000000,0.000000,0.000000,0.000000,0.000000,0.000000,0.000000,0.000000,0.000000,0.000000,0.000000,0.000000,0.000000,0.000000,0.000000,0.000000,0.000000,0.000000,0.000000,0.000000,0.000000,0.000000,0.000000,0.000000,0.000000,0.000000,0.000000,0.000000,0.000000,0.000000,0.000000,0.000000,0.000000,0.000000,0.000000,0.000000,0.000000,0.000000,0.000000,0.000000,0.000000,328.579569,535.976512,-163.771896,331.813435,543.289885,-144.466325,334.000863,542.924482,-144.464587,335.989096,542.632753,-144.493169,322.687339,543.517051,-150.325078,318.942536,543.191257,-150.356805,315.137850,542.885507,-150.320190,336.234250,537.948409,-56.534137,306.451152,540.058332,-73.494417,331.901509,524.977487,-127.444000,320.104557,526.689245,-135.860937,353.414345,481.632972,-27.580855,278.265187,512.745748,-68.642207,355.843475,418.002053,-34.718133,255.237627,573.218646,-171.951669,355.982322,370.862321,-102.577922,240.911792,633.254459,-252.873626,358.639009,350.904157,-116.429883,233.902906,652.082458,-287.006301,356.786576,351.805168,-137.860365,235.474617,654.976947,-281.456020,354.416835,357.353068,-113.255551,239.300269,649.201217,-257.719498,326.543837,366.034692,12.201888,275.040458,368.304183,-12.295872,328.081868,270.883636,-14.936679,266.091531,269.429383,-16.680203,335.476005,176.629288,103.855534,254.965901,180.862129,121.284979,329.466845,169.134349,110.814522,257.139537,173.680954,129.924625,338.923545,146.657007,-2.452292,254.956328,145.470110,16.638965
0.000000,0.000000,0.000000,0.000000,0.000000,0.000000,0.000000,0.000000,0.000000,0.000000,0.000000,0.000000,0.000000,0.000000,0.000000,0.000000,0.000000,0.000000,0.000000,0.000000,0.000000,0.000000,0.000000,0.000000,0.000000,0.000000,0.000000,0.000000,0.000000,0.000000,0.000000,0.000000,0.000000,0.000000,0.000000,0.000000,0.000000,0.000000,0.000000,0.000000,0.000000,0.000000,0.000000,0.000000,0.000000,0.000000,0.000000,0.000000,0.000000,0.000000,0.000000,0.000000,327.687497,536.507718,-167.603590,330.926465,543.853337,-148.349425,333.113947,543.488785,-148.346328,335.104627,543.198771,-148.374017,321.785022,544.070262,-154.035185,318.057485,543.744269,-154.068032,314.270363,543.443494,-154.031372,335.370735,538.500886,-60.480616,305.649803,540.604511,-76.245447,331.065040,525.527728,-131.152028,319.278806,527.301228,-139.354680,352.879984,482.204282,-31.371446,277.303341,513.190599,-69.735016,355.228200,418.164335,-36.854838,254.490713,573.549462,-171.245265,355.276858,370.877520,-103.678891,239.427762,633.151128,-253.792107,357.882623,351.098973,-117.356919,232.296242,651.981551,-287.877332,355.981238,352.030682,-139.188283,233.907472,654.831168,-282.607451,353.633789,357.453930,-114.389843,237.808025,649.037052,-258.624499,326.021976,366.694472,11.723310,274.424293,368.931513,-11.822160,327.105790,271.540092,-14.975747,265.382607,270.150168,-16.875312,333.348915,177.227240,105.187939,253.933023,181.527364,121.072953,327.252507,169.872400,112.234880,256.170463,174.271770,129.697441,336.379591,147.050867,-0.996716,253.751978,145.961732,16.291426
0.000000,0.000000,0.000000,0.000000,0.000000,0.000000,0.000000,0.000000,0.000000,0.000000,0.000000,0.000000,0.000000,0.000000,0.000000,0.000000,0.000000,0.000000,0.000000,0.000000,0.000000,0.000000,0.000000,0.000000,0.000000,0.000000,0.000000,0.000000,0.000000,0.000000,0.000000,0.000000,0.000000,0.000000,0.000000,0.000000,0.000000,0.000000,0.000000,0.000000,0.000000,0.000000,0.000000,0.000000,0.000000,0.000000,0.000000,0.000000,0.000000,0.000000,0.000000,0.000000,326.786206,536.939414,-171.789238,330.037330,544.307717,-152.589310,332.228716,543.941755,-152.584998,334.226169,543.650880,-152.611364,320.895063,544.514989,-158.068656,317.189985,544.186106,-158.102671,313.423168,543.885796,-158.066639,334.527785,538.928647,-64.581666,304.882756,541.011053,-79.246104,330.232706,525.972556,-135.219440,318.461085,527.788587,-143.160632,352.369066,482.627670,-34.977047,276.353916,513.449044,-70.883872,354.643038,418.209482,-38.770608,253.556698,573.537505,-170.965376,354.621994,370.751212,-104.599106,238.080323,632.747037,-255.504313,357.171568,351.140600,-118.133399,230.896492,651.578645,-289.617116,355.220213,352.092521,-140.352333,232.570800,654.381522,-284.547640,352.891270,357.410734,-115.346966,236.527673,648.558695,-260.329892,325.517654,367.170131,11.309371,273.843695,369.388828,-11.413076,326.162597,272.061866,-14.693210,264.718605,270.697406,-17.092949,331.195818,177.842871,107.264392,252.999323,182.031292,120.779440,325.001969,170.646655,114.442480,255.293673,174.719845,129.381674,333.864538,147.418814,1.268921,252.701293,146.307944,15.730884
0.000000,0.000000,0.000000,0.000000,0.000000,0.000000,0.000000,0.000000,0.000000,0.000000,0.000000,0.000000,0.000000,0.000000,0.000000,0.000000,0.000000,0.000000,0.000000,0.000000,0.000000,0.000000,0.000000,0.000000,0.000000,0.000000,0.000000,0.000000,0.000000,0.000000,0.000000,0.000000,0.000000,0.000000,0.000000,0.000000,0.000000,0.000000,0.000000,0.000000,0.000000,0.000000,0.000000,0.000000,0.000000,0.000000,0.000000,0.000000,0.000000,0.000000,0.000000,0.000000,325.875696,537.271601,-176.328841,329.146028,544.653025,-157.185978,331.345168,544.283390,-157.180599,333.353723,543.989082,-157.205210,320.017462,544.851233,-162.425493,316.340038,544.516768,-162.460721,312.596266,544.212413,-162.425991,333.705397,539.231689,-68.837287,304.150009,541.277958,-82.496388,329.404507,526.311972,-139.646236,317.651394,528.151322,-147.278796,351.881589,482.903139,-38.397658,275.416911,513.521083,-72.088775,354.087989,418.137492,-40.465441,252.435579,573.182776,-171.112004,354.017732,370.483398,-105.338567,236.869473,632.042186,-258.010242,356.505844,351.029040,-118.759324,229.703657,650.873742,-292.225652,354.503503,351.990683,-141.352516,231.464599,653.628007,-287.276586,352.189277,357.223481,-116.126922,235.459211,647.766145,-262.835679,325.030871,367.461671,10.960071,273.298663,369.676128,-11.068619,325.252288,272.448961,-14.089069,264.099526,271.071097,-17.333114,329.016714,178.476181,110.084892,252.164801,182.373914,120.404438,322.715233,171.457114,117.437322,254.509165,175.025179,128.977322,331.378387,147.760847,4.344621,251.804274,146.508747,14.957340
0.000000,0.000000,0.000000,0.000000,0.000000,0.000000,0.000000,0.000000,0.000000,0.000000,0.000000,0.000000,0.000000,0.000000,0.000000,0.000000,0.000000,0.000000,0.000000,0.000000,0.000000,0.000000,0.000000,0.000000,0.000000,0.000000,0.000000,0.000000,0.000000,0.000000,0.000000,0.000000,0.000000,0.000000,0.000000,0.000000,0.000000,0.000000,0.000000,0.000000,0.000000,0.000000,0.000000,0.000000,0.000000,0.000000,0.000000,0.000000,0.000000,0.000000,0.000000,0.000000,324.955965,537.504279,-181.222399,328.252560,544.889262,-162.139431,330.463305,544.513691,-162.133130,332.487290,544.213375,-162.155554,319.152218,545.078992,-167.105693,315.507642,544.736254,-167.142182,311.789656,544.423345,-167.109426,332.903573,539.410015,-73.247479,303.451563,541.405226,-85.996299,328.580444,526.545974,-144.432416,316.849732,528.389434,-151.709169,351.417555,483.030687,-41.633278,274.492325,513.406716,-73.349725,353.563053,417.948367,-41.939339,251.127359,572.485273,-171.685147,353.464070,370.074076,-105.897274,235.795214,631.036574,-261.309896,355.885450,350.764291,-119.234694,228.717737,649.866841,-295.702941,353.831106,351.725170,-142.188831,230.588871,652.570625,-290.794290,351.527810,356.892170,-116.729711,234.602641,646.659402,-266.141859,324.561627,367.569090,10.675408,272.789197,369.793415,-10.788790,324.374864,272.701374,-13.163322,263.525370,271.271239,-17.595806,326.811603,179.127171,113.649440,251.429457,182.555228,119.947949,320.392298,172.303777,121.219406,253.816940,175.187772,128.484387,328.921137,148.076967,8.230384,251.060921,146.564140,13.970794
0.000000,0.000000,0.000000,0.000000,0.000000,0.000000,0.000000,0.000000,0.000000,0.000000,0.000000,0.000000,0.000000,0.000000,0.000000,0.000000,0.000000,0.000000,0.000000,0.000000,0.000000,0.000000,0.000000,0.000000,0.000000,0.000000,0.000000,0.000000,0.000000,0.000000,0.000000,0.000000,0.000000,0.000000,0.000000,0.000000,0.000000,0.000000,0.000000,0.000000,0.000000,0.000000,0.000000,0.000000,0.000000,0.000000,0.000000,0.000000,0.000000,0.000000,0.000000,0.000000,324.027016,537.637448,-186.469911,327.356926,545.016427,-167.449668,329.583126,544.632658,-167.442591,331.626868,544.323760,-167.462396,318.299331,545.198269,-172.109259,314.692798,544.844565,-172.147055,311.003339,544.518592,-172.116947,332.122312,539.463623,-77.812241,302.787418,541.392856,-89.745836,327.760516,526.674564,-149.577979,316.056100,528.502921,-156.451753,350.976963,483.010315,-44.683908,273.580160,513.105943,-74.666722,353.068231,417.642105,-43.192301,249.632036,571.444997,-172.684805,352.961009,369.523247,-106.275228,234.857544,629.730202,-265.403274,355.310387,350.346354,-119.559509,227.938730,648.557943,-300.048983,353.203024,351.295980,-142.861278,229.943615,651.209375,-295.100752,350.906870,356.416802,-117.155332,233.957962,645.238467,-270.248431,324.109923,367.492390,10.455384,272.315299,369.740687,-10.573588,323.530325,272.819107,-11.915972,262.996136,271.297835,-17.881026,324.580486,179.795839,117.958035,250.793291,182.575235,119.409971,318.033164,173.186644,125.788731,253.216998,175.207624,127.902869,326.492788,148.367174,12.926208,250.471234,146.474124,12.771245
0.000000,0.000000,0.000000,0.000000,0.000000,0.000000,0.000000,0.000000,0.000000,0.000000,0.000000,0.000000,0.000000,0.000000,0.000000,0.000000,0.000000,0.000000,0.000000,0.000000,0.000000,0.000000,0.000000,0.000000,0.000000,0.000000,0.000000,0.000000,0.000000,0.000000,0.000000,0.000000,0.000000,0.000000,0.000000,0.000000,0.000000,0.000000,0.000000,0.000000,0.000000,0.000000,0.000000,0.000000,0.000000,0.000000,0.000000,0.000000,0.000000,0.000000,0.000000,0.000000,323.088847,537.671107,-192.071379,326.459125,545.034520,-173.116689,328.704630,544.640291,-173.108982,330.772459,544.320237,-173.125737,317.458802,545.209062,-177.436190,313.895506,544.841701,-177.475338,310.237314,544.498154,-177.448551,331.361615,539.392514,-82.531575,302.157573,541.240850,-93.745000,326.944724,526.697742,-155.082927,315.270498,528.491785,-161.506548,350.559814,482.842022,-47.549547,272.680415,512.618764,-76.039766,352.603521,417.218708,-44.224327,247.949611,570.061947,-174.110980,352.508549,368.830912,-106.472427,234.056464,628.123069,-270.290376,354.780655,349.775229,-119.733769,227.366639,646.947046,-305.263778,352.619256,350.703115,-143.369858,229.528831,649.544258,-300.195971,350.326457,355.797376,-117.403785,233.525174,643.503340,-275.155397,323.675758,367.231569,10.299998,271.876966,369.517944,-10.423014,322.718671,272.802159,-10.347016,262.511824,271.150882,-18.188773,322.323362,180.482187,123.010678,250.256303,182.433936,118.790505,315.637831,174.105715,131.145298,252.709339,175.084734,127.232766,324.093341,148.631467,18.432095,250.035212,146.238698,11.358694
0.000000,0.000000,0.000000,0.000000,0.000000,0.000000,0.000000,0.000000,0.000000,0.000000,0.000000,0.000000,0.000000,0.000000,0.000000,0.000000,0.000000,0.000000,0.000000,0.000000,0.000000,0.000000,0.000000,0.000000,0.000000,0.000000,0.000000,0.000000,0.000000,0.000000,0.000000,0.000000,0.000000,0.000000,0.000000,0.000000,0.000000,0.000000,0.000000,0.000000,0.000000,0.000000,0.000000,0.000000,0.000000,0.000000,0.000000,0.000000,0.000000,0.000000,0.000000,0.000000,322.141459,537.605256,-198.026801,325.559158,544.943541,-179.140495,327.827819,544.536589,-179.132303,329.924062,544.202806,-179.145577,316.630631,545.111371,-183.086485,313.115765,544.727662,-183.127033,309.491582,544.362032,-183.104241,330.621480,539.196688,-87.405480,301.562030,540.949207,-97.993791,326.133067,526.615506,-160.947257,314.492926,528.356024,-166.873553,350.166106,482.525809,-50.230196,271.793091,511.945180,-77.468858,352.168925,416.678176,-45.035416,246.080083,568.336125,-175.963670,352.106690,367.997070,-106.488873,233.391975,626.215176,-275.971203,354.296254,349.050916,-119.757474,227.001461,645.034152,-311.347325,352.079802,349.946574,-143.714570,229.344520,647.575272,-306.079948,349.786570,355.033893,-117.475070,233.304277,641.454020,-280.862755,323.259132,366.786628,10.209250,271.474201,369.125188,-10.337068,321.939901,272.650530,-8.456456,262.072435,270.830382,-18.519048,320.040231,181.186214,128.807369,249.818493,182.131329,118.089551,313.206299,175.060990,137.289107,252.293962,174.819103,126.474080,321.722795,148.869847,24.748044,249.752856,145.857863,9.733140
0.000000,0.000000,0.000000,0.000000,0.000000,0.000000,0.000000,0.000000,0.000000,0.000000,0.000000,0.000000,0.000000,0.000000,0.000000,0.000000,0.000000,0.000000,0.000000,0.000000,0.000000,0.000000,0.000000,0.000000,0.000000,0.000000,0.000000,0.000000,0.000000,0.000000,0.000000,0.000000,0.000000,0.000000,0.000000,0.000000,0.000000,0.000000,0.000000,0.000000,0.000000,0.000000,0.000000,0.000000,0.000000,0.000000,0.000000,0.000000,0.000000,0.000000,0.000000,0.000000,321.184851,537.439896,-204.336178,324.657025,544.743491,-185.521085,326.952691,544.321553,-185.512555,329.081676,543.971466,-185.521915,315.814817,544.905197,-189.060145,312.353577,544.502447,-189.102139,308.766142,544.110225,-189.084014,329.901910,538.876144,-92.433955,301.000787,540.517926,-102.492209,325.325545,526.427858,-167.170972,313.723383,528.095640,-172.552768,349.795841,482.061676,-52.725854,270.918186,511.085189,-78.953996,351.764442,416.020507,-45.625570,244.023453,566.267530,-178.242875,351.755432,367.021720,-106.324565,232.864075,624.006522,-282.445753,353.857183,348.173414,-119.630623,226.843198,642.819260,-318.299626,351.584663,349.026357,-143.895414,229.390680,645.302419,-312.752683,349.287210,354.126352,-117.369188,233.295272,639.090508,-287.370507,322.860046,366.157568,10.183141,271.107002,368.562417,-10.315749,321.194016,272.364221,-6.244291,261.677968,270.336335,-18.871851,317.731093,181.907921,135.348108,249.479861,181.667416,117.307109,310.738568,176.052470,144.220157,251.970869,174.410731,125.626811,319.381150,149.082313,31.874055,249.624165,145.331619,7.894584
0.000000,0.000000,0.000000,0.000000,0.000000,0.000000,0.000000,0.000000,0.000000,0.000000,0.000000,0.000000,0.000000,0.000000,0.000000,0.000000,0.000000,0.000000,0.000000,0.000000,0.000000,0.000000,0.000000,0.000000,0.000000,0.000000,0.000000,0.000000,0.000000,0.000000,0.000000,0.000000,0.000000,0.000000,0.000000,0.000000,0.000000,0.000000,0.000000,0.000000,0.000000,0.000000,0.000000,0.000000,0.000000,0.000000,0.000000,0.000000,0.000000,0.000000,0.000000,0.000000,320.219024,537.175027,-210.999509,323.752726,544.434369,-192.258459,326.079248,543.995183,-192.249736,328.245303,543.626219,-192.254752,315.011361,544.590539,-195.357170,311.608941,544.166057,-195.400657,308.060994,543.742732,-195.387872,329.202902,538.430883,-97.617002,300.473845,539.947009,-107.240253,324.522159,526.134797,-173.754071,312.961871,527.710632,-178.544194,349.449018,481.449623,-55.036523,270.055701,510.038792,-80.495182,351.390072,415.245702,-45.994788,241.779721,563.856161,-180.948596,351.454775,365.904864,-105.979503,232.472765,621.497108,-289.714028,353.463444,347.142724,-119.353218,226.891850,640.302370,-326.120679,351.133837,347.942465,-143.912391,229.667313,642.725698,-320.214175,348.828376,353.074754,-117.086139,233.498157,636.412803,-294.678651,322.478499,365.344387,10.221670,270.775370,367.829631,-10.359058,320.481016,271.943231,-3.710522,261.328424,269.668740,-19.247182,315.395948,182.647306,142.632895,249.240407,181.042196,116.443178,308.234638,177.080153,151.938449,251.740058,173.859618,124.690957,317.068406,149.268867,39.810129,249.649141,144.659965,5.843025
0.000000,0.000000,0.000000,0.000000,0.000000,0.000000,0.000000,0.000000,0.000000,0.000000,0.000000,0.000000,0.000000,0.000000,0.000000,0.000000,0.000000,0.000000,0.000000,0.000000,0.000000,0.000000,0.000000,0.000000,0.000000,0.000000,0.000000,0.000000,0.000000,0.000000,0.000000,0.000000,0.000000,0.000000,0.000000,0.000000,0.000000,0.000000,0.000000,0.000000,0.000000,0.000000,0.000000,0.000000,0.000000,0.000000,0.000000,0.000000,0.000000,0.000000,0.000000,0.000000,319.243977,536.810648,-218.016795,322.846261,544.016175,-199.352617,325.207489,543.557478,-199.343848,327.414941,543.167063,-199.344087,314.220262,544.167398,-201.977559,310.881856,543.718492,-202.022585,307.376139,543.259556,-202.015815,328.524458,537.860905,-102.954619,299.981204,539.236454,-112.237924,323.722908,525.736323,-180.696553,312.208388,527.201000,-184.847830,349.125637,480.689649,-57.162200,269.205637,508.805989,-82.092415,351.045816,414.353762,-46.143070,239.348887,561.102019,-184.080833,351.204718,364.646501,-105.453686,232.218045,618.686934,-297.776028,353.115034,345.958846,-118.925258,227.147416,637.483483,-334.810484,350.727326,346.694896,-143.765500,230.174418,639.845109,-328.464425,348.410069,351.879099,-116.625921,233.912934,633.420906,-302.787188,322.114491,364.347086,10.324837,270.479304,366.926831,-10.466995,319.800901,271.387561,-0.855148,261.023802,268.827597,-19.645040,313.034797,183.404371,150.661729,249.100132,180.255669,115.497760,305.694509,178.144041,160.443983,251.601531,173.165764,123.666520,314.784564,149.429506,48.556265,249.827782,143.842902,3.578464
0.000000,0.000000,0.000000,0.000000,0.000000,0.000000,0.000000,0.000000,0.000000,0.000000,0.000000,0.000000,0.000000,0.000000,0.000000,0.000000,0.000000,0.000000,0.000000,0.000000,0.000000,0.000000,0.000000,0.000000,0.000000,0.000000,0.000000,0.000000,0.000000,0.000000,0.000000,0.000000,0.000000,0.000000,0.000000,0.000000,0.000000,0.000000,0.000000,0.000000,0.000000,0.000000,0.000000,0.000000,0.000000,0.000000,0.000000,0.000000,0.000000,0.000000,0.000000,0.000000,318.259711,536.346760,-225.388036,321.937629,543.488910,-206.803560,324.337414,543.008440,-206.794890,326.590592,542.593999,-206.789921,313.441521,543.635773,-208.921314,310.172323,543.159751,-208.967925,306.711577,542.660694,-208.967842,327.866577,537.166210,-108.446807,299.522864,538.386263,-117.485222,322.927792,525.232437,-187.998419,311.462935,526.566744,-191.463676,348.825698,479.781755,-59.102887,268.367992,507.386781,-83.745695,350.731673,413.344686,-46.070416,236.730950,558.005105,-187.639586,351.005262,363.246630,-104.747117,232.099915,615.575999,-306.631751,352.811956,344.621780,-118.346742,227.609896,634.362598,-344.369043,350.365129,345.283652,-143.454741,230.911995,636.660652,-337.503433,348.032288,350.539386,-115.988537,234.539601,630.114817,-311.696119,321.768022,363.165666,10.492642,270.218805,365.854017,-10.639559,319.153670,270.697210,2.321831,260.764103,267.812907,-20.065426,310.647639,184.179115,159.434610,249.059034,179.307835,114.470854,303.118181,179.244133,169.736759,251.555286,172.329168,122.553500,312.529624,149.564233,58.112463,250.160089,142.880430,1.100901
0.000000,0.000000,0.000000,0.000000,0.000000,0.000000,0.000000,0.000000,0.000000,0.000000,0.000000,0.000000,0.000000,0.000000,0.000000,0.000000,0.000000,0.000000,0.000000,0.000000,0.000000,0.000000,0.000000,0.000000,0.000000,0.000000,0.000000,0.000000,0.000000,0.000000,0.000000,0.000000,0.000000,0.000000,0.000000,0.000000,0.000000,0.000000,0.000000,0.000000,0.000000,0.000000,0.000000,0.000000,0.000000,0.000000,0.000000,0.000000,0.000000,0.000000,0.000000,0.000000,318.257578,536.724549,-221.353570,321.931005,543.789479,-202.362463,324.316130,543.278983,-202.348815,326.570043,542.839169,-202.339850,313.622126,544.045422,-204.999932,310.411201,543.610704,-205.044692,306.991440,543.154143,-205.044651,327.810787,537.340445,-103.142389,299.595832,538.788925,-114.582368,322.939416,525.682025,-183.562905,311.630120,527.103352,-187.738740,348.656803,480.141828,-52.186290,268.255567,507.610667,-81.329594,350.856840,413.984389,-39.173860,235.633844,556.626662,-189.728919,351.147083,363.581946,-99.585389,231.770951,614.213284,-314.113170,352.809595,344.973483,-113.250457,227.493428,632.855916,-352.655711,350.358637,345.618690,-138.214444,230.783137,635.153543,-345.369216,348.004978,350.943677,-110.924204,234.328545,628.659348,-318.938486,321.607581,363.141845,10.506587,270.126917,365.939823,-10.655398,319.199261,270.646352,3.234237,260.469291,267.694135,-20.485160,311.045107,184.432331,163.104367,248.855149,178.848032,113.832901,303.308978,179.533309,173.606024,251.348774,172.034379,121.766474,312.981514,149.429013,60.773078,249.934886,142.300631,0.512827
0.000000,0.000000,0.000000,0.000000,0.000000,0.000000,0.000000,0.000000,0.000000,0.000000,0.000000,0.000000,0.000000,0.000000,0.000000,0.000000,0.000000,0.000000,0.000000,0.000000,0.000000,0.000000,0.000000,0.000000,0.000000,0.000000,0.000000,0.000000,0.000000,0.000000,0.000000,0.000000,0.000000,0.000000,0.000000,0.000000,0.000000,0.000000,0.000000,0.000000,0.000000,0.000000,0.000000,0.000000,0.000000,0.000000,0.000000,0.000000,0.000000,0.000000,0.000000,0.000000,317.898100,535.495827,-223.371520,321.560347,542.561530,-204.223148,323.958668,542.050856,-204.204717,326.232930,541.610012,-204.191970,313.227691,542.840645,-206.941730,309.985886,542.411849,-206.986711,306.531665,541.940235,-206.986332,327.499525,536.078527,-103.190056,299.003392,537.372884,-116.070288,322.618237,524.445391,-185.106493,311.260086,525.794184,-189.450825,348.351993,478.818755,-48.944922,267.496058,505.522282,-81.456880,350.708767,412.656968,-34.755935,232.952794,551.642504,-192.216474,350.872160,361.828002,-95.809885,231.554930,609.380725,-320.564193,352.356124,343.192113,-109.786543,227.667414,627.935430,-359.808696,349.808904,343.779231,-135.014181,231.086221,630.127464,-351.763807,347.505169,349.276619,-107.332306,234.551686,623.503206,-325.108946,321.043232,361.393421,11.376707,269.849647,364.496455,-11.522552,318.386107,269.354954,10.118910,260.248769,266.158777,-20.316411,309.753275,184.681118,171.421045,248.471739,177.420562,111.963911,301.897934,179.796178,181.930584,250.779286,170.788763,119.660719,312.221567,149.316219,69.519848,250.121015,141.097883,-1.778595
0.000000,0.000000,0.000000,0.000000,0.000000,0.000000,0.000000,0.000000,0.000000,0.000000,0.000000,0.000000,0.000000,0.000000,0.000000,0.000000,0.000000,0.000000,0.000000,0.000000,0.000000,0.000000,0.000000,0.000000,0.000000,0.000000,0.000000,0.000000,0.000000,0.000000,0.000000,0.000000,0.000000,0.000000,0.000000,0.000000,0.000000,0.000000,0.000000,0.000000,0.000000,0.000000,0.000000,0.000000,0.000000,0.000000,0.000000,0.000000,0.000000,0.000000,0.000000,0.000000,317.494833,534.115546,-225.437326,321.148491,541.176466,-206.130247,323.558816,540.667058,-206.107267,325.851236,540.226747,-206.091155,312.785292,541.473985,-208.932906,309.510639,541.051114,-208.978211,306.023126,540.565991,-208.977459,327.147691,534.667919,-103.377730,298.377518,535.819315,-117.592973,322.248637,523.066994,-186.713430,310.842024,524.334227,-191.227248,348.008344,477.350305,-46.026068,266.744100,503.367474,-81.825685,350.513787,411.179398,-30.699225,230.363629,546.776003,-194.844947,350.549812,359.963403,-92.341279,231.359149,604.632730,-326.754392,351.869090,341.310118,-106.619041,227.845758,623.114752,-366.652133,349.229181,341.840087,-132.084812,231.389620,625.188994,-357.853061,346.973085,347.496785,-104.027833,234.770573,618.435920,-331.007683,320.448686,359.568818,12.301678,269.537444,362.964003,-12.444906,317.573331,267.954787,16.699284,260.055681,264.582138,-20.313114,308.454802,184.851428,179.732585,248.081722,176.040800,110.375778,300.487327,179.978753,190.305454,250.187299,169.578598,117.909340,311.495207,149.172229,78.419231,250.287027,139.951879,-3.672461
0.000000,0.000000,0.000000,0.000000,0.000000,0.000000,0.000000,0.000000,0.000000,0.000000,0.000000,0.000000,0.000000,0.000000,0.000000,0.000000,0.000000,0.000000,0.000000,0.000000,0.000000,0.000000,0.000000,0.000000,0.000000,0.000000,0.000000,0.000000,0.000000,0.000000,0.000000,0.000000,0.000000,0.000000,0.000000,0.000000,0.000000,0.000000,0.000000,0.000000,0.000000,0.000000,0.000000,0.000000,0.000000,0.000000,0.000000,0.000000,0.000000,0.000000,0.000000,0.000000,317.047777,532.583705,-227.550988,320.695437,539.634287,-208.083761,323.116574,539.127589,-208.056465,325.424960,538.689372,-208.037405,312.294929,539.945441,-210.973462,308.985460,539.528500,-211.019190,305.465824,539.031410,-211.018033,326.755283,533.108622,-103.705410,297.718209,534.128220,-119.150425,321.830617,521.546833,-188.383717,310.375933,522.723479,-193.068009,347.625855,475.736480,-43.429728,265.999693,501.146244,-82.436007,350.271899,409.551679,-27.003730,227.866351,542.027157,-197.614337,350.180039,357.988148,-89.179569,231.183607,599.969300,-332.683767,351.348493,339.327498,-103.747951,228.028460,618.393882,-373.186022,348.619467,339.801259,-129.426337,231.693333,620.338132,-363.636975,346.408726,345.604176,-101.010787,234.985206,613.457491,-336.634697,319.823945,357.668036,13.281501,269.190310,361.342467,-13.422459,316.760933,266.445853,22.975360,259.890028,262.964220,-20.475268,307.149690,184.943262,188.038987,247.685098,174.708746,109.068504,299.077154,180.081032,198.730635,249.572814,168.403884,116.512337,310.802435,148.997043,87.471227,250.432919,138.862619,-5.168769
0.000000,0.000000,0.000000,0.000000,0.000000,0.000000,0.000000,0.000000,0.000000,0.000000,0.000000,0.000000,0.000000,0.000000,0.000000,0.000000,0.000000,0.000000,0.000000,0.000000,0.000000,0.000000,0.000000,0.000000,0.000000,0.000000,0.000000,0.000000,0.000000,0.000000,0.000000,0.000000,0.000000,0.000000,0.000000,0.000000,0.000000,0.000000,0.000000,0.000000,0.000000,0.000000,0.000000,0.000000,0.000000,0.000000,0.000000,0.000000,0.000000,0.000000,0.000000,0.000000,316.556933,530.900304,-229.712506,320.201185,537.934993,-210.083689,322.631942,537.432449,-210.052312,324.954103,536.997889,-210.030720,311.756603,538.255014,-213.063397,308.410350,537.844005,-213.109650,304.859759,537.336492,-213.108053,326.322303,531.400636,-104.173097,297.025465,532.299598,-120.742643,321.364175,519.884910,-190.117355,309.861813,520.961942,-194.973108,347.204526,473.977278,-41.155903,265.262836,498.858591,-83.287847,349.983104,407.773809,-23.669451,225.460959,537.395968,-200.524644,349.762841,355.902238,-86.324758,231.028303,595.390434,-338.352319,350.794334,337.244252,-101.173272,228.215522,613.772820,-379.410362,347.979763,337.662745,-127.038754,231.997361,615.574879,-369.115550,345.812093,343.598791,-98.281166,235.195585,608.567919,-341.989988,319.169007,355.691075,14.316175,268.808245,359.631847,-14.455213,315.948913,264.828150,28.947137,259.751809,261.305021,-20.802873,305.837938,184.956620,196.340250,247.281868,173.424400,108.042088,297.667416,180.103017,207.206126,248.935831,167.264622,115.469710,310.143250,148.790662,96.675836,250.558693,137.830102,-6.267521
0.000000,0.000000,0.000000,0.000000,0.000000,0.000000,0.000000,0.000000,0.000000,0.000000,0.000000,0.000000,0.000000,0.000000,0.000000,0.000000,0.000000,0.000000,0.000000,0.000000,0.000000,0.000000,0.000000,0.000000,0.000000,0.000000,0.000000,0.000000,0.000000,0.000000,0.000000,0.000000,0.000000,0.000000,0.000000,0.000000,0.000000,0.000000,0.000000,0.000000,0.000000,0.000000,0.000000,0.000000,0.000000,0.000000,0.000000,0.000000,0.000000,0.000000,0.000000,0.000000,316.022300,529.065344,-231.921881,319.665736,536.078584,-212.130032,322.104919,535.581638,-212.094808,324.438664,535.152296,-212.071100,311.170314,536.402703,-215.202710,307.785308,535.997632,-215.249591,304.204931,535.481238,-215.247520,325.848750,529.543960,-104.780791,296.299287,530.333449,-122.369627,320.849313,518.081223,-191.914342,309.299664,519.049615,-196.942544,346.744356,472.072699,-39.204591,264.533530,496.504516,-84.381206,349.647401,405.845790,-20.696387,223.147452,532.882434,-203.575869,349.298219,353.705672,-83.776843,230.893238,590.896132,-343.760047,350.206611,335.060381,-98.895006,228.406942,609.251567,-385.325154,347.310069,335.424546,-124.922065,232.301703,610.899234,-374.288787,345.183186,341.480630,-95.838971,235.401709,603.767203,-347.073557,318.483874,353.637935,15.405702,268.391248,357.832144,-15.543167,315.137271,263.101678,34.614616,259.641024,259.604543,-21.295930,304.519546,184.891502,204.636375,246.872031,172.187763,107.296529,296.258114,180.044708,215.731928,248.276350,166.160812,114.781458,309.517653,148.553084,106.033057,250.664349,136.854330,-6.968716
0.000000,0.000000,0.000000,0.000000,0.000000,0.000000,0.000000,0.000000,0.000000,0.000000,0.000000,0.000000,0.000000,0.000000,0.000000,0.000000,0.000000,0.000000,0.000000,0.000000,0.000000,0.000000,0.000000,0.000000,0.000000,0.000000,0.000000,0.000000,0.000000,0.000000,0.000000,0.000000,0.000000,0.000000,0.000000,0.000000,0.000000,0.000000,0.000000,0.000000,0.000000,0.000000,0.000000,0.000000,0.000000,0.000000,0.000000,0.000000,0.000000,0.000000,0.000000,0.000000,315.443878,527.078824,-234.179111,319.089089,534.065060,-214.222789,321.535506,533.575156,-214.183952,323.878644,533.152595,-214.158545,310.536061,534.388508,-217.391402,307.110334,533.989378,-217.439011,303.501340,533.465647,-217.436433,325.334625,527.538595,-105.528492,295.539674,528.229773,-124.031377,320.286029,516.135773,-193.774680,308.689486,516.986498,-198.976319,346.245347,470.022745,-37.575794,263.811775,494.084019,-85.716082,349.264791,403.767621,-18.084539,220.925831,528.486557,-206.768011,348.786172,351.398451,-81.535826,230.778413,586.486395,-348.906951,349.585325,332.775884,-96.913152,228.602721,604.830121,-390.930398,346.610385,333.086663,-123.076269,232.606360,606.311198,-379.156685,344.522004,339.249694,-93.684202,235.603580,599.055344,-351.885402,317.768543,351.508616,16.550081,267.939319,355.943357,-16.686320,314.326008,261.266438,39.977796,259.557674,257.862786,-21.954438,303.194514,184.747907,212.927362,246.455588,170.998833,106.831829,294.849247,179.906103,224.308040,247.594371,165.092453,114.447582,308.925643,148.284311,115.542892,250.749886,135.935302,-7.272354
0.000000,0.000000,0.000000,0.000000,0.000000,0.000000,0.000000,0.000000,0.000000,0.000000,0.000000,0.000000,0.000000,0.000000,0.000000,0.000000,0.000000,0.000000,0.000000,0.000000,0.000000,0.000000,0.000000,0.000000,0.000000,0.000000,0.000000,0.000000,0.000000,0.000000,0.000000,0.000000,0.000000,0.000000,0.000000,0.000000,0.000000,0.000000,0.000000,0.000000,0.000000,0.000000,0.000000,0.000000,0.000000,0.000000,0.000000,0.000000,0.000000,0.000000,0.000000,0.000000,314.821668,524.940744,-236.484198,318.471244,531.894422,-216.361960,320.923704,531.413003,-216.319745,323.274043,530.998785,-216.293055,309.853844,532.212430,-219.629473,306.385429,531.819245,-219.677912,302.748985,531.289720,-219.674793,324.779926,525.384540,-106.416199,294.746627,525.988571,-125.727894,319.674325,514.048559,-195.698367,308.031279,514.772591,-201.074431,345.707499,467.827414,-36.269511,263.097570,491.597099,-87.292476,348.835273,401.539303,-15.833906,218.796096,524.208336,-210.101071,348.226700,348.980574,-79.601706,230.683826,582.161223,-353.793031,348.930477,330.390762,-95.227709,228.802859,600.508483,-396.226094,345.880710,330.649094,-121.501366,232.911331,601.810770,-383.719244,343.828548,336.905982,-91.816859,235.801197,594.432342,-356.425525,317.023017,349.303117,17.749311,267.452459,353.965487,-17.884674,313.515123,259.322430,45.036678,259.501759,256.079748,-22.778396,301.862842,184.525837,221.213211,246.032538,169.857613,106.647986,293.440815,179.687204,232.934463,246.889893,164.059546,114.468082,308.367221,147.984342,125.205339,250.815304,135.073017,-7.178435
0.000000,0.000000,0.000000,0.000000,0.000000,0.000000,0.000000,0.000000,0.000000,0.000000,0.000000,0.000000,0.000000,0.000000,0.000000,0.000000,0.000000,0.000000,0.000000,0.000000,0.000000,0.000000,0.000000,0.000000,0.000000,0.000000,0.000000,0.000000,0.000000,0.000000,0.000000,0.000000,0.000000,0.000000,0.000000,0.000000,0.000000,0.000000,0.000000,0.000000,0.000000,0.000000,0.000000,0.000000,0.000000,0.000000,0.000000,0.000000,0.000000,0.000000,0.000000,0.000000,314.155668,522.651105,-238.837141,317.812202,529.566668,-218.547546,320.269510,529.095179,-218.502186,322.624860,528.690865,-218.474631,309.123664,529.874469,-221.916924,305.610592,529.487232,-221.966294,301.947867,528.953456,-221.962599,324.184655,523.081796,-107.443912,293.920144,523.609842,-127.459176,319.014200,511.819583,-197.685405,307.325043,512.407895,-203.236880,345.130810,465.486707,-35.285741,262.390916,489.043757,-89.110389,348.358848,399.160835,-13.944488,216.758247,520.047771,-213.575048,347.619803,346.452041,-77.974484,230.609478,577.920615,-358.418288,348.242065,327.905014,-93.838679,229.007356,596.286653,-401.212242,345.121045,328.111840,-120.197356,233.216617,597.397951,-387.976465,343.102818,334.449494,-90.236942,235.994560,589.898196,-360.693925,316.247295,347.021440,19.003394,266.930668,351.898532,-19.138227,312.704616,257.269653,49.791261,259.473278,254.255431,-23.767807,300.524531,184.225290,229.493922,245.602881,168.764100,106.745001,292.032818,179.388010,241.611197,246.162918,163.062090,114.842958,307.842386,147.653177,135.020399,250.860604,134.267477,-6.686959
0.000000,0.000000,0.000000,0.000000,0.000000,0.000000,0.000000,0.000000,0.000000,0.000000,0.000000,0.000000,0.000000,0.000000,0.000000,0.000000,0.000000,0.000000,0.000000,0.000000,0.000000,0.000000,0.000000,0.000000,0.000000,0.000000,0.000000,0.000000,0.000000,0.000000,0.000000,0.000000,0.000000,0.000000,0.000000,0.000000,0.000000,0.000000,0.000000,0.000000,0.000000,0.000000,0.000000,0.000000,0.000000,0.000000,0.000000,0.000000,0.000000,0.000000,0.000000,0.000000,313.445880,520.209906,-241.237940,317.111961,527.081799,-220.779547,319.572927,526.621684,-220.731276,321.931096,526.228837,-220.703271,308.345520,527.374624,-224.253753,304.785824,526.993339,-224.304156,301.097986,526.456855,-224.299852,323.548811,520.630363,-108.611633,293.060228,521.093586,-129.225224,318.305654,509.448843,-199.735792,306.570778,509.892408,-205.463668,344.515281,463.000624,-34.624486,261.691813,486.423993,-91.169819,347.835515,396.632217,-12.416286,214.812284,516.004862,-217.189942,346.965482,343.812853,-76.654159,230.555368,573.764572,-362.782721,347.520091,325.318641,-92.746060,229.216212,592.164631,-405.888841,344.331389,325.474902,-119.164240,233.522217,593.072740,-391.928346,342.344813,331.880231,-88.944451,236.183669,585.452907,-364.690602,315.441376,344.663583,20.312328,266.373945,349.742494,-20.446981,311.894487,255.108108,54.241546,259.472231,252.389834,-24.922668,299.179580,183.846266,237.769494,245.166618,167.718296,107.122874,290.625257,179.008521,250.338241,245.413444,162.100086,115.572210,307.351138,147.290816,144.988072,250.885786,133.518681,-5.797926
0.000000,0.000000,0.000000,0.000000,0.000000,0.000000,0.000000,0.000000,0.000000,0.000000,0.000000,0.000000,0.000000,0.000000,0.000000,0.000000,0.000000,0.000000,0.000000,0.000000,0.000000,0.000000,0.000000,0.000000,0.000000,0.000000,0.000000,0.000000,0.000000,0.000000,0.000000,0.000000,0.000000,0.000000,0.000000,0.000000,0.000000,0.000000,0.000000,0.000000,0.000000,0.000000,0.000000,0.000000,0.000000,0.000000,0.000000,0.000000,0.000000,0.000000,0.000000,0.000000,312.692304,517.617147,-243.686595,316.370523,524.439815,-223.057962,318.833954,523.992518,-223.007015,321.192750,523.612700,-222.978977,307.519413,524.712895,-226.639961,303.911124,524.337567,-226.691498,300.199342,523.799917,-226.686551,322.872395,518.030240,-109.919360,292.166876,518.439804,-131.026039,317.548688,506.936340,-201.849530,305.768484,507.226132,-207.754793,343.860912,460.369165,-34.285745,261.000260,483.737806,-93.470768,347.265275,393.953449,-11.249299,212.958207,512.079609,-220.945754,346.263736,341.063009,-75.640732,230.521498,569.693093,-366.886330,346.764553,322.631642,-91.949854,229.429426,588.142416,-410.255893,343.511743,322.738278,-118.402017,233.828132,588.835138,-395.574889,341.554534,329.198193,-87.939385,236.368524,581.096475,-368.415556,314.605261,342.229547,21.676114,265.782290,347.497372,-21.810934,311.084736,252.837795,58.387532,259.498619,250.482957,-26.242981,297.827989,183.388767,246.039928,244.723749,166.720200,107.781606,289.218130,178.548738,259.115596,244.641472,161.173533,116.655838,306.893479,146.897259,155.108358,250.890848,132.826628,-4.511336
0.000000,0.000000,0.000000,0.000000,0.000000,0.000000,0.000000,0.000000,0.000000,0.000000,0.000000,0.000000,0.000000,0.000000,0.000000,0.000000,0.000000,0.000000,0.000000,0.000000,0.000000,0.000000,0.000000,0.000000,0.000000,0.000000,0.000000,0.000000,0.000000,0.000000,0.000000,0.000000,0.000000,0.000000,0.000000,0.000000,0.000000,0.000000,0.000000,0.000000,0.000000,0.000000,0.000000,0.000000,0.000000,0.000000,0.000000,0.000000,0.000000,0.000000,0.000000,0.000000,311.894938,514.872829,-246.183106,315.587887,521.640716,-225.382791,318.052590,521.207681,-225.329402,320.409823,520.842454,-225.301747,306.645342,521.889283,-229.075547,302.986492,521.519915,-229.128320,299.251935,520.982643,-229.122697,322.155405,515.281428,-111.367093,291.240090,515.648494,-132.861620,316.743300,504.282074,-204.026617,304.918161,504.409066,-210.110257,343.167704,457.592329,-34.269518,260.316258,480.985196,-96.013235,346.648127,391.124532,-10.443528,211.196015,508.272012,-224.842483,345.514565,338.202510,-74.934201,230.507866,565.706178,-370.729116,345.975453,319.844018,-91.450059,229.646999,584.220010,-414.313396,342.662107,319.901969,-117.910687,234.134361,584.685145,-398.916093,340.731980,326.403378,-87.221745,236.549125,576.828899,-371.868788,313.738950,339.719333,23.094752,265.155704,345.163167,-23.230088,310.275364,250.458713,62.229219,259.552442,248.534800,-27.728744,296.469759,182.852791,254.305224,244.274272,165.769812,108.721195,287.811439,178.008660,267.943261,243.847002,160.282431,118.093841,306.469406,146.472507,165.381257,250.875793,132.191320,-2.827190
0.000000,0.000000,0.000000,0.000000,0.000000,0.000000,0.000000,0.000000,0.000000,0.000000,0.000000,0.000000,0.000000,0.000000,0.000000,0.000000,0.000000,0.000000,0.000000,0.000000,0.000000,0.000000,0.000000,0.000000,0.000000,0.000000,0.000000,0.000000,0.000000,0.000000,0.000000,0.000000,0.000000,0.000000,0.000000,0.000000,0.000000,0.000000,0.000000,0.000000,0.000000,0.000000,0.000000,0.000000,0.000000,0.000000,0.000000,0.000000,0.000000,0.000000,0.000000,0.000000,311.053784,511.976951,-248.727473,314.764054,518.684503,-227.754035,317.228836,518.267173,-227.698437,319.582315,517.918099,-227.671583,305.723307,518.903787,-231.560513,302.011929,518.540383,-231.614623,298.255764,518.005032,-231.608289,321.397843,512.383926,-112.954833,290.279869,512.719658,-134.731966,315.889491,501.486044,-206.267055,304.019809,501.441210,-212.530057,342.435655,454.670118,-34.575806,259.639807,478.166165,-98.797220,345.984072,388.145465,-9.998972,209.525709,504.582072,-228.880129,344.717969,335.231355,-74.534569,230.514474,561.803828,-374.311077,345.152790,316.955769,-91.246677,229.868931,580.397412,-418.061351,341.782481,316.965975,-117.690250,234.440905,580.622759,-401.951958,339.877152,323.495788,-86.791531,236.725472,572.650180,-375.050296,312.842443,337.132939,24.568242,264.494187,342.739878,-24.704441,309.466369,247.970863,65.766608,259.633699,246.545363,-29.379959,295.104888,182.238339,262.565381,243.818189,164.867133,109.941642,286.405183,177.388287,276.821236,243.030034,159.426781,119.886220,306.078922,146.016559,175.806768,250.840619,131.612755,-0.745486
0.000000,0.000000,0.000000,0.000000,0.000000,0.000000,0.000000,0.000000,0.000000,0.000000,0.000000,0.000000,0.000000,0.000000,0.000000,0.000000,0.000000,0.000000,0.000000,0.000000,0.000000,0.000000,0.000000,0.000000,0.000000,0.000000,0.000000,0.000000,0.000000,0.000000,0.000000,0.000000,0.000000,0.000000,0.000000,0.000000,0.000000,0.000000,0.000000,0.000000,0.000000,0.000000,0.000000,0.000000,0.000000,0.000000,0.000000,0.000000,0.000000,0.000000,0.000000,0.000000,310.168841,508.929514,-251.319697,313.899023,515.571174,-230.171693,316.362692,515.170994,-230.114122,318.710225,514.839635,-230.088484,304.753310,515.756408,-234.094858,300.987434,515.398972,-234.150406,297.210831,514.867085,-234.143328,320.599708,509.337735,-114.682580,289.286213,509.653295,-136.637079,314.987262,498.548251,-208.570842,303.073429,498.322564,-215.014196,341.664767,451.602530,-35.204607,258.970907,475.280711,-101.822722,345.273109,385.016248,-9.915631,207.947290,501.009787,-233.058693,343.873948,332.149545,-74.441833,230.541320,557.986043,-377.632215,344.296564,313.966894,-91.339706,230.095222,576.674622,-421.499757,340.872864,313.930297,-117.740707,234.747763,576.647983,-404.682485,338.990049,320.475423,-86.648743,236.897565,568.560318,-377.960082,311.915739,334.470366,26.096584,263.797738,340.227505,-26.233994,308.657753,245.374245,68.999699,259.742390,244.514647,-31.196626,293.733378,181.545411,270.820401,243.355500,164.012161,111.442947,284.999362,176.687620,285.749523,242.190567,158.606583,122.032975,305.722024,145.529414,186.384893,250.785326,131.090935,1.733774
0.000000,0.000000,0.000000,0.000000,0.000000,0.000000,0.000000,0.000000,0.000000,0.000000,0.000000,0.000000,0.000000,0.000000,0.000000,0.000000,0.000000,0.000000,0.000000,0.000000,0.000000,0.000000,0.000000,0.000000,0.000000,0.000000,0.000000,0.000000,0.000000,0.000000,0.000000,0.000000,0.000000,0.000000,0.000000,0.000000,0.000000,0.000000,0.000000,0.000000,0.000000,0.000000,0.000000,0.000000,0.000000,0.000000,0.000000,0.000000,0.000000,0.000000,0.000000,0.000000,309.240109,505.730516,-253.959777,312.992794,512.300730,-232.635766,315.454158,511.919144,-232.576454,317.793554,511.607062,-232.552450,303.735348,512.447145,-236.678581,299.913007,512.095681,-236.735670,296.117134,511.568801,-236.727813,319.761000,506.142854,-116.550334,288.259123,506.449406,-138.576958,314.036612,495.468695,-210.937980,302.079019,495.053129,-217.562673,340.855038,448.389566,-36.155922,258.309557,472.328834,-105.089743,344.515239,381.736882,-10.193506,206.460756,497.555159,-237.378174,342.982503,328.957079,-74.655995,230.588405,554.252822,-380.692530,343.406775,310.877394,-91.729148,230.325871,573.051640,-424.628616,339.933256,310.794933,-118.062056,235.054936,572.760815,-407.107673,338.070672,317.342282,-86.793381,237.065404,564.559312,-380.598145,310.958840,331.731614,27.679778,263.066357,337.626048,-27.818748,307.849516,242.668858,71.928491,259.878516,242.442651,-33.178743,292.355228,180.774007,279.070282,242.886204,163.204899,113.225110,283.593977,175.906657,294.728120,241.328603,157.821836,124.534106,305.398715,145.011074,197.115630,250.709914,130.625859,4.610591
0.000000,0.000000,0.000000,0.000000,0.000000,0.000000,0.000000,0.000000,0.000000,0.000000,0.000000,0.000000,0.000000,0.000000,0.000000,0.000000,0.000000,0.000000,0.000000,0.000000,0.000000,0.000000,0.000000,0.000000,0.000000,0.000000,0.000000,0.000000,0.000000,0.000000,0.000000,0.000000,0.000000,0.000000,0.000000,0.000000,0.000000,0.000000,0.000000,0.000000,0.000000,0.000000,0.000000,0.000000,0.000000,0.000000,0.000000,0.000000,0.000000,0.000000,0.000000,0.000000,308.267589,502.379959,-256.647712,312.045367,508.873172,-235.146253,314.503234,508.511623,-235.085436,316.832301,508.220380,-235.063481,302.669423,508.975998,-239.311684,298.788649,508.630510,-239.370414,294.974674,508.110180,-239.361745,318.881720,502.799284,-118.558094,287.198598,503.107990,-140.551604,313.037541,492.247376,-213.368468,301.036580,491.632903,-220.175487,340.006470,445.031225,-37.429752,257.655757,469.310536,-108.598282,343.710461,378.307366,-10.832596,205.066108,494.218186,-241.838573,342.043633,325.653957,-75.177055,230.655729,550.604165,-383.492020,342.483423,307.687268,-92.415001,230.560879,569.528465,-427.447926,338.963659,307.559884,-118.654299,235.362423,568.961255,-409.227522,337.119021,314.096365,-87.225445,237.228989,560.647163,-382.964485,309.971744,328.916683,29.317824,262.300045,334.935508,-29.458701,307.041656,239.854702,74.552985,260.042077,240.329375,-35.326312,290.970439,179.924126,287.315025,242.410301,162.445344,115.288131,282.189026,175.045401,303.757027,240.444140,157.072541,127.389613,305.108992,144.461539,207.998980,250.614385,130.217526,7.884965
0.000000,0.000000,0.000000,0.000000,0.000000,0.000000,0.000000,0.000000,0.000000,0.000000,0.000000,0.000000,0.000000,0.000000,0.000000,0.000000,0.000000,0.000000,0.000000,0.000000,0.000000,0.000000,0.000000,0.000000,0.000000,0.000000,0.000000,0.000000,0.000000,0.000000,0.000000,0.000000,0.000000,0.000000,0.000000,0.000000,0.000000,0.000000,0.000000,0.000000,0.000000,0.000000,0.000000,0.000000,0.000000,0.000000,0.000000,0.000000,0.000000,0.000000,0.000000,0.000000,307.492682,500.944674,-256.589472,311.306394,507.289515,-235.215303,313.732685,506.918613,-235.158123,316.054135,506.597779,-235.139330,302.115650,507.379385,-239.481182,298.297180,507.015556,-239.539796,294.537837,506.489210,-239.534054,318.056536,501.216193,-119.602199,286.793864,501.794939,-142.144902,312.215561,490.993623,-213.849008,300.356963,490.091714,-220.740892,339.204576,443.481065,-40.805139,257.481733,468.836854,-111.516916,342.742719,376.489640,-12.982219,204.579044,495.049053,-246.475647,341.343444,323.957581,-75.130709,230.784482,550.756764,-387.246693,341.985388,306.357241,-91.612343,230.949674,569.911002,-431.102416,338.582728,306.207299,-117.733165,235.961407,568.996145,-412.421875,336.608872,312.526484,-87.008485,237.566682,560.743530,-386.583797,309.720683,327.911233,29.328950,261.894332,333.750255,-29.475343,306.882112,238.691604,73.882794,260.289658,239.594542,-37.463232,290.127090,179.304021,291.773393,242.361941,162.692154,116.049721,281.146731,174.725727,308.888399,240.158614,157.130905,128.506020,304.580609,144.316951,214.574561,250.512903,130.474792,8.739681
0.000000,0.000000,0.000000,0.000000,0.000000,0.000000,0.000000,0.000000,0.000000,0.000000,0.000000,0.000000,0.000000,0.000000,0.000000,0.000000,0.000000,0.000000,0.000000,0.000000,0.000000,0.000000,0.000000,0.000000,0.000000,0.000000,0.000000,0.000000,0.000000,0.000000,0.000000,0.000000,0.000000,0.000000,0.000000,0.000000,0.000000,0.000000,0.000000,0.000000,0.000000,0.000000,0.000000,0.000000,0.000000,0.000000,0.000000,0.000000,0.000000,0.000000,0.000000,0.000000,307.004923,499.459780,-252.980149,310.615118,505.703990,-231.019387,312.993176,505.342639,-230.964609,315.274346,505.028020,-230.947797,301.534462,505.776409,-235.732360,297.733114,505.410691,-235.790602,293.986086,504.889144,-235.786348,317.169893,499.614405,-115.397551,286.114954,500.164903,-139.032302,311.702857,489.555701,-210.097011,299.966602,488.556812,-217.518832,338.452302,441.779980,-37.810498,256.988406,467.708201,-111.923237,342.084297,374.693040,-10.268782,204.058645,493.964976,-249.379873,340.595738,322.050511,-72.233172,230.848050,549.437627,-389.292571,341.263751,304.593489,-88.308335,231.289948,568.601272,-433.211944,337.859981,304.434132,-113.887073,236.373119,567.620608,-413.757942,335.881425,310.634049,-83.877122,237.880290,559.384540,-388.273279,309.132752,326.474067,30.365753,261.330200,332.235240,-30.516223,306.725143,237.119546,70.993355,260.412871,238.505957,-41.328363,289.425215,178.831450,295.696191,242.002994,162.369549,117.041762,280.345070,174.396320,313.655951,239.464013,156.764117,130.190861,304.142665,143.983601,221.270024,250.420606,130.394900,11.148769
0.000000,0.000000,0.000000,0.000000,0.000000,0.000000,0.000000,0.000000,0.000000,0.000000,0.000000,0.000000,0.000000,0.000000,0.000000,0.000000,0.000000,0.000000,0.000000,0.000000,0.000000,0.000000,0.000000,0.000000,0.000000,0.000000,0.000000,0.000000,0.000000,0.000000,0.000000,0.000000,0.000000,0.000000,0.000000,0.000000,0.000000,0.000000,0.000000,0.000000,0.000000,0.000000,0.000000,0.000000,0.000000,0.000000,0.000000,0.000000,0.000000,0.000000,0.000000,0.000000,306.546888,498.233351,-249.623298,309.962286,504.400062,-227.115481,312.295232,504.048692,-227.063269,314.539482,503.741392,-227.048173,300.989476,504.460149,-232.236019,297.205539,504.095308,-232.293870,293.469074,503.581324,-232.291023,316.334715,498.308463,-111.470010,285.473093,498.820050,-136.088878,311.222393,488.362085,-206.602801,299.600491,487.279670,-214.500922,337.758526,440.372574,-35.077975,256.519228,466.763941,-112.247633,341.510466,373.222575,-7.922033,203.659593,493.205406,-251.967747,339.959456,320.473466,-69.875955,230.819105,548.522063,-391.088854,340.653430,303.129593,-85.610659,231.498834,567.694532,-435.064743,337.250802,302.967023,-110.683322,236.636496,566.693973,-414.963249,335.264607,309.053477,-81.308185,238.064301,558.470794,-389.773717,308.639736,325.270105,31.264238,260.845975,330.926099,-31.418109,306.771581,235.786516,67.461444,260.499627,237.563755,-44.898638,288.854319,178.510638,298.547830,241.667600,162.074262,118.113079,279.663171,174.243923,317.310166,238.829699,156.424583,131.892519,303.732944,143.698414,226.689698,250.331511,130.310338,13.476448
0.000000,0.000000,0.000000,0.000000,0.000000,0.000000,0.000000,0.000000,0.000000,0.000000,0.000000,0.000000,0.000000,0.000000,0.000000,0.000000,0.000000,0.000000,0.000000,0.000000,0.000000,0.000000,0.000000,0.000000,0.000000,0.000000,0.000000,0.000000,0.000000,0.000000,0.000000,0.000000,0.000000,0.000000,0.000000,0.000000,0.000000,0.000000,0.000000,0.000000,0.000000,0.000000,0.000000,0.000000,0.000000,0.000000,0.000000,0.000000,0.000000,0.000000,0.000000,0.000000,306.118576,497.265388,-246.518919,309.347899,503.377731,-223.503583,311.638853,503.036772,-223.454104,313.849543,502.737894,-223.440457,300.480693,503.430606,-228.992161,296.714455,503.069407,-229.049599,292.986800,502.565751,-229.048078,315.551001,497.298369,-107.819575,284.868281,497.760380,-133.314630,310.774168,487.412776,-203.366377,299.258630,486.260290,-211.687160,337.123249,439.258847,-32.607568,256.074202,466.004075,-112.490104,341.021227,372.078246,-5.941973,203.381888,492.770342,-254.239268,339.434597,319.226447,-68.059057,230.697649,548.010073,-392.635542,340.154425,301.965552,-83.519315,231.576332,567.190783,-436.660813,336.755191,301.805971,-108.121910,236.751537,566.216241,-416.037797,334.758418,307.784769,-79.301674,238.118715,558.002291,-391.085110,308.241636,324.299346,32.024405,260.441656,329.822832,-32.181000,307.021427,234.692513,63.287061,260.549925,236.767934,-48.174058,288.414399,178.341587,300.328311,241.355759,161.806292,119.263673,279.101031,174.268536,319.851044,238.255671,156.112302,133.610994,303.351445,143.461389,230.833582,250.245618,130.221109,15.722717
0.000000,0.000000,0.000000,0.000000,0.000000,0.000000,0.000000,0.000000,0.000000,0.000000,0.000000,0.000000,0.000000,0.000000,0.000000,0.000000,0.000000,0.000000,0.000000,0.000000,0.000000,0.000000,0.000000,0.000000,0.000000,0.000000,0.000000,0.000000,0.000000,0.000000,0.000000,0.000000,0.000000,0.000000,0.000000,0.000000,0.000000,0.000000,0.000000,0.000000,0.000000,0.000000,0.000000,0.000000,0.000000,0.000000,0.000000,0.000000,0.000000,0.000000,0.000000,0.000000,305.719987,496.555891,-243.667013,308.771956,502.636995,-220.183693,311.024041,502.306880,-220.137113,313.204530,502.017528,-220.124649,300.008111,502.687779,-226.000785,296.259864,502.332986,-226.057789,292.539264,501.842426,-226.057513,314.818752,496.584121,-104.446246,284.300517,496.985894,-130.709558,310.358182,486.707772,-200.387739,298.941019,485.498670,-209.077547,336.546471,438.438800,-30.399279,255.653326,465.428601,-112.650651,340.616579,371.260052,-4.328601,203.225531,492.659784,-256.194438,339.021162,318.309453,-66.782478,230.483680,547.901658,-393.932635,339.766735,301.101366,-82.034302,231.522441,567.090024,-438.000153,336.373148,300.950976,-106.202839,236.718242,566.187411,-416.981585,334.362858,306.827923,-77.857590,238.043532,557.979033,-392.207460,307.938451,323.561790,32.646253,260.117244,328.925438,-32.804896,307.474680,233.837538,58.470206,260.563767,236.118496,-51.154623,288.105457,178.324296,301.037634,241.067471,161.565640,120.493542,278.658652,174.470160,321.278585,237.741930,155.827274,135.346286,302.998169,143.272527,233.701678,250.162929,130.127211,17.887577
0.000000,0.000000,0.000000,0.000000,0.000000,0.000000,0.000000,0.000000,0.000000,0.000000,0.000000,0.000000,0.000000,0.000000,0.000000,0.000000,0.000000,0.000000,0.000000,0.000000,0.000000,0.000000,0.000000,0.000000,0.000000,0.000000,0.000000,0.000000,0.000000,0.000000,0.000000,0.000000,0.000000,0.000000,0.000000,0.000000,0.000000,0.000000,0.000000,0.000000,0.000000,0.000000,0.000000,0.000000,0.000000,0.000000,0.000000,0.000000,0.000000,0.000000,0.000000,0.000000,305.351122,496.104860,-241.067579,308.234457,502.177856,-217.155813,310.450794,501.859014,-217.112298,312.604441,501.580291,-217.100750,299.571733,502.231667,-223.261891,295.841764,501.886047,-223.318439,292.126467,501.411348,-223.319330,314.137968,496.165721,-101.350023,283.769802,496.496590,-128.273662,309.974437,486.247074,-197.666886,298.647658,484.994812,-206.672082,336.028191,437.912431,-28.453107,255.256601,465.037521,-112.729273,340.296522,370.767994,-3.081917,203.190521,492.873734,-257.833255,338.719151,317.722484,-66.046219,230.177199,548.196816,-394.980133,339.490360,300.537036,-81.155622,231.337162,567.392256,-439.082764,336.104673,300.402038,-104.926108,236.536612,566.607484,-417.794614,334.077927,306.182941,-76.975932,237.838751,558.401018,-393.140766,307.730182,323.057438,33.129782,259.872738,328.233917,-33.289799,308.131341,233.221589,53.010880,260.541151,235.615441,-53.840331,287.927492,178.458766,300.675798,240.802736,161.352306,121.802687,278.336034,174.848793,321.592789,237.288476,155.569499,137.098395,302.673115,143.131827,235.293985,250.083442,130.028644,19.971027
0.000000,0.000000,0.000000,0.000000,0.000000,0.000000,0.000000,0.000000,0.000000,0.000000,0.000000,0.000000,0.000000,0.000000,0.000000,0.000000,0.000000,0.000000,0.000000,0.000000,0.000000,0.000000,0.000000,0.000000,0.000000,0.000000,0.000000,0.000000,0.000000,0.000000,0.000000,0.000000,0.000000,0.000000,0.000000,0.000000,0.000000,0.000000,0.000000,0.000000,0.000000,0.000000,0.000000,0.000000,0.000000,0.000000,0.000000,0.000000,0.000000,0.000000,0.000000,0.000000,305.011981,495.912295,-238.720617,307.735404,502.000312,-214.419941,309.919113,501.693176,-214.379656,312.049277,501.426185,-214.368759,299.171556,502.062272,-220.775479,295.460156,501.728590,-220.831551,291.748407,501.272516,-220.833527,313.508648,496.043168,-98.530906,283.276135,496.292469,-126.006942,309.622930,486.030682,-195.203820,298.378547,484.748714,-204.470766,335.568411,437.679742,-26.769052,254.884027,464.830833,-112.725969,340.061057,370.602072,-2.201921,203.276858,493.412190,-259.155721,338.528564,317.465541,-65.850279,229.778206,548.895548,-395.778036,339.325301,300.272561,-80.883274,231.020495,568.097479,-439.908645,335.949767,300.159158,-104.291717,236.206646,567.476459,-418.476883,333.903624,305.849823,-76.656700,237.504373,559.268247,-393.885027,307.616828,322.786289,33.474993,259.708138,327.748270,-33.635706,308.991409,232.844668,46.909082,260.482077,235.258767,-56.231184,287.880504,178.744995,299.242804,240.561554,161.166290,123.191108,278.133175,175.404436,320.793656,236.895309,155.338978,138.867321,302.376283,143.039290,235.610503,250.007158,129.925409,21.973068
0.000000,0.000000,0.000000,0.000000,0.000000,0.000000,0.000000,0.000000,0.000000,0.000000,0.000000,0.000000,0.000000,0.000000,0.000000,0.000000,0.000000,0.000000,0.000000,0.000000,0.000000,0.000000,0.000000,0.000000,0.000000,0.000000,0.000000,0.000000,0.000000,0.000000,0.000000,0.000000,0.000000,0.000000,0.000000,0.000000,0.000000,0.000000,0.000000,0.000000,0.000000,0.000000,0.000000,0.000000,0.000000,0.000000,0.000000,0.000000,0.000000,0.000000,0.000000,0.000000,304.702563,495.978196,-236.626128,307.274794,502.104365,-211.976078,309.428998,501.809365,-211.939190,311.539038,501.555210,-211.928676,298.807582,502.179594,-218.541550,295.115039,501.860614,-218.597124,291.405087,501.425932,-218.600104,312.930793,496.216462,-95.988895,282.819517,496.373532,-123.909398,309.303664,486.058596,-192.998540,298.133685,484.760378,-202.473599,335.167129,437.740732,-25.347115,254.535604,464.808539,-112.640741,339.910183,370.762285,-1.688614,203.484543,494.275152,-260.161834,338.449400,317.538623,-66.194659,229.286701,549.997854,-396.326344,339.271557,300.307942,-81.217258,230.572440,569.205692,-440.477797,335.908428,300.222334,-104.299667,235.728344,568.794336,-419.028393,333.839950,305.828567,-76.899895,237.040398,560.580720,-394.440244,307.598390,322.748344,33.681885,259.623445,327.468497,-33.842619,310.054884,232.706773,40.164812,260.386547,235.048476,-58.327182,287.964494,179.182985,296.738651,240.343925,161.007592,124.658805,278.050077,176.137089,318.881186,236.562428,155.135711,140.653065,302.107673,142.994915,234.651231,249.934076,129.817505,23.893699
0.000000,0.000000,0.000000,0.000000,0.000000,0.000000,0.000000,0.000000,0.000000,0.000000,0.000000,0.000000,0.000000,0.000000,0.000000,0.000000,0.000000,0.000000,0.000000,0.000000,0.000000,0.000000,0.000000,0.000000,0.000000,0.000000,0.000000,0.000000,0.000000,0.000000,0.000000,0.000000,0.000000,0.000000,0.000000,0.000000,0.000000,0.000000,0.000000,0.000000,0.000000,0.000000,0.000000,0.000000,0.000000,0.000000,0.000000,0.000000,0.000000,0.000000,0.000000,0.000000,304.422868,496.302563,-234.784110,306.852629,502.490015,-209.824223,308.980448,502.207581,-209.790898,311.073724,501.967366,-209.780502,298.479810,502.583631,-216.560103,294.806414,502.282119,-216.615158,291.096504,501.871595,-216.619063,312.404402,496.685603,-93.723990,282.399947,496.739778,-121.981030,309.016637,486.330817,-191.051046,297.913074,485.029802,-200.680581,334.824346,438.095401,-24.187294,254.211331,464.970638,-112.473589,339.843901,371.248633,-1.541995,203.813576,495.462621,-260.851595,338.481660,317.941730,-67.079358,228.702683,551.503734,-396.625057,339.329128,300.643178,-82.157573,229.992996,570.716896,-440.790219,335.980658,300.591568,-104.949956,235.101707,570.561116,-419.449144,333.886906,306.119175,-77.705517,236.446826,562.338437,-394.806418,307.674867,322.943603,33.750459,259.618659,327.394597,-33.910537,311.321767,232.807906,32.778071,260.254559,234.984567,-60.128324,288.179460,179.772736,293.163340,240.149849,160.876211,126.205777,278.086739,177.046752,315.855380,236.289834,154.959697,142.455626,301.867286,142.998703,232.416171,249.864197,129.704933,25.732921
0.000000,0.000000,0.000000,0.000000,0.000000,0.000000,0.000000,0.000000,0.000000,0.000000,0.000000,0.000000,0.000000,0.000000,0.000000,0.000000,0.000000,0.000000,0.000000,0.000000,0.000000,0.000000,0.000000,0.000000,0.000000,0.000000,0.000000,0.000000,0.000000,0.000000,0.000000,0.000000,0.000000,0.000000,0.000000,0.000000,0.000000,0.000000,0.000000,0.000000,0.000000,0.000000,0.000000,0.000000,0.000000,0.000000,0.000000,0.000000,0.000000,0.000000,0.000000,0.000000,304.172897,496.885396,-233.194565,306.468909,503.157260,-207.964377,308.573464,502.887825,-207.934781,310.653335,502.662652,-207.924236,298.188241,503.274384,-214.831138,294.534281,502.993106,-214.885654,290.822660,502.609505,-214.890401,311.929476,497.450591,-91.736192,282.017427,497.391207,-120.221838,308.761849,486.847343,-189.361338,297.716713,485.556987,-199.091711,334.540062,438.743749,-23.289591,253.911209,465.317130,-112.224511,339.862210,372.061117,-1.762064,204.263955,496.974597,-261.225005,338.625343,318.674862,-68.504376,228.026154,553.413188,-396.674175,339.498015,301.278270,-83.704221,229.282164,572.631091,-440.845912,336.166456,301.266859,-106.242586,234.326734,572.776799,-419.739135,334.044490,306.721646,-79.073564,235.723656,564.541398,-394.983547,307.846259,323.372065,33.680714,259.693779,327.526571,-33.839461,312.792057,233.148066,24.748857,260.086114,235.067041,-61.634611,288.525404,180.514246,288.516871,239.979326,160.772148,127.832026,278.243162,178.133424,311.716236,236.077526,154.810936,144.275003,301.655121,143.050653,228.905322,249.797521,129.587693,27.490733
0.000000,0.000000,0.000000,0.000000,0.000000,0.000000,0.000000,0.000000,0.000000,0.000000,0.000000,0.000000,0.000000,0.000000,0.000000,0.000000,0.000000,0.000000,0.000000,0.000000,0.000000,0.000000,0.000000,0.000000,0.000000,0.000000,0.000000,0.000000,0.000000,0.000000,0.000000,0.000000,0.000000,0.000000,0.000000,0.000000,0.000000,0.000000,0.000000,0.000000,0.000000,0.000000,0.000000,0.000000,0.000000,0.000000,0.000000,0.000000,0.000000,0.000000,0.000000,0.000000,303.952649,497.726694,-231.857493,306.123633,504.106101,-206.396540,308.208046,503.850095,-206.370839,310.277872,503.641068,-206.359879,297.932874,504.251854,-213.354656,294.298639,503.993574,-213.408610,290.583554,503.639662,-213.414121,311.506014,498.511426,-90.025499,281.671954,498.327819,-118.631822,308.539301,487.608175,-187.929416,297.544601,486.341933,-197.706990,334.314276,439.685777,-22.654006,253.635238,465.848015,-111.893508,339.965111,373.199737,-2.348822,204.835682,498.811079,-261.282062,338.880450,319.738020,-70.469714,227.257112,555.726215,-396.473698,339.778218,302.213217,-85.857200,228.439943,574.948276,-440.644876,336.465822,302.248208,-108.177556,233.403426,575.441384,-419.898367,334.312702,307.635981,-81.004038,234.870889,567.189602,-394.971632,308.112566,324.033730,33.472650,259.848805,327.864418,-33.629390,314.465754,233.727254,16.077172,259.881212,235.295896,-62.846042,289.002326,181.407517,282.799243,239.832356,160.695402,129.537551,278.519344,179.397107,306.463755,235.925506,154.689428,146.111198,301.471179,143.150766,224.118684,249.734047,129.465784,29.167136
0.000000,0.000000,0.000000,0.000000,0.000000,0.000000,0.000000,0.000000,0.000000,0.000000,0.000000,0.000000,0.000000,0.000000,0.000000,0.000000,0.000000,0.000000,0.000000,0.000000,0.000000,0.000000,0.000000,0.000000,0.000000,0.000000,0.000000,0.000000,0.000000,0.000000,0.000000,0.000000,0.000000,0.000000,0.000000,0.000000,0.000000,0.000000,0.000000,0.000000,0.000000,0.000000,0.000000,0.000000,0.000000,0.000000,0.000000,0.000000,0.000000,0.000000,0.000000,0.000000,303.762124,498.826459,-230.772893,305.816802,505.336539,-205.120712,307.884194,505.094393,-205.099071,309.947333,504.902615,-205.087430,297.713709,505.516040,-212.130655,294.099489,505.283524,-212.184027,290.379186,504.962066,-212.190221,311.134017,499.868108,-88.591913,281.363531,499.549614,-117.210982,308.348992,488.613314,-186.755281,297.396740,487.384640,-196.526418,334.146990,440.921483,-22.280537,253.383417,466.563293,-111.480581,340.152603,374.664492,-3.302268,205.528757,500.972067,-261.022767,339.246981,321.131203,-72.975371,226.395558,558.442817,-396.023626,340.169735,303.448019,-88.616512,227.466335,577.668452,-440.187110,336.878757,303.535613,-110.754867,232.331782,578.554872,-419.926839,334.691544,308.862179,-83.496938,233.888525,570.283050,-394.770673,308.473789,324.928599,33.126268,260.083738,328.408139,-33.280325,316.342859,234.545468,6.763015,259.639852,235.671135,-63.762617,289.610224,182.452548,276.010456,239.708939,160.645975,131.322351,278.915287,180.837800,300.097938,235.833772,154.595174,147.964210,301.315459,143.299041,218.056257,249.673776,129.339206,30.762129
0.000000,0.000000,0.000000,0.000000,0.000000,0.000000,0.000000,0.000000,0.000000,0.000000,0.000000,0.000000,0.000000,0.000000,0.000000,0.000000,0.000000,0.000000,0.000000,0.000000,0.000000,0.000000,0.000000,0.000000,0.000000,0.000000,0.000000,0.000000,0.000000,0.000000,0.000000,0.000000,0.000000,0.000000,0.000000,0.000000,0.000000,0.000000,0.000000,0.000000,0.000000,0.000000,0.000000,0.000000,0.000000,0.000000,0.000000,0.000000,0.000000,0.000000,0.000000,0.000000,303.601323,500.184689,-229.940765,305.548415,506.848573,-204.136892,307.601907,506.620718,-204.119478,309.661719,506.447293,-204.106889,297.530747,507.066941,-211.159137,293.936830,506.862955,-211.211905,290.209557,506.576718,-211.218702,310.813485,501.520637,-87.435433,281.092155,501.056592,-115.959318,308.190923,489.862758,-185.838931,297.273128,488.685108,-195.549994,334.038202,442.450869,-22.169186,253.155748,467.462964,-110.985729,340.424686,376.455383,-4.622402,206.343179,503.457563,-260.447120,339.724935,322.854412,-76.021348,225.441492,561.562992,-395.323959,340.672568,304.982677,-91.982155,226.361338,580.791619,-439.472614,337.405259,305.129076,-113.974517,231.111802,582.117262,-419.824552,335.181015,310.400240,-86.552265,232.776564,573.821742,-394.380670,308.929928,326.056671,32.641567,260.398577,329.157733,-32.792265,318.423371,235.602710,-3.193613,259.362035,236.192755,-64.384337,290.349100,183.649339,268.150512,239.609076,160.623865,133.186428,279.430991,182.455503,292.618783,235.802325,154.528174,149.834040,301.187961,143.495479,210.718041,249.616707,129.207960,32.275713
0.000000,0.000000,0.000000,0.000000,0.000000,0.000000,0.000000,0.000000,0.000000,0.000000,0.000000,0.000000,0.000000,0.000000,0.000000,0.000000,0.000000,0.000000,0.000000,0.000000,0.000000,0.000000,0.000000,0.000000,0.000000,0.000000,0.000000,0.000000,0.000000,0.000000,0.000000,0.000000,0.000000,0.000000,0.000000,0.000000,0.000000,0.000000,0.000000,0.000000,0.000000,0.000000,0.000000,0.000000,0.000000,0.000000,0.000000,0.000000,0.000000,0.000000,0.000000,0.000000,303.470246,501.801386,-229.361109,305.318473,508.642203,-203.445081,307.361186,508.429070,-203.432060,309.421030,508.275102,-203.418257,297.383987,508.904559,-210.440101,293.810663,508.731868,-210.492245,290.074666,508.483616,-210.499563,310.544417,503.469014,-86.556059,280.857829,502.848754,-114.876830,308.065094,491.356508,-185.180367,297.173766,490.243338,-194.777719,333.987913,444.273934,-22.319951,252.952229,468.547028,-110.408952,340.781361,378.572409,-6.309225,207.278948,506.267565,-259.555121,340.314313,324.907645,-79.607644,224.394914,565.086741,-394.374697,341.286717,306.817190,-95.954130,225.124952,584.317776,-438.501389,338.045330,307.028596,-117.836508,229.743487,586.128554,-419.591505,335.781114,312.250164,-90.170018,231.535005,577.805678,-393.801623,309.480982,327.417947,32.018548,260.793322,330.113201,-32.165211,320.707291,236.898978,-13.792713,259.047761,236.860757,-64.711201,291.218953,184.997891,259.219408,239.532765,160.629072,135.129781,280.066455,184.250215,284.026292,235.831164,154.488427,151.720686,301.088685,143.740079,202.104036,249.562841,129.072046,33.707887
0.000000,0.000000,0.000000,0.000000,0.000000,0.000000,0.000000,0.000000,0.000000,0.000000,0.000000,0.000000,0.000000,0.000000,0.000000,0.000000,0.000000,0.000000,0.000000,0.000000,0.000000,0.000000,0.000000,0.000000,0.000000,0.000000,0.000000,0.000000,0.000000,0.000000,0.000000,0.000000,0.000000,0.000000,0.000000,0.000000,0.000000,0.000000,0.000000,0.000000,0.000000,0.000000,0.000000,0.000000,0.000000,0.000000,0.000000,0.000000,0.000000,0.000000,0.000000,0.000000,303.368892,503.676548,-229.033926,305.126975,510.717429,-203.045279,307.162031,510.519449,-203.036816,309.225266,510.386040,-203.021533,297.273430,511.028894,-209.973548,293.720988,510.890262,-210.025045,289.974513,510.682762,-210.032806,310.326814,505.713237,-85.953790,280.660551,504.926098,-113.963519,307.971504,493.094565,-184.779590,297.098655,492.059327,-194.209593,333.996123,446.390678,-22.732834,252.772860,469.815485,-109.750250,341.222627,381.015570,-8.362735,208.336064,509.402073,-258.346770,341.015115,327.290904,-83.734259,223.255824,569.014064,-393.175840,342.012181,308.951559,-100.532438,223.757179,588.246924,-437.273435,338.798969,309.234173,-122.340839,228.226836,590.588749,-419.227699,336.491842,314.411951,-94.350198,230.163849,582.234858,-393.033532,310.126951,329.012426,31.257210,261.267974,331.274543,-31.399162,323.194617,238.434274,-25.034285,258.697030,237.675142,-64.743210,292.219783,186.498203,249.217147,239.480007,160.661598,137.152409,280.821679,186.221938,274.320463,235.920290,154.475933,153.624149,301.017632,144.032842,192.214242,249.512178,128.931463,35.058651
0.000000,0.000000,0.000000,0.000000,0.000000,0.000000,0.000000,0.000000,0.000000,0.000000,0.000000,0.000000,0.000000,0.000000,0.000000,0.000000,0.000000,0.000000,0.000000,0.000000,0.000000,0.000000,0.000000,0.000000,0.000000,0.000000,0.000000,0.000000,0.000000,0.000000,0.000000,0.000000,0.000000,0.000000,0.000000,0.000000,0.000000,0.000000,0.000000,0.000000,0.000000,0.000000,0.000000,0.000000,0.000000,0.000000,0.000000,0.000000,0.000000,0.000000,0.000000,0.000000,303.297261,505.810176,-228.959214,304.973922,513.074252,-202.937485,307.004441,512.891855,-202.933747,309.074428,512.780110,-202.916718,297.199075,513.439944,-209.759477,293.667804,513.338137,-209.810307,289.909099,513.174154,-209.818428,310.160675,508.253308,-85.628628,280.500322,507.288626,-113.219383,307.910153,495.076927,-184.636598,297.047793,494.133078,-193.845615,334.062831,448.801101,-23.407835,252.617643,471.268335,-109.009624,341.748485,383.784868,-10.782935,209.514529,512.861088,-256.822067,341.827340,330.004189,-88.401194,222.024222,573.344962,-391.727388,342.848960,311.385783,-105.717077,222.258017,592.579063,-435.788751,339.666176,311.745808,-127.487510,226.561849,595.497847,-418.733133,337.313200,316.885602,-99.092804,228.663096,587.109282,-392.076397,310.867836,330.840108,30.357553,261.822533,332.641758,-30.494119,325.885352,240.208597,-36.918329,258.309841,238.635910,-64.480363,293.351591,188.150275,238.143727,239.450803,160.721441,139.254313,281.696663,188.370670,263.501298,236.069703,154.490692,155.544430,300.974802,144.373767,181.048659,249.464717,128.786211,36.328007
0.000000,0.000000,0.000000,0.000000,0.000000,0.000000,0.000000,0.000000,0.000000,0.000000,0.000000,0.000000,0.000000,0.000000,0.000000,0.000000,0.000000,0.000000,0.000000,0.000000,0.000000,0.000000,0.000000,0.000000,0.000000,0.000000,0.000000,0.000000,0.000000,0.000000,0.000000,0.000000,0.000000,0.000000,0.000000,0.000000,0.000000,0.000000,0.000000,0.000000,0.000000,0.000000,0.000000,0.000000,0.000000,0.000000,0.000000,0.000000,0.000000,0.000000,0.000000,0.000000,302.979481,506.775536,-235.776506,304.750711,514.304036,-210.572329,306.798743,514.132384,-210.570507,308.929029,514.021385,-210.548794,296.899433,514.732213,-216.825396,293.329560,514.652344,-216.875981,289.510144,514.490424,-216.881432,310.097970,509.755947,-92.508483,280.115698,508.633765,-118.925045,307.499678,495.943935,-191.664588,296.523231,494.848252,-200.161987,334.065461,450.154697,-30.148296,252.631684,471.171626,-111.798763,341.827044,385.400906,-19.577993,209.753106,515.262621,-258.106971,342.565813,331.873453,-97.798397,220.591992,576.860863,-391.245576,343.754895,313.029155,-115.669716,220.345901,596.171076,-434.945727,340.627107,313.399369,-138.263316,224.492025,599.386537,-418.910603,338.175194,318.654807,-108.835197,226.634150,590.976822,-391.945356,311.255862,331.462841,29.671118,262.271528,332.679403,-29.800012,327.816953,240.988357,-38.209356,258.088492,238.297140,-58.697957,293.778869,189.144133,233.530668,239.639530,160.423715,148.791615,281.894500,189.641510,259.081118,236.299813,154.089189,165.062832,301.121883,144.544272,176.514808,249.674734,128.384618,44.981878
0.000000,0.000000,0.000000,0.000000,0.000000,0.000000,0.000000,0.000000,0.000000,0.000000,0.000000,0.000000,0.000000,0.000000,0.000000,0.000000,0.000000,0.000000,0.000000,0.000000,0.000000,0.000000,0.000000,0.000000,0.000000,0.000000,0.000000,0.000000,0.000000,0.000000,0.000000,0.000000,0.000000,0.000000,0.000000,0.000000,0.000000,0.000000,0.000000,0.000000,0.000000,0.000000,0.000000,0.000000,0.000000,0.000000,0.000000,0.000000,0.000000,0.000000,0.000000,0.000000,302.937366,508.775573,-241.394621,304.670916,516.506931,-216.548194,306.712004,516.343260,-216.547244,308.861280,516.237188,-216.525179,296.852960,516.953689,-222.712980,293.274508,516.873678,-222.765362,289.429850,516.702665,-222.771540,309.955166,512.120762,-98.161791,279.925717,510.872194,-124.723781,307.384906,497.832840,-197.244019,296.416458,496.710079,-205.599043,334.062349,452.793850,-35.363258,252.569892,472.003388,-116.054192,342.405228,388.204021,-25.817340,210.389796,518.607166,-261.589117,343.645046,334.947745,-104.914218,219.340756,580.678327,-395.162761,344.946924,315.903969,-123.138843,218.730478,599.811284,-438.931286,341.805293,316.389250,-146.154992,222.746026,603.220495,-423.940566,339.264263,321.643194,-116.166518,225.012572,595.112282,-396.291136,312.380205,333.218847,28.958897,263.112008,333.849209,-29.075763,329.787294,242.744600,-41.350747,257.796927,239.189463,-57.372972,295.060758,190.257110,227.444572,239.598767,160.464656,149.050185,282.975822,191.076880,252.573591,236.465628,154.109832,164.773962,301.896518,144.907882,168.372415,249.514599,128.289978,43.362389
0.000000,0.000000,0.000000,0.000000,0.000000,0.000000,0.000000,0.000000,0.000000,0.000000,0.000000,0.000000,0.000000,0.000000,0.000000,0.000000,0.000000,0.000000,0.000000,0.000000,0.000000,0.000000,0.000000,0.000000,0.000000,0.000000,0.000000,0.000000,0.000000,0.000000,0.000000,0.000000,0.000000,0.000000,0.000000,0.000000,0.000000,0.000000,0.000000,0.000000,0.000000,0.000000,0.000000,0.000000,0.000000,0.000000,0.000000,0.000000,0.000000,0.000000,0.000000,0.000000,302.905322,510.666451,-246.892338,304.599602,518.588364,-222.405336,306.633490,518.434543,-222.404922,308.798172,518.335437,-222.382807,296.811679,519.038125,-228.486100,293.223493,518.951024,-228.540243,289.354172,518.764996,-228.546867,309.812186,514.356041,-103.741605,279.744078,512.968066,-130.422313,307.284416,499.633662,-202.698011,296.322362,498.471462,-210.922477,334.089184,455.348203,-40.376484,252.545938,472.832596,-120.170050,343.047227,390.902503,-31.650716,210.968702,521.661362,-264.917627,344.741079,337.877094,-111.438621,218.155081,584.122283,-398.946125,346.158072,318.667958,-129.963447,217.201546,603.105516,-442.791330,342.993096,319.255902,-153.402836,221.100001,606.668701,-428.774203,340.367048,324.506095,-122.893010,223.482598,598.836905,-400.470266,313.525825,334.936110,28.282052,263.984196,335.035826,-28.387662,331.633015,244.446338,-43.640289,257.582110,240.132863,-56.014184,296.542335,191.220429,221.813574,239.596170,160.576597,148.951623,284.307602,192.278401,246.478619,236.672470,154.210037,164.118739,303.004385,145.243508,160.619495,249.327627,128.265849,41.502282
0.000000,0.000000,0.000000,0.000000,0.000000,0.000000,0.000000,0.000000,0.000000,0.000000,0.000000,0.000000,0.000000,0.000000,0.000000,0.000000,0.000000,0.000000,0.000000,0.000000,0.000000,0.000000,0.000000,0.000000,0.000000,0.000000,0.000000,0.000000,0.000000,0.000000,0.000000,0.000000,0.000000,0.000000,0.000000,0.000000,0.000000,0.000000,0.000000,0.000000,0.000000,0.000000,0.000000,0.000000,0.000000,0.000000,0.000000,0.000000,0.000000,0.000000,0.000000,0.000000,302.883349,512.448170,-252.269656,304.536769,520.548333,-228.143758,306.563203,520.406233,-228.143540,308.739705,520.316132,-228.121677,296.775589,520.985521,-234.144756,293.176513,520.884381,-234.200623,289.283111,520.677417,-234.207411,309.669029,516.461785,-109.247927,279.570782,514.921382,-136.020640,307.198208,501.346400,-208.026564,296.240943,500.132401,-216.132288,334.145965,457.817758,-45.187975,252.559825,473.659250,-124.146338,343.753040,393.496353,-37.078121,211.489823,524.425210,-268.092502,345.853913,340.661501,-117.371607,217.034969,587.192734,-402.595669,347.388339,321.321122,-136.143525,215.759104,606.053771,-446.525860,344.190514,321.999326,-160.006847,219.553949,609.731155,-433.411514,341.483549,327.243511,-129.014673,222.044228,602.150691,-404.482747,314.692722,336.614633,27.640582,264.888093,336.239254,-27.735707,333.354116,246.093572,-45.077982,257.444040,241.127341,-54.621593,298.223600,192.034090,216.637674,239.631741,160.759537,148.495928,285.889841,193.246074,240.796202,236.920340,154.389804,163.097165,304.445483,145.551149,153.256049,249.113817,128.312230,39.401555
0.000000,0.000000,0.000000,0.000000,0.000000,0.000000,0.000000,0.000000,0.000000,0.000000,0.000000,0.000000,0.000000,0.000000,0.000000,0.000000,0.000000,0.000000,0.000000,0.000000,0.000000,0.000000,0.000000,0.000000,0.000000,0.000000,0.000000,0.000000,0.000000,0.000000,0.000000,0.000000,0.000000,0.000000,0.000000,0.000000,0.000000,0.000000,0.000000,0.000000,0.000000,0.000000,0.000000,0.000000,0.000000,0.000000,0.000000,0.000000,0.000000,0.000000,0.000000,0.000000,302.871447,514.120729,-257.526576,304.482418,522.386840,-233.763458,306.501141,522.258329,-233.763098,308.685878,522.179274,-233.741789,296.744691,522.795878,-239.688949,293.133570,522.673750,-239.746502,289.216667,522.439929,-239.753173,309.525696,518.437992,-114.680755,279.405828,516.732140,-141.518763,307.126282,502.971054,-213.229678,296.172202,501.692896,-221.228477,334.232694,460.202514,-49.797730,252.611550,474.483350,-127.983055,344.522668,395.985570,-42.099555,211.953160,526.898710,-271.113740,346.983547,343.300965,-122.713176,215.980419,589.889678,-406.111392,348.637725,323.863460,-141.679078,214.403154,608.656049,-450.134876,345.397549,324.619521,-165.967025,218.107872,612.407858,-437.852499,342.613766,329.855441,-134.531508,220.697461,605.053641,-408.328577,315.880895,338.254414,27.034488,265.823700,337.459493,-27.119900,334.950598,247.686302,-45.663827,257.382719,242.172896,-53.195200,300.104553,192.698092,211.916871,239.705478,161.013476,147.683101,287.722538,193.979899,235.526340,237.209238,154.649133,161.709238,306.219813,145.830807,146.282077,248.873170,128.429121,37.060210
0.000000,0.000000,0.000000,0.000000,0.000000,0.000000,0.000000,0.000000,0.000000,0.000000,0.000000,0.000000,0.000000,0.000000,0.000000,0.000000,0.000000,0.000000,0.000000,0.000000,0.000000,0.000000,0.000000,0.000000,0.000000,0.000000,0.000000,0.000000,0.000000,0.000000,0.000000,0.000000,0.000000,0.000000,0.000000,0.000000,0.000000,0.000000,0.000000,0.000000,0.000000,0.000000,0.000000,0.000000,0.000000,0.000000,0.000000,0.000000,0.000000,0.000000,0.000000,0.000000,302.869615,515.684130,-262.663097,304.436549,524.103884,-239.264436,306.447306,523.990833,-239.263596,308.636691,523.924861,-239.243143,296.718985,524.469195,-245.118678,293.094663,524.319130,-245.177881,289.154840,524.052531,-245.184154,309.382186,520.284664,-120.040089,279.249216,518.400342,-146.916682,307.068637,504.507626,-218.307354,296.116137,503.152946,-226.211045,334.349369,462.502472,-54.205750,252.701116,475.304897,-131.680201,345.356110,398.370154,-46.715019,212.358713,529.081861,-273.981343,348.129982,345.795487,-127.463327,214.991431,592.213117,-409.493295,349.906231,326.294973,-146.570107,213.133695,610.912351,-453.618378,346.614200,327.116488,-171.283372,216.761768,614.698810,-442.097157,343.757698,332.341886,-139.443513,219.442299,607.545754,-412.007758,317.090344,339.855454,26.463768,266.791014,338.696543,-26.540240,336.422460,249.224527,-45.397823,257.398145,243.269528,-51.735005,302.185195,193.212436,207.651165,239.817383,161.338415,146.513140,289.805694,194.479876,230.669032,237.539163,154.988025,159.954960,308.327375,146.082481,139.697578,248.605686,128.616523,34.478246
0.000000,0.000000,0.000000,0.000000,0.000000,0.000000,0.000000,0.000000,0.000000,0.000000,0.000000,0.000000,0.000000,0.000000,0.000000,0.000000,0.000000,0.000000,0.000000,0.000000,0.000000,0.000000,0.000000,0.000000,0.000000,0.000000,0.000000,0.000000,0.000000,0.000000,0.000000,0.000000,0.000000,0.000000,0.000000,0.000000,0.000000,0.000000,0.000000,0.000000,0.000000,0.000000,0.000000,0.000000,0.000000,0.000000,0.000000,0.000000,0.000000,0.000000,0.000000,0.000000,302.877854,517.138372,-267.679221,304.399161,525.699465,-244.646692,306.401697,525.603743,-244.645034,308.592144,525.552894,-244.625740,296.698470,526.005472,-250.433943,293.059792,525.820521,-250.494760,289.097629,525.515224,-250.500353,309.238500,522.001800,-125.325931,279.100947,519.925986,-152.214396,307.025274,505.956113,-223.259591,296.072749,504.512553,-231.079990,334.495991,464.717630,-58.412035,252.828520,476.123889,-135.237776,346.253368,400.650106,-50.924511,212.706481,530.974664,-276.695310,349.293216,348.145066,-131.622061,214.068004,594.163049,-412.741378,351.193856,328.615661,-150.816611,211.950727,612.822677,-456.976366,347.840468,329.490227,-175.955885,215.515639,616.604010,-446.145489,344.915346,334.702845,-143.750689,218.278741,609.627030,-415.520289,318.321070,341.417752,25.928424,267.790038,339.950405,-25.996726,337.769702,250.708247,-44.279971,257.490320,244.417238,-50.241007,304.465525,193.577121,203.840557,239.967454,161.734354,144.986047,292.139308,194.746005,226.224278,237.910116,155.406479,157.834330,310.768168,146.306170,133.502553,248.311364,128.874436,31.655664
0.000000,0.000000,0.000000,0.000000,0.000000,0.000000,0.000000,0.000000,0.000000,0.000000,0.000000,0.000000,0.000000,0.000000,0.000000,0.000000,0.000000,0.000000,0.000000,0.000000,0.000000,0.000000,0.000000,0.000000,0.000000,0.000000,0.000000,0.000000,0.000000,0.000000,0.000000,0.000000,0.000000,0.000000,0.000000,0.000000,0.000000,0.000000,0.000000,0.000000,0.000000,0.000000,0.000000,0.000000,0.000000,0.000000,0.000000,0.000000,0.000000,0.000000,0.000000,0.000000,302.896164,518.483455,-272.574945,304.370254,527.173584,-249.910228,306.364313,527.097060,-249.907412,308.552238,527.063373,-249.889579,296.683146,527.404710,-255.634745,293.028958,527.177924,-255.697138,289.045035,526.828007,-255.701769,309.094637,523.589400,-130.538279,278.961021,521.309074,-157.411906,306.996193,507.316518,-228.086389,296.042039,505.771715,-235.835312,334.672560,466.847990,-62.416584,252.993765,476.940327,-138.655781,347.214440,402.825424,-54.728033,212.996465,532.577118,-279.255640,350.473252,350.349702,-135.189378,213.210140,595.739474,-415.855640,352.500600,330.825524,-154.418590,210.854249,614.387026,-460.208839,349.076352,331.740737,-179.984566,214.369483,618.123458,-449.997494,346.086710,336.938319,-147.453037,217.206787,611.297470,-418.866171,319.573073,342.941309,25.428455,268.820770,341.221077,-25.489360,338.992324,252.137463,-42.310270,257.659243,245.616025,-48.713207,306.945543,193.792148,200.485047,240.155693,162.201291,143.101821,294.723380,194.778286,222.192079,238.322096,155.904495,155.347347,313.542192,146.501876,127.697002,247.990206,129.202859,28.592462
0.000000,0.000000,0.000000,0.000000,0.000000,0.000000,0.000000,0.000000,0.000000,0.000000,0.000000,0.000000,0.000000,0.000000,0.000000,0.000000,0.000000,0.000000,0.000000,0.000000,0.000000,0.000000,0.000000,0.000000,0.000000,0.000000,0.000000,0.000000,0.000000,0.000000,0.000000,0.000000,0.000000,0.000000,0.000000,0.000000,0.000000,0.000000,0.000000,0.000000,0.000000,0.000000,0.000000,0.000000,0.000000,0.000000,0.000000,0.000000,0.000000,0.000000,0.000000,0.000000,302.924544,519.719378,-277.350272,304.349829,528.526239,-255.055041,306.335156,528.470784,-255.050730,308.516972,528.456298,-255.034661,296.673015,528.666907,-260.721084,293.002159,528.391338,-260.785016,288.997058,527.990881,-260.788404,308.950599,525.047464,-135.677134,278.829436,522.549605,-162.509211,306.981393,508.588839,-232.787748,296.024006,506.930433,-240.477013,334.879075,468.893551,-66.219398,253.196848,477.754211,-141.934216,348.239326,404.896110,-58.125583,213.228664,533.889224,-281.662335,351.670087,352.409396,-138.165277,212.417838,596.942394,-418.836081,353.826464,332.924562,-157.376045,209.844263,615.605398,-463.315799,350.321852,333.868018,-183.369415,213.323301,619.257156,-453.653173,347.271790,339.048307,-150.550555,216.226437,612.557073,-422.045402,320.846352,344.426124,24.963862,269.883212,342.508560,-25.018140,340.090326,253.512175,-39.488721,257.904913,246.865890,-47.151604,309.625250,193.857517,197.584634,240.382099,162.739229,140.860462,297.557911,194.576719,218.572435,238.775104,156.482073,152.494013,316.649448,146.669597,122.280925,247.642210,129.601792,25.288642
0.000000,0.000000,0.000000,0.000000,0.000000,0.000000,0.000000,0.000000,0.000000,0.000000,0.000000,0.000000,0.000000,0.000000,0.000000,0.000000,0.000000,0.000000,0.000000,0.000000,0.000000,0.000000,0.000000,0.000000,0.000000,0.000000,0.000000,0.000000,0.000000,0.000000,0.000000,0.000000,0.000000,0.000000,0.000000,0.000000,0.000000,0.000000,0.000000,0.000000,0.000000,0.000000,0.000000,0.000000,0.000000,0.000000,0.000000,0.000000,0.000000,0.000000,0.000000,0.000000,302.962996,520.846143,-282.005200,304.337886,529.757432,-260.081133,306.314224,529.724914,-260.074988,308.486347,529.731669,-260.060985,296.668074,529.792066,-265.692959,292.979396,529.460763,-265.758393,288.953697,529.003845,-265.760257,308.806383,526.375992,-140.742496,278.706195,523.647579,-167.506312,306.980875,509.773076,-237.363668,296.018650,507.988707,-245.005091,335.115538,470.854314,-69.820476,253.437772,478.565541,-145.073079,349.328027,406.862163,-61.117163,213.403079,534.910982,-283.915394,352.883723,354.324147,-140.549759,211.691097,597.771807,-421.682702,355.171446,334.912774,-159.688974,208.920768,616.477793,-466.297244,351.576968,335.872071,-186.110431,212.377093,620.005101,-457.112526,348.470586,341.032810,-153.043245,215.337691,613.405839,-425.057984,322.140907,345.872198,24.534643,270.977362,343.812855,-24.583068,341.063709,254.832382,-35.815323,258.227332,248.166833,-45.556199,312.504645,193.773227,195.139318,240.646671,163.348166,138.261970,300.642901,194.141303,215.365346,239.269139,157.139213,149.274327,320.089936,146.809335,117.254321,247.267377,130.071236,21.744204
0.000000,0.000000,0.000000,0.000000,0.000000,0.000000,0.000000,0.000000,0.000000,0.000000,0.000000,0.000000,0.000000,0.000000,0.000000,0.000000,0.000000,0.000000,0.000000,0.000000,0.000000,0.000000,0.000000,0.000000,0.000000,0.000000,0.000000,0.000000,0.000000,0.000000,0.000000,0.000000,0.000000,0.000000,0.000000,0.000000,0.000000,0.000000,0.000000,0.000000,0.000000,0.000000,0.000000,0.000000,0.000000,0.000000,0.000000,0.000000,0.000000,0.000000,0.000000,0.000000,303.011517,521.863749,-286.539729,304.334424,530.867163,-264.988504,306.301519,530.859451,-264.980186,308.460362,530.889485,-264.968551,296.668326,530.780184,-270.550370,292.960670,530.386200,-270.617270,288.914953,529.866900,-270.617328,308.661991,527.574985,-145.734365,278.591295,524.602996,-172.403209,306.994639,510.869230,-241.814149,296.025971,508.946537,-249.419547,335.381947,472.730278,-73.219819,253.716534,479.374317,-148.072372,350.480543,408.723584,-63.702772,213.519709,535.642391,-286.014818,354.114160,356.093955,-142.342824,211.029919,598.227714,-424.395503,356.535548,336.790161,-161.357379,208.083764,617.004213,-469.153175,352.841701,337.752896,-188.207615,211.530859,620.367296,-460.375553,349.683097,342.891827,-154.931106,214.540549,613.843768,-427.903917,323.456739,347.279531,24.140800,272.103221,345.133960,-24.184143,341.912471,256.098085,-31.290076,258.626498,249.518852,-43.926991,315.583729,193.539279,193.149100,240.949411,164.028102,135.306345,303.978348,193.472040,212.570811,239.804202,157.875916,145.688289,323.863655,146.921088,112.617191,246.865706,130.611191,17.959147
0.000000,0.000000,0.000000,0.000000,0.000000,0.000000,0.000000,0.000000,0.000000,0.000000,0.000000,0.000000,0.000000,0.000000,0.000000,0.000000,0.000000,0.000000,0.000000,0.000000,0.000000,0.000000,0.000000,0.000000,0.000000,0.000000,0.000000,0.000000,0.000000,0.000000,0.000000,0.000000,0.000000,0.000000,0.000000,0.000000,0.000000,0.000000,0.000000,0.000000,0.000000,0.000000,0.000000,0.000000,0.000000,0.000000,0.000000,0.000000,0.000000,0.000000,0.000000,0.000000,303.070110,522.772195,-290.953860,304.339443,531.855430,-269.777153,306.297040,531.874395,-269.766324,308.439018,531.929748,-269.757360,296.673769,531.631262,-275.293318,292.945980,531.167648,-275.361646,288.880826,530.580045,-275.359616,308.517423,528.644441,-150.652741,278.484738,525.415856,-177.199902,307.022685,511.877301,-246.139192,296.045969,509.803922,-253.720381,335.678303,474.521442,-76.417426,254.033137,480.180539,-150.932094,351.696874,410.480372,-65.882409,213.578555,536.083452,-287.960605,355.361397,357.718821,-143.544471,210.434303,598.310115,-426.974483,357.918770,338.556723,-162.381259,207.333251,617.184655,-471.883592,354.116050,339.510492,-189.660966,210.784599,620.343738,-463.442253,350.909325,344.625359,-156.214137,213.835011,613.870861,-430.583199,324.793848,348.648122,23.782332,273.260788,346.471876,-23.821364,342.636614,257.309283,-25.912981,259.102413,250.921950,-42.263980,318.862501,193.155673,191.613979,241.290317,164.779038,131.993588,307.564255,192.568928,210.188831,240.380292,158.692180,141.735899,327.970606,147.004857,108.369535,246.437199,131.221656,13.933471
0.000000,0.000000,0.000000,0.000000,0.000000,0.000000,0.000000,0.000000,0.000000,0.000000,0.000000,0.000000,0.000000,0.000000,0.000000,0.000000,0.000000,0.000000,0.000000,0.000000,0.000000,0.000000,0.000000,0.000000,0.000000,0.000000,0.000000,0.000000,0.000000,0.000000,0.000000,0.000000,0.000000,0.000000,0.000000,0.000000,0.000000,0.000000,0.000000,0.000000,0.000000,0.000000,0.000000,0.000000,0.000000,0.000000,0.000000,0.000000,0.000000,0.000000,0.000000,0.000000,303.138773,523.571483,-295.247593,304.352944,532.722235,-274.447080,306.300787,532.769746,-274.433402,308.422313,532.852457,-274.427411,296.684404,532.345301,-279.921802,292.935326,531.805108,-279.991522,288.851315,531.143281,-279.987123,308.372679,529.584362,-155.497623,278.386524,526.086160,-181.896390,307.065012,512.797288,-250.338796,296.078644,510.560864,-257.907593,336.004606,476.227809,-79.413298,254.387579,480.984208,-153.652246,352.977019,412.132527,-67.656076,213.579616,536.234165,-289.752756,356.625434,359.198744,-144.154701,209.904248,598.019010,-429.419643,359.321110,340.212459,-162.760614,206.669230,617.019121,-474.488495,355.400015,341.144860,-190.470485,210.138313,619.934430,-466.312627,352.149268,346.233405,-156.892340,213.221078,613.487117,-433.095832,326.152233,349.977971,23.459239,274.450065,347.826604,-23.494733,343.236137,258.465977,-19.684038,259.655075,252.376124,-40.567168,322.340961,192.622408,190.533956,241.669391,165.600973,128.323698,311.400620,191.431968,208.219405,240.997410,159.588007,137.417157,332.410788,147.060643,104.511353,245.981854,131.902631,9.667176
0.000000,0.000000,0.000000,0.000000,0.000000,0.000000,0.000000,0.000000,0.000000,0.000000,0.000000,0.000000,0.000000,0.000000,0.000000,0.000000,0.000000,0.000000,0.000000,0.000000,0.000000,0.000000,0.000000,0.000000,0.000000,0.000000,0.000000,0.000000,0.000000,0.000000,0.000000,0.000000,0.000000,0.000000,0.000000,0.000000,0.000000,0.000000,0.000000,0.000000,0.000000,0.000000,0.000000,0.000000,0.000000,0.000000,0.000000,0.000000,0.000000,0.000000,0.000000,0.000000,303.217507,524.261611,-299.420928,304.374927,533.467577,-278.998286,306.312759,533.545504,-278.981420,308.410250,533.657612,-278.978704,296.700230,532.922301,-284.435822,292.928708,532.298579,-284.506898,288.826422,531.556607,-284.499848,308.227758,530.394747,-160.269012,278.296652,526.613906,-186.492674,307.121621,513.629192,-254.412961,296.123997,511.217361,-261.981183,336.360856,477.849376,-82.207435,254.779860,481.785322,-156.232826,354.320979,413.680049,-69.023772,213.522894,536.094529,-291.391272,357.906271,360.533725,-144.173514,209.439756,597.354399,-431.730982,360.742570,341.757371,-162.495444,206.091699,616.507610,-476.967883,356.693596,342.655999,-190.636172,209.592001,619.139370,-468.986674,353.402927,347.715966,-156.965714,212.698748,612.692537,-435.441815,327.531895,351.269080,23.171522,275.671050,349.198143,-23.204249,343.711040,259.568167,-12.603246,260.284485,253.881377,-38.836552,326.019109,191.939484,189.909031,242.086631,166.493907,124.296675,315.487443,190.061161,206.662534,241.655555,160.563396,132.732063,337.184201,147.088444,101.042644,245.499672,132.654117,5.160262
0.000000,0.000000,0.000000,0.000000,0.000000,0.000000,0.000000,0.000000,0.000000,0.000000,0.000000,0.000000,0.000000,0.000000,0.000000,0.000000,0.000000,0.000000,0.000000,0.000000,0.000000,0.000000,0.000000,0.000000,0.000000,0.000000,0.000000,0.000000,0.000000,0.000000,0.000000,0.000000,0.000000,0.000000,0.000000,0.000000,0.000000,0.000000,0.000000,0.000000,0.000000,0.000000,0.000000,0.000000,0.000000,0.000000,0.000000,0.000000,0.000000,0.000000,0.000000,0.000000,303.306312,524.842581,-303.473864,304.405391,534.091456,-283.430770,306.332958,534.201668,-283.410378,308.402826,534.345212,-283.411240,296.721248,533.362260,-288.835379,292.926127,532.648062,-288.907773,288.806145,531.820023,-288.897792,308.082660,531.075596,-164.966908,278.215122,526.999096,-190.988753,307.192511,514.373012,-258.361687,296.182026,511.773415,-265.941150,336.747052,479.386145,-84.799836,255.209981,482.583882,-158.673837,355.728754,415.122939,-69.985497,213.408386,535.664545,-292.876152,359.203909,361.723763,-143.600909,209.040825,596.316281,-433.908501,362.183149,343.191457,-161.585750,205.600659,615.650123,-479.321758,357.996794,344.043910,-190.158026,209.145663,617.958558,-471.464396,354.670301,349.073041,-156.434259,212.268022,611.487119,-437.621148,328.932833,352.521447,22.919180,276.923744,350.586492,-22.949911,344.061324,260.615852,-4.670605,260.990644,255.437706,-37.072134,329.896946,191.106903,189.739202,242.542039,167.457842,119.912519,319.824725,188.456505,205.518218,242.354728,161.618347,127.680618,342.290846,147.088261,97.963409,244.990653,133.476114,0.412730
0.000000,0.000000,0.000000,0.000000,0.000000,0.000000,0.000000,0.000000,0.000000,0.000000,0.000000,0.000000,0.000000,0.000000,0.000000,0.000000,0.000000,0.000000,0.000000,0.000000,0.000000,0.000000,0.000000,0.000000,0.000000,0.000000,0.000000,0.000000,0.000000,0.000000,0.000000,0.000000,0.000000,0.000000,0.000000,0.000000,0.000000,0.000000,0.000000,0.000000,0.000000,0.000000,0.000000,0.000000,0.000000,0.000000,0.000000,0.000000,0.000000,0.000000,0.000000,0.000000,303.405187,525.314392,-307.406402,304.444336,534.593872,-287.744533,306.361383,534.738239,-287.720277,308.400043,534.915259,-287.725018,296.747457,533.665180,-293.120473,292.927581,532.853555,-293.194147,288.790484,531.933530,-293.180953,307.937386,531.626910,-169.591311,278.141935,527.241728,-195.384628,307.277684,515.028749,-262.184975,296.252733,512.229024,-269.787495,337.163196,480.838115,-87.190501,255.677941,483.379888,-160.975276,357.200343,416.461195,-70.541251,213.236095,534.944212,-294.207396,360.518348,362.768858,-142.436888,208.707457,594.904657,-435.952199,363.642847,344.514717,-160.031531,205.196110,614.446659,-481.550118,359.309608,345.308593,-189.036047,208.799298,616.391995,-473.745790,355.951392,350.304630,-155.297975,211.928900,609.870865,-439.633832,330.355048,353.735072,22.702213,278.208147,351.991653,-22.731721,344.286987,261.609032,4.113884,261.773550,257.045113,-35.273914,333.974472,190.124662,190.024472,243.035613,168.492775,115.171230,324.412465,186.618000,204.786456,243.094928,162.752861,122.262820,347.730723,147.060094,95.273648,244.454796,134.368621,-4.575420
0.000000,0.000000,0.000000,0.000000,0.000000,0.000000,0.000000,0.000000,0.000000,0.000000,0.000000,0.000000,0.000000,0.000000,0.000000,0.000000,0.000000,0.000000,0.000000,0.000000,0.000000,0.000000,0.000000,0.000000,0.000000,0.000000,0.000000,0.000000,0.000000,0.000000,0.000000,0.000000,0.000000,0.000000,0.000000,0.000000,0.000000,0.000000,0.000000,0.000000,0.000000,0.000000,0.000000,0.000000,0.000000,0.000000,0.000000,0.000000,0.000000,0.000000,0.000000,0.000000,303.478505,525.643794,-309.063176,304.469244,534.944932,-289.228844,306.391973,535.115064,-289.206637,308.420258,535.318230,-289.211185,296.764704,533.892690,-294.250686,292.939740,533.020923,-294.324457,288.783555,532.048558,-294.308862,308.010976,531.949683,-170.039035,278.212293,527.236308,-194.166487,307.386596,515.405662,-263.463552,296.319329,512.505527,-270.644097,337.916835,480.989202,-86.556087,256.456815,484.048846,-158.913888,358.598494,416.605914,-69.306636,213.439722,533.961330,-291.564745,361.433650,362.480182,-141.812189,208.803136,593.870282,-435.472824,364.661276,344.481450,-159.600632,205.404843,614.153912,-481.531046,360.284853,345.190981,-189.001441,209.000887,615.978311,-473.715104,356.951972,350.107485,-154.733814,212.086266,608.920910,-439.233250,331.019380,354.082119,22.645344,279.070100,352.480987,-22.678300,344.793553,262.206333,6.395036,262.711395,257.364417,-33.535225,337.757149,189.481235,192.333185,243.317997,169.342971,119.485150,328.404182,184.695374,207.288037,243.504426,163.610021,127.140765,352.010671,147.104608,97.200734,244.024702,135.429249,0.968450
0.000000,0.000000,0.000000,0.000000,0.000000,0.000000,0.000000,0.000000,0.000000,0.000000,0.000000,0.000000,0.000000,0.000000,0.000000,0.000000,0.000000,0.000000,0.000000,0.000000,0.000000,0.000000,0.000000,0.000000,0.000000,0.000000,0.000000,0.000000,0.000000,0.000000,0.000000,0.000000,0.000000,0.000000,0.000000,0.000000,0.000000,0.000000,0.000000,0.000000,0.000000,0.000000,0.000000,0.000000,0.000000,0.000000,0.000000,0.000000,0.000000,0.000000,0.000000,0.000000,303.499035,526.106561,-308.643069,304.396236,535.480680,-289.174288,306.322160,535.671956,-289.148860,308.329142,535.899983,-289.154269,296.646035,534.270459,-293.897200,292.814716,533.312055,-293.970823,288.642175,532.248194,-293.952140,307.905699,532.535597,-171.258022,278.105728,527.490514,-193.653148,307.447143,516.037014,-263.274244,296.403283,512.875989,-270.123377,338.641096,481.829758,-86.799270,257.153891,484.733920,-156.792953,359.806700,417.277409,-68.527079,213.363190,532.558616,-288.404680,362.612381,362.770984,-139.557221,208.739217,592.098869,-432.413617,365.988209,344.969870,-156.906511,205.399393,612.743308,-478.313305,361.505864,345.578672,-186.437417,209.045970,614.316445,-470.354181,358.120763,350.549376,-152.340857,212.119898,606.974546,-436.098884,331.919487,354.927672,22.049971,280.011185,353.493940,-22.093659,345.166856,262.666524,10.400946,263.783101,258.066115,-31.336196,341.657875,188.132652,190.453847,244.358377,170.010503,119.712580,332.894195,182.336316,204.561223,244.576479,164.298145,127.469850,356.663746,146.790609,92.917809,244.392361,136.087071,2.273430
0.000000,0.000000,0.000000,0.000000,0.000000,0.000000,0.000000,0.000000,0.000000,0.000000,0.000000,0.000000,0.000000,0.000000,0.000000,0.000000,0.000000,0.000000,0.000000,0.000000,0.000000,0.000000,0.000000,0.000000,0.000000,0.000000,0.000000,0.000000,0.000000,0.000000,0.000000,0.000000,0.000000,0.000000,0.000000,0.000000,0.000000,0.000000,0.000000,0.000000,0.000000,0.000000,0.000000,0.000000,0.000000,0.000000,0.000000,0.000000,0.000000,0.000000,0.000000,0.000000,303.574407,526.380498,-307.982463,304.386836,535.812809,-288.871860,306.318329,536.023839,-288.843097,308.309366,536.275253,-288.848993,296.589735,534.460443,-293.300177,292.752726,533.426128,-293.373639,288.566437,532.281263,-293.352182,307.892909,532.916110,-172.263101,278.080686,527.571608,-192.988492,307.569266,516.470351,-262.890729,296.550649,513.074132,-269.407235,339.396643,482.431234,-87.088687,257.871148,485.199037,-154.540183,360.978794,417.715583,-67.956651,213.312924,530.971165,-285.176520,363.788105,362.814801,-137.509029,208.853240,590.179053,-429.188269,367.311077,345.192045,-154.453891,205.583556,611.129799,-474.910087,362.735530,345.699010,-184.043297,209.297890,612.473303,-466.764928,359.298517,350.724681,-150.144806,212.360342,604.870007,-432.779111,332.801958,355.544714,21.371240,280.939749,354.272430,-21.425742,345.586179,262.902755,13.926185,264.849967,258.584284,-28.985148,345.427251,186.729435,188.466525,245.402281,170.577324,120.481918,337.241936,180.023958,201.782880,245.644363,164.876373,128.365026,361.023481,146.398542,88.704034,244.822653,136.671489,4.154098
0.000000,0.000000,0.000000,0.000000,0.000000,0.000000,0.000000,0.000000,0.000000,0.000000,0.000000,0.000000,0.000000,0.000000,0.000000,0.000000,0.000000,0.000000,0.000000,0.000000,0.000000,0.000000,0.000000,0.000000,0.000000,0.000000,0.000000,0.000000,0.000000,0.000000,0.000000,0.000000,0.000000,0.000000,0.000000,0.000000,0.000000,0.000000,0.000000,0.000000,0.000000,0.000000,0.000000,0.000000,0.000000,0.000000,0.000000,0.000000,0.000000,0.000000,0.000000,0.000000,303.704619,526.465605,-307.081358,304.441043,535.941319,-288.321559,306.380478,536.170713,-288.289348,308.360932,536.444041,-288.295358,296.595802,534.462640,-292.459617,292.753769,533.363142,-292.532905,288.556339,532.147767,-292.508988,307.972608,533.091220,-173.054271,278.137168,527.479592,-192.172521,307.752964,516.705672,-262.313008,296.761427,513.099956,-268.495671,340.183477,482.793629,-87.424340,258.608586,485.444197,-152.155577,362.114775,417.920436,-67.595353,213.288925,529.198978,-281.880265,364.960823,362.611634,-135.667612,209.145205,588.110834,-425.796782,368.629878,345.147975,-152.242775,205.957331,609.313387,-471.321394,363.973853,345.551994,-181.819083,209.756646,610.448887,-462.947344,360.485234,350.633398,-148.145661,212.807597,602.607293,-429.273931,333.666794,355.933243,20.609151,281.855792,354.816457,-20.674548,346.051520,262.915027,16.970752,265.911992,258.918923,-26.482082,349.065277,185.271585,186.371218,246.449709,171.043432,121.793163,341.447405,177.758301,198.953009,246.708077,165.344705,129.826294,365.089874,145.928408,84.559408,245.315579,137.182503,6.610454
0.000000,0.000000,0.000000,0.000000,0.000000,0.000000,0.000000,0.000000,0.000000,0.000000,0.000000,0.000000,0.000000,0.000000,0.000000,0.000000,0.000000,0.000000,0.000000,0.000000,0.000000,0.000000,0.000000,0.000000,0.000000,0.000000,0.000000,0.000000,0.000000,0.000000,0.000000,0.000000,0.000000,0.000000,0.000000,0.000000,0.000000,0.000000,0.000000,0.000000,0.000000,0.000000,0.000000,0.000000,0.000000,0.000000,0.000000,0.000000,0.000000,0.000000,0.000000,0.000000,303.889671,526.361882,-305.939752,304.558858,535.866208,-287.523387,306.508609,536.112580,-287.487614,308.483839,536.406345,-287.493364,296.664237,534.277051,-291.375519,292.817846,533.123098,-291.448620,288.611883,531.847704,-291.422559,308.144795,533.060928,-173.631532,278.275172,527.214465,-191.205233,307.998238,516.742977,-261.541080,297.035616,512.953461,-267.388685,341.001598,482.916943,-87.806228,259.366205,485.469401,-149.639136,363.214644,417.891970,-67.443185,213.291191,527.242053,-278.515914,366.130535,362.161483,-134.032970,209.615112,585.894212,-422.239154,369.944613,344.837660,-150.273161,206.520719,607.294071,-467.547225,365.220831,345.137626,-179.764773,210.422238,608.243196,-458.901430,361.680913,350.275527,-146.343421,213.461663,600.186404,-425.583343,334.513995,356.093261,19.763705,282.759314,355.126020,-19.840077,346.562881,262.703339,19.534646,266.969178,259.070032,-23.826998,352.571954,183.759102,184.167926,247.500662,171.408829,123.646316,345.510602,175.539345,196.071609,247.767622,165.703139,131.853653,368.862926,145.380207,80.483932,245.871139,137.620114,9.642497
0.000000,0.000000,0.000000,0.000000,0.000000,0.000000,0.000000,0.000000,0.000000,0.000000,0.000000,0.000000,0.000000,0.000000,0.000000,0.000000,0.000000,0.000000,0.000000,0.000000,0.000000,0.000000,0.000000,0.000000,0.000000,0.000000,0.000000,0.000000,0.000000,0.000000,0.000000,0.000000,0.000000,0.000000,0.000000,0.000000,0.000000,0.000000,0.000000,0.000000,0.000000,0.000000,0.000000,0.000000,0.000000,0.000000,0.000000,0.000000,0.000000,0.000000,0.000000,0.000000,304.129565,526.069328,-304.557647,304.740281,535.587479,-286.477343,306.702721,535.849438,-286.437894,308.678087,536.162166,-286.443010,296.795039,533.903675,-290.047884,292.944956,532.705995,-290.120785,288.733069,531.381075,-290.092894,308.409470,532.825235,-173.994885,278.494699,526.776227,-190.086630,308.305087,516.582266,-260.574945,297.373217,512.634648,-266.086276,341.851005,482.801177,-88.234352,260.144003,485.274648,-146.990860,364.278401,417.630183,-67.500146,213.319724,525.100392,-275.083469,367.297241,361.464347,-132.605104,210.262961,583.529188,-418.515386,371.255282,344.261100,-148.545050,207.273719,605.071850,-463.587579,366.476465,344.455905,-177.880368,211.294666,605.856230,-454.627185,362.885555,349.651070,-144.738088,214.322541,597.607339,-421.707347,335.343560,356.024768,18.834901,283.650316,355.201120,-18.922329,347.120261,262.267692,21.617869,268.021523,259.037611,-21.019896,355.947282,182.191986,181.856650,248.555138,171.673514,126.041376,349.431527,173.367089,193.138680,248.822997,165.951678,134.447103,372.342637,144.753938,76.477605,246.489333,137.984322,13.250227
0.000000,0.000000,0.000000,0.000000,0.000000,0.000000,0.000000,0.000000,0.000000,0.000000,0.000000,0.000000,0.000000,0.000000,0.000000,0.000000,0.000000,0.000000,0.000000,0.000000,0.000000,0.000000,0.000000,0.000000,0.000000,0.000000,0.000000,0.000000,0.000000,0.000000,0.000000,0.000000,0.000000,0.000000,0.000000,0.000000,0.000000,0.000000,0.000000,0.000000,0.000000,0.000000,0.000000,0.000000,0.000000,0.000000,0.000000,0.000000,0.000000,0.000000,0.000000,0.000000,304.424299,525.587945,-302.935042,304.985311,535.105130,-285.183426,306.962814,535.381287,-285.140188,308.943675,535.711504,-285.144297,296.988210,533.342514,-288.476712,293.135100,532.111833,-288.549400,288.919895,530.747880,-288.519993,308.766634,532.384139,-174.144329,278.795749,526.164878,-188.816710,308.673512,516.223540,-259.414603,297.774229,512.143516,-264.588446,342.731699,482.446331,-88.708710,260.941983,484.859938,-144.210749,365.306046,417.135076,-67.766237,213.374524,522.773993,-271.582928,368.460940,360.520227,-131.384013,211.088753,581.015761,-414.625478,372.561885,343.418296,-147.058441,208.216332,602.646726,-459.442458,367.740754,343.506830,-176.165868,212.373931,603.287989,-450.124610,364.099159,348.760026,-143.329660,215.390230,594.870100,-417.645945,336.155490,355.727763,17.822739,284.528797,355.041757,-17.921304,347.723659,261.608086,23.220419,269.069028,258.821661,-18.060776,359.191261,180.570236,179.437390,249.613139,171.837487,128.978344,353.210179,171.241533,190.154223,249.874203,166.090319,137.606645,375.529007,144.049601,72.540428,247.170160,138.275126,17.433645
0.000000,0.000000,0.000000,0.000000,0.000000,0.000000,0.000000,0.000000,0.000000,0.000000,0.000000,0.000000,0.000000,0.000000,0.000000,0.000000,0.000000,0.000000,0.000000,0.000000,0.000000,0.000000,0.000000,0.000000,0.000000,0.000000,0.000000,0.000000,0.000000,0.000000,0.000000,0.000000,0.000000,0.000000,0.000000,0.000000,0.000000,0.000000,0.000000,0.000000,0.000000,0.000000,0.000000,0.000000,0.000000,0.000000,0.000000,0.000000,0.000000,0.000000,0.000000,0.000000,304.773874,524.917731,-301.071937,305.293949,534.419161,-283.641638,307.288888,534.708129,-283.594496,309.280605,535.054359,-283.597225,297.243748,532.593566,-286.662003,293.388277,531.340612,-286.734464,289.172363,529.948119,-286.703857,309.216286,531.737642,-174.079864,279.178322,525.380418,-187.395474,309.103513,515.666798,-258.060055,298.238652,511.480065,-262.895193,343.643680,481.852403,-89.229304,261.760143,484.225271,-141.298802,366.297578,416.406649,-68.241457,213.455589,520.262858,-268.014291,369.621634,359.329123,-130.369698,212.092486,578.353930,-410.569430,373.864422,342.309246,-145.813335,209.348557,600.018698,-455.111861,369.013699,342.290402,-174.621274,213.660032,600.538473,-445.393704,365.321726,347.602394,-142.118138,216.664731,591.974685,-413.399134,336.949784,355.202246,16.727220,285.394757,354.647930,-16.837002,348.373077,260.724520,24.342298,270.111692,258.422181,-14.949638,362.303890,178.893853,176.910145,250.674663,171.900749,132.457220,356.846560,169.162678,187.118237,250.921240,166.119064,141.332278,378.422035,143.267197,68.672400,247.913621,138.492527,22.192751
0.000000,0.000000,0.000000,0.000000,0.000000,0.000000,0.000000,0.000000,0.000000,0.000000,0.000000,0.000000,0.000000,0.000000,0.000000,0.000000,0.000000,0.000000,0.000000,0.000000,0.000000,0.000000,0.000000,0.000000,0.000000,0.000000,0.000000,0.000000,0.000000,0.000000,0.000000,0.000000,0.000000,0.000000,0.000000,0.000000,0.000000,0.000000,0.000000,0.000000,0.000000,0.000000,0.000000,0.000000,0.000000,0.000000,0.000000,0.000000,0.000000,0.000000,0.000000,0.000000,305.178289,524.058687,-298.968333,305.666195,533.529573,-281.851978,307.680943,533.829962,-281.800818,309.688875,534.190731,-281.801793,297.561654,531.656832,-284.603756,293.704487,530.392333,-284.675978,289.490472,528.981791,-284.644485,309.758426,530.885742,-173.801490,279.642417,524.422848,-185.822923,309.595089,514.912040,-256.511300,298.766487,510.644296,-261.006518,344.586947,481.019396,-89.796133,262.598484,483.370647,-138.255020,367.252998,415.444902,-68.925807,213.562921,517.566986,-264.377560,370.779321,357.891034,-129.562157,213.274162,575.543697,-406.347241,375.162893,340.933952,-144.809732,210.670395,597.187765,-450.595788,370.295300,340.806621,-173.246584,215.152969,597.607682,-440.434468,366.553256,346.178175,-141.103522,218.146043,588.921095,-408.966917,337.726443,354.448218,15.548343,286.248196,354.019641,-15.669423,349.068513,259.616995,24.983504,271.149517,257.839171,-11.686481,365.285170,177.162837,174.274916,251.739712,171.863299,136.478003,360.340669,167.130523,184.030722,251.964108,166.037913,145.624003,381.021723,142.406726,64.873522,248.719715,138.636525,27.527544
0.000000,0.000000,0.000000,0.000000,0.000000,0.000000,0.000000,0.000000,0.000000,0.000000,0.000000,0.000000,0.000000,0.000000,0.000000,0.000000,0.000000,0.000000,0.000000,0.000000,0.000000,0.000000,0.000000,0.000000,0.000000,0.000000,0.000000,0.000000,0.000000,0.000000,0.000000,0.000000,0.000000,0.000000,0.000000,0.000000,0.000000,0.000000,0.000000,0.000000,0.000000,0.000000,0.000000,0.000000,0.000000,0.000000,0.000000,0.000000,0.000000,0.000000,0.000000,0.000000,305.637546,523.010813,-296.624228,306.102048,532.436366,-279.814445,308.138979,532.746786,-279.759155,310.168487,533.120620,-279.758003,297.941928,530.532312,-282.301972,294.083731,529.266995,-282.373942,289.874222,527.848897,-282.341877,310.393054,529.828441,-173.309208,280.188036,523.292166,-184.099055,310.148241,513.959267,-254.768338,299.357734,509.636208,-258.922421,345.561501,479.947308,-90.409197,263.457005,482.296067,-135.079403,368.172305,414.249834,-69.819287,213.696519,514.686378,-260.672733,371.934001,356.205961,-128.961393,214.633780,572.585062,-401.958913,376.457298,339.292413,-144.047632,212.181845,594.153929,-445.894238,371.585556,339.055487,-172.041799,216.852742,594.495616,-435.246901,367.793749,344.487370,-140.285812,219.834167,585.709330,-404.349292,338.485466,353.465678,14.286108,287.089114,353.156888,-14.418567,349.809969,258.285511,25.144039,272.182501,257.072632,-8.271307,368.135100,175.377188,171.531702,252.808285,171.725137,141.040694,363.692506,165.145069,180.891679,253.002806,165.846865,150.481819,383.328069,141.468187,61.143794,249.588444,138.707119,33.438025
0.000000,0.000000,0.000000,0.000000,0.000000,0.000000,0.000000,0.000000,0.000000,0.000000,0.000000,0.000000,0.000000,0.000000,0.000000,0.000000,0.000000,0.000000,0.000000,0.000000,0.000000,0.000000,0.000000,0.000000,0.000000,0.000000,0.000000,0.000000,0.000000,0.000000,0.000000,0.000000,0.000000,0.000000,0.000000,0.000000,0.000000,0.000000,0.000000,0.000000,0.000000,0.000000,0.000000,0.000000,0.000000,0.000000,0.000000,0.000000,0.000000,0.000000,0.000000,0.000000,306.151643,521.774109,-294.039624,306.601509,531.139539,-277.529041,308.662996,531.458603,-277.469505,310.719439,531.844026,-277.465852,298.384570,529.220005,-279.756651,294.526009,527.964598,-279.828356,290.323613,526.549437,-279.796033,311.120170,528.565738,-172.603017,280.815178,521.988374,-182.223871,310.762968,512.808477,-252.831169,300.012392,508.455801,-256.642902,346.567341,478.636139,-91.068497,264.335707,481.001530,-131.771950,369.055500,412.821446,-70.921896,213.856384,511.621032,-256.899811,373.085676,354.273904,-128.567404,216.171340,569.478023,-397.404444,377.747636,337.384629,-143.527034,213.882908,590.917188,-441.007213,372.884468,337.037000,-171.006919,218.759352,591.202276,-429.831004,369.043204,342.529977,-139.665008,221.729102,582.339390,-399.546259,339.226854,352.254626,12.940516,287.917511,352.059672,-13.084434,350.597444,256.730067,24.823901,273.210645,256.122563,-4.704114,370.853681,173.536905,168.680503,253.880381,171.486263,146.145293,366.902070,163.206315,177.701107,254.037335,165.545920,155.905726,385.341074,140.451580,57.483215,250.519806,138.704309,39.924193
0.000000,0.000000,0.000000,0.000000,0.000000,0.000000,0.000000,0.000000,0.000000,0.000000,0.000000,0.000000,0.000000,0.000000,0.000000,0.000000,0.000000,0.000000,0.000000,0.000000,0.000000,0.000000,0.000000,0.000000,0.000000,0.000000,0.000000,0.000000,0.000000,0.000000,0.000000,0.000000,0.000000,0.000000,0.000000,0.000000,0.000000,0.000000,0.000000,0.000000,0.000000,0.000000,0.000000,0.000000,0.000000,0.000000,0.000000,0.000000,0.000000,0.000000,0.000000,0.000000,306.720581,520.348574,-291.214520,307.164577,529.639093,-274.995765,309.252995,529.965411,-274.931870,311.341732,530.360949,-274.925343,298.889580,527.719913,-276.967793,295.031319,526.485142,-277.039220,290.838646,525.083411,-277.006954,311.939775,527.097632,-171.682917,281.523843,520.511470,-180.197372,311.439271,511.459673,-250.699794,300.730462,507.103075,-254.167960,347.604468,477.085890,-91.774031,265.234590,479.487036,-128.332662,369.902583,411.159738,-72.233635,214.042514,508.370950,-253.058794,374.234344,352.094863,-128.380190,217.886842,566.222582,-392.683836,379.033909,335.210601,-143.247938,215.773584,587.477544,-435.934712,374.192036,334.751160,-170.141943,220.872798,587.727660,-424.186776,370.301622,340.305997,-139.241110,223.830849,578.811274,-394.557819,339.950606,350.815063,11.511566,288.733388,350.727993,-11.667024,351.430937,254.950664,24.023091,274.233949,254.988964,-0.984903,373.440913,171.641989,165.721320,254.956002,171.146677,151.791799,369.969363,161.314262,174.459006,255.067694,165.135079,161.895725,387.060738,139.356906,53.891785,251.513801,138.628097,46.986049
0.000000,0.000000,0.000000,0.000000,0.000000,0.000000,0.000000,0.000000,0.000000,0.000000,0.000000,0.000000,0.000000,0.000000,0.000000,0.000000,0.000000,0.000000,0.000000,0.000000,0.000000,0.000000,0.000000,0.000000,0.000000,0.000000,0.000000,0.000000,0.000000,0.000000,0.000000,0.000000,0.000000,0.000000,0.000000,0.000000,0.000000,0.000000,0.000000,0.000000,0.000000,0.000000,0.000000,0.000000,0.000000,0.000000,0.000000,0.000000,0.000000,0.000000,0.000000,0.000000,307.344359,518.734210,-288.148917,307.791254,527.935027,-272.214617,309.908974,528.267211,-272.146249,312.035367,528.671389,-272.136474,299.456957,526.032034,-273.935398,295.599664,524.828628,-274.006533,291.419320,523.450818,-273.974639,312.851868,525.424125,-170.548909,282.314030,518.861456,-178.019556,312.177150,509.912852,-248.374212,301.511943,505.578031,-251.497596,348.672882,475.296560,-92.525801,266.153653,477.752586,-124.761539,370.713554,409.264709,-73.754503,214.254912,504.936130,-249.149682,375.380006,349.668837,-128.399751,219.780286,562.818737,-387.797087,380.316115,332.770328,-143.210346,217.853872,583.834995,-430.676735,375.508260,332.197967,-169.446873,223.193080,584.071770,-418.314218,371.569002,337.815430,-139.014117,226.139407,575.124984,-389.383972,340.656723,349.146988,9.999259,289.536743,349.161850,-10.166337,352.310450,252.947301,22.741609,275.252413,253.671835,2.886326,375.896795,169.692440,162.654153,256.035147,170.706380,157.980213,372.894383,159.468909,171.165377,256.093884,164.614342,168.451815,388.487061,138.184165,50.369505,252.570430,138.478480,54.623593
0.000000,0.000000,0.000000,0.000000,0.000000,0.000000,0.000000,0.000000,0.000000,0.000000,0.000000,0.000000,0.000000,0.000000,0.000000,0.000000,0.000000,0.000000,0.000000,0.000000,0.000000,0.000000,0.000000,0.000000,0.000000,0.000000,0.000000,0.000000,0.000000,0.000000,0.000000,0.000000,0.000000,0.000000,0.000000,0.000000,0.000000,0.000000,0.000000,0.000000,0.000000,0.000000,0.000000,0.000000,0.000000,0.000000,0.000000,0.000000,0.000000,0.000000,0.000000,0.000000,308.022979,516.931015,-284.842813,308.481538,526.027341,-269.185596,310.630935,526.364002,-269.112643,312.800342,526.775346,-269.099246,300.086702,524.156369,-270.659465,296.231042,522.995055,-270.730296,292.065635,521.651659,-270.699088,313.856450,523.545216,-169.200992,283.185741,517.038331,-175.690424,312.976604,508.168016,-245.854423,302.356836,503.880667,-248.631811,349.772582,473.268150,-93.323807,267.092897,475.798178,-121.058580,371.488412,407.136360,-75.484501,214.493575,501.316574,-245.172474,376.522662,346.995826,-128.626088,221.851673,559.266490,-382.744198,381.594256,330.063809,-143.414255,220.123773,579.989543,-425.233283,376.833139,329.377420,-168.921708,225.720198,580.234605,-412.213329,372.845345,335.058275,-138.984030,228.654777,571.280518,-384.024717,341.345205,347.250402,8.403594,290.327578,347.361245,-8.582374,353.235981,250.719979,20.979456,276.266036,252.171177,6.909573,378.221328,167.688258,159.479001,257.117816,170.165371,164.710534,375.677132,157.670256,167.820219,257.115905,163.983707,175.573996,389.620042,136.933356,46.916375,253.689693,138.255461,62.836824
0.000000,0.000000,0.000000,0.000000,0.000000,0.000000,0.000000,0.000000,0.000000,0.000000,0.000000,0.000000,0.000000,0.000000,0.000000,0.000000,0.000000,0.000000,0.000000,0.000000,0.000000,0.000000,0.000000,0.000000,0.000000,0.000000,0.000000,0.000000,0.000000,0.000000,0.000000,0.000000,0.000000,0.000000,0.000000,0.000000,0.000000,0.000000,0.000000,0.000000,0.000000,0.000000,0.000000,0.000000,0.000000,0.000000,0.000000,0.000000,0.000000,0.000000,0.000000,0.000000,308.756439,514.938990,-281.296210,309.235429,523.916037,-265.908704,311.418876,524.255785,-265.831050,313.636658,524.672820,-265.813659,300.778815,522.092917,-267.139996,296.925453,520.984423,-267.210508,292.777591,519.685934,-267.180301,314.953519,521.460905,-167.639166,284.138974,515.042095,-173.209976,313.837633,506.225164,-243.140427,303.265140,502.010986,-245.570602,350.903569,471.000659,-94.168047,268.052321,473.623814,-117.223787,372.227158,404.774691,-77.423628,214.758504,497.512281,-241.127171,377.662312,344.075832,-129.059201,224.101001,555.565840,-377.525169,382.868330,327.091046,-143.859668,222.583286,575.941186,-419.604354,378.166674,326.289520,-168.566447,228.454152,576.216164,-405.884110,374.130651,332.034534,-139.150850,231.376958,567.277877,-378.480055,342.016051,345.125304,6.724571,291.105892,345.326176,-6.915133,354.207532,248.268698,18.736630,277.274820,250.486989,11.084839,380.414512,165.629442,156.195865,258.204009,169.523650,171.982763,378.317608,155.918304,164.423533,258.133756,163.243177,183.262269,390.459683,135.604480,43.532394,254.871590,137.959038,71.625743
0.000000,0.000000,0.000000,0.000000,0.000000,0.000000,0.000000,0.000000,0.000000,0.000000,0.000000,0.000000,0.000000,0.000000,0.000000,0.000000,0.000000,0.000000,0.000000,0.000000,0.000000,0.000000,0.000000,0.000000,0.000000,0.000000,0.000000,0.000000,0.000000,0.000000,0.000000,0.000000,0.000000,0.000000,0.000000,0.000000,0.000000,0.000000,0.000000,0.000000,0.000000,0.000000,0.000000,0.000000,0.000000,0.000000,0.000000,0.000000,0.000000,0.000000,0.000000,0.000000,309.544739,512.758135,-277.509107,310.052928,521.601112,-262.383940,312.272799,521.942560,-262.301472,314.544315,522.363811,-262.279713,301.533296,519.841680,-263.376989,297.682897,518.796733,-263.447171,293.555188,517.553643,-263.418279,316.143077,519.171192,-165.863432,285.173731,512.872749,-170.578212,314.760239,504.084296,-240.232224,304.236856,499.968985,-242.313972,352.065842,468.494087,-95.058523,269.031926,471.229493,-113.257157,372.929791,402.179702,-79.571885,215.049700,493.523251,-237.013773,378.798955,340.908853,-129.699088,226.528272,551.716787,-372.140000,384.138338,323.852038,-144.546583,225.232412,571.689926,-413.789949,379.508864,322.934268,-168.381092,231.394943,572.016449,-399.326560,375.424919,328.744205,-139.514575,234.305951,563.117061,-372.749985,342.669262,342.771694,4.962190,291.871685,343.056644,-5.164615,355.225102,245.593457,16.013132,278.278763,248.619271,15.412122,382.476346,163.515993,152.804744,259.293727,168.781218,179.796900,380.815813,154.213053,160.975317,259.147438,162.392749,191.516633,391.005982,134.197536,40.217563,256.116120,137.589211,80.990349
0.000000,0.000000,0.000000,0.000000,0.000000,0.000000,0.000000,0.000000,0.000000,0.000000,0.000000,0.000000,0.000000,0.000000,0.000000,0.000000,0.000000,0.000000,0.000000,0.000000,0.000000,0.000000,0.000000,0.000000,0.000000,0.000000,0.000000,0.000000,0.000000,0.000000,0.000000,0.000000,0.000000,0.000000,0.000000,0.000000,0.000000,0.000000,0.000000,0.000000,0.000000,0.000000,0.000000,0.000000,0.000000,0.000000,0.000000,0.000000,0.000000,0.000000,0.000000,0.000000,310.626515,510.197711,-278.680241,311.241799,518.777278,-263.520170,313.483188,519.098119,-263.433973,315.823230,519.489047,-263.409450,302.669022,517.172183,-264.584367,298.785507,516.211985,-264.656085,294.658189,515.057160,-264.630887,317.597821,516.202646,-165.710419,286.496571,510.413145,-172.573425,315.827918,501.466554,-241.723642,305.357820,497.687171,-243.817164,353.046303,465.490743,-97.007504,270.043592,468.304261,-114.781323,373.949498,399.205874,-82.808987,215.273396,490.102677,-239.880536,379.918194,337.951447,-133.909800,229.058615,548.166380,-375.954596,385.325495,320.839661,-149.398126,227.883305,567.756770,-417.825617,380.718471,320.025319,-173.017078,234.275389,568.090867,-402.951280,376.669793,325.701321,-143.809402,237.128940,559.471103,-376.332761,343.698471,339.896546,4.197017,292.969240,340.309398,-4.390636,356.103736,243.251587,16.681233,278.930403,247.145781,18.501275,384.374516,162.090710,153.862110,259.094768,168.072589,184.361146,382.930226,153.046047,162.117257,259.111231,161.546044,196.193001,391.280358,133.155023,41.265441,255.977701,137.569911,85.915995
0.000000,0.000000,0.000000,0.000000,0.000000,0.000000,0.000000,0.000000,0.000000,0.000000,0.000000,0.000000,0.000000,0.000000,0.000000,0.000000,0.000000,0.000000,0.000000,0.000000,0.000000,0.000000,0.000000,0.000000,0.000000,0.000000,0.000000,0.000000,0.000000,0.000000,0.000000,0.000000,0.000000,0.000000,0.000000,0.000000,0.000000,0.000000,0.000000,0.000000,0.000000,0.000000,0.000000,0.000000,0.000000,0.000000,0.000000,0.000000,0.000000,0.000000,0.000000,0.000000,311.585923,507.943431,-277.164343,312.283347,516.349395,-261.952146,314.564207,516.649189,-261.863719,316.943622,517.017837,-261.836281,303.679804,514.842496,-262.891322,299.796601,513.944661,-262.963428,295.703563,512.853500,-262.941593,318.957166,513.653507,-164.442200,287.729599,508.156034,-171.003456,316.897552,499.168028,-240.596203,306.418148,495.570655,-242.478551,354.094402,462.538533,-96.873252,271.166186,465.733517,-114.038682,374.728980,396.240198,-83.998498,215.792066,487.000526,-240.202355,380.975705,334.964130,-134.991597,231.457264,545.032539,-376.958201,386.534171,317.888865,-150.762727,230.545472,564.217392,-419.065441,382.012800,317.002174,-174.070722,237.102694,564.542207,-403.550431,377.930137,322.663893,-144.854736,239.854477,556.136980,-377.088851,344.470232,337.308990,3.265096,293.858683,337.729622,-3.458253,356.976204,241.112900,16.606979,279.587437,245.244105,21.448243,385.736501,160.576976,156.656976,259.530561,167.216469,191.138209,384.569294,151.805079,165.221410,259.568926,160.720459,203.409944,391.554884,132.120011,44.364865,256.688979,137.271504,93.243217
0.000000,0.000000,0.000000,0.000000,0.000000,0.000000,0.000000,0.000000,0.000000,0.000000,0.000000,0.000000,0.000000,0.000000,0.000000,0.000000,0.000000,0.000000,0.000000,0.000000,0.000000,0.000000,0.000000,0.000000,0.000000,0.000000,0.000000,0.000000,0.000000,0.000000,0.000000,0.000000,0.000000,0.000000,0.000000,0.000000,0.000000,0.000000,0.000000,0.000000,0.000000,0.000000,0.000000,0.000000,0.000000,0.000000,0.000000,0.000000,0.000000,0.000000,0.000000,0.000000,312.576084,505.882947,-276.123339,313.344641,514.130407,-260.842545,315.659733,514.410770,-260.752393,318.072760,514.758651,-260.722484,304.717970,512.713142,-261.674534,300.838822,511.872283,-261.747148,296.782282,510.839737,-261.728563,320.301803,511.319076,-163.518590,288.979071,506.083100,-169.816310,317.988100,497.064476,-239.867204,307.504736,493.639636,-241.569062,355.169112,459.817113,-96.973566,272.292309,463.384804,-113.681151,375.538915,393.507914,-85.356882,216.363843,484.183521,-240.867444,382.005506,332.239995,-136.365419,233.684700,542.208087,-378.294155,387.689994,315.195189,-152.419536,233.015349,561.033471,-420.632727,383.243158,314.251620,-175.460581,239.722954,561.350681,-404.557637,379.132510,319.898350,-146.203566,242.381846,553.149308,-378.207950,345.278996,334.937525,2.458961,294.779971,335.369372,-2.651235,357.818950,239.177140,16.742688,280.230567,243.511586,23.963712,386.910854,159.220312,159.659482,259.927788,166.426628,197.036801,385.974262,150.691389,168.529214,259.990636,159.956366,209.696675,391.815708,131.187503,47.695107,257.303919,136.988506,99.567419
0.000000,0.000000,0.000000,0.000000,0.000000,0.000000,0.000000,0.000000,0.000000,0.000000,0.000000,0.000000,0.000000,0.000000,0.000000,0.000000,0.000000,0.000000,0.000000,0.000000,0.000000,0.000000,0.000000,0.000000,0.000000,0.000000,0.000000,0.000000,0.000000,0.000000,0.000000,0.000000,0.000000,0.000000,0.000000,0.000000,0.000000,0.000000,0.000000,0.000000,0.000000,0.000000,0.000000,0.000000,0.000000,0.000000,0.000000,0.000000,0.000000,0.000000,0.000000,0.000000,313.596997,504.016261,-275.557230,314.425682,512.120314,-260.191370,316.769765,512.382862,-260.099996,319.210646,512.711487,-260.068059,305.783521,510.784120,-260.934001,301.912172,509.994852,-261.007247,297.894345,509.015872,-260.991796,321.631733,509.199352,-162.939589,290.244987,504.194344,-169.011987,319.099564,495.155897,-239.536644,308.617583,491.894113,-241.088698,356.270435,457.326484,-97.308446,273.421961,461.258122,-113.708729,376.379305,391.009021,-86.884138,216.988728,481.651661,-241.875801,383.007598,329.779042,-138.031266,235.740923,539.693023,-379.962456,388.792966,312.758632,-154.368554,235.292935,558.205004,-422.527477,384.409547,311.773655,-177.186655,242.136168,558.516289,-405.972899,380.276910,317.404692,-147.855893,244.711047,550.508087,-379.690060,346.124764,332.782151,1.778612,295.733104,333.228646,-1.969581,358.631974,237.444307,17.088361,280.859793,241.948224,26.047682,387.897575,158.020719,162.869628,260.286452,165.703064,202.056922,387.145130,149.704976,172.040668,260.376360,159.253767,215.053195,392.062831,130.357500,51.256168,257.822521,136.720916,104.888600
0.000000,0.000000,0.000000,0.000000,0.000000,0.000000,0.000000,0.000000,0.000000,0.000000,0.000000,0.000000,0.000000,0.000000,0.000000,0.000000,0.000000,0.000000,0.000000,0.000000,0.000000,0.000000,0.000000,0.000000,0.000000,0.000000,0.000000,0.000000,0.000000,0.000000,0.000000,0.000000,0.000000,0.000000,0.000000,0.000000,0.000000,0.000000,0.000000,0.000000,0.000000,0.000000,0.000000,0.000000,0.000000,0.000000,0.000000,0.000000,0.000000,0.000000,0.000000,0.000000,314.648663,502.343372,-275.466015,315.526470,510.319115,-259.998618,317.894305,510.565464,-259.906528,320.357278,510.876345,-259.873005,306.876456,509.055431,-260.669725,303.016649,508.312367,-260.743723,299.039753,507.381905,-260.731293,322.946956,507.294336,-162.705197,291.527348,502.489764,-168.590486,320.231943,493.442292,-239.604525,309.756691,490.334088,-241.037459,357.398369,455.066645,-97.877894,274.555141,459.353471,-114.121417,377.250149,388.743519,-88.580266,217.666722,479.404946,-243.227429,383.981980,327.581271,-139.989140,237.625933,537.487347,-381.963105,389.843087,310.579194,-156.609780,237.378231,555.731994,-424.749689,385.511965,309.568280,-179.248944,244.342336,556.039031,-407.796216,381.363337,315.182918,-149.811716,246.842080,548.213316,-381.535178,347.007536,330.842868,1.224050,296.718083,331.307446,-1.413292,359.415277,235.914400,17.643997,281.475114,240.554020,27.700151,388.696664,156.978196,166.287414,260.606550,165.045779,206.198571,388.081898,148.845841,175.755771,260.726099,158.612661,219.479503,392.296252,129.630001,55.048047,258.244784,136.468734,109.206760
0.000000,0.000000,0.000000,0.000000,0.000000,0.000000,0.000000,0.000000,0.000000,0.000000,0.000000,0.000000,0.000000,0.000000,0.000000,0.000000,0.000000,0.000000,0.000000,0.000000,0.000000,0.000000,0.000000,0.000000,0.000000,0.000000,0.000000,0.000000,0.000000,0.000000,0.000000,0.000000,0.000000,0.000000,0.000000,0.000000,0.000000,0.000000,0.000000,0.000000,0.000000,0.000000,0.000000,0.000000,0.000000,0.000000,0.000000,0.000000,0.000000,0.000000,0.000000,0.000000,315.731081,500.864280,-275.849695,316.647006,508.726811,-260.264291,319.033352,508.958578,-260.171989,321.512657,509.253227,-260.137322,307.996776,507.527074,-260.881705,304.152254,506.824828,-260.956577,300.218506,505.937836,-260.947053,324.247472,505.604028,-162.815415,292.826153,500.969362,-168.551808,321.385237,491.923661,-240.070846,310.922059,488.959560,-241.415344,358.552915,453.037597,-98.681908,275.691850,457.670851,-114.919214,378.151446,386.711407,-90.445266,218.397823,477.443377,-244.922325,384.928653,325.646681,-142.239038,239.339730,535.591060,-384.296101,390.840356,308.656876,-159.143214,239.271236,553.614439,-427.299364,386.550413,307.635495,-181.647449,246.341459,553.918907,-410.027588,382.391792,313.233030,-152.071036,248.774946,546.264996,-383.743307,347.927312,329.119677,0.795274,297.734906,329.605770,-0.982368,360.168859,234.587420,18.409598,282.076532,239.328973,28.921121,389.308121,156.092743,169.912840,260.888084,164.454773,209.461750,388.784566,148.113983,179.674525,261.039851,158.033049,222.975601,392.515972,129.005007,59.070745,258.570710,136.231961,112.521899
0.000000,0.000000,0.000000,0.000000,0.000000,0.000000,0.000000,0.000000,0.000000,0.000000,0.000000,0.000000,0.000000,0.000000,0.000000,0.000000,0.000000,0.000000,0.000000,0.000000,0.000000,0.000000,0.000000,0.000000,0.000000,0.000000,0.000000,0.000000,0.000000,0.000000,0.000000,0.000000,0.000000,0.000000,0.000000,0.000000,0.000000,0.000000,0.000000,0.000000,0.000000,0.000000,0.000000,0.000000,0.000000,0.000000,0.000000,0.000000,0.000000,0.000000,0.000000,0.000000,316.844251,499.578984,-276.708269,317.787288,507.343402,-260.988388,320.186905,507.562203,-260.896379,322.676782,507.842131,-260.861011,309.144480,506.199050,-261.569940,305.318988,505.532235,-261.645810,301.430603,504.683664,-261.639077,325.533281,504.128427,-163.270241,294.141403,499.633138,-168.895953,322.559446,490.600003,-240.935606,312.113686,487.770529,-242.222355,359.734073,451.239340,-99.720488,276.832088,456.210261,-116.102121,379.083198,384.912688,-92.479139,219.182033,475.766954,-246.960491,385.847616,323.975273,-144.780963,240.882313,534.004161,-386.961446,391.784773,306.991677,-161.968857,240.971951,551.852340,-430.176501,387.524890,305.975300,-184.382169,248.133536,552.155917,-412.667016,383.362276,311.555026,-154.633852,250.509644,544.663127,-386.314444,348.884091,327.612577,0.492284,298.783575,328.123621,-0.676808,360.892718,233.463367,19.385161,282.664046,238.273084,29.710591,389.731946,155.364360,173.745906,261.131054,163.930044,211.846457,389.253134,147.509403,183.796929,261.317619,157.514930,225.541487,392.721991,128.482518,63.324260,258.800298,136.010596,114.834017
0.000000,0.000000,0.000000,0.000000,0.000000,0.000000,0.000000,0.000000,0.000000,0.000000,0.000000,0.000000,0.000000,0.000000,0.000000,0.000000,0.000000,0.000000,0.000000,0.000000,0.000000,0.000000,0.000000,0.000000,0.000000,0.000000,0.000000,0.000000,0.000000,0.000000,0.000000,0.000000,0.000000,0.000000,0.000000,0.000000,0.000000,0.000000,0.000000,0.000000,0.000000,0.000000,0.000000,0.000000,0.000000,0.000000,0.000000,0.000000,0.000000,0.000000,0.000000,0.000000,317.988174,498.487487,-278.041736,318.947317,506.168887,-262.170909,321.354965,506.376339,-262.079697,323.849655,506.643058,-262.044071,310.319569,505.071359,-262.734432,306.516849,504.434588,-262.811420,302.676045,503.619390,-262.807364,326.804383,502.867533,-164.069677,295.473098,498.481091,-169.622920,323.754570,489.471319,-242.198806,313.331574,486.766994,-243.458491,360.941843,449.671873,-100.993635,277.975855,454.971703,-117.670138,380.045405,383.347359,-94.681883,220.019351,474.375676,-249.341927,386.738870,322.567047,-147.614913,242.253683,532.726651,-389.959138,392.676339,305.583597,-165.086708,242.480376,550.445697,-433.381102,388.435397,304.587695,-187.453105,249.718568,550.750061,-415.714499,384.274786,310.148908,-157.500165,252.046175,543.407708,-389.248592,349.877874,326.321567,0.315081,299.864089,326.860996,-0.496614,361.586856,232.542240,20.570689,283.237655,237.386353,30.068562,389.968139,154.793048,177.786612,261.335459,163.471594,213.352694,389.487602,147.032100,188.122983,261.559400,157.058304,227.177162,392.914308,128.062533,67.808594,258.933548,135.804640,116.143114
0.000000,0.000000,0.000000,0.000000,0.000000,0.000000,0.000000,0.000000,0.000000,0.000000,0.000000,0.000000,0.000000,0.000000,0.000000,0.000000,0.000000,0.000000,0.000000,0.000000,0.000000,0.000000,0.000000,0.000000,0.000000,0.000000,0.000000,0.000000,0.000000,0.000000,0.000000,0.000000,0.000000,0.000000,0.000000,0.000000,0.000000,0.000000,0.000000,0.000000,0.000000,0.000000,0.000000,0.000000,0.000000,0.000000,0.000000,0.000000,0.000000,0.000000,0.000000,0.000000,319.162850,497.589786,-279.850099,320.127093,505.203267,-263.811855,322.537532,505.400985,-263.721945,325.031274,505.656008,-263.686503,311.522043,504.144000,-264.375179,307.745838,503.531887,-264.453409,303.954832,502.745014,-264.451915,328.060777,501.821347,-165.213722,296.821237,497.513221,-170.732710,324.970610,488.537608,-243.860446,314.575722,485.948957,-245.123751,362.176224,448.335198,-102.501349,279.123151,453.955175,-119.623264,381.038065,382.015421,-97.053499,220.909777,473.269543,-252.066632,387.602415,321.422003,-150.740888,243.453840,531.758528,-393.289178,393.515053,304.432637,-168.496768,243.796510,549.394509,-436.913165,389.281934,303.472680,-190.860255,251.096553,549.701340,-419.170037,385.129325,309.014674,-160.669974,253.384537,542.498740,-392.545748,350.908661,325.246649,0.263664,300.976448,325.817896,-0.441784,362.251273,231.824039,21.966180,283.797361,236.668778,29.995033,390.016699,154.378806,182.034959,261.501299,163.079422,213.980459,389.487970,146.682075,192.652686,261.765195,156.663171,227.882626,393.092923,127.745052,72.523746,258.970460,135.614092,116.449191
0.000000,0.000000,0.000000,0.000000,0.000000,0.000000,0.000000,0.000000,0.000000,0.000000,0.000000,0.000000,0.000000,0.000000,0.000000,0.000000,0.000000,0.000000,0.000000,0.000000,0.000000,0.000000,0.000000,0.000000,0.000000,0.000000,0.000000,0.000000,0.000000,0.000000,0.000000,0.000000,0.000000,0.000000,0.000000,0.000000,0.000000,0.000000,0.000000,0.000000,0.000000,0.000000,0.000000,0.000000,0.000000,0.000000,0.000000,0.000000,0.000000,0.000000,0.000000,0.000000,320.368278,496.885882,-282.133355,321.326616,504.446542,-265.911225,323.734606,504.636143,-265.823121,326.221640,504.880981,-265.788306,312.751901,503.416974,-266.492183,309.005955,502.824133,-266.571775,305.266963,502.060535,-266.572729,329.302465,500.989868,-166.702375,298.185820,496.729528,-172.225322,326.207564,487.798872,-245.920526,315.846130,485.316416,-247.218137,363.437217,447.229312,-104.243630,280.273975,453.160679,-121.961499,382.061179,380.916874,-99.593988,221.853311,472.448556,-255.134606,388.438250,320.540141,-154.158889,244.482784,531.099795,-396.951566,394.300916,303.538796,-172.199036,244.920354,548.698777,-440.772691,390.064501,302.630255,-194.603621,252.267494,549.009752,-423.033631,385.925891,308.152325,-164.143280,254.524732,541.936222,-396.205915,351.976451,324.387822,0.338034,302.120652,324.994322,-0.512318,362.885968,231.308765,23.571634,284.343162,236.120362,29.490004,389.877628,154.121634,186.490945,261.628575,162.753529,213.729754,389.254238,146.459327,197.386040,261.935005,156.329532,227.657878,393.257837,127.530077,77.469716,258.911034,135.438952,115.752246
0.000000,0.000000,0.000000,0.000000,0.000000,0.000000,0.000000,0.000000,0.000000,0.000000,0.000000,0.000000,0.000000,0.000000,0.000000,0.000000,0.000000,0.000000,0.000000,0.000000,0.000000,0.000000,0.000000,0.000000,0.000000,0.000000,0.000000,0.000000,0.000000,0.000000,0.000000,0.000000,0.000000,0.000000,0.000000,0.000000,0.000000,0.000000,0.000000,0.000000,0.000000,0.000000,0.000000,0.000000,0.000000,0.000000,0.000000,0.000000,0.000000,0.000000,0.000000,0.000000,321.604458,496.375775,-284.891506,322.545886,503.898711,-268.469019,324.946187,504.081811,-268.383227,327.420753,504.317976,-268.349481,314.009143,502.890280,-269.085443,310.297200,502.311324,-269.166520,306.612439,501.565955,-269.169807,330.529445,500.373098,-168.535638,299.566848,496.130012,-174.100757,327.465434,487.255108,-248.379046,317.142798,484.869373,-249.741647,364.724822,446.354217,-106.220477,281.428328,452.588213,-124.684845,383.114748,380.051719,-102.303349,222.849953,471.912714,-258.545850,389.246375,319.921460,-157.868916,245.340515,530.750449,-400.946301,395.033926,302.902074,-176.193512,245.851907,548.358501,-444.959680,390.783098,302.060420,-198.683203,253.231388,548.675299,-427.305280,386.664485,307.561861,-167.920082,255.466760,541.720155,-400.229091,353.081246,323.745087,0.538190,303.296702,324.390273,-0.708218,363.490941,230.996418,25.387052,284.875060,235.741103,28.553475,389.550925,154.021533,191.154572,261.717286,162.493913,212.600577,388.786406,146.363857,202.323044,262.068829,156.057386,226.502919,393.409050,127.417605,82.646505,258.755271,135.279220,114.052280
0.000000,0.000000,0.000000,0.000000,0.000000,0.000000,0.000000,0.000000,0.000000,0.000000,0.000000,0.000000,0.000000,0.000000,0.000000,0.000000,0.000000,0.000000,0.000000,0.000000,0.000000,0.000000,0.000000,0.000000,0.000000,0.000000,0.000000,0.000000,0.000000,0.000000,0.000000,0.000000,0.000000,0.000000,0.000000,0.000000,0.000000,0.000000,0.000000,0.000000,0.000000,0.000000,0.000000,0.000000,0.000000,0.000000,0.000000,0.000000,0.000000,0.000000,0.000000,0.000000,322.871391,496.059466,-288.124551,323.784903,503.559776,-271.485237,326.172275,503.737991,-271.402261,328.628613,503.966994,-271.370027,315.293771,502.563919,-272.154959,311.619573,501.993462,-272.237642,307.991259,501.261272,-272.243149,331.741718,499.971034,-170.713510,300.964320,495.714674,-176.359015,328.744219,486.906319,-251.236005,318.465726,484.607826,-252.694282,366.039038,445.709913,-108.431891,282.586210,452.237778,-127.793300,384.198770,379.419955,-105.181581,223.899703,471.662018,-262.300363,390.026791,319.565962,-161.870968,246.027032,530.710493,-405.273384,395.714086,302.522472,-180.480197,246.591170,548.373680,-449.474132,391.437724,301.763175,-203.098999,253.988237,548.697979,-431.984984,387.345107,307.243282,-172.000381,256.210619,541.850539,-404.615276,354.223044,323.318442,0.864132,304.504596,324.005749,-1.029482,364.066192,230.886997,27.412434,285.393053,235.531001,27.185447,389.036589,154.078501,196.025839,261.767432,162.300576,210.592929,388.084473,146.395664,207.463698,262.166668,155.846733,224.417749,393.546561,127.407639,88.054112,258.503169,135.134897,111.349294
0.000000,0.000000,0.000000,0.000000,0.000000,0.000000,0.000000,0.000000,0.000000,0.000000,0.000000,0.000000,0.000000,0.000000,0.000000,0.000000,0.000000,0.000000,0.000000,0.000000,0.000000,0.000000,0.000000,0.000000,0.000000,0.000000,0.000000,0.000000,0.000000,0.000000,0.000000,0.000000,0.000000,0.000000,0.000000,0.000000,0.000000,0.000000,0.000000,0.000000,0.000000,0.000000,0.000000,0.000000,0.000000,0.000000,0.000000,0.000000,0.000000,0.000000,0.000000,0.000000,324.169076,495.936953,-291.832490,325.043667,503.429734,-274.959880,327.412869,503.604682,-274.880224,329.845219,503.828035,-274.849945,316.605782,502.437890,-275.700730,312.973074,501.870546,-275.785143,309.403425,501.146486,-275.792754,332.939284,499.783678,-173.235992,302.378237,495.483514,-179.000096,330.043919,486.752503,-254.491405,319.814914,484.531777,-256.076042,367.379867,445.296400,-110.877871,283.747620,452.109375,-131.286864,385.313247,379.021582,-108.228686,225.002562,471.696467,-266.398145,390.779498,319.473645,-166.165046,246.542336,530.979924,-409.932816,396.341393,302.399989,-185.059090,247.138143,548.744315,-454.316046,392.028380,301.738520,-207.851011,254.538040,549.077794,-437.072744,387.967756,307.196588,-176.384177,256.756311,542.327373,-409.364471,355.401845,323.107889,1.315861,305.744336,323.840751,-1.476111,364.611722,230.980503,29.647779,285.897142,235.490057,25.385919,388.334622,154.292540,201.104746,261.779014,162.173517,207.706811,387.148441,146.554749,212.808001,262.228520,155.697573,221.402368,393.670371,127.500176,93.692537,258.154729,135.005983,107.643286
0.000000,0.000000,0.000000,0.000000,0.000000,0.000000,0.000000,0.000000,0.000000,0.000000,0.000000,0.000000,0.000000,0.000000,0.000000,0.000000,0.000000,0.000000,0.000000,0.000000,0.000000,0.000000,0.000000,0.000000,0.000000,0.000000,0.000000,0.000000,0.000000,0.000000,0.000000,0.000000,0.000000,0.000000,0.000000,0.000000,0.000000,0.000000,0.000000,0.000000,0.000000,0.000000,0.000000,0.000000,0.000000,0.000000,0.000000,0.000000,0.000000,0.000000,0.000000,0.000000,325.497514,496.008238,-296.015324,326.322179,503.508588,-278.892947,328.667971,503.681883,-278.817116,331.070572,503.901099,-278.789234,317.945179,502.512194,-279.722758,314.357702,501.942576,-279.809021,310.848934,501.221599,-279.818622,334.122143,499.811030,-176.103082,303.808598,495.436530,-182.023999,331.364535,486.793661,-258.145244,321.190362,484.641224,-259.886927,368.747307,445.113677,-113.558418,284.912559,452.203002,-135.165538,386.458178,378.856599,-111.444663,226.158528,472.016062,-270.839197,391.504495,319.644510,-170.751149,246.886427,531.558744,-414.924594,396.915850,302.534625,-189.930192,247.492825,549.470406,-459.485423,392.555065,301.986454,-212.939239,254.880798,549.814743,-442.568559,388.532433,307.421778,-181.071468,257.103835,543.150658,-414.476675,356.617651,323.113427,1.893376,307.015921,323.895277,-2.048104,365.127531,231.276935,32.093089,286.387327,235.618270,23.154891,387.445022,154.663650,206.391293,261.752032,162.112737,203.942221,385.978309,146.841111,218.355955,262.254387,155.609907,217.456775,393.780479,127.695219,99.561780,257.709951,134.892476,102.934258
0.000000,0.000000,0.000000,0.000000,0.000000,0.000000,0.000000,0.000000,0.000000,0.000000,0.000000,0.000000,0.000000,0.000000,0.000000,0.000000,0.000000,0.000000,0.000000,0.000000,0.000000,0.000000,0.000000,0.000000,0.000000,0.000000,0.000000,0.000000,0.000000,0.000000,0.000000,0.000000,0.000000,0.000000,0.000000,0.000000,0.000000,0.000000,0.000000,0.000000,0.000000,0.000000,0.000000,0.000000,0.000000,0.000000,0.000000,0.000000,0.000000,0.000000,0.000000,0.000000,326.856704,496.273320,-300.673052,327.620437,503.796336,-283.284438,329.937579,503.969596,-283.212937,332.304672,504.186185,-283.187895,319.311960,502.786831,-284.221042,315.773459,502.209552,-284.309278,312.327789,501.486609,-284.320754,335.290295,500.053089,-179.314781,305.255404,495.573724,-185.430725,332.706065,487.029792,-262.197523,322.592071,484.936169,-264.126937,370.141359,445.161745,-116.473532,286.081027,452.518660,-139.429321,387.633563,378.925009,-114.829512,227.367603,472.620802,-275.623519,392.201783,320.078557,-175.629278,247.059305,532.446952,-420.248721,397.437454,302.926381,-195.093502,247.655217,550.551952,-464.982263,393.017781,302.506979,-218.363681,255.016510,550.908826,-448.472429,389.039138,307.918854,-186.062257,257.253191,544.320394,-419.951889,357.870460,323.335056,2.596678,308.319351,324.169329,-2.745463,365.613618,231.776294,34.748361,286.863609,235.915641,20.492364,386.367791,155.191829,211.885480,261.686485,162.118235,199.299160,384.574076,147.254751,224.107559,262.244269,155.583734,212.580972,393.876886,127.992766,105.661842,257.168836,134.794378,97.222209
0.000000,0.000000,0.000000,0.000000,0.000000,0.000000,0.000000,0.000000,0.000000,0.000000,0.000000,0.000000,0.000000,0.000000,0.000000,0.000000,0.000000,0.000000,0.000000,0.000000,0.000000,0.000000,0.000000,0.000000,0.000000,0.000000,0.000000,0.000000,0.000000,0.000000,0.000000,0.000000,0.000000,0.000000,0.000000,0.000000,0.000000,0.000000,0.000000,0.000000,0.000000,0.000000,0.000000,0.000000,0.000000,0.000000,0.000000,0.000000,0.000000,0.000000,0.000000,0.000000,328.246646,496.732198,-305.805674,328.938442,504.292979,-288.134354,331.221694,504.467819,-288.067687,333.547519,504.683295,-288.045927,320.706125,503.261800,-289.195581,317.220343,502.671474,-289.285912,313.839988,501.941517,-289.299150,336.443740,500.509856,-182.871090,306.718654,495.895095,-189.220273,334.068511,487.460898,-266.648242,324.020039,485.416610,-268.796072,371.562022,445.440604,-119.623212,287.253024,453.056349,-144.078214,388.839402,379.226809,-118.383233,228.629785,473.510688,-280.751109,392.871361,320.775785,-180.799433,247.060969,533.644549,-425.905195,397.906207,303.575256,-200.549021,247.625319,551.988954,-470.806566,393.416526,303.300094,-224.124339,254.945177,552.360043,-454.784355,389.487871,308.687814,-191.356541,257.204380,545.836580,-425.790113,359.160273,323.772776,3.425766,309.654626,324.662906,-3.568186,366.069983,232.478579,37.613597,287.325986,236.382169,17.398336,385.102927,155.877079,217.587307,261.582373,162.190011,193.777628,382.935744,147.795668,230.062813,262.198164,155.619055,206.774957,393.959591,128.392818,111.992722,256.531382,134.711689,90.507139
0.000000,0.000000,0.000000,0.000000,0.000000,0.000000,0.000000,0.000000,0.000000,0.000000,0.000000,0.000000,0.000000,0.000000,0.000000,0.000000,0.000000,0.000000,0.000000,0.000000,0.000000,0.000000,0.000000,0.000000,0.000000,0.000000,0.000000,0.000000,0.000000,0.000000,0.000000,0.000000,0.000000,0.000000,0.000000,0.000000,0.000000,0.000000,0.000000,0.000000,0.000000,0.000000,0.000000,0.000000,0.000000,0.000000,0.000000,0.000000,0.000000,0.000000,0.000000,0.000000,329.519656,497.347310,-305.832552,330.024358,505.042995,-288.198778,332.249793,505.226650,-288.133309,334.527002,505.451154,-288.111747,321.820969,503.992228,-289.453492,318.381127,503.391409,-289.541820,315.030454,502.641883,-289.550851,337.327440,501.343367,-183.057567,307.959142,496.600257,-190.185176,335.183223,488.067915,-266.576530,325.372249,485.974340,-268.955656,373.069191,446.351518,-120.773326,288.291870,453.861183,-144.480360,390.268728,380.091413,-119.273712,229.833974,473.896200,-279.631777,393.841538,321.641795,-181.944294,246.732522,534.233514,-422.906337,398.673688,304.224185,-201.650144,246.943965,552.777420,-467.434741,394.085968,303.991385,-224.931281,254.284773,553.244793,-451.617262,390.248578,309.460738,-192.395194,256.709000,546.766325,-422.890931,360.319565,324.348954,3.462467,310.857175,325.302062,-3.607644,366.757909,232.578383,37.477079,287.992834,236.951596,16.140626,384.531184,156.172547,215.325800,261.944439,162.223131,186.754084,382.144836,148.048927,227.802767,262.678440,155.424767,199.142759,393.962641,128.521100,110.252931,256.457453,134.629594,83.628697
0.000000,0.000000,0.000000,0.000000,0.000000,0.000000,0.000000,0.000000,0.000000,0.000000,0.000000,0.000000,0.000000,0.000000,0.000000,0.000000,0.000000,0.000000,0.000000,0.000000,0.000000,0.000000,0.000000,0.000000,0.000000,0.000000,0.000000,0.000000,0.000000,0.000000,0.000000,0.000000,0.000000,0.000000,0.000000,0.000000,0.000000,0.000000,0.000000,0.000000,0.000000,0.000000,0.000000,0.000000,0.000000,0.000000,0.000000,0.000000,0.000000,0.000000,0.000000,0.000000,330.778756,498.394172,-306.625891,331.180755,506.106678,-288.972210,333.368724,506.288342,-288.909968,335.617571,506.499238,-288.890518,323.040178,505.048295,-290.176876,319.635661,504.427406,-290.265479,316.329058,503.654827,-290.275226,338.327606,502.361503,-183.929572,309.252098,497.546678,-190.479869,336.360249,489.099196,-267.282826,326.651168,487.101434,-269.592625,374.520887,447.336797,-122.479607,289.307943,454.754631,-145.022009,391.428430,381.030049,-121.909581,230.970972,474.531912,-279.478896,394.427578,323.098969,-186.668042,246.399980,535.025699,-422.689705,399.020757,305.568246,-206.751672,246.580363,553.688124,-466.948647,394.311605,305.624648,-230.104788,253.835203,554.294840,-451.685923,390.517065,311.059416,-197.172722,256.355568,547.830148,-422.829734,361.586169,325.257642,3.783015,312.140106,326.346472,-3.925726,367.551359,233.052076,35.863723,288.668863,237.836504,13.145096,383.863340,156.401110,212.276141,262.115997,162.469917,179.348783,381.244145,148.105352,224.560208,262.951162,155.473007,191.230126,393.678908,128.661282,106.980274,255.721170,134.614121,75.396469
0.000000,0.000000,0.000000,0.000000,0.000000,0.000000,0.000000,0.000000,0.000000,0.000000,0.000000,0.000000,0.000000,0.000000,0.000000,0.000000,0.000000,0.000000,0.000000,0.000000,0.000000,0.000000,0.000000,0.000000,0.000000,0.000000,0.000000,0.000000,0.000000,0.000000,0.000000,0.000000,0.000000,0.000000,0.000000,0.000000,0.000000,0.000000,0.000000,0.000000,0.000000,0.000000,0.000000,0.000000,0.000000,0.000000,0.000000,0.000000,0.000000,0.000000,0.000000,0.000000,332.042944,499.545050,-306.742437,332.349796,507.267875,-289.090478,334.503498,507.446027,-289.031464,336.726631,507.642934,-289.014080,324.271831,506.208592,-290.251356,320.898133,505.571848,-290.339946,317.629585,504.781284,-290.350195,339.350826,503.476871,-184.208228,310.537170,498.617523,-190.243691,337.543374,490.231485,-267.344153,327.925892,488.330991,-269.591137,375.934186,448.436639,-123.550102,290.322824,455.765233,-144.906533,392.631386,382.144578,-123.689526,232.144588,475.068742,-278.626527,395.159460,324.713260,-190.339751,246.034033,535.570792,-422.303204,399.544554,307.086535,-210.736203,246.120268,554.319757,-466.324051,394.729619,307.404868,-234.166502,253.278810,555.080638,-451.695442,390.971771,312.804590,-200.893304,255.907829,548.628405,-422.642217,362.836988,326.268653,4.028345,313.386280,327.480615,-4.169029,368.388848,233.593035,34.003652,289.390871,238.786750,10.377599,383.365471,156.629393,208.819396,262.423677,162.802737,172.478367,380.550892,148.189217,220.889053,263.363845,155.617614,183.886687,393.440154,128.799913,103.279109,255.179239,134.679186,67.830745
0.000000,0.000000,0.000000,0.000000,0.000000,0.000000,0.000000,0.000000,0.000000,0.000000,0.000000,0.000000,0.000000,0.000000,0.000000,0.000000,0.000000,0.000000,0.000000,0.000000,0.000000,0.000000,0.000000,0.000000,0.000000,0.000000,0.000000,0.000000,0.000000,0.000000,0.000000,0.000000,0.000000,0.000000,0.000000,0.000000,0.000000,0.000000,0.000000,0.000000,0.000000,0.000000,0.000000,0.000000,0.000000,0.000000,0.000000,0.000000,0.000000,0.000000,0.000000,0.000000,333.312219,500.799943,-306.182189,333.531481,508.526587,-288.553581,335.654114,508.699704,-288.497798,337.854184,508.882241,-288.482434,325.515929,507.473119,-289.676932,322.168542,506.824736,-289.765220,318.932035,506.021254,-289.775761,340.397102,504.689469,-183.893535,311.814359,499.812792,-189.476644,338.732599,491.464783,-266.760510,329.196423,489.663011,-268.951191,377.309087,449.651044,-123.984811,291.336512,456.892989,-144.133935,393.877597,383.434999,-124.613550,233.354823,475.506689,-277.074672,396.037183,326.484668,-192.959419,245.634682,535.868793,-421.746835,400.245080,308.779053,-213.603738,245.563679,554.672318,-465.560955,395.340010,309.332044,-237.116423,252.615595,555.602186,-451.645819,391.612695,314.696261,-203.556940,255.365781,549.161096,-422.328380,364.072022,327.381987,4.198456,314.595697,328.704492,-4.337555,369.270377,234.201259,31.896867,290.158859,239.802334,7.838133,383.037577,156.857396,204.955563,262.867479,163.221592,166.142836,380.065076,148.300521,216.789304,263.916490,155.858588,177.112442,393.246380,128.936994,99.149437,254.831658,134.824789,60.931524
0.000000,0.000000,0.000000,0.000000,0.000000,0.000000,0.000000,0.000000,0.000000,0.000000,0.000000,0.000000,0.000000,0.000000,0.000000,0.000000,0.000000,0.000000,0.000000,0.000000,0.000000,0.000000,0.000000,0.000000,0.000000,0.000000,0.000000,0.000000,0.000000,0.000000,0.000000,0.000000,0.000000,0.000000,0.000000,0.000000,0.000000,0.000000,0.000000,0.000000,0.000000,0.000000,0.000000,0.000000,0.000000,0.000000,0.000000,0.000000,0.000000,0.000000,0.000000,0.000000,334.586581,502.158852,-304.945148,334.725810,509.882814,-287.361519,336.820573,510.049372,-287.308970,339.000227,510.217161,-287.295578,326.772472,508.841877,-288.453605,323.446888,508.186068,-288.541303,320.236409,507.374737,-288.551922,341.466433,505.999298,-182.985495,313.083663,501.132485,-188.178726,339.927923,492.799089,-265.531898,330.462761,491.097494,-267.672788,378.645592,450.980013,-123.783735,292.349008,458.137898,-142.704214,395.167062,384.901312,-124.681650,234.601677,475.845753,-274.823331,397.060748,328.413194,-194.527047,245.201926,535.919702,-421.020597,401.122333,310.645800,-215.354276,244.910598,554.745808,-464.659358,396.142777,311.406177,-238.954551,251.845558,555.859484,-451.537056,392.439838,316.734427,-205.163631,254.729427,549.428221,-421.888223,365.291272,328.597645,4.293349,315.768359,330.018103,-4.431302,370.195945,234.876748,29.543368,290.972826,240.883256,5.526701,382.879659,157.085120,200.684643,263.447402,163.726482,160.342189,379.786698,148.439264,212.260959,264.609095,156.195929,170.907392,393.097586,129.072524,94.591257,254.678429,135.050929,54.698807
0.000000,0.000000,0.000000,0.000000,0.000000,0.000000,0.000000,0.000000,0.000000,0.000000,0.000000,0.000000,0.000000,0.000000,0.000000,0.000000,0.000000,0.000000,0.000000,0.000000,0.000000,0.000000,0.000000,0.000000,0.000000,0.000000,0.000000,0.000000,0.000000,0.000000,0.000000,0.000000,0.000000,0.000000,0.000000,0.000000,0.000000,0.000000,0.000000,0.000000,0.000000,0.000000,0.000000,0.000000,0.000000,0.000000,0.000000,0.000000,0.000000,0.000000,0.000000,0.000000,335.866030,503.621775,-303.031314,335.932783,511.336555,-285.514292,338.002875,511.495033,-285.464979,340.164763,511.647692,-285.453514,328.041460,510.314865,-286.581373,324.733172,509.655845,-286.668193,321.542707,508.841732,-286.678678,342.558818,507.406359,-181.484106,314.345084,502.576603,-186.349938,341.129347,494.234403,-263.658317,331.724904,492.634440,-265.755928,379.943699,452.423544,-122.946873,293.360312,459.499962,-140.617369,396.499781,386.543516,-123.893828,235.885148,476.085935,-271.872502,398.230154,330.498836,-195.042634,244.735764,535.723518,-420.124491,402.176314,312.686776,-215.987817,244.161024,554.540227,-463.619260,397.137922,313.627267,-239.680885,250.968699,555.852532,-451.369151,393.453199,318.919089,-205.713376,253.998764,549.429780,-421.321745,366.494737,329.915626,4.313023,316.904264,331.421447,-4.450271,371.165553,235.619502,26.943153,291.832772,242.029517,3.443300,382.891717,157.312563,196.006636,264.163447,164.317407,155.076428,379.715757,148.605447,207.304020,265.441662,156.629636,165.271536,392.993772,129.206503,89.604569,254.719551,135.357608,49.132594
0.000000,0.000000,0.000000,0.000000,0.000000,0.000000,0.000000,0.000000,0.000000,0.000000,0.000000,0.000000,0.000000,0.000000,0.000000,0.000000,0.000000,0.000000,0.000000,0.000000,0.000000,0.000000,0.000000,0.000000,0.000000,0.000000,0.000000,0.000000,0.000000,0.000000,0.000000,0.000000,0.000000,0.000000,0.000000,0.000000,0.000000,0.000000,0.000000,0.000000,0.000000,0.000000,0.000000,0.000000,0.000000,0.000000,0.000000,0.000000,0.000000,0.000000,0.000000,0.000000,337.150567,505.188715,-300.440686,337.152400,512.887811,-283.011900,339.201019,513.036686,-282.965826,341.347790,513.173834,-282.956242,329.322892,511.892083,-284.060239,326.027394,511.234068,-284.145890,322.850927,510.422240,-284.156031,343.674258,508.910650,-179.389368,315.598621,504.145144,-183.990280,342.336870,495.770726,-261.139766,332.982854,494.273848,-263.200610,381.203409,453.981640,-121.474226,294.370423,460.979179,-137.873402,397.875754,388.361613,-122.250084,237.205239,476.227234,-268.222187,399.545401,332.741596,-194.506182,244.236198,535.280242,-419.058516,403.407023,314.901980,-215.504362,243.314957,554.055574,-462.440662,398.325443,315.995314,-239.295427,249.985018,555.581330,-451.142104,394.652779,321.250247,-205.206175,253.173794,549.165773,-420.628947,367.682418,331.335931,4.257479,318.003413,332.914524,-4.394462,372.179200,236.429522,24.096224,292.738697,243.241116,1.587933,383.073750,157.539727,190.921541,265.015613,164.994367,150.345552,379.852254,148.799069,201.918485,266.414190,157.159711,160.204874,392.934937,129.338932,84.189374,254.955024,135.744824,44.232884
0.000000,0.000000,0.000000,0.000000,0.000000,0.000000,0.000000,0.000000,0.000000,0.000000,0.000000,0.000000,0.000000,0.000000,0.000000,0.000000,0.000000,0.000000,0.000000,0.000000,0.000000,0.000000,0.000000,0.000000,0.000000,0.000000,0.000000,0.000000,0.000000,0.000000,0.000000,0.000000,0.000000,0.000000,0.000000,0.000000,0.000000,0.000000,0.000000,0.000000,0.000000,0.000000,0.000000,0.000000,0.000000,0.000000,0.000000,0.000000,0.000000,0.000000,0.000000,0.000000,338.440190,506.859669,-297.173265,338.384660,514.536582,-279.854344,340.415005,514.674330,-279.811510,342.549308,514.795588,-279.803760,330.616770,513.573532,-280.890200,327.329552,512.920735,-280.974396,324.161071,512.116261,-280.983979,344.812754,510.512172,-176.701282,316.844274,505.838110,-181.099752,343.550493,497.408057,-257.976246,334.236610,496.015719,-260.006836,382.424722,455.654298,-119.365793,295.379342,462.575550,-134.472311,399.294981,390.355602,-119.750417,238.561948,476.269650,-263.872386,401.006490,335.141473,-192.917689,243.703228,534.589873,-417.822673,404.814460,317.291414,-213.903910,242.372398,553.291850,-461.123563,399.705341,318.510318,-237.798176,248.894515,555.045877,-450.855917,396.038577,323.727902,-203.642029,252.254515,548.636200,-419.809830,368.854313,332.858559,4.126716,319.065805,334.497335,-4.263874,373.236887,237.306807,21.002580,293.690602,244.518053,-0.039403,383.425758,157.766612,185.429360,266.003901,165.757362,146.149561,380.196188,149.020130,196.104355,267.526680,157.786152,155.707407,392.921082,129.469810,78.345671,255.384848,136.212579,39.999677
0.000000,0.000000,0.000000,0.000000,0.000000,0.000000,0.000000,0.000000,0.000000,0.000000,0.000000,0.000000,0.000000,0.000000,0.000000,0.000000,0.000000,0.000000,0.000000,0.000000,0.000000,0.000000,0.000000,0.000000,0.000000,0.000000,0.000000,0.000000,0.000000,0.000000,0.000000,0.000000,0.000000,0.000000,0.000000,0.000000,0.000000,0.000000,0.000000,0.000000,0.000000,0.000000,0.000000,0.000000,0.000000,0.000000,0.000000,0.000000,0.000000,0.000000,0.000000,0.000000,339.734901,508.634639,-293.229051,339.629564,516.282867,-276.041623,341.644834,516.407967,-276.002032,343.769318,516.512954,-275.996070,331.923092,515.359211,-277.071258,328.639649,514.715848,-277.153709,325.473138,513.923794,-277.162522,345.974304,512.210925,-173.419848,318.082043,507.655500,-177.678354,344.770216,499.146397,-254.167757,335.486172,497.860052,-256.174604,383.607638,457.441520,-116.621575,296.387069,464.289075,-130.414097,400.757463,392.525483,-116.394827,239.955275,476.213184,-258.823097,402.613420,337.698467,-190.277156,243.136852,533.652413,-416.416961,406.398626,319.855076,-211.186461,241.333345,552.249055,-459.667963,401.277616,321.172278,-235.189131,247.697190,554.246175,-450.510588,397.610593,326.352052,-201.020937,251.240930,547.841060,-418.864392,370.010424,334.483511,3.920735,320.091441,336.169880,-4.058508,374.338612,238.251357,17.662222,294.688486,245.860328,-1.438706,383.947742,157.993216,179.530091,267.128311,166.606392,142.488455,380.747559,149.268631,189.861630,268.779131,158.508960,151.779134,392.952208,129.599138,72.073460,256.009023,136.760871,36.432975
0.000000,0.000000,0.000000,0.000000,0.000000,0.000000,0.000000,0.000000,0.000000,0.000000,0.000000,0.000000,0.000000,0.000000,0.000000,0.000000,0.000000,0.000000,0.000000,0.000000,0.000000,0.000000,0.000000,0.000000,0.000000,0.000000,0.000000,0.000000,0.000000,0.000000,0.000000,0.000000,0.000000,0.000000,0.000000,0.000000,0.000000,0.000000,0.000000,0.000000,0.000000,0.000000,0.000000,0.000000,0.000000,0.000000,0.000000,0.000000,0.000000,0.000000,0.000000,0.000000,341.034699,510.513624,-288.608043,340.887113,518.126667,-271.573737,342.890506,518.237595,-271.537391,345.007820,518.325932,-271.533172,333.241859,517.249120,-272.603411,329.957682,516.619405,-272.683829,326.787129,515.844841,-272.691662,347.158910,514.006909,-169.545065,319.311928,509.597313,-173.726085,345.996038,500.985746,-249.714298,336.731541,499.806849,-251.703915,384.752157,459.343305,-113.241571,297.393603,466.119754,-125.698759,402.263199,394.871257,-112.183315,241.385221,476.057834,-253.074322,404.366192,340.412578,-186.584583,242.537072,532.467860,-414.841381,408.159519,322.592967,-207.352015,240.197799,550.927188,-458.073862,403.042268,323.981195,-231.468293,246.393043,553.182223,-450.106117,399.368828,329.122699,-197.342899,250.133036,546.780354,-417.792634,371.150751,336.210786,3.639535,321.080320,337.932158,-3.778364,375.484378,239.263172,14.075149,295.732349,247.267941,-2.609976,384.639701,158.219541,173.223735,268.388842,167.541457,139.362234,381.506368,149.544571,183.190309,270.171543,159.328135,148.420055,393.028313,129.726915,65.372742,256.827549,137.389701,33.532776
0.000000,0.000000,0.000000,0.000000,0.000000,0.000000,0.000000,0.000000,0.000000,0.000000,0.000000,0.000000,0.000000,0.000000,0.000000,0.000000,0.000000,0.000000,0.000000,0.000000,0.000000,0.000000,0.000000,0.000000,0.000000,0.000000,0.000000,0.000000,0.000000,0.000000,0.000000,0.000000,0.000000,0.000000,0.000000,0.000000,0.000000,0.000000,0.000000,0.000000,0.000000,0.000000,0.000000,0.000000,0.000000,0.000000,0.000000,0.000000,0.000000,0.000000,0.000000,0.000000,342.339585,512.496625,-283.310242,342.157305,520.067981,-266.450686,344.152021,520.163216,-266.417588,346.264813,520.234521,-266.415064,334.573070,519.243260,-267.486662,331.283653,518.631408,-267.564758,328.103043,517.879400,-267.571397,348.366570,515.900124,-165.076934,320.533929,511.663551,-169.242947,347.227959,502.926102,-244.615869,337.972716,501.856108,-246.594769,385.858278,461.359653,-109.225781,298.398945,468.067587,-120.326299,403.812189,397.392922,-107.115880,242.851785,475.803602,-246.626060,406.264806,343.283806,-181.839970,241.903886,531.036215,-413.095932,410.097140,325.505087,-202.400573,238.965761,549.326249,-456.341261,404.999297,326.937069,-226.635662,244.982074,551.854021,-449.642506,401.313282,332.039841,-192.607916,248.930835,545.454083,-416.594556,372.275292,338.040385,3.283117,322.032444,339.784169,-3.423442,376.674182,240.342253,10.241361,296.822191,248.740892,-3.553214,385.501636,158.445586,166.510292,269.785494,168.562556,136.770898,382.472614,149.847951,176.090394,271.703916,160.243678,145.630171,393.149398,129.853142,58.243516,257.840426,138.099069,31.299080
0.000000,0.000000,0.000000,0.000000,0.000000,0.000000,0.000000,0.000000,0.000000,0.000000,0.000000,0.000000,0.000000,0.000000,0.000000,0.000000,0.000000,0.000000,0.000000,0.000000,0.000000,0.000000,0.000000,0.000000,0.000000,0.000000,0.000000,0.000000,0.000000,0.000000,0.000000,0.000000,0.000000,0.000000,0.000000,0.000000,0.000000,0.000000,0.000000,0.000000,0.000000,0.000000,0.000000,0.000000,0.000000,0.000000,0.000000,0.000000,0.000000,0.000000,0.000000,0.000000,343.649557,514.583641,-277.335647,343.440141,522.106810,-260.672471,345.429378,522.184829,-260.642622,347.540297,522.238722,-260.641748,335.916727,521.341630,-261.721008,332.617562,520.751856,-261.796494,329.420881,520.027471,-261.801727,349.597285,517.890570,-160.015454,321.748047,513.854213,-164.228938,348.465980,504.967468,-238.872471,339.209697,504.007829,-240.847165,386.926003,463.490565,-104.574206,299.403095,470.132573,-114.296715,405.404433,400.090479,-101.192523,244.354968,475.450488,-239.478312,408.309261,346.312152,-176.043317,241.237296,529.357477,-411.180615,412.211489,328.591436,-196.332133,237.637230,547.446240,-454.470159,407.148702,330.039900,-220.691239,243.464283,550.261569,-449.119753,403.443954,335.103479,-186.815987,247.634326,543.862245,-415.270157,373.384049,339.972307,2.851481,322.947811,341.725914,-2.993742,377.908026,241.488599,6.160859,297.958013,250.279181,-4.268420,386.533546,158.671351,159.389761,271.318269,169.669691,134.714447,383.646298,150.178771,168.561883,273.376251,161.255587,143.409480,393.315462,129.977818,50.685782,259.047654,138.888975,29.731888
0.000000,0.000000,0.000000,0.000000,0.000000,0.000000,0.000000,0.000000,0.000000,0.000000,0.000000,0.000000,0.000000,0.000000,0.000000,0.000000,0.000000,0.000000,0.000000,0.000000,0.000000,0.000000,0.000000,0.000000,0.000000,0.000000,0.000000,0.000000,0.000000,0.000000,0.000000,0.000000,0.000000,0.000000,0.000000,0.000000,0.000000,0.000000,0.000000,0.000000,0.000000,0.000000,0.000000,0.000000,0.000000,0.000000,0.000000,0.000000,0.000000,0.000000,0.000000,0.000000,344.964617,516.774672,-270.684259,344.735621,524.243154,-254.239090,346.722577,524.302433,-254.212494,348.834273,524.338534,-254.213223,337.272828,523.544230,-255.306451,333.959407,522.980748,-255.379038,330.740641,522.289056,-255.382653,350.851055,519.978246,-154.360626,322.954280,516.169299,-158.684059,349.710101,507.109842,-232.484104,340.442485,506.262014,-234.461105,387.955330,465.736040,-99.286846,300.406052,472.314713,-107.610009,407.039932,402.963928,-94.413243,245.894769,474.998490,-231.631077,410.499557,349.497614,-169.194624,240.537302,527.431647,-409.095429,414.502566,331.852013,-189.146697,236.212205,545.287158,-452.460556,409.490484,333.289687,-213.635021,241.839669,548.404867,-448.537859,405.760844,338.313614,-179.967112,246.243509,542.004841,-413.819439,374.477021,342.006553,2.344626,323.826421,343.757392,-2.489263,379.185910,242.702210,1.833641,299.139814,251.882809,-4.755593,387.735432,158.896837,151.862143,272.987165,170.862860,133.192881,385.027419,150.537029,160.604778,275.188547,162.363863,141.757985,393.526507,130.100943,42.699541,260.449234,139.759419,28.831200
0.000000,0.000000,0.000000,0.000000,0.000000,0.000000,0.000000,0.000000,0.000000,0.000000,0.000000,0.000000,0.000000,0.000000,0.000000,0.000000,0.000000,0.000000,0.000000,0.000000,0.000000,0.000000,0.000000,0.000000,0.000000,0.000000,0.000000,0.000000,0.000000,0.000000,0.000000,0.000000,0.000000,0.000000,0.000000,0.000000,0.000000,0.000000,0.000000,0.000000,0.000000,0.000000,0.000000,0.000000,0.000000,0.000000,0.000000,0.000000,0.000000,0.000000,0.000000,0.000000,346.284764,519.069719,-263.356077,346.043744,526.477013,-247.150546,348.031619,526.516030,-247.127204,350.146741,526.533958,-247.129489,338.641374,525.851060,-248.242990,335.309191,525.318086,-248.312390,332.062326,524.664153,-248.314175,352.127880,522.163154,-148.112449,324.152630,518.608809,-152.608310,350.960321,509.353224,-225.450768,341.671079,508.618661,-227.436587,388.946260,468.096079,-93.363699,301.407817,474.614008,-100.266179,408.718685,406.013269,-86.778040,247.471189,474.447610,-223.084355,412.835695,352.840194,-161.293890,239.803902,525.258725,-406.840375,416.970371,335.286820,-180.844265,234.690688,542.849006,-450.312452,412.024643,336.686431,-205.467011,240.108234,546.283915,-447.896823,408.263953,341.670244,-172.061292,244.758384,539.881871,-412.242400,375.554208,344.143122,1.762552,324.668275,345.878604,-1.910006,380.507833,243.983086,-2.740290,300.367594,253.551775,-5.014734,389.107293,159.122043,143.927439,274.792182,172.142064,132.206200,386.615978,150.922727,152.219077,277.140804,163.568505,140.675683,393.782531,130.222518,34.284792,262.045164,140.710400,28.597015
0.000000,0.000000,0.000000,0.000000,0.000000,0.000000,0.000000,0.000000,0.000000,0.000000,0.000000,0.000000,0.000000,0.000000,0.000000,0.000000,0.000000,0.000000,0.000000,0.000000,0.000000,0.000000,0.000000,0.000000,0.000000,0.000000,0.000000,0.000000,0.000000,0.000000,0.000000,0.000000,0.000000,0.000000,0.000000,0.000000,0.000000,0.000000,0.000000,0.000000,0.000000,0.000000,0.000000,0.000000,0.000000,0.000000,0.000000,0.000000,0.000000,0.000000,0.000000,0.000000,347.609999,521.468781,-255.351103,347.364512,528.808386,-239.406836,349.356504,528.825619,-239.386751,351.477700,528.824994,-239.390547,340.022365,528.262121,-240.530625,336.666911,527.763869,-240.596549,333.385933,527.152763,-240.596292,353.427761,524.445293,-141.270925,325.343095,521.172743,-146.001691,352.216640,511.697614,-217.772461,342.895479,511.077771,-219.773612,389.898793,470.570680,-86.804767,302.408389,477.030456,-92.265226,410.440692,409.238503,-78.286915,249.084228,473.797848,-213.838147,415.317674,356.339891,-152.341116,239.037097,522.838711,-404.415452,419.614904,338.895855,-171.424835,233.072678,540.131782,-448.025848,414.751179,340.230132,-196.187208,238.269977,543.898713,-447.196646,410.953281,345.173371,-163.098526,243.178952,537.493334,-410.539041,376.615611,346.382014,1.105260,325.473373,348.089550,-1.255971,381.873795,245.331228,-7.560937,301.641353,255.286079,-5.045842,390.649129,159.346969,135.585647,276.733321,173.507303,131.754404,388.411974,151.335865,143.404781,279.233022,164.869515,140.162576,394.083535,130.342543,25.441536,263.835446,141.741920,29.029333
0.000000,0.000000,0.000000,0.000000,0.000000,0.000000,0.000000,0.000000,0.000000,0.000000,0.000000,0.000000,0.000000,0.000000,0.000000,0.000000,0.000000,0.000000,0.000000,0.000000,0.000000,0.000000,0.000000,0.000000,0.000000,0.000000,0.000000,0.000000,0.000000,0.000000,0.000000,0.000000,0.000000,0.000000,0.000000,0.000000,0.000000,0.000000,0.000000,0.000000,0.000000,0.000000,0.000000,0.000000,0.000000,0.000000,0.000000,0.000000,0.000000,0.000000,0.000000,0.000000,348.940320,523.971859,-246.669334,348.697924,531.237274,-231.007961,350.697231,531.231199,-230.991135,352.827151,531.211642,-230.996396,341.415801,530.777412,-232.169357,338.032569,530.318097,-232.231516,334.711464,529.754886,-232.229006,354.750696,526.824662,-133.836051,326.525677,523.861102,-138.864201,353.479059,514.143014,-209.449186,344.115685,513.639343,-211.472180,390.812929,473.159846,-79.610050,303.407769,479.564057,-83.607150,412.205953,412.639628,-68.939868,250.733885,473.049202,-203.892452,417.945495,359.996705,-142.336302,238.236888,520.171604,-401.820661,422.436165,342.679119,-160.888409,231.358175,537.135487,-445.600742,417.670092,343.920790,-185.795612,236.324898,541.249260,-446.437328,413.828827,348.822993,-153.078814,241.505212,534.839232,-408.709362,377.661229,348.723230,0.372749,326.241715,350.390228,-0.527158,383.283796,246.746635,-12.628298,302.961092,257.085721,-4.848918,392.360941,159.571615,126.836767,278.810582,174.958577,131.837493,390.415407,151.776442,134.161889,281.465202,166.266892,140.218663,394.429519,130.461017,16.169772,265.820078,142.853978,30.128156
0.000000,0.000000,0.000000,0.000000,0.000000,0.000000,0.000000,0.000000,0.000000,0.000000,0.000000,0.000000,0.000000,0.000000,0.000000,0.000000,0.000000,0.000000,0.000000,0.000000,0.000000,0.000000,0.000000,0.000000,0.000000,0.000000,0.000000,0.000000,0.000000,0.000000,0.000000,0.000000,0.000000,0.000000,0.000000,0.000000,0.000000,0.000000,0.000000,0.000000,0.000000,0.000000,0.000000,0.000000,0.000000,0.000000,0.000000,0.000000,0.000000,0.000000,0.000000,0.000000,350.568618,525.457439,-237.434225,350.316783,532.688810,-221.666822,352.292175,532.672541,-221.653727,354.380394,532.669798,-221.660337,343.173808,532.308879,-223.435938,339.781814,531.917779,-223.493052,336.437456,531.456434,-223.485866,356.217528,528.320924,-123.880971,327.967508,525.648707,-132.061916,354.992357,515.599362,-199.924776,345.651379,515.022579,-202.738633,391.625900,474.946965,-68.768170,304.756027,481.524587,-77.129025,414.113917,415.251535,-54.713663,252.538873,472.228786,-197.846851,421.256427,362.808246,-126.847350,238.080721,516.997876,-403.085083,426.065672,345.514515,-144.366314,230.092822,533.756438,-447.532591,421.522788,346.310832,-169.700844,234.765967,537.990182,-449.642717,417.685479,351.270807,-137.700964,240.244375,531.684386,-410.863572,378.741975,350.256076,0.155974,327.106805,351.627565,-0.311400,384.649941,248.219473,-12.335256,304.215943,257.959502,-4.114542,393.798088,160.248758,126.136592,280.667305,175.916253,133.520023,392.122308,152.661013,133.320458,283.490307,167.426285,141.992420,395.003535,130.805268,15.371568,268.379631,144.042394,32.685527
0.000000,0.000000,0.000000,0.000000,0.000000,0.000000,0.000000,0.000000,0.000000,0.000000,0.000000,0.000000,0.000000,0.000000,0.000000,0.000000,0.000000,0.000000,0.000000,0.000000,0.000000,0.000000,0.000000,0.000000,0.000000,0.000000,0.000000,0.000000,0.000000,0.000000,0.000000,0.000000,0.000000,0.000000,0.000000,0.000000,0.000000,0.000000,0.000000,0.000000,0.000000,0.000000,0.000000,0.000000,0.000000,0.000000,0.000000,0.000000,0.000000,0.000000,0.000000,0.000000,352.040795,527.140335,-227.544643,351.796761,534.362473,-211.801162,353.782803,534.330153,-211.793309,355.863766,534.321134,-211.801391,344.715723,534.063030,-213.672077,341.312034,533.724180,-213.725010,337.925812,533.329536,-213.714153,357.660187,529.961851,-114.347458,329.317934,527.559762,-123.182232,356.382940,517.222523,-190.213343,347.036247,516.710371,-193.157438,392.562322,476.665982,-59.674349,305.853456,483.302549,-67.345545,416.458072,418.095954,-42.854683,254.259675,471.389283,-186.785473,424.833134,366.414093,-113.987923,237.347424,513.629572,-399.221814,430.129966,349.221557,-131.015171,228.492077,529.943744,-444.044573,425.705060,349.676767,-156.408735,233.027175,534.419786,-447.793535,421.808130,354.638808,-124.869069,238.654562,528.210044,-407.878050,379.665794,351.766322,-0.257328,327.926968,353.056088,0.103795,385.794307,249.425406,-13.724298,305.496950,259.113627,-3.908471,395.487314,160.728549,121.239831,282.966772,176.905664,133.150356,394.026567,153.319551,128.055904,285.966368,168.426854,141.540436,396.097143,131.266270,10.458209,271.344159,145.004060,33.086183
0.000000,0.000000,0.000000,0.000000,0.000000,0.000000,0.000000,0.000000,0.000000,0.000000,0.000000,0.000000,0.000000,0.000000,0.000000,0.000000,0.000000,0.000000,0.000000,0.000000,0.000000,0.000000,0.000000,0.000000,0.000000,0.000000,0.000000,0.000000,0.000000,0.000000,0.000000,0.000000,0.000000,0.000000,0.000000,0.000000,0.000000,0.000000,0.000000,0.000000,0.000000,0.000000,0.000000,0.000000,0.000000,0.000000,0.000000,0.000000,0.000000,0.000000,0.000000,0.000000,353.529286,528.604998,-218.291085,353.287286,535.814864,-202.562198,355.281501,535.769167,-202.559376,357.353947,535.755932,-202.568783,346.261704,535.585027,-204.522835,342.845395,535.292628,-204.571849,339.417819,534.957462,-204.557576,359.098711,531.387477,-105.423420,330.679470,529.224407,-114.838646,357.794481,518.638622,-181.137933,348.443762,518.176319,-184.195921,393.527293,478.175991,-51.258562,306.958438,484.840152,-58.144400,418.763163,420.795383,-32.293595,256.010690,470.443644,-175.733280,428.394796,370.087160,-103.007258,236.755617,510.052599,-393.988097,434.196766,353.090993,-119.681939,227.072565,525.845741,-439.012270,429.891899,353.260829,-145.132956,231.465414,530.520772,-444.381707,425.923481,358.188459,-113.943337,237.231566,524.439879,-403.474068,380.572712,353.101577,-0.656844,328.755491,354.309617,0.505866,386.902470,250.520327,-14.829207,306.817526,260.118399,-3.683467,397.155690,161.190141,116.909770,285.242654,177.788926,132.722298,395.884092,153.954929,123.382549,288.387882,169.328307,141.012981,397.249590,131.714651,6.112516,274.265893,145.868814,33.327185
0.000000,0.000000,0.000000,0.000000,0.000000,0.000000,0.000000,0.000000,0.000000,0.000000,0.000000,0.000000,0.000000,0.000000,0.000000,0.000000,0.000000,0.000000,0.000000,0.000000,0.000000,0.000000,0.000000,0.000000,0.000000,0.000000,0.000000,0.000000,0.000000,0.000000,0.000000,0.000000,0.000000,0.000000,0.000000,0.000000,0.000000,0.000000,0.000000,0.000000,0.000000,0.000000,0.000000,0.000000,0.000000,0.000000,0.000000,0.000000,0.000000,0.000000,0.000000,0.000000,355.034091,529.851428,-209.673550,354.788356,537.045981,-193.949932,356.788268,536.989581,-193.951930,358.850938,536.974195,-193.962514,347.811750,536.874870,-195.988213,344.381898,536.623123,-196.033568,340.913477,536.340213,-196.016136,360.533101,532.597801,-97.108858,332.052116,530.642641,-107.031158,359.226979,519.847659,-172.698544,349.873922,519.420425,-175.854081,394.520812,479.476992,-43.520808,308.070972,486.137397,-49.525591,421.029189,423.349822,-23.030398,257.791921,469.391868,-164.690274,431.941414,373.827447,-93.905356,236.305299,506.266959,-387.383932,438.266075,357.122821,-110.366617,225.834286,521.462430,-432.435683,434.083306,357.063017,-135.873509,230.080684,526.293141,-439.407233,430.031533,361.919760,-104.923770,235.975389,520.373891,-397.651625,381.462729,354.261840,-1.042574,329.592372,355.388152,0.894813,387.974430,251.504234,-15.649985,308.177673,260.973816,-3.439531,398.803218,161.633531,113.146409,287.494948,178.566039,132.235850,397.694883,154.567147,119.300392,290.754848,170.130644,140.410054,398.460875,132.150411,2.334488,277.144835,146.636656,33.408534
0.000000,0.000000,0.000000,0.000000,0.000000,0.000000,0.000000,0.000000,0.000000,0.000000,0.000000,0.000000,0.000000,0.000000,0.000000,0.000000,0.000000,0.000000,0.000000,0.000000,0.000000,0.000000,0.000000,0.000000,0.000000,0.000000,0.000000,0.000000,0.000000,0.000000,0.000000,0.000000,0.000000,0.000000,0.000000,0.000000,0.000000,0.000000,0.000000,0.000000,0.000000,0.000000,0.000000,0.000000,0.000000,0.000000,0.000000,0.000000,0.000000,0.000000,0.000000,0.000000,356.555209,530.879626,-201.692038,356.299972,538.055825,-185.964362,358.303103,537.991396,-185.970970,360.354738,537.975920,-185.982582,349.365861,537.932558,-188.068212,345.921543,537.715666,-188.110169,342.412786,537.477787,-188.089831,361.963356,533.592823,-89.403770,333.435873,531.814466,-99.759767,360.680433,520.849634,-164.895178,351.326729,520.442689,-168.131918,395.542879,480.568986,-36.461088,309.191059,487.194282,-41.489117,423.256150,425.759271,-15.065093,259.603365,468.233956,-153.656453,435.472988,377.634954,-86.682218,235.996471,502.272651,-379.409318,442.337890,361.317044,-103.069206,224.777240,516.793811,-424.314812,438.279281,361.083331,-128.630392,228.872984,521.736891,-432.870113,434.132284,365.832709,-97.810366,234.886029,516.012080,-390.410722,382.335844,355.247113,-1.414518,330.437611,356.291693,1.270635,389.010187,252.377129,-16.186631,309.577388,261.679881,-3.176662,400.429897,162.058722,109.949749,289.723656,179.237002,131.691012,399.458940,155.156205,115.809434,293.067265,170.833866,139.731655,399.731000,132.573549,-0.875875,279.980984,147.307586,33.330228
0.000000,0.000000,0.000000,0.000000,0.000000,0.000000,0.000000,0.000000,0.000000,0.000000,0.000000,0.000000,0.000000,0.000000,0.000000,0.000000,0.000000,0.000000,0.000000,0.000000,0.000000,0.000000,0.000000,0.000000,0.000000,0.000000,0.000000,0.000000,0.000000,0.000000,0.000000,0.000000,0.000000,0.000000,0.000000,0.000000,0.000000,0.000000,0.000000,0.000000,0.000000,0.000000,0.000000,0.000000,0.000000,0.000000,0.000000,0.000000,0.000000,0.000000,0.000000,0.000000,358.092643,531.689590,-194.346550,357.822134,538.844395,-178.605489,359.826008,538.774611,-178.616496,361.865347,538.761109,-178.628988,350.924039,538.758092,-180.762831,347.464330,538.570255,-180.801651,343.915746,538.370186,-180.778663,363.389476,534.372545,-82.308158,334.830740,532.739880,-93.024474,362.154845,521.644547,-157.727833,352.802182,521.243109,-161.029432,396.593494,481.451971,-30.079401,310.318698,488.010810,-34.034978,425.444046,428.023730,-8.397680,261.445024,466.969907,-142.631818,438.989518,381.509682,-81.337842,235.829131,498.069675,-370.064257,446.412213,365.673660,-97.789706,223.901427,511.839883,-414.649656,442.479823,365.321772,-123.403607,227.842315,516.852024,-424.770347,438.225736,369.927308,-92.603126,233.963486,511.354447,-381.751358,383.192058,356.057394,-1.772676,331.291208,357.020239,1.633332,390.009741,253.139011,-16.439146,311.016674,262.236591,-2.894860,402.035726,162.465712,107.319789,291.928777,179.801817,131.087783,401.176264,155.722102,112.909675,295.325135,171.437971,138.977785,401.059963,132.984066,-3.518572,282.774340,147.881604,33.092269
0.000000,0.000000,0.000000,0.000000,0.000000,0.000000,0.000000,0.000000,0.000000,0.000000,0.000000,0.000000,0.000000,0.000000,0.000000,0.000000,0.000000,0.000000,0.000000,0.000000,0.000000,0.000000,0.000000,0.000000,0.000000,0.000000,0.000000,0.000000,0.000000,0.000000,0.000000,0.000000,0.000000,0.000000,0.000000,0.000000,0.000000,0.000000,0.000000,0.000000,0.000000,0.000000,0.000000,0.000000,0.000000,0.000000,0.000000,0.000000,0.000000,0.000000,0.000000,0.000000,359.646390,532.281322,-187.637085,359.354842,539.411693,-171.873312,361.356982,539.339228,-171.888509,363.382765,539.329760,-171.901732,352.486281,539.351472,-174.072069,349.010259,539.186892,-174.108014,345.422358,539.017409,-174.082630,364.811462,534.936964,-75.822022,336.236717,533.418884,-86.825279,363.650213,522.232398,-151.196511,354.300282,521.821687,-154.546624,397.672657,482.125949,-24.375748,311.453890,488.586978,-27.163175,427.592878,430.143200,-3.028158,263.316898,465.599722,-131.616369,442.491003,385.451630,-77.872229,235.803282,493.658032,-359.348748,450.489044,370.192669,-94.528116,223.206847,506.600648,-403.440216,446.684933,369.778339,-120.193153,226.988677,511.638538,-415.107935,442.311887,374.203556,-89.302050,233.207761,506.400990,-371.673534,384.031370,356.692684,-2.117047,332.153165,357.573792,1.982905,390.973092,253.789880,-16.407529,312.495529,262.643949,-2.594126,403.620707,162.854501,105.256529,294.110312,180.260482,130.426164,402.846854,156.264840,110.601115,297.528456,171.942961,138.148443,402.447765,133.381961,-5.593604,285.524903,148.358710,32.694655
0.000000,0.000000,0.000000,0.000000,0.000000,0.000000,0.000000,0.000000,0.000000,0.000000,0.000000,0.000000,0.000000,0.000000,0.000000,0.000000,0.000000,0.000000,0.000000,0.000000,0.000000,0.000000,0.000000,0.000000,0.000000,0.000000,0.000000,0.000000,0.000000,0.000000,0.000000,0.000000,0.000000,0.000000,0.000000,0.000000,0.000000,0.000000,0.000000,0.000000,0.000000,0.000000,0.000000,0.000000,0.000000,0.000000,0.000000,0.000000,0.000000,0.000000,0.000000,0.000000,361.216451,532.654820,-181.563644,360.898095,539.757717,-165.767832,362.896026,539.685245,-165.787007,364.906993,539.681875,-165.800814,354.052590,539.712698,-167.995928,350.559331,539.565576,-168.029258,346.932620,539.419455,-168.001734,366.229312,535.286083,-69.945360,337.653805,533.851479,-81.162182,365.166539,522.613187,-145.301211,355.821027,522.178421,-148.683493,398.780369,482.590919,-19.350129,312.596635,488.922788,-20.873707,429.702644,432.117679,1.043473,265.218985,464.123400,-120.610106,445.977444,389.460799,-76.285379,235.918921,489.037720,-347.262791,454.568382,374.874072,-93.284436,222.693499,501.076104,-390.686491,450.894610,374.453032,-118.999030,226.312069,506.096435,-403.882877,446.390739,378.661453,-87.907138,232.618854,501.151711,-360.177250,384.853782,357.152983,-2.447633,333.023479,357.952350,2.319354,391.900240,254.329737,-16.091780,314.013954,262.901952,-2.274459,405.184838,163.225090,103.759969,296.268259,180.612998,129.706155,404.470710,156.784418,108.883753,299.677229,172.348835,137.243630,403.894407,133.767234,-7.100970,288.232674,148.738904,32.137388
0.000000,0.000000,0.000000,0.000000,0.000000,0.000000,0.000000,0.000000,0.000000,0.000000,0.000000,0.000000,0.000000,0.000000,0.000000,0.000000,0.000000,0.000000,0.000000,0.000000,0.000000,0.000000,0.000000,0.000000,0.000000,0.000000,0.000000,0.000000,0.000000,0.000000,0.000000,0.000000,0.000000,0.000000,0.000000,0.000000,0.000000,0.000000,0.000000,0.000000,0.000000,0.000000,0.000000,0.000000,0.000000,0.000000,0.000000,0.000000,0.000000,0.000000,0.000000,0.000000,362.802826,532.810086,-176.126226,362.451894,539.882467,-160.289049,364.443138,539.812663,-160.311992,366.438030,539.817454,-160.326235,355.622963,539.841770,-162.534407,352.111544,539.706308,-162.565383,348.446533,539.576326,-162.535974,367.643029,535.419900,-64.678174,339.082003,534.037663,-76.035182,366.703822,522.786914,-140.041932,357.364420,522.313313,-143.440040,399.916628,482.846881,-15.002543,313.746932,489.018239,-15.166575,431.773346,433.947168,3.817212,267.151288,462.540942,-109.613029,449.448840,393.537188,-76.577292,236.176050,484.208741,-333.806386,458.650227,379.717868,-94.058668,222.361385,495.266253,-376.388482,455.108854,379.345852,-119.821238,225.812492,500.225714,-391.095172,450.462291,383.301000,-88.418390,232.196764,495.606609,-347.262505,385.659291,357.438291,-2.764432,333.902152,358.155914,2.642678,392.791185,254.758580,-15.491899,315.571949,263.010602,-1.935860,406.728121,163.577478,102.830109,298.402621,180.859365,128.927756,406.047832,157.280835,107.757590,301.771455,172.655593,136.263345,405.399886,134.139886,-8.040672,290.897652,149.022185,31.420467
0.000000,0.000000,0.000000,0.000000,0.000000,0.000000,0.000000,0.000000,0.000000,0.000000,0.000000,0.000000,0.000000,0.000000,0.000000,0.000000,0.000000,0.000000,0.000000,0.000000,0.000000,0.000000,0.000000,0.000000,0.000000,0.000000,0.000000,0.000000,0.000000,0.000000,0.000000,0.000000,0.000000,0.000000,0.000000,0.000000,0.000000,0.000000,0.000000,0.000000,0.000000,0.000000,0.000000,0.000000,0.000000,0.000000,0.000000,0.000000,0.000000,0.000000,0.000000,0.000000,364.405515,532.747119,-171.324831,364.016239,539.785945,-155.436963,365.998319,539.721481,-155.463463,367.975877,539.736495,-155.477993,357.197402,539.738688,-157.687506,353.666899,539.609086,-157.716389,349.964097,539.488021,-157.685350,369.052610,535.338416,-60.020463,340.521311,533.977437,-71.444280,368.262061,522.753579,-135.418676,358.930458,522.226362,-138.816263,401.081436,482.893836,-11.332991,314.904782,488.873331,-10.041779,433.804983,435.631667,5.293059,269.113804,460.852348,-98.625138,452.905193,397.680797,-78.747968,236.574669,479.171093,-318.979533,462.734580,384.724057,-96.850810,222.210504,489.171093,-360.546189,459.327667,384.456798,-122.659777,225.489946,494.026375,-376.744822,454.526543,388.122196,-90.835806,231.941492,489.765684,-332.929300,386.447900,357.548607,-3.067445,334.789183,358.184485,2.952877,393.645927,255.076411,-14.607887,317.169513,262.969899,-1.578328,408.250554,163.911666,102.466950,300.513395,180.999582,128.090967,407.578221,157.754093,107.222626,303.811132,172.863236,135.207588,406.964205,134.499917,-8.412707,293.519836,149.208555,30.543891
0.000000,0.000000,0.000000,0.000000,0.000000,0.000000,0.000000,0.000000,0.000000,0.000000,0.000000,0.000000,0.000000,0.000000,0.000000,0.000000,0.000000,0.000000,0.000000,0.000000,0.000000,0.000000,0.000000,0.000000,0.000000,0.000000,0.000000,0.000000,0.000000,0.000000,0.000000,0.000000,0.000000,0.000000,0.000000,0.000000,0.000000,0.000000,0.000000,0.000000,0.000000,0.000000,0.000000,0.000000,0.000000,0.000000,0.000000,0.000000,0.000000,0.000000,0.000000,0.000000,366.024519,532.465919,-167.159460,365.591130,539.468149,-151.211573,367.561570,539.411701,-151.241420,369.520533,539.439000,-151.256089,358.775907,539.403451,-153.455226,355.225396,539.273912,-153.482277,351.485312,539.154539,-153.449862,370.458057,535.041631,-55.972228,341.971729,533.670801,-67.389476,369.841258,522.513182,-131.431441,360.519143,521.917569,-134.812165,402.274793,482.731782,-8.341472,316.070185,488.488065,-5.499317,435.797556,437.171176,5.471015,271.106536,459.057617,-87.646432,456.346501,401.891626,-82.797407,237.114776,473.924778,-302.782231,466.821441,389.892641,-101.660862,222.240856,482.790625,-343.159611,463.551046,389.785870,-127.514648,225.344431,487.498419,-360.831825,458.583496,393.125041,-95.159386,231.853038,483.628936,-317.177634,387.219607,357.483933,-3.356672,335.684573,358.038061,3.249952,394.464466,255.283229,-13.439743,318.806647,262.779842,-1.201864,409.752138,164.227654,102.670491,302.600583,181.033650,127.195787,409.061876,158.204190,107.278860,305.796261,172.971762,134.076360,408.587363,134.847326,-8.217078,296.099228,149.298012,29.507662
0.000000,0.000000,0.000000,0.000000,0.000000,0.000000,0.000000,0.000000,0.000000,0.000000,0.000000,0.000000,0.000000,0.000000,0.000000,0.000000,0.000000,0.000000,0.000000,0.000000,0.000000,0.000000,0.000000,0.000000,0.000000,0.000000,0.000000,0.000000,0.000000,0.000000,0.000000,0.000000,0.000000,0.000000,0.000000,0.000000,0.000000,0.000000,0.000000,0.000000,0.000000,0.000000,0.000000,0.000000,0.000000,0.000000,0.000000,0.000000,0.000000,0.000000,0.000000,0.000000,367.659836,531.966486,-163.630112,367.176566,538.929080,-147.612880,369.132889,538.883321,-147.645864,371.071998,538.924968,-147.660524,360.358477,538.836061,-149.837565,356.787035,538.700785,-149.863045,353.010178,538.575882,-149.829510,371.859369,534.529544,-52.533468,343.433258,533.117754,-63.870769,371.441411,522.065723,-128.080229,362.130474,521.386932,-131.427743,403.496697,482.360721,-6.027987,317.243140,487.862440,-1.539191,437.751063,438.565696,4.351079,273.129481,457.156750,-76.676913,459.772764,406.169676,-88.725609,237.796373,468.469795,-285.214482,470.910808,395.223617,-108.488825,222.452441,476.124848,-324.228749,467.778993,395.333068,-134.385849,225.375946,480.641844,-343.356183,462.633148,398.309535,-101.389129,231.931401,477.196366,-300.007509,387.974413,357.244267,-3.632113,336.588321,357.716642,3.533903,395.246801,255.379035,-11.987468,320.483350,262.440432,-0.806467,411.232874,164.525441,103.440732,304.664185,180.961570,126.242217,410.498797,158.631127,107.926293,307.726842,172.981173,132.869660,410.269359,135.182113,-7.453783,298.635827,149.290558,28.311779
0.000000,0.000000,0.000000,0.000000,0.000000,0.000000,0.000000,0.000000,0.000000,0.000000,0.000000,0.000000,0.000000,0.000000,0.000000,0.000000,0.000000,0.000000,0.000000,0.000000,0.000000,0.000000,0.000000,0.000000,0.000000,0.000000,0.000000,0.000000,0.000000,0.000000,0.000000,0.000000,0.000000,0.000000,0.000000,0.000000,0.000000,0.000000,0.000000,0.000000,0.000000,0.000000,0.000000,0.000000,0.000000,0.000000,0.000000,0.000000,0.000000,0.000000,0.000000,0.000000,369.311467,531.248820,-160.736788,368.772548,538.168738,-144.640883,370.712278,538.136342,-144.676793,372.630273,538.194399,-144.691296,361.945113,538.036516,-146.834524,358.351816,537.889705,-146.858695,354.538695,537.752049,-146.824294,373.256547,533.802155,-49.704183,344.905897,532.318298,-60.888160,373.062522,521.411202,-125.365039,363.764451,520.634453,-128.662999,404.747150,481.780652,-4.392536,318.423648,486.996456,1.838599,439.665506,439.815225,1.933252,275.182641,455.149747,-65.716579,463.183984,410.514946,-96.532574,238.619460,462.806145,-266.276285,475.002684,400.716987,-117.334699,222.845259,469.173764,-303.753602,472.011508,401.098393,-143.273381,225.584492,473.456652,-324.317894,466.675500,403.675678,-109.525037,232.176582,470.467972,-281.418922,388.712317,356.829610,-3.893768,337.500428,357.220230,3.804729,395.992934,255.363827,-10.251061,322.199623,261.951668,-0.392138,412.692760,164.805027,104.777673,306.704199,180.783340,125.230256,411.888984,159.034904,109.164925,309.602875,172.891467,131.587489,412.010194,135.504279,-6.122822,301.129634,149.186191,26.956243
0.000000,0.000000,0.000000,0.000000,0.000000,0.000000,0.000000,0.000000,0.000000,0.000000,0.000000,0.000000,0.000000,0.000000,0.000000,0.000000,0.000000,0.000000,0.000000,0.000000,0.000000,0.000000,0.000000,0.000000,0.000000,0.000000,0.000000,0.000000,0.000000,0.000000,0.000000,0.000000,0.000000,0.000000,0.000000,0.000000,0.000000,0.000000,0.000000,0.000000,0.000000,0.000000,0.000000,0.000000,0.000000,0.000000,0.000000,0.000000,0.000000,0.000000,0.000000,0.000000,370.979413,530.312922,-158.479487,370.379076,537.187123,-142.295584,372.299736,537.170763,-142.334209,374.195357,537.247293,-142.348406,363.535814,537.004817,-144.446104,359.919740,536.840672,-144.469225,356.070863,536.683040,-144.434214,374.649590,532.859466,-47.484374,346.389647,531.272431,-58.441649,374.704589,520.549620,-123.285870,365.421075,519.660130,-126.517932,406.026150,480.991576,-3.435118,319.611708,485.890113,4.634054,441.540883,440.919764,-1.782467,277.266015,453.036607,-54.765431,466.580159,414.927436,-106.218302,239.584035,456.933826,-245.967640,479.097066,406.372750,-128.198483,223.419310,461.937372,-281.734172,476.248590,407.081844,-154.177245,225.970068,465.942842,-303.716960,470.710553,409.223471,-119.567108,232.588580,463.443756,-261.411876,389.433320,356.239961,-4.141637,338.420893,356.548824,4.062431,396.702863,255.237607,-8.230522,323.955466,261.313550,0.041124,414.131797,165.066414,106.681314,308.720628,180.498961,124.159906,413.232438,159.415522,110.994756,311.424360,172.702646,130.229846,413.809868,135.813824,-4.224197,303.580647,148.984912,25.441052
0.000000,0.000000,0.000000,0.000000,0.000000,0.000000,0.000000,0.000000,0.000000,0.000000,0.000000,0.000000,0.000000,0.000000,0.000000,0.000000,0.000000,0.000000,0.000000,0.000000,0.000000,0.000000,0.000000,0.000000,0.000000,0.000000,0.000000,0.000000,0.000000,0.000000,0.000000,0.000000,0.000000,0.000000,0.000000,0.000000,0.000000,0.000000,0.000000,0.000000,0.000000,0.000000,0.000000,0.000000,0.000000,0.000000,0.000000,0.000000,0.000000,0.000000,0.000000,0.000000,372.663673,529.158790,-156.858209,371.996150,535.984234,-140.576981,373.895263,535.986586,-140.618111,375.767250,536.083651,-140.631854,365.130581,535.740964,-142.672304,361.490805,535.553687,-142.694637,357.606682,535.368855,-142.659271,376.038498,531.701475,-45.874039,347.884506,529.980155,-56.531236,376.367614,519.480975,-121.842724,367.100344,518.463965,-124.992543,407.333700,479.993491,-3.155734,320.807322,484.543412,6.847174,443.377196,441.879314,-6.796078,279.379604,450.817331,-43.823469,469.961289,419.407147,-117.782793,240.690100,450.852840,-224.288547,483.193956,412.190907,-141.080177,224.174594,454.415671,-258.170456,480.490240,413.283422,-167.097439,226.532676,458.100414,-281.553379,474.738306,414.952913,-131.515343,233.167396,456.123717,-239.986369,390.137422,355.475322,-4.375720,339.349717,355.702423,4.307008,397.376590,255.000374,-5.925852,325.750879,260.526079,0.493318,415.549986,165.309599,109.151655,310.713469,180.108432,123.031165,414.529158,159.772979,113.415786,313.191297,172.414709,128.796731,415.668381,136.110747,-1.757906,305.988868,148.686721,23.766207
0.000000,0.000000,0.000000,0.000000,0.000000,0.000000,0.000000,0.000000,0.000000,0.000000,0.000000,0.000000,0.000000,0.000000,0.000000,0.000000,0.000000,0.000000,0.000000,0.000000,0.000000,0.000000,0.000000,0.000000,0.000000,0.000000,0.000000,0.000000,0.000000,0.000000,0.000000,0.000000,0.000000,0.000000,0.000000,0.000000,0.000000,0.000000,0.000000,0.000000,0.000000,0.000000,0.000000,0.000000,0.000000,0.000000,0.000000,0.000000,0.000000,0.000000,0.000000,0.000000,374.364246,527.786426,-155.872955,373.623769,534.560072,-139.485074,375.498858,534.583809,-139.528499,377.345953,534.703471,-139.541641,366.729413,534.244957,-141.513124,363.065012,534.028749,-141.534930,359.146152,533.809494,-141.499463,377.423271,530.328183,-44.873180,349.390476,528.441468,-55.156920,378.051595,518.205268,-121.035599,368.802261,517.045957,-124.086830,408.669797,478.786399,-3.554384,322.010487,482.956353,8.477958,445.174445,442.693873,-13.107580,281.523408,448.491918,-32.890693,473.327376,423.954078,-131.226047,241.937655,444.563185,-201.239006,487.293354,418.171458,-155.979783,225.111111,446.608662,-233.062456,484.736457,419.703126,-182.033965,227.272314,449.929368,-257.827152,478.758759,420.864004,-145.369742,233.913030,448.507855,-217.142401,390.824622,354.535691,-4.596017,340.286899,354.681029,4.538460,398.014113,254.652128,-3.337050,327.585861,259.589254,0.964445,416.947325,165.534584,112.188697,312.682724,179.611755,121.844034,415.779145,160.107276,116.428014,314.903686,172.027656,127.288145,417.585733,136.395048,1.276051,308.354296,148.291618,21.931709
0.000000,0.000000,0.000000,0.000000,0.000000,0.000000,0.000000,0.000000,0.000000,0.000000,0.000000,0.000000,0.000000,0.000000,0.000000,0.000000,0.000000,0.000000,0.000000,0.000000,0.000000,0.000000,0.000000,0.000000,0.000000,0.000000,0.000000,0.000000,0.000000,0.000000,0.000000,0.000000,0.000000,0.000000,0.000000,0.000000,0.000000,0.000000,0.000000,0.000000,0.000000,0.000000,0.000000,0.000000,0.000000,0.000000,0.000000,0.000000,0.000000,0.000000,0.000000,0.000000,375.784903,527.069001,-154.223315,375.108009,533.546241,-137.901858,376.973267,533.587781,-137.941208,378.827035,533.718608,-137.953048,368.112681,533.177181,-140.000350,364.412483,532.938342,-140.020807,360.491025,532.706138,-139.986879,378.780552,529.437612,-44.687385,350.888811,527.477833,-55.109543,379.508351,517.679042,-120.003275,370.144778,516.346125,-123.089489,409.836199,478.451033,-3.403592,323.425220,481.976332,7.740163,445.191795,443.620738,-10.649908,283.431204,445.700272,-15.589714,475.129600,427.867265,-123.736706,243.953765,438.886418,-155.843875,489.483075,423.584912,-147.296882,226.727788,439.479328,-183.111743,487.175339,426.024761,-174.342646,228.192458,442.374055,-209.201397,480.909794,426.717491,-138.264001,235.044279,441.356958,-171.497049,391.501002,354.548311,-5.021378,341.170576,354.547034,4.965436,399.006431,254.606148,-3.882146,329.302342,259.146364,2.391066,418.354576,165.394536,110.076585,314.265844,179.523084,122.328791,417.304156,159.950867,114.049704,316.339455,172.012487,127.358165,418.126640,136.183027,-0.717719,309.135865,148.163805,23.879502
0.000000,0.000000,0.000000,0.000000,0.000000,0.000000,0.000000,0.000000,0.000000,0.000000,0.000000,0.000000,0.000000,0.000000,0.000000,0.000000,0.000000,0.000000,0.000000,0.000000,0.000000,0.000000,0.000000,0.000000,0.000000,0.000000,0.000000,0.000000,0.000000,0.000000,0.000000,0.000000,0.000000,0.000000,0.000000,0.000000,0.000000,0.000000,0.000000,0.000000,0.000000,0.000000,0.000000,0.000000,0.000000,0.000000,0.000000,0.000000,0.000000,0.000000,0.000000,0.000000,377.447206,525.431923,-155.937582,376.705281,531.793173,-139.612195,378.536306,531.863157,-139.651010,380.357113,532.024043,-139.661183,369.665106,531.338052,-141.740203,365.931759,531.063285,-141.759856,361.965122,530.790456,-141.727415,380.058919,527.738882,-46.641504,352.338197,525.624716,-57.061191,381.113653,516.205268,-121.899813,371.745501,514.674933,-124.965779,411.250715,477.257820,-6.104905,324.934289,479.945276,5.289605,446.812886,444.318941,-21.496761,285.375036,442.767062,-10.090932,477.933968,432.279299,-142.371387,245.882157,432.740481,-135.529211,492.789733,429.376271,-167.022183,228.552076,432.062409,-160.376185,490.395945,432.245454,-193.604916,229.665244,434.600533,-187.276918,483.947544,432.515830,-157.075068,236.649865,434.037670,-151.075106,392.354532,353.560368,-5.208658,342.216853,353.389483,5.157317,399.943264,254.265045,-3.337851,330.999645,258.087655,2.961835,419.376970,165.315406,110.890278,315.488647,179.105417,122.282499,418.330405,159.921048,114.800308,317.306887,171.764512,127.188399,419.137074,136.225863,-0.209539,310.138470,147.953213,23.811488
0.000000,0.000000,0.000000,0.000000,0.000000,0.000000,0.000000,0.000000,0.000000,0.000000,0.000000,0.000000,0.000000,0.000000,0.000000,0.000000,0.000000,0.000000,0.000000,0.000000,0.000000,0.000000,0.000000,0.000000,0.000000,0.000000,0.000000,0.000000,0.000000,0.000000,0.000000,0.000000,0.000000,0.000000,0.000000,0.000000,0.000000,0.000000,0.000000,0.000000,0.000000,0.000000,0.000000,0.000000,0.000000,0.000000,0.000000,0.000000,0.000000,0.000000,0.000000,0.000000,379.072377,523.775124,-157.444322,378.268958,530.032478,-141.119888,380.065373,530.127273,-141.158181,381.852905,530.313841,-141.166630,371.195543,529.502717,-143.269690,367.433740,529.195869,-143.288543,363.427421,528.885694,-143.257919,381.315389,526.018513,-48.434591,353.774906,523.766851,-58.821074,382.674736,514.694222,-123.598134,373.314283,512.991610,-126.636323,412.613458,476.053745,-8.788108,326.419934,477.917755,3.014973,448.391929,445.008067,-32.280283,287.304247,439.846156,-5.019615,480.490890,436.633300,-160.734175,247.869569,426.753424,-116.765947,495.744803,435.078829,-186.460297,230.470526,424.874629,-139.352692,493.262952,438.324498,-212.489997,231.276778,427.079615,-166.982716,486.672349,438.179108,-175.557537,238.374762,426.946812,-132.199064,393.216939,352.500908,-5.400470,343.250832,352.184194,5.353265,400.848634,253.846948,-2.988124,332.613175,257.014915,3.392849,420.272642,165.197875,111.511940,316.569484,178.675473,122.232546,419.224040,159.833429,115.389996,318.137104,171.505114,127.047206,420.033969,136.247249,0.205165,311.019150,147.755607,23.751058
0.000000,0.000000,0.000000,0.000000,0.000000,0.000000,0.000000,0.000000,0.000000,0.000000,0.000000,0.000000,0.000000,0.000000,0.000000,0.000000,0.000000,0.000000,0.000000,0.000000,0.000000,0.000000,0.000000,0.000000,0.000000,0.000000,0.000000,0.000000,0.000000,0.000000,0.000000,0.000000,0.000000,0.000000,0.000000,0.000000,0.000000,0.000000,0.000000,0.000000,0.000000,0.000000,0.000000,0.000000,0.000000,0.000000,0.000000,0.000000,0.000000,0.000000,0.000000,0.000000,380.660416,522.098605,-158.743536,379.799043,528.264155,-142.424935,381.560468,528.380127,-142.462720,383.314410,528.588004,-142.469389,372.703994,527.671176,-144.588809,368.918426,527.336094,-144.606870,364.877924,526.991853,-144.578391,382.549963,524.276504,-50.066645,355.198939,521.904238,-60.389193,384.191601,513.145904,-125.098237,374.851123,511.296155,-128.101119,413.924426,474.838807,-11.453200,327.882155,475.893769,0.916266,449.928923,445.688116,-43.000474,289.218838,436.937556,-0.375763,482.800368,440.929268,-178.825070,249.916002,420.925247,-99.554083,498.348285,440.692587,-205.611222,232.483139,417.915986,-120.041263,495.776360,444.261891,-230.997890,233.027059,419.811300,-148.318790,489.084210,443.707326,-193.711407,240.218972,420.084384,-114.868924,394.088222,351.369930,-5.596814,344.272513,350.931167,5.553278,401.722542,253.351856,-2.832965,334.142934,255.928143,3.684110,421.041594,165.041943,111.941569,317.508355,178.233250,122.178932,419.985062,159.688009,115.818768,318.830107,171.234294,126.934587,420.817324,136.247185,0.526393,311.777905,147.570988,23.698213
0.000000,0.000000,0.000000,0.000000,0.000000,0.000000,0.000000,0.000000,0.000000,0.000000,0.000000,0.000000,0.000000,0.000000,0.000000,0.000000,0.000000,0.000000,0.000000,0.000000,0.000000,0.000000,0.000000,0.000000,0.000000,0.000000,0.000000,0.000000,0.000000,0.000000,0.000000,0.000000,0.000000,0.000000,0.000000,0.000000,0.000000,0.000000,0.000000,0.000000,0.000000,0.000000,0.000000,0.000000,0.000000,0.000000,0.000000,0.000000,0.000000,0.000000,0.000000,0.000000,382.211322,520.402366,-159.835223,381.295533,526.488204,-143.527338,383.021592,526.621721,-143.564627,384.741629,526.846529,-143.569460,374.190459,525.843430,-145.697561,370.385816,525.483961,-145.714835,366.316629,525.108932,-145.688832,383.762641,522.512857,-51.537667,356.610294,520.036877,-61.765547,385.664247,511.560316,-126.400122,376.356021,509.588569,-129.360169,415.183619,473.613007,-14.100180,329.320952,473.873317,-1.006516,451.423868,446.359089,-53.657334,291.118809,434.041261,3.840625,484.862401,445.167203,-196.644072,252.021454,415.255950,-83.893619,500.600181,446.217545,-224.474959,234.589916,411.186482,-102.441899,497.936167,450.057634,-249.128594,234.916089,412.795589,-131.285141,491.183127,449.100483,-211.536679,242.182492,413.450386,-99.084687,394.968382,350.167434,-5.797691,345.281895,349.630402,5.757358,402.564986,252.779771,-2.872372,335.588922,254.827339,3.835617,421.683825,164.847611,112.179166,318.305260,177.778751,122.121656,420.613470,159.484790,116.086624,319.385896,170.952052,126.850542,421.487141,136.225672,0.754146,312.414737,147.399354,23.652954
0.000000,0.000000,0.000000,0.000000,0.000000,0.000000,0.000000,0.000000,0.000000,0.000000,0.000000,0.000000,0.000000,0.000000,0.000000,0.000000,0.000000,0.000000,0.000000,0.000000,0.000000,0.000000,0.000000,0.000000,0.000000,0.000000,0.000000,0.000000,0.000000,0.000000,0.000000,0.000000,0.000000,0.000000,0.000000,0.000000,0.000000,0.000000,0.000000,0.000000,0.000000,0.000000,0.000000,0.000000,0.000000,0.000000,0.000000,0.000000,0.000000,0.000000,0.000000,0.000000,383.725097,518.686406,-160.719383,382.758430,524.704625,-144.427096,384.448744,524.852053,-144.463902,386.134562,525.089419,-144.466842,375.654937,524.019478,-146.595946,371.835911,523.639469,-146.612440,367.743537,523.236932,-146.589240,384.953423,520.727570,-52.847657,358.008973,518.164768,-62.950137,387.092676,509.937455,-127.503790,377.828978,507.868851,-130.413472,416.391039,472.376345,-16.729050,330.736326,471.856401,-2.753372,452.876764,447.020984,-64.250864,293.004159,431.157271,7.629548,486.676989,449.347105,-214.191182,254.185927,409.745533,-69.784556,502.500488,451.653701,-243.051508,236.790855,404.686116,-86.554598,499.742375,455.711727,-266.882109,236.943867,406.032481,-115.881768,492.969100,454.358580,-229.033352,244.265325,407.044819,-84.846351,395.857419,348.893420,-6.003100,346.278980,348.281899,5.965504,403.375967,252.130692,-3.106348,336.951137,253.712504,3.847371,422.199335,164.614877,112.224731,318.960199,177.311973,122.060719,421.109265,159.223770,116.193563,319.804471,170.658388,126.795070,422.043419,136.182708,0.888424,312.929643,147.240708,23.615278
0.000000,0.000000,0.000000,0.000000,0.000000,0.000000,0.000000,0.000000,0.000000,0.000000,0.000000,0.000000,0.000000,0.000000,0.000000,0.000000,0.000000,0.000000,0.000000,0.000000,0.000000,0.000000,0.000000,0.000000,0.000000,0.000000,0.000000,0.000000,0.000000,0.000000,0.000000,0.000000,0.000000,0.000000,0.000000,0.000000,0.000000,0.000000,0.000000,0.000000,0.000000,0.000000,0.000000,0.000000,0.000000,0.000000,0.000000,0.000000,0.000000,0.000000,0.000000,0.000000,385.201740,516.950726,-161.396017,384.187734,522.913419,-145.124209,385.841924,523.071125,-145.160545,387.493208,523.316672,-145.161535,377.097428,522.199320,-147.283965,373.268711,521.802618,-147.299683,369.158647,521.375852,-147.279616,386.122308,518.920645,-53.996615,359.394975,516.287912,-63.942962,388.476886,508.277323,-128.409240,379.269994,506.137002,-131.261029,417.546684,471.128821,-19.339809,332.128275,469.843019,-4.324302,454.287611,447.673803,-74.781062,294.874889,428.285587,10.991007,488.244133,453.468975,-231.466399,256.409420,404.393996,-57.226893,504.049209,457.001058,-261.340870,239.085958,398.414888,-72.379363,501.194982,461.224171,-284.258436,239.110392,399.521977,-102.108672,494.442129,459.481617,-246.201427,246.467468,400.867682,-72.153918,396.755333,347.547888,-6.213042,347.263767,346.885658,6.177715,404.155486,251.404618,-3.534890,338.229581,252.583637,3.719370,422.588124,164.343744,112.078264,319.473172,176.832918,121.996121,421.472447,158.904950,116.139587,320.085831,170.353301,126.768171,422.486157,136.118295,0.929226,313.322625,147.095047,23.585188
0.000000,0.000000,0.000000,0.000000,0.000000,0.000000,0.000000,0.000000,0.000000,0.000000,0.000000,0.000000,0.000000,0.000000,0.000000,0.000000,0.000000,0.000000,0.000000,0.000000,0.000000,0.000000,0.000000,0.000000,0.000000,0.000000,0.000000,0.000000,0.000000,0.000000,0.000000,0.000000,0.000000,0.000000,0.000000,0.000000,0.000000,0.000000,0.000000,0.000000,0.000000,0.000000,0.000000,0.000000,0.000000,0.000000,0.000000,0.000000,0.000000,0.000000,0.000000,0.000000,386.641251,515.195326,-161.865123,385.583444,521.114585,-145.618677,387.201133,521.278935,-145.654557,388.817568,521.528288,-145.653541,378.517933,520.382956,-147.761616,374.684215,519.973408,-147.776565,370.561961,519.525693,-147.759961,387.269297,517.092080,-54.984540,360.768300,514.406307,-64.744022,389.816878,506.579919,-129.116472,380.679068,504.393021,-131.902838,418.650554,469.870434,-21.932458,333.496801,467.833172,-5.719307,455.656410,448.317544,-85.247929,296.730998,425.426208,13.925001,489.563832,457.532812,-248.469723,258.691933,399.201339,-46.220630,505.246342,462.259614,-279.343043,241.475223,392.372798,-59.916191,502.293990,466.594964,-301.257574,241.415666,393.264076,-89.965852,495.602213,464.469592,-263.040903,248.788924,394.918976,-61.007386,397.662123,346.130838,-6.427516,348.236255,345.441679,6.393993,404.903541,250.601551,-4.158000,339.424254,251.440738,3.451615,422.850193,164.034209,111.739765,319.844179,176.341585,121.927861,421.703015,158.528330,115.924694,320.229977,170.036792,126.769846,422.815357,136.032432,0.876553,313.593683,146.962373,23.562682
0.000000,0.000000,0.000000,0.000000,0.000000,0.000000,0.000000,0.000000,0.000000,0.000000,0.000000,0.000000,0.000000,0.000000,0.000000,0.000000,0.000000,0.000000,0.000000,0.000000,0.000000,0.000000,0.000000,0.000000,0.000000,0.000000,0.000000,0.000000,0.000000,0.000000,0.000000,0.000000,0.000000,0.000000,0.000000,0.000000,0.000000,0.000000,0.000000,0.000000,0.000000,0.000000,0.000000,0.000000,0.000000,0.000000,0.000000,0.000000,0.000000,0.000000,0.000000,0.000000,388.043630,513.420205,-162.126703,386.945560,519.308124,-145.910501,388.526370,519.475485,-145.945937,390.107642,519.724268,-145.942858,379.916451,518.570387,-148.028900,376.082424,518.151839,-148.043086,371.953477,517.686454,-148.030273,388.394390,515.241876,-55.811433,362.128947,512.519954,-65.353318,391.112652,504.845243,-129.625486,382.056200,502.636908,-132.338901,419.702651,468.601186,-24.506995,334.841902,465.826861,-6.938387,456.983160,448.952209,-95.651465,298.572488,422.579134,16.431530,490.636086,461.538615,-265.201155,261.033466,394.167562,-36.765768,506.091887,467.429369,-297.058027,243.958652,386.559847,-49.165084,503.039398,471.824107,-317.879523,243.859687,387.258778,-79.453308,496.449353,469.322508,-279.551780,251.229691,389.198700,-51.406756,398.577790,344.642270,-6.646522,349.196446,343.949961,6.614337,405.620134,249.721490,-4.975677,340.535154,250.283809,3.044106,422.985540,163.686274,111.209233,320.073220,175.837975,121.855940,421.800970,158.093910,115.548886,320.236909,169.708862,126.800095,423.031017,135.925118,0.730404,313.742817,146.842685,23.547762
0.000000,0.000000,0.000000,0.000000,0.000000,0.000000,0.000000,0.000000,0.000000,0.000000,0.000000,0.000000,0.000000,0.000000,0.000000,0.000000,0.000000,0.000000,0.000000,0.000000,0.000000,0.000000,0.000000,0.000000,0.000000,0.000000,0.000000,0.000000,0.000000,0.000000,0.000000,0.000000,0.000000,0.000000,0.000000,0.000000,0.000000,0.000000,0.000000,0.000000,0.000000,0.000000,0.000000,0.000000,0.000000,0.000000,0.000000,0.000000,0.000000,0.000000,0.000000,0.000000,389.408876,511.625365,-162.180756,388.274082,517.494035,-145.999679,389.817635,517.660773,-146.034685,391.363429,517.904612,-146.029487,381.292983,516.761612,-148.085817,377.463338,516.337912,-148.099246,373.333195,515.858136,-148.090553,389.497587,513.370032,-56.477294,363.476919,510.628854,-65.770849,392.364207,503.073296,-129.936283,383.401391,500.868663,-132.569217,420.702973,467.321075,-27.063421,336.163580,463.824084,-7.981541,458.267861,449.577796,-105.991671,300.399356,419.744365,18.510595,491.460896,465.486386,-281.660694,263.434019,389.292664,-28.862306,506.585845,472.510324,-314.485824,246.536244,380.976034,-40.126041,503.431206,476.911600,-334.124284,246.442457,381.506084,-70.571042,496.983549,474.040363,-295.734060,253.789769,383.706854,-43.352029,399.502334,343.082184,-6.870061,350.144338,342.410506,6.838748,406.305264,248.764434,-5.987922,341.562283,249.112847,2.496844,422.994167,163.299938,110.486670,320.160295,175.322087,121.780358,421.766312,157.601690,115.012161,320.106627,169.369509,126.858917,423.133139,135.796355,0.490779,313.770025,146.735984,23.540426
0.000000,0.000000,0.000000,0.000000,0.000000,0.000000,0.000000,0.000000,0.000000,0.000000,0.000000,0.000000,0.000000,0.000000,0.000000,0.000000,0.000000,0.000000,0.000000,0.000000,0.000000,0.000000,0.000000,0.000000,0.000000,0.000000,0.000000,0.000000,0.000000,0.000000,0.000000,0.000000,0.000000,0.000000,0.000000,0.000000,0.000000,0.000000,0.000000,0.000000,0.000000,0.000000,0.000000,0.000000,0.000000,0.000000,0.000000,0.000000,0.000000,0.000000,0.000000,0.000000,390.736991,509.810804,-162.027283,389.569011,515.672317,-145.886213,391.074929,515.834801,-145.920802,392.584930,516.069319,-145.913427,382.647528,514.956631,-147.932367,378.826957,514.531626,-147.945046,374.701117,514.040738,-147.940802,390.578888,511.476550,-56.982123,364.812213,508.733005,-65.996616,393.571545,501.264077,-130.048863,384.714640,499.088287,-132.593787,421.651521,466.030102,-29.601737,337.461834,461.824842,-8.848770,459.510513,450.194307,-116.268545,302.211605,416.921901,20.162195,492.038261,469.376124,-297.848340,265.893593,384.576647,-22.510244,506.728216,477.502478,-331.626433,249.207998,375.621358,-32.799062,503.469415,481.857443,-349.991856,249.163974,376.005993,-63.319051,497.204801,478.623157,-311.587740,256.469159,378.443439,-36.843203,400.435755,341.450580,-7.098132,351.079932,340.823313,7.067224,406.958930,247.730385,-7.194734,342.505641,247.927854,1.809827,422.876072,162.875202,109.572074,320.105404,174.793921,121.701115,421.599040,157.051669,114.314520,319.839130,169.018733,126.946313,423.121722,135.646142,0.157679,313.675310,146.642269,23.540675
0.000000,0.000000,0.000000,0.000000,0.000000,0.000000,0.000000,0.000000,0.000000,0.000000,0.000000,0.000000,0.000000,0.000000,0.000000,0.000000,0.000000,0.000000,0.000000,0.000000,0.000000,0.000000,0.000000,0.000000,0.000000,0.000000,0.000000,0.000000,0.000000,0.000000,0.000000,0.000000,0.000000,0.000000,0.000000,0.000000,0.000000,0.000000,0.000000,0.000000,0.000000,0.000000,0.000000,0.000000,0.000000,0.000000,0.000000,0.000000,0.000000,0.000000,0.000000,0.000000,392.027974,507.976523,-161.666283,390.830347,513.842973,-145.570102,392.298251,513.997568,-145.604287,393.772145,514.218390,-145.594679,383.980087,513.155444,-147.568550,380.173280,512.732981,-147.580484,376.057241,512.234261,-147.581018,391.638292,509.561429,-57.325919,366.134830,506.832409,-66.030618,394.734664,499.417587,-129.963224,385.995948,497.295780,-132.412609,422.548294,464.728267,-32.121941,338.736663,459.829134,-9.540073,460.711116,450.801741,-126.482088,304.009232,414.111743,21.386330,492.368181,473.207829,-313.764093,268.412187,380.019510,-17.709582,506.518999,482.405832,-348.479854,251.973916,370.495822,-27.184148,503.154023,486.661636,-365.482240,252.024240,370.758505,-57.697338,497.113109,483.070891,-327.112822,259.267860,373.408454,-31.880279,401.378052,339.747458,-7.330735,352.003228,339.188381,7.299766,407.581134,246.619341,-8.596114,343.365226,246.728830,0.983057,422.631257,162.412065,108.465446,319.908546,174.253478,121.618210,421.299154,156.443849,113.455963,319.434420,168.656536,127.062282,422.996765,135.474480,-0.268896,313.458670,146.561540,23.548508
0.000000,0.000000,0.000000,0.000000,0.000000,0.000000,0.000000,0.000000,0.000000,0.000000,0.000000,0.000000,0.000000,0.000000,0.000000,0.000000,0.000000,0.000000,0.000000,0.000000,0.000000,0.000000,0.000000,0.000000,0.000000,0.000000,0.000000,0.000000,0.000000,0.000000,0.000000,0.000000,0.000000,0.000000,0.000000,0.000000,0.000000,0.000000,0.000000,0.000000,0.000000,0.000000,0.000000,0.000000,0.000000,0.000000,0.000000,0.000000,0.000000,0.000000,0.000000,0.000000,393.281824,506.122521,-161.097755,392.058088,512.006000,-145.051346,393.487602,512.149073,-145.085140,394.925073,512.351824,-145.073243,385.290659,511.358052,-146.994365,381.502308,510.941978,-147.005561,377.401568,510.438704,-147.011203,392.675800,507.624668,-57.508683,367.444770,504.927064,-65.872855,395.853565,497.533825,-129.679368,387.245314,495.491141,-132.025685,423.393293,463.415570,-34.624035,339.988069,457.836962,-10.055451,461.869671,451.400098,-136.632301,305.792240,411.313890,22.183001,492.450656,476.981501,-329.407954,270.989801,375.621252,-14.460321,505.958195,487.220385,-365.046086,254.833996,365.599423,-23.281298,502.485032,491.324179,-380.595435,255.023253,365.763621,-53.705900,496.708472,487.383565,-342.309306,262.185873,368.601899,-28.463258,402.329226,337.972818,-7.567871,352.914227,337.505712,7.536374,408.171875,245.431303,-10.192061,344.141040,245.515773,0.016533,422.259721,161.910527,107.166785,319.569723,173.700757,121.531643,420.866656,155.778228,112.436490,318.892495,168.282917,127.206824,422.758270,135.281367,-0.788947,313.120105,146.493798,23.563927
0.000000,0.000000,0.000000,0.000000,0.000000,0.000000,0.000000,0.000000,0.000000,0.000000,0.000000,0.000000,0.000000,0.000000,0.000000,0.000000,0.000000,0.000000,0.000000,0.000000,0.000000,0.000000,0.000000,0.000000,0.000000,0.000000,0.000000,0.000000,0.000000,0.000000,0.000000,0.000000,0.000000,0.000000,0.000000,0.000000,0.000000,0.000000,0.000000,0.000000,0.000000,0.000000,0.000000,0.000000,0.000000,0.000000,0.000000,0.000000,0.000000,0.000000,0.000000,0.000000,394.498543,504.248799,-160.321702,393.252236,510.161400,-144.329946,394.642980,510.289318,-144.363361,396.043714,510.469622,-144.349118,386.579245,509.564454,-146.209814,382.814040,509.158615,-146.220276,378.734098,508.654067,-146.231356,393.691412,505.666268,-57.530414,368.742034,503.016971,-65.523327,396.928248,495.612791,-129.197294,388.462738,493.674370,-131.433014,424.186518,462.092010,-37.108017,341.216051,455.848325,-10.394904,462.986177,451.989377,-146.719182,307.560627,408.528342,22.552207,492.285687,480.697140,-344.779922,273.626435,371.381875,-12.762460,505.045803,491.946138,-381.325131,257.788240,360.932162,-21.090512,501.462441,495.845072,-395.331441,258.161015,361.021341,-51.344740,495.990892,491.561178,-357.177191,265.223198,364.023775,-26.592138,403.289277,336.126661,-7.809539,353.812927,335.775304,7.777049,408.731153,244.166272,-11.982575,344.833082,244.288686,-1.089746,421.761464,161.370588,105.676093,319.088934,173.135758,121.441416,420.301544,155.054807,111.256101,318.213356,167.897875,127.379940,422.406235,135.066804,-1.402474,312.659616,146.439041,23.586930
0.000000,0.000000,0.000000,0.000000,0.000000,0.000000,0.000000,0.000000,0.000000,0.000000,0.000000,0.000000,0.000000,0.000000,0.000000,0.000000,0.000000,0.000000,0.000000,0.000000,0.000000,0.000000,0.000000,0.000000,0.000000,0.000000,0.000000,0.000000,0.000000,0.000000,0.000000,0.000000,0.000000,0.000000,0.000000,0.000000,0.000000,0.000000,0.000000,0.000000,0.000000,0.000000,0.000000,0.000000,0.000000,0.000000,0.000000,0.000000,0.000000,0.000000,0.000000,0.000000,395.678129,502.355357,-159.338121,394.412791,508.309172,-143.405900,395.764388,508.418302,-143.438950,397.128070,508.571784,-143.422305,387.845844,507.774650,-145.214896,384.108477,507.382894,-145.224631,380.054831,506.880352,-145.241476,394.685128,503.686229,-57.391114,370.026620,501.102131,-64.982035,397.958712,493.654486,-128.517003,389.648221,491.845468,-130.634596,424.927969,460.757588,-39.573889,342.420609,453.863222,-10.558431,464.060634,452.569580,-156.742732,309.314394,405.755100,22.493949,491.873273,484.354747,-359.879997,276.322089,367.301377,-12.615999,503.781824,496.583091,-397.316987,260.836647,356.494040,-20.611791,500.086250,500.224315,-409.690259,261.437524,356.531663,-50.613855,494.960367,495.603731,-371.716478,268.379834,359.674081,-26.266920,404.258205,334.208985,-8.055740,354.699328,333.997159,8.021789,409.258968,242.824246,-13.967656,345.441353,243.047567,-2.335778,421.136486,160.792249,103.993368,318.466179,172.558482,121.347527,419.603818,154.273586,109.914795,317.397002,167.501411,127.581630,421.940662,134.830792,-2.109476,312.077203,146.397272,23.617518
0.000000,0.000000,0.000000,0.000000,0.000000,0.000000,0.000000,0.000000,0.000000,0.000000,0.000000,0.000000,0.000000,0.000000,0.000000,0.000000,0.000000,0.000000,0.000000,0.000000,0.000000,0.000000,0.000000,0.000000,0.000000,0.000000,0.000000,0.000000,0.000000,0.000000,0.000000,0.000000,0.000000,0.000000,0.000000,0.000000,0.000000,0.000000,0.000000,0.000000,0.000000,0.000000,0.000000,0.000000,0.000000,0.000000,0.000000,0.000000,0.000000,0.000000,0.000000,0.000000,396.820584,500.442195,-158.147014,395.539752,506.449317,-142.279210,396.851823,506.536025,-142.311908,398.178139,506.658309,-142.292804,389.090456,505.988640,-144.009611,385.385619,505.614815,-144.018625,381.363766,505.117556,-144.041565,395.656947,501.684551,-57.090781,371.298530,499.182543,-64.248979,398.944959,491.658909,-127.638494,390.801763,490.004434,-129.630432,425.617645,459.412304,-42.021650,343.601743,451.881654,-10.546032,465.093042,453.140706,-166.702952,311.053540,402.994162,22.008226,491.213414,487.954320,-374.708180,279.076764,363.379760,-14.020938,502.166257,501.131242,-413.021656,263.979217,352.285056,-21.845134,498.356459,504.461908,-423.671888,264.852782,352.294590,-51.513247,493.616898,499.511223,-385.927166,271.655782,355.552818,-27.487604,405.236009,332.219791,-8.306473,355.573432,332.171275,8.270596,409.755320,241.405226,-16.147305,345.965852,241.792416,-3.721564,420.384788,160.175509,102.118612,317.701458,171.968928,121.249977,418.773480,153.434566,108.412574,316.443435,167.093525,127.811893,421.361549,134.573329,-2.909953,311.372865,146.368488,23.655691
0.000000,0.000000,0.000000,0.000000,0.000000,0.000000,0.000000,0.000000,0.000000,0.000000,0.000000,0.000000,0.000000,0.000000,0.000000,0.000000,0.000000,0.000000,0.000000,0.000000,0.000000,0.000000,0.000000,0.000000,0.000000,0.000000,0.000000,0.000000,0.000000,0.000000,0.000000,0.000000,0.000000,0.000000,0.000000,0.000000,0.000000,0.000000,0.000000,0.000000,0.000000,0.000000,0.000000,0.000000,0.000000,0.000000,0.000000,0.000000,0.000000,0.000000,0.000000,0.000000,397.306822,499.501484,-152.774972,396.126302,505.490571,-137.242944,397.458940,505.519137,-137.276036,398.803861,505.568160,-137.255664,389.723592,505.146032,-138.398193,386.071531,504.809921,-138.407696,382.245242,504.353699,-138.437940,396.663833,500.623637,-54.497737,372.738324,498.359372,-59.029543,399.438391,490.581305,-123.144547,391.429841,489.163744,-124.423940,426.064975,458.798525,-39.788926,344.611043,451.000348,-5.706893,465.559455,454.245978,-158.587120,312.858473,400.670117,30.704471,490.261232,491.506846,-356.347438,281.223367,359.492002,-5.633497,500.258171,505.465124,-393.388385,266.199360,347.981784,-12.998722,496.661267,508.691948,-403.462504,267.288259,347.971342,-42.934566,492.164056,503.342471,-367.039730,273.836614,351.299231,-19.168201,405.863595,330.840405,-8.522585,356.167681,331.193693,8.482935,409.939291,240.204785,-16.403954,346.248358,241.029529,-4.781726,419.985950,160.018029,101.717391,317.770438,171.644893,122.240171,418.295042,153.042269,109.256515,316.412151,166.775515,129.148552,421.466949,134.554692,1.082508,311.963527,146.262027,26.722009
0.000000,0.000000,0.000000,0.000000,0.000000,0.000000,0.000000,0.000000,0.000000,0.000000,0.000000,0.000000,0.000000,0.000000,0.000000,0.000000,0.000000,0.000000,0.000000,0.000000,0.000000,0.000000,0.000000,0.000000,0.000000,0.000000,0.000000,0.000000,0.000000,0.000000,0.000000,0.000000,0.000000,0.000000,0.000000,0.000000,0.000000,0.000000,0.000000,0.000000,0.000000,0.000000,0.000000,0.000000,0.000000,0.000000,0.000000,0.000000,0.000000,0.000000,0.000000,0.000000,398.152729,498.334557,-151.043076,397.090866,504.292430,-135.604050,398.454911,504.306783,-135.636571,399.829240,504.333259,-135.614537,390.636034,504.012408,-136.631807,387.002559,503.706701,-136.640921,383.222894,503.279562,-136.674727,397.851240,499.439700,-53.281673,373.893315,497.239748,-57.179192,400.293015,489.270533,-121.543783,392.259275,488.022939,-122.655778,426.749552,457.918218,-39.680040,345.653676,449.917690,-3.793081,465.936766,455.102228,-164.124962,314.725704,398.869256,34.905042,489.424887,494.802447,-364.576162,283.849494,356.479596,0.476944,498.529013,509.404763,-402.112787,269.183280,344.653386,-6.428323,494.919200,512.477900,-411.002795,270.430901,344.581086,-36.098287,490.653497,506.822408,-374.799962,276.800846,348.021580,-12.797391,406.630940,329.472075,-8.768193,356.922788,329.992107,8.728273,410.245117,239.152708,-16.664831,346.334033,240.110352,-4.906870,419.563387,159.632367,101.423476,317.426893,171.341850,122.907550,417.842531,152.501591,109.343496,316.080244,166.565044,129.986629,421.323407,134.433668,2.062689,311.674891,146.207843,27.509905
0.000000,0.000000,0.000000,0.000000,0.000000,0.000000,0.000000,0.000000,0.000000,0.000000,0.000000,0.000000,0.000000,0.000000,0.000000,0.000000,0.000000,0.000000,0.000000,0.000000,0.000000,0.000000,0.000000,0.000000,0.000000,0.000000,0.000000,0.000000,0.000000,0.000000,0.000000,0.000000,0.000000,0.000000,0.000000,0.000000,0.000000,0.000000,0.000000,0.000000,0.000000,0.000000,0.000000,0.000000,0.000000,0.000000,0.000000,0.000000,0.000000,0.000000,0.000000,0.000000,398.977312,497.481127,-148.942661,398.030098,503.390254,-133.571322,399.423828,503.389830,-133.603156,400.825708,503.393920,-133.579637,391.526068,503.171800,-134.505770,387.912298,502.894830,-134.514549,384.176134,502.496201,-134.551234,398.989572,498.539869,-51.645760,375.006611,496.413951,-55.068407,401.127718,488.284316,-119.570691,393.066617,487.200358,-120.560213,427.395708,457.309219,-39.127933,346.653089,449.111092,-1.758078,466.297830,456.236186,-168.406531,316.526956,397.356092,38.943171,488.785260,498.084829,-370.880682,286.409222,353.849135,6.348811,497.127319,513.216295,-408.838357,272.100333,341.705311,-0.158074,493.527002,516.142105,-416.737644,273.499545,341.573642,-29.567397,489.458200,510.229647,-380.719459,279.699897,345.119899,-6.680080,407.331196,328.379530,-9.010835,357.618365,329.064538,8.970486,410.510717,238.295103,-16.972237,346.365340,239.376162,-5.070127,419.188717,159.331556,101.135855,317.137870,171.123813,123.404250,417.436832,152.060293,109.373384,315.819005,166.423376,130.629324,421.206580,134.332097,2.817788,311.429299,146.165393,28.099349
0.000000,0.000000,0.000000,0.000000,0.000000,0.000000,0.000000,0.000000,0.000000,0.000000,0.000000,0.000000,0.000000,0.000000,0.000000,0.000000,0.000000,0.000000,0.000000,0.000000,0.000000,0.000000,0.000000,0.000000,0.000000,0.000000,0.000000,0.000000,0.000000,0.000000,0.000000,0.000000,0.000000,0.000000,0.000000,0.000000,0.000000,0.000000,0.000000,0.000000,0.000000,0.000000,0.000000,0.000000,0.000000,0.000000,0.000000,0.000000,0.000000,0.000000,0.000000,0.000000,399.780569,496.941195,-146.473726,398.943999,502.784044,-131.144760,400.365690,502.768278,-131.175791,401.793264,502.750141,-131.150965,392.393694,502.624211,-132.020080,388.800749,502.374307,-132.028579,385.104961,502.003616,-132.067461,400.078831,497.924145,-49.590000,376.078214,495.881982,-52.697188,401.942500,487.622654,-117.225270,393.851865,486.696002,-118.137244,428.003441,456.971529,-38.132603,347.609280,448.580553,0.398116,466.642645,457.647854,-171.431826,318.262229,396.130624,42.818860,488.342352,501.353990,-375.260998,288.902553,351.600621,11.982102,496.053088,516.899720,-413.565096,274.950521,339.137560,5.812025,492.484672,519.684563,-420.667053,276.494190,338.949009,-23.341898,488.578163,513.564188,-384.798222,282.533767,342.594189,-0.816268,407.964360,327.562768,-9.250512,358.254411,328.410984,9.209573,410.736092,237.631969,-17.326174,346.342280,238.826956,-5.271498,418.861941,159.115598,100.854528,316.903368,170.990783,123.730271,417.077948,151.718376,109.346179,315.628435,166.350511,131.076635,421.116467,134.249979,3.347804,311.226750,146.134677,28.490341
0.000000,0.000000,0.000000,0.000000,0.000000,0.000000,0.000000,0.000000,0.000000,0.000000,0.000000,0.000000,0.000000,0.000000,0.000000,0.000000,0.000000,0.000000,0.000000,0.000000,0.000000,0.000000,0.000000,0.000000,0.000000,0.000000,0.000000,0.000000,0.000000,0.000000,0.000000,0.000000,0.000000,0.000000,0.000000,0.000000,0.000000,0.000000,0.000000,0.000000,0.000000,0.000000,0.000000,0.000000,0.000000,0.000000,0.000000,0.000000,0.000000,0.000000,0.000000,0.000000,400.562502,496.714760,-143.636273,399.832567,502.473799,-128.324364,401.280498,502.442127,-128.354476,402.731909,502.401923,-128.328519,393.238910,502.369638,-129.174739,389.667911,502.145133,-129.183011,386.009376,501.801807,-129.223408,401.119016,497.592527,-47.114392,377.108123,495.643842,-50.065535,402.737361,487.285547,-114.507521,394.615020,486.509871,-115.386871,428.572753,456.905147,-36.694052,348.522250,448.326074,2.675500,466.971212,459.337230,-173.200848,319.931524,395.192853,46.532107,488.096162,504.609932,-377.717111,291.329485,349.734052,17.376818,495.306319,520.455036,-416.293004,277.733843,336.950133,11.481975,491.792210,523.105273,-422.791020,279.414836,336.707186,-17.421790,488.013388,516.826031,-387.036249,285.302456,340.444449,4.794045,408.530435,327.021791,-9.487223,358.830927,328.031447,9.445534,410.921240,237.163306,-17.726639,346.264852,238.462736,-5.510983,418.583057,158.984492,100.579495,316.723388,170.942759,123.885613,416.765877,151.475840,109.261881,315.508533,166.346448,131.328564,421.053069,134.187314,3.652739,311.067245,146.115694,28.682882
0.000000,0.000000,0.000000,0.000000,0.000000,0.000000,0.000000,0.000000,0.000000,0.000000,0.000000,0.000000,0.000000,0.000000,0.000000,0.000000,0.000000,0.000000,0.000000,0.000000,0.000000,0.000000,0.000000,0.000000,0.000000,0.000000,0.000000,0.000000,0.000000,0.000000,0.000000,0.000000,0.000000,0.000000,0.000000,0.000000,0.000000,0.000000,0.000000,0.000000,0.000000,0.000000,0.000000,0.000000,0.000000,0.000000,0.000000,0.000000,0.000000,0.000000,0.000000,0.000000,401.323110,496.801822,-140.430300,400.695803,502.459520,-125.110133,402.168252,502.411376,-125.139211,403.641642,502.349266,-125.112301,394.061718,502.408082,-125.969746,390.513784,502.207307,-125.977845,386.889378,501.890773,-126.019076,402.110127,497.545016,-44.218936,378.096338,495.699529,-47.173448,403.512301,487.272995,-111.417442,395.356082,486.641965,-112.309094,429.103642,457.110074,-34.812278,349.391998,448.347654,5.074075,467.283531,461.304316,-173.713597,321.534840,394.542779,50.082912,488.046690,507.852654,-378.249020,293.690019,348.249430,22.532959,494.887014,523.882245,-417.022081,280.450299,335.143028,16.851775,491.449617,526.404235,-423.109546,282.261484,334.848175,-11.807071,487.763874,520.015176,-387.433541,288.005963,338.670679,10.150859,409.029419,326.756598,-9.720969,359.347912,327.925926,9.678369,411.066163,236.889114,-18.173634,346.133056,238.283502,-5.788581,418.352066,158.938237,100.310757,316.597929,170.979741,123.870277,416.500619,151.332685,109.120489,315.459300,166.411187,131.385110,421.016386,134.144101,3.732591,310.950784,146.108445,28.676971
0.000000,0.000000,0.000000,0.000000,0.000000,0.000000,0.000000,0.000000,0.000000,0.000000,0.000000,0.000000,0.000000,0.000000,0.000000,0.000000,0.000000,0.000000,0.000000,0.000000,0.000000,0.000000,0.000000,0.000000,0.000000,0.000000,0.000000,0.000000,0.000000,0.000000,0.000000,0.000000,0.000000,0.000000,0.000000,0.000000,0.000000,0.000000,0.000000,0.000000,0.000000,0.000000,0.000000,0.000000,0.000000,0.000000,0.000000,0.000000,0.000000,0.000000,0.000000,0.000000,402.062393,497.202381,-136.855808,401.533707,502.741207,-121.502068,403.028951,502.676026,-121.529996,404.522463,502.592171,-121.502310,394.862117,502.739544,-122.405101,391.338369,502.560829,-122.413081,387.744968,502.270514,-122.454464,403.052164,497.781611,-40.903632,379.042860,496.049044,-44.020927,404.267321,487.584998,-107.955035,396.075051,487.092284,-108.903914,429.596110,457.586309,-32.487283,350.218526,448.645293,7.593840,467.579603,463.549110,-172.970073,323.072177,394.180402,53.471276,488.193936,511.082156,-376.856726,295.984156,347.146753,27.450525,494.795171,527.181347,-415.752327,283.099890,333.716248,21.921426,491.456892,529.581451,-421.622632,285.034133,333.371974,-6.497743,487.829621,523.131624,-385.990098,290.644290,337.272879,15.254173,409.461312,326.767190,-9.951749,359.805368,328.094421,9.908079,411.170859,236.809393,-18.667159,345.946893,238.289253,-6.104293,418.168969,158.976835,100.048313,316.526991,171.101730,123.684262,416.282176,151.288910,108.922004,315.480735,166.544728,131.246274,421.006416,134.120342,3.587361,310.877367,146.112930,28.472608
0.000000,0.000000,0.000000,0.000000,0.000000,0.000000,0.000000,0.000000,0.000000,0.000000,0.000000,0.000000,0.000000,0.000000,0.000000,0.000000,0.000000,0.000000,0.000000,0.000000,0.000000,0.000000,0.000000,0.000000,0.000000,0.000000,0.000000,0.000000,0.000000,0.000000,0.000000,0.000000,0.000000,0.000000,0.000000,0.000000,0.000000,0.000000,0.000000,0.000000,0.000000,0.000000,0.000000,0.000000,0.000000,0.000000,0.000000,0.000000,0.000000,0.000000,0.000000,0.000000,402.780351,497.916438,-132.912797,402.346279,503.318860,-117.500169,403.862596,503.236077,-117.526831,405.374373,503.130636,-117.498545,395.640107,503.364023,-118.480804,392.141666,503.205700,-118.488719,388.576145,502.941032,-118.529572,403.945127,498.302313,-37.168480,379.947687,496.692386,-40.607972,405.002419,488.221556,-104.120299,396.771927,487.860829,-105.171330,430.050156,458.333853,-29.719066,351.001832,449.218992,10.234796,467.859426,466.071613,-170.970276,324.543535,394.105721,56.697198,488.537901,514.298439,-373.540228,298.211894,346.426022,32.129516,495.030792,530.352341,-412.483741,285.682614,332.669791,26.690927,491.814036,532.636918,-418.330276,287.732784,332.278584,-1.493805,488.210629,526.175373,-382.705921,293.217435,336.251050,20.103987,409.826116,327.053565,-10.179564,360.203292,328.536931,10.134663,411.235330,236.924143,-19.207213,345.706361,238.479990,-6.458119,418.033764,159.100284,99.792163,316.510574,171.308725,123.327568,416.110546,151.344517,108.666426,315.572840,166.747072,130.912054,421.023162,134.116035,3.217049,310.846994,146.129148,28.069794
0.000000,0.000000,0.000000,0.000000,0.000000,0.000000,0.000000,0.000000,0.000000,0.000000,0.000000,0.000000,0.000000,0.000000,0.000000,0.000000,0.000000,0.000000,0.000000,0.000000,0.000000,0.000000,0.000000,0.000000,0.000000,0.000000,0.000000,0.000000,0.000000,0.000000,0.000000,0.000000,0.000000,0.000000,0.000000,0.000000,0.000000,0.000000,0.000000,0.000000,0.000000,0.000000,0.000000,0.000000,0.000000,0.000000,0.000000,0.000000,0.000000,0.000000,0.000000,0.000000,403.476984,498.943992,-128.601267,403.133518,504.192478,-113.104435,404.669186,504.091528,-113.129716,406.197372,503.964662,-113.101008,396.395689,504.281519,-114.196856,392.923673,504.141920,-114.204760,389.382910,503.902325,-114.244400,404.789016,499.107121,-33.013480,380.810821,497.629557,-36.934582,405.717596,489.182668,-99.913235,397.446710,488.947598,-101.111342,430.465780,459.352705,-26.507627,351.741917,450.068750,12.996943,468.123002,468.871824,-167.714206,325.948914,394.318738,59.760679,489.078585,517.501501,-368.299526,300.373234,346.087237,36.569931,495.593876,533.395227,-407.216325,288.198473,332.003657,31.160278,492.521048,535.570639,-413.232479,290.357437,331.568005,3.204743,488.906898,529.146425,-377.581008,295.725399,335.605191,24.700303,410.123828,327.615725,-10.404414,360.541687,329.253458,10.358121,411.259575,237.233364,-19.793797,345.411462,238.855712,-6.850059,417.946453,159.308586,99.542307,316.548679,171.600727,122.800195,415.985729,151.499504,108.353754,315.735612,167.018218,130.382452,421.066622,134.131182,2.621654,310.859665,146.157101,27.468527
0.000000,0.000000,0.000000,0.000000,0.000000,0.000000,0.000000,0.000000,0.000000,0.000000,0.000000,0.000000,0.000000,0.000000,0.000000,0.000000,0.000000,0.000000,0.000000,0.000000,0.000000,0.000000,0.000000,0.000000,0.000000,0.000000,0.000000,0.000000,0.000000,0.000000,0.000000,0.000000,0.000000,0.000000,0.000000,0.000000,0.000000,0.000000,0.000000,0.000000,0.000000,0.000000,0.000000,0.000000,0.000000,0.000000,0.000000,0.000000,0.000000,0.000000,0.000000,0.000000,404.152293,500.285043,-123.921218,403.895426,505.362061,-108.314867,405.448722,505.242380,-108.338651,406.991459,505.094249,-108.309699,397.128862,505.492033,-109.553255,393.684393,505.369487,-109.561202,390.165262,505.154394,-109.598949,405.583831,500.196036,-28.438633,381.632261,498.860556,-33.000759,406.412853,490.468336,-95.333842,398.099400,490.352592,-96.723950,430.842982,460.642866,-22.852966,352.438780,451.194567,15.880280,468.370329,471.949745,-163.201862,327.288314,394.819450,62.661718,489.815986,520.691344,-361.134621,302.468176,346.130398,40.771772,496.484422,536.310005,-399.950078,290.647466,331.717847,35.329479,493.577928,538.382612,-406.329242,292.908091,331.240237,7.597900,489.918428,532.044779,-370.615360,298.168182,335.335302,29.043119,410.354451,328.453670,-10.626297,360.820551,330.244002,10.578453,411.243594,237.737056,-20.426910,345.062196,239.416419,-7.280112,417.907035,159.601739,99.298745,316.641305,171.977735,122.102143,415.907726,151.753872,107.983990,315.969054,167.358167,129.657467,421.136796,134.165781,1.801178,310.915379,146.196787,26.668809
0.000000,0.000000,0.000000,0.000000,0.000000,0.000000,0.000000,0.000000,0.000000,0.000000,0.000000,0.000000,0.000000,0.000000,0.000000,0.000000,0.000000,0.000000,0.000000,0.000000,0.000000,0.000000,0.000000,0.000000,0.000000,0.000000,0.000000,0.000000,0.000000,0.000000,0.000000,0.000000,0.000000,0.000000,0.000000,0.000000,0.000000,0.000000,0.000000,0.000000,0.000000,0.000000,0.000000,0.000000,0.000000,0.000000,0.000000,0.000000,0.000000,0.000000,0.000000,0.000000,404.806276,501.939592,-118.872649,404.632002,506.827610,-103.131465,406.201204,506.688633,-103.153636,407.756634,506.519398,-103.124616,397.839626,506.995564,-104.550003,394.423823,506.888404,-104.558047,390.923202,506.697239,-104.593217,406.329572,501.569057,-23.443937,382.412008,500.385382,-28.806501,407.088189,492.078559,-90.382120,398.729996,492.075811,-92.009155,431.181762,462.204336,-18.755083,353.092423,452.596443,18.884808,468.601409,475.305374,-157.433246,328.561735,395.607860,65.400316,490.750106,523.867966,-352.045512,304.496720,346.555504,44.735037,497.702432,539.096676,-390.684999,293.029592,331.812361,39.198531,494.984677,541.072837,-397.620563,295.384746,331.295280,11.685667,491.245220,534.870435,-361.808977,300.545784,335.441383,33.132435,410.517982,329.567398,-10.845216,361.039885,331.508561,10.795660,411.187387,238.435220,-21.106552,344.658561,240.162112,-7.748279,417.915509,159.979744,99.061478,316.788452,172.439749,121.233413,415.876537,152.107621,107.557132,316.273164,167.766918,128.737099,421.233686,134.219833,0.755619,311.014138,146.248207,25.670640
0.000000,0.000000,0.000000,0.000000,0.000000,0.000000,0.000000,0.000000,0.000000,0.000000,0.000000,0.000000,0.000000,0.000000,0.000000,0.000000,0.000000,0.000000,0.000000,0.000000,0.000000,0.000000,0.000000,0.000000,0.000000,0.000000,0.000000,0.000000,0.000000,0.000000,0.000000,0.000000,0.000000,0.000000,0.000000,0.000000,0.000000,0.000000,0.000000,0.000000,0.000000,0.000000,0.000000,0.000000,0.000000,0.000000,0.000000,0.000000,0.000000,0.000000,0.000000,0.000000,405.438935,503.907637,-113.455562,405.343246,508.589125,-97.554228,406.926631,508.430286,-97.574671,408.492898,508.240107,-97.545760,398.527982,508.792111,-99.187098,395.141965,508.698668,-99.195293,391.656730,508.530859,-99.227206,407.026240,503.226185,-18.029394,383.150061,502.204036,-24.351809,407.743603,494.013336,-85.058069,399.338500,494.117255,-86.966956,431.482121,464.037114,-14.213979,353.702844,454.274379,22.010526,468.816241,478.938712,-150.408356,329.769178,396.683966,67.976473,491.880945,527.031369,-341.032200,306.458866,347.362557,48.459727,499.247905,541.755240,-379.421089,295.344854,332.287198,42.767434,496.741294,543.641315,-387.106443,297.787403,331.733134,15.468044,492.887272,537.623394,-351.161859,302.858205,335.923434,36.968253,410.614424,330.956911,-11.061169,361.199688,333.047136,11.009740,411.090954,239.327854,-21.832724,344.200559,241.092791,-8.254560,417.971877,160.442602,98.830505,316.990121,172.986770,120.194004,415.892161,152.560751,107.073180,316.647942,168.244472,127.621349,421.357289,134.293338,-0.515022,311.155940,146.311360,24.474019
0.000000,0.000000,0.000000,0.000000,0.000000,0.000000,0.000000,0.000000,0.000000,0.000000,0.000000,0.000000,0.000000,0.000000,0.000000,0.000000,0.000000,0.000000,0.000000,0.000000,0.000000,0.000000,0.000000,0.000000,0.000000,0.000000,0.000000,0.000000,0.000000,0.000000,0.000000,0.000000,0.000000,0.000000,0.000000,0.000000,0.000000,0.000000,0.000000,0.000000,0.000000,0.000000,0.000000,0.000000,0.000000,0.000000,0.000000,0.000000,0.000000,0.000000,0.000000,0.000000,406.050269,506.189181,-107.669955,406.029157,510.646606,-91.583157,407.625004,510.467340,-91.601756,409.200251,510.256377,-91.573131,399.193929,510.881677,-93.464542,395.838819,510.800281,-93.472942,392.365845,510.655255,-93.500916,407.673833,505.167419,-12.195003,383.846419,504.316518,-19.636684,408.379097,496.272669,-79.361690,399.924911,496.476924,-81.597353,431.744057,466.141200,-9.229652,354.270044,456.228374,25.257435,469.014824,482.849759,-142.127194,330.910641,398.047769,70.390188,493.208502,530.181553,-328.094684,308.354614,348.551555,51.945842,501.120841,544.285695,-366.158349,297.593249,333.142359,46.036186,498.847780,546.088046,-374.786882,300.116062,332.553798,18.945031,494.844586,540.303654,-338.674007,305.105445,336.781456,40.550571,410.643775,332.622208,-11.274156,361.299961,334.859727,11.220695,410.954295,240.414959,-22.605426,343.688189,242.208455,-8.798955,418.076138,160.990311,98.605826,317.246311,173.618797,118.983916,415.954599,153.113262,106.532136,317.093390,168.790827,126.310215,421.507607,134.386296,-2.010745,311.340786,146.386248,23.078946
0.000000,0.000000,0.000000,0.000000,0.000000,0.000000,0.000000,0.000000,0.000000,0.000000,0.000000,0.000000,0.000000,0.000000,0.000000,0.000000,0.000000,0.000000,0.000000,0.000000,0.000000,0.000000,0.000000,0.000000,0.000000,0.000000,0.000000,0.000000,0.000000,0.000000,0.000000,0.000000,0.000000,0.000000,0.000000,0.000000,0.000000,0.000000,0.000000,0.000000,0.000000,0.000000,0.000000,0.000000,0.000000,0.000000,0.000000,0.000000,0.000000,0.000000,0.000000,0.000000,406.640278,508.784221,-101.515830,406.689737,513.000052,-85.218252,408.296322,512.799795,-85.234891,409.878691,512.568208,-85.206730,399.837467,513.264259,-87.382334,396.514384,513.193243,-87.390993,393.050548,513.070427,-87.414345,408.272353,507.392760,-5.940763,384.501085,506.722828,-14.661124,408.994670,498.856557,-73.292982,400.489228,499.154818,-75.900347,431.967571,468.516595,-3.802103,354.794022,458.458429,28.625534,469.197160,487.038515,-132.589758,331.986126,399.699269,72.641461,494.732777,533.318516,-313.232964,310.183964,350.122500,55.193381,503.321239,546.688043,-350.896777,299.774778,334.377843,49.004789,501.304134,548.413029,-360.661880,302.370722,333.757274,22.116627,497.117161,542.911217,-324.345419,307.287504,338.015448,43.879390,410.606035,334.563289,-11.484178,361.340703,336.946335,11.428524,410.777410,241.696536,-23.424657,343.121451,243.509104,-9.381463,418.228291,161.622872,98.387441,317.557023,174.335831,117.603150,416.063850,153.765153,105.933998,317.609505,169.405986,124.803699,421.684640,134.498707,-3.731550,311.568676,146.472869,21.485421
0.000000,0.000000,0.000000,0.000000,0.000000,0.000000,0.000000,0.000000,0.000000,0.000000,0.000000,0.000000,0.000000,0.000000,0.000000,0.000000,0.000000,0.000000,0.000000,0.000000,0.000000,0.000000,0.000000,0.000000,0.000000,0.000000,0.000000,0.000000,0.000000,0.000000,0.000000,0.000000,0.000000,0.000000,0.000000,0.000000,0.000000,0.000000,0.000000,0.000000,0.000000,0.000000,0.000000,0.000000,0.000000,0.000000,0.000000,0.000000,0.000000,0.000000,0.000000,0.000000,407.208963,511.692759,-94.993185,407.324985,515.649464,-78.459512,408.940586,515.427651,-78.474075,410.528221,515.175600,-78.446556,400.458596,515.939859,-80.940474,397.168660,515.877553,-80.949446,393.710838,515.776374,-80.967495,408.821798,509.902208,0.733324,385.114056,509.422966,-9.425130,409.590322,501.764999,-66.851945,401.031452,502.150937,-69.875937,432.152664,471.163299,2.068667,355.274779,460.964543,32.114824,469.363248,491.504979,-121.796049,332.995632,401.638465,74.730293,496.453770,536.442259,-296.447041,311.946916,352.075390,58.202346,505.849101,548.962284,-333.636374,301.889442,335.993650,51.673243,504.110357,550.616265,-344.731437,304.551383,335.343560,24.982834,499.704997,545.446082,-308.176096,309.404381,339.625410,46.954709,410.501205,336.780155,-11.691234,361.321916,339.306958,11.633228,410.560299,243.172583,-24.290418,342.500345,244.994739,-10.002085,418.428338,162.340285,98.175350,317.922255,175.137871,116.051704,416.219916,154.516426,105.278766,318.196290,170.089946,123.101800,421.888387,134.630571,-5.677437,311.839610,146.571224,19.693445
0.000000,0.000000,0.000000,0.000000,0.000000,0.000000,0.000000,0.000000,0.000000,0.000000,0.000000,0.000000,0.000000,0.000000,0.000000,0.000000,0.000000,0.000000,0.000000,0.000000,0.000000,0.000000,0.000000,0.000000,0.000000,0.000000,0.000000,0.000000,0.000000,0.000000,0.000000,0.000000,0.000000,0.000000,0.000000,0.000000,0.000000,0.000000,0.000000,0.000000,0.000000,0.000000,0.000000,0.000000,0.000000,0.000000,0.000000,0.000000,0.000000,0.000000,0.000000,0.000000,407.756322,514.914794,-88.102021,407.934900,518.594842,-71.306939,409.557796,518.350907,-71.319310,411.148839,518.078554,-71.292608,401.057316,518.908476,-74.138962,397.801648,518.853211,-74.148301,394.346716,518.773097,-74.160365,409.322170,512.695762,7.827259,385.685334,512.416932,-3.928702,410.166053,504.997997,-60.038580,401.551584,505.465281,-63.524123,432.299335,474.081311,8.382659,355.712316,463.746716,35.725305,469.513088,496.249153,-109.746067,333.939159,403.865359,76.656684,498.371482,539.552783,-277.736914,313.643469,354.410226,60.972735,508.704426,551.108417,-314.377140,303.937240,337.989782,54.041546,507.266448,552.697753,-326.995553,306.658046,337.312657,27.543650,502.608094,547.908249,-290.166038,311.456077,341.611343,49.776529,410.329285,339.272805,-11.895325,361.243598,341.941598,11.834805,410.302963,244.843101,-25.202708,341.824872,246.665359,-10.660821,418.676278,163.142550,97.969553,318.342009,176.024918,114.329580,416.422794,155.367079,104.566442,318.853743,170.842709,121.204519,422.118849,134.781888,-7.848407,312.153587,146.681313,17.703016
0.000000,0.000000,0.000000,0.000000,0.000000,0.000000,0.000000,0.000000,0.000000,0.000000,0.000000,0.000000,0.000000,0.000000,0.000000,0.000000,0.000000,0.000000,0.000000,0.000000,0.000000,0.000000,0.000000,0.000000,0.000000,0.000000,0.000000,0.000000,0.000000,0.000000,0.000000,0.000000,0.000000,0.000000,0.000000,0.000000,0.000000,0.000000,0.000000,0.000000,0.000000,0.000000,0.000000,0.000000,0.000000,0.000000,0.000000,0.000000,0.000000,0.000000,0.000000,0.000000,408.435759,518.449251,-81.783423,408.448689,521.982052,-64.875735,409.981669,521.661824,-64.885637,411.477324,521.314445,-64.858569,401.803675,522.335852,-68.493570,398.580681,522.261550,-68.509489,395.184127,522.167061,-68.523630,409.291366,515.649375,14.047854,386.413763,515.847004,-0.988257,410.645560,508.666920,-53.887470,402.352127,509.136748,-58.377736,432.316881,477.463544,14.355767,356.068885,466.705699,35.196044,470.809534,501.942745,-89.765297,334.161274,404.991540,68.989136,501.039508,543.206671,-239.699517,314.714825,355.850204,47.348628,512.418242,553.553561,-273.967067,305.266876,339.345618,39.046436,511.272799,554.907220,-288.002939,308.243475,338.681193,12.644930,506.402002,550.511425,-252.474430,313.072513,342.765674,35.899276,410.204509,341.703304,-11.772527,361.144361,344.676670,11.704003,410.264981,246.483034,-27.951362,341.543334,248.300209,-14.021147,418.576449,163.896974,98.277134,318.477682,176.740855,114.138719,416.288656,156.112001,105.080715,318.950946,171.401178,121.294475,421.830759,134.838259,-7.316232,312.442630,146.769914,17.938666
0.000000,0.000000,0.000000,0.000000,0.000000,0.000000,0.000000,0.000000,0.000000,0.000000,0.000000,0.000000,0.000000,0.000000,0.000000,0.000000,0.000000,0.000000,0.000000,0.000000,0.000000,0.000000,0.000000,0.000000,0.000000,0.000000,0.000000,0.000000,0.000000,0.000000,0.000000,0.000000,0.000000,0.000000,0.000000,0.000000,0.000000,0.000000,0.000000,0.000000,0.000000,0.000000,0.000000,0.000000,0.000000,0.000000,0.000000,0.000000,0.000000,0.000000,0.000000,0.000000,408.883061,521.518763,-75.986423,408.877605,524.916647,-58.844544,410.379127,524.565994,-58.852753,411.845505,524.190448,-58.827360,402.341491,525.307150,-62.499995,399.173058,525.232214,-62.516121,395.832271,525.140211,-62.525515,409.589033,518.420596,19.357398,387.087953,518.807306,3.730560,411.026117,511.832084,-48.411891,402.797350,512.385011,-53.016715,432.470159,480.288387,19.033763,356.523506,469.343669,37.896473,471.713571,506.629749,-74.291148,334.695741,406.586805,68.065914,503.370695,546.081246,-214.658619,315.954323,357.493211,43.391643,515.402605,555.790781,-248.222140,306.862530,340.781276,34.268801,514.424067,557.049851,-263.570817,309.945197,340.095720,8.012118,509.395826,552.874980,-228.047700,314.620450,344.138635,31.840359,410.064491,344.045586,-11.920975,361.020559,347.228151,11.846279,410.170552,248.108055,-29.255753,341.152246,250.176095,-15.395871,418.762929,164.661567,97.057338,318.700656,177.392869,112.313621,416.440497,156.856245,103.578096,319.125812,171.828383,119.399993,422.129212,135.009792,-9.779531,312.682504,146.917231,16.300743
0.000000,0.000000,0.000000,0.000000,0.000000,0.000000,0.000000,0.000000,0.000000,0.000000,0.000000,0.000000,0.000000,0.000000,0.000000,0.000000,0.000000,0.000000,0.000000,0.000000,0.000000,0.000000,0.000000,0.000000,0.000000,0.000000,0.000000,0.000000,0.000000,0.000000,0.000000,0.000000,0.000000,0.000000,0.000000,0.000000,0.000000,0.000000,0.000000,0.000000,0.000000,0.000000,0.000000,0.000000,0.000000,0.000000,0.000000,0.000000,0.000000,0.000000,0.000000,0.000000,409.318877,524.355574,-71.213093,409.297628,527.646856,-53.820542,410.771692,527.269339,-53.827202,412.213342,526.869080,-53.803455,402.859532,528.068724,-57.466995,399.739888,527.991544,-57.482508,396.448683,527.899552,-57.486593,409.904141,521.010542,23.803105,387.721947,521.555681,7.743314,411.404320,514.757360,-43.880263,403.229467,515.376261,-48.543687,432.650107,482.924633,23.031381,356.968057,471.798375,40.336340,472.590844,510.905810,-60.726660,335.194401,408.091403,67.373425,505.552242,548.729247,-193.013850,317.084595,358.992941,39.856987,518.172703,557.893276,-226.048104,308.330945,342.087984,29.984139,517.337237,559.075028,-242.556231,311.509715,341.376809,3.837260,512.168311,555.086377,-206.961985,316.036997,345.393546,28.208313,409.940103,346.252569,-12.099886,360.910655,349.631384,12.019899,410.082025,249.648514,-30.446021,340.801959,251.971619,-16.524328,418.929628,165.366993,95.852172,318.908578,178.015085,110.731321,416.576357,157.542685,102.110170,319.297003,172.237718,117.747470,422.361459,135.188753,-12.224563,312.890197,147.066935,14.784489
0.000000,0.000000,0.000000,0.000000,0.000000,0.000000,0.000000,0.000000,0.000000,0.000000,0.000000,0.000000,0.000000,0.000000,0.000000,0.000000,0.000000,0.000000,0.000000,0.000000,0.000000,0.000000,0.000000,0.000000,0.000000,0.000000,0.000000,0.000000,0.000000,0.000000,0.000000,0.000000,0.000000,0.000000,0.000000,0.000000,0.000000,0.000000,0.000000,0.000000,0.000000,0.000000,0.000000,0.000000,0.000000,0.000000,0.000000,0.000000,0.000000,0.000000,0.000000,0.000000,409.743208,526.959686,-67.463435,409.708758,530.172678,-49.803728,411.159363,529.771859,-49.808983,412.580835,529.350341,-49.786853,403.357798,530.620575,-53.394568,400.281172,530.539540,-53.408649,397.033363,530.445084,-53.406864,410.236689,523.419213,27.384975,388.315745,524.092130,11.050006,411.780170,517.442749,-40.292586,403.648478,518.110496,-44.958650,432.856723,485.372284,26.348621,357.402539,474.069817,42.515643,473.441352,514.770928,-49.071834,335.657255,409.505333,66.911666,507.584150,551.150672,-174.765209,318.105642,360.349393,36.744663,520.728538,559.861047,-207.444959,309.672121,343.265742,26.192449,520.012309,560.982750,-224.959180,312.937030,342.524459,0.120355,514.719457,557.145617,-189.217285,317.322155,346.530407,25.003139,409.831346,348.324252,-12.309258,360.814649,351.886367,12.224862,409.999401,251.104411,-31.522168,340.492475,253.686780,-17.406520,419.076545,166.013253,94.661634,319.101446,178.607504,109.391818,416.696236,158.171318,100.676937,319.464519,172.629184,116.336903,422.527497,135.375142,-14.651330,313.065711,147.219026,13.389902
0.000000,0.000000,0.000000,0.000000,0.000000,0.000000,0.000000,0.000000,0.000000,0.000000,0.000000,0.000000,0.000000,0.000000,0.000000,0.000000,0.000000,0.000000,0.000000,0.000000,0.000000,0.000000,0.000000,0.000000,0.000000,0.000000,0.000000,0.000000,0.000000,0.000000,0.000000,0.000000,0.000000,0.000000,0.000000,0.000000,0.000000,0.000000,0.000000,0.000000,0.000000,0.000000,0.000000,0.000000,0.000000,0.000000,0.000000,0.000000,0.000000,0.000000,0.000000,0.000000,410.156054,529.331097,-64.737447,410.110996,532.494115,-46.794102,411.542140,532.073554,-46.798098,412.947983,531.634229,-46.777554,403.836288,532.962704,-50.282716,400.796909,532.876203,-50.294545,397.586312,532.776807,-50.286327,410.586678,525.646608,30.103009,388.869347,526.416652,13.650634,412.153667,519.888250,-37.648862,404.054382,520.587719,-42.261607,433.090008,487.631338,28.985483,357.826951,476.157996,44.434382,474.265097,518.225104,-39.326670,336.084303,410.828596,66.680639,509.466419,553.345522,-159.912697,319.017463,361.562567,34.054669,523.070109,561.694092,-192.412707,310.886057,344.314549,22.893730,522.449284,562.773018,-210.779665,314.227140,343.538670,-3.138597,517.049265,559.052699,-174.813600,318.475924,347.549219,22.224836,409.738219,350.260635,-12.549093,360.732540,353.993100,12.461169,409.922679,252.475745,-32.484192,340.223792,255.321578,-18.042446,419.203679,166.600346,93.485725,319.279262,179.170125,108.295112,416.800134,158.742147,99.278397,319.628361,173.002781,115.168294,422.627329,135.568958,-17.059830,313.209045,147.373502,12.116984
0.000000,0.000000,0.000000,0.000000,0.000000,0.000000,0.000000,0.000000,0.000000,0.000000,0.000000,0.000000,0.000000,0.000000,0.000000,0.000000,0.000000,0.000000,0.000000,0.000000,0.000000,0.000000,0.000000,0.000000,0.000000,0.000000,0.000000,0.000000,0.000000,0.000000,0.000000,0.000000,0.000000,0.000000,0.000000,0.000000,0.000000,0.000000,0.000000,0.000000,0.000000,0.000000,0.000000,0.000000,0.000000,0.000000,0.000000,0.000000,0.000000,0.000000,0.000000,0.000000,410.557415,531.469808,-63.035129,410.504340,534.611165,-44.791665,411.920023,534.174425,-44.794545,413.314787,533.720746,-44.775558,404.295003,535.095109,-48.131439,401.287100,535.001532,-48.140196,398.107529,534.894721,-48.124983,410.954107,527.692728,31.957205,389.382752,528.529247,15.545199,412.524811,522.093865,-35.949089,404.447180,522.807927,-40.452555,433.349962,489.701796,30.941968,358.241294,478.062910,46.092559,475.062078,521.268337,-31.491168,336.475545,412.061192,66.680344,511.199049,555.313798,-148.456313,319.820060,362.632464,31.787005,525.197416,563.392414,-180.951346,311.972753,345.234407,20.087984,524.648162,564.445832,-200.017684,315.380047,344.419443,-5.939596,519.157733,560.807623,-163.750931,319.498303,348.449982,19.873404,409.660723,352.061718,-12.819390,360.664329,355.951585,12.728819,409.851860,253.762518,-33.332095,339.995910,256.876013,-18.432105,419.311031,167.128273,92.324445,319.442025,179.702949,107.441204,416.888051,159.255170,97.914551,319.788527,173.358509,114.241642,422.660953,135.770201,-19.450064,313.320199,147.530365,10.965733
0.000000,0.000000,0.000000,0.000000,0.000000,0.000000,0.000000,0.000000,0.000000,0.000000,0.000000,0.000000,0.000000,0.000000,0.000000,0.000000,0.000000,0.000000,0.000000,0.000000,0.000000,0.000000,0.000000,0.000000,0.000000,0.000000,0.000000,0.000000,0.000000,0.000000,0.000000,0.000000,0.000000,0.000000,0.000000,0.000000,0.000000,0.000000,0.000000,0.000000,0.000000,0.000000,0.000000,0.000000,0.000000,0.000000,0.000000,0.000000,0.000000,0.000000,0.000000,0.000000,410.947290,533.375818,-62.356482,410.888792,536.523829,-43.796417,412.293012,536.074470,-43.798324,413.681246,535.609892,-43.780866,404.733942,537.017791,-46.940735,401.751745,536.915527,-46.945602,398.597015,536.798826,-46.922832,411.338977,529.557573,32.947565,389.855961,530.429916,16.733701,412.893601,524.059591,-35.193268,404.826872,524.771123,-39.531496,433.636584,491.583658,32.218074,358.645566,479.784561,47.490173,475.832294,523.900627,-25.565328,336.830980,413.203121,66.910780,512.782039,557.055498,-140.396058,320.513431,363.559084,29.941672,527.110459,564.956010,-173.060877,312.932210,346.025314,17.775210,526.608942,566.001192,-192.673239,316.395749,345.166776,-8.282642,521.044863,562.410389,-156.029276,320.389292,349.232695,17.948843,409.598857,353.727502,-13.120149,360.610017,357.761820,13.027813,409.786943,254.964728,-34.065876,339.808830,258.350086,-18.575498,419.398600,167.597033,91.177794,319.589735,180.205975,106.830093,416.959986,159.710388,96.585398,319.945018,173.696367,113.556948,422.628370,135.978872,-21.822032,313.399172,147.689613,9.936151
0.000000,0.000000,0.000000,0.000000,0.000000,0.000000,0.000000,0.000000,0.000000,0.000000,0.000000,0.000000,0.000000,0.000000,0.000000,0.000000,0.000000,0.000000,0.000000,0.000000,0.000000,0.000000,0.000000,0.000000,0.000000,0.000000,0.000000,0.000000,0.000000,0.000000,0.000000,0.000000,0.000000,0.000000,0.000000,0.000000,0.000000,0.000000,0.000000,0.000000,0.000000,0.000000,0.000000,0.000000,0.000000,0.000000,0.000000,0.000000,0.000000,0.000000,0.000000,0.000000,411.325680,535.049129,-62.701506,411.264351,538.232107,-43.808357,412.661107,537.773691,-43.809437,414.047361,537.301666,-43.793477,405.153105,538.730749,-46.710606,402.190843,538.618189,-46.710763,399.054769,538.489122,-46.679873,411.741288,531.241143,33.074087,390.288974,532.118658,17.216140,413.260038,525.785430,-35.381398,405.193457,526.477304,-39.498430,433.949876,493.276924,32.813802,359.039769,481.322948,48.627223,476.575746,526.121974,-21.549149,337.150610,414.254382,67.371947,514.215391,558.570624,-135.731932,321.097577,364.342426,28.518669,528.809238,566.384882,-168.741300,313.764427,346.687271,15.955408,528.331625,567.439098,-188.746330,317.274248,345.780672,-10.167735,522.710654,563.860998,-151.648637,321.148893,349.897359,16.451153,409.552621,355.257985,-13.451370,360.569602,359.423805,13.358151,409.727928,256.082376,-34.685534,339.662552,259.743795,-18.472625,419.466388,168.006626,90.045772,319.722393,180.679203,106.461779,417.015941,160.107800,95.290938,320.097835,174.016355,113.114211,422.529579,136.194970,-24.175734,313.445966,147.851248,9.028237
0.000000,0.000000,0.000000,0.000000,0.000000,0.000000,0.000000,0.000000,0.000000,0.000000,0.000000,0.000000,0.000000,0.000000,0.000000,0.000000,0.000000,0.000000,0.000000,0.000000,0.000000,0.000000,0.000000,0.000000,0.000000,0.000000,0.000000,0.000000,0.000000,0.000000,0.000000,0.000000,0.000000,0.000000,0.000000,0.000000,0.000000,0.000000,0.000000,0.000000,0.000000,0.000000,0.000000,0.000000,0.000000,0.000000,0.000000,0.000000,0.000000,0.000000,0.000000,0.000000,411.692585,536.489739,-64.070201,411.631017,539.735999,-44.827485,413.024309,539.272087,-44.827882,414.413132,538.796068,-44.813391,405.552493,540.233985,-47.441051,402.604394,540.109517,-47.435679,399.480791,539.965608,-47.396107,412.161039,532.743438,32.336772,390.681791,533.595473,16.992516,413.624122,527.271382,-36.513480,405.546936,527.926472,-40.353356,434.289836,494.781593,32.729153,359.423903,482.678071,49.503710,477.292434,527.932378,-19.442632,337.434433,415.214976,68.063846,515.499103,559.859175,-134.463934,321.572498,364.982490,27.517997,530.293754,567.679029,-167.992614,314.469405,347.220277,14.628578,529.816210,568.759550,-188.236955,318.015542,346.261128,-11.594875,524.155105,565.159449,-150.609013,321.777103,350.443973,15.380335,409.522017,356.653169,-13.813054,360.543085,360.937541,13.719832,409.674816,257.115463,-35.191071,339.557075,261.057141,-18.123486,419.514393,168.357053,88.928379,319.839998,181.122633,106.336262,417.055914,160.447407,94.031171,320.246976,174.318475,112.913432,422.364581,136.418496,-26.511169,313.460580,148.015269,8.241991
0.000000,0.000000,0.000000,0.000000,0.000000,0.000000,0.000000,0.000000,0.000000,0.000000,0.000000,0.000000,0.000000,0.000000,0.000000,0.000000,0.000000,0.000000,0.000000,0.000000,0.000000,0.000000,0.000000,0.000000,0.000000,0.000000,0.000000,0.000000,0.000000,0.000000,0.000000,0.000000,0.000000,0.000000,0.000000,0.000000,0.000000,0.000000,0.000000,0.000000,0.000000,0.000000,0.000000,0.000000,0.000000,0.000000,0.000000,0.000000,0.000000,0.000000,0.000000,0.000000,412.048004,537.697648,-66.462566,411.988790,541.035505,-46.853802,413.382616,540.569658,-46.853660,414.778559,540.093098,-46.840608,405.932105,541.527498,-49.132070,402.992399,541.389511,-49.120349,399.875082,541.228286,-49.071534,412.598230,534.064457,30.735621,391.034411,534.860362,16.062829,413.985852,528.517447,-38.589514,405.887309,529.118627,-42.096274,434.656466,496.097667,31.964125,359.797967,483.849931,50.119634,477.982358,529.331840,-19.245777,337.682450,416.084903,68.986476,516.633177,560.921150,-136.592065,321.938194,365.479277,26.939656,531.564005,568.838452,-170.814821,315.047144,347.624334,13.794721,531.062698,569.962548,-191.145116,318.619632,346.608146,-12.564062,525.378218,566.305743,-152.910404,322.273924,350.872538,14.736388,409.507042,357.913053,-14.205199,360.530466,362.303028,14.112856,409.627607,258.063987,-35.582486,339.492399,262.290125,-17.528081,419.542616,168.648313,87.825615,319.942550,181.536266,106.453543,417.079906,160.729209,92.806098,320.392443,174.602725,112.954610,422.133375,136.649449,-28.828339,313.443014,148.181676,7.577414
0.000000,0.000000,0.000000,0.000000,0.000000,0.000000,0.000000,0.000000,0.000000,0.000000,0.000000,0.000000,0.000000,0.000000,0.000000,0.000000,0.000000,0.000000,0.000000,0.000000,0.000000,0.000000,0.000000,0.000000,0.000000,0.000000,0.000000,0.000000,0.000000,0.000000,0.000000,0.000000,0.000000,0.000000,0.000000,0.000000,0.000000,0.000000,0.000000,0.000000,0.000000,0.000000,0.000000,0.000000,0.000000,0.000000,0.000000,0.000000,0.000000,0.000000,0.000000,0.000000,412.391938,538.672858,-69.878602,412.337670,542.130624,-49.887307,413.736030,541.666404,-49.886771,415.143641,541.192757,-49.875128,406.291942,542.611287,-51.783663,403.354858,542.458171,-51.764774,400.237641,542.277154,-51.706153,413.052862,535.204201,28.270632,391.346835,535.913325,14.427079,414.345229,529.523624,-41.609500,406.214575,530.053768,-44.727185,435.049764,497.225144,30.518720,360.161961,484.838526,50.474995,478.645518,530.320359,-20.958584,337.894660,416.864162,70.139838,517.617611,561.756551,-142.116325,322.194664,365.832786,26.783645,532.619993,569.863150,-177.207919,315.497643,347.899440,13.453835,532.071089,571.048091,-197.470812,319.086519,346.821725,-13.075296,526.379992,567.299879,-158.552811,322.639356,351.183053,14.519312,409.507698,359.037637,-14.627807,360.531744,363.520266,14.537224,409.586300,258.927948,-35.859778,339.468526,263.442746,-16.686410,419.551056,168.880406,86.737480,320.030049,181.920102,106.813621,417.087917,160.953206,91.615717,320.534235,174.869105,113.237745,421.835963,136.887830,-31.127242,313.393268,148.350470,7.034504
0.000000,0.000000,0.000000,0.000000,0.000000,0.000000,0.000000,0.000000,0.000000,0.000000,0.000000,0.000000,0.000000,0.000000,0.000000,0.000000,0.000000,0.000000,0.000000,0.000000,0.000000,0.000000,0.000000,0.000000,0.000000,0.000000,0.000000,0.000000,0.000000,0.000000,0.000000,0.000000,0.000000,0.000000,0.000000,0.000000,0.000000,0.000000,0.000000,0.000000,0.000000,0.000000,0.000000,0.000000,0.000000,0.000000,0.000000,0.000000,0.000000,0.000000,0.000000,0.000000,412.724387,539.415367,-74.318308,412.677657,543.021358,-53.928001,414.084550,542.562326,-53.927214,415.508378,542.095044,-53.916952,406.632004,543.485353,-55.395831,403.691770,543.315498,-55.368954,400.568468,543.112214,-55.299965,413.524935,536.162670,24.941807,391.619062,536.754360,12.085266,414.702253,530.289913,-45.573437,406.528735,530.731895,-48.246088,435.469731,498.164025,28.392936,360.515886,485.643858,50.569793,479.281914,530.897935,-24.581052,338.071065,417.552754,71.523931,518.452406,562.365377,-151.036713,322.341909,366.043017,27.049964,533.461718,570.753123,-187.171908,315.820902,348.045596,13.605922,532.841382,572.016180,-207.214043,319.416201,346.901865,-13.128576,527.160427,568.141857,-167.536232,322.873399,351.375519,14.729108,409.523985,360.026921,-15.080877,360.546921,364.589254,14.992936,409.550895,259.707348,-36.022949,339.485453,264.515004,-15.598472,419.539715,169.053333,85.663974,320.102496,182.274140,107.416496,417.079946,161.119397,90.460030,320.672351,175.117617,113.762838,421.472342,137.133638,-33.407879,313.311343,148.521649,6.613263
0.000000,0.000000,0.000000,0.000000,0.000000,0.000000,0.000000,0.000000,0.000000,0.000000,0.000000,0.000000,0.000000,0.000000,0.000000,0.000000,0.000000,0.000000,0.000000,0.000000,0.000000,0.000000,0.000000,0.000000,0.000000,0.000000,0.000000,0.000000,0.000000,0.000000,0.000000,0.000000,0.000000,0.000000,0.000000,0.000000,0.000000,0.000000,0.000000,0.000000,0.000000,0.000000,0.000000,0.000000,0.000000,0.000000,0.000000,0.000000,0.000000,0.000000,0.000000,0.000000,413.045350,539.925176,-79.781685,413.008752,543.707705,-58.975883,414.428176,543.257423,-58.974990,415.872772,542.799960,-58.966079,406.952290,544.149696,-59.968573,404.003136,543.961492,-59.932889,400.867564,543.733464,-59.852970,414.014449,536.939864,20.749144,391.851094,537.383469,9.037389,415.056923,530.816315,-50.481326,406.829789,531.153009,-52.652984,435.916366,498.914309,25.586775,360.859741,486.265926,50.404028,479.891545,531.064569,-30.113183,338.211663,418.150679,73.138755,519.137561,562.747627,-163.353229,322.379929,366.109971,27.738614,534.089178,571.508371,-200.706790,316.016922,348.062802,14.250980,533.373578,572.866815,-220.374810,319.608680,346.848567,-12.723904,527.719524,568.831678,-179.860669,322.976051,351.449936,15.365775,409.555902,360.880906,-15.564409,360.575996,365.509993,15.479991,409.521393,260.402186,-36.071998,339.543183,265.506899,-14.264269,419.508591,169.167093,84.605097,320.159890,182.598380,108.262169,417.055995,161.227783,89.339036,320.806793,175.348258,114.529888,421.042515,137.386874,-35.670250,313.197237,148.695215,6.313690
0.000000,0.000000,0.000000,0.000000,0.000000,0.000000,0.000000,0.000000,0.000000,0.000000,0.000000,0.000000,0.000000,0.000000,0.000000,0.000000,0.000000,0.000000,0.000000,0.000000,0.000000,0.000000,0.000000,0.000000,0.000000,0.000000,0.000000,0.000000,0.000000,0.000000,0.000000,0.000000,0.000000,0.000000,0.000000,0.000000,0.000000,0.000000,0.000000,0.000000,0.000000,0.000000,0.000000,0.000000,0.000000,0.000000,0.000000,0.000000,0.000000,0.000000,0.000000,0.000000,413.354828,540.202285,-86.268733,413.330954,544.189666,-65.030954,414.766907,543.751695,-65.030099,416.236821,543.307504,-65.022509,407.252800,544.604316,-65.501889,404.288955,544.396151,-65.456578,401.134928,544.140905,-65.365167,414.521402,537.535782,15.692645,392.042929,537.800652,5.283450,415.409240,531.102830,-56.333166,407.117736,531.317109,-57.947872,436.389671,499.475998,22.100236,361.193526,486.704730,49.977700,480.474413,530.820259,-37.554975,338.316455,418.657936,74.984311,519.673078,562.903303,-179.065875,322.308724,366.033648,28.849595,534.502374,572.128895,-217.812563,316.085702,347.951057,15.389011,533.667676,573.599996,-236.953112,319.663954,346.661830,-11.861278,528.057281,569.369341,-195.526121,322.947315,351.406303,16.429313,409.603450,361.599591,-16.078403,360.618968,366.282482,15.998390,409.497793,261.012461,-36.006925,339.641714,266.418431,-12.683799,419.457685,169.221687,83.560849,320.202231,182.892823,109.350639,417.016062,161.278364,88.252735,320.937560,175.561031,115.538896,420.546480,137.647537,-37.914355,313.050951,148.871167,6.135784
0.000000,0.000000,0.000000,0.000000,0.000000,0.000000,0.000000,0.000000,0.000000,0.000000,0.000000,0.000000,0.000000,0.000000,0.000000,0.000000,0.000000,0.000000,0.000000,0.000000,0.000000,0.000000,0.000000,0.000000,0.000000,0.000000,0.000000,0.000000,0.000000,0.000000,0.000000,0.000000,0.000000,0.000000,0.000000,0.000000,0.000000,0.000000,0.000000,0.000000,0.000000,0.000000,0.000000,0.000000,0.000000,0.000000,0.000000,0.000000,0.000000,0.000000,0.000000,0.000000,413.652821,540.246693,-93.779451,413.644262,544.467241,-72.093213,415.100746,544.045142,-72.092541,416.600526,543.617676,-72.086242,407.533535,544.849213,-71.995779,404.549228,544.619477,-71.940022,401.370560,544.334537,-71.836557,415.045797,537.950425,9.772308,392.194567,538.005908,0.823447,415.759204,531.149458,-63.128958,407.392577,531.224196,-64.130752,436.889644,499.849090,17.933319,361.517241,486.960271,49.290808,481.030516,530.165007,-46.906429,338.385441,419.074526,77.060599,520.058955,562.832404,-198.174648,322.128294,365.814047,30.382906,534.701307,572.614694,-238.489228,316.027243,347.710363,17.020014,533.723677,574.215723,-256.948949,319.582024,346.341654,-10.540700,528.173699,569.754846,-214.532588,322.787189,351.244620,17.919722,409.666628,362.182975,-16.622859,360.675838,366.906722,16.548132,409.480096,261.538174,-35.827730,339.781046,267.249600,-10.857063,419.386996,169.217114,82.531230,320.229519,183.157468,110.681906,416.960149,161.271139,87.201127,321.064652,175.755934,116.789861,419.984238,137.915628,-40.140194,312.872485,149.049505,6.079548
0.000000,0.000000,0.000000,0.000000,0.000000,0.000000,0.000000,0.000000,0.000000,0.000000,0.000000,0.000000,0.000000,0.000000,0.000000,0.000000,0.000000,0.000000,0.000000,0.000000,0.000000,0.000000,0.000000,0.000000,0.000000,0.000000,0.000000,0.000000,0.000000,0.000000,0.000000,0.000000,0.000000,0.000000,0.000000,0.000000,0.000000,0.000000,0.000000,0.000000,0.000000,0.000000,0.000000,0.000000,0.000000,0.000000,0.000000,0.000000,0.000000,0.000000,0.000000,0.000000,413.939329,540.058401,-102.313840,413.948678,544.540430,-80.162661,415.429690,544.137764,-80.162316,416.963886,543.730477,-80.157279,407.794494,544.884387,-79.450244,404.783954,544.631469,-79.383222,401.574461,544.314360,-79.267139,415.587632,538.183793,2.988135,392.306010,537.999237,-4.342618,416.106814,530.956197,-70.868702,407.654312,530.874269,-71.201625,437.416287,500.033586,13.086023,361.830888,487.032547,48.343353,481.559855,529.098812,-58.167544,338.418620,419.400449,79.367618,520.295194,562.534930,-220.679551,321.838638,365.451168,32.338548,534.685976,572.965768,-262.736784,315.841544,347.340718,19.143989,533.541581,574.713996,-280.362322,319.362891,345.888040,-8.762168,528.068779,569.988194,-236.880070,322.495673,350.964888,19.837002,409.745437,362.631060,-17.197778,360.746607,367.382713,17.129218,409.468301,261.979325,-35.534413,339.961180,268.000406,-8.784061,419.296526,169.153374,81.516240,320.241755,183.392315,112.255970,416.888254,161.206109,86.184213,321.188069,175.932968,118.282783,419.355788,138.191146,-42.347766,312.661840,149.230229,6.144979
0.000000,0.000000,0.000000,0.000000,0.000000,0.000000,0.000000,0.000000,0.000000,0.000000,0.000000,0.000000,0.000000,0.000000,0.000000,0.000000,0.000000,0.000000,0.000000,0.000000,0.000000,0.000000,0.000000,0.000000,0.000000,0.000000,0.000000,0.000000,0.000000,0.000000,0.000000,0.000000,0.000000,0.000000,0.000000,0.000000,0.000000,0.000000,0.000000,0.000000,0.000000,0.000000,0.000000,0.000000,0.000000,0.000000,0.000000,0.000000,0.000000,0.000000,0.000000,0.000000,414.230301,539.705579,-114.128861,414.330703,544.278448,-91.986717,415.890920,543.901293,-91.988965,417.491750,543.514461,-91.983513,407.985418,544.511307,-91.562212,404.894831,544.229344,-91.494398,401.604833,543.878243,-91.377847,416.219870,538.013668,-4.744003,392.163118,537.602442,-12.446917,416.548293,530.500226,-81.028722,407.903608,530.207168,-81.588182,437.988959,499.984067,9.187822,362.051216,486.980801,44.834454,481.865023,528.339225,-70.397160,338.628956,419.952668,80.888796,519.792456,561.955546,-237.254842,321.765727,365.810040,36.717856,534.035605,572.661398,-278.845292,315.715646,347.678691,23.885470,532.848526,574.610258,-295.975312,319.194834,346.097344,-4.557915,527.338949,569.750694,-252.781967,322.478284,351.290270,24.202154,409.865725,362.626641,-17.313470,360.871624,367.304241,17.256601,409.395361,261.983196,-34.723960,339.967579,267.967872,-7.083645,419.248268,169.168710,85.232953,320.355066,183.617226,117.370488,416.832994,161.282682,90.164235,321.679257,176.172709,123.352054,418.282684,138.402856,-39.241239,312.665515,149.235774,7.259806
0.000000,0.000000,0.000000,0.000000,0.000000,0.000000,0.000000,0.000000,0.000000,0.000000,0.000000,0.000000,0.000000,0.000000,0.000000,0.000000,0.000000,0.000000,0.000000,0.000000,0.000000,0.000000,0.000000,0.000000,0.000000,0.000000,0.000000,0.000000,0.000000,0.000000,0.000000,0.000000,0.000000,0.000000,0.000000,0.000000,0.000000,0.000000,0.000000,0.000000,0.000000,0.000000,0.000000,0.000000,0.000000,0.000000,0.000000,0.000000,0.000000,0.000000,0.000000,0.000000,414.392694,539.562037,-121.774248,414.569203,544.225480,-99.605276,416.155332,543.857801,-99.609921,417.784466,543.482625,-99.601488,408.173433,544.416873,-99.470373,405.045838,544.114891,-99.405204,401.722544,543.744854,-99.294067,416.637629,538.040059,-9.297148,392.234112,537.571726,-16.889503,416.745530,530.324203,-87.552314,408.038492,529.911485,-88.323269,438.417330,500.058374,6.507791,362.202788,487.095669,44.177004,482.209122,526.997697,-77.747523,338.658695,420.285433,84.000164,519.771328,561.518374,-248.395739,321.561529,365.690684,41.288176,533.955189,572.592752,-290.446054,315.493239,347.476467,28.900013,532.609413,574.674843,-306.973955,318.911532,345.818691,0.135248,527.105354,569.655410,-263.642505,322.236409,351.191897,28.765791,409.986657,363.033209,-17.762885,360.985114,367.620364,17.715183,409.296760,262.317195,-34.597474,340.013647,268.304832,-5.498035,418.935956,168.820495,84.548679,320.411627,183.785614,118.731345,416.645243,160.971494,89.414255,321.936753,176.311644,124.549895,416.957860,138.513940,-40.862898,312.506874,149.289523,7.085173
0.000000,0.000000,0.000000,0.000000,0.000000,0.000000,0.000000,0.000000,0.000000,0.000000,0.000000,0.000000,0.000000,0.000000,0.000000,0.000000,0.000000,0.000000,0.000000,0.000000,0.000000,0.000000,0.000000,0.000000,0.000000,0.000000,0.000000,0.000000,0.000000,0.000000,0.000000,0.000000,0.000000,0.000000,0.000000,0.000000,0.000000,0.000000,0.000000,0.000000,0.000000,0.000000,0.000000,0.000000,0.000000,0.000000,0.000000,0.000000,0.000000,0.000000,0.000000,0.000000,414.541304,539.262690,-128.408180,414.787625,544.020904,-106.231006,416.396707,543.662818,-106.237754,418.051001,543.299359,-106.226332,408.345109,544.174574,-106.399281,405.182032,543.855264,-106.336978,401.826131,543.469105,-106.231602,417.014254,537.910982,-13.191123,392.294910,537.399422,-20.814984,416.921595,530.000079,-93.202151,408.162791,529.471412,-94.213316,438.796797,499.941586,4.251084,362.330840,487.048238,43.526772,482.495864,525.407702,-84.352077,338.683234,420.450926,86.661032,519.633895,560.954484,-258.284310,321.372958,365.459487,45.273370,533.709793,572.354428,-300.696256,315.271329,347.178490,33.301612,532.205542,574.559258,-316.671065,318.636343,345.455847,4.276477,526.725368,569.407542,-273.247130,322.006839,350.991107,32.758827,410.115634,363.266472,-18.138604,361.100776,367.768660,18.099284,409.183019,262.536938,-34.427907,340.081471,268.506176,-4.177806,418.588697,168.460009,83.924943,320.442356,183.858784,119.657695,416.414711,160.642631,88.729842,322.122196,176.363474,125.312366,415.693759,138.593858,-42.192636,312.347119,149.304079,6.693160
0.000000,0.000000,0.000000,0.000000,0.000000,0.000000,0.000000,0.000000,0.000000,0.000000,0.000000,0.000000,0.000000,0.000000,0.000000,0.000000,0.000000,0.000000,0.000000,0.000000,0.000000,0.000000,0.000000,0.000000,0.000000,0.000000,0.000000,0.000000,0.000000,0.000000,0.000000,0.000000,0.000000,0.000000,0.000000,0.000000,0.000000,0.000000,0.000000,0.000000,0.000000,0.000000,0.000000,0.000000,0.000000,0.000000,0.000000,0.000000,0.000000,0.000000,0.000000,0.000000,414.676131,538.807537,-134.030659,414.985969,543.664720,-111.863908,416.615045,543.316344,-111.872464,418.291354,542.964665,-111.858046,408.500444,543.784410,-112.348933,405.303414,543.450463,-112.289720,401.915595,543.050998,-112.190452,417.349744,537.626439,-16.425929,392.345510,537.085531,-24.223359,417.076489,529.527856,-97.978235,408.276503,528.886949,-99.258325,439.127360,499.633701,2.417703,362.435369,486.838510,42.883757,482.725248,523.569240,-90.210823,338.702573,420.449147,88.871397,519.380158,560.263873,-266.920557,321.200014,365.116450,48.673440,533.299417,571.946428,-309.595899,315.049914,346.784759,37.090268,531.636915,574.263504,-325.066642,318.369267,345.008810,7.865770,526.198991,569.007088,-281.595843,321.789575,350.687901,36.181262,410.252656,363.326429,-18.440628,361.218611,367.749129,18.408903,409.054138,262.642427,-34.215259,340.171051,268.571903,-3.122956,418.206493,168.087253,83.361744,320.447251,183.836735,120.149539,416.141398,160.296095,88.110998,322.235587,176.328199,125.639468,414.490383,138.642610,-43.230454,312.186249,149.279442,6.083767
0.000000,0.000000,0.000000,0.000000,0.000000,0.000000,0.000000,0.000000,0.000000,0.000000,0.000000,0.000000,0.000000,0.000000,0.000000,0.000000,0.000000,0.000000,0.000000,0.000000,0.000000,0.000000,0.000000,0.000000,0.000000,0.000000,0.000000,0.000000,0.000000,0.000000,0.000000,0.000000,0.000000,0.000000,0.000000,0.000000,0.000000,0.000000,0.000000,0.000000,0.000000,0.000000,0.000000,0.000000,0.000000,0.000000,0.000000,0.000000,0.000000,0.000000,0.000000,0.000000,414.797175,538.196579,-138.641682,415.164234,543.156928,-116.503983,416.810347,542.818377,-116.514051,418.505526,542.478541,-116.496630,408.639439,543.246381,-117.319331,405.409984,542.900488,-117.263429,401.990936,542.490531,-117.170618,417.644099,537.186429,-19.001564,392.385914,536.630051,-27.114628,417.210211,528.907532,-101.880564,408.379630,528.158095,-103.458294,439.409017,499.134721,1.007647,362.516377,486.466483,42.247959,482.897276,521.482312,-95.323761,338.716711,420.280096,90.631261,519.010118,559.446543,-274.304479,321.042696,364.661572,51.488384,532.724060,571.368751,-317.144983,314.828996,346.295274,40.265981,530.903530,573.787580,-332.160685,318.110303,344.477581,10.903128,525.526224,568.454050,-288.688644,321.584615,350.282276,39.033096,410.397724,363.213080,-18.668955,361.338619,367.561769,18.644042,408.910118,262.633660,-33.959531,340.282388,268.502014,-2.333486,417.789342,167.702226,82.859082,320.426315,183.719468,120.206876,415.825306,159.931883,87.557723,322.276924,176.205818,125.531200,413.347730,138.660197,-43.976351,312.024265,149.215612,5.256994
0.000000,0.000000,0.000000,0.000000,0.000000,0.000000,0.000000,0.000000,0.000000,0.000000,0.000000,0.000000,0.000000,0.000000,0.000000,0.000000,0.000000,0.000000,0.000000,0.000000,0.000000,0.000000,0.000000,0.000000,0.000000,0.000000,0.000000,0.000000,0.000000,0.000000,0.000000,0.000000,0.000000,0.000000,0.000000,0.000000,0.000000,0.000000,0.000000,0.000000,0.000000,0.000000,0.000000,0.000000,0.000000,0.000000,0.000000,0.000000,0.000000,0.000000,0.000000,0.000000,414.904435,537.429816,-142.241251,415.322422,542.497527,-120.151230,416.982611,542.168920,-120.162515,418.693517,541.840989,-120.142083,408.762095,542.560487,-121.310475,405.501741,542.205340,-121.258107,402.052154,541.787705,-121.172098,417.897320,536.590953,-20.918030,392.416121,536.032984,-29.488791,417.322761,528.139108,-104.909140,408.472172,527.284850,-106.813224,439.641769,498.444645,0.020915,362.573863,485.932158,41.619378,483.011946,519.146917,-99.690892,338.725650,419.943772,91.940623,518.523773,558.502494,-280.436077,320.901006,364.094855,53.718203,531.983722,570.621397,-323.343507,314.608574,345.710035,42.828750,530.005388,573.131488,-337.953194,317.859452,343.862161,13.388551,524.707066,567.748428,-294.525533,321.391960,349.774235,41.314329,410.550836,362.926426,-18.823587,361.460798,367.206582,18.804699,408.750957,262.510637,-33.660722,340.415480,268.296508,-1.809396,417.337246,167.304928,82.416956,320.379545,183.506982,119.829707,415.466433,159.549997,87.070015,322.246208,175.996331,124.987562,412.265801,138.646618,-44.430327,311.861167,149.112588,4.212841
0.000000,0.000000,0.000000,0.000000,0.000000,0.000000,0.000000,0.000000,0.000000,0.000000,0.000000,0.000000,0.000000,0.000000,0.000000,0.000000,0.000000,0.000000,0.000000,0.000000,0.000000,0.000000,0.000000,0.000000,0.000000,0.000000,0.000000,0.000000,0.000000,0.000000,0.000000,0.000000,0.000000,0.000000,0.000000,0.000000,0.000000,0.000000,0.000000,0.000000,0.000000,0.000000,0.000000,0.000000,0.000000,0.000000,0.000000,0.000000,0.000000,0.000000,0.000000,0.000000,414.997913,536.507247,-144.829366,415.460530,541.686519,-122.805649,417.131839,541.367971,-122.817856,418.855327,541.052008,-122.794406,408.868410,541.726728,-124.322364,405.578685,541.365018,-124.273752,402.099249,540.942519,-124.194894,418.109405,535.840009,-22.175326,392.436131,535.294328,-31.345848,417.414139,527.222584,-107.063962,408.554127,526.267215,-109.323116,439.825616,497.563473,-0.542491,362.607827,485.235535,40.998014,483.069260,516.563055,-103.312214,338.729389,419.440176,92.799483,517.921125,557.431725,-285.315349,320.774943,363.416297,55.362897,531.078403,569.704366,-328.191471,314.388647,345.029041,44.778576,528.942488,572.295225,-342.444170,317.616714,343.162548,15.322039,523.741517,566.890221,-299.106509,321.211611,349.163777,43.024961,410.711994,362.466467,-18.904523,361.585151,366.683568,18.890875,408.576656,262.273360,-33.318832,340.570329,267.955386,-1.550686,416.850203,166.895359,82.035368,320.306943,183.199277,119.018031,415.064779,159.150437,86.647876,322.143440,175.699739,124.008554,411.244597,138.601874,-44.592382,311.696955,148.970371,2.951309
0.000000,0.000000,0.000000,0.000000,0.000000,0.000000,0.000000,0.000000,0.000000,0.000000,0.000000,0.000000,0.000000,0.000000,0.000000,0.000000,0.000000,0.000000,0.000000,0.000000,0.000000,0.000000,0.000000,0.000000,0.000000,0.000000,0.000000,0.000000,0.000000,0.000000,0.000000,0.000000,0.000000,0.000000,0.000000,0.000000,0.000000,0.000000,0.000000,0.000000,0.000000,0.000000,0.000000,0.000000,0.000000,0.000000,0.000000,0.000000,0.000000,0.000000,0.000000,0.000000,415.077607,535.428873,-146.406026,415.578561,540.723903,-124.467241,417.258029,540.415530,-124.480074,418.990955,540.111598,-124.453598,408.958386,540.745103,-126.354999,405.640817,540.379522,-126.310365,402.132221,539.954975,-126.239005,418.280356,534.933599,-22.773453,392.445944,534.414085,-32.685799,417.484346,526.157959,-108.345029,408.625497,525.105190,-110.987968,439.960559,496.491205,-0.682572,362.618270,484.376614,40.383867,483.069216,513.730726,-106.187728,338.727928,418.769308,93.207842,517.202172,556.234236,-288.942298,320.664507,362.625899,56.422465,530.008104,568.617658,-331.688876,314.169217,344.252294,46.115458,527.714831,571.278794,-345.633613,317.382089,342.378744,16.703592,522.629577,565.879428,-302.431573,321.043566,348.450901,44.164993,410.881197,361.833202,-18.911763,361.711676,365.992725,18.902570,408.387216,261.921826,-32.933861,340.746934,267.478647,-1.557357,416.328214,166.473520,81.714316,320.208509,182.796353,117.771849,414.620346,158.733202,86.291305,321.968618,175.316042,122.594177,410.284116,138.525964,-44.462516,311.531629,148.788961,1.472396
0.000000,0.000000,0.000000,0.000000,0.000000,0.000000,0.000000,0.000000,0.000000,0.000000,0.000000,0.000000,0.000000,0.000000,0.000000,0.000000,0.000000,0.000000,0.000000,0.000000,0.000000,0.000000,0.000000,0.000000,0.000000,0.000000,0.000000,0.000000,0.000000,0.000000,0.000000,0.000000,0.000000,0.000000,0.000000,0.000000,0.000000,0.000000,0.000000,0.000000,0.000000,0.000000,0.000000,0.000000,0.000000,0.000000,0.000000,0.000000,0.000000,0.000000,0.000000,0.000000,415.143519,534.194694,-146.971231,415.676513,539.609678,-125.136004,417.361183,539.311598,-125.149169,419.100402,539.019759,-125.119660,409.032022,539.615614,-127.408379,405.688137,539.248852,-127.367945,402.151070,538.825071,-127.304432,418.410172,533.871722,-22.712410,392.445560,533.392254,-33.508644,417.533381,524.945235,-108.752343,408.686281,523.798773,-111.807781,440.046596,495.227841,-0.399328,362.605191,483.355394,39.776937,483.011815,510.649931,-108.317435,338.721266,417.931167,93.165699,516.366915,554.910028,-291.316921,320.569697,361.723661,56.896909,528.772824,567.361274,-333.835722,313.950283,343.379793,46.839397,526.322417,570.082193,-347.521522,317.155576,341.510747,17.533209,521.371246,564.716052,-304.500725,320.887827,347.635609,44.734423,411.058445,361.026631,-18.845307,361.840373,365.134056,18.839783,408.182635,261.456038,-32.505809,340.945295,266.866292,-1.829407,415.771278,166.039409,81.453802,320.084241,182.298211,116.091160,414.133132,158.298293,86.000303,321.721744,174.845239,120.744429,409.384359,138.418888,-44.040730,311.365188,148.568358,-0.223896
0.000000,0.000000,0.000000,0.000000,0.000000,0.000000,0.000000,0.000000,0.000000,0.000000,0.000000,0.000000,0.000000,0.000000,0.000000,0.000000,0.000000,0.000000,0.000000,0.000000,0.000000,0.000000,0.000000,0.000000,0.000000,0.000000,0.000000,0.000000,0.000000,0.000000,0.000000,0.000000,0.000000,0.000000,0.000000,0.000000,0.000000,0.000000,0.000000,0.000000,0.000000,0.000000,0.000000,0.000000,0.000000,0.000000,0.000000,0.000000,0.000000,0.000000,0.000000,0.000000,415.195647,532.804709,-146.524982,415.754387,538.343846,-124.811940,417.441300,538.056174,-124.825141,419.183667,537.776492,-124.792591,409.089317,538.338259,-127.482505,405.720644,537.973009,-127.446494,402.155796,537.552808,-127.391173,418.498854,532.654378,-21.992197,392.434980,532.228835,-33.814382,417.561245,523.584410,-108.285902,408.736480,522.347967,-111.782556,440.083729,493.773381,0.307241,362.568590,482.171877,39.177225,482.897057,507.320669,-109.701333,338.709405,416.925755,92.673054,515.415355,553.459100,-292.439220,320.490515,360.709582,56.786227,527.372564,565.935212,-334.632008,313.731845,342.411538,46.950392,524.765246,568.705423,-348.107898,316.937176,340.558559,17.810892,519.966525,563.400090,-305.313964,320.744393,346.717899,44.733253,411.243738,360.046755,-18.705155,361.971242,364.107558,18.702516,407.962915,260.875994,-32.034677,341.165412,266.118320,-2.366837,415.179397,165.593028,81.253824,319.934141,181.704850,113.975965,413.603137,157.845709,85.774868,321.402817,174.287330,118.459312,408.545326,138.280647,-43.327022,311.197634,148.308561,-2.137569
0.000000,0.000000,0.000000,0.000000,0.000000,0.000000,0.000000,0.000000,0.000000,0.000000,0.000000,0.000000,0.000000,0.000000,0.000000,0.000000,0.000000,0.000000,0.000000,0.000000,0.000000,0.000000,0.000000,0.000000,0.000000,0.000000,0.000000,0.000000,0.000000,0.000000,0.000000,0.000000,0.000000,0.000000,0.000000,0.000000,0.000000,0.000000,0.000000,0.000000,0.000000,0.000000,0.000000,0.000000,0.000000,0.000000,0.000000,0.000000,0.000000,0.000000,0.000000,0.000000,415.233992,531.258919,-145.067279,415.812182,536.926405,-123.495048,417.498380,536.649259,-123.507990,419.240752,536.381795,-123.472392,409.130273,536.913040,-126.577376,405.738339,536.551992,-126.546010,402.146398,536.138185,-126.499230,418.546400,531.281567,-20.612814,392.414202,530.923828,-33.603015,417.567936,522.075485,-106.945708,408.776092,520.752769,-110.912291,440.071957,492.127826,1.437135,362.508468,480.826061,38.584729,482.724942,503.742940,-110.339423,338.692344,415.753070,91.729908,514.347490,551.881453,-292.309194,320.426960,359.583664,56.090419,525.807323,564.339473,-334.077734,313.513903,341.347529,46.448444,523.043318,567.148483,-347.392740,316.726889,339.522179,17.536640,518.415413,561.931544,-304.871291,320.613264,345.697772,44.161482,411.437076,358.893574,-18.491308,362.104285,362.913233,18.490767,407.728055,260.181695,-31.520464,341.407285,265.234731,-3.169647,414.552569,165.134377,81.114383,319.758208,181.016270,111.426264,413.030363,157.375451,85.615002,321.011836,173.642316,115.738825,407.767017,138.111240,-42.321394,311.028965,148.009571,-4.268621
0.000000,0.000000,0.000000,0.000000,0.000000,0.000000,0.000000,0.000000,0.000000,0.000000,0.000000,0.000000,0.000000,0.000000,0.000000,0.000000,0.000000,0.000000,0.000000,0.000000,0.000000,0.000000,0.000000,0.000000,0.000000,0.000000,0.000000,0.000000,0.000000,0.000000,0.000000,0.000000,0.000000,0.000000,0.000000,0.000000,0.000000,0.000000,0.000000,0.000000,0.000000,0.000000,0.000000,0.000000,0.000000,0.000000,0.000000,0.000000,0.000000,0.000000,0.000000,0.000000,415.258554,529.557323,-142.598121,415.849900,535.357357,-121.185328,417.532423,535.090853,-121.197716,419.271655,534.835670,-121.159062,409.154889,535.339955,-124.692993,405.741221,534.985801,-124.666494,402.122878,534.581203,-124.628602,418.552812,529.753290,-18.574262,392.383228,529.477233,-32.874542,417.553456,520.418460,-104.731759,408.805119,519.013182,-109.196987,440.011280,490.291175,2.990354,362.424824,479.317947,37.999451,482.495469,499.916744,-110.231706,338.670083,414.413112,90.336260,513.163321,550.177087,-290.926844,320.379031,358.345905,54.809487,524.077101,562.574058,-332.172901,313.296458,340.187767,45.333552,521.156632,565.411374,-345.376049,316.524714,338.401606,16.710453,516.717910,560.310413,-303.172706,320.494440,344.575228,43.019110,411.638460,357.567087,-18.203765,362.239499,361.551080,18.204537,407.478054,259.373141,-30.963170,341.670914,264.215526,-4.237837,413.890796,164.663454,81.035479,319.556443,180.232472,108.442056,412.414807,156.887518,85.520704,320.548803,172.910196,112.582969,407.049431,137.910667,-41.023845,310.859182,147.671388,-6.617053
0.000000,0.000000,0.000000,0.000000,0.000000,0.000000,0.000000,0.000000,0.000000,0.000000,0.000000,0.000000,0.000000,0.000000,0.000000,0.000000,0.000000,0.000000,0.000000,0.000000,0.000000,0.000000,0.000000,0.000000,0.000000,0.000000,0.000000,0.000000,0.000000,0.000000,0.000000,0.000000,0.000000,0.000000,0.000000,0.000000,0.000000,0.000000,0.000000,0.000000,0.000000,0.000000,0.000000,0.000000,0.000000,0.000000,0.000000,0.000000,0.000000,0.000000,0.000000,0.000000,415.269333,527.699922,-139.117508,415.867538,533.636700,-117.882780,417.543429,533.380955,-117.894319,419.276376,533.138115,-117.852602,409.163164,533.619005,-121.829355,405.729291,533.274437,-121.807946,402.085234,532.881862,-121.779289,418.518089,528.069545,-15.876540,392.342057,527.889050,-31.628963,417.517804,518.613334,-101.644057,408.823560,517.129203,-106.636644,439.901698,488.263427,4.966899,362.317658,477.647535,37.421390,482.208640,495.842081,-109.378180,338.642621,412.905883,88.492110,511.862848,548.346000,-288.292169,320.346730,356.996306,52.943430,522.181898,560.638966,-328.917509,313.079508,338.932250,43.605718,519.105189,563.494095,-342.057825,316.330653,337.196842,15.332331,514.874016,558.536698,-300.218209,320.387921,343.350267,41.306136,411.847888,356.067294,-17.842526,362.376886,360.021100,17.843826,407.212914,258.450331,-30.362795,341.956299,263.060705,-5.571408,413.194076,164.180261,81.017112,319.328845,179.353455,105.023341,411.756472,156.381910,85.491975,320.013717,172.090971,108.991742,406.392570,137.678929,-39.434376,310.688285,147.294011,-9.182865
0.000000,0.000000,0.000000,0.000000,0.000000,0.000000,0.000000,0.000000,0.000000,0.000000,0.000000,0.000000,0.000000,0.000000,0.000000,0.000000,0.000000,0.000000,0.000000,0.000000,0.000000,0.000000,0.000000,0.000000,0.000000,0.000000,0.000000,0.000000,0.000000,0.000000,0.000000,0.000000,0.000000,0.000000,0.000000,0.000000,0.000000,0.000000,0.000000,0.000000,0.000000,0.000000,0.000000,0.000000,0.000000,0.000000,0.000000,0.000000,0.000000,0.000000,0.000000,0.000000,415.266329,525.686716,-134.625441,415.865099,531.764435,-113.587405,417.531398,531.519565,-113.597799,419.254917,531.289132,-113.553011,409.155100,531.750190,-117.986463,405.702548,531.417899,-117.970366,402.033468,531.040162,-117.951292,418.442231,526.230334,-12.519648,392.290690,526.159279,-29.866278,417.460981,516.660109,-97.682600,408.831416,515.100834,-103.231263,439.743211,486.044584,7.366768,362.186970,475.814825,36.850546,481.864453,491.518952,-107.778846,338.609960,411.231381,86.197459,510.446071,546.388195,-284.405169,320.330055,355.534866,50.492247,520.121715,558.534197,-324.311557,312.863054,337.580979,41.264939,516.888989,561.396648,-337.438067,316.144704,335.907886,13.402273,512.883731,556.610397,-296.007799,320.293707,342.022889,39.022562,412.065362,354.394196,-17.407591,362.516446,358.323292,17.408634,406.932634,257.413266,-29.719339,342.263440,261.770266,-7.170358,412.462409,163.684797,81.059282,319.075414,178.379219,101.170120,411.055356,155.858628,85.528814,319.406578,171.184640,104.965146,405.796433,137.416025,-37.552985,310.516273,146.877441,-11.966057
0.000000,0.000000,0.000000,0.000000,0.000000,0.000000,0.000000,0.000000,0.000000,0.000000,0.000000,0.000000,0.000000,0.000000,0.000000,0.000000,0.000000,0.000000,0.000000,0.000000,0.000000,0.000000,0.000000,0.000000,0.000000,0.000000,0.000000,0.000000,0.000000,0.000000,0.000000,0.000000,0.000000,0.000000,0.000000,0.000000,0.000000,0.000000,0.000000,0.000000,0.000000,0.000000,0.000000,0.000000,0.000000,0.000000,0.000000,0.000000,0.000000,0.000000,0.000000,0.000000,415.249542,523.517704,-129.121920,415.842581,529.740562,-108.299201,417.496331,529.506684,-108.308156,419.207276,529.288720,-108.260290,409.130696,529.733510,-113.164316,405.660993,529.416187,-113.153754,401.967578,529.056103,-113.144609,418.325239,524.235657,-8.503587,392.229125,524.287920,-27.586487,417.382986,514.558783,-92.847390,408.828686,512.928075,-98.980842,439.535819,483.634645,10.189962,362.032761,473.819817,36.286919,481.462910,486.947356,-105.433705,338.572098,409.389607,83.452306,508.912991,544.303669,-279.265845,320.329008,353.961587,47.455939,517.896552,556.259750,-318.355045,312.647097,336.133954,38.311217,514.508031,559.119030,-331.516775,315.966867,334.534738,10.920281,510.747056,554.531512,-290.541477,320.211799,340.593094,36.168388,412.290881,352.547792,-16.898960,362.658178,356.457656,16.898961,406.637214,256.261945,-29.032803,342.592338,260.344212,-9.034688,411.695797,163.177062,81.161989,318.796151,177.309765,96.882393,410.311460,155.317672,85.631221,318.727387,170.191204,100.503180,405.261019,137.121955,-35.379674,310.343148,146.421678,-14.966629
0.000000,0.000000,0.000000,0.000000,0.000000,0.000000,0.000000,0.000000,0.000000,0.000000,0.000000,0.000000,0.000000,0.000000,0.000000,0.000000,0.000000,0.000000,0.000000,0.000000,0.000000,0.000000,0.000000,0.000000,0.000000,0.000000,0.000000,0.000000,0.000000,0.000000,0.000000,0.000000,0.000000,0.000000,0.000000,0.000000,0.000000,0.000000,0.000000,0.000000,0.000000,0.000000,0.000000,0.000000,0.000000,0.000000,0.000000,0.000000,0.000000,0.000000,0.000000,0.000000,415.218972,521.192887,-122.606944,415.799985,527.565081,-102.018170,417.438226,527.342311,-102.025390,419.133454,527.136879,-101.974438,409.089952,527.568965,-107.362915,405.604626,527.269302,-107.358109,401.887566,526.929684,-107.359242,418.167112,522.085512,-3.828355,392.157364,522.274973,-24.789590,417.283819,512.309357,-87.138426,408.815369,510.610925,-93.885382,439.279522,481.033611,13.436482,361.855030,471.662510,35.730509,481.004009,482.127293,-102.342755,338.529037,407.380560,80.256651,507.263606,542.092425,-272.874196,320.343587,352.276467,43.834506,515.506407,553.815627,-311.047974,312.431636,334.591175,34.744552,511.962316,556.661244,-324.293950,315.797144,333.077398,7.886354,508.463990,552.300043,-283.819243,320.142195,339.060881,32.743612,412.524445,350.528083,-16.316633,362.802082,354.424193,16.314807,406.326654,254.996369,-28.303186,342.942991,258.782540,-11.164398,410.894238,162.657057,81.325232,318.491055,176.145092,92.160159,409.524784,154.759041,85.799196,317.976142,169.110662,95.605844,404.786330,136.796720,-32.914442,310.168908,145.926722,-18.184581
0.000000,0.000000,0.000000,0.000000,0.000000,0.000000,0.000000,0.000000,0.000000,0.000000,0.000000,0.000000,0.000000,0.000000,0.000000,0.000000,0.000000,0.000000,0.000000,0.000000,0.000000,0.000000,0.000000,0.000000,0.000000,0.000000,0.000000,0.000000,0.000000,0.000000,0.000000,0.000000,0.000000,0.000000,0.000000,0.000000,0.000000,0.000000,0.000000,0.000000,0.000000,0.000000,0.000000,0.000000,0.000000,0.000000,0.000000,0.000000,0.000000,0.000000,0.000000,0.000000,415.114263,518.357223,-120.646116,415.683753,524.885551,-100.461200,417.329100,524.692511,-100.468038,419.021850,524.508469,-100.417706,408.924626,524.855303,-105.306343,405.429132,524.566071,-105.298036,401.703158,524.211882,-105.301475,418.013555,519.431986,-5.009600,392.037332,519.465703,-24.880176,417.192875,509.476276,-86.337161,408.693472,507.667551,-92.556213,439.140458,477.625171,11.555208,361.731908,468.654413,33.092295,481.016579,478.197179,-106.789479,338.429884,405.120052,75.559796,505.307835,539.549936,-282.090464,320.172689,350.152550,37.403931,512.024747,551.705035,-320.669828,312.181376,332.713095,28.251025,508.339218,554.701419,-333.132383,315.642591,331.270014,1.908453,505.255839,550.295489,-292.663265,319.979734,337.143838,26.564678,412.729828,347.375525,-15.657677,362.777753,351.476017,15.647322,406.118518,253.000451,-28.354047,343.405388,256.618716,-12.412733,410.488469,162.623832,84.269311,318.039945,174.586915,91.181639,408.919049,154.702339,89.381900,316.940680,167.782452,94.551559,405.195224,136.596125,-27.211273,310.036093,145.308418,-19.335309
0.000000,0.000000,0.000000,0.000000,0.000000,0.000000,0.000000,0.000000,0.000000,0.000000,0.000000,0.000000,0.000000,0.000000,0.000000,0.000000,0.000000,0.000000,0.000000,0.000000,0.000000,0.000000,0.000000,0.000000,0.000000,0.000000,0.000000,0.000000,0.000000,0.000000,0.000000,0.000000,0.000000,0.000000,0.000000,0.000000,0.000000,0.000000,0.000000,0.000000,0.000000,0.000000,0.000000,0.000000,0.000000,0.000000,0.000000,0.000000,0.000000,0.000000,0.000000,0.000000,415.048410,515.898655,-121.373530,415.585629,522.609297,-101.435763,417.228322,522.445719,-101.442191,418.917661,522.288378,-101.391349,408.808705,522.538841,-106.387890,405.303384,522.259111,-106.381327,401.568035,521.906835,-106.390334,417.906592,517.226293,-6.628977,391.913045,517.115609,-27.044330,417.115293,507.082839,-87.366629,408.664315,505.220661,-93.743667,438.990164,474.913420,10.433842,361.574971,466.030214,29.908651,480.854186,474.301665,-107.355958,338.360055,402.879246,71.598886,503.068972,536.286833,-281.786205,320.102013,348.188737,33.515806,508.978081,548.750884,-319.902524,311.927709,330.960138,24.581042,505.228136,551.790902,-331.966626,315.426122,329.575147,-1.573672,502.386960,547.339579,-291.965905,319.835407,335.335022,22.796552,413.015618,344.873559,-14.841394,362.963980,349.011425,14.827340,406.026217,251.209406,-26.291118,343.893934,254.725716,-13.402906,410.006411,162.313076,89.102587,317.695592,173.458129,91.054377,408.229499,154.358316,94.617820,316.315366,166.737521,94.576136,405.192408,136.307256,-20.230534,309.942943,144.797613,-19.119625
0.000000,0.000000,0.000000,0.000000,0.000000,0.000000,0.000000,0.000000,0.000000,0.000000,0.000000,0.000000,0.000000,0.000000,0.000000,0.000000,0.000000,0.000000,0.000000,0.000000,0.000000,0.000000,0.000000,0.000000,0.000000,0.000000,0.000000,0.000000,0.000000,0.000000,0.000000,0.000000,0.000000,0.000000,0.000000,0.000000,0.000000,0.000000,0.000000,0.000000,0.000000,0.000000,0.000000,0.000000,0.000000,0.000000,0.000000,0.000000,0.000000,0.000000,0.000000,0.000000,414.987587,513.611735,-122.439380,415.490960,520.483727,-102.733696,417.130174,520.347013,-102.739789,418.815095,520.213976,-102.688635,408.698667,520.376639,-107.783082,405.185189,520.105318,-107.778105,401.441935,519.753690,-107.792220,417.798124,515.174552,-8.481299,391.798132,514.917770,-29.408766,417.047852,504.846787,-88.687198,408.640426,502.947193,-95.210134,438.861031,472.385936,9.155976,361.426066,463.572971,26.700910,480.732113,470.713032,-108.054446,338.301952,400.758388,67.710820,500.957783,533.198899,-281.784005,320.029918,346.330961,29.674953,506.124969,545.988052,-319.496471,311.689992,329.301931,20.934196,502.317354,549.071880,-331.103622,315.217256,327.970825,-5.081288,499.692790,544.551795,-291.586533,319.694274,333.617991,19.051693,413.296029,342.539994,-14.035196,363.164263,346.711484,14.017748,405.968776,249.531664,-24.168873,344.338832,252.964478,-14.269242,409.575478,162.037548,93.847277,317.375983,172.428995,91.206344,407.596586,154.053319,99.736148,315.745325,165.773994,94.899184,405.206594,136.040797,-13.523873,309.853768,144.328916,-18.604995
0.000000,0.000000,0.000000,0.000000,0.000000,0.000000,0.000000,0.000000,0.000000,0.000000,0.000000,0.000000,0.000000,0.000000,0.000000,0.000000,0.000000,0.000000,0.000000,0.000000,0.000000,0.000000,0.000000,0.000000,0.000000,0.000000,0.000000,0.000000,0.000000,0.000000,0.000000,0.000000,0.000000,0.000000,0.000000,0.000000,0.000000,0.000000,0.000000,0.000000,0.000000,0.000000,0.000000,0.000000,0.000000,0.000000,0.000000,0.000000,0.000000,0.000000,0.000000,0.000000,414.931793,511.496462,-123.843667,415.399746,518.508843,-104.354998,417.034655,518.396394,-104.360830,418.714153,518.285263,-104.309562,408.594513,518.368699,-109.491918,405.074548,518.104693,-109.488370,401.324856,517.752449,-109.507132,417.688150,513.276764,-10.566567,391.692593,512.872185,-31.973487,416.990552,502.768118,-90.298865,408.621805,500.847146,-96.955615,438.753058,470.042720,7.721609,361.285193,461.282683,23.469071,480.650360,467.431282,-108.884945,338.255573,398.757480,63.895597,498.974267,530.286133,-282.083865,319.956405,344.579220,25.881371,503.465411,543.416540,-319.451669,311.468226,327.738475,17.310489,499.606871,546.544353,-330.543373,315.015996,326.457050,-8.614393,497.173330,541.932138,-291.525150,319.556336,331.992744,15.330102,413.571058,340.374829,-13.239081,363.378600,344.576194,13.218544,405.946194,247.967225,-21.987313,344.740084,251.335002,-15.011741,409.195670,161.797250,98.503381,317.081118,171.499515,91.637539,407.020308,153.787350,104.736886,315.230556,164.891873,95.520703,405.237782,135.796749,-7.091290,309.768568,143.902329,-17.791419
0.000000,0.000000,0.000000,0.000000,0.000000,0.000000,0.000000,0.000000,0.000000,0.000000,0.000000,0.000000,0.000000,0.000000,0.000000,0.000000,0.000000,0.000000,0.000000,0.000000,0.000000,0.000000,0.000000,0.000000,0.000000,0.000000,0.000000,0.000000,0.000000,0.000000,0.000000,0.000000,0.000000,0.000000,0.000000,0.000000,0.000000,0.000000,0.000000,0.000000,0.000000,0.000000,0.000000,0.000000,0.000000,0.000000,0.000000,0.000000,0.000000,0.000000,0.000000,0.000000,414.881028,509.552837,-125.586390,415.311986,516.684643,-106.299671,416.941767,516.593862,-106.305316,418.614834,516.502239,-106.254131,408.496242,516.515019,-111.514398,404.971460,516.257235,-111.512123,401.216800,515.903112,-111.535071,417.576671,511.532928,-12.884781,391.596427,510.978854,-34.738490,416.943394,500.846834,-92.201632,408.608453,498.920522,-98.980111,438.666246,467.883770,6.130742,361.152353,459.159350,20.213135,480.608927,464.456414,-109.847454,338.220920,396.876520,60.153217,497.118425,527.548534,-282.685784,319.881473,342.933515,22.135061,500.999407,541.036348,-319.768118,311.262410,326.269768,13.709919,497.096688,544.208321,-330.285878,314.822340,325.033821,-12.172989,494.828578,539.480607,-291.781756,319.421592,330.459281,11.631777,413.840708,338.378064,-12.453050,363.606993,342.605553,12.429729,405.958472,246.516090,-19.746438,345.097688,249.837288,-15.630403,408.866988,161.592182,103.070899,316.810998,170.669687,92.347961,406.500666,153.560407,109.620032,314.771059,164.091156,96.440693,405.285973,135.575111,-0.932785,309.687343,143.517851,-16.678898
0.000000,0.000000,0.000000,0.000000,0.000000,0.000000,0.000000,0.000000,0.000000,0.000000,0.000000,0.000000,0.000000,0.000000,0.000000,0.000000,0.000000,0.000000,0.000000,0.000000,0.000000,0.000000,0.000000,0.000000,0.000000,0.000000,0.000000,0.000000,0.000000,0.000000,0.000000,0.000000,0.000000,0.000000,0.000000,0.000000,0.000000,0.000000,0.000000,0.000000,0.000000,0.000000,0.000000,0.000000,0.000000,0.000000,0.000000,0.000000,0.000000,0.000000,0.000000,0.000000,414.835292,507.780860,-127.667548,415.227682,515.011129,-108.567713,416.851508,514.939416,-108.573246,418.517139,514.864905,-108.522343,408.403855,514.815600,-113.850522,404.875926,514.562944,-113.849362,401.117766,514.205678,-113.876038,417.463687,509.943045,-15.435940,391.509634,509.237777,-37.703777,416.906376,499.082935,-94.395499,408.600370,497.167318,-101.283620,438.600594,465.909088,4.383374,361.027546,457.202973,16.933102,480.607813,461.788428,-110.941973,338.197991,395.115509,56.483681,495.390256,524.986104,-283.589761,319.805123,341.393845,18.436023,498.726956,538.847475,-320.445818,311.072545,324.895813,10.132488,494.786805,542.063784,-330.331137,314.636289,323.701138,-15.757074,492.658535,537.197202,-292.356350,319.290042,329.017603,7.956721,414.104977,336.549700,-11.677103,363.849440,340.799564,11.651302,406.005610,245.178258,-17.446248,345.411644,248.471335,-16.125227,408.589432,161.422343,107.549831,316.565623,169.939512,93.337612,406.037660,153.372490,114.385587,314.366834,163.371844,97.659153,405.351165,135.375883,4.951642,309.610093,143.175481,-15.267432
0.000000,0.000000,0.000000,0.000000,0.000000,0.000000,0.000000,0.000000,0.000000,0.000000,0.000000,0.000000,0.000000,0.000000,0.000000,0.000000,0.000000,0.000000,0.000000,0.000000,0.000000,0.000000,0.000000,0.000000,0.000000,0.000000,0.000000,0.000000,0.000000,0.000000,0.000000,0.000000,0.000000,0.000000,0.000000,0.000000,0.000000,0.000000,0.000000,0.000000,0.000000,0.000000,0.000000,0.000000,0.000000,0.000000,0.000000,0.000000,0.000000,0.000000,0.000000,0.000000,414.794585,506.180531,-130.087144,415.146832,513.488300,-111.159125,416.763880,513.433057,-111.164619,418.421068,513.373260,-111.114196,408.317350,513.270442,-116.500291,404.787946,513.021821,-116.500089,401.027754,512.660147,-116.530031,417.349197,508.507115,-18.220044,391.432215,507.648955,-40.869346,416.879500,497.476419,-96.880465,408.597555,495.587537,-103.866143,438.556102,464.118673,2.479506,360.910771,455.413552,13.628972,480.647020,459.427325,-112.168502,338.186788,393.474446,52.886988,493.789760,522.598842,-284.795798,319.727354,339.960212,14.784257,496.648059,536.849922,-321.484770,310.898630,323.616607,6.578194,492.677221,540.110742,-330.679150,314.457842,322.459001,-19.366650,490.663202,535.081924,-293.248933,319.161687,327.667709,4.304931,414.363866,334.889737,-10.911239,364.105941,339.158224,10.883265,406.087607,243.953729,-15.086742,345.681954,247.237144,-16.496215,408.363001,161.287733,111.940177,316.344992,169.308991,94.606492,405.631289,153.223601,119.033551,314.017881,162.733937,99.176084,405.433359,135.199066,10.561991,309.536818,142.875221,-13.557021
0.000000,0.000000,0.000000,0.000000,0.000000,0.000000,0.000000,0.000000,0.000000,0.000000,0.000000,0.000000,0.000000,0.000000,0.000000,0.000000,0.000000,0.000000,0.000000,0.000000,0.000000,0.000000,0.000000,0.000000,0.000000,0.000000,0.000000,0.000000,0.000000,0.000000,0.000000,0.000000,0.000000,0.000000,0.000000,0.000000,0.000000,0.000000,0.000000,0.000000,0.000000,0.000000,0.000000,0.000000,0.000000,0.000000,0.000000,0.000000,0.000000,0.000000,0.000000,0.000000,414.758907,504.751849,-132.845175,415.069438,512.116156,-114.073908,416.678881,512.074785,-114.079437,418.326620,512.027304,-114.029692,408.236730,511.879545,-119.463704,404.707518,511.633865,-119.464302,400.946764,511.266520,-119.497051,417.233202,507.225137,-21.237094,391.364170,506.212386,-44.235200,416.862765,496.027288,-99.656531,408.600009,494.181177,-106.727680,438.532771,462.512525,0.419137,360.802029,453.791086,10.300745,480.726546,457.373104,-113.527041,338.187309,391.953332,49.363138,492.316937,520.386748,-286.303895,319.648167,338.632614,11.179762,494.762717,535.043689,-322.884972,310.740666,322.432152,3.047038,490.767937,538.349195,-331.329917,314.287001,321.307410,-23.001715,488.842577,533.134772,-294.459504,319.036526,326.409599,0.676409,414.617375,333.398174,-10.155460,364.376498,337.681535,10.125616,406.204464,242.842503,-12.667922,345.908616,246.134714,-16.743366,408.187696,161.188352,116.241937,316.149105,168.778122,96.154599,405.281555,153.113738,123.563924,313.724201,162.177434,100.991486,405.532556,135.044659,15.898262,309.467518,142.617070,-11.547664
0.000000,0.000000,0.000000,0.000000,0.000000,0.000000,0.000000,0.000000,0.000000,0.000000,0.000000,0.000000,0.000000,0.000000,0.000000,0.000000,0.000000,0.000000,0.000000,0.000000,0.000000,0.000000,0.000000,0.000000,0.000000,0.000000,0.000000,0.000000,0.000000,0.000000,0.000000,0.000000,0.000000,0.000000,0.000000,0.000000,0.000000,0.000000,0.000000,0.000000,0.000000,0.000000,0.000000,0.000000,0.000000,0.000000,0.000000,0.000000,0.000000,0.000000,0.000000,0.000000,414.728259,503.494815,-135.941642,414.995498,510.894697,-117.312060,416.596512,510.864600,-117.317699,418.233796,510.827038,-117.268830,408.161992,510.642909,-122.740761,404.634645,510.399077,-122.742003,400.874797,510.024796,-122.777098,417.115702,506.097112,-24.487089,391.305498,504.928072,-47.801336,416.856171,494.735541,-102.723696,408.607731,492.948239,-109.868231,438.530600,461.090644,-1.797732,360.701319,452.335575,6.948421,480.846392,455.625766,-115.017590,338.199556,390.552167,45.912132,490.971788,518.349822,-288.114050,319.567561,337.411052,7.622539,493.070927,533.428775,-324.646426,310.598652,321.342447,-0.460980,489.058952,536.779143,-332.283438,314.123763,320.246366,-26.662270,487.196662,531.355746,-295.988064,318.914560,325.243274,-2.928845,414.865503,332.075011,-9.409764,364.661110,336.369497,9.378356,406.356180,241.844580,-10.189787,346.091631,245.164047,-16.866679,408.063516,161.124201,120.455112,315.977963,168.346905,97.981934,404.988456,153.042902,127.976706,313.485792,161.702337,103.105359,405.648755,134.912663,20.960455,309.402193,142.401028,-9.239362
0.000000,0.000000,0.000000,0.000000,0.000000,0.000000,0.000000,0.000000,0.000000,0.000000,0.000000,0.000000,0.000000,0.000000,0.000000,0.000000,0.000000,0.000000,0.000000,0.000000,0.000000,0.000000,0.000000,0.000000,0.000000,0.000000,0.000000,0.000000,0.000000,0.000000,0.000000,0.000000,0.000000,0.000000,0.000000,0.000000,0.000000,0.000000,0.000000,0.000000,0.000000,0.000000,0.000000,0.000000,0.000000,0.000000,0.000000,0.000000,0.000000,0.000000,0.000000,0.000000,414.702639,502.409429,-139.376546,414.925013,509.823923,-120.873582,416.516773,509.802501,-120.879405,418.142596,509.772460,-120.831610,408.093138,509.560534,-126.331463,404.569325,509.317456,-126.333191,400.811851,508.934975,-126.370171,416.996696,505.123040,-27.970031,391.256200,503.796011,-51.567756,416.859718,493.601178,-106.081960,408.620721,491.888723,-113.287795,438.549590,459.853031,-4.171101,360.608642,451.047020,3.572000,481.006558,454.185310,-116.640150,338.223528,389.270950,42.533969,489.754313,516.488064,-290.226264,319.485537,336.295526,4.112588,491.572692,532.005181,-326.769130,310.472589,320.347493,-3.945860,487.550267,535.400587,-333.539714,313.968131,319.275868,-30.348315,485.725455,529.744847,-297.834612,318.795788,324.168733,-6.510832,415.108251,330.920249,-8.674153,364.959776,335.222109,8.641485,406.542756,240.959961,-7.652337,346.230999,244.325140,-16.866155,407.990462,161.095279,124.579700,315.831565,168.015342,100.088498,404.751993,153.011092,132.271897,313.302656,161.308644,105.517703,405.781955,134.803077,25.748571,309.340843,142.227094,-6.632114
0.000000,0.000000,0.000000,0.000000,0.000000,0.000000,0.000000,0.000000,0.000000,0.000000,0.000000,0.000000,0.000000,0.000000,0.000000,0.000000,0.000000,0.000000,0.000000,0.000000,0.000000,0.000000,0.000000,0.000000,0.000000,0.000000,0.000000,0.000000,0.000000,0.000000,0.000000,0.000000,0.000000,0.000000,0.000000,0.000000,0.000000,0.000000,0.000000,0.000000,0.000000,0.000000,0.000000,0.000000,0.000000,0.000000,0.000000,0.000000,0.000000,0.000000,0.000000,0.000000,414.682049,501.495690,-143.149886,414.857983,508.903835,-124.758474,416.439664,508.888488,-124.764555,418.053019,508.863572,-124.718032,408.030168,508.632419,-130.235809,404.511558,508.389003,-130.237866,400.757928,507.997058,-130.276272,416.876185,504.302920,-31.685917,391.216276,502.816205,-55.534459,416.873406,492.624199,-109.731325,408.638980,491.002629,-116.986374,438.589740,458.799685,-6.700971,360.523998,449.925420,0.171481,481.207044,453.051736,-118.394719,338.259225,388.109683,39.228650,488.664510,514.801474,-292.640538,319.402095,335.286035,0.649908,490.268011,530.772906,-329.253086,310.362476,319.447288,-7.407602,486.241882,534.213525,-335.098743,313.820103,318.395916,-34.059850,484.428958,528.302074,-299.999149,318.680210,323.185976,-10.069552,415.345619,329.933887,-7.948625,365.272497,334.239371,7.915003,406.764191,240.188645,-5.055572,346.326720,243.617996,-16.741795,407.968534,161.101587,128.615703,315.709911,167.783432,102.474290,404.572166,153.018309,136.449497,313.174792,160.996356,108.228518,405.932158,134.715901,30.262608,309.283468,142.095270,-3.725921
0.000000,0.000000,0.000000,0.000000,0.000000,0.000000,0.000000,0.000000,0.000000,0.000000,0.000000,0.000000,0.000000,0.000000,0.000000,0.000000,0.000000,0.000000,0.000000,0.000000,0.000000,0.000000,0.000000,0.000000,0.000000,0.000000,0.000000,0.000000,0.000000,0.000000,0.000000,0.000000,0.000000,0.000000,0.000000,0.000000,0.000000,0.000000,0.000000,0.000000,0.000000,0.000000,0.000000,0.000000,0.000000,0.000000,0.000000,0.000000,0.000000,0.000000,0.000000,0.000000,414.666488,500.753600,-147.261662,414.794408,508.134431,-128.966736,416.365185,508.122563,-128.973149,417.965066,508.100373,-128.928096,407.973080,507.858566,-134.453799,404.461345,507.613717,-134.456028,400.713027,507.211044,-134.495399,416.754168,503.636752,-35.634749,391.185725,501.988653,-59.701445,416.897235,491.804605,-113.671788,408.662508,490.289956,-120.963967,438.651051,457.930606,-9.387341,360.447386,448.970776,-3.253135,481.447849,452.225045,-120.281299,338.306646,387.068364,35.996174,487.702381,513.290053,-295.356871,319.317234,334.382581,-2.765500,489.156883,529.731951,-332.098293,310.268314,318.641834,-10.846206,485.133796,533.217958,-336.960527,313.679680,317.606510,-37.796875,483.307169,527.027428,-302.481674,318.567826,322.295004,-13.605005,415.577606,329.115926,-7.233181,365.599273,333.421284,7.198909,407.020486,239.530632,-2.399491,346.378793,243.042613,-16.493597,407.997731,161.143124,132.563120,315.613002,167.651174,105.139310,404.448975,153.064553,140.509506,313.102199,160.765474,111.237803,406.099363,134.651136,34.502567,309.230068,142.005555,-0.520783
0.000000,0.000000,0.000000,0.000000,0.000000,0.000000,0.000000,0.000000,0.000000,0.000000,0.000000,0.000000,0.000000,0.000000,0.000000,0.000000,0.000000,0.000000,0.000000,0.000000,0.000000,0.000000,0.000000,0.000000,0.000000,0.000000,0.000000,0.000000,0.000000,0.000000,0.000000,0.000000,0.000000,0.000000,0.000000,0.000000,0.000000,0.000000,0.000000,0.000000,0.000000,0.000000,0.000000,0.000000,0.000000,0.000000,0.000000,0.000000,0.000000,0.000000,0.000000,0.000000,414.655955,500.183157,-151.711874,414.734288,507.515713,-133.498368,416.293335,507.504724,-133.505187,417.878737,507.482864,-133.461802,407.921877,507.238974,-138.985434,404.418686,506.991598,-138.987677,400.677148,506.576934,-139.027554,416.630646,503.124537,-39.816527,391.164547,501.313355,-64.068715,416.931206,491.142395,-117.903351,408.691304,489.750705,-125.220573,438.733522,457.245794,-12.230211,360.378806,448.183087,-6.701847,481.728975,451.705236,-122.299889,338.365793,386.146993,32.836541,486.867925,511.953799,-298.375263,319.230955,333.585162,-6.133636,488.239310,528.882316,-335.304751,310.190103,317.931131,-14.261672,484.226010,532.413886,-339.125064,313.546861,316.907651,-41.559390,482.360090,525.920908,-305.282188,318.458637,321.495816,-17.117190,415.804213,328.466365,-6.527821,365.940104,332.767847,6.493204,407.311641,238.985922,0.315904,346.387219,242.598992,-16.121562,408.078053,161.219890,136.421950,315.540838,167.618570,108.083558,404.382420,153.149823,144.451924,313.084879,160.615995,114.545559,406.283570,134.608781,38.468449,309.180643,141.957949,2.983300
0.000000,0.000000,0.000000,0.000000,0.000000,0.000000,0.000000,0.000000,0.000000,0.000000,0.000000,0.000000,0.000000,0.000000,0.000000,0.000000,0.000000,0.000000,0.000000,0.000000,0.000000,0.000000,0.000000,0.000000,0.000000,0.000000,0.000000,0.000000,0.000000,0.000000,0.000000,0.000000,0.000000,0.000000,0.000000,0.000000,0.000000,0.000000,0.000000,0.000000,0.000000,0.000000,0.000000,0.000000,0.000000,0.000000,0.000000,0.000000,0.000000,0.000000,0.000000,0.000000,414.650452,499.784361,-156.500522,414.677623,507.047680,-138.353370,416.224116,507.034972,-138.360669,417.794031,507.011043,-138.319150,407.876556,506.773642,-143.830712,404.383580,506.522647,-143.832813,400.650292,506.094727,-143.872735,416.505618,502.766275,-44.231250,391.152743,500.790311,-68.636268,416.975317,490.637569,-122.426014,408.725369,489.384876,-129.756194,438.837153,456.745249,-15.229582,360.318259,447.562354,-10.174657,482.050420,451.492309,-124.450489,338.436665,385.345572,29.749752,486.161143,510.792713,-301.695714,319.143257,332.893779,-9.454500,487.515290,528.224000,-338.872461,310.127842,317.315178,-17.654000,483.518523,531.801310,-341.592356,313.421648,316.299338,-45.347395,481.587720,524.982514,-308.400690,318.352642,320.788413,-20.606107,416.025440,327.985205,-5.832545,366.294989,332.279060,5.797888,407.637655,238.554516,3.090614,346.351997,242.287133,-15.625690,408.209502,161.331886,140.192195,315.493418,167.685618,111.307035,404.372501,153.274120,148.276750,313.122832,160.547922,118.151786,406.484778,134.588837,42.160252,309.135193,141.952452,6.786329
0.000000,0.000000,0.000000,0.000000,0.000000,0.000000,0.000000,0.000000,0.000000,0.000000,0.000000,0.000000,0.000000,0.000000,0.000000,0.000000,0.000000,0.000000,0.000000,0.000000,0.000000,0.000000,0.000000,0.000000,0.000000,0.000000,0.000000,0.000000,0.000000,0.000000,0.000000,0.000000,0.000000,0.000000,0.000000,0.000000,0.000000,0.000000,0.000000,0.000000,0.000000,0.000000,0.000000,0.000000,0.000000,0.000000,0.000000,0.000000,0.000000,0.000000,0.000000,0.000000,414.649978,499.557214,-161.627607,414.624413,506.730332,-143.531742,416.157526,506.713307,-143.539595,417.710949,506.684912,-143.500140,407.837119,506.462571,-148.989635,404.356027,506.206864,-148.991437,400.632457,505.764424,-149.030943,416.379085,502.561966,-48.878919,391.150313,500.419521,-73.404104,417.029570,490.290127,-127.239776,408.764702,489.192468,-134.570828,438.961945,456.428971,-18.385454,360.265745,447.108576,-13.671564,482.412185,451.586264,-126.733099,338.519262,384.664099,26.735806,485.582034,509.806796,-305.318224,319.054141,332.308432,-12.728093,486.984824,527.757004,-342.801421,310.081531,316.793975,-21.023190,483.011336,531.380228,-344.362402,313.304038,315.781571,-49.160890,480.990058,524.212247,-311.837181,318.249842,320.172794,-24.071758,416.241287,327.672445,-5.147353,366.663930,331.954924,5.112961,407.998528,238.236413,5.924640,346.273129,242.107035,-15.005982,408.392075,161.479110,143.873854,315.470742,167.852319,114.809739,404.419217,153.437444,151.983986,313.216056,160.561254,122.056484,406.702989,134.591303,45.577978,309.093718,141.989063,10.888304
0.000000,0.000000,0.000000,0.000000,0.000000,0.000000,0.000000,0.000000,0.000000,0.000000,0.000000,0.000000,0.000000,0.000000,0.000000,0.000000,0.000000,0.000000,0.000000,0.000000,0.000000,0.000000,0.000000,0.000000,0.000000,0.000000,0.000000,0.000000,0.000000,0.000000,0.000000,0.000000,0.000000,0.000000,0.000000,0.000000,0.000000,0.000000,0.000000,0.000000,0.000000,0.000000,0.000000,0.000000,0.000000,0.000000,0.000000,0.000000,0.000000,0.000000,0.000000,0.000000,414.654534,499.501714,-167.093128,414.574657,506.563668,-149.033484,416.093567,506.539728,-149.041965,417.629491,506.504470,-149.004773,407.803565,506.305761,-154.462203,404.336028,506.044247,-154.463547,400.623645,505.586024,-154.502178,416.251047,502.511609,-53.759533,391.157256,500.200985,-78.372224,417.093964,490.100070,-132.344637,408.809304,489.173482,-139.664476,439.107897,456.296961,-21.697826,360.221264,446.821754,-17.192568,482.814270,451.987102,-129.147719,338.613585,384.102575,23.794704,485.130598,508.996046,-309.242794,318.963607,331.829120,-15.954414,486.647912,527.481327,-347.091633,310.051171,316.367522,-24.369243,482.704449,531.150641,-347.435202,313.194034,315.354350,-52.999875,480.567106,523.610106,-315.591661,318.150236,319.648959,-27.514141,416.451753,327.528086,-4.472244,367.046925,331.795439,4.438423,408.394261,238.031613,8.817980,346.150613,242.058699,-14.262436,408.625774,161.661565,147.466927,315.472811,168.118673,118.591672,404.522569,153.639795,155.573630,313.364552,160.655990,126.259653,406.938202,134.616179,48.721625,309.056218,142.067784,15.289223
0.000000,0.000000,0.000000,0.000000,0.000000,0.000000,0.000000,0.000000,0.000000,0.000000,0.000000,0.000000,0.000000,0.000000,0.000000,0.000000,0.000000,0.000000,0.000000,0.000000,0.000000,0.000000,0.000000,0.000000,0.000000,0.000000,0.000000,0.000000,0.000000,0.000000,0.000000,0.000000,0.000000,0.000000,0.000000,0.000000,0.000000,0.000000,0.000000,0.000000,0.000000,0.000000,0.000000,0.000000,0.000000,0.000000,0.000000,0.000000,0.000000,0.000000,0.000000,0.000000,414.625340,499.832104,-164.307600,414.601148,506.651959,-146.169505,416.089960,506.593845,-146.176299,417.585783,506.521434,-146.137545,407.791237,506.488670,-151.947526,404.322977,506.241943,-151.950112,400.608328,505.797778,-151.991336,415.977118,502.575329,-51.187342,391.160471,500.517829,-77.234081,417.073370,490.285734,-129.682089,408.777181,489.486898,-137.488826,439.083636,456.441196,-19.088565,360.097968,447.366710,-17.158123,483.247277,452.535967,-126.774418,338.597055,384.291475,20.236090,485.652484,509.623684,-306.510693,318.861840,332.195292,-22.978403,487.340300,528.048161,-344.540096,310.012006,316.682078,-32.320806,483.280356,531.689951,-344.052352,313.140199,315.711590,-60.743453,481.045627,524.119994,-312.874460,318.104456,319.964555,-34.608136,416.527183,328.046481,-4.013220,367.259884,332.311588,3.978051,408.548475,238.387558,7.915417,345.803437,242.533401,-14.472020,408.625975,161.828303,143.199905,315.468731,168.225680,118.026587,404.619475,153.806172,150.888551,313.385041,160.605802,125.549644,406.865281,134.638466,44.098033,308.773971,142.129909,15.616289
0.000000,0.000000,0.000000,0.000000,0.000000,0.000000,0.000000,0.000000,0.000000,0.000000,0.000000,0.000000,0.000000,0.000000,0.000000,0.000000,0.000000,0.000000,0.000000,0.000000,0.000000,0.000000,0.000000,0.000000,0.000000,0.000000,0.000000,0.000000,0.000000,0.000000,0.000000,0.000000,0.000000,0.000000,0.000000,0.000000,0.000000,0.000000,0.000000,0.000000,0.000000,0.000000,0.000000,0.000000,0.000000,0.000000,0.000000,0.000000,0.000000,0.000000,0.000000,0.000000,414.656477,500.063944,-164.385348,414.537895,506.643134,-146.338791,415.980353,506.579315,-146.345391,417.419904,506.501983,-146.306724,407.801225,506.498692,-152.141678,404.363750,506.254911,-152.144325,400.666828,505.803583,-152.186658,415.562247,502.620702,-52.091403,391.251395,500.555776,-78.225199,417.132625,490.406129,-129.984653,408.842937,489.694692,-137.845388,439.190782,456.536792,-20.389840,360.001630,447.453006,-18.710385,483.601202,453.409487,-129.181961,338.673900,384.243626,17.921775,485.917697,509.777620,-311.215011,318.820549,332.159774,-25.766537,487.827084,528.696298,-349.835542,310.064076,316.695273,-35.296026,483.741226,532.379420,-348.244539,313.100382,315.716387,-63.723726,481.384726,524.539078,-317.661358,318.051124,319.924906,-37.406514,416.615116,328.159627,-3.592603,367.425284,332.430313,3.553948,408.762940,238.379283,8.000056,345.321357,242.512056,-14.083068,408.715815,162.037299,142.850623,315.426789,168.558239,119.626567,404.646988,154.045469,150.450984,313.396847,160.986318,127.288722,406.981537,134.626762,43.306522,308.744115,142.161109,18.109619
0.000000,0.000000,0.000000,0.000000,0.000000,0.000000,0.000000,0.000000,0.000000,0.000000,0.000000,0.000000,0.000000,0.000000,0.000000,0.000000,0.000000,0.000000,0.000000,0.000000,0.000000,0.000000,0.000000,0.000000,0.000000,0.000000,0.000000,0.000000,0.000000,0.000000,0.000000,0.000000,0.000000,0.000000,0.000000,0.000000,0.000000,0.000000,0.000000,0.000000,0.000000,0.000000,0.000000,0.000000,0.000000,0.000000,0.000000,0.000000,0.000000,0.000000,0.000000,0.000000,414.652748,500.458290,-163.651291,414.420058,506.813199,-145.696967,415.813332,506.743553,-145.703515,417.194532,506.661079,-145.664997,407.770247,506.681935,-151.503113,404.367164,506.437884,-151.505952,400.692703,505.977453,-151.549097,415.079345,502.820924,-52.295488,391.295506,500.740850,-78.399376,417.149635,490.703387,-129.531740,408.887521,490.068430,-137.409433,439.256685,456.817701,-21.299162,359.882129,447.677376,-19.724126,483.886656,454.538428,-131.071618,338.714299,384.354580,15.992067,486.339865,510.138447,-314.880913,318.777553,332.252193,-28.086569,488.530758,529.442641,-353.983701,310.111412,316.814633,-37.778927,484.439163,533.153562,-351.528264,313.063133,315.824327,-66.205931,481.951101,525.096108,-321.440920,317.997355,319.991263,-39.736708,416.639344,328.407439,-3.294597,367.516624,332.695020,3.252298,408.919232,238.492206,7.712832,344.803042,242.628691,-13.738330,408.797899,162.251529,141.840928,315.362621,168.926724,120.791736,404.679293,154.280606,149.322773,313.404553,161.406633,128.542653,407.089503,134.627044,41.795210,308.702982,142.200786,20.078437
0.000000,0.000000,0.000000,0.000000,0.000000,0.000000,0.000000,0.000000,0.000000,0.000000,0.000000,0.000000,0.000000,0.000000,0.000000,0.000000,0.000000,0.000000,0.000000,0.000000,0.000000,0.000000,0.000000,0.000000,0.000000,0.000000,0.000000,0.000000,0.000000,0.000000,0.000000,0.000000,0.000000,0.000000,0.000000,0.000000,0.000000,0.000000,0.000000,0.000000,0.000000,0.000000,0.000000,0.000000,0.000000,0.000000,0.000000,0.000000,0.000000,0.000000,0.000000,0.000000,414.614154,501.015142,-162.105427,414.247638,507.162152,-144.244033,415.588896,507.086557,-144.250669,416.909666,506.998721,-144.212366,407.698302,507.038398,-150.031832,404.333218,506.790863,-150.034992,400.685954,506.319386,-150.078653,414.528412,503.175994,-51.799597,391.292803,501.073050,-77.756613,417.124399,491.177506,-128.323350,408.910935,490.608110,-136.180961,439.281346,457.283923,-21.816531,359.739463,448.039820,-20.199344,484.103640,455.922791,-132.443389,338.718254,384.624337,14.446969,486.918986,510.706165,-317.508399,318.732851,332.472550,-29.938499,489.451321,530.287191,-356.984574,310.154013,317.040160,-39.769509,485.374170,534.012376,-353.903528,313.028451,316.035413,-68.190068,482.744751,525.791085,-324.213146,317.943149,320.163627,-41.598721,416.599869,328.789917,-3.119204,367.533905,333.105709,3.073102,409.017351,238.726328,7.053746,344.248491,242.883305,-13.437805,408.872227,162.470993,140.170820,315.276227,169.331133,121.522096,404.716390,154.511581,147.503918,313.408159,161.866747,129.311439,407.189181,134.639312,39.564095,308.650572,142.248942,21.522744
0.000000,0.000000,0.000000,0.000000,0.000000,0.000000,0.000000,0.000000,0.000000,0.000000,0.000000,0.000000,0.000000,0.000000,0.000000,0.000000,0.000000,0.000000,0.000000,0.000000,0.000000,0.000000,0.000000,0.000000,0.000000,0.000000,0.000000,0.000000,0.000000,0.000000,0.000000,0.000000,0.000000,0.000000,0.000000,0.000000,0.000000,0.000000,0.000000,0.000000,0.000000,0.000000,0.000000,0.000000,0.000000,0.000000,0.000000,0.000000,0.000000,0.000000,0.000000,0.000000,414.540694,501.734499,-159.747758,414.020635,507.689995,-141.979989,415.307045,507.608328,-141.986855,416.565306,507.514909,-141.948831,407.585390,507.568081,-147.727835,404.261913,507.313847,-147.731445,400.646581,506.829384,-147.775327,413.909450,503.685912,-50.603730,391.243287,501.552377,-76.296909,417.056917,491.828487,-126.359482,408.913178,491.313732,-134.159972,439.264764,457.935458,-21.941948,359.573634,448.540337,-20.136040,484.252153,457.562575,-133.297274,338.685763,385.052898,13.286478,487.655060,511.480773,-319.097467,318.686444,332.820844,-31.322327,490.588774,531.229948,-358.838159,310.191879,317.371852,-41.267772,486.546245,534.955862,-355.370331,312.996337,316.349643,-69.676137,483.765676,526.624009,-325.978036,317.888505,320.441998,-42.992550,416.496691,329.307061,-3.066422,367.477126,333.662381,3.016361,409.057296,239.081648,6.022797,343.657706,243.275898,-13.181495,408.938801,162.695691,137.840299,315.167609,169.771467,121.817645,404.758279,154.738396,144.994419,313.407665,162.366662,129.595077,407.280568,134.663567,36.613178,308.586885,142.305576,22.442539
0.000000,0.000000,0.000000,0.000000,0.000000,0.000000,0.000000,0.000000,0.000000,0.000000,0.000000,0.000000,0.000000,0.000000,0.000000,0.000000,0.000000,0.000000,0.000000,0.000000,0.000000,0.000000,0.000000,0.000000,0.000000,0.000000,0.000000,0.000000,0.000000,0.000000,0.000000,0.000000,0.000000,0.000000,0.000000,0.000000,0.000000,0.000000,0.000000,0.000000,0.000000,0.000000,0.000000,0.000000,0.000000,0.000000,0.000000,0.000000,0.000000,0.000000,0.000000,0.000000,414.432368,502.616362,-156.578283,413.739048,508.396726,-138.904835,414.967780,508.308865,-138.912072,416.161453,508.209644,-138.874390,407.431512,508.270984,-144.591121,404.153249,508.006837,-144.595312,400.574584,507.507446,-144.639119,413.222458,504.350678,-48.707887,391.146957,502.178831,-74.020264,416.947190,492.656330,-123.640137,408.894250,492.185298,-131.346466,439.206939,458.772306,-21.675412,359.384640,449.178929,-19.534214,484.332196,459.457780,-133.633272,338.616827,385.640262,12.510596,488.548088,512.462272,-319.648120,318.638330,333.297076,-32.238052,491.943116,532.270911,-359.544458,310.225011,317.809711,-42.273715,487.955388,535.984021,-355.928672,312.966790,316.767017,-70.664138,485.013877,527.594881,-326.735589,317.833425,320.826375,-43.918197,416.329809,329.958870,-3.136252,367.346288,334.365036,3.082073,409.039068,239.558167,4.619985,343.030686,243.806470,-12.969399,408.997618,162.925623,134.849364,315.036765,170.247727,121.678383,404.804961,154.961050,141.794277,313.403070,162.906376,129.393570,407.363667,134.699809,32.942458,308.511922,142.370688,22.837822
0.000000,0.000000,0.000000,0.000000,0.000000,0.000000,0.000000,0.000000,0.000000,0.000000,0.000000,0.000000,0.000000,0.000000,0.000000,0.000000,0.000000,0.000000,0.000000,0.000000,0.000000,0.000000,0.000000,0.000000,0.000000,0.000000,0.000000,0.000000,0.000000,0.000000,0.000000,0.000000,0.000000,0.000000,0.000000,0.000000,0.000000,0.000000,0.000000,0.000000,0.000000,0.000000,0.000000,0.000000,0.000000,0.000000,0.000000,0.000000,0.000000,0.000000,0.000000,0.000000,414.289177,503.660731,-152.597003,413.402877,509.282346,-135.018571,414.571099,509.188170,-135.026319,415.698106,509.082926,-134.989045,407.236667,509.147107,-140.621690,404.007226,508.869831,-140.626592,400.469963,508.353572,-140.670027,412.467435,505.170293,-46.112068,391.003814,502.952411,-70.926679,416.795217,493.661035,-120.165314,408.854152,493.222806,-127.740443,439.107871,459.794467,-21.016923,359.172482,449.955595,-18.393865,484.343768,461.608407,-133.451385,338.511446,386.386429,12.119322,489.598070,513.650662,-319.160356,318.588512,333.901245,-32.685676,493.514348,533.410081,-359.103470,310.253408,318.353736,-42.787340,489.601599,537.096852,-355.578552,312.939811,317.287536,-71.154071,486.489353,528.703699,-326.485806,317.777907,321.316759,-44.375661,416.099224,330.745346,-3.328694,367.141391,335.213672,3.270239,408.962666,240.155885,2.845311,342.367430,244.475021,-12.801517,409.048680,163.160790,131.198016,314.883696,170.759911,121.104312,404.856435,155.179543,137.903490,313.394376,163.485889,128.706916,407.438476,134.748037,28.551937,308.425681,142.444278,22.708595
0.000000,0.000000,0.000000,0.000000,0.000000,0.000000,0.000000,0.000000,0.000000,0.000000,0.000000,0.000000,0.000000,0.000000,0.000000,0.000000,0.000000,0.000000,0.000000,0.000000,0.000000,0.000000,0.000000,0.000000,0.000000,0.000000,0.000000,0.000000,0.000000,0.000000,0.000000,0.000000,0.000000,0.000000,0.000000,0.000000,0.000000,0.000000,0.000000,0.000000,0.000000,0.000000,0.000000,0.000000,0.000000,0.000000,0.000000,0.000000,0.000000,0.000000,0.000000,0.000000,414.111121,504.867606,-147.803916,413.012124,510.346856,-130.321196,414.117004,510.246241,-130.329598,415.175265,510.134754,-130.292795,407.000855,510.196450,-135.819543,403.823844,509.902831,-135.825285,400.332717,509.367762,-135.868053,411.644382,506.144756,-42.816272,390.813857,503.873118,-67.016153,416.600999,494.842602,-115.935014,408.792882,494.426257,-123.341903,438.967561,461.001941,-19.966481,358.937160,450.870334,-16.714995,484.286870,464.014455,-132.751611,338.369619,387.291399,12.112657,490.805006,515.045942,-317.634175,318.536987,334.633351,-32.665198,495.302469,534.647458,-357.515196,310.277071,319.003926,-42.808646,491.484879,538.294356,-354.319970,312.915399,317.911200,-71.145936,488.192104,529.950465,-325.228688,317.721952,321.913149,-44.364942,415.804935,331.666487,-3.643748,366.862434,336.208291,3.580860,408.828091,240.874801,0.698774,341.667939,245.281551,-12.677849,409.091987,163.401191,126.886255,314.708402,171.308021,120.095430,404.912701,155.393876,133.322059,313.381580,164.105202,127.535115,407.504996,134.808251,23.441613,308.328165,142.526346,22.054855
0.000000,0.000000,0.000000,0.000000,0.000000,0.000000,0.000000,0.000000,0.000000,0.000000,0.000000,0.000000,0.000000,0.000000,0.000000,0.000000,0.000000,0.000000,0.000000,0.000000,0.000000,0.000000,0.000000,0.000000,0.000000,0.000000,0.000000,0.000000,0.000000,0.000000,0.000000,0.000000,0.000000,0.000000,0.000000,0.000000,0.000000,0.000000,0.000000,0.000000,0.000000,0.000000,0.000000,0.000000,0.000000,0.000000,0.000000,0.000000,0.000000,0.000000,0.000000,0.000000,413.898199,506.236986,-142.199023,412.566786,511.590254,-124.812712,413.605494,511.483079,-124.821907,414.592931,511.365128,-124.785640,406.724077,511.419014,-130.184680,403.603102,511.105837,-130.191392,400.162847,510.550016,-130.233197,410.753299,507.274067,-38.820501,390.577087,504.940951,-62.288687,416.364535,496.201032,-110.949237,408.710442,495.795651,-118.150846,438.786009,462.394728,-18.524086,358.678674,451.923148,-14.497602,484.161501,466.675924,-131.533952,338.191348,388.355172,12.490600,492.168895,516.648113,-315.069577,318.483757,335.493395,-32.176618,497.307480,535.983041,-354.779634,310.295999,319.760283,-42.337632,493.605228,539.576531,-352.152927,312.893555,318.638008,-70.639733,490.122130,531.335177,-322.964233,317.665560,322.615546,-43.886041,415.446942,332.722294,-4.081413,366.509418,337.348893,4.013934,408.635343,241.714916,-1.819626,340.932213,246.226060,-12.598395,409.127538,163.646827,121.914080,314.510882,171.892055,118.651738,404.973759,155.604048,128.049984,313.364685,164.764314,125.878168,407.563226,134.880452,17.611487,308.219371,142.616893,20.876605
0.000000,0.000000,0.000000,0.000000,0.000000,0.000000,0.000000,0.000000,0.000000,0.000000,0.000000,0.000000,0.000000,0.000000,0.000000,0.000000,0.000000,0.000000,0.000000,0.000000,0.000000,0.000000,0.000000,0.000000,0.000000,0.000000,0.000000,0.000000,0.000000,0.000000,0.000000,0.000000,0.000000,0.000000,0.000000,0.000000,0.000000,0.000000,0.000000,0.000000,0.000000,0.000000,0.000000,0.000000,0.000000,0.000000,0.000000,0.000000,0.000000,0.000000,0.000000,0.000000,413.650412,507.768872,-135.782325,412.066866,513.012542,-118.493117,413.036569,512.898683,-118.503248,413.951102,512.774049,-118.467580,406.406332,512.814797,-123.717100,403.345001,512.478847,-123.724912,399.960353,511.900335,-123.765457,409.794185,508.558227,-34.124753,390.293503,506.155910,-56.744280,416.085825,497.736323,-105.207982,408.606832,497.330987,-112.167273,438.563213,463.972829,-16.689739,358.397024,453.114035,-11.741687,483.967662,469.592815,-129.798406,337.976631,389.577749,13.253151,493.689738,518.457175,-311.466564,318.428821,336.481376,-31.219935,499.529381,537.416831,-350.896786,310.310193,320.622806,-41.374300,495.962644,540.943379,-349.077423,312.874278,319.467961,-69.635462,492.279432,532.857837,-319.692442,317.608730,323.423950,-42.938956,415.025246,333.912767,-4.641690,366.082342,338.635477,4.569462,408.384421,242.676230,-4.709888,340.160252,247.308549,-12.563155,409.155333,163.897696,116.281492,314.291137,172.512015,116.773236,405.039610,155.810059,122.087266,313.343689,165.463226,123.736075,407.613167,134.964639,11.061559,308.099300,142.715917,19.173843
0.000000,0.000000,0.000000,0.000000,0.000000,0.000000,0.000000,0.000000,0.000000,0.000000,0.000000,0.000000,0.000000,0.000000,0.000000,0.000000,0.000000,0.000000,0.000000,0.000000,0.000000,0.000000,0.000000,0.000000,0.000000,0.000000,0.000000,0.000000,0.000000,0.000000,0.000000,0.000000,0.000000,0.000000,0.000000,0.000000,0.000000,0.000000,0.000000,0.000000,0.000000,0.000000,0.000000,0.000000,0.000000,0.000000,0.000000,0.000000,0.000000,0.000000,0.000000,0.000000,413.367759,509.463264,-128.553821,411.512361,514.613719,-111.362412,412.410230,514.493055,-111.373619,413.249781,514.361517,-111.338616,406.047621,514.383800,-116.416804,403.049541,514.021863,-116.425845,399.725235,513.418717,-116.464836,408.767042,509.997235,-28.729030,389.963106,507.517997,-50.382932,415.764870,499.448476,-98.711250,408.482050,499.032266,-105.391182,438.299175,465.736242,-14.463439,358.092210,454.442997,-8.447251,483.705352,472.765128,-127.544974,337.725469,390.959129,14.400310,495.367534,520.473127,-306.825133,318.372179,337.597295,-29.795151,501.968171,538.948827,-345.866651,310.319652,321.591495,-39.918648,498.557129,542.394900,-345.093457,312.857569,320.401058,-68.133123,494.664009,534.518443,-315.413315,317.551463,324.338360,-41.523690,414.539847,335.237906,-5.324579,365.581206,340.068043,5.247444,408.075326,243.758742,-7.972012,339.352056,248.529017,-12.572129,409.175374,164.153800,109.988491,314.049167,173.167899,114.459923,405.110253,156.011909,115.433903,313.318593,166.201938,121.108835,407.654819,135.060813,3.791829,307.967953,142.823420,16.946569
0.000000,0.000000,0.000000,0.000000,0.000000,0.000000,0.000000,0.000000,0.000000,0.000000,0.000000,0.000000,0.000000,0.000000,0.000000,0.000000,0.000000,0.000000,0.000000,0.000000,0.000000,0.000000,0.000000,0.000000,0.000000,0.000000,0.000000,0.000000,0.000000,0.000000,0.000000,0.000000,0.000000,0.000000,0.000000,0.000000,0.000000,0.000000,0.000000,0.000000,0.000000,0.000000,0.000000,0.000000,0.000000,0.000000,0.000000,0.000000,0.000000,0.000000,0.000000,0.000000,413.050240,511.320162,-120.513511,410.903274,516.393784,-103.420597,411.726475,516.266193,-103.433022,412.488965,516.127531,-103.398747,405.647943,516.126023,-108.283791,402.716721,515.734884,-108.294191,399.457492,515.105164,-108.331331,407.671868,511.591091,-22.633330,389.585895,509.027210,-43.204644,415.401670,501.337492,-91.459040,408.336098,500.899488,-97.822574,437.993894,467.684968,-11.845186,357.764232,455.910032,-4.614292,483.374572,476.192861,-124.773656,337.437862,392.499312,15.932078,497.202284,522.695970,-301.145286,318.313832,338.841151,-27.902265,504.623851,540.579031,-339.689229,310.324376,322.666350,-37.970678,501.388683,543.931092,-340.201030,312.843427,321.437300,-66.132716,497.275861,536.316997,-310.126852,317.493759,325.358777,-39.640240,413.990744,336.697711,-6.130079,365.006011,341.646592,6.047880,407.708058,244.962453,-11.606000,338.507625,249.887464,-12.625317,409.187658,164.415139,103.035077,313.784971,173.859709,111.711800,405.185688,156.209598,108.089897,313.289397,166.980449,117.996449,407.688181,135.168973,-4.197704,307.825329,142.939401,14.194784
0.000000,0.000000,0.000000,0.000000,0.000000,0.000000,0.000000,0.000000,0.000000,0.000000,0.000000,0.000000,0.000000,0.000000,0.000000,0.000000,0.000000,0.000000,0.000000,0.000000,0.000000,0.000000,0.000000,0.000000,0.000000,0.000000,0.000000,0.000000,0.000000,0.000000,0.000000,0.000000,0.000000,0.000000,0.000000,0.000000,0.000000,0.000000,0.000000,0.000000,0.000000,0.000000,0.000000,0.000000,0.000000,0.000000,0.000000,0.000000,0.000000,0.000000,0.000000,0.000000,412.697856,513.339565,-111.661395,410.239602,518.352739,-94.667672,410.985306,518.218098,-94.681455,411.668656,518.072092,-94.647973,405.207298,518.041466,-99.318062,402.346542,517.617911,-99.329951,399.157125,516.959675,-99.364944,406.508664,513.339796,-15.837654,389.161871,510.683549,-35.209415,414.996223,503.403369,-83.451353,408.168975,502.932653,-89.461450,437.647371,469.819008,-8.834980,357.413090,457.515141,-0.242811,482.975321,479.876016,-121.484452,337.113810,394.198298,17.848454,499.193988,525.125704,-294.427023,318.253779,340.212944,-25.541276,507.496420,542.307440,-332.364521,310.324366,323.847371,-35.530388,504.457305,545.551957,-334.400141,312.831853,322.576687,-63.634241,500.114989,538.253498,-303.833052,317.435618,326.485200,-37.288608,413.377937,338.292182,-7.058192,364.356757,343.371123,6.970770,407.282616,246.287362,-15.611850,337.626958,251.383890,-12.722719,409.192187,164.681711,95.421249,313.498550,174.587444,108.528867,405.265916,156.403127,100.055246,313.256101,167.798760,114.398916,407.713255,135.289120,-12.907038,307.671428,143.063859,10.918488
0.000000,0.000000,0.000000,0.000000,0.000000,0.000000,0.000000,0.000000,0.000000,0.000000,0.000000,0.000000,0.000000,0.000000,0.000000,0.000000,0.000000,0.000000,0.000000,0.000000,0.000000,0.000000,0.000000,0.000000,0.000000,0.000000,0.000000,0.000000,0.000000,0.000000,0.000000,0.000000,0.000000,0.000000,0.000000,0.000000,0.000000,0.000000,0.000000,0.000000,0.000000,0.000000,0.000000,0.000000,0.000000,0.000000,0.000000,0.000000,0.000000,0.000000,0.000000,0.000000,412.310607,515.521474,-101.997473,409.521348,520.490582,-85.103637,410.186722,520.348770,-85.118919,410.788853,520.195199,-85.086294,404.725687,520.130129,-89.519616,401.939004,519.670943,-89.533124,398.824134,518.982250,-89.565674,405.277430,515.243349,-8.342003,388.691033,512.487015,-26.397246,414.548531,505.646108,-74.688188,407.980681,505.131761,-80.307808,437.259605,472.138360,-5.432821,357.038783,459.258324,4.667193,482.507600,483.814592,-117.677362,336.753313,396.056088,20.149439,501.342646,527.762328,-286.670343,318.192020,341.712675,-22.712186,510.585878,544.134057,-323.892525,310.319621,325.134558,-32.597779,507.762995,547.257495,-327.690791,312.822846,323.819218,-60.637699,503.181391,540.327946,-296.531917,317.377040,327.717630,-34.468793,412.701427,340.021318,-8.108916,363.633443,345.241636,8.016115,406.799001,247.733470,-19.989562,336.710057,253.018295,-12.864336,409.188961,164.953518,87.147008,313.189904,175.351104,104.911124,405.350935,156.592495,91.329952,313.218704,168.656870,110.316237,407.730038,135.421253,-22.336175,307.506251,143.196796,7.117680
0.000000,0.000000,0.000000,0.000000,0.000000,0.000000,0.000000,0.000000,0.000000,0.000000,0.000000,0.000000,0.000000,0.000000,0.000000,0.000000,0.000000,0.000000,0.000000,0.000000,0.000000,0.000000,0.000000,0.000000,0.000000,0.000000,0.000000,0.000000,0.000000,0.000000,0.000000,0.000000,0.000000,0.000000,0.000000,0.000000,0.000000,0.000000,0.000000,0.000000,0.000000,0.000000,0.000000,0.000000,0.000000,0.000000,0.000000,0.000000,0.000000,0.000000,0.000000,0.000000,411.888492,517.865889,-91.521745,408.748510,522.807315,-74.728492,409.330723,522.658208,-74.745415,409.849557,522.496852,-74.713711,404.203109,522.392013,-78.888454,401.494107,521.893980,-78.903710,398.458519,521.172889,-78.933522,403.978166,517.301750,-0.146375,388.173382,514.437607,-16.768136,414.058594,508.065710,-65.169546,407.771217,507.496811,-70.361649,436.830596,474.643026,-1.638710,356.641313,461.139582,10.115718,481.971408,488.008590,-113.352386,336.356370,398.072680,22.835032,503.648257,530.605843,-277.875246,318.128556,343.340343,-19.414993,513.892227,546.058880,-314.273243,310.310141,326.527911,-29.172852,511.305754,549.047704,-320.072980,312.816407,325.164894,-57.143088,506.475070,542.540340,-288.223445,317.318024,329.056066,-31.180796,411.961213,341.885121,-9.282252,362.836070,347.258132,9.183913,406.257212,249.300777,-24.739138,335.756920,254.790679,-13.050166,409.177979,165.230559,78.212354,312.859033,176.150689,100.858570,405.440747,156.777702,81.914013,313.177207,169.554780,105.748412,407.738533,135.565373,-32.485114,307.329796,143.338212,2.792360
0.000000,0.000000,0.000000,0.000000,0.000000,0.000000,0.000000,0.000000,0.000000,0.000000,0.000000,0.000000,0.000000,0.000000,0.000000,0.000000,0.000000,0.000000,0.000000,0.000000,0.000000,0.000000,0.000000,0.000000,0.000000,0.000000,0.000000,0.000000,0.000000,0.000000,0.000000,0.000000,0.000000,0.000000,0.000000,0.000000,0.000000,0.000000,0.000000,0.000000,0.000000,0.000000,0.000000,0.000000,0.000000,0.000000,0.000000,0.000000,0.000000,0.000000,0.000000,0.000000,411.431511,520.372809,-80.234212,407.921088,525.302937,-63.542237,408.417310,525.146414,-63.560941,408.850767,524.977053,-63.530222,403.639565,524.827116,-67.424576,401.011850,524.287022,-67.441710,398.060279,523.531592,-67.468487,402.610871,519.515000,8.749229,387.608917,516.535327,-6.322086,413.526411,510.662173,-54.895427,407.540581,510.027804,-59.622974,436.360345,477.333005,2.547354,356.220678,463.158913,16.102766,481.366746,492.458009,-108.509524,335.922982,400.248076,25.905233,506.110822,533.656249,-268.041733,318.063386,345.095949,-15.649699,517.415465,548.081910,-303.506675,310.295927,328.027431,-25.255605,515.085581,550.922586,-311.546707,312.812536,326.613714,-53.150409,509.996023,544.890682,-278.907638,317.258571,330.500509,-27.424615,411.157296,343.883589,-10.578199,361.964637,349.420610,10.474165,405.657250,250.989282,-29.860575,334.767548,256.701043,-13.280210,409.159241,165.512834,68.617286,312.505936,176.986199,96.371206,405.535351,156.958749,71.807431,313.131610,170.492489,100.695440,407.738738,135.721479,-43.353856,307.142065,143.488105,-2.057471
0.000000,0.000000,0.000000,0.000000,0.000000,0.000000,0.000000,0.000000,0.000000,0.000000,0.000000,0.000000,0.000000,0.000000,0.000000,0.000000,0.000000,0.000000,0.000000,0.000000,0.000000,0.000000,0.000000,0.000000,0.000000,0.000000,0.000000,0.000000,0.000000,0.000000,0.000000,0.000000,0.000000,0.000000,0.000000,0.000000,0.000000,0.000000,0.000000,0.000000,0.000000,0.000000,0.000000,0.000000,0.000000,0.000000,0.000000,0.000000,0.000000,0.000000,0.000000,0.000000,410.991716,522.905317,-73.568243,407.180279,527.997004,-56.986379,407.624591,527.830788,-57.005908,408.008691,527.648454,-56.979377,403.041327,527.518278,-60.822583,400.472712,526.957862,-60.841672,397.613010,526.188726,-60.862226,401.498210,521.999894,14.441455,386.950428,518.929722,-0.499401,412.989911,513.364443,-48.606483,407.301612,512.755600,-53.239650,435.782837,480.103849,7.660884,355.834075,465.158234,20.927784,480.827025,496.664213,-97.072857,335.338107,402.481613,28.341210,507.933694,535.849405,-244.791540,317.988296,347.282040,-12.019648,520.213409,548.939706,-278.546872,310.185846,329.771572,-21.837891,518.116288,551.470063,-288.396323,312.770765,328.349517,-49.833999,512.801119,545.965854,-255.982418,317.179901,332.190342,-24.073874,410.342795,346.043092,-11.201193,361.202545,351.618768,11.098090,405.123200,252.644283,-30.409289,334.174909,258.727432,-13.169142,409.252318,165.715209,65.513629,312.048895,177.474004,94.116416,405.735872,157.009364,68.447489,313.053561,170.833754,98.165970,407.763455,135.880468,-47.262554,306.938069,143.618034,-5.265402
0.000000,0.000000,0.000000,0.000000,0.000000,0.000000,0.000000,0.000000,0.000000,0.000000,0.000000,0.000000,0.000000,0.000000,0.000000,0.000000,0.000000,0.000000,0.000000,0.000000,0.000000,0.000000,0.000000,0.000000,0.000000,0.000000,0.000000,0.000000,0.000000,0.000000,0.000000,0.000000,0.000000,0.000000,0.000000,0.000000,0.000000,0.000000,0.000000,0.000000,0.000000,0.000000,0.000000,0.000000,0.000000,0.000000,0.000000,0.000000,0.000000,0.000000,0.000000,0.000000,410.299947,525.123974,-67.863139,406.294895,530.245953,-51.339056,406.695038,530.072473,-51.359209,407.038828,529.883193,-51.334265,402.295470,529.751006,-55.150662,399.773448,529.174042,-55.169831,396.967199,528.403520,-55.186818,400.332079,524.055379,19.036342,386.060113,520.889524,4.543100,412.245379,515.683156,-43.325364,406.789498,515.047598,-47.872024,435.154226,482.532349,10.895230,355.279093,466.857863,24.485905,480.265341,500.000885,-88.279143,334.730098,404.358007,30.415732,509.618032,537.851109,-227.584411,317.720425,349.111965,-9.961959,522.645639,549.978404,-260.147437,309.988566,331.386282,-20.012964,520.745708,552.343985,-272.288242,312.617383,329.926502,-48.118117,515.220747,547.219823,-239.378282,316.969043,333.838408,-22.262928,409.702336,348.023124,-12.204647,360.524842,353.607308,12.101267,404.617331,254.194017,-33.040004,333.431899,260.867769,-13.802955,409.252735,166.117453,58.700872,311.509217,178.383745,90.886808,405.811012,157.291333,61.013628,312.936142,171.620850,94.584173,407.790415,136.180260,-55.472750,306.102152,143.934592,-9.004153
0.000000,0.000000,0.000000,0.000000,0.000000,0.000000,0.000000,0.000000,0.000000,0.000000,0.000000,0.000000,0.000000,0.000000,0.000000,0.000000,0.000000,0.000000,0.000000,0.000000,0.000000,0.000000,0.000000,0.000000,0.000000,0.000000,0.000000,0.000000,0.000000,0.000000,0.000000,0.000000,0.000000,0.000000,0.000000,0.000000,0.000000,0.000000,0.000000,0.000000,0.000000,0.000000,0.000000,0.000000,0.000000,0.000000,0.000000,0.000000,0.000000,0.000000,0.000000,0.000000,409.581770,527.129290,-63.331036,405.407453,532.279984,-46.850427,405.767738,532.100309,-46.871107,406.075231,531.905047,-46.847403,401.535502,531.770074,-50.668164,399.055563,531.178544,-50.687321,396.296859,530.407332,-50.701110,399.189160,525.919148,22.729450,385.155847,522.664221,8.473755,411.475733,517.781996,-39.118993,406.233144,517.114243,-43.626131,434.492828,484.762017,13.652726,354.676122,468.368765,27.258548,479.689505,503.029379,-80.348039,334.087953,406.032850,31.899626,511.109985,539.666452,-212.306368,317.396713,350.763393,-8.570206,524.810614,550.911573,-243.821658,309.743562,332.840241,-18.856168,523.086329,553.122632,-258.016040,312.407608,331.349983,-47.076882,517.377394,548.343378,-224.656980,316.706269,335.340757,-21.098393,409.093811,349.838610,-13.041414,359.885763,355.417225,12.938228,404.141689,255.614411,-35.105558,332.680770,262.816824,-14.623277,409.180036,166.501225,52.946918,310.808479,179.212520,87.633979,405.775435,157.567955,54.679611,312.589580,172.333803,91.003473,407.789305,136.468739,-62.536163,305.082624,144.231246,-12.836617
0.000000,0.000000,0.000000,0.000000,0.000000,0.000000,0.000000,0.000000,0.000000,0.000000,0.000000,0.000000,0.000000,0.000000,0.000000,0.000000,0.000000,0.000000,0.000000,0.000000,0.000000,0.000000,0.000000,0.000000,0.000000,0.000000,0.000000,0.000000,0.000000,0.000000,0.000000,0.000000,0.000000,0.000000,0.000000,0.000000,0.000000,0.000000,0.000000,0.000000,0.000000,0.000000,0.000000,0.000000,0.000000,0.000000,0.000000,0.000000,0.000000,0.000000,0.000000,0.000000,408.837187,528.921264,-59.971933,404.517950,534.099096,-43.520492,404.842688,533.914295,-43.541604,405.117900,533.714016,-43.518790,400.761424,533.575482,-47.375087,398.319056,532.971370,-47.394142,395.601990,532.200161,-47.405101,398.069451,527.591200,25.520778,384.237630,524.253812,11.292566,410.680971,519.660965,-35.987370,405.632550,518.955534,-40.501971,433.798643,486.792855,15.933374,354.025161,469.690940,29.245713,479.099517,505.749695,-73.279545,333.411671,407.506144,32.792890,512.409554,541.295434,-198.957409,317.017162,352.236326,-7.844388,526.708332,551.739214,-229.569536,309.450835,334.133450,-18.367505,525.138149,553.806004,-245.579716,312.141439,332.619960,-46.710292,519.271061,549.336518,-211.818512,316.391578,336.697390,-20.580269,408.517222,351.489551,-13.711495,359.285307,357.048519,13.608971,403.696274,256.905467,-36.605953,331.921522,264.574596,-15.630110,409.034220,166.866527,48.251768,309.946681,179.960329,84.357932,405.629139,157.839230,49.445440,312.013875,172.972615,87.423871,407.760126,136.745906,-68.452795,303.879486,144.507995,-16.762793
0.000000,0.000000,0.000000,0.000000,0.000000,0.000000,0.000000,0.000000,0.000000,0.000000,0.000000,0.000000,0.000000,0.000000,0.000000,0.000000,0.000000,0.000000,0.000000,0.000000,0.000000,0.000000,0.000000,0.000000,0.000000,0.000000,0.000000,0.000000,0.000000,0.000000,0.000000,0.000000,0.000000,0.000000,0.000000,0.000000,0.000000,0.000000,0.000000,0.000000,0.000000,0.000000,0.000000,0.000000,0.000000,0.000000,0.000000,0.000000,0.000000,0.000000,0.000000,0.000000,408.066197,530.499897,-57.785832,403.626389,535.703288,-41.349252,403.919890,535.514432,-41.370698,404.166834,535.310099,-41.348428,399.973236,535.167230,-45.271432,397.563928,534.552517,-45.290293,394.882592,533.782008,-45.298791,396.972953,529.071535,27.410327,383.305463,525.658298,12.999532,409.861095,521.320062,-33.930493,404.987715,520.571472,-38.499545,433.071671,488.624860,17.737172,353.326210,470.824388,30.447399,478.495376,508.161833,-67.073661,332.701253,408.777888,33.095525,513.516739,542.738053,-187.537536,316.581771,353.530762,-7.784506,528.338794,552.461328,-217.391072,309.110383,335.265909,-18.546975,526.901170,554.394101,-234.979271,311.818877,333.736431,-47.018349,520.901747,550.199243,-200.862879,316.024971,337.908307,-20.708556,407.972568,352.975945,-14.214890,358.723474,358.501190,14.113497,403.281088,258.067183,-37.541188,331.154156,266.141085,-16.823454,408.815288,167.213357,44.615420,308.923824,180.627172,81.058664,405.372127,158.105157,45.311114,311.209028,173.537286,83.845368,407.702877,137.011759,-73.222645,302.492738,144.764841,-20.782681
0.000000,0.000000,0.000000,0.000000,0.000000,0.000000,0.000000,0.000000,0.000000,0.000000,0.000000,0.000000,0.000000,0.000000,0.000000,0.000000,0.000000,0.000000,0.000000,0.000000,0.000000,0.000000,0.000000,0.000000,0.000000,0.000000,0.000000,0.000000,0.000000,0.000000,0.000000,0.000000,0.000000,0.000000,0.000000,0.000000,0.000000,0.000000,0.000000,0.000000,0.000000,0.000000,0.000000,0.000000,0.000000,0.000000,0.000000,0.000000,0.000000,0.000000,0.000000,0.000000,407.268799,531.865189,-56.772731,402.732768,537.092562,-40.336705,402.999343,536.900720,-40.358391,403.222035,536.693298,-40.336315,399.170938,536.545317,-44.357198,396.790178,535.921988,-44.375776,394.138666,535.152871,-44.382180,395.899666,530.360154,28.398095,382.359344,526.877679,13.594653,409.016103,522.759286,-32.948364,404.298641,521.962056,-37.618850,432.311911,490.258035,19.064122,352.579269,471.769108,30.863608,477.877083,510.265794,-61.730387,331.956699,409.848082,32.807531,514.431538,543.994311,-178.046749,316.090541,354.646703,-8.390559,529.701999,553.077914,-207.286264,308.722209,336.237617,-19.394577,528.375391,554.886924,-226.214704,311.439921,334.699398,-48.001053,522.269453,550.931554,-191.790080,315.606447,338.973507,-21.483253,407.459849,354.297794,-14.551598,358.200266,359.775238,14.451806,402.896129,259.099561,-37.911263,330.378671,267.516291,-18.203308,408.523239,167.541716,42.037876,307.739907,181.213049,77.736176,405.004396,158.365738,42.276633,310.175037,174.027815,80.267962,407.617558,137.266300,-76.845713,300.922379,145.001782,-24.896282
0.000000,0.000000,0.000000,0.000000,0.000000,0.000000,0.000000,0.000000,0.000000,0.000000,0.000000,0.000000,0.000000,0.000000,0.000000,0.000000,0.000000,0.000000,0.000000,0.000000,0.000000,0.000000,0.000000,0.000000,0.000000,0.000000,0.000000,0.000000,0.000000,0.000000,0.000000,0.000000,0.000000,0.000000,0.000000,0.000000,0.000000,0.000000,0.000000,0.000000,0.000000,0.000000,0.000000,0.000000,0.000000,0.000000,0.000000,0.000000,0.000000,0.000000,0.000000,0.000000,406.444995,533.017139,-56.932631,401.837087,538.266916,-40.482852,402.081047,538.073158,-40.504682,402.283501,537.863611,-40.482453,398.354530,537.709745,-44.632387,395.997806,537.079781,-44.650590,393.370210,536.312752,-44.655269,394.849590,531.457056,28.484083,381.399275,527.911953,13.077928,408.145995,523.978639,-33.040982,403.565326,523.127286,-37.859889,431.519364,491.692377,19.914222,351.784339,472.525101,30.494338,477.244638,512.061577,-57.249723,331.178009,410.716727,31.928908,515.153953,545.064207,-170.485047,315.543470,355.584147,-9.662548,530.797949,553.588972,-199.255114,308.286310,337.048574,-20.910312,529.560812,555.284472,-219.286016,311.004571,335.508861,-49.658403,523.374179,551.533449,-184.600116,315.136008,339.892991,-22.904362,406.979066,355.455097,-14.721620,357.715680,360.870662,14.623898,402.541398,260.002600,-37.716178,329.595067,268.700214,-19.769673,408.158074,167.851604,40.519135,306.394931,181.717961,74.390469,404.525948,158.620970,40.341998,308.911904,174.444202,76.691655,407.504169,137.509528,-79.321999,299.168410,145.218820,-29.103596
0.000000,0.000000,0.000000,0.000000,0.000000,0.000000,0.000000,0.000000,0.000000,0.000000,0.000000,0.000000,0.000000,0.000000,0.000000,0.000000,0.000000,0.000000,0.000000,0.000000,0.000000,0.000000,0.000000,0.000000,0.000000,0.000000,0.000000,0.000000,0.000000,0.000000,0.000000,0.000000,0.000000,0.000000,0.000000,0.000000,0.000000,0.000000,0.000000,0.000000,0.000000,0.000000,0.000000,0.000000,0.000000,0.000000,0.000000,0.000000,0.000000,0.000000,0.000000,0.000000,405.594783,533.955748,-58.265531,400.939348,539.226351,-41.787694,401.165003,539.031747,-41.809570,401.351234,538.821039,-41.786840,397.524013,538.660512,-46.096997,395.186813,538.025897,-46.114735,392.577226,537.261650,-46.118057,393.822725,532.362241,27.668292,380.425255,528.761123,11.449359,407.250773,524.978120,-34.208348,402.787771,524.067163,-39.222661,430.694029,492.927889,20.287474,350.941418,473.092367,29.339591,476.598041,513.549182,-53.631670,330.365182,411.383821,30.459655,515.683983,545.947742,-164.852430,314.940560,356.343095,-11.600473,531.626643,553.994502,-193.297620,307.802688,337.698782,-23.094179,530.457434,555.586745,-214.193206,310.512828,336.164819,-51.990399,524.215924,552.004930,-179.292986,314.613651,340.666758,-24.971882,406.530217,356.447854,-14.724956,357.269718,361.787464,14.629773,402.216895,260.776300,-36.955934,328.803344,269.692854,-21.522548,407.719792,168.143021,40.059197,304.888895,182.141906,71.021542,403.936782,158.870856,39.507207,307.419628,174.786448,73.116445,407.362710,137.741443,-80.651504,297.230831,145.415953,-33.404622
0.000000,0.000000,0.000000,0.000000,0.000000,0.000000,0.000000,0.000000,0.000000,0.000000,0.000000,0.000000,0.000000,0.000000,0.000000,0.000000,0.000000,0.000000,0.000000,0.000000,0.000000,0.000000,0.000000,0.000000,0.000000,0.000000,0.000000,0.000000,0.000000,0.000000,0.000000,0.000000,0.000000,0.000000,0.000000,0.000000,0.000000,0.000000,0.000000,0.000000,0.000000,0.000000,0.000000,0.000000,0.000000,0.000000,0.000000,0.000000,0.000000,0.000000,0.000000,0.000000,404.718164,534.681017,-60.771433,400.039548,539.970867,-44.251230,400.251210,539.776486,-44.273057,400.425232,539.565581,-44.249477,396.679385,539.397620,-48.751029,394.357199,538.760336,-48.768210,391.759712,537.999566,-48.770544,392.819071,533.075709,25.950720,379.437284,529.425187,8.708945,406.330435,525.757728,-36.450461,401.965977,524.781687,-41.707166,429.835908,493.964569,20.183876,350.050508,473.470906,27.399365,475.937292,514.728609,-50.876227,329.518219,411.849366,28.399774,516.021629,546.644915,-161.148899,314.281811,356.923548,-14.204333,532.188080,554.294504,-189.413783,307.271342,338.188238,-25.946178,531.065256,555.793743,-210.936275,309.964691,336.667271,-54.997041,524.794689,552.345995,-175.868690,314.039379,341.294808,-27.685812,406.113303,357.276065,-14.561606,356.862380,362.525642,14.469431,401.922620,261.420661,-35.630530,328.003503,270.494211,-23.461933,407.208394,168.415967,40.658063,303.221800,182.484886,67.629395,403.236898,159.115395,39.772262,305.698209,175.054552,69.542333,407.193182,137.962045,-80.834226,295.109642,145.593183,-37.799360
0.000000,0.000000,0.000000,0.000000,0.000000,0.000000,0.000000,0.000000,0.000000,0.000000,0.000000,0.000000,0.000000,0.000000,0.000000,0.000000,0.000000,0.000000,0.000000,0.000000,0.000000,0.000000,0.000000,0.000000,0.000000,0.000000,0.000000,0.000000,0.000000,0.000000,0.000000,0.000000,0.000000,0.000000,0.000000,0.000000,0.000000,0.000000,0.000000,0.000000,0.000000,0.000000,0.000000,0.000000,0.000000,0.000000,0.000000,0.000000,0.000000,0.000000,0.000000,0.000000,403.815139,535.192943,-64.450335,399.137690,540.500464,-47.873460,399.339668,540.307376,-47.895142,399.505497,540.097239,-47.870364,395.820647,539.921067,-52.594483,393.508963,539.283097,-52.611017,390.917670,538.526498,-52.612730,391.838628,533.597460,23.331369,378.435362,529.904145,4.856686,405.384982,526.317465,-39.767321,401.099942,525.270857,-45.313403,428.944999,494.802417,19.603429,349.111609,473.660718,24.673661,475.262390,515.599859,-48.983393,328.637119,412.113362,25.749263,516.166890,547.155726,-159.374453,313.567221,357.325504,-17.474129,532.482261,554.488978,-187.603604,306.692273,338.516944,-29.466310,531.384278,555.905466,-209.515222,309.360160,337.016220,-58.678330,525.110473,552.556646,-174.327228,313.413190,341.777142,-31.046154,405.728325,357.939731,-14.231569,356.493665,363.085197,14.142872,401.658573,261.935683,-33.739966,327.195543,271.104286,-25.587829,406.623879,168.670442,42.315732,301.393645,182.746899,64.214028,402.426297,159.354586,41.137162,303.747647,175.248515,65.969319,406.995583,138.171334,-79.870167,292.804842,145.750508,-42.287811
0.000000,0.000000,0.000000,0.000000,0.000000,0.000000,0.000000,0.000000,0.000000,0.000000,0.000000,0.000000,0.000000,0.000000,0.000000,0.000000,0.000000,0.000000,0.000000,0.000000,0.000000,0.000000,0.000000,0.000000,0.000000,0.000000,0.000000,0.000000,0.000000,0.000000,0.000000,0.000000,0.000000,0.000000,0.000000,0.000000,0.000000,0.000000,0.000000,0.000000,0.000000,0.000000,0.000000,0.000000,0.000000,0.000000,0.000000,0.000000,0.000000,0.000000,0.000000,0.000000,402.885706,535.491529,-69.302239,398.233772,540.815141,-52.654384,398.430377,540.624417,-52.675824,398.592027,540.416011,-52.649501,394.947799,540.230855,-57.627358,392.642105,539.594181,-57.643155,390.051099,538.842448,-57.644616,390.881396,533.927495,19.810238,377.419489,530.197998,-0.107418,404.414414,526.657330,-44.158928,400.189667,525.534673,-50.041373,428.021303,495.441434,18.546133,348.124719,473.661802,21.162478,474.573337,516.162931,-47.953171,327.721884,412.175807,22.508124,516.119766,547.480176,-159.529092,312.796792,357.548965,-21.409860,532.509186,554.577924,-187.867081,306.065480,338.684900,-33.654575,531.414501,555.921915,-209.930047,308.699236,337.211663,-63.034266,525.163277,552.636882,-174.668601,312.735084,342.113760,-35.052906,405.375281,358.438850,-13.734846,356.163574,363.466129,13.650096,401.424753,262.321366,-31.284242,326.379464,271.523077,-27.900236,405.966248,168.906446,45.032204,299.404431,182.927947,60.775441,401.504978,159.588430,43.601908,301.567942,175.368336,62.397403,406.769915,138.369311,-77.759326,290.316432,145.887929,-46.869974
0.000000,0.000000,0.000000,0.000000,0.000000,0.000000,0.000000,0.000000,0.000000,0.000000,0.000000,0.000000,0.000000,0.000000,0.000000,0.000000,0.000000,0.000000,0.000000,0.000000,0.000000,0.000000,0.000000,0.000000,0.000000,0.000000,0.000000,0.000000,0.000000,0.000000,0.000000,0.000000,0.000000,0.000000,0.000000,0.000000,0.000000,0.000000,0.000000,0.000000,0.000000,0.000000,0.000000,0.000000,0.000000,0.000000,0.000000,0.000000,0.000000,0.000000,0.000000,0.000000,401.929866,535.576773,-75.327143,397.327794,540.914900,-58.594002,397.523338,540.727608,-58.615105,397.684823,540.521899,-58.586888,394.060841,540.326982,-63.849656,391.756626,539.693588,-63.864623,389.160000,538.947416,-63.866201,389.947375,534.065813,15.387327,376.389665,530.306746,-6.183367,403.418731,526.777323,-49.625283,399.235152,525.573136,-55.891077,427.064820,495.881620,17.011989,347.089840,473.474159,16.865818,473.870131,516.417825,-47.785558,326.772512,412.036703,18.676355,515.880258,547.618264,-161.612817,311.970523,357.593929,-26.011527,532.268855,554.561343,-190.204215,305.390964,338.692105,-38.510972,531.155923,555.843088,-212.180751,307.981919,337.253602,-68.064847,524.953101,552.586703,-176.892809,312.005063,342.304661,-39.706069,405.054173,358.773424,-13.071437,355.872106,363.668438,12.991102,401.221161,262.577710,-28.263359,325.555267,271.750586,-30.399153,405.235500,169.123979,48.807479,297.254157,183.028029,57.313635,400.472941,159.816926,47.166498,299.159095,175.414016,58.826585,406.516177,138.555974,-74.501703,287.644411,146.005446,-51.545850
0.000000,0.000000,0.000000,0.000000,0.000000,0.000000,0.000000,0.000000,0.000000,0.000000,0.000000,0.000000,0.000000,0.000000,0.000000,0.000000,0.000000,0.000000,0.000000,0.000000,0.000000,0.000000,0.000000,0.000000,0.000000,0.000000,0.000000,0.000000,0.000000,0.000000,0.000000,0.000000,0.000000,0.000000,0.000000,0.000000,0.000000,0.000000,0.000000,0.000000,0.000000,0.000000,0.000000,0.000000,0.000000,0.000000,0.000000,0.000000,0.000000,0.000000,0.000000,0.000000,400.947619,535.448676,-82.525047,396.419757,540.799739,-65.692314,396.618550,540.616950,-65.712984,396.783885,540.414901,-65.682524,393.159774,540.209449,-71.261375,390.852525,539.581317,-71.275422,388.244371,538.841400,-71.277485,389.036565,534.012414,10.062636,375.345891,530.230388,-13.371161,402.397933,526.677443,-56.166385,398.236396,525.386245,-62.862513,426.075549,496.122974,15.000995,346.006971,473.097789,11.783680,473.152773,516.364541,-48.480555,325.789003,411.696049,14.253957,515.448365,547.569991,-165.625627,311.088414,357.460398,-31.279130,531.761268,554.439233,-194.615007,304.668724,338.538560,-44.035501,530.608547,555.668987,-216.267334,307.208208,337.142037,-73.770075,524.479944,552.406109,-180.999850,311.223125,342.349845,-45.005644,404.764999,358.943452,-12.241341,355.619262,363.692124,12.165892,401.047797,262.704715,-24.677316,324.722951,271.786811,-33.084580,404.431636,169.323040,53.641557,294.942824,183.047144,53.828609,399.330187,160.040075,51.830934,296.521104,175.385554,55.256865,406.234369,138.731325,-70.097298,284.788780,146.103059,-56.315438
0.000000,0.000000,0.000000,0.000000,0.000000,0.000000,0.000000,0.000000,0.000000,0.000000,0.000000,0.000000,0.000000,0.000000,0.000000,0.000000,0.000000,0.000000,0.000000,0.000000,0.000000,0.000000,0.000000,0.000000,0.000000,0.000000,0.000000,0.000000,0.000000,0.000000,0.000000,0.000000,0.000000,0.000000,0.000000,0.000000,0.000000,0.000000,0.000000,0.000000,0.000000,0.000000,0.000000,0.000000,0.000000,0.000000,0.000000,0.000000,0.000000,0.000000,0.000000,0.000000,399.938965,535.107238,-90.895953,395.509661,540.469660,-73.949320,395.716014,540.292443,-73.969461,395.889213,540.095017,-73.936411,392.244596,539.878257,-79.862516,389.929803,539.257369,-79.875553,387.304214,538.524402,-79.878469,388.148966,533.767299,3.836165,374.288165,529.968924,-21.670800,401.352019,526.357692,-63.782234,397.193401,524.974000,-70.955682,425.053491,496.165496,12.513152,344.876113,472.532692,5.916063,472.421262,516.003079,-50.038163,324.771359,411.153845,9.240930,514.824087,547.335355,-171.567523,310.150465,357.148370,-37.212668,530.986425,554.211596,-201.099455,303.898760,338.224265,-50.228163,529.772370,555.399611,-222.189795,306.378103,336.876966,-80.149949,523.743807,552.095101,-186.989726,310.389270,342.249313,-50.951629,404.507761,358.948934,-11.244559,355.405041,363.537187,11.174464,400.904661,262.702381,-20.526113,323.882516,271.631754,-35.956518,403.554656,169.503631,59.534439,292.470431,182.985294,50.320363,398.076715,160.257878,57.595215,293.653971,175.282951,51.688243,405.924492,138.895363,-64.546112,281.749539,146.180768,-61.178739
0.000000,0.000000,0.000000,0.000000,0.000000,0.000000,0.000000,0.000000,0.000000,0.000000,0.000000,0.000000,0.000000,0.000000,0.000000,0.000000,0.000000,0.000000,0.000000,0.000000,0.000000,0.000000,0.000000,0.000000,0.000000,0.000000,0.000000,0.000000,0.000000,0.000000,0.000000,0.000000,0.000000,0.000000,0.000000,0.000000,0.000000,0.000000,0.000000,0.000000,0.000000,0.000000,0.000000,0.000000,0.000000,0.000000,0.000000,0.000000,0.000000,0.000000,0.000000,0.000000,398.903904,534.552459,-100.439860,394.597505,539.924661,-83.365021,394.815728,539.754086,-83.384536,395.000807,539.562249,-83.348547,391.315308,539.333404,-89.653079,388.988459,538.721744,-89.665014,386.339527,537.996422,-89.669151,387.284578,533.330466,-3.292086,373.216489,529.522355,-31.082284,400.280990,525.818069,-72.472830,396.106165,524.336402,-80.170584,423.998646,496.009187,9.548460,343.697264,471.778868,-0.737032,471.675600,515.333440,-52.458380,323.719577,410.410091,3.637274,514.007424,546.914359,-179.438504,309.156677,356.657847,-43.812141,529.944326,553.878431,-209.657560,303.081072,337.749219,-57.088958,528.647394,555.034960,-229.948135,305.491605,336.458391,-87.204470,522.744689,551.653677,-194.862437,309.503499,342.003064,-57.544025,404.282458,358.789871,-10.081091,355.229443,363.203627,10.016819,400.791752,262.570709,-15.809750,323.033962,271.285414,-39.014966,402.604558,169.665750,66.486124,289.836978,182.842478,46.788897,396.712525,160.470332,64.459341,290.557695,175.106206,48.120719,405.586544,139.048088,-57.848144,278.526688,146.238573,-66.135752
0.000000,0.000000,0.000000,0.000000,0.000000,0.000000,0.000000,0.000000,0.000000,0.000000,0.000000,0.000000,0.000000,0.000000,0.000000,0.000000,0.000000,0.000000,0.000000,0.000000,0.000000,0.000000,0.000000,0.000000,0.000000,0.000000,0.000000,0.000000,0.000000,0.000000,0.000000,0.000000,0.000000,0.000000,0.000000,0.000000,0.000000,0.000000,0.000000,0.000000,0.000000,0.000000,0.000000,0.000000,0.000000,0.000000,0.000000,0.000000,0.000000,0.000000,0.000000,0.000000,397.842436,533.784339,-111.156767,393.683290,539.164743,-93.939415,393.917694,539.001880,-93.958209,394.118667,538.816596,-93.918933,390.371910,538.574891,-100.633063,388.028493,537.974441,-100.643807,385.350312,537.257458,-100.649533,386.443401,532.701917,-11.322117,372.130861,528.890681,-41.605613,399.184846,525.058574,-82.238174,394.974690,523.473451,-90.507219,422.911013,495.654047,6.106919,342.470426,470.836317,-8.175605,470.915785,514.355623,-55.741208,322.633660,409.464788,-2.557012,512.998377,546.307000,-189.238570,308.107049,355.988827,-51.077551,528.634970,553.439738,-220.289323,302.215661,337.113422,-64.617885,527.233618,554.575035,-239.542353,304.548713,335.886311,-94.933637,521.482591,551.081839,-204.617982,308.565812,341.611099,-64.782832,404.089090,358.466261,-8.750937,355.092470,362.691443,8.692957,400.709072,262.309697,-10.528227,322.177290,270.747791,-42.259925,401.581345,169.809399,74.496612,287.042466,182.618696,43.234211,395.237618,160.677440,72.423313,287.232276,174.855320,44.554293,405.220527,139.189500,-50.003394,275.120226,146.276473,-71.186477
0.000000,0.000000,0.000000,0.000000,0.000000,0.000000,0.000000,0.000000,0.000000,0.000000,0.000000,0.000000,0.000000,0.000000,0.000000,0.000000,0.000000,0.000000,0.000000,0.000000,0.000000,0.000000,0.000000,0.000000,0.000000,0.000000,0.000000,0.000000,0.000000,0.000000,0.000000,0.000000,0.000000,0.000000,0.000000,0.000000,0.000000,0.000000,0.000000,0.000000,0.000000,0.000000,0.000000,0.000000,0.000000,0.000000,0.000000,0.000000,0.000000,0.000000,0.000000,0.000000,397.348696,533.440823,-113.137350,393.038901,538.771091,-96.105793,393.225972,538.606427,-96.125967,393.366591,538.422107,-96.083721,389.865703,538.184195,-102.755726,387.573279,537.585954,-102.767246,384.935138,536.867206,-102.773369,385.303530,532.354060,-12.825056,371.634221,528.637292,-45.422644,398.577508,524.656051,-84.544604,394.478569,523.103449,-92.686928,421.932284,495.145871,6.464232,341.349189,470.125931,-11.703427,470.115602,513.780102,-53.494121,321.781543,408.789413,-5.264627,512.724364,546.188364,-186.837106,307.241700,355.202721,-51.971782,528.395551,553.642962,-217.618408,301.463760,336.181972,-65.295333,526.869191,554.827914,-234.892903,303.659055,335.049967,-95.343843,521.310086,551.229808,-201.666596,307.698621,340.931350,-65.426255,403.776136,358.064661,-7.161108,354.817001,362.449577,7.105709,400.595932,262.044820,-5.770017,321.191191,269.860483,-43.382836,400.419032,169.587493,83.946262,284.268004,182.109050,42.714565,393.645404,160.540980,82.601405,283.888548,174.560273,44.178637,404.621558,139.067894,-38.754568,272.822398,146.135732,-71.999026
0.000000,0.000000,0.000000,0.000000,0.000000,0.000000,0.000000,0.000000,0.000000,0.000000,0.000000,0.000000,0.000000,0.000000,0.000000,0.000000,0.000000,0.000000,0.000000,0.000000,0.000000,0.000000,0.000000,0.000000,0.000000,0.000000,0.000000,0.000000,0.000000,0.000000,0.000000,0.000000,0.000000,0.000000,0.000000,0.000000,0.000000,0.000000,0.000000,0.000000,0.000000,0.000000,0.000000,0.000000,0.000000,0.000000,0.000000,0.000000,0.000000,0.000000,0.000000,0.000000,396.481042,532.516908,-119.101160,392.231464,537.870357,-101.863982,392.422845,537.710301,-101.882700,392.565010,537.524884,-101.839605,389.079171,537.285166,-109.018635,386.805973,536.693611,-109.029933,384.170378,535.977404,-109.036961,384.453404,531.470767,-16.590530,370.831002,527.865196,-52.510190,397.609026,523.758962,-89.788636,393.498164,522.110829,-98.677896,420.807640,494.566778,5.903027,340.272681,468.794921,-17.686759,469.060872,512.988492,-52.148631,320.879305,407.456490,-10.755906,511.688582,545.859379,-185.865817,306.423332,354.006310,-57.132770,527.202676,553.457134,-216.614220,300.732090,335.039320,-70.671054,525.618683,554.618953,-231.589867,302.858196,333.957731,-100.641234,520.195502,550.955973,-200.089335,306.901418,339.966345,-70.479155,403.530068,357.433263,-5.107938,354.584847,361.562300,5.049876,400.429278,261.613703,-0.195136,320.225740,268.798007,-47.115569,399.337913,169.664436,95.920326,281.592087,181.516738,39.148044,392.262602,160.656923,95.509374,280.386691,174.225870,40.678979,404.266655,139.084137,-24.574720,270.287454,145.806953,-76.562822
0.000000,0.000000,0.000000,0.000000,0.000000,0.000000,0.000000,0.000000,0.000000,0.000000,0.000000,0.000000,0.000000,0.000000,0.000000,0.000000,0.000000,0.000000,0.000000,0.000000,0.000000,0.000000,0.000000,0.000000,0.000000,0.000000,0.000000,0.000000,0.000000,0.000000,0.000000,0.000000,0.000000,0.000000,0.000000,0.000000,0.000000,0.000000,0.000000,0.000000,0.000000,0.000000,0.000000,0.000000,0.000000,0.000000,0.000000,0.000000,0.000000,0.000000,0.000000,0.000000,395.584737,531.515359,-124.516436,391.389884,536.891302,-107.083757,391.584779,536.735473,-107.101057,391.727835,536.549023,-107.057320,388.257540,536.306479,-114.741106,386.002004,535.720390,-114.752339,383.369105,535.006170,-114.760313,383.574280,530.497531,-20.038714,370.006402,526.996435,-59.181708,396.623215,522.784258,-94.544499,392.505128,521.050472,-104.177901,419.673346,493.865673,5.356076,339.218994,467.387494,-23.519944,467.967086,512.190941,-50.538021,319.998115,406.012878,-16.199744,510.562552,545.455338,-184.105705,305.599305,352.696060,-62.198488,525.936420,553.178078,-214.740792,299.978404,333.793544,-75.944950,524.311435,554.311180,-227.794926,302.047636,332.756433,-105.824685,519.004302,550.587962,-197.815856,306.091431,338.872706,-75.441167,403.248119,356.661722,-3.097904,354.325822,360.530915,3.036733,400.278459,261.059686,4.928841,319.291076,267.642477,-50.712438,398.318592,169.729674,107.446742,279.019546,180.899405,35.993995,390.974180,160.759484,107.968323,277.019934,173.876791,37.612983,403.942645,139.093648,-10.832250,267.913341,145.447855,-80.554390
0.000000,0.000000,0.000000,0.000000,0.000000,0.000000,0.000000,0.000000,0.000000,0.000000,0.000000,0.000000,0.000000,0.000000,0.000000,0.000000,0.000000,0.000000,0.000000,0.000000,0.000000,0.000000,0.000000,0.000000,0.000000,0.000000,0.000000,0.000000,0.000000,0.000000,0.000000,0.000000,0.000000,0.000000,0.000000,0.000000,0.000000,0.000000,0.000000,0.000000,0.000000,0.000000,0.000000,0.000000,0.000000,0.000000,0.000000,0.000000,0.000000,0.000000,0.000000,0.000000,394.659781,530.436178,-129.383178,390.514162,535.833925,-111.765116,390.711775,535.681942,-111.781036,390.855068,535.494524,-111.736865,387.400812,535.248135,-119.923138,385.161373,534.666291,-119.934466,382.531320,533.953505,-119.943425,382.666157,529.434353,-23.169609,369.160424,526.031008,-65.437196,395.620076,521.731941,-98.812192,391.499462,519.922379,-109.186944,418.529400,493.042558,4.823380,338.188130,465.903651,-29.202980,466.834244,511.387449,-48.662291,319.137975,404.458577,-21.596140,509.346275,544.976240,-181.556771,304.769619,351.271971,-67.168935,524.596782,552.805793,-211.998126,299.202703,332.444644,-81.117019,522.947446,553.904596,-223.508080,301.227375,331.446073,-110.894196,517.736488,550.125775,-194.846160,305.268659,337.650433,-80.312291,402.930288,355.750037,-1.131007,354.039924,359.355422,1.066280,400.143473,260.382769,9.601912,318.387200,266.393890,-54.173444,397.361067,169.783208,118.525510,276.550383,180.257054,33.252420,389.780135,160.848662,119.978251,273.788277,173.513035,34.980650,403.649530,139.096426,2.472842,265.700057,145.058437,-83.973731
0.000000,0.000000,0.000000,0.000000,0.000000,0.000000,0.000000,0.000000,0.000000,0.000000,0.000000,0.000000,0.000000,0.000000,0.000000,0.000000,0.000000,0.000000,0.000000,0.000000,0.000000,0.000000,0.000000,0.000000,0.000000,0.000000,0.000000,0.000000,0.000000,0.000000,0.000000,0.000000,0.000000,0.000000,0.000000,0.000000,0.000000,0.000000,0.000000,0.000000,0.000000,0.000000,0.000000,0.000000,0.000000,0.000000,0.000000,0.000000,0.000000,0.000000,0.000000,0.000000,393.706176,529.279364,-133.701387,389.604297,534.698226,-115.908061,389.803834,534.549707,-115.922638,389.946706,534.361388,-115.878240,386.508986,534.110132,-124.564733,384.284080,533.531314,-124.576313,381.657021,532.819408,-124.586297,381.729036,528.281232,-25.983214,368.293065,524.968916,-71.276655,394.599608,520.602010,-102.591714,390.481166,518.726549,-113.705024,417.375805,492.097431,4.304937,337.180088,464.343393,-34.735869,465.662346,510.578017,-46.521442,318.298883,402.793588,-26.945096,508.039750,544.422086,-178.219015,303.934275,349.734042,-72.044111,523.183763,552.340278,-208.386220,298.404987,330.992619,-86.187263,521.526717,553.399199,-218.729327,300.397414,330.026651,-115.849767,516.392059,549.569412,-191.180247,304.433104,336.299526,-85.092528,402.576576,354.698208,0.792755,353.727156,358.035821,-0.861482,400.024320,259.582952,13.824079,317.514109,265.052249,-57.498587,396.465339,169.825038,129.156629,274.184597,179.589683,30.923317,388.680469,160.924457,131.539159,270.691719,173.134604,32.781978,403.387309,139.092472,15.340556,263.647602,144.638699,-86.820844
0.000000,0.000000,0.000000,0.000000,0.000000,0.000000,0.000000,0.000000,0.000000,0.000000,0.000000,0.000000,0.000000,0.000000,0.000000,0.000000,0.000000,0.000000,0.000000,0.000000,0.000000,0.000000,0.000000,0.000000,0.000000,0.000000,0.000000,0.000000,0.000000,0.000000,0.000000,0.000000,0.000000,0.000000,0.000000,0.000000,0.000000,0.000000,0.000000,0.000000,0.000000,0.000000,0.000000,0.000000,0.000000,0.000000,0.000000,0.000000,0.000000,0.000000,0.000000,0.000000,392.723919,528.044918,-137.471062,388.660290,533.484206,-119.512590,388.860954,533.338769,-119.525863,389.002751,533.149615,-119.481445,385.582062,532.892471,-128.665890,383.370124,532.315459,-128.677880,380.746210,531.603879,-128.688929,380.762916,527.038169,-28.479529,367.404327,523.810158,-76.700085,393.561812,519.394465,-105.883067,389.450239,517.462982,-117.732143,416.212558,491.030293,3.800748,336.194867,462.706718,-40.118609,464.451393,509.762644,-44.115473,317.480840,401.017910,-32.246612,506.642978,543.792875,-174.092435,303.093272,348.082274,-76.824017,521.697362,551.781535,-203.905074,297.585256,329.437470,-91.155680,520.049247,552.794990,-213.458669,299.557752,328.498166,-120.691398,514.971015,548.918872,-186.818116,303.584764,334.819984,-89.781878,402.186983,353.506235,2.673380,353.387516,356.572113,-2.746555,399.921001,258.660234,17.595341,316.671806,263.617552,-60.687866,395.631408,169.855163,139.340101,271.922188,178.897293,29.006688,387.675181,160.986870,142.651045,267.730261,172.741497,31.016968,403.155981,139.081786,27.770892,261.755978,144.188641,-89.095730
0.000000,0.000000,0.000000,0.000000,0.000000,0.000000,0.000000,0.000000,0.000000,0.000000,0.000000,0.000000,0.000000,0.000000,0.000000,0.000000,0.000000,0.000000,0.000000,0.000000,0.000000,0.000000,0.000000,0.000000,0.000000,0.000000,0.000000,0.000000,0.000000,0.000000,0.000000,0.000000,0.000000,0.000000,0.000000,0.000000,0.000000,0.000000,0.000000,0.000000,0.000000,0.000000,0.000000,0.000000,0.000000,0.000000,0.000000,0.000000,0.000000,0.000000,0.000000,0.000000,391.713012,526.732838,-140.692204,387.682141,532.191864,-122.578704,387.883137,532.049128,-122.590711,388.023203,531.859204,-122.546480,384.620040,531.595153,-132.226609,382.419506,531.018727,-132.239168,379.798886,530.306918,-132.251321,379.767797,525.705163,-30.658555,366.494209,522.554735,-81.707486,392.506688,518.109306,-108.686250,388.406682,516.131679,-121.268298,415.039662,489.841143,3.310814,335.232469,460.993627,-45.351201,463.201383,508.941331,-41.444384,316.683846,399.131544,-37.500686,505.155958,543.088608,-169.177034,302.246611,346.316667,-81.508651,520.137579,551.129562,-198.554690,296.743509,327.779196,-96.022272,518.515037,552.091970,-207.696106,298.708389,326.860620,-125.419089,513.473357,548.174157,-181.759769,302.723640,333.211808,-94.380340,401.761508,352.174119,4.510870,353.021005,354.964297,-4.588937,399.833516,257.614616,20.915699,315.860290,262.089799,-63.741281,394.859274,169.873583,149.075925,269.763156,178.179883,27.502531,386.764272,161.035901,153.313911,264.903902,172.333714,29.685621,402.955548,139.064368,39.763850,260.025183,143.708264,-90.798389
0.000000,0.000000,0.000000,0.000000,0.000000,0.000000,0.000000,0.000000,0.000000,0.000000,0.000000,0.000000,0.000000,0.000000,0.000000,0.000000,0.000000,0.000000,0.000000,0.000000,0.000000,0.000000,0.000000,0.000000,0.000000,0.000000,0.000000,0.000000,0.000000,0.000000,0.000000,0.000000,0.000000,0.000000,0.000000,0.000000,0.000000,0.000000,0.000000,0.000000,0.000000,0.000000,0.000000,0.000000,0.000000,0.000000,0.000000,0.000000,0.000000,0.000000,0.000000,0.000000,390.673455,525.343126,-143.364812,386.669849,530.821200,-125.106403,386.870382,530.680784,-125.117181,387.008061,530.490156,-125.073345,383.622920,530.218176,-135.246890,381.432225,529.641116,-135.260175,378.815048,528.928526,-135.273473,378.743680,524.282214,-32.520291,365.562712,521.202646,-86.298857,391.434236,516.746534,-111.001263,387.350494,514.732640,-124.313492,413.857114,488.529983,2.835133,334.292893,459.204120,-50.433646,461.912318,508.114077,-38.508175,315.907900,397.134489,-42.707320,503.578690,542.309284,-163.472809,301.394291,344.437221,-86.098015,518.504415,550.384360,-192.335065,295.879748,326.017797,-100.787037,516.924086,551.290137,-201.441637,297.849325,325.114012,-130.032840,511.899084,547.335266,-176.005204,301.849731,331.474997,-98.887915,401.300153,350.701860,6.305224,352.627622,353.212373,-6.388628,399.761864,256.446098,23.785152,315.079560,260.468991,-66.658833,394.148937,169.880300,158.364100,267.707502,177.437454,26.410848,385.947741,161.071548,163.527756,262.212643,171.911255,28.787935,402.786009,139.040217,51.319430,258.455218,143.197568,-91.928820
0.000000,0.000000,0.000000,0.000000,0.000000,0.000000,0.000000,0.000000,0.000000,0.000000,0.000000,0.000000,0.000000,0.000000,0.000000,0.000000,0.000000,0.000000,0.000000,0.000000,0.000000,0.000000,0.000000,0.000000,0.000000,0.000000,0.000000,0.000000,0.000000,0.000000,0.000000,0.000000,0.000000,0.000000,0.000000,0.000000,0.000000,0.000000,0.000000,0.000000,0.000000,0.000000,0.000000,0.000000,0.000000,0.000000,0.000000,0.000000,0.000000,0.000000,0.000000,0.000000,389.605247,523.875781,-145.488886,385.623415,529.372215,-127.095686,385.822689,529.233736,-127.105274,385.957326,529.042470,-127.062040,382.590702,528.761541,-137.726733,380.408283,528.182627,-137.740903,377.794698,527.468702,-137.755386,377.690564,522.769323,-34.064737,364.609835,519.753892,-90.474199,390.344455,515.306147,-112.828107,386.281676,513.265863,-126.867723,412.664916,487.096811,2.373706,333.376138,457.338197,-55.365942,460.584197,507.280882,-35.306846,315.153004,395.026745,-47.866512,501.911175,541.454904,-156.979762,300.536312,342.443935,-90.592108,516.797869,549.545929,-185.246202,294.993971,324.153274,-105.449977,515.276395,550.389492,-194.695262,296.980561,323.258342,-134.532651,510.248196,546.402198,-169.554422,300.963039,329.609553,-103.304602,400.802916,349.089456,8.056441,352.207367,351.316341,-8.145630,399.706045,255.154680,26.203700,314.329617,258.755128,-69.440521,393.500397,169.875311,167.204628,265.755224,176.670005,25.731637,385.225589,161.093813,173.292580,259.656483,171.474121,28.323911,402.647364,139.009333,62.437632,257.046083,142.656551,-92.487024
0.000000,0.000000,0.000000,0.000000,0.000000,0.000000,0.000000,0.000000,0.000000,0.000000,0.000000,0.000000,0.000000,0.000000,0.000000,0.000000,0.000000,0.000000,0.000000,0.000000,0.000000,0.000000,0.000000,0.000000,0.000000,0.000000,0.000000,0.000000,0.000000,0.000000,0.000000,0.000000,0.000000,0.000000,0.000000,0.000000,0.000000,0.000000,0.000000,0.000000,0.000000,0.000000,0.000000,0.000000,0.000000,0.000000,0.000000,0.000000,0.000000,0.000000,0.000000,0.000000,388.508389,522.330803,-147.064427,384.542838,527.844908,-128.546555,384.740058,527.707986,-128.554990,384.870997,527.516147,-128.512566,381.523386,527.225248,-139.666138,379.347678,526.643261,-139.681351,376.737835,525.927446,-139.697058,376.608450,521.166489,-35.291893,363.635578,518.208472,-94.233512,389.237346,513.788147,-114.166780,385.200227,511.731351,-128.930992,411.463068,485.541628,1.926534,332.482206,455.395858,-60.148090,459.217020,506.441746,-31.840397,314.419156,392.808313,-52.978265,500.153413,540.525467,-149.697893,299.672674,340.336810,-94.990930,515.017941,548.614269,-177.288099,294.086179,322.185627,-110.011090,513.571964,549.390036,-187.456982,296.102096,321.293610,-138.918522,508.520694,545.374955,-162.407423,300.063562,327.615474,-107.630401,400.269797,347.336909,9.764523,351.760242,349.276201,-9.859941,399.666060,253.740361,28.171343,313.610461,256.948209,-72.086345,392.913654,169.858619,175.597507,263.906323,175.877537,25.464900,384.597814,161.102696,182.608384,257.235424,171.022310,28.293550,402.539613,138.971718,73.118457,255.797778,142.085215,-92.473001
0.000000,0.000000,0.000000,0.000000,0.000000,0.000000,0.000000,0.000000,0.000000,0.000000,0.000000,0.000000,0.000000,0.000000,0.000000,0.000000,0.000000,0.000000,0.000000,0.000000,0.000000,0.000000,0.000000,0.000000,0.000000,0.000000,0.000000,0.000000,0.000000,0.000000,0.000000,0.000000,0.000000,0.000000,0.000000,0.000000,0.000000,0.000000,0.000000,0.000000,0.000000,0.000000,0.000000,0.000000,0.000000,0.000000,0.000000,0.000000,0.000000,0.000000,0.000000,0.000000,387.382880,520.708192,-148.091435,383.428119,526.239280,-129.459008,383.622489,526.103532,-129.466328,383.749074,525.911186,-129.424921,380.420972,525.609297,-141.065106,378.250411,525.023016,-141.081520,375.644460,524.304758,-141.098490,375.497337,519.473713,-36.201760,362.639942,516.566386,-97.576796,388.112909,512.192532,-115.017284,384.106148,510.129101,-130.503298,410.251569,483.864434,1.493615,331.611095,453.377102,-64.780090,457.810787,505.596670,-28.108829,313.706357,390.479192,-58.042576,498.305402,539.520974,-141.627200,298.803378,338.115846,-99.294482,513.164632,547.589380,-168.460757,293.156372,320.114855,-114.470378,511.810792,548.291767,-179.726796,295.213930,319.219816,-143.190454,506.716576,544.253536,-154.564207,299.151301,325.492760,-111.865314,399.700798,345.444219,11.429468,351.286245,347.091954,-11.531562,399.641909,252.203142,29.688082,312.922092,255.048235,-74.596307,392.388708,169.830221,183.542738,262.160800,175.060050,25.610636,384.064419,161.098196,191.475166,254.949463,170.555824,28.696851,402.462756,138.927370,83.361903,254.710303,141.483559,-91.886750
0.000000,0.000000,0.000000,0.000000,0.000000,0.000000,0.000000,0.000000,0.000000,0.000000,0.000000,0.000000,0.000000,0.000000,0.000000,0.000000,0.000000,0.000000,0.000000,0.000000,0.000000,0.000000,0.000000,0.000000,0.000000,0.000000,0.000000,0.000000,0.000000,0.000000,0.000000,0.000000,0.000000,0.000000,0.000000,0.000000,0.000000,0.000000,0.000000,0.000000,0.000000,0.000000,0.000000,0.000000,0.000000,0.000000,0.000000,0.000000,0.000000,0.000000,0.000000,0.000000,386.228720,519.007948,-148.569909,382.279258,524.555330,-129.833046,382.469983,524.420375,-129.839289,382.591558,524.227588,-129.799107,379.283460,523.913689,-141.923635,377.116481,523.321893,-141.941409,374.514571,522.600639,-141.959683,374.357225,517.690994,-36.794337,361.622926,514.827636,-100.504050,386.971143,510.519304,-115.379617,382.999438,508.459116,-131.584642,409.030419,482.065228,1.074951,330.762807,451.281931,-69.261943,456.365498,504.745654,-24.112140,313.014606,388.039382,-63.059446,496.367145,538.441424,-132.767686,297.928423,335.781042,-103.502763,511.237941,546.471262,-158.764175,292.204550,317.940958,-118.827840,509.992880,547.094687,-171.504704,294.316064,317.036960,-147.348445,504.835844,543.037940,-146.024773,298.226256,323.241413,-116.009338,399.095918,343.411384,13.051278,350.785376,344.763599,-13.160492,399.633591,250.543023,30.753916,312.264510,253.055205,-76.970404,391.925559,169.790120,191.040321,260.518654,174.217543,26.168845,383.625401,161.080313,199.892928,252.798603,170.074662,29.533813,402.416793,138.876289,93.167971,253.783657,140.851583,-90.728271
0.000000,0.000000,0.000000,0.000000,0.000000,0.000000,0.000000,0.000000,0.000000,0.000000,0.000000,0.000000,0.000000,0.000000,0.000000,0.000000,0.000000,0.000000,0.000000,0.000000,0.000000,0.000000,0.000000,0.000000,0.000000,0.000000,0.000000,0.000000,0.000000,0.000000,0.000000,0.000000,0.000000,0.000000,0.000000,0.000000,0.000000,0.000000,0.000000,0.000000,0.000000,0.000000,0.000000,0.000000,0.000000,0.000000,0.000000,0.000000,0.000000,0.000000,0.000000,0.000000,385.045910,517.230071,-148.499850,381.096254,522.793058,-129.668669,381.282538,522.658515,-129.673873,381.398449,522.465352,-129.635123,378.110851,522.138422,-142.241726,375.945889,521.539893,-142.261018,373.348169,520.815088,-142.280635,373.188115,515.818332,-37.069624,360.584530,512.992219,-103.015275,385.812049,508.768462,-115.253781,381.880098,506.721393,-132.175024,407.799619,480.144012,0.670540,329.937340,449.110343,-73.593647,454.881153,503.888696,-19.850332,312.343905,385.488884,-68.028876,494.338639,537.286818,-123.119348,297.047809,333.332400,-107.615773,509.237869,545.259914,-148.198355,291.230713,315.663937,-123.083475,508.118227,545.798794,-162.790707,293.408496,314.745042,-151.392496,502.878498,541.728169,-136.789122,297.288427,320.861431,-120.062476,398.455156,341.238406,14.629952,350.257636,342.291136,-14.746733,399.641107,248.760004,31.368845,311.637714,250.969120,-79.208638,391.524208,169.738314,198.090256,258.979885,173.350017,27.139526,383.280762,161.049047,207.861670,250.782842,169.578824,30.804438,402.401723,138.818477,102.536661,253.017841,140.189288,-88.997566
0.000000,0.000000,0.000000,0.000000,0.000000,0.000000,0.000000,0.000000,0.000000,0.000000,0.000000,0.000000,0.000000,0.000000,0.000000,0.000000,0.000000,0.000000,0.000000,0.000000,0.000000,0.000000,0.000000,0.000000,0.000000,0.000000,0.000000,0.000000,0.000000,0.000000,0.000000,0.000000,0.000000,0.000000,0.000000,0.000000,0.000000,0.000000,0.000000,0.000000,0.000000,0.000000,0.000000,0.000000,0.000000,0.000000,0.000000,0.000000,0.000000,0.000000,0.000000,0.000000,383.834450,515.374562,-147.881257,379.879108,520.952465,-128.965876,380.060156,520.817952,-128.970080,380.169746,520.624479,-128.932969,376.903143,520.283497,-142.019379,374.738635,519.677015,-142.040347,372.145255,518.948105,-142.061347,371.990006,513.855728,-37.027621,359.524755,511.060137,-105.110471,384.635627,506.940006,-114.639775,380.748128,504.915934,-132.274444,406.559168,478.100784,0.280384,329.134695,446.862339,-77.775203,453.357752,503.025798,-15.323404,311.694252,382.827697,-72.950865,492.219887,536.057156,-112.682188,296.161536,330.769918,-111.633512,507.164415,543.955338,-136.763294,290.234860,313.283792,-127.237285,506.186834,544.404090,-153.584804,292.491229,312.344062,-155.322607,500.844536,540.324221,-126.857254,296.337813,318.352815,-124.024725,397.778513,338.925285,16.165489,349.703024,339.674566,-16.290283,399.664456,246.854084,31.532870,311.041706,248.789980,-81.311008,391.184653,169.674803,204.692543,257.544493,172.457472,28.522681,383.030502,161.004399,215.381390,248.902180,169.068310,32.508725,402.417549,138.753932,111.467973,252.412855,139.496673,-86.694633
0.000000,0.000000,0.000000,0.000000,0.000000,0.000000,0.000000,0.000000,0.000000,0.000000,0.000000,0.000000,0.000000,0.000000,0.000000,0.000000,0.000000,0.000000,0.000000,0.000000,0.000000,0.000000,0.000000,0.000000,0.000000,0.000000,0.000000,0.000000,0.000000,0.000000,0.000000,0.000000,0.000000,0.000000,0.000000,0.000000,0.000000,0.000000,0.000000,0.000000,0.000000,0.000000,0.000000,0.000000,0.000000,0.000000,0.000000,0.000000,0.000000,0.000000,0.000000,0.000000,382.594339,513.441420,-146.714130,378.627820,519.033550,-127.724669,378.802836,518.898685,-127.727909,378.905450,518.704968,-127.692645,375.660338,518.348914,-141.256595,373.494718,517.733258,-141.279396,370.905828,516.999690,-141.301820,370.762899,511.803181,-36.668329,358.443601,509.031390,-106.789638,383.441876,505.033936,-113.537599,379.603527,503.042739,-131.882901,405.309067,475.935545,-0.095518,328.354873,444.537920,-81.806611,451.795296,502.156960,-10.531356,311.065648,380.055822,-77.825413,490.010886,534.752436,-101.456206,295.269605,328.093596,-115.555980,505.017579,542.557533,-124.458995,289.216993,310.800522,-131.289268,504.198700,542.910574,-143.886996,291.564260,309.834020,-159.138779,498.733960,538.826097,-116.229169,295.374415,315.715564,-127.896088,397.065988,336.472019,17.657891,349.121542,336.913887,-17.791143,399.703638,244.825264,31.245990,310.476484,246.517784,-83.277515,390.906895,169.599588,210.847182,256.212478,171.539907,30.318309,382.874619,160.946369,222.452090,247.156619,168.543120,34.646673,402.464268,138.682654,119.961907,251.968699,138.773739,-83.819472
0.000000,0.000000,0.000000,0.000000,0.000000,0.000000,0.000000,0.000000,0.000000,0.000000,0.000000,0.000000,0.000000,0.000000,0.000000,0.000000,0.000000,0.000000,0.000000,0.000000,0.000000,0.000000,0.000000,0.000000,0.000000,0.000000,0.000000,0.000000,0.000000,0.000000,0.000000,0.000000,0.000000,0.000000,0.000000,0.000000,0.000000,0.000000,0.000000,0.000000,0.000000,0.000000,0.000000,0.000000,0.000000,0.000000,0.000000,0.000000,0.000000,0.000000,0.000000,0.000000,381.325577,511.430645,-144.998470,377.342389,517.036313,-125.945046,377.510578,516.900716,-125.947361,377.605560,516.706820,-125.914152,374.382434,516.334673,-139.953372,372.214139,515.708624,-139.978166,369.629888,514.969844,-140.002052,369.506793,509.660691,-35.991747,357.341066,506.905977,-108.052775,382.230797,503.050253,-111.947253,378.446296,501.101807,-131.000396,404.049315,473.648295,-0.457167,327.597872,442.137084,-85.687871,450.193784,501.282181,-5.474189,310.458093,377.173258,-82.652520,487.711638,533.372661,-89.441401,294.372015,325.303436,-119.383178,502.797361,541.066498,-111.285456,288.177110,308.214127,-135.239426,502.153826,541.318246,-133.697282,290.627590,307.214915,-162.841010,496.546769,537.233798,-104.904867,294.398233,312.949679,-131.676563,396.317583,333.878610,19.107156,348.513187,334.009101,-19.249312,399.758654,242.673544,30.508205,309.942049,244.152532,-85.108158,390.690934,169.512669,216.554173,254.983840,170.597323,32.526410,382.813115,160.874955,229.073769,245.546156,168.003254,37.218284,402.541881,138.604644,128.018463,251.685372,138.020484,-80.372084
0.000000,0.000000,0.000000,0.000000,0.000000,0.000000,0.000000,0.000000,0.000000,0.000000,0.000000,0.000000,0.000000,0.000000,0.000000,0.000000,0.000000,0.000000,0.000000,0.000000,0.000000,0.000000,0.000000,0.000000,0.000000,0.000000,0.000000,0.000000,0.000000,0.000000,0.000000,0.000000,0.000000,0.000000,0.000000,0.000000,0.000000,0.000000,0.000000,0.000000,0.000000,0.000000,0.000000,0.000000,0.000000,0.000000,0.000000,0.000000,0.000000,0.000000,0.000000,0.000000,379.918957,509.898536,-143.064447,375.919196,515.492041,-124.376798,376.066048,515.356958,-124.381493,376.134829,515.175617,-124.347771,372.962372,514.766649,-138.515093,370.771772,514.130472,-138.540926,368.174517,513.397878,-138.565974,368.017228,508.080694,-36.316051,355.897738,505.160453,-109.038900,380.946883,501.425954,-110.780119,377.244015,499.638206,-129.972761,402.709616,471.734064,-1.742150,326.560097,440.242615,-88.220908,448.927166,500.073927,-4.429794,309.816430,374.796911,-86.014225,485.667296,531.491115,-86.631509,293.144782,323.267768,-123.210050,500.835412,539.182952,-108.214245,286.911792,306.316631,-139.377175,500.245875,539.312363,-131.872151,289.417002,305.376428,-166.759155,494.520577,535.148146,-102.409821,293.189442,310.980718,-135.454944,395.584426,331.806485,19.227123,348.005372,331.898852,-19.360747,399.908709,240.724127,30.208021,309.598760,242.686998,-84.691755,390.640644,169.341510,219.059119,253.545310,169.930091,35.577201,382.817703,160.747263,231.887940,244.376731,167.347032,40.074976,402.509717,138.620383,131.114988,251.246697,137.847423,-76.460561
0.000000,0.000000,0.000000,0.000000,0.000000,0.000000,0.000000,0.000000,0.000000,0.000000,0.000000,0.000000,0.000000,0.000000,0.000000,0.000000,0.000000,0.000000,0.000000,0.000000,0.000000,0.000000,0.000000,0.000000,0.000000,0.000000,0.000000,0.000000,0.000000,0.000000,0.000000,0.000000,0.000000,0.000000,0.000000,0.000000,0.000000,0.000000,0.000000,0.000000,0.000000,0.000000,0.000000,0.000000,0.000000,0.000000,0.000000,0.000000,0.000000,0.000000,0.000000,0.000000,378.613518,508.201874,-141.866777,374.539444,513.825679,-123.203714,374.673467,513.689067,-123.208079,374.729124,513.508255,-123.174892,371.583376,513.109357,-137.854605,369.382840,512.479067,-137.882219,366.790905,511.756340,-137.908820,366.594964,506.350348,-35.849498,354.614340,503.442163,-109.898828,379.709538,499.697126,-109.837480,376.048878,498.002863,-129.627629,401.408505,469.753214,-2.044861,325.596108,438.361783,-90.257878,447.490369,499.138660,-0.510009,309.046599,372.543418,-88.700267,483.730797,530.065375,-77.732924,292.040250,320.969816,-126.009366,499.066120,537.748661,-98.453073,285.707760,304.161911,-142.287182,498.599248,537.862889,-123.273910,288.298845,303.254271,-169.603253,492.750569,533.675569,-93.715901,292.049009,308.726915,-138.250551,394.791505,329.804736,19.749977,347.342244,329.857265,-19.887677,400.004385,239.082880,30.176119,309.310536,241.193545,-85.495739,390.532682,169.162296,223.656515,252.549651,169.092279,37.665433,382.816138,160.613246,237.011537,243.364024,166.550537,42.523127,402.496992,138.597121,137.238219,251.135664,137.313932,-73.513521
0.000000,0.000000,0.000000,0.000000,0.000000,0.000000,0.000000,0.000000,0.000000,0.000000,0.000000,0.000000,0.000000,0.000000,0.000000,0.000000,0.000000,0.000000,0.000000,0.000000,0.000000,0.000000,0.000000,0.000000,0.000000,0.000000,0.000000,0.000000,0.000000,0.000000,0.000000,0.000000,0.000000,0.000000,0.000000,0.000000,0.000000,0.000000,0.000000,0.000000,0.000000,0.000000,0.000000,0.000000,0.000000,0.000000,0.000000,0.000000,0.000000,0.000000,0.000000,0.000000,377.254744,506.676605,-141.061797,373.112831,512.331394,-122.407242,373.236216,512.194697,-122.411475,373.281031,512.015642,-122.378968,370.154089,511.620392,-137.520986,367.944096,510.994165,-137.550232,365.357247,510.278792,-137.578257,365.133095,504.810265,-35.576515,353.275828,501.903659,-110.811956,378.414696,498.140993,-109.218692,374.786272,496.532589,-129.552275,400.065420,468.002863,-2.340023,324.567807,436.667032,-92.121139,446.039269,498.292372,3.066462,308.225235,370.518230,-91.148090,481.892024,528.742673,-69.714716,290.949160,318.867408,-128.595448,497.390946,536.401714,-89.653119,284.539903,302.187478,-144.967713,497.040308,536.507534,-115.498079,287.208565,301.311371,-172.244735,491.079034,532.305821,-85.874866,290.935117,306.663222,-140.837305,393.951531,328.030370,20.206226,346.618573,328.042203,-20.347917,400.020206,237.642779,29.948373,308.990080,239.860722,-86.163951,390.428033,168.996540,227.538920,251.658131,168.326168,39.682159,382.813135,160.486261,241.316590,242.458663,165.809473,44.893262,402.478952,138.575770,142.464399,251.028208,136.817017,-70.718758
0.000000,0.000000,0.000000,0.000000,0.000000,0.000000,0.000000,0.000000,0.000000,0.000000,0.000000,0.000000,0.000000,0.000000,0.000000,0.000000,0.000000,0.000000,0.000000,0.000000,0.000000,0.000000,0.000000,0.000000,0.000000,0.000000,0.000000,0.000000,0.000000,0.000000,0.000000,0.000000,0.000000,0.000000,0.000000,0.000000,0.000000,0.000000,0.000000,0.000000,0.000000,0.000000,0.000000,0.000000,0.000000,0.000000,0.000000,0.000000,0.000000,0.000000,0.000000,0.000000,375.842636,505.322729,-140.649506,371.639358,511.009186,-121.987384,371.754296,510.873848,-121.991680,371.790551,510.697778,-121.959998,368.674511,510.299753,-137.514236,366.455542,509.675765,-137.544964,363.873545,508.965233,-137.574285,363.631622,503.460445,-35.497104,351.882202,500.544941,-111.778286,377.062357,496.757555,-108.923757,373.456199,495.227382,-129.746699,398.680362,466.483013,-2.627638,323.475193,435.158361,-93.810691,444.573867,497.535062,6.299620,307.352340,368.721348,-93.357694,480.150976,527.523009,-62.576884,289.871513,316.960544,-130.968299,495.809891,535.142112,-81.814382,283.408222,300.393333,-147.418769,495.569056,535.246299,-108.544656,286.146162,299.547725,-174.683602,489.505971,531.038901,-78.886715,289.847766,304.789637,-143.215204,393.064504,326.483385,20.595869,345.834359,326.453665,-20.741465,399.956174,236.403825,29.524783,308.637390,238.688528,-86.696392,390.326696,168.844243,230.706332,250.870751,167.631756,41.627378,382.808693,160.366307,244.803100,241.660649,165.123841,47.185382,402.455597,138.556330,146.793528,250.924327,136.356678,-68.076271
0.000000,0.000000,0.000000,0.000000,0.000000,0.000000,0.000000,0.000000,0.000000,0.000000,0.000000,0.000000,0.000000,0.000000,0.000000,0.000000,0.000000,0.000000,0.000000,0.000000,0.000000,0.000000,0.000000,0.000000,0.000000,0.000000,0.000000,0.000000,0.000000,0.000000,0.000000,0.000000,0.000000,0.000000,0.000000,0.000000,0.000000,0.000000,0.000000,0.000000,0.000000,0.000000,0.000000,0.000000,0.000000,0.000000,0.000000,0.000000,0.000000,0.000000,0.000000,0.000000,374.377194,504.140246,-140.629904,370.119025,509.859054,-121.944140,370.227706,509.726520,-121.948694,370.257682,509.554662,-121.917982,367.144642,509.147441,-137.834354,364.917177,508.523868,-137.866416,362.339796,507.815664,-137.896903,362.090543,502.300887,-35.611265,350.433462,499.366008,-112.797816,375.652520,495.546811,-108.952673,372.058657,494.087242,-130.210902,397.253330,465.193662,-2.907705,322.318267,433.835771,-95.326533,443.094162,496.866730,9.189463,306.427912,367.152772,-95.329078,478.507654,526.406382,-56.319428,288.807308,315.249225,-133.127917,494.322953,533.969855,-74.936863,282.312716,298.779475,-149.640349,494.185491,534.079183,-102.413643,285.111638,297.963335,-176.919853,488.031382,529.874809,-72.751448,288.786956,303.106160,-145.384249,392.130424,325.163783,20.918907,344.989602,325.091653,-21.068323,399.812287,235.366018,28.905350,308.252468,237.676963,-87.093060,390.228671,168.705404,233.158753,250.187510,167.009045,43.501091,382.802814,160.253386,247.471066,240.969983,164.493640,49.399486,402.426927,138.538801,150.225607,250.824024,135.932915,-65.586061
0.000000,0.000000,0.000000,0.000000,0.000000,0.000000,0.000000,0.000000,0.000000,0.000000,0.000000,0.000000,0.000000,0.000000,0.000000,0.000000,0.000000,0.000000,0.000000,0.000000,0.000000,0.000000,0.000000,0.000000,0.000000,0.000000,0.000000,0.000000,0.000000,0.000000,0.000000,0.000000,0.000000,0.000000,0.000000,0.000000,0.000000,0.000000,0.000000,0.000000,0.000000,0.000000,0.000000,0.000000,0.000000,0.000000,0.000000,0.000000,0.000000,0.000000,0.000000,0.000000,372.858417,503.129156,-141.002992,368.551832,508.880999,-122.277509,368.656446,508.752712,-122.282517,368.682426,508.586294,-122.252920,365.564482,508.163455,-138.481341,363.329001,507.538473,-138.514586,360.756002,506.830084,-138.546113,360.509858,501.331591,-35.918996,348.929609,498.366862,-113.870548,374.185186,494.508762,-109.305442,370.593647,493.112169,-130.944884,395.784325,464.134811,-3.180224,321.097029,432.699261,-96.668665,441.600154,496.287377,11.735992,305.451952,365.812503,-97.062243,476.962056,525.392793,-50.942349,287.756546,313.733449,-135.074302,492.930133,532.884943,-69.020562,281.253385,297.345904,-151.632454,492.889614,533.006186,-97.105038,284.104991,296.558201,-178.953488,486.655265,528.813546,-67.469065,287.752687,301.612792,-147.344441,391.149292,324.071564,21.175339,344.084302,323.956166,-21.328491,399.588547,234.529357,28.090072,307.835313,236.826026,-87.353957,390.133959,168.580025,234.896182,249.608409,166.458033,45.303296,382.795497,160.147497,249.320489,240.386663,163.918871,51.535574,402.392941,138.523183,152.760635,250.727296,135.545728,-63.248126
0.000000,0.000000,0.000000,0.000000,0.000000,0.000000,0.000000,0.000000,0.000000,0.000000,0.000000,0.000000,0.000000,0.000000,0.000000,0.000000,0.000000,0.000000,0.000000,0.000000,0.000000,0.000000,0.000000,0.000000,0.000000,0.000000,0.000000,0.000000,0.000000,0.000000,0.000000,0.000000,0.000000,0.000000,0.000000,0.000000,0.000000,0.000000,0.000000,0.000000,0.000000,0.000000,0.000000,0.000000,0.000000,0.000000,0.000000,0.000000,0.000000,0.000000,0.000000,0.000000,371.286306,502.289460,-141.768768,366.937778,508.075021,-122.987492,367.040516,507.952426,-122.993150,367.064782,507.792674,-122.964812,363.934030,507.347796,-139.455196,361.691014,506.719581,-139.489477,359.122163,506.008494,-139.521914,358.889569,500.552558,-36.420299,347.370642,497.547500,-114.996479,372.660355,493.643408,-109.982062,369.061169,492.302164,-131.948644,394.273346,463.306460,-3.445195,319.811478,431.748832,-97.837088,440.091843,495.797002,13.939207,304.424461,364.700539,-98.557189,475.514184,524.482242,-46.445647,286.719227,312.413218,-136.807455,491.631432,531.887375,-64.065478,280.230230,296.092621,-153.395083,491.681424,532.027308,-92.618842,283.126222,295.332322,-180.784507,485.377621,527.855111,-63.039567,286.744959,300.309532,-149.095778,390.121107,323.206727,21.365166,343.118458,323.047204,-21.521968,399.284952,233.893843,27.078951,307.385925,236.135719,-87.479081,390.042560,168.468104,235.918619,249.133447,165.978722,47.033995,382.786741,160.048640,250.351369,239.910690,163.399533,53.593646,402.353641,138.509476,154.398612,250.634145,135.195117,-61.062469
0.000000,0.000000,0.000000,0.000000,0.000000,0.000000,0.000000,0.000000,0.000000,0.000000,0.000000,0.000000,0.000000,0.000000,0.000000,0.000000,0.000000,0.000000,0.000000,0.000000,0.000000,0.000000,0.000000,0.000000,0.000000,0.000000,0.000000,0.000000,0.000000,0.000000,0.000000,0.000000,0.000000,0.000000,0.000000,0.000000,0.000000,0.000000,0.000000,0.000000,0.000000,0.000000,0.000000,0.000000,0.000000,0.000000,0.000000,0.000000,0.000000,0.000000,0.000000,0.000000,369.660861,501.621156,-142.927234,365.276864,507.441119,-124.074088,365.379917,507.325660,-124.080593,365.404750,507.173803,-124.053659,362.253288,506.700463,-140.755920,360.003216,506.067192,-140.791086,357.438278,505.350894,-140.824305,357.229675,499.963788,-37.115174,345.756561,496.907925,-116.175612,371.078026,492.950748,-110.982535,367.461223,491.657226,-133.222183,392.720394,462.708609,-3.702618,318.461615,430.984483,-98.831802,438.569230,495.395607,15.799108,303.345437,363.816881,-99.813915,474.164036,523.674729,-42.829320,285.695351,311.288532,-138.327375,490.426849,530.977152,-60.071612,279.243251,295.019625,-154.928237,490.560921,531.142549,-88.955056,282.175330,294.285698,-182.412911,484.198449,526.999504,-59.462954,285.763772,299.196380,-150.638260,389.045869,322.569272,21.488387,342.092072,322.364767,-21.648754,398.901503,233.459476,25.871985,306.904305,235.606041,-87.468434,389.954473,168.369642,236.226064,248.762624,165.571110,48.693187,382.776548,159.956815,250.563705,239.542065,162.935626,55.573702,402.309026,138.497680,155.139539,250.544570,134.881082,-59.029088
0.000000,0.000000,0.000000,0.000000,0.000000,0.000000,0.000000,0.000000,0.000000,0.000000,0.000000,0.000000,0.000000,0.000000,0.000000,0.000000,0.000000,0.000000,0.000000,0.000000,0.000000,0.000000,0.000000,0.000000,0.000000,0.000000,0.000000,0.000000,0.000000,0.000000,0.000000,0.000000,0.000000,0.000000,0.000000,0.000000,0.000000,0.000000,0.000000,0.000000,0.000000,0.000000,0.000000,0.000000,0.000000,0.000000,0.000000,0.000000,0.000000,0.000000,0.000000,0.000000,367.982081,501.124246,-144.478389,363.569089,506.979293,-125.537297,363.674648,506.872415,-125.544844,363.702331,506.729681,-125.519459,360.522254,506.221457,-142.383513,358.265607,505.581305,-142.419415,355.704348,504.857282,-142.453288,355.530175,499.565280,-38.003619,344.087366,496.448135,-117.407945,369.438199,492.430784,-112.306860,365.793809,491.177356,-134.765501,391.125468,462.341258,-3.952493,317.047440,430.406215,-99.652806,437.032313,495.083189,17.315695,302.214882,363.161529,-100.832421,472.911614,522.970254,-40.093371,284.684917,310.359389,-139.634063,489.316384,530.154273,-57.038963,278.292446,294.126917,-156.231916,489.528106,530.351909,-86.113678,281.252317,293.418330,-183.838699,483.117750,526.246726,-56.739224,284.809126,298.273338,-151.971889,387.923578,322.159200,21.545003,341.005142,321.908854,-21.708849,398.438200,233.226255,24.469176,306.390452,235.236991,-87.322015,389.869698,168.284639,235.818517,248.495941,165.235198,50.280872,382.764917,159.872021,249.957497,239.280786,162.527151,57.475743,402.259096,138.487794,154.983415,250.458571,134.603623,-57.147983
0.000000,0.000000,0.000000,0.000000,0.000000,0.000000,0.000000,0.000000,0.000000,0.000000,0.000000,0.000000,0.000000,0.000000,0.000000,0.000000,0.000000,0.000000,0.000000,0.000000,0.000000,0.000000,0.000000,0.000000,0.000000,0.000000,0.000000,0.000000,0.000000,0.000000,0.000000,0.000000,0.000000,0.000000,0.000000,0.000000,0.000000,0.000000,0.000000,0.000000,0.000000,0.000000,0.000000,0.000000,0.000000,0.000000,0.000000,0.000000,0.000000,0.000000,0.000000,0.000000,366.249967,500.798728,-146.422233,361.814454,506.689545,-127.377120,361.924710,506.592691,-127.385906,361.957524,506.460306,-127.362214,358.740929,505.910777,-144.337974,356.478187,505.261921,-144.374463,353.920372,504.527661,-144.408861,353.791071,499.357034,-39.085636,342.363058,496.168131,-118.693480,367.740876,492.083514,-113.955037,364.058926,490.862553,-136.578597,389.488568,462.204407,-4.194820,315.568952,430.014028,-100.300100,435.481094,494.859750,18.488968,301.032794,362.734483,-101.612708,471.756917,522.368817,-38.237798,283.687925,309.625791,-140.727518,488.300037,529.418739,-54.967532,277.377818,293.414495,-157.306119,488.582978,529.655388,-84.094709,280.357180,292.730217,-185.061871,482.135524,525.596776,-54.868379,283.881021,297.540403,-153.096664,386.754234,321.976510,21.535013,339.857669,321.679467,-21.702254,397.895043,233.194181,22.870523,305.844366,235.028571,-87.039824,389.788236,168.213094,234.695978,248.333397,164.970987,51.797050,382.751848,159.794260,248.532746,239.126854,162.174107,59.299767,402.203851,138.479820,153.930241,250.376149,134.362740,-55.419154
0.000000,0.000000,0.000000,0.000000,0.000000,0.000000,0.000000,0.000000,0.000000,0.000000,0.000000,0.000000,0.000000,0.000000,0.000000,0.000000,0.000000,0.000000,0.000000,0.000000,0.000000,0.000000,0.000000,0.000000,0.000000,0.000000,0.000000,0.000000,0.000000,0.000000,0.000000,0.000000,0.000000,0.000000,0.000000,0.000000,0.000000,0.000000,0.000000,0.000000,0.000000,0.000000,0.000000,0.000000,0.000000,0.000000,0.000000,0.000000,0.000000,0.000000,0.000000,0.000000,364.464519,500.644604,-148.758766,360.012959,506.571873,-129.593557,360.130101,506.486488,-129.603776,360.170329,506.365680,-129.581923,356.909313,505.768423,-146.619304,354.640956,505.109040,-146.656231,352.086351,504.362028,-146.691026,352.012361,499.339051,-40.361224,340.583636,496.067912,-120.032214,365.986055,491.908939,-115.927066,362.256576,490.712818,-138.661472,387.809695,462.298056,-4.429600,314.026152,429.807921,-100.773685,433.915573,494.725290,19.318927,299.799174,362.535743,-102.154776,470.699945,521.870418,-37.262601,282.704377,309.087737,-141.607741,487.377808,528.770550,-53.857319,276.499364,292.882362,-158.150846,487.725537,529.052987,-82.898149,279.489922,292.221360,-186.082428,481.251771,525.049654,-53.850418,282.979456,296.997577,-154.012584,385.537838,322.021203,21.458418,338.649653,321.676605,-21.628968,397.272032,233.363253,21.076027,305.266047,234.980780,-86.621861,389.710087,168.155008,232.858447,248.274993,164.778475,53.241722,382.737340,159.723531,246.289452,239.080269,161.876495,61.045776,402.143290,138.473757,151.980016,250.297303,134.158434,-53.842602
0.000000,0.000000,0.000000,0.000000,0.000000,0.000000,0.000000,0.000000,0.000000,0.000000,0.000000,0.000000,0.000000,0.000000,0.000000,0.000000,0.000000,0.000000,0.000000,0.000000,0.000000,0.000000,0.000000,0.000000,0.000000,0.000000,0.000000,0.000000,0.000000,0.000000,0.000000,0.000000,0.000000,0.000000,0.000000,0.000000,0.000000,0.000000,0.000000,0.000000,0.000000,0.000000,0.000000,0.000000,0.000000,0.000000,0.000000,0.000000,0.000000,0.000000,0.000000,0.000000,362.625736,500.661873,-151.487989,358.164603,506.626277,-132.186607,358.290823,506.553806,-132.198456,358.340746,506.445803,-132.178586,355.027406,505.794397,-149.227503,352.753914,505.122661,-149.264718,350.202284,504.360386,-149.299781,350.194046,499.511330,-41.830384,338.749101,496.147479,-121.424150,364.173737,491.907058,-118.222947,360.386757,490.728149,-141.014125,386.088849,462.622204,-4.656831,312.419040,429.787895,-101.073561,432.335748,494.679808,19.805572,298.514023,362.565309,-102.458624,469.740698,521.475056,-37.167781,281.734271,308.745227,-142.274731,486.549698,528.209706,-53.708323,275.657086,292.530515,-158.766098,486.955784,528.544704,-82.523998,278.650541,291.891759,-186.900368,480.466490,524.605361,-53.685342,282.104433,296.644860,-154.719650,384.274389,322.293278,21.315217,337.381094,321.900267,-21.488992,396.569167,233.733472,19.085686,304.655496,235.093617,-86.068127,389.635250,168.110381,230.305924,248.320728,164.657663,54.614886,382.721395,159.659834,243.227614,239.141031,161.634314,62.713769,402.077415,138.469605,149.132740,250.222034,133.990703,-52.418327
0.000000,0.000000,0.000000,0.000000,0.000000,0.000000,0.000000,0.000000,0.000000,0.000000,0.000000,0.000000,0.000000,0.000000,0.000000,0.000000,0.000000,0.000000,0.000000,0.000000,0.000000,0.000000,0.000000,0.000000,0.000000,0.000000,0.000000,0.000000,0.000000,0.000000,0.000000,0.000000,0.000000,0.000000,0.000000,0.000000,0.000000,0.000000,0.000000,0.000000,0.000000,0.000000,0.000000,0.000000,0.000000,0.000000,0.000000,0.000000,0.000000,0.000000,0.000000,0.000000,360.733619,500.850535,-154.609900,356.269387,506.852759,-135.156271,356.406875,506.794644,-135.169945,356.468775,506.700674,-135.152203,353.095208,505.988696,-152.162570,350.817060,505.302785,-152.199925,348.268171,504.522732,-152.235127,348.336126,499.873872,-43.493114,336.859451,496.406832,-122.869287,362.303921,492.077873,-120.842680,358.449470,490.908549,-143.636557,384.326029,463.176853,-4.876515,310.747615,429.953949,-101.199727,430.741621,494.723305,19.948902,297.177339,362.823181,-102.524253,468.879177,521.182732,-37.953337,280.777608,308.598261,-142.728489,485.815705,527.736206,-54.520545,274.850984,292.358956,-159.151875,486.273718,528.130541,-82.972256,277.839038,291.741412,-187.515694,479.779682,524.263896,-54.373149,281.255951,296.482251,-155.217862,382.963887,322.792735,21.105411,336.051991,322.350455,-21.282325,395.786447,234.304838,16.899501,304.012712,235.367084,-85.378620,389.563726,168.079213,227.038409,248.470603,164.608551,55.916544,382.704012,159.603168,239.347233,239.309140,161.447565,64.303746,402.006224,138.467363,145.388413,250.150341,133.859548,-51.146327
0.000000,0.000000,0.000000,0.000000,0.000000,0.000000,0.000000,0.000000,0.000000,0.000000,0.000000,0.000000,0.000000,0.000000,0.000000,0.000000,0.000000,0.000000,0.000000,0.000000,0.000000,0.000000,0.000000,0.000000,0.000000,0.000000,0.000000,0.000000,0.000000,0.000000,0.000000,0.000000,0.000000,0.000000,0.000000,0.000000,0.000000,0.000000,0.000000,0.000000,0.000000,0.000000,0.000000,0.000000,0.000000,0.000000,0.000000,0.000000,0.000000,0.000000,0.000000,0.000000,358.788168,501.210590,-158.124501,354.327311,507.251317,-138.502548,354.478258,507.209004,-138.518244,354.554417,507.130293,-138.502774,351.112719,506.351322,-155.424506,348.830396,505.649411,-155.461851,346.284013,504.849068,-155.497065,346.438601,500.426677,-45.349416,334.914688,496.845970,-124.367624,360.376608,492.421382,-123.786265,356.444715,491.254015,-146.528768,382.521235,463.962001,-5.088650,309.011878,430.306084,-101.152183,429.133191,494.855781,19.748919,295.789123,363.309359,-102.351662,468.115380,520.993446,-39.619270,279.834387,308.646840,-142.969014,485.175831,527.350051,-56.293985,274.081057,292.367685,-159.308176,485.679340,527.810497,-84.242923,277.055413,291.770322,-187.928403,479.191347,524.025259,-55.913842,280.434009,296.509750,-155.507220,381.606333,323.519575,20.828999,334.662346,323.027168,-21.008967,394.923874,235.077350,14.517473,303.337695,235.801179,-84.553341,389.495514,168.061503,223.055902,248.724617,164.631139,57.146695,382.685190,159.553535,234.648309,239.584597,161.316246,65.815707,401.929719,138.467033,140.747036,250.082224,133.764969,-50.026605
0.000000,0.000000,0.000000,0.000000,0.000000,0.000000,0.000000,0.000000,0.000000,0.000000,0.000000,0.000000,0.000000,0.000000,0.000000,0.000000,0.000000,0.000000,0.000000,0.000000,0.000000,0.000000,0.000000,0.000000,0.000000,0.000000,0.000000,0.000000,0.000000,0.000000,0.000000,0.000000,0.000000,0.000000,0.000000,0.000000,0.000000,0.000000,0.000000,0.000000,0.000000,0.000000,0.000000,0.000000,0.000000,0.000000,0.000000,0.000000,0.000000,0.000000,0.000000,0.000000,356.789382,501.742039,-162.031791,352.338375,507.821951,-142.225438,352.504971,507.796884,-142.243352,352.597671,507.734661,-142.230299,349.079938,506.882275,-159.013311,346.793921,506.162540,-159.050496,344.249810,505.339394,-159.085593,344.501470,501.169744,-47.399290,332.914811,497.464894,-125.919162,358.391797,492.937586,-127.053702,354.372492,491.764549,-149.690757,380.674467,464.977649,-5.293238,307.211829,430.844299,-100.930930,427.510459,495.077235,19.205622,294.349376,364.023843,-101.940852,467.449309,520.907198,-42.165579,278.904609,308.890962,-142.996307,484.630075,527.051241,-59.028642,273.347305,292.556700,-159.235002,485.172649,527.584571,-86.335999,276.299665,291.978486,-188.138497,478.701484,523.889450,-58.307418,279.638609,296.727358,-155.587724,380.201725,324.473797,20.485981,333.212157,323.930406,-20.668919,393.981446,236.051009,11.939601,302.630445,236.395904,-83.592291,389.430614,168.057253,218.358403,249.082770,164.725427,58.305340,382.664931,159.510934,229.130841,239.967400,161.240360,67.249653,401.847898,138.468614,135.208608,250.017683,133.706966,-49.059158
0.000000,0.000000,0.000000,0.000000,0.000000,0.000000,0.000000,0.000000,0.000000,0.000000,0.000000,0.000000,0.000000,0.000000,0.000000,0.000000,0.000000,0.000000,0.000000,0.000000,0.000000,0.000000,0.000000,0.000000,0.000000,0.000000,0.000000,0.000000,0.000000,0.000000,0.000000,0.000000,0.000000,0.000000,0.000000,0.000000,0.000000,0.000000,0.000000,0.000000,0.000000,0.000000,0.000000,0.000000,0.000000,0.000000,0.000000,0.000000,0.000000,0.000000,0.000000,0.000000,354.737263,502.444880,-166.331770,350.302578,508.564662,-146.324942,350.487014,508.558285,-146.345270,350.598537,508.513777,-146.334779,346.996867,507.581554,-162.928984,344.707635,506.842172,-162.965861,342.165561,505.993709,-163.000712,342.524735,502.103073,-49.642734,330.859821,498.263604,-127.523901,356.349490,493.626484,-130.644991,352.232800,492.440151,-153.122525,378.785726,466.223797,-5.490278,305.347467,431.568595,-100.535968,425.873424,495.387667,18.319010,292.858096,364.966633,-101.291823,466.880963,520.923988,-45.592265,277.988273,309.330629,-142.810367,484.178437,526.839775,-62.724516,272.649729,292.926004,-158.932352,484.753646,527.452766,-89.251483,275.571795,292.365907,-188.145975,478.310094,523.856470,-61.553879,278.869749,297.135075,-155.459373,378.750065,325.655402,20.076358,331.701425,325.060168,-20.262180,392.959165,237.225815,9.165885,301.890963,237.151257,-82.495469,389.369027,168.066461,212.945912,249.545063,164.891416,59.392477,382.643234,159.475364,222.794829,240.457550,161.219904,68.605583,401.760763,138.472105,128.773129,249.956719,133.685539,-48.243988
0.000000,0.000000,0.000000,0.000000,0.000000,0.000000,0.000000,0.000000,0.000000,0.000000,0.000000,0.000000,0.000000,0.000000,0.000000,0.000000,0.000000,0.000000,0.000000,0.000000,0.000000,0.000000,0.000000,0.000000,0.000000,0.000000,0.000000,0.000000,0.000000,0.000000,0.000000,0.000000,0.000000,0.000000,0.000000,0.000000,0.000000,0.000000,0.000000,0.000000,0.000000,0.000000,0.000000,0.000000,0.000000,0.000000,0.000000,0.000000,0.000000,0.000000,0.000000,0.000000,352.461125,502.943918,-170.520637,348.125332,509.105150,-150.354510,348.316800,509.121087,-150.377783,348.431536,509.102149,-150.371319,344.802547,508.000249,-166.679366,342.502084,507.203684,-166.715512,339.958275,506.312279,-166.749651,340.377826,502.669419,-52.415860,328.668543,498.644586,-129.565758,354.092215,494.075925,-134.125184,349.927001,492.803492,-156.488573,376.757622,467.538686,-6.502455,303.412482,432.147363,-101.197328,423.931401,495.893011,14.469003,291.482261,365.673604,-102.136111,465.846119,521.173096,-53.636807,277.254419,310.016694,-144.151216,483.147220,526.762756,-71.484115,272.171640,293.591265,-160.488213,483.808727,527.165175,-98.883512,274.984827,293.024703,-189.835414,477.376867,523.646781,-69.966065,278.198090,297.797356,-156.842282,377.229309,326.256409,20.112027,330.117434,325.507908,-20.296511,391.734931,237.730590,7.011222,300.938985,237.308127,-82.311165,389.181066,168.087535,208.950099,249.715598,164.996393,60.404396,382.541948,159.450775,218.460281,240.342570,161.381833,69.316375,401.629566,138.442156,123.670695,249.750722,133.600746,-47.913798
0.000000,0.000000,0.000000,0.000000,0.000000,0.000000,0.000000,0.000000,0.000000,0.000000,0.000000,0.000000,0.000000,0.000000,0.000000,0.000000,0.000000,0.000000,0.000000,0.000000,0.000000,0.000000,0.000000,0.000000,0.000000,0.000000,0.000000,0.000000,0.000000,0.000000,0.000000,0.000000,0.000000,0.000000,0.000000,0.000000,0.000000,0.000000,0.000000,0.000000,0.000000,0.000000,0.000000,0.000000,0.000000,0.000000,0.000000,0.000000,0.000000,0.000000,0.000000,0.000000,350.321026,503.797799,-174.022296,345.968129,510.037884,-153.804713,346.144945,510.076866,-153.830650,346.243431,510.080540,-153.827348,342.673278,508.865234,-169.982074,340.370699,508.041210,-170.018172,337.826379,507.120917,-170.051065,338.139684,503.746987,-54.798238,326.530157,499.548057,-131.998851,351.970972,494.900953,-137.027212,347.794815,493.604499,-159.450773,374.716202,469.208851,-7.074318,301.593817,432.787670,-102.443276,422.221365,496.412576,13.048487,290.200351,366.379108,-103.491032,464.890528,521.247343,-57.550337,276.482762,310.498103,-145.318386,482.357926,526.655481,-75.533105,271.571494,294.068773,-161.634517,483.067750,527.040080,-102.877055,274.383042,293.488665,-191.131050,476.627669,523.580688,-73.920328,277.559770,298.257728,-158.003108,375.771570,327.643008,19.842701,328.651218,326.556427,-20.026290,390.585602,239.142158,5.343976,299.875834,237.942715,-81.999569,389.135263,168.227098,203.321537,249.835347,165.162683,59.902827,382.535518,159.500623,212.495799,240.402788,161.529307,68.733226,401.587133,138.418195,115.881548,249.936591,133.604677,-48.878068
0.000000,0.000000,0.000000,0.000000,0.000000,0.000000,0.000000,0.000000,0.000000,0.000000,0.000000,0.000000,0.000000,0.000000,0.000000,0.000000,0.000000,0.000000,0.000000,0.000000,0.000000,0.000000,0.000000,0.000000,0.000000,0.000000,0.000000,0.000000,0.000000,0.000000,0.000000,0.000000,0.000000,0.000000,0.000000,0.000000,0.000000,0.000000,0.000000,0.000000,0.000000,0.000000,0.000000,0.000000,0.000000,0.000000,0.000000,0.000000,0.000000,0.000000,0.000000,0.000000,348.195299,504.674538,-177.372974,343.817147,510.992851,-157.128969,343.978300,511.053553,-157.157150,344.059821,511.078808,-157.156642,340.553056,509.761941,-173.207689,338.248774,508.915681,-173.243747,335.702768,507.971563,-173.275498,335.899018,504.838299,-57.176939,324.387552,500.483120,-134.538259,349.862287,495.758355,-139.842817,345.681729,494.439285,-162.351407,372.677589,470.870290,-7.753838,299.755359,433.457404,-103.860693,420.517113,496.975902,11.514481,288.897187,367.104229,-104.952478,463.906492,521.335279,-61.593985,275.682254,310.978471,-146.546899,481.532916,526.572898,-79.734185,270.940746,294.538658,-162.835502,482.291041,526.940973,-107.065345,273.755164,293.943755,-192.487107,475.847237,523.534776,-78.020607,276.895578,298.712092,-159.228173,374.322584,329.038955,19.615630,327.197192,327.619335,-19.798385,389.465242,240.524064,4.056756,298.784293,238.593036,-81.745249,389.061872,168.381953,198.342936,249.856027,165.313910,59.256592,382.480684,159.562957,207.226387,240.391972,161.654012,67.994354,401.535705,138.400945,108.899948,250.056116,133.610587,-49.978358
0.000000,0.000000,0.000000,0.000000,0.000000,0.000000,0.000000,0.000000,0.000000,0.000000,0.000000,0.000000,0.000000,0.000000,0.000000,0.000000,0.000000,0.000000,0.000000,0.000000,0.000000,0.000000,0.000000,0.000000,0.000000,0.000000,0.000000,0.000000,0.000000,0.000000,0.000000,0.000000,0.000000,0.000000,0.000000,0.000000,0.000000,0.000000,0.000000,0.000000,0.000000,0.000000,0.000000,0.000000,0.000000,0.000000,0.000000,0.000000,0.000000,0.000000,0.000000,0.000000,346.083946,505.574134,-180.572669,341.672384,511.970052,-160.327277,341.816864,512.051148,-160.357281,341.880707,512.096955,-160.359200,338.441882,510.690372,-176.356211,336.136307,509.827097,-176.392239,333.587444,508.864217,-176.422949,333.655829,505.943356,-59.551962,322.240728,501.449777,-137.183981,347.766161,496.648130,-142.571999,343.587742,495.307851,-165.190476,370.641781,472.523004,-8.541014,297.897109,434.156564,-105.449579,418.818646,497.582991,9.866985,287.572769,367.848965,-106.520451,462.894011,521.436905,-65.767749,274.852894,311.457799,-147.836756,480.672191,526.515006,-84.087356,270.279396,295.000921,-164.091169,481.478598,526.867854,-111.448381,273.101193,294.389972,-193.903583,475.035571,523.509044,-82.266902,276.205513,299.160447,-160.517476,372.882352,330.444249,19.430814,325.755357,328.696632,-19.612795,388.373850,241.876310,3.149563,297.664365,239.259089,-81.548208,388.960892,168.552099,194.014297,249.777637,165.450077,58.465692,382.377449,159.637778,202.652044,240.310123,161.755950,67.099761,401.475284,138.390407,102.725894,250.109295,133.618474,-51.214668
0.000000,0.000000,0.000000,0.000000,0.000000,0.000000,0.000000,0.000000,0.000000,0.000000,0.000000,0.000000,0.000000,0.000000,0.000000,0.000000,0.000000,0.000000,0.000000,0.000000,0.000000,0.000000,0.000000,0.000000,0.000000,0.000000,0.000000,0.000000,0.000000,0.000000,0.000000,0.000000,0.000000,0.000000,0.000000,0.000000,0.000000,0.000000,0.000000,0.000000,0.000000,0.000000,0.000000,0.000000,0.000000,0.000000,0.000000,0.000000,0.000000,0.000000,0.000000,0.000000,343.986967,506.496588,-183.621383,339.533842,512.969486,-163.399637,339.660638,513.069650,-163.431045,339.706088,513.134978,-163.435024,336.339754,511.650526,-179.427640,334.033299,510.775457,-179.463647,331.480405,509.798879,-179.493418,331.410116,507.062158,-61.923308,320.089685,502.448028,-139.936017,345.682594,497.570278,-145.214758,341.512855,496.210195,-167.967980,368.608779,474.166992,-9.435848,296.019066,434.885150,-107.209935,417.125965,498.233842,8.105999,286.227097,368.613318,-108.194950,461.853086,521.552221,-70.071629,273.994684,311.936087,-149.187957,479.775750,526.481806,-88.592618,269.587446,295.455562,-165.401518,480.630423,526.820724,-116.026164,272.421129,294.827316,-195.380480,474.192672,523.503493,-86.659213,275.489575,299.602794,-161.871018,371.450872,331.858891,19.288252,324.325712,329.788318,-19.469521,387.311427,243.198894,2.622397,296.516048,239.940874,-81.408444,388.832325,168.737536,190.335618,249.600178,165.571181,57.530125,382.225811,159.725086,198.772772,240.157240,161.835119,66.049445,401.405868,138.386581,97.359385,250.096130,133.628338,-52.586997
0.000000,0.000000,0.000000,0.000000,0.000000,0.000000,0.000000,0.000000,0.000000,0.000000,0.000000,0.000000,0.000000,0.000000,0.000000,0.000000,0.000000,0.000000,0.000000,0.000000,0.000000,0.000000,0.000000,0.000000,0.000000,0.000000,0.000000,0.000000,0.000000,0.000000,0.000000,0.000000,0.000000,0.000000,0.000000,0.000000,0.000000,0.000000,0.000000,0.000000,0.000000,0.000000,0.000000,0.000000,0.000000,0.000000,0.000000,0.000000,0.000000,0.000000,0.000000,0.000000,341.904360,507.441899,-186.519115,337.401520,513.991152,-166.346049,337.509620,514.109061,-166.378441,337.535964,514.192880,-166.384113,334.246674,512.642403,-182.421976,331.939749,511.760762,-182.457971,329.381652,510.775549,-182.486906,329.161879,508.194705,-64.290976,317.934424,503.477871,-142.794368,343.611585,498.524800,-147.771094,339.457067,497.146319,-170.683919,366.578583,475.802255,-10.438338,294.121231,435.643164,-109.141759,415.439067,498.928456,6.231523,284.860171,369.397287,-109.975974,460.783716,521.681227,-74.505627,273.107621,312.413336,-150.600501,478.843593,526.473297,-93.249969,268.864894,295.902581,-166.766548,479.746515,526.799583,-120.798693,271.714972,295.255788,-196.917796,473.318539,523.518122,-91.197541,274.747764,300.039133,-163.288799,370.028145,333.282881,19.187945,322.908257,330.894394,-19.368563,386.277972,244.491817,2.475258,295.339342,240.638391,-81.325957,388.676170,168.938265,187.306900,249.323649,165.677224,56.449892,382.025771,159.824880,195.588569,239.933323,161.891519,64.843407,401.327457,138.389466,92.800423,250.016619,133.640180,-54.095347
0.000000,0.000000,0.000000,0.000000,0.000000,0.000000,0.000000,0.000000,0.000000,0.000000,0.000000,0.000000,0.000000,0.000000,0.000000,0.000000,0.000000,0.000000,0.000000,0.000000,0.000000,0.000000,0.000000,0.000000,0.000000,0.000000,0.000000,0.000000,0.000000,0.000000,0.000000,0.000000,0.000000,0.000000,0.000000,0.000000,0.000000,0.000000,0.000000,0.000000,0.000000,0.000000,0.000000,0.000000,0.000000,0.000000,0.000000,0.000000,0.000000,0.000000,0.000000,0.000000,339.836127,508.410068,-189.265865,335.275417,515.035052,-169.166513,335.363812,515.169380,-169.199469,335.370336,515.270659,-169.206467,332.162640,513.666004,-185.339218,329.855659,512.783011,-185.375211,327.291185,511.794226,-185.403412,326.911118,509.340997,-66.654967,315.774943,504.539307,-145.759033,341.553135,499.511696,-150.241008,337.420380,498.116222,-173.338293,364.551193,477.428792,-11.548485,292.203603,436.430603,-111.245053,413.757955,499.666831,4.243557,283.471991,370.200872,-111.863525,459.685901,521.823922,-79.069741,272.191707,312.889544,-152.074388,477.875720,526.489481,-98.059411,268.111741,296.341978,-168.186260,478.826874,526.804431,-125.765968,270.982721,295.675387,-198.515533,472.413173,523.552933,-95.881885,273.980081,300.469464,-164.770819,368.614171,334.716218,19.129892,321.502993,332.014859,-19.309921,385.273485,245.755080,2.708146,294.134248,241.351641,-81.300748,388.492427,169.154285,184.928143,248.948051,165.768205,55.224993,381.777329,159.937161,193.099437,239.638373,161.925152,63.481647,401.240052,138.399062,89.049006,249.870764,133.653999,-55.739716
0.000000,0.000000,0.000000,0.000000,0.000000,0.000000,0.000000,0.000000,0.000000,0.000000,0.000000,0.000000,0.000000,0.000000,0.000000,0.000000,0.000000,0.000000,0.000000,0.000000,0.000000,0.000000,0.000000,0.000000,0.000000,0.000000,0.000000,0.000000,0.000000,0.000000,0.000000,0.000000,0.000000,0.000000,0.000000,0.000000,0.000000,0.000000,0.000000,0.000000,0.000000,0.000000,0.000000,0.000000,0.000000,0.000000,0.000000,0.000000,0.000000,0.000000,0.000000,0.000000,337.782267,509.401095,-191.861633,333.155535,516.101185,-171.861029,333.223213,516.250607,-171.894129,333.209203,516.368316,-171.902085,330.087654,514.721328,-188.179368,327.781027,513.842205,-188.215367,325.209004,512.854911,-188.242936,324.657834,510.501034,-69.015281,313.611243,505.632337,-148.830012,339.507244,500.530965,-152.624498,335.402792,499.119904,-175.931102,362.526609,479.046604,-12.766289,290.266183,437.247470,-113.519817,412.082627,500.448969,2.142101,282.062557,371.024073,-113.857602,458.559641,521.980307,-83.763971,271.246942,313.364712,-153.609619,476.872132,526.530356,-103.020943,267.327986,296.773753,-169.660653,477.871500,526.835268,-130.927990,270.224378,296.086113,-200.173689,471.476573,523.607924,-100.712246,273.186525,300.893787,-166.317077,367.208950,336.158903,19.114094,320.109919,333.149713,-19.293594,384.297967,246.988681,3.321060,292.900765,242.080623,-81.332817,388.281096,169.385596,183.199348,248.473384,165.844125,53.855428,381.480484,160.061929,191.305374,239.272389,161.936016,61.964165,401.143653,138.415370,86.105136,249.658565,133.669796,-57.520105
0.000000,0.000000,0.000000,0.000000,0.000000,0.000000,0.000000,0.000000,0.000000,0.000000,0.000000,0.000000,0.000000,0.000000,0.000000,0.000000,0.000000,0.000000,0.000000,0.000000,0.000000,0.000000,0.000000,0.000000,0.000000,0.000000,0.000000,0.000000,0.000000,0.000000,0.000000,0.000000,0.000000,0.000000,0.000000,0.000000,0.000000,0.000000,0.000000,0.000000,0.000000,0.000000,0.000000,0.000000,0.000000,0.000000,0.000000,0.000000,0.000000,0.000000,0.000000,0.000000,335.742781,510.414979,-194.306419,331.041872,517.189551,-174.429597,331.087823,517.352742,-174.462422,331.052565,517.485851,-174.470969,328.021715,515.808375,-190.942425,325.715854,514.938343,-190.978440,323.135109,513.957605,-191.005478,322.402026,511.674815,-71.371917,311.443325,506.756960,-152.007306,337.473912,501.582607,-154.921565,333.404303,500.157365,-178.462345,360.504831,480.655690,-14.091749,288.308971,438.093763,-115.966049,410.413084,501.274869,-0.072845,280.631869,371.866890,-115.958204,457.404937,522.150382,-88.588319,270.273325,313.838841,-155.206193,475.832829,526.595923,-108.134566,266.513630,297.197906,-171.189727,476.880393,526.892093,-136.284758,269.439942,296.487967,-201.892265,470.508739,523.683095,-105.688622,272.367097,301.312101,-167.927574,365.812482,337.610935,19.140551,318.729036,334.298957,-19.319583,383.351417,248.192621,4.314002,291.638893,242.825337,-81.422163,388.042177,169.632199,182.120513,247.899647,165.904983,52.341197,381.135237,160.199184,190.206381,238.835371,161.924111,60.290961,401.038259,138.438389,83.968812,249.380020,133.687570,-59.436514
0.000000,0.000000,0.000000,0.000000,0.000000,0.000000,0.000000,0.000000,0.000000,0.000000,0.000000,0.000000,0.000000,0.000000,0.000000,0.000000,0.000000,0.000000,0.000000,0.000000,0.000000,0.000000,0.000000,0.000000,0.000000,0.000000,0.000000,0.000000,0.000000,0.000000,0.000000,0.000000,0.000000,0.000000,0.000000,0.000000,0.000000,0.000000,0.000000,0.000000,0.000000,0.000000,0.000000,0.000000,0.000000,0.000000,0.000000,0.000000,0.000000,0.000000,0.000000,0.000000,333.717668,511.451721,-196.600224,328.934430,518.300150,-176.872218,328.957643,518.475784,-176.904346,328.900423,518.623264,-176.913118,325.964824,516.927146,-193.628388,323.660140,516.071426,-193.664429,321.069500,515.102306,-193.691039,320.143694,512.862341,-73.724876,309.271187,507.913176,-155.290913,335.453138,502.666624,-157.132209,331.424914,501.228605,-180.932024,358.485859,482.256051,-15.524867,286.331966,438.969482,-118.583751,408.749326,502.144531,-2.401280,279.179928,372.729324,-118.165333,456.221788,522.334146,-93.542783,269.270857,314.311929,-156.864111,474.757809,526.686181,-113.400279,265.668673,297.614436,-172.773483,475.853553,526.974907,-141.836272,268.629412,296.880949,-203.671261,469.509672,523.778448,-110.811015,271.521795,301.724407,-169.602310,364.424767,339.072315,19.209263,317.360343,335.462590,-19.387887,382.433835,249.366900,5.686970,290.348633,243.585784,-81.568787,387.775669,169.894093,181.691640,247.226841,165.950780,50.682300,380.741588,160.348925,189.802458,238.327319,161.889439,58.462035,400.923871,138.468120,82.640033,249.035131,133.707322,-61.488943
0.000000,0.000000,0.000000,0.000000,0.000000,0.000000,0.000000,0.000000,0.000000,0.000000,0.000000,0.000000,0.000000,0.000000,0.000000,0.000000,0.000000,0.000000,0.000000,0.000000,0.000000,0.000000,0.000000,0.000000,0.000000,0.000000,0.000000,0.000000,0.000000,0.000000,0.000000,0.000000,0.000000,0.000000,0.000000,0.000000,0.000000,0.000000,0.000000,0.000000,0.000000,0.000000,0.000000,0.000000,0.000000,0.000000,0.000000,0.000000,0.000000,0.000000,0.000000,0.000000,331.706929,512.511320,-198.743046,326.833207,519.432982,-179.188890,326.832671,519.619735,-179.219903,326.752776,519.780554,-179.228532,323.916979,518.077640,-196.237259,321.613885,517.241454,-196.273334,319.012177,516.289015,-196.299618,317.882839,514.063613,-76.074157,307.094831,509.100985,-158.680835,333.444923,503.783013,-159.256430,329.464625,502.333625,-183.340137,356.469693,483.847686,-17.065641,284.335169,439.874628,-121.372922,407.091353,503.057955,-4.843206,277.706732,373.611373,-120.478988,455.010195,522.531600,-98.627364,268.239537,314.783977,-158.583373,473.647074,526.801132,-118.818082,264.793115,298.023345,-174.411921,474.790980,527.083709,-147.582533,267.792790,297.265058,-205.510677,468.479371,523.893981,-116.079425,270.650621,302.130705,-171.341284,363.045805,340.543043,19.320229,316.003840,336.640612,-19.498507,381.545222,250.511518,7.439965,289.029985,244.361963,-81.772688,387.481574,170.171278,181.912728,246.454965,165.981514,48.878737,380.299537,160.511153,190.093605,237.748234,161.831998,56.477386,400.800489,138.504562,82.118801,248.623896,133.729052,-63.677392
0.000000,0.000000,0.000000,0.000000,0.000000,0.000000,0.000000,0.000000,0.000000,0.000000,0.000000,0.000000,0.000000,0.000000,0.000000,0.000000,0.000000,0.000000,0.000000,0.000000,0.000000,0.000000,0.000000,0.000000,0.000000,0.000000,0.000000,0.000000,0.000000,0.000000,0.000000,0.000000,0.000000,0.000000,0.000000,0.000000,0.000000,0.000000,0.000000,0.000000,0.000000,0.000000,0.000000,0.000000,0.000000,0.000000,0.000000,0.000000,0.000000,0.000000,0.000000,0.000000,329.710562,513.593777,-200.734887,324.738205,520.588048,-181.379615,324.712909,520.784594,-181.409092,324.609624,520.957722,-181.417210,321.878182,519.259857,-198.769036,319.577089,518.448426,-198.805155,316.963139,517.517731,-198.831215,315.619459,515.278629,-78.419761,304.914255,510.320387,-162.177072,331.449267,504.931776,-161.294228,327.523436,503.472424,-185.686685,354.456332,485.430595,-18.714072,282.318579,440.809201,-124.333562,405.439165,504.015142,-7.398622,276.212282,374.513039,-122.899169,453.770156,522.742744,-103.842062,267.179366,315.254986,-160.363978,472.500624,526.940774,-124.387976,263.886955,298.424631,-176.105040,473.692675,527.218500,-153.523540,266.930075,297.640294,-207.410513,467.417836,524.029695,-121.493850,269.753575,302.530995,-173.144497,361.675596,342.023118,19.473450,314.659528,337.833024,-19.651443,380.685577,251.626475,9.572988,287.682948,245.153874,-82.033867,387.159891,170.463755,182.783776,245.584020,165.997188,46.930508,379.809083,160.685868,191.079822,237.098116,161.751789,54.337016,400.668112,138.547715,82.405114,248.146317,133.752759,-66.001861
0.000000,0.000000,0.000000,0.000000,0.000000,0.000000,0.000000,0.000000,0.000000,0.000000,0.000000,0.000000,0.000000,0.000000,0.000000,0.000000,0.000000,0.000000,0.000000,0.000000,0.000000,0.000000,0.000000,0.000000,0.000000,0.000000,0.000000,0.000000,0.000000,0.000000,0.000000,0.000000,0.000000,0.000000,0.000000,0.000000,0.000000,0.000000,0.000000,0.000000,0.000000,0.000000,0.000000,0.000000,0.000000,0.000000,0.000000,0.000000,0.000000,0.000000,0.000000,0.000000,327.728569,514.699091,-202.575746,322.649422,521.765346,-183.444392,322.598356,521.970360,-183.471913,322.470968,522.154768,-183.479154,319.848432,520.473797,-201.223721,317.549751,519.692343,-201.259893,314.922388,518.788456,-201.285830,313.353557,516.507390,-80.761688,302.729461,511.571383,-165.779623,329.466169,506.112913,-163.245603,325.601346,504.645002,-187.971669,352.445778,487.004779,-20.470160,280.282197,441.773200,-127.465671,403.792761,505.016090,-10.067527,274.696579,375.434321,-125.425875,452.501673,522.967578,-109.186876,266.090343,315.724954,-162.205926,471.318458,527.105107,-130.109959,262.950193,298.818296,-177.852840,472.558636,527.379280,-159.659293,266.041266,298.006657,-209.370769,466.325068,524.185589,-127.054292,268.830656,302.925277,-175.011948,360.314139,343.512541,19.668925,313.327406,339.039825,-19.846694,379.854901,252.711771,12.086037,286.307522,245.961517,-82.352323,386.810619,170.771524,184.304786,244.614005,165.997799,44.837613,379.270227,160.873070,192.761109,236.376963,161.648811,52.040923,400.526741,138.597580,83.498974,247.602393,133.778443,-68.462349
0.000000,0.000000,0.000000,0.000000,0.000000,0.000000,0.000000,0.000000,0.000000,0.000000,0.000000,0.000000,0.000000,0.000000,0.000000,0.000000,0.000000,0.000000,0.000000,0.000000,0.000000,0.000000,0.000000,0.000000,0.000000,0.000000,0.000000,0.000000,0.000000,0.000000,0.000000,0.000000,0.000000,0.000000,0.000000,0.000000,0.000000,0.000000,0.000000,0.000000,0.000000,0.000000,0.000000,0.000000,0.000000,0.000000,0.000000,0.000000,0.000000,0.000000,0.000000,0.000000,325.760950,515.827263,-204.265622,320.566860,522.964878,-185.383220,320.489013,523.177035,-185.408366,320.336807,523.371691,-185.414363,317.827729,521.719461,-203.601312,315.531873,520.973204,-203.637547,312.889922,520.101188,-203.663464,311.085130,517.749896,-83.099937,300.540447,512.853972,-169.488488,327.495630,507.326423,-165.110555,323.698356,505.851359,-190.195087,350.438030,488.570238,-22.333905,278.226022,442.766625,-130.769249,402.152142,506.060801,-12.849923,273.159621,376.375219,-128.059108,451.204746,523.206101,-114.661807,264.972469,316.193883,-164.109218,470.100576,527.294133,-135.984034,261.982831,299.204338,-179.655322,471.388864,527.566049,-165.989793,265.126365,298.364148,-211.391445,465.201066,524.361664,-132.760750,267.881864,303.313550,-176.943639,358.961436,345.011311,19.906656,312.007475,340.261015,-20.084261,379.053193,253.767406,14.979112,284.903708,246.784893,-82.728057,386.433760,171.094583,186.475757,243.544921,165.983349,42.600052,378.682968,161.072758,195.137466,235.584777,161.523065,49.589109,400.376376,138.654157,85.400379,246.992125,133.806105,-71.058858
0.000000,0.000000,0.000000,0.000000,0.000000,0.000000,0.000000,0.000000,0.000000,0.000000,0.000000,0.000000,0.000000,0.000000,0.000000,0.000000,0.000000,0.000000,0.000000,0.000000,0.000000,0.000000,0.000000,0.000000,0.000000,0.000000,0.000000,0.000000,0.000000,0.000000,0.000000,0.000000,0.000000,0.000000,0.000000,0.000000,0.000000,0.000000,0.000000,0.000000,0.000000,0.000000,0.000000,0.000000,0.000000,0.000000,0.000000,0.000000,0.000000,0.000000,0.000000,0.000000,323.807703,516.978293,-205.804517,318.490517,524.186642,-187.196101,318.384878,524.404618,-187.218451,318.207142,524.608492,-187.222837,315.816073,522.996848,-205.901810,313.523453,522.291010,-205.938117,310.865743,521.455929,-205.964116,308.814180,519.006146,-85.434509,298.347215,514.168153,-173.303667,325.537650,508.572307,-166.889084,321.814466,507.091495,-192.356939,348.433088,490.126971,-24.305307,276.150055,443.789478,-134.244297,400.517308,507.149274,-15.745808,271.601410,377.335733,-130.798867,449.879373,523.458314,-120.266855,263.825743,316.661771,-166.073853,468.846978,527.507850,-142.010198,260.984867,299.582758,-181.512486,470.183360,527.778806,-172.515039,264.185370,298.712767,-213.472541,464.045831,524.557920,-138.613225,266.907199,303.695815,-178.939567,357.617486,346.519429,20.186641,310.699733,341.496594,-20.364144,378.280454,254.793380,18.252215,283.471505,247.624000,-83.161069,386.029313,171.432934,189.296689,242.376767,165.953838,40.217824,378.047308,161.284933,198.208893,234.721558,161.374551,46.981572,400.217016,138.717445,88.109331,246.315511,133.835744,-73.791386
0.000000,0.000000,0.000000,0.000000,0.000000,0.000000,0.000000,0.000000,0.000000,0.000000,0.000000,0.000000,0.000000,0.000000,0.000000,0.000000,0.000000,0.000000,0.000000,0.000000,0.000000,0.000000,0.000000,0.000000,0.000000,0.000000,0.000000,0.000000,0.000000,0.000000,0.000000,0.000000,0.000000,0.000000,0.000000,0.000000,0.000000,0.000000,0.000000,0.000000,0.000000,0.000000,0.000000,0.000000,0.000000,0.000000,0.000000,0.000000,0.000000,0.000000,0.000000,0.000000,321.868830,518.152180,-207.192430,316.420394,525.430640,-188.883035,316.285953,525.653108,-188.902169,316.081971,525.865171,-188.904576,313.813465,524.305959,-208.125215,311.524492,523.645761,-208.161603,308.849849,522.852677,-208.187786,306.540706,520.276142,-87.765403,296.149764,515.513928,-177.225160,323.592229,509.850565,-168.581190,319.949675,508.365410,-194.457227,346.430951,491.674978,-26.384365,274.054296,444.841756,-137.890814,398.888258,508.281510,-18.755183,270.021944,378.315863,-133.645152,448.525556,523.724217,-126.002020,262.650166,317.128620,-168.099832,467.557665,527.746259,-148.188453,259.956302,299.953556,-183.424331,468.942122,528.017552,-179.235031,263.218282,299.052512,-215.614057,462.859362,524.774357,-144.611716,265.906661,304.072072,-180.999735,356.282288,348.036894,20.508880,309.404183,342.746563,-20.686342,377.536683,255.789693,21.905345,282.010914,248.478840,-83.651358,385.597277,171.786577,192.767582,241.109544,165.909264,37.690931,377.363245,161.509595,201.975389,233.787305,161.203269,44.218313,400.048662,138.787444,91.625828,245.572553,133.867361,-76.659934
0.000000,0.000000,0.000000,0.000000,0.000000,0.000000,0.000000,0.000000,0.000000,0.000000,0.000000,0.000000,0.000000,0.000000,0.000000,0.000000,0.000000,0.000000,0.000000,0.000000,0.000000,0.000000,0.000000,0.000000,0.000000,0.000000,0.000000,0.000000,0.000000,0.000000,0.000000,0.000000,0.000000,0.000000,0.000000,0.000000,0.000000,0.000000,0.000000,0.000000,0.000000,0.000000,0.000000,0.000000,0.000000,0.000000,0.000000,0.000000,0.000000,0.000000,0.000000,0.000000,320.031759,518.791392,-210.836088,314.463094,526.108566,-192.591789,314.314428,526.322205,-192.609093,314.097698,526.535436,-192.609672,311.905602,525.062631,-211.604048,309.624917,524.444804,-211.640734,306.940221,523.707789,-211.668279,304.409921,520.863073,-91.067302,294.048774,516.265645,-178.934415,321.762075,510.564301,-172.214006,318.171632,509.086863,-197.611184,344.724496,492.269350,-29.566415,271.805458,445.704641,-138.130576,397.318180,509.026622,-21.574805,268.153543,379.298045,-132.733382,447.681433,524.002267,-128.192877,261.187044,317.577586,-168.080694,466.528906,527.927632,-150.319498,258.653060,300.290530,-183.321662,467.994622,528.186005,-181.667092,261.910603,299.406857,-215.857929,462.096933,524.972860,-146.877023,264.509608,304.409283,-181.139264,355.043166,348.339694,20.501523,308.047902,343.383087,-20.681387,376.942579,255.673962,28.359436,280.973515,249.128588,-82.640351,385.100072,171.834823,202.130801,240.176669,165.943835,38.738548,376.498893,161.565402,211.555783,233.233543,160.976352,45.251210,399.908153,138.950020,102.372525,244.349754,133.924014,-76.095941
0.000000,0.000000,0.000000,0.000000,0.000000,0.000000,0.000000,0.000000,0.000000,0.000000,0.000000,0.000000,0.000000,0.000000,0.000000,0.000000,0.000000,0.000000,0.000000,0.000000,0.000000,0.000000,0.000000,0.000000,0.000000,0.000000,0.000000,0.000000,0.000000,0.000000,0.000000,0.000000,0.000000,0.000000,0.000000,0.000000,0.000000,0.000000,0.000000,0.000000,0.000000,0.000000,0.000000,0.000000,0.000000,0.000000,0.000000,0.000000,0.000000,0.000000,0.000000,0.000000,318.096210,519.620449,-207.590090,312.474813,526.935569,-189.492669,312.304930,527.143863,-189.509766,312.065594,527.357243,-189.508324,309.976549,525.941495,-208.581024,307.707852,525.355219,-208.616760,305.020060,524.655874,-208.645498,302.175508,521.599339,-88.882087,291.975799,517.134803,-176.740357,319.805356,511.442649,-169.389747,316.313115,509.920965,-194.753563,342.744384,493.243870,-28.577091,269.693829,446.535260,-136.682238,395.446763,509.777710,-22.362623,266.478991,379.958506,-130.964092,445.796037,524.298998,-131.040020,259.873352,318.121250,-166.067052,464.692180,528.188549,-153.417513,257.515070,300.717644,-181.169910,466.216134,528.439868,-185.463566,260.770238,299.850720,-213.837660,460.319708,525.243019,-150.017928,263.322457,304.920599,-179.173285,353.702772,349.160238,20.618335,306.720757,344.139005,-20.794624,376.317812,256.209019,32.078213,279.917842,249.808413,-83.805494,384.462652,172.051961,205.797055,239.150277,165.780004,34.592346,375.676795,161.721291,215.376920,232.386944,160.439638,40.749122,399.464872,139.058630,106.550999,243.283108,133.933197,-80.647913
0.000000,0.000000,0.000000,0.000000,0.000000,0.000000,0.000000,0.000000,0.000000,0.000000,0.000000,0.000000,0.000000,0.000000,0.000000,0.000000,0.000000,0.000000,0.000000,0.000000,0.000000,0.000000,0.000000,0.000000,0.000000,0.000000,0.000000,0.000000,0.000000,0.000000,0.000000,0.000000,0.000000,0.000000,0.000000,0.000000,0.000000,0.000000,0.000000,0.000000,0.000000,0.000000,0.000000,0.000000,0.000000,0.000000,0.000000,0.000000,0.000000,0.000000,0.000000,0.000000,316.184487,520.222924,-204.414174,310.522273,527.528729,-186.447314,310.334402,527.733008,-186.464354,310.075576,527.947023,-186.461078,308.071748,526.579600,-205.624546,305.813792,526.022250,-205.659376,303.123407,525.357631,-205.689277,300.001137,522.114818,-86.682730,289.943464,517.773713,-174.643861,317.866126,512.093566,-166.603191,314.460380,510.521704,-191.967309,340.765993,493.993076,-27.475764,267.620889,447.130683,-135.371798,393.539393,510.368771,-22.840089,264.808010,380.372390,-129.435215,443.865625,524.522189,-133.414624,258.540819,318.461441,-164.271910,462.795620,528.402575,-156.017090,256.341776,300.937543,-179.244657,464.372265,528.656774,-188.708142,259.584976,300.091549,-212.026172,458.477040,525.472758,-152.666648,262.094986,305.234061,-177.419653,352.337217,349.788243,20.809908,305.373371,344.678619,-20.982865,375.682218,256.624999,35.376502,278.892497,250.312099,-84.802976,383.812645,172.237825,209.145426,238.191099,165.610312,31.394045,374.865429,161.852585,218.885033,231.574308,159.925565,37.284019,399.017002,139.155815,110.501795,242.269676,133.928983,-83.985259
0.000000,0.000000,0.000000,0.000000,0.000000,0.000000,0.000000,0.000000,0.000000,0.000000,0.000000,0.000000,0.000000,0.000000,0.000000,0.000000,0.000000,0.000000,0.000000,0.000000,0.000000,0.000000,0.000000,0.000000,0.000000,0.000000,0.000000,0.000000,0.000000,0.000000,0.000000,0.000000,0.000000,0.000000,0.000000,0.000000,0.000000,0.000000,0.000000,0.000000,0.000000,0.000000,0.000000,0.000000,0.000000,0.000000,0.000000,0.000000,0.000000,0.000000,0.000000,0.000000,314.296591,520.598817,-201.308340,308.605473,527.888046,-183.455723,308.402844,528.089640,-183.472857,308.127644,528.304776,-183.467934,306.191200,526.976946,-202.734615,303.942739,526.445896,-202.768582,301.250262,525.813059,-202.799615,297.886806,522.409509,-84.469230,287.951769,518.182376,-172.644926,315.944386,512.517053,-163.854338,312.613427,510.889078,-189.252421,338.789322,494.516971,-26.262434,265.586637,447.490911,-134.199256,391.596072,510.799807,-23.007201,263.140597,380.539698,-128.146750,441.890195,524.671842,-135.316690,257.189447,318.598158,-162.695267,460.839227,528.569710,-158.118231,255.133179,300.950226,-177.545901,462.463015,528.836724,-191.400822,258.354818,300.129341,-210.423464,456.568927,525.662076,-154.823182,260.827194,305.349670,-175.878368,350.946503,350.223711,21.076242,304.005745,345.001928,-21.246112,375.035798,256.921900,38.254301,277.897479,250.639645,-85.632797,383.150052,172.392414,212.175914,237.299134,165.434760,29.143645,374.064794,161.959282,222.080125,230.795634,159.434131,34.855899,398.564544,139.241576,114.224913,241.309458,133.911374,-86.107979
0.000000,0.000000,0.000000,0.000000,0.000000,0.000000,0.000000,0.000000,0.000000,0.000000,0.000000,0.000000,0.000000,0.000000,0.000000,0.000000,0.000000,0.000000,0.000000,0.000000,0.000000,0.000000,0.000000,0.000000,0.000000,0.000000,0.000000,0.000000,0.000000,0.000000,0.000000,0.000000,0.000000,0.000000,0.000000,0.000000,0.000000,0.000000,0.000000,0.000000,0.000000,0.000000,0.000000,0.000000,0.000000,0.000000,0.000000,0.000000,0.000000,0.000000,0.000000,0.000000,312.432520,520.748126,-198.272588,306.724414,528.013520,-180.517896,306.510256,528.213758,-180.535275,306.221797,528.430502,-180.528890,304.334904,527.133533,-199.911232,302.094692,526.626158,-199.944379,299.400625,526.022159,-199.976513,295.832516,522.483413,-82.241586,286.000715,518.360792,-170.743554,314.040134,512.713111,-161.143188,310.772256,511.023089,-186.608899,336.814372,494.815552,-24.937102,263.591073,447.615942,-133.164612,389.616798,511.070817,-22.863961,261.476755,380.460429,-127.098699,439.869749,524.747956,-136.746217,255.819234,318.531402,-161.337124,458.823001,528.689953,-159.720934,253.889279,300.755692,-176.073645,460.488386,528.979717,-193.541604,257.079763,299.964098,-209.029537,454.595371,525.810974,-156.487531,259.519083,305.267425,-174.549430,349.530629,350.466641,21.417337,302.617877,345.108932,-21.584363,374.378551,257.099724,40.711611,276.932788,250.791052,-86.294956,382.474873,172.515729,214.888519,236.474381,165.253348,27.841147,373.274890,162.041384,224.962195,230.050923,158.965338,33.464764,398.107496,139.315912,117.720354,240.402454,133.880368,-87.016075
0.000000,0.000000,0.000000,0.000000,0.000000,0.000000,0.000000,0.000000,0.000000,0.000000,0.000000,0.000000,0.000000,0.000000,0.000000,0.000000,0.000000,0.000000,0.000000,0.000000,0.000000,0.000000,0.000000,0.000000,0.000000,0.000000,0.000000,0.000000,0.000000,0.000000,0.000000,0.000000,0.000000,0.000000,0.000000,0.000000,0.000000,0.000000,0.000000,0.000000,0.000000,0.000000,0.000000,0.000000,0.000000,0.000000,0.000000,0.000000,0.000000,0.000000,0.000000,0.000000,310.592276,520.670853,-195.306918,304.879096,527.905151,-177.633835,304.656638,528.105362,-177.651607,304.358036,528.324201,-177.643948,302.502861,527.049362,-197.154396,300.269651,526.563036,-197.186767,297.574495,525.984930,-197.219971,293.838268,522.336530,-79.999800,284.090301,518.308960,-168.939743,312.153371,512.681738,-158.469740,308.936867,510.923737,-184.036744,334.841143,494.888821,-23.499767,261.634198,447.505776,-132.267867,387.601573,511.181802,-22.410367,259.816482,380.134584,-126.291061,437.804287,524.750531,-137.703205,254.430180,318.261174,-160.197480,456.746941,528.763304,-160.825200,252.610075,300.353943,-174.827886,458.448375,529.085753,-195.130489,255.759811,299.595820,-207.844390,452.556371,525.919451,-157.659695,258.170652,304.987327,-173.432839,348.089596,350.517032,21.833193,301.209768,344.999632,-21.997620,373.710477,257.158469,42.748432,275.998424,250.766320,-86.789454,381.787108,172.607769,217.283241,235.716841,165.066075,27.486550,372.495717,162.098889,227.531243,229.340175,158.519186,33.110613,397.645860,139.378823,120.988117,239.548663,133.835966,-86.709545
0.000000,0.000000,0.000000,0.000000,0.000000,0.000000,0.000000,0.000000,0.000000,0.000000,0.000000,0.000000,0.000000,0.000000,0.000000,0.000000,0.000000,0.000000,0.000000,0.000000,0.000000,0.000000,0.000000,0.000000,0.000000,0.000000,0.000000,0.000000,0.000000,0.000000,0.000000,0.000000,0.000000,0.000000,0.000000,0.000000,0.000000,0.000000,0.000000,0.000000,0.000000,0.000000,0.000000,0.000000,0.000000,0.000000,0.000000,0.000000,0.000000,0.000000,0.000000,0.000000,308.775858,520.366997,-192.411330,303.069519,527.562940,-174.803537,302.841990,527.764453,-174.821855,302.536360,527.985873,-174.813107,300.695069,526.724433,-194.464107,298.467616,526.256529,-194.495745,295.771874,525.701373,-194.529987,291.904060,521.968859,-77.743871,282.220528,518.026881,-167.233494,310.284098,512.422934,-155.833995,307.107260,510.591020,-181.535955,332.869633,494.736778,-21.950428,259.716012,447.160415,-131.509021,385.550395,511.132760,-21.646421,258.159779,379.562162,-125.723835,435.693807,524.679567,-138.187654,253.022287,317.787472,-159.276336,454.611047,528.789763,-161.431029,251.295568,299.744979,-173.808626,456.342984,529.154833,-196.167478,254.394963,299.024506,-206.868024,450.451928,525.987509,-158.339674,256.781901,304.509375,-172.528594,346.623402,350.374886,22.323811,299.781419,344.674027,-22.485882,373.031577,257.098137,44.364765,275.094387,250.565449,-87.116290,381.086756,172.668535,219.360080,235.026515,164.872941,28.079855,371.727275,162.131799,229.787268,228.663389,158.095674,33.793446,397.179635,139.430309,124.028203,238.748087,133.778168,-85.188389
0.000000,0.000000,0.000000,0.000000,0.000000,0.000000,0.000000,0.000000,0.000000,0.000000,0.000000,0.000000,0.000000,0.000000,0.000000,0.000000,0.000000,0.000000,0.000000,0.000000,0.000000,0.000000,0.000000,0.000000,0.000000,0.000000,0.000000,0.000000,0.000000,0.000000,0.000000,0.000000,0.000000,0.000000,0.000000,0.000000,0.000000,0.000000,0.000000,0.000000,0.000000,0.000000,0.000000,0.000000,0.000000,0.000000,0.000000,0.000000,0.000000,0.000000,0.000000,0.000000,306.983266,519.836558,-189.585824,301.295682,526.986885,-172.027004,301.066313,527.191031,-172.046017,300.756769,527.415518,-172.036367,298.911531,526.158745,-191.840364,296.688587,525.706638,-191.871314,293.992760,525.171488,-191.906564,290.029894,521.380400,-75.473799,280.391396,517.514555,-165.624808,308.432313,511.936701,-153.235952,305.283435,510.024940,-179.106533,330.899845,494.359422,-20.289088,257.836514,446.579857,-130.888073,383.463265,510.923693,-20.572122,256.506646,378.743164,-125.397023,433.538311,524.535064,-138.199564,251.595553,317.110297,-158.573692,452.415320,528.769331,-161.538421,249.945757,298.928798,-173.015864,454.172213,529.186957,-196.652569,252.985217,298.250156,-206.100439,448.282040,526.015145,-158.527467,255.352831,303.833570,-171.836696,345.132048,350.040201,22.889189,298.332828,344.132118,-23.049148,372.341850,256.918727,45.560608,274.220678,250.188439,-87.275466,380.373817,172.698027,221.119036,234.403401,164.673947,29.621060,370.969565,162.140112,231.730272,228.020566,157.694802,35.513263,396.708821,139.470371,126.840610,238.000724,133.706973,-82.452608
0.000000,0.000000,0.000000,0.000000,0.000000,0.000000,0.000000,0.000000,0.000000,0.000000,0.000000,0.000000,0.000000,0.000000,0.000000,0.000000,0.000000,0.000000,0.000000,0.000000,0.000000,0.000000,0.000000,0.000000,0.000000,0.000000,0.000000,0.000000,0.000000,0.000000,0.000000,0.000000,0.000000,0.000000,0.000000,0.000000,0.000000,0.000000,0.000000,0.000000,0.000000,0.000000,0.000000,0.000000,0.000000,0.000000,0.000000,0.000000,0.000000,0.000000,0.000000,0.000000,305.214501,519.079537,-186.830400,299.557586,526.176988,-169.304236,299.329605,526.385095,-169.324095,299.019265,526.613135,-169.313729,297.152244,525.352298,-189.283170,294.932564,524.913363,-189.313473,292.237154,524.395274,-189.349700,288.215768,520.571154,-73.189584,278.602904,516.771981,-164.113683,306.598018,511.223038,-150.675613,303.465393,509.225496,-176.748477,328.931776,493.756753,-18.515744,255.995705,445.764103,-130.405023,381.340183,510.554599,-19.187469,254.857082,377.677589,-125.310623,431.337798,524.317021,-137.738936,250.149978,316.229649,-158.089547,450.159760,528.702008,-161.147376,248.560643,297.905402,-172.449601,451.936061,529.182123,-196.585763,251.530575,297.272771,-205.541634,446.046709,526.002362,-158.223075,253.883440,302.959911,-171.357145,343.615535,349.512978,23.529329,296.863996,343.373904,-23.687420,371.641297,256.620239,46.335963,273.377296,249.635289,-87.266980,379.648292,172.696244,222.560110,233.847500,164.469093,32.110167,370.222585,162.123830,233.360253,227.411705,157.316571,38.270065,396.233418,139.499008,129.425340,237.306575,133.622383,-78.502202
0.000000,0.000000,0.000000,0.000000,0.000000,0.000000,0.000000,0.000000,0.000000,0.000000,0.000000,0.000000,0.000000,0.000000,0.000000,0.000000,0.000000,0.000000,0.000000,0.000000,0.000000,0.000000,0.000000,0.000000,0.000000,0.000000,0.000000,0.000000,0.000000,0.000000,0.000000,0.000000,0.000000,0.000000,0.000000,0.000000,0.000000,0.000000,0.000000,0.000000,0.000000,0.000000,0.000000,0.000000,0.000000,0.000000,0.000000,0.000000,0.000000,0.000000,0.000000,0.000000,303.469562,518.095932,-184.145058,297.855232,525.133248,-166.635232,297.631867,525.346645,-166.656087,297.323845,525.578726,-166.645192,295.417210,524.305093,-186.792522,293.199547,523.876704,-186.822223,290.505056,523.372732,-186.859395,286.461684,519.541121,-70.891226,276.855052,515.799160,-162.700119,304.781211,510.281944,-148.152976,301.653132,508.192689,-174.461787,326.965429,492.928772,-16.630397,254.193584,444.713153,-130.059871,379.181148,510.025480,-17.492464,253.211088,376.365438,-125.464636,429.092269,524.025440,-136.805768,248.685563,315.145528,-157.823901,447.844366,528.587793,-160.257894,247.140226,296.674790,-172.109836,449.634529,529.140334,-195.967060,250.031037,296.092351,-205.191609,443.745934,525.949158,-157.426498,252.373729,301.888398,-171.089941,342.073862,348.793218,24.244230,295.374923,342.399385,-24.400697,370.929916,256.202673,46.690828,272.564241,248.906000,-87.090832,378.910181,172.663186,223.683300,233.358812,164.258378,35.547176,369.486337,162.082951,234.677213,226.836807,156.960980,42.063850,395.753427,139.516220,131.782392,236.665640,133.524396,-73.337171
0.000000,0.000000,0.000000,0.000000,0.000000,0.000000,0.000000,0.000000,0.000000,0.000000,0.000000,0.000000,0.000000,0.000000,0.000000,0.000000,0.000000,0.000000,0.000000,0.000000,0.000000,0.000000,0.000000,0.000000,0.000000,0.000000,0.000000,0.000000,0.000000,0.000000,0.000000,0.000000,0.000000,0.000000,0.000000,0.000000,0.000000,0.000000,0.000000,0.000000,0.000000,0.000000,0.000000,0.000000,0.000000,0.000000,0.000000,0.000000,0.000000,0.000000,0.000000,0.000000,301.748448,516.885745,-181.529798,296.188617,523.855665,-164.019993,295.973100,524.075682,-164.041994,295.670512,524.312290,-164.030756,293.706429,523.017129,-184.368421,291.489536,522.596660,-184.397564,288.796466,522.103862,-184.435650,284.767640,518.290300,-68.578725,275.147841,514.596092,-161.384118,302.981894,509.113420,-145.668042,299.846653,506.926517,-172.246464,325.000801,491.875478,-14.633048,252.430151,443.427007,-129.852618,376.986162,509.336335,-15.487106,251.568664,374.806711,-125.859063,426.801722,523.660320,-135.400062,247.202308,313.857934,-157.776755,445.469139,528.426686,-158.869974,245.684506,295.236962,-171.996569,447.267616,529.061587,-194.796459,248.486601,294.708895,-205.050365,441.379715,525.855534,-156.137735,250.823699,300.619032,-171.035084,340.507029,347.880919,25.033892,293.865610,341.208562,-25.188979,370.207710,255.666030,46.625205,271.781513,248.000572,-86.747024,378.159484,172.598855,224.488607,232.937336,164.041803,39.932086,368.760820,162.017477,235.681150,226.295872,156.628030,46.894620,395.268846,139.522008,133.911767,236.077919,133.413013,-66.957514
0.000000,0.000000,0.000000,0.000000,0.000000,0.000000,0.000000,0.000000,0.000000,0.000000,0.000000,0.000000,0.000000,0.000000,0.000000,0.000000,0.000000,0.000000,0.000000,0.000000,0.000000,0.000000,0.000000,0.000000,0.000000,0.000000,0.000000,0.000000,0.000000,0.000000,0.000000,0.000000,0.000000,0.000000,0.000000,0.000000,0.000000,0.000000,0.000000,0.000000,0.000000,0.000000,0.000000,0.000000,0.000000,0.000000,0.000000,0.000000,0.000000,0.000000,0.000000,0.000000,300.051162,515.448976,-178.984620,294.557744,522.344239,-161.458518,294.353302,522.572205,-161.481816,294.059263,522.813827,-161.470421,292.019899,521.488406,-182.010867,289.802531,521.073232,-182.039495,287.111384,520.588663,-182.078464,283.133638,516.818692,-66.252081,273.481270,513.162776,-160.165679,301.200065,507.717466,-143.220810,298.045957,505.426982,-170.102507,323.037895,490.596872,-12.523696,250.705408,441.905664,-129.783264,374.755223,508.487165,-13.171395,249.929809,373.001407,-126.493902,424.466159,523.221661,-133.521817,245.700213,312.366867,-157.948109,443.034078,528.218687,-156.983618,244.193482,293.591918,-172.109801,444.835322,528.945885,-193.073962,246.897269,293.122403,-205.117902,438.948052,525.721490,-154.356788,249.233348,299.151813,-171.192574,338.915036,346.776082,25.898315,292.336055,339.801434,-26.052266,369.474676,255.010308,46.139093,271.029112,246.919005,-86.235554,377.396200,172.503248,224.976032,232.583074,163.819367,45.264896,368.046035,161.927406,236.372065,225.788899,156.317720,52.762373,394.779677,139.516370,135.813463,235.543411,133.288234,-59.363232
0.000000,0.000000,0.000000,0.000000,0.000000,0.000000,0.000000,0.000000,0.000000,0.000000,0.000000,0.000000,0.000000,0.000000,0.000000,0.000000,0.000000,0.000000,0.000000,0.000000,0.000000,0.000000,0.000000,0.000000,0.000000,0.000000,0.000000,0.000000,0.000000,0.000000,0.000000,0.000000,0.000000,0.000000,0.000000,0.000000,0.000000,0.000000,0.000000,0.000000,0.000000,0.000000,0.000000,0.000000,0.000000,0.000000,0.000000,0.000000,0.000000,0.000000,0.000000,0.000000,298.377701,513.785623,-176.509524,292.962612,520.598970,-158.950807,292.772475,520.836215,-158.975553,292.490101,521.083337,-158.964188,290.357622,519.718925,-179.719861,288.138533,519.306420,-179.748017,285.449809,518.827136,-179.787838,281.559676,515.126296,-63.911294,271.855340,511.499212,-159.044801,299.435726,506.094082,-140.811282,296.251042,503.694084,-168.029917,321.076708,489.092952,-10.302341,249.019352,440.149126,-129.851807,372.488332,507.477968,-10.545331,248.294524,370.949526,-127.369154,422.085579,522.709463,-131.171033,244.179277,310.672326,-158.337963,440.539184,527.963797,-154.598824,242.667155,291.739658,-172.449531,442.337648,528.793225,-190.799568,245.263040,291.332876,-205.394219,436.450946,525.547026,-152.083655,247.602678,297.486739,-171.562410,337.297883,345.478707,26.837499,290.786259,338.178001,-26.990557,368.730816,254.235509,45.232492,270.307039,245.661299,-85.556422,376.620330,172.376368,225.145573,232.296025,163.591071,51.545609,367.341980,161.812740,236.749958,225.315889,156.030050,59.667111,394.285918,139.499309,137.487482,235.062118,133.150059,-50.554324
0.000000,0.000000,0.000000,0.000000,0.000000,0.000000,0.000000,0.000000,0.000000,0.000000,0.000000,0.000000,0.000000,0.000000,0.000000,0.000000,0.000000,0.000000,0.000000,0.000000,0.000000,0.000000,0.000000,0.000000,0.000000,0.000000,0.000000,0.000000,0.000000,0.000000,0.000000,0.000000,0.000000,0.000000,0.000000,0.000000,0.000000,0.000000,0.000000,0.000000,0.000000,0.000000,0.000000,0.000000,0.000000,0.000000,0.000000,0.000000,0.000000,0.000000,0.000000,0.000000,296.728066,511.895688,-174.104510,291.403220,518.619859,-156.496861,291.230618,518.867712,-156.523205,290.963024,519.120819,-156.512055,288.719598,517.708685,-177.495401,286.497540,517.296223,-177.523129,283.811743,516.819281,-177.563771,280.045756,513.213113,-61.556364,270.270050,509.605402,-158.021486,297.688875,504.243268,-138.439456,294.461910,501.727821,-166.028693,319.117242,487.363721,-7.968983,247.371985,438.157391,-130.058250,370.185490,506.308746,-7.608914,246.662809,368.651069,-128.484819,419.659983,522.123726,-128.347710,242.639501,308.774313,-158.946316,437.984456,527.662015,-151.715594,241.105524,289.680183,-173.015760,439.774594,528.603609,-187.973276,243.583915,289.340313,-205.879317,433.888396,525.332141,-149.318336,245.931688,295.623813,-172.144593,335.655570,343.988794,27.851445,289.216222,336.338264,-28.003854,367.976130,253.341632,43.905402,269.615293,244.227453,-84.709630,375.831873,172.218213,224.997231,232.076188,163.356915,58.774222,366.648657,161.673477,236.814829,224.876841,155.765021,67.608833,393.787571,139.470822,138.933823,234.634038,132.998487,-40.530791
0.000000,0.000000,0.000000,0.000000,0.000000,0.000000,0.000000,0.000000,0.000000,0.000000,0.000000,0.000000,0.000000,0.000000,0.000000,0.000000,0.000000,0.000000,0.000000,0.000000,0.000000,0.000000,0.000000,0.000000,0.000000,0.000000,0.000000,0.000000,0.000000,0.000000,0.000000,0.000000,0.000000,0.000000,0.000000,0.000000,0.000000,0.000000,0.000000,0.000000,0.000000,0.000000,0.000000,0.000000,0.000000,0.000000,0.000000,0.000000,0.000000,0.000000,0.000000,0.000000,295.102258,509.779170,-171.769579,289.879569,516.406904,-154.096680,289.727730,516.666694,-154.124771,289.478032,516.926275,-154.114025,287.105826,515.457687,-175.337489,284.879554,515.042642,-175.364832,282.197184,514.565097,-175.406264,278.591876,511.079143,-59.187292,268.725401,507.481344,-157.095732,295.959514,502.165024,-136.105333,292.678559,499.528195,-164.098836,317.159497,485.409177,-5.523623,245.763307,435.930460,-130.402590,367.846694,504.979497,-4.362144,245.034663,366.106036,-129.840897,417.189370,521.464451,-125.051848,241.080884,306.672826,-159.773168,435.369895,527.313342,-148.333926,239.508590,287.413492,-173.808486,437.146159,528.377037,-184.595087,241.859892,287.144715,-206.573195,431.260402,525.076835,-146.060833,244.220378,293.563032,-172.939123,333.988097,342.306343,28.940151,287.625944,334.282223,-29.092156,367.210617,252.328677,42.157822,268.953874,242.617469,-83.695176,375.030830,172.028783,224.531007,231.923564,163.116897,66.950737,365.966065,161.509619,236.566678,224.471756,155.522632,76.587539,393.284635,139.430911,140.152487,234.259172,132.833520,-29.292633
0.000000,0.000000,0.000000,0.000000,0.000000,0.000000,0.000000,0.000000,0.000000,0.000000,0.000000,0.000000,0.000000,0.000000,0.000000,0.000000,0.000000,0.000000,0.000000,0.000000,0.000000,0.000000,0.000000,0.000000,0.000000,0.000000,0.000000,0.000000,0.000000,0.000000,0.000000,0.000000,0.000000,0.000000,0.000000,0.000000,0.000000,0.000000,0.000000,0.000000,0.000000,0.000000,0.000000,0.000000,0.000000,0.000000,0.000000,0.000000,0.000000,0.000000,0.000000,0.000000,293.500276,507.436069,-169.504729,288.391659,513.960107,-151.750263,288.263813,514.233164,-151.780253,288.035126,514.499704,-151.770095,285.516306,512.965930,-173.246124,283.284574,512.545677,-173.273125,280.606133,512.064585,-173.315316,277.198038,508.724385,-56.804076,267.221392,505.127039,-156.267540,294.247642,499.859349,-133.808912,290.900991,497.095206,-162.240345,315.203472,483.229320,-2.966259,244.193317,433.468332,-130.884829,365.471947,503.490223,-0.805021,243.410087,363.314426,-131.437388,414.673740,520.731636,-121.283448,239.503428,304.367867,-160.818520,432.695500,526.917777,-144.453821,237.876353,284.939584,-174.827712,434.452343,528.113507,-180.665002,240.090973,284.746081,-207.475854,428.566964,524.781110,-142.311144,242.468748,291.304398,-173.946000,332.295465,340.431354,30.103619,286.015426,332.009876,-30.255463,366.434277,251.196644,39.989754,268.322782,240.831345,-82.513061,374.217200,171.808079,223.746899,231.838154,162.871020,76.075154,365.294204,161.321165,236.005505,224.100633,155.302884,86.603229,392.777110,139.379575,141.143472,233.937520,132.655156,-16.839849
0.000000,0.000000,0.000000,0.000000,0.000000,0.000000,0.000000,0.000000,0.000000,0.000000,0.000000,0.000000,0.000000,0.000000,0.000000,0.000000,0.000000,0.000000,0.000000,0.000000,0.000000,0.000000,0.000000,0.000000,0.000000,0.000000,0.000000,0.000000,0.000000,0.000000,0.000000,0.000000,0.000000,0.000000,0.000000,0.000000,0.000000,0.000000,0.000000,0.000000,0.000000,0.000000,0.000000,0.000000,0.000000,0.000000,0.000000,0.000000,0.000000,0.000000,0.000000,0.000000,291.860601,504.666718,-179.412437,286.845904,511.217336,-161.438080,286.761499,511.504832,-161.464427,286.569303,511.779089,-161.456118,283.799161,510.224264,-183.520818,281.523505,509.823479,-183.550545,278.815738,509.369290,-183.588419,275.916941,506.287305,-64.137912,265.633963,502.736317,-166.046514,292.545268,497.171160,-142.808416,289.084039,494.388076,-171.989900,313.519603,480.554745,-7.228034,242.657275,430.583434,-138.773884,363.708510,502.051204,-1.614569,241.860279,360.379896,-139.707362,413.192512,519.843030,-123.647640,237.896539,301.438780,-168.630144,431.058128,526.324847,-147.002056,236.187373,282.020098,-183.041985,432.796505,527.735998,-182.804311,238.411063,281.861347,-215.581468,427.019821,524.363903,-144.609574,240.700609,288.362763,-181.739214,330.733983,338.293890,31.414213,284.541401,329.476727,-31.575941,365.601956,249.632019,39.167220,267.069148,238.575071,-76.500705,373.800793,171.611692,227.714177,231.565219,163.005421,95.487016,364.878255,161.124427,240.781231,223.642923,155.975757,107.513465,392.952622,139.313894,146.923330,234.053178,132.512594,6.187176
0.000000,0.000000,0.000000,0.000000,0.000000,0.000000,0.000000,0.000000,0.000000,0.000000,0.000000,0.000000,0.000000,0.000000,0.000000,0.000000,0.000000,0.000000,0.000000,0.000000,0.000000,0.000000,0.000000,0.000000,0.000000,0.000000,0.000000,0.000000,0.000000,0.000000,0.000000,0.000000,0.000000,0.000000,0.000000,0.000000,0.000000,0.000000,0.000000,0.000000,0.000000,0.000000,0.000000,0.000000,0.000000,0.000000,0.000000,0.000000,0.000000,0.000000,0.000000,0.000000,290.120115,502.291042,-184.579789,285.193348,508.766218,-166.512378,285.146671,509.068282,-166.538901,284.990865,509.353688,-166.531143,282.017618,507.737305,-188.533085,279.710637,507.332289,-188.563383,276.973076,506.870541,-188.601059,274.610931,503.945447,-68.288810,263.923717,500.293001,-170.241003,290.829281,494.836941,-147.615323,287.268554,491.985112,-176.783282,311.873386,478.232039,-10.101965,241.166564,427.963311,-142.512450,361.886714,500.607535,-2.231466,240.346676,357.638985,-143.505383,411.402042,519.018883,-121.988333,236.321061,298.918126,-172.968962,429.118676,525.726970,-145.064492,234.424434,279.412662,-187.361222,430.837168,527.258774,-180.406582,236.584620,279.266719,-220.030192,425.144845,523.903896,-142.743174,238.949097,285.806913,-186.117188,329.122408,336.242171,31.961320,282.906171,327.202470,-32.129372,364.707148,248.245692,38.044523,266.314186,236.766820,-74.540471,373.285082,171.305970,229.705897,231.441253,162.921850,105.204391,364.462584,160.871956,243.138690,223.418468,156.171651,118.021938,392.783524,139.246578,150.032227,234.030066,132.359002,18.335760
0.000000,0.000000,0.000000,0.000000,0.000000,0.000000,0.000000,0.000000,0.000000,0.000000,0.000000,0.000000,0.000000,0.000000,0.000000,0.000000,0.000000,0.000000,0.000000,0.000000,0.000000,0.000000,0.000000,0.000000,0.000000,0.000000,0.000000,0.000000,0.000000,0.000000,0.000000,0.000000,0.000000,0.000000,0.000000,0.000000,0.000000,0.000000,0.000000,0.000000,0.000000,0.000000,0.000000,0.000000,0.000000,0.000000,0.000000,0.000000,0.000000,0.000000,0.000000,0.000000,288.393583,500.049894,-189.440107,283.541553,506.457506,-171.294706,283.529227,506.772298,-171.321385,283.407336,507.067180,-171.314135,280.251128,505.395064,-193.238816,277.914358,504.983897,-193.269745,275.147860,504.511753,-193.307356,273.287669,501.725969,-72.260478,262.216740,497.967310,-174.110459,289.133369,492.627415,-152.148589,285.479879,489.717473,-181.277488,310.255336,476.037093,-12.883012,239.706023,425.492169,-145.910355,360.111800,499.236539,-2.734383,238.889978,355.084098,-146.910659,409.657356,518.237476,-119.961178,234.794124,296.553701,-176.945596,427.245333,525.141604,-142.725545,232.723642,276.968065,-191.254695,428.946623,526.773965,-177.611542,234.825925,276.830493,-224.074587,423.328033,523.434989,-140.500970,237.258076,283.403326,-190.127855,327.557673,334.317466,32.455204,281.319565,325.080387,-32.629296,363.836136,246.966890,36.924103,265.581364,235.098777,-73.450284,372.802517,171.026377,231.390356,231.321451,162.830348,112.945861,364.077607,160.634124,245.143810,223.234765,156.361274,126.456663,392.641473,139.185480,152.695144,234.009457,132.212455,28.184472
0.000000,0.000000,0.000000,0.000000,0.000000,0.000000,0.000000,0.000000,0.000000,0.000000,0.000000,0.000000,0.000000,0.000000,0.000000,0.000000,0.000000,0.000000,0.000000,0.000000,0.000000,0.000000,0.000000,0.000000,0.000000,0.000000,0.000000,0.000000,0.000000,0.000000,0.000000,0.000000,0.000000,0.000000,0.000000,0.000000,0.000000,0.000000,0.000000,0.000000,0.000000,0.000000,0.000000,0.000000,0.000000,0.000000,0.000000,0.000000,0.000000,0.000000,0.000000,0.000000,286.681006,497.943272,-193.993390,281.890519,504.291202,-175.785063,281.909168,504.616879,-175.811879,281.818714,504.919565,-175.805096,278.499692,503.197538,-197.638013,276.134668,502.778303,-197.669632,273.340091,502.292928,-197.707309,271.947154,499.628869,-76.052917,260.513033,495.759242,-177.654880,287.457530,490.542581,-156.408213,283.718016,487.585157,-185.472520,308.665453,473.969906,-15.571173,238.275653,423.170007,-148.967599,358.383769,497.938217,-3.123318,237.490185,352.715235,-149.923191,407.958456,517.498808,-117.566177,233.315729,294.345504,-180.560045,425.438102,524.568748,-139.985217,231.084996,274.686307,-194.722404,427.124870,526.281569,-174.419191,233.134976,274.552670,-227.714652,421.569386,522.957180,-137.882960,235.627546,281.152005,-193.771215,326.039776,332.519775,32.895863,279.781581,323.110481,-33.075715,362.988920,245.795611,35.805961,264.870682,233.570940,-73.230144,372.353099,170.772913,232.767552,231.205814,162.730914,118.711425,363.723324,160.410931,246.796592,223.091816,156.544624,132.817638,392.526468,139.130601,154.912080,233.991352,132.072952,35.733312
0.000000,0.000000,0.000000,0.000000,0.000000,0.000000,0.000000,0.000000,0.000000,0.000000,0.000000,0.000000,0.000000,0.000000,0.000000,0.000000,0.000000,0.000000,0.000000,0.000000,0.000000,0.000000,0.000000,0.000000,0.000000,0.000000,0.000000,0.000000,0.000000,0.000000,0.000000,0.000000,0.000000,0.000000,0.000000,0.000000,0.000000,0.000000,0.000000,0.000000,0.000000,0.000000,0.000000,0.000000,0.000000,0.000000,0.000000,0.000000,0.000000,0.000000,0.000000,0.000000,284.982384,495.971178,-198.239639,280.240246,502.267306,-179.983449,280.286492,502.602026,-180.010383,280.225000,502.910843,-180.004025,276.763309,501.144729,-201.730673,274.371566,500.715507,-201.763043,271.549766,500.214064,-201.800919,270.589387,497.654148,-79.666126,258.812596,493.668798,-180.874268,285.801765,488.582441,-160.394196,281.982963,485.588166,-189.368376,307.103738,472.030479,-18.166449,236.875453,420.996826,-151.684183,356.702619,496.712567,-3.398274,236.147298,350.532396,-152.542978,406.305341,516.802879,-114.803329,231.885876,292.293537,-183.812309,423.696980,524.008402,-136.843506,229.508497,272.567387,-197.764348,425.371909,525.781589,-170.829529,231.511773,272.433250,-230.950387,419.868903,522.470471,-134.889146,234.057507,279.052947,-197.047268,324.568719,330.849096,33.283299,278.292221,321.292750,-33.468628,362.165501,244.731857,34.690097,264.182138,232.183310,-73.880050,371.936827,170.545577,233.837487,231.094342,162.623548,122.501084,363.399735,160.202376,248.097036,222.989619,156.721702,137.104864,392.438508,139.081940,156.683035,233.975751,131.940492,40.982282
0.000000,0.000000,0.000000,0.000000,0.000000,0.000000,0.000000,0.000000,0.000000,0.000000,0.000000,0.000000,0.000000,0.000000,0.000000,0.000000,0.000000,0.000000,0.000000,0.000000,0.000000,0.000000,0.000000,0.000000,0.000000,0.000000,0.000000,0.000000,0.000000,0.000000,0.000000,0.000000,0.000000,0.000000,0.000000,0.000000,0.000000,0.000000,0.000000,0.000000,0.000000,0.000000,0.000000,0.000000,0.000000,0.000000,0.000000,0.000000,0.000000,0.000000,0.000000,0.000000,283.297716,494.133611,-202.178853,278.590733,500.385816,-183.889865,278.661200,500.727738,-183.916898,278.626195,501.041013,-183.910922,275.041980,499.236637,-205.516798,272.625054,498.795509,-205.549978,269.776888,498.275163,-205.588185,269.214367,495.801807,-83.100105,257.115428,491.695978,-183.768622,284.166075,486.746992,-164.106538,280.274721,483.726499,-192.965058,305.570190,470.218812,-20.668840,235.505424,418.972627,-154.060106,355.068351,495.559590,-3.559248,234.861317,348.535581,-154.770020,404.698010,516.149689,-111.672634,230.504564,290.397798,-186.702389,422.021970,523.460567,-133.300414,227.994145,270.611305,-200.380528,423.687741,525.274023,-166.842556,229.956318,270.472233,-233.781794,418.226585,521.974861,-131.519527,232.547960,277.106154,-199.956014,323.144501,329.305431,33.617510,276.851484,319.627195,-33.808035,361.365878,243.775627,33.576510,263.515735,230.935887,-75.400004,371.553701,170.344370,234.600160,230.987034,162.508252,124.314837,363.106840,160.008460,249.045141,222.928175,156.892509,139.318340,392.377595,139.039499,158.008010,233.962653,131.815077,43.931381
0.000000,0.000000,0.000000,0.000000,0.000000,0.000000,0.000000,0.000000,0.000000,0.000000,0.000000,0.000000,0.000000,0.000000,0.000000,0.000000,0.000000,0.000000,0.000000,0.000000,0.000000,0.000000,0.000000,0.000000,0.000000,0.000000,0.000000,0.000000,0.000000,0.000000,0.000000,0.000000,0.000000,0.000000,0.000000,0.000000,0.000000,0.000000,0.000000,0.000000,0.000000,0.000000,0.000000,0.000000,0.000000,0.000000,0.000000,0.000000,0.000000,0.000000,0.000000,0.000000,281.627003,492.430571,-205.811032,276.941981,498.646734,-187.504311,277.033292,498.994015,-187.531423,277.022297,499.310077,-187.525787,273.335704,497.473261,-208.996388,270.895130,497.018310,-209.030438,268.021456,496.476224,-209.069108,267.822095,494.071844,-86.354855,255.421531,489.840782,-186.337942,282.550458,485.036237,-167.545238,278.593290,482.000156,-196.262565,304.064810,468.534905,-23.078347,234.165565,417.097408,-156.095368,353.480966,494.479287,-3.606242,233.632241,346.724790,-156.604317,403.136465,515.539239,-108.174092,229.171794,288.658289,-189.230284,420.413069,522.925242,-129.355939,226.541939,268.818062,-202.570943,422.072364,524.758871,-162.458272,228.468609,268.669619,-236.208870,416.642431,521.470350,-127.774104,231.098904,275.311624,-202.497452,321.767123,327.888780,33.898498,275.459370,318.113816,-34.093937,360.590051,242.926921,32.465201,262.871471,229.828671,-77.790005,371.203722,170.169291,235.055571,230.883892,162.385023,124.152685,362.844640,159.829182,249.640909,222.907485,157.057043,139.458068,392.343728,139.003275,158.887004,233.952059,131.696707,44.580608
0.000000,0.000000,0.000000,0.000000,0.000000,0.000000,0.000000,0.000000,0.000000,0.000000,0.000000,0.000000,0.000000,0.000000,0.000000,0.000000,0.000000,0.000000,0.000000,0.000000,0.000000,0.000000,0.000000,0.000000,0.000000,0.000000,0.000000,0.000000,0.000000,0.000000,0.000000,0.000000,0.000000,0.000000,0.000000,0.000000,0.000000,0.000000,0.000000,0.000000,0.000000,0.000000,0.000000,0.000000,0.000000,0.000000,0.000000,0.000000,0.000000,0.000000,0.000000,0.000000,279.970245,490.862058,-209.136177,275.293990,497.050060,-190.826786,275.402769,497.400858,-190.853957,275.413307,497.718033,-190.848619,271.644481,495.854601,-212.169442,269.181795,495.383908,-212.204423,266.283469,494.817246,-212.243688,266.412571,492.464261,-89.430375,253.730903,488.103209,-188.582229,280.954914,483.450174,-170.710296,276.938670,480.409137,-199.260897,302.587597,466.978758,-25.394968,232.855876,415.371170,-157.789969,351.940463,493.471656,-3.539255,232.460071,345.100024,-158.045870,401.620704,514.971528,-104.307704,227.887566,287.075008,-191.395995,418.870279,522.402428,-125.010083,225.151880,267.187657,-204.335595,420.525779,524.236134,-157.676678,227.048647,267.025407,-238.231618,415.116441,520.956939,-123.652876,229.710339,273.669360,-204.671583,320.436583,326.599141,34.126261,274.115880,316.752613,-34.326332,359.838021,242.185739,31.356169,262.249346,228.861662,-81.050052,370.886890,170.020341,235.203720,230.784914,162.253864,122.014628,362.613134,159.664543,249.884337,222.927547,157.215306,137.524046,392.336907,138.973270,159.320017,233.943969,131.585380,42.929964
0.000000,0.000000,0.000000,0.000000,0.000000,0.000000,0.000000,0.000000,0.000000,0.000000,0.000000,0.000000,0.000000,0.000000,0.000000,0.000000,0.000000,0.000000,0.000000,0.000000,0.000000,0.000000,0.000000,0.000000,0.000000,0.000000,0.000000,0.000000,0.000000,0.000000,0.000000,0.000000,0.000000,0.000000,0.000000,0.000000,0.000000,0.000000,0.000000,0.000000,0.000000,0.000000,0.000000,0.000000,0.000000,0.000000,0.000000,0.000000,0.000000,0.000000,0.000000,0.000000,278.327441,489.428073,-212.154287,273.646759,495.595792,-193.857291,273.769629,495.948267,-193.884502,273.799225,496.264882,-193.879420,269.968312,494.380658,-215.035961,267.485049,493.892304,-215.071931,264.562929,493.298231,-215.111923,264.985794,490.979056,-92.326664,252.043544,486.483260,-190.501481,279.379445,481.988804,-173.601714,275.310861,478.953443,-201.960053,301.138552,465.550370,-27.618704,231.576359,413.793912,-159.143909,350.446841,492.536699,-3.358287,231.344806,343.661281,-159.094679,400.150729,514.446556,-100.073469,226.651879,285.647956,-193.199521,417.393600,521.892124,-120.262844,223.823968,265.720091,-205.674482,419.047986,523.705811,-152.497772,225.696432,265.539599,-239.850035,413.648615,520.434626,-119.155843,228.382265,272.179359,-206.478407,319.152883,325.436517,34.300801,272.821012,315.543585,-34.505221,359.109787,241.552081,30.249415,261.649362,228.034860,-85.180146,370.603203,169.897519,235.044607,230.690101,162.114772,117.900666,362.412321,159.514543,249.775428,222.988363,157.367297,133.516275,392.357131,138.949484,159.307050,233.938382,131.481098,38.979449
0.000000,0.000000,0.000000,0.000000,0.000000,0.000000,0.000000,0.000000,0.000000,0.000000,0.000000,0.000000,0.000000,0.000000,0.000000,0.000000,0.000000,0.000000,0.000000,0.000000,0.000000,0.000000,0.000000,0.000000,0.000000,0.000000,0.000000,0.000000,0.000000,0.000000,0.000000,0.000000,0.000000,0.000000,0.000000,0.000000,0.000000,0.000000,0.000000,0.000000,0.000000,0.000000,0.000000,0.000000,0.000000,0.000000,0.000000,0.000000,0.000000,0.000000,0.000000,0.000000,276.698591,488.128614,-214.865362,272.000290,494.283932,-196.595825,272.133873,494.636240,-196.623057,272.180051,494.950624,-196.618189,268.307196,493.051431,-217.595944,265.804892,492.543498,-217.632965,262.859834,491.919177,-217.673816,263.541765,489.616231,-95.043724,250.359456,484.980935,-192.095700,277.824050,480.652127,-176.219489,273.709862,477.633072,-204.360035,299.717674,464.249743,-29.749555,230.327011,412.365636,-160.157189,349.000102,491.674414,-3.063339,230.286446,342.408562,-159.750742,398.726539,513.964323,-95.471386,225.464734,284.377133,-194.640863,415.983031,521.394330,-115.114224,222.558202,264.415363,-206.587604,417.638985,523.167903,-146.921556,224.411963,264.212193,-241.064124,412.238954,519.903412,-114.283006,227.114683,270.841622,-207.917924,317.916022,324.400905,34.422116,271.574768,314.486733,-34.630605,358.405350,241.025948,29.144938,261.071516,227.348265,-90.180287,370.352663,169.800826,234.578232,230.599453,161.967750,111.810798,362.242203,159.379182,249.314181,223.089931,157.513015,127.434754,392.404402,138.931916,158.848101,233.935299,131.383859,32.729063
0.000000,0.000000,0.000000,0.000000,0.000000,0.000000,0.000000,0.000000,0.000000,0.000000,0.000000,0.000000,0.000000,0.000000,0.000000,0.000000,0.000000,0.000000,0.000000,0.000000,0.000000,0.000000,0.000000,0.000000,0.000000,0.000000,0.000000,0.000000,0.000000,0.000000,0.000000,0.000000,0.000000,0.000000,0.000000,0.000000,0.000000,0.000000,0.000000,0.000000,0.000000,0.000000,0.000000,0.000000,0.000000,0.000000,0.000000,0.000000,0.000000,0.000000,0.000000,0.000000,275.083697,486.963682,-217.269403,270.354580,493.114480,-199.042389,270.495501,493.464780,-199.069623,270.555785,493.775258,-199.064926,266.661134,491.866920,-219.849392,264.141324,491.337491,-219.887522,261.174185,490.680086,-219.929365,262.080484,488.375785,-97.581555,248.678637,483.596234,-193.364885,276.288728,479.440142,-178.563624,272.135675,476.448026,-206.460842,298.324964,463.076875,-31.787522,229.107834,411.086341,-160.829807,347.600245,490.884803,-2.654410,229.284992,341.341867,-160.014061,397.348134,513.524830,-90.501457,224.326131,283.262539,-195.720020,414.638573,520.909046,-109.564221,221.354583,263.273474,-207.074963,416.298776,522.622409,-140.948029,223.195242,263.043190,-241.873883,410.887458,519.363298,-109.034364,225.907592,269.656150,-208.990134,316.726000,323.492307,34.490208,270.377148,313.582056,-34.702483,357.724709,240.607339,28.042739,260.515810,226.801877,-96.050475,370.135270,169.730262,233.804596,230.512970,161.812795,103.745025,362.102779,159.258459,248.500595,223.232253,157.652462,119.279484,392.478719,138.920567,157.943173,233.934719,131.293665,24.178805
0.000000,0.000000,0.000000,0.000000,0.000000,0.000000,0.000000,0.000000,0.000000,0.000000,0.000000,0.000000,0.000000,0.000000,0.000000,0.000000,0.000000,0.000000,0.000000,0.000000,0.000000,0.000000,0.000000,0.000000,0.000000,0.000000,0.000000,0.000000,0.000000,0.000000,0.000000,0.000000,0.000000,0.000000,0.000000,0.000000,0.000000,0.000000,0.000000,0.000000,0.000000,0.000000,0.000000,0.000000,0.000000,0.000000,0.000000,0.000000,0.000000,0.000000,0.000000,0.000000,273.482757,485.933278,-219.366409,268.709632,492.087435,-201.196982,268.854513,492.433884,-201.224198,268.926427,492.738786,-201.219631,265.030125,490.827126,-221.796304,262.494345,490.274281,-221.835605,259.505982,489.580957,-221.878570,260.601950,487.257717,-99.940155,247.001088,482.329156,-194.309037,274.773481,478.352850,-180.634116,270.588298,475.398304,-208.262474,296.960421,462.031766,-33.732603,227.918828,409.956026,-161.161765,346.247270,490.167865,-2.131500,228.340444,340.461196,-159.884635,396.015513,513.128076,-85.163681,223.236069,282.304173,-196.436993,413.360225,520.436274,-103.612837,220.213111,262.294423,-207.136557,415.027359,522.069330,-134.577191,222.046267,262.032590,-242.279312,409.594125,518.814282,-103.409917,224.760992,268.622942,-209.695036,315.582817,322.710722,34.505075,269.228150,312.829556,-34.720854,357.067864,240.296254,26.942818,259.982244,226.395696,-102.790710,369.951023,169.685826,232.723697,230.430652,161.649910,93.703346,361.994049,159.152375,247.334671,223.415327,157.785637,109.050465,392.580082,138.915436,156.592263,233.936643,131.210515,13.328676
0.000000,0.000000,0.000000,0.000000,0.000000,0.000000,0.000000,0.000000,0.000000,0.000000,0.000000,0.000000,0.000000,0.000000,0.000000,0.000000,0.000000,0.000000,0.000000,0.000000,0.000000,0.000000,0.000000,0.000000,0.000000,0.000000,0.000000,0.000000,0.000000,0.000000,0.000000,0.000000,0.000000,0.000000,0.000000,0.000000,0.000000,0.000000,0.000000,0.000000,0.000000,0.000000,0.000000,0.000000,0.000000,0.000000,0.000000,0.000000,0.000000,0.000000,0.000000,0.000000,271.895771,485.037401,-221.156381,267.065444,491.202797,-203.059605,267.210909,491.543554,-203.086784,267.291977,491.841206,-203.082304,263.414170,489.932048,-223.436681,260.863954,489.353870,-223.477211,257.855225,488.621789,-223.521432,259.106164,486.262029,-102.119526,245.326809,481.179703,-194.928155,273.278307,477.390250,-182.430968,269.067732,474.483907,-209.764931,295.624046,461.114418,-35.584800,226.759992,408.974692,-161.153063,344.941177,489.523599,-1.494610,227.452801,339.766549,-159.362465,394.728678,512.774061,-79.458059,222.194549,281.502037,-196.791781,412.147987,519.976011,-97.260070,219.133785,261.478211,-206.772386,413.824734,521.508665,-127.809042,220.965038,261.180392,-242.280412,408.358958,518.256366,-97.409665,223.674883,267.741999,-210.032632,314.486473,322.056150,34.466718,268.127776,312.229231,-34.685720,356.434815,240.092693,25.845174,259.470817,226.129722,-110.400992,369.799922,169.667518,231.335537,230.352498,161.479092,81.685762,361.916014,159.060929,245.816408,223.639155,157.912540,96.747696,392.708491,138.916523,154.795373,233.941071,131.134409,0.178677
0.000000,0.000000,0.000000,0.000000,0.000000,0.000000,0.000000,0.000000,0.000000,0.000000,0.000000,0.000000,0.000000,0.000000,0.000000,0.000000,0.000000,0.000000,0.000000,0.000000,0.000000,0.000000,0.000000,0.000000,0.000000,0.000000,0.000000,0.000000,0.000000,0.000000,0.000000,0.000000,0.000000,0.000000,0.000000,0.000000,0.000000,0.000000,0.000000,0.000000,0.000000,0.000000,0.000000,0.000000,0.000000,0.000000,0.000000,0.000000,0.000000,0.000000,0.000000,0.000000,270.322740,484.276050,-222.639318,265.422017,490.460566,-204.630258,265.564689,490.793790,-204.657380,265.652434,491.082519,-204.652945,261.813267,489.181687,-224.770522,259.250153,488.576256,-224.812342,256.221914,487.802584,-224.857950,257.593125,485.388720,-104.119667,243.655800,480.147873,-195.222238,271.803207,476.552343,-183.954178,267.573977,473.704833,-210.968213,294.315838,460.324830,-37.344111,225.631326,408.142339,-160.803699,343.681966,488.952007,-0.743739,226.622063,339.257927,-158.447549,393.487628,512.462785,-73.384589,221.201571,280.856129,-196.784385,411.001860,519.528259,-90.505922,218.116606,260.824837,-205.982452,412.690900,520.940414,-120.643582,219.951557,260.486598,-241.877182,407.181954,517.689549,-91.033609,222.649266,267.013319,-210.002920,313.436969,321.528592,34.375138,267.076025,311.781081,-34.597080,355.825563,239.996657,24.749808,258.981530,226.003955,-118.881321,369.681968,169.675339,229.640115,230.278509,161.300344,67.692273,361.868672,158.984122,243.945808,223.903736,158.033171,82.371179,392.863946,138.923830,152.552502,233.948002,131.065348,-15.271194
0.000000,0.000000,0.000000,0.000000,0.000000,0.000000,0.000000,0.000000,0.000000,0.000000,0.000000,0.000000,0.000000,0.000000,0.000000,0.000000,0.000000,0.000000,0.000000,0.000000,0.000000,0.000000,0.000000,0.000000,0.000000,0.000000,0.000000,0.000000,0.000000,0.000000,0.000000,0.000000,0.000000,0.000000,0.000000,0.000000,0.000000,0.000000,0.000000,0.000000,0.000000,0.000000,0.000000,0.000000,0.000000,0.000000,0.000000,0.000000,0.000000,0.000000,0.000000,0.000000,268.763664,483.649227,-223.815220,263.779350,489.860743,-205.908940,263.915853,490.184591,-205.935985,264.007800,490.462725,-205.931553,260.227419,488.576042,-225.797828,257.652940,487.941441,-225.840998,254.606048,487.123341,-225.888125,256.062834,484.637789,-105.940578,241.988060,479.233666,-195.191289,270.348181,475.839129,-185.203746,266.107033,473.061084,-211.872320,293.035798,459.663001,-39.010538,224.532831,407.458967,-160.113675,342.469638,488.453088,0.121113,225.848231,338.935328,-157.139889,392.292363,512.194249,-66.943273,220.257134,280.366451,-196.414804,409.921843,519.093017,-83.350391,217.161573,260.334301,-204.766753,411.625859,520.364578,-113.080811,219.005822,259.951206,-241.069623,406.063115,517.113831,-84.281748,221.684139,266.436904,-209.605901,312.434304,321.128047,34.230333,266.072897,311.485108,-34.454935,355.240107,240.008144,23.656719,258.514382,226.018395,-128.231697,369.597160,169.709289,227.637431,230.208685,161.113663,51.722878,361.852025,158.921954,241.722869,224.209069,158.147530,65.920912,393.046447,138.937354,149.863650,233.957437,131.003330,-33.020937
0.000000,0.000000,0.000000,0.000000,0.000000,0.000000,0.000000,0.000000,0.000000,0.000000,0.000000,0.000000,0.000000,0.000000,0.000000,0.000000,0.000000,0.000000,0.000000,0.000000,0.000000,0.000000,0.000000,0.000000,0.000000,0.000000,0.000000,0.000000,0.000000,0.000000,0.000000,0.000000,0.000000,0.000000,0.000000,0.000000,0.000000,0.000000,0.000000,0.000000,0.000000,0.000000,0.000000,0.000000,0.000000,0.000000,0.000000,0.000000,0.000000,0.000000,0.000000,0.000000,267.218542,483.156931,-224.684088,262.137444,489.403327,-206.895651,262.264401,489.715957,-206.922602,262.358074,489.981824,-206.918130,258.656623,488.115113,-226.518598,256.072316,487.449423,-226.563178,253.007629,486.584059,-226.611957,254.515291,484.009238,-107.582259,240.323590,478.437084,-194.835305,268.913229,475.250608,-186.179673,264.666900,472.552659,-212.477253,291.783925,459.128932,-40.584079,223.464506,406.924576,-159.082989,341.304191,488.026842,1.099945,225.131305,338.798753,-155.439485,391.142883,511.968452,-60.134110,219.361239,280.033001,-195.683039,408.907937,518.670286,-75.793479,216.268688,260.006604,-203.125290,410.629610,519.781157,-105.120729,218.127833,259.574217,-239.857735,405.002440,516.529212,-77.154083,220.779504,266.012753,-208.841575,311.478478,320.854515,34.032305,265.118392,311.341310,-34.259283,354.678448,240.127156,22.565908,258.069374,226.173042,-138.452119,369.545499,169.769367,225.327485,230.143026,160.919052,33.777578,361.866072,158.874425,239.147592,224.555156,158.255617,47.396895,393.255995,138.957098,146.728818,233.969376,130.948357,-53.070550
0.000000,0.000000,0.000000,0.000000,0.000000,0.000000,0.000000,0.000000,0.000000,0.000000,0.000000,0.000000,0.000000,0.000000,0.000000,0.000000,0.000000,0.000000,0.000000,0.000000,0.000000,0.000000,0.000000,0.000000,0.000000,0.000000,0.000000,0.000000,0.000000,0.000000,0.000000,0.000000,0.000000,0.000000,0.000000,0.000000,0.000000,0.000000,0.000000,0.000000,0.000000,0.000000,0.000000,0.000000,0.000000,0.000000,0.000000,0.000000,0.000000,0.000000,0.000000,0.000000,265.995985,482.940394,-219.181799,260.825397,489.266705,-201.192690,260.927586,489.554434,-201.219557,260.995352,489.794675,-201.217696,257.390061,487.985660,-221.303569,254.786849,487.298756,-221.349581,251.729789,486.417221,-221.395291,252.925406,483.761126,-102.142424,239.034620,478.242886,-190.727377,267.573197,474.919054,-180.732067,263.392295,472.283781,-207.633108,290.428284,459.069375,-36.317929,222.361457,406.860406,-155.797773,339.926843,487.930063,5.871555,224.386572,338.829615,-152.182809,389.375114,511.966930,-54.449990,218.548560,280.179066,-192.157212,407.364940,518.570294,-69.876640,215.686334,260.168032,-199.233895,409.103646,519.588524,-99.281959,217.518102,259.714852,-235.880388,403.267410,516.265446,-71.518459,219.896164,266.121412,-205.160895,310.761816,321.093624,34.213173,264.545856,311.686734,-34.434649,354.443901,240.339559,21.634328,257.538685,226.658603,-147.447328,369.172611,170.010748,223.112583,230.158818,160.746985,20.102599,361.517329,158.994433,236.918490,224.656277,158.239369,32.841393,393.162190,139.006446,144.926428,233.858359,130.940697,-70.549898
0.000000,0.000000,0.000000,0.000000,0.000000,0.000000,0.000000,0.000000,0.000000,0.000000,0.000000,0.000000,0.000000,0.000000,0.000000,0.000000,0.000000,0.000000,0.000000,0.000000,0.000000,0.000000,0.000000,0.000000,0.000000,0.000000,0.000000,0.000000,0.000000,0.000000,0.000000,0.000000,0.000000,0.000000,0.000000,0.000000,0.000000,0.000000,0.000000,0.000000,0.000000,0.000000,0.000000,0.000000,0.000000,0.000000,0.000000,0.000000,0.000000,0.000000,0.000000,0.000000,264.742839,482.649150,-220.056186,259.455837,489.007269,-201.872415,259.542961,489.281672,-201.898456,259.595640,489.505617,-201.901538,256.058045,487.736793,-222.277855,253.457456,487.030472,-222.327322,250.419407,486.126352,-222.370134,251.514742,483.449118,-102.385336,237.791169,477.899720,-191.491781,266.324843,474.573610,-181.465630,262.173284,471.992209,-208.688864,289.262171,458.824823,-36.668217,221.348101,406.659851,-155.997858,338.828221,487.859023,7.115294,223.700850,338.873583,-151.830412,388.041807,511.906126,-51.837796,217.749640,280.201951,-191.102354,406.166708,518.360237,-66.941037,214.935292,260.187692,-198.167612,407.928104,519.244936,-96.552884,216.794759,259.698005,-234.834744,401.945341,515.866842,-68.903870,219.087388,266.066347,-204.197875,309.985116,321.072985,34.252154,263.836828,311.626439,-34.473843,354.044452,240.512923,17.912363,256.809160,226.574767,-152.062229,368.923463,170.174309,217.555266,230.157409,160.611762,10.426062,361.269876,159.007072,231.125440,224.888166,158.229089,23.305061,393.190103,139.014224,138.670532,233.815323,130.839524,-80.621906
0.000000,0.000000,0.000000,0.000000,0.000000,0.000000,0.000000,0.000000,0.000000,0.000000,0.000000,0.000000,0.000000,0.000000,0.000000,0.000000,0.000000,0.000000,0.000000,0.000000,0.000000,0.000000,0.000000,0.000000,0.000000,0.000000,0.000000,0.000000,0.000000,0.000000,0.000000,0.000000,0.000000,0.000000,0.000000,0.000000,0.000000,0.000000,0.000000,0.000000,0.000000,0.000000,0.000000,0.000000,0.000000,0.000000,0.000000,0.000000,0.000000,0.000000,0.000000,0.000000,263.513703,482.485628,-221.108073,258.118325,488.873807,-202.730626,258.192232,489.136330,-202.755936,258.231332,489.346060,-202.763664,254.751708,487.610215,-223.403424,252.153732,486.884249,-223.455918,249.132581,485.957322,-223.496064,250.142116,483.272825,-102.743706,236.571564,477.686944,-192.373822,265.102785,474.363071,-182.358267,260.974798,471.830100,-209.870691,288.109706,458.738707,-37.041670,220.363998,406.558009,-156.260352,337.754074,487.915375,8.228162,223.038931,338.970519,-151.561791,386.772744,511.952645,-49.671810,217.004758,280.290763,-190.211725,405.023509,518.278555,-64.484383,214.229287,260.270176,-197.322260,406.807515,519.044076,-94.331003,216.113964,259.744525,-233.998847,400.686322,515.611981,-66.756171,218.333981,266.085912,-203.400328,309.263551,321.189548,34.264860,263.179542,311.676853,-34.486875,353.633931,240.782481,13.854789,256.109441,226.558885,-155.859027,368.555730,170.334339,211.598041,230.161116,160.478497,2.037723,360.873328,159.043484,224.926004,225.097145,158.173331,15.049931,393.010576,139.004152,131.901890,233.771879,130.736265,-89.484154
0.000000,0.000000,0.000000,0.000000,0.000000,0.000000,0.000000,0.000000,0.000000,0.000000,0.000000,0.000000,0.000000,0.000000,0.000000,0.000000,0.000000,0.000000,0.000000,0.000000,0.000000,0.000000,0.000000,0.000000,0.000000,0.000000,0.000000,0.000000,0.000000,0.000000,0.000000,0.000000,0.000000,0.000000,0.000000,0.000000,0.000000,0.000000,0.000000,0.000000,0.000000,0.000000,0.000000,0.000000,0.000000,0.000000,0.000000,0.000000,0.000000,0.000000,0.000000,0.000000,262.308578,482.449829,-222.337459,256.812860,488.866319,-203.767324,256.875401,489.118408,-203.791995,256.902429,489.316004,-203.804073,253.471050,487.605927,-224.680277,250.875678,486.860089,-224.735369,247.869310,485.910133,-224.773081,248.807527,483.232248,-103.217534,235.375805,477.604560,-193.373502,263.907022,474.287437,-183.409975,259.796836,471.797456,-211.178590,286.970890,458.811029,-37.438288,219.409148,406.554880,-156.585256,336.704403,488.099119,9.210158,222.400813,339.120423,-151.376947,385.567924,512.106488,-47.952029,216.313913,280.445503,-189.485325,403.935343,518.325248,-62.506680,213.568317,260.415483,-196.697838,405.741879,518.985943,-92.616315,215.475717,259.854413,-233.372700,399.490355,515.500865,-65.075361,217.635941,266.180106,-202.768254,308.597122,321.443311,34.251289,262.573998,311.837974,-34.473744,353.212338,241.148234,9.461605,255.439529,226.610957,-158.837723,368.069411,170.490838,205.240908,230.169942,160.347192,-5.062419,360.327684,159.103669,218.320182,225.283214,158.072096,8.076004,392.623612,138.976231,124.620504,233.728027,130.630921,-97.136643
0.000000,0.000000,0.000000,0.000000,0.000000,0.000000,0.000000,0.000000,0.000000,0.000000,0.000000,0.000000,0.000000,0.000000,0.000000,0.000000,0.000000,0.000000,0.000000,0.000000,0.000000,0.000000,0.000000,0.000000,0.000000,0.000000,0.000000,0.000000,0.000000,0.000000,0.000000,0.000000,0.000000,0.000000,0.000000,0.000000,0.000000,0.000000,0.000000,0.000000,0.000000,0.000000,0.000000,0.000000,0.000000,0.000000,0.000000,0.000000,0.000000,0.000000,0.000000,0.000000,261.127463,482.541752,-223.744345,255.539442,488.984804,-204.982509,255.592465,489.227906,-205.006634,255.608931,489.415449,-205.022764,252.216072,487.723929,-226.108412,249.623293,486.957991,-226.165676,246.629594,485.984783,-226.201185,247.510977,483.327388,-103.806819,234.203893,477.652567,-194.490819,262.737555,474.346708,-184.620756,258.639398,471.894276,-212.612561,285.845722,459.041787,-37.858071,218.483551,406.650464,-156.972568,335.679208,488.410256,10.061283,221.786498,339.323294,-151.275879,384.427348,512.367656,-46.678456,215.677106,280.666170,-188.923153,402.902211,518.500315,-61.007926,212.952384,260.623612,-196.294346,404.731195,519.070538,-91.408820,214.880018,260.027667,-232.956301,398.357439,515.533491,-63.861441,216.993270,266.348931,-202.301654,307.985828,321.834276,34.211442,262.020197,312.109803,-34.434451,352.779673,241.610182,4.732812,254.799424,226.730983,-160.998316,367.464506,170.643807,198.483866,230.183884,160.217846,-10.874362,359.632943,159.187625,211.307974,225.446373,157.925383,2.383280,392.029208,138.930460,116.826372,233.683768,130.523491,-103.579373
0.000000,0.000000,0.000000,0.000000,0.000000,0.000000,0.000000,0.000000,0.000000,0.000000,0.000000,0.000000,0.000000,0.000000,0.000000,0.000000,0.000000,0.000000,0.000000,0.000000,0.000000,0.000000,0.000000,0.000000,0.000000,0.000000,0.000000,0.000000,0.000000,0.000000,0.000000,0.000000,0.000000,0.000000,0.000000,0.000000,0.000000,0.000000,0.000000,0.000000,0.000000,0.000000,0.000000,0.000000,0.000000,0.000000,0.000000,0.000000,0.000000,0.000000,0.000000,0.000000,259.970358,482.761398,-225.328730,254.298071,489.229263,-206.376180,254.343427,489.464824,-206.399854,254.350837,489.644395,-206.419739,250.986772,487.964222,-227.687830,248.396578,487.177955,-227.746838,245.413433,486.181274,-227.780376,246.252464,483.558244,-104.511562,233.055826,477.830965,-195.725774,261.594383,474.540883,-185.990609,257.502484,472.120561,-214.172603,284.734202,459.430983,-38.301019,217.587207,406.844760,-157.422290,334.678489,488.848786,10.781537,221.195984,339.579134,-151.258588,383.351016,512.736147,-45.851089,215.094336,280.952764,-188.525210,401.924113,518.803757,-59.988121,212.381487,260.894565,-196.111785,403.775465,519.297860,-90.708517,214.326868,260.264289,-232.749650,397.287574,515.709862,-63.114410,216.405966,266.592387,-202.000527,307.429669,322.362442,34.145319,261.518137,312.492339,-34.368996,352.335937,242.168324,-0.331592,254.189125,226.918963,-162.340807,366.741016,170.793246,191.326916,230.202944,160.090460,-15.398108,358.789107,159.295354,203.889380,225.586623,157.733192,-2.028242,391.227367,138.866839,108.519494,233.639102,130.413975,-108.812342
0.000000,0.000000,0.000000,0.000000,0.000000,0.000000,0.000000,0.000000,0.000000,0.000000,0.000000,0.000000,0.000000,0.000000,0.000000,0.000000,0.000000,0.000000,0.000000,0.000000,0.000000,0.000000,0.000000,0.000000,0.000000,0.000000,0.000000,0.000000,0.000000,0.000000,0.000000,0.000000,0.000000,0.000000,0.000000,0.000000,0.000000,0.000000,0.000000,0.000000,0.000000,0.000000,0.000000,0.000000,0.000000,0.000000,0.000000,0.000000,0.000000,0.000000,0.000000,0.000000,258.837265,483.108766,-227.090614,253.088748,489.599695,-207.948339,253.128284,489.829162,-207.971653,253.128148,490.002842,-207.994996,249.783152,488.326804,-229.418531,247.195533,487.519980,-229.478855,244.220827,486.499604,-229.510655,245.031989,483.924816,-105.331763,231.931605,478.139754,-197.078366,260.477507,474.869964,-187.519535,256.386094,472.476310,-215.858716,283.636330,459.978616,-38.767132,216.720115,407.137769,-157.934421,333.702245,489.414708,11.370920,220.629273,339.887942,-151.325074,382.338927,513.211963,-45.469929,214.565603,281.305285,-188.291496,401.001048,519.235573,-59.447267,211.855626,261.228341,-196.150155,402.874687,519.667909,-90.515408,213.816265,260.564279,-232.752748,396.280761,516.029977,-62.834269,215.874030,266.910472,-201.864873,306.928646,323.027810,34.052919,261.067819,312.985584,-34.277378,351.881129,242.822662,-5.731605,253.608632,227.174897,-162.865195,365.898939,170.939154,183.770057,230.227121,159.965032,-18.633656,357.796174,159.426855,196.064400,225.703963,157.495523,-5.158560,390.218087,138.785368,99.699872,233.594028,130.302374,-112.835552
0.000000,0.000000,0.000000,0.000000,0.000000,0.000000,0.000000,0.000000,0.000000,0.000000,0.000000,0.000000,0.000000,0.000000,0.000000,0.000000,0.000000,0.000000,0.000000,0.000000,0.000000,0.000000,0.000000,0.000000,0.000000,0.000000,0.000000,0.000000,0.000000,0.000000,0.000000,0.000000,0.000000,0.000000,0.000000,0.000000,0.000000,0.000000,0.000000,0.000000,0.000000,0.000000,0.000000,0.000000,0.000000,0.000000,0.000000,0.000000,0.000000,0.000000,0.000000,0.000000,257.728181,483.583857,-229.029998,251.911471,490.096101,-209.698984,251.947039,490.320921,-209.722032,251.940864,490.490791,-209.748537,248.605212,488.811675,-231.300515,246.020158,487.984068,-231.361727,243.051776,486.939774,-231.392021,243.849551,484.427104,-106.267422,230.831230,478.578934,-198.548596,259.386927,475.333949,-189.207533,255.290228,472.961523,-217.670902,282.552107,460.684686,-39.256410,215.882277,407.529491,-158.508961,332.750477,490.108023,11.829432,220.086364,340.249718,-151.475336,381.391081,513.795102,-45.534975,214.090908,281.723734,-188.222010,400.133016,519.795765,-59.385362,211.374802,261.624940,-196.409454,402.028863,520.180686,-90.829491,213.348210,260.927635,-232.965595,395.336998,516.493835,-63.021017,215.397463,267.303187,-201.894692,306.482759,323.830378,33.934244,260.669244,313.589536,-34.159598,351.415250,243.573194,-11.467227,253.057947,227.498785,-162.571480,364.938277,171.081531,175.813290,230.256416,159.841564,-20.581006,356.654146,159.582129,187.833034,225.798393,157.212377,-7.007676,389.001368,138.686047,90.367504,233.548546,130.188687,-115.649003
0.000000,0.000000,0.000000,0.000000,0.000000,0.000000,0.000000,0.000000,0.000000,0.000000,0.000000,0.000000,0.000000,0.000000,0.000000,0.000000,0.000000,0.000000,0.000000,0.000000,0.000000,0.000000,0.000000,0.000000,0.000000,0.000000,0.000000,0.000000,0.000000,0.000000,0.000000,0.000000,0.000000,0.000000,0.000000,0.000000,0.000000,0.000000,0.000000,0.000000,0.000000,0.000000,0.000000,0.000000,0.000000,0.000000,0.000000,0.000000,0.000000,0.000000,0.000000,0.000000,256.643109,484.186670,-231.146882,250.766243,490.718481,-211.628116,250.799690,490.940099,-211.650991,250.788984,491.108240,-211.680361,247.452950,489.418837,-233.333783,244.870452,488.570218,-233.395454,241.906280,487.501784,-233.424474,242.705151,485.065108,-107.318538,229.754701,479.148506,-200.136464,258.322642,475.932839,-191.054604,254.214886,473.576200,-219.609158,281.481532,461.549193,-39.768852,215.073691,408.019925,-159.145910,331.823185,490.928731,12.157072,219.567257,340.664462,-151.709375,380.507480,514.485566,-46.046228,213.670250,282.208110,-188.316753,399.320018,520.484331,-59.802407,210.939013,262.084363,-196.889685,401.237991,520.836190,-91.650768,212.922704,261.354359,-233.388190,394.456287,517.101437,-63.674655,214.976263,267.770533,-202.089985,306.092006,324.770147,33.789292,260.322410,314.304196,-34.015655,350.938298,244.419921,-17.538460,252.537067,227.890627,-161.459662,363.859029,171.220378,167.456614,230.290828,159.720055,-21.240158,355.363021,159.761175,179.195282,225.869913,156.883753,-7.575589,387.577211,138.568877,80.522391,233.502657,130.072914,-117.252693
0.000000,0.000000,0.000000,0.000000,0.000000,0.000000,0.000000,0.000000,0.000000,0.000000,0.000000,0.000000,0.000000,0.000000,0.000000,0.000000,0.000000,0.000000,0.000000,0.000000,0.000000,0.000000,0.000000,0.000000,0.000000,0.000000,0.000000,0.000000,0.000000,0.000000,0.000000,0.000000,0.000000,0.000000,0.000000,0.000000,0.000000,0.000000,0.000000,0.000000,0.000000,0.000000,0.000000,0.000000,0.000000,0.000000,0.000000,0.000000,0.000000,0.000000,0.000000,0.000000,255.582046,484.917205,-233.441265,249.653061,491.466834,-213.735735,249.686238,491.686697,-213.758530,249.672508,491.855190,-213.790467,246.326368,490.148289,-235.518333,243.746416,489.278430,-235.580037,240.784339,488.185633,-235.608014,241.598790,485.838828,-108.485112,228.702018,479.848469,-201.841969,257.284653,476.666634,-193.060747,253.160069,474.320342,-221.673487,280.424606,462.572137,-40.304460,214.294358,408.609072,-159.845268,330.920368,491.876831,12.353842,219.071953,341.132174,-152.027191,379.688122,515.283354,-47.003688,213.303630,282.758413,-188.575724,398.562054,521.301272,-60.698402,210.548261,262.606608,-197.590845,400.502071,521.634421,-92.979237,212.539745,261.844450,-234.020534,393.638628,517.852782,-64.795182,214.610431,268.312508,-202.450750,305.756390,325.847118,33.618064,260.027319,315.129564,-33.845550,350.450275,245.362843,-23.945302,252.045995,228.350423,-159.529742,362.661195,171.355694,158.700030,230.330357,159.600505,-20.611113,353.922800,159.963993,170.151144,225.918524,156.509652,-6.862299,385.945615,138.433856,70.164533,233.456360,129.955056,-117.646624
0.000000,0.000000,0.000000,0.000000,0.000000,0.000000,0.000000,0.000000,0.000000,0.000000,0.000000,0.000000,0.000000,0.000000,0.000000,0.000000,0.000000,0.000000,0.000000,0.000000,0.000000,0.000000,0.000000,0.000000,0.000000,0.000000,0.000000,0.000000,0.000000,0.000000,0.000000,0.000000,0.000000,0.000000,0.000000,0.000000,0.000000,0.000000,0.000000,0.000000,0.000000,0.000000,0.000000,0.000000,0.000000,0.000000,0.000000,0.000000,0.000000,0.000000,0.000000,0.000000,254.544995,485.775463,-235.913147,248.571926,492.341161,-216.021841,248.606682,492.560715,-216.044648,248.591438,492.731641,-216.078857,245.225465,491.000031,-237.854166,242.648050,490.108704,-237.915474,239.685953,488.991323,-237.942641,240.530465,486.748264,-109.767144,227.673181,480.678823,-203.665112,256.272959,477.535333,-195.225962,252.125775,475.193948,-223.863886,279.381328,463.753517,-40.863232,213.544277,409.296932,-160.607035,330.042027,492.952324,12.419740,218.600450,341.652854,-152.428783,378.933007,516.188465,-48.407354,212.991046,283.374643,-188.998924,397.859123,522.246588,-62.073347,210.202544,263.191677,-198.512937,399.821105,522.575380,-94.814900,212.199334,262.397909,-234.862626,392.884019,518.747872,-66.382598,214.299967,268.929114,-202.976989,305.475908,327.061290,33.420560,259.783970,316.065640,-33.649283,349.951180,246.401959,-30.687754,251.584729,228.878174,-156.781719,361.344776,171.487480,149.543538,230.375004,159.482914,-18.693869,352.333483,160.190584,160.700620,225.944225,156.090073,-4.867807,384.106581,138.280986,59.293930,233.409655,129.835112,-116.830796
0.000000,0.000000,0.000000,0.000000,0.000000,0.000000,0.000000,0.000000,0.000000,0.000000,0.000000,0.000000,0.000000,0.000000,0.000000,0.000000,0.000000,0.000000,0.000000,0.000000,0.000000,0.000000,0.000000,0.000000,0.000000,0.000000,0.000000,0.000000,0.000000,0.000000,0.000000,0.000000,0.000000,0.000000,0.000000,0.000000,0.000000,0.000000,0.000000,0.000000,0.000000,0.000000,0.000000,0.000000,0.000000,0.000000,0.000000,0.000000,0.000000,0.000000,0.000000,0.000000,253.531953,486.761443,-238.562529,247.522839,493.341462,-218.486434,247.561022,493.562154,-218.509347,247.545772,493.737594,-218.545529,244.150242,491.974063,-240.341282,241.575353,491.061041,-240.401767,238.611123,489.918852,-240.428356,239.500179,487.793417,-111.164633,226.668189,481.639568,-205.605893,255.287561,478.538937,-197.550249,251.112005,476.197018,-226.180358,278.351698,465.093336,-41.445170,212.823450,410.083505,-161.431212,329.188162,494.155210,12.354767,218.152750,342.226502,-152.914151,378.242136,517.200901,-50.257227,212.732501,284.056801,-189.586353,397.211226,523.320278,-63.927241,209.901864,263.839568,-199.655958,399.195092,523.659066,-97.157755,211.901472,263.014735,-235.914467,392.192462,519.786705,-68.436904,214.044870,269.620350,-203.668702,305.250562,328.412663,33.196780,259.592362,317.112424,-33.426853,349.441013,247.537271,-37.765815,251.153270,229.473878,-153.215593,359.909771,171.615735,139.987136,230.424768,159.367283,-15.488428,350.595071,160.440947,150.843710,225.947017,155.625016,-1.592112,382.060108,138.110266,47.910581,233.362543,129.713082,-114.805208
0.000000,0.000000,0.000000,0.000000,0.000000,0.000000,0.000000,0.000000,0.000000,0.000000,0.000000,0.000000,0.000000,0.000000,0.000000,0.000000,0.000000,0.000000,0.000000,0.000000,0.000000,0.000000,0.000000,0.000000,0.000000,0.000000,0.000000,0.000000,0.000000,0.000000,0.000000,0.000000,0.000000,0.000000,0.000000,0.000000,0.000000,0.000000,0.000000,0.000000,0.000000,0.000000,0.000000,0.000000,0.000000,0.000000,0.000000,0.000000,0.000000,0.000000,0.000000,0.000000,252.542923,487.875146,-241.389410,246.505799,494.467736,-221.129513,246.549260,494.691012,-221.152626,246.535510,494.873047,-221.190485,243.100697,493.070384,-242.979681,240.528327,492.135439,-243.038915,237.559847,490.968221,-243.065158,238.507930,488.974285,-112.677581,225.687044,482.730705,-207.664311,254.328459,479.677447,-200.033609,250.118760,477.329553,-228.622901,277.335716,466.591591,-42.050272,212.131875,410.968790,-162.317797,328.358773,495.485488,12.158923,217.728852,342.853118,-153.483297,377.615508,518.320661,-52.553306,212.527992,284.804886,-190.338010,396.618363,524.522343,-66.260085,209.646220,264.550283,-201.019911,398.624031,524.885479,-100.007803,211.646158,263.694928,-237.176056,391.563956,520.969282,-70.958100,213.845142,270.386216,-204.525887,305.080352,329.901237,32.946723,259.452497,318.269915,-33.178260,348.919775,248.768777,-45.179487,250.751617,230.137536,-148.831365,358.356180,171.740460,130.030827,230.479650,159.253611,-10.994789,348.707562,160.715083,140.580414,225.926898,155.114481,2.964786,379.806197,137.921696,36.014487,233.315024,129.588967,-111.569860
0.000000,0.000000,0.000000,0.000000,0.000000,0.000000,0.000000,0.000000,0.000000,0.000000,0.000000,0.000000,0.000000,0.000000,0.000000,0.000000,0.000000,0.000000,0.000000,0.000000,0.000000,0.000000,0.000000,0.000000,0.000000,0.000000,0.000000,0.000000,0.000000,0.000000,0.000000,0.000000,0.000000,0.000000,0.000000,0.000000,0.000000,0.000000,0.000000,0.000000,0.000000,0.000000,0.000000,0.000000,0.000000,0.000000,0.000000,0.000000,0.000000,0.000000,0.000000,0.000000,251.577902,489.116571,-244.393791,245.520806,495.719984,-223.951079,245.571394,495.947290,-223.974484,245.560653,496.138002,-224.013724,242.076832,494.288996,-245.769364,239.506969,493.331899,-245.826918,236.532126,492.139430,-245.853047,237.553720,490.290870,-114.305985,224.729745,483.952232,-209.840367,253.395653,480.950860,-202.676042,249.146038,478.591552,-231.191515,276.333383,468.248283,-42.678539,211.469553,411.952788,-163.266792,327.553860,496.943158,11.832208,217.328755,343.532702,-154.136218,377.053125,519.547745,-55.295593,212.377521,285.618898,-191.253896,396.080532,525.852783,-69.071879,209.435613,265.323821,-202.604793,398.107924,526.254620,-103.365044,211.433391,264.438489,-238.647394,390.998501,522.295603,-73.946185,213.700782,271.226713,-205.548546,304.965277,331.527013,32.670391,259.364374,319.538114,-32.903506,348.387465,250.096478,-52.928768,250.379771,230.869148,-143.629034,356.684003,171.861654,119.674609,230.539649,159.141898,-5.212952,346.670957,161.012991,129.910732,225.883870,154.558469,8.802887,377.344847,137.715276,23.605648,233.267097,129.462766,-107.124753
0.000000,0.000000,0.000000,0.000000,0.000000,0.000000,0.000000,0.000000,0.000000,0.000000,0.000000,0.000000,0.000000,0.000000,0.000000,0.000000,0.000000,0.000000,0.000000,0.000000,0.000000,0.000000,0.000000,0.000000,0.000000,0.000000,0.000000,0.000000,0.000000,0.000000,0.000000,0.000000,0.000000,0.000000,0.000000,0.000000,0.000000,0.000000,0.000000,0.000000,0.000000,0.000000,0.000000,0.000000,0.000000,0.000000,0.000000,0.000000,0.000000,0.000000,0.000000,0.000000,250.636893,490.485719,-247.575672,244.567861,497.098205,-226.951133,244.627424,497.330989,-226.974923,244.621201,497.532457,-227.015245,241.078646,495.629897,-248.710329,238.511282,494.650421,-248.765777,235.527961,493.432479,-248.792023,236.637546,491.743171,-116.049848,223.796292,485.304151,-212.134061,252.489141,482.359179,-205.477547,248.193841,479.983015,-233.886201,275.344698,470.063412,-43.329971,210.836484,413.035499,-164.278196,326.773422,498.528222,11.374621,216.952462,344.265254,-154.872917,376.554984,520.882153,-58.484085,212.281087,286.498837,-192.334010,395.597736,527.311597,-72.362623,209.270041,266.160183,-204.410606,397.646769,527.766488,-107.229479,211.263173,265.245417,-240.328481,390.496098,523.765668,-77.401160,213.611789,272.141839,-206.736678,304.905337,333.289989,32.367782,259.327993,320.917021,-32.602588,347.844083,251.520374,-61.013658,250.037731,231.668714,-137.608600,354.893240,171.979317,108.918482,230.604765,159.032144,1.857082,344.485256,161.334671,118.834664,225.817932,153.956979,15.922190,374.676059,137.491006,10.684063,233.218762,129.334479,-101.469886
0.000000,0.000000,0.000000,0.000000,0.000000,0.000000,0.000000,0.000000,0.000000,0.000000,0.000000,0.000000,0.000000,0.000000,0.000000,0.000000,0.000000,0.000000,0.000000,0.000000,0.000000,0.000000,0.000000,0.000000,0.000000,0.000000,0.000000,0.000000,0.000000,0.000000,0.000000,0.000000,0.000000,0.000000,0.000000,0.000000,0.000000,0.000000,0.000000,0.000000,0.000000,0.000000,0.000000,0.000000,0.000000,0.000000,0.000000,0.000000,0.000000,0.000000,0.000000,0.000000,249.719894,491.982589,-250.935052,243.646963,498.602400,-230.129672,243.717351,498.842107,-230.153941,243.717153,499.056414,-230.195050,240.106140,497.093088,-251.802577,237.541264,496.091006,-251.855490,234.547350,494.847368,-251.882087,235.759411,493.331187,-117.909168,222.886685,486.786461,-214.545392,251.608926,483.902403,-208.438124,247.262167,481.503942,-236.706959,274.369662,472.036978,-44.004568,210.232668,414.216922,-165.352009,326.017460,500.240678,10.786163,216.599970,345.050774,-155.693392,376.121088,522.323885,-62.118785,212.238691,287.444704,-193.578353,395.169973,528.898787,-76.132317,209.149505,267.059367,-206.437350,397.240567,529.421083,-111.601106,211.135503,266.115712,-242.219316,390.056746,525.379476,-81.323024,213.578165,273.131596,-208.090283,304.900533,335.190167,32.038897,259.343355,322.406636,-32.275509,347.289629,253.040464,-69.434159,249.725498,232.536234,-130.770064,352.983892,172.093450,97.762447,230.674999,158.924349,10.215315,342.150459,161.680123,107.352209,225.729085,153.310011,24.322697,371.799833,137.248887,-2.750266,233.170020,129.204107,-94.605259
0.000000,0.000000,0.000000,0.000000,0.000000,0.000000,0.000000,0.000000,0.000000,0.000000,0.000000,0.000000,0.000000,0.000000,0.000000,0.000000,0.000000,0.000000,0.000000,0.000000,0.000000,0.000000,0.000000,0.000000,0.000000,0.000000,0.000000,0.000000,0.000000,0.000000,0.000000,0.000000,0.000000,0.000000,0.000000,0.000000,0.000000,0.000000,0.000000,0.000000,0.000000,0.000000,0.000000,0.000000,0.000000,0.000000,0.000000,0.000000,0.000000,0.000000,0.000000,0.000000,248.614609,493.808252,-249.856211,242.543107,500.475623,-228.984228,242.633874,500.724993,-229.008669,242.654628,500.950935,-229.047661,238.964707,498.846121,-250.536900,236.384290,497.776988,-250.585829,233.340364,496.458924,-250.614448,234.732630,495.127588,-116.619046,221.692881,488.347305,-213.018783,250.597560,485.699194,-207.224652,246.210985,483.315101,-235.315667,273.337816,474.439847,-42.812992,209.631671,415.588642,-163.823111,325.200451,501.724001,11.901097,216.232718,345.899898,-153.923705,375.843794,523.549861,-59.089083,212.237795,288.432449,-193.205312,394.813803,530.355379,-72.903046,209.055134,267.981328,-205.981390,396.951779,531.057009,-108.421247,211.027423,266.943588,-242.021538,389.813801,527.027621,-78.341275,213.560814,274.153769,-207.713228,304.847750,337.283268,31.489815,259.270217,324.518840,-31.729656,346.662926,254.557412,-72.209976,249.837288,234.042710,-126.450681,350.994954,172.207805,92.772735,230.714481,158.589421,19.511687,339.659603,162.073455,102.083330,225.726119,152.712580,31.822844,368.959027,137.012045,-9.081253,233.277564,129.218182,-90.174873
0.000000,0.000000,0.000000,0.000000,0.000000,0.000000,0.000000,0.000000,0.000000,0.000000,0.000000,0.000000,0.000000,0.000000,0.000000,0.000000,0.000000,0.000000,0.000000,0.000000,0.000000,0.000000,0.000000,0.000000,0.000000,0.000000,0.000000,0.000000,0.000000,0.000000,0.000000,0.000000,0.000000,0.000000,0.000000,0.000000,0.000000,0.000000,0.000000,0.000000,0.000000,0.000000,0.000000,0.000000,0.000000,0.000000,0.000000,0.000000,0.000000,0.000000,0.000000,0.000000,247.604479,495.764280,-248.835029,241.483281,502.422452,-227.577603,241.582588,502.668949,-227.603786,241.609185,502.905868,-227.643767,237.869984,500.757676,-249.153295,235.279191,499.672964,-249.199710,232.208842,498.339309,-249.228620,233.775194,497.012453,-114.042924,220.582427,490.136400,-210.874841,249.673245,487.682204,-205.870749,245.230056,485.252346,-233.963018,272.506821,476.540832,-39.747255,209.108179,417.151217,-161.934590,324.521411,503.220637,14.319707,215.984029,346.993723,-152.317815,375.656636,524.846781,-57.100719,212.194955,289.643334,-192.995805,394.653764,531.814462,-70.651344,208.972497,269.149239,-206.143562,396.784535,532.566678,-106.121075,210.922253,268.084208,-242.380258,389.658617,528.521023,-76.382333,213.494211,275.377813,-207.648495,304.901638,339.158807,31.323091,259.264905,326.416928,-31.562255,346.126150,256.075773,-77.644433,249.819759,235.704920,-129.035691,348.905939,172.371540,83.998157,230.759041,158.839748,18.496595,337.101225,162.489738,92.920615,225.618387,152.674353,30.551768,366.111168,136.854330,-19.211808,233.303242,129.163567,-90.494555
0.000000,0.000000,0.000000,0.000000,0.000000,0.000000,0.000000,0.000000,0.000000,0.000000,0.000000,0.000000,0.000000,0.000000,0.000000,0.000000,0.000000,0.000000,0.000000,0.000000,0.000000,0.000000,0.000000,0.000000,0.000000,0.000000,0.000000,0.000000,0.000000,0.000000,0.000000,0.000000,0.000000,0.000000,0.000000,0.000000,0.000000,0.000000,0.000000,0.000000,0.000000,0.000000,0.000000,0.000000,0.000000,0.000000,0.000000,0.000000,0.000000,0.000000,0.000000,0.000000,246.628781,497.632607,-247.907789,240.465752,504.276865,-226.294088,240.575105,504.522616,-226.321923,240.609623,504.770117,-226.362944,236.818257,502.574212,-247.843669,234.216826,501.472747,-247.887768,231.121520,500.122058,-247.916702,232.880074,498.804647,-111.665539,219.521023,491.818085,-208.661439,248.787715,489.577606,-204.637532,244.290350,487.090708,-232.669506,271.746321,478.548043,-36.847328,208.641285,418.659387,-159.958350,323.919528,504.642637,16.687409,215.777710,348.071616,-150.582763,375.516292,526.081086,-54.947659,212.176737,290.819304,-192.666318,394.542086,533.187304,-68.253541,208.920393,270.286123,-206.171423,396.663722,533.985836,-103.692095,210.846390,269.200227,-242.610882,389.548603,529.925427,-74.248216,213.449821,276.563286,-207.464433,304.948740,340.931526,31.125320,259.253684,328.245006,-31.362482,345.562342,257.481744,-82.471454,249.817922,237.348860,-132.325606,346.790736,172.523104,76.203857,230.800818,159.136842,16.395549,334.553616,162.879546,84.779693,225.535712,152.708893,28.190936,363.326546,136.695569,-28.178846,233.330807,129.114327,-91.982110
0.000000,0.000000,0.000000,0.000000,0.000000,0.000000,0.000000,0.000000,0.000000,0.000000,0.000000,0.000000,0.000000,0.000000,0.000000,0.000000,0.000000,0.000000,0.000000,0.000000,0.000000,0.000000,0.000000,0.000000,0.000000,0.000000,0.000000,0.000000,0.000000,0.000000,0.000000,0.000000,0.000000,0.000000,0.000000,0.000000,0.000000,0.000000,0.000000,0.000000,0.000000,0.000000,0.000000,0.000000,0.000000,0.000000,0.000000,0.000000,0.000000,0.000000,0.000000,0.000000,245.687516,499.413234,-247.074491,239.490521,506.038862,-225.133684,239.611427,506.285994,-225.163081,239.655942,506.543681,-225.205193,235.809526,504.295728,-246.608023,233.197194,503.176336,-246.650003,230.078397,501.807170,-246.678694,232.047271,500.504172,-109.486893,218.508670,493.392363,-206.378576,247.940970,491.385402,-203.525004,243.391869,488.830187,-231.435130,271.056316,480.461478,-34.113212,208.230988,420.113152,-157.894393,323.394801,505.990003,19.004205,215.613762,349.133576,-148.718550,375.422763,527.252777,-52.629903,212.183141,291.960358,-192.216852,394.478770,534.473903,-65.709637,208.898822,271.391980,-206.064974,396.589340,535.314483,-101.134308,210.799835,270.291645,-242.713409,389.483757,531.240834,-71.938924,213.427643,277.710185,-207.161042,304.989054,342.601425,30.896503,259.236554,330.003076,-31.130336,344.971505,258.775327,-86.691040,249.831779,238.974530,-136.320425,344.649345,172.662497,69.389835,230.839812,159.480705,13.208548,332.016775,163.242879,77.660565,225.478094,152.816199,24.740347,360.605162,136.535761,-35.982365,233.360260,129.070462,-94.637539
0.000000,0.000000,0.000000,0.000000,0.000000,0.000000,0.000000,0.000000,0.000000,0.000000,0.000000,0.000000,0.000000,0.000000,0.000000,0.000000,0.000000,0.000000,0.000000,0.000000,0.000000,0.000000,0.000000,0.000000,0.000000,0.000000,0.000000,0.000000,0.000000,0.000000,0.000000,0.000000,0.000000,0.000000,0.000000,0.000000,0.000000,0.000000,0.000000,0.000000,0.000000,0.000000,0.000000,0.000000,0.000000,0.000000,0.000000,0.000000,0.000000,0.000000,0.000000,0.000000,244.780684,501.106160,-246.335134,238.557587,507.708444,-224.096391,238.691554,507.959082,-224.127259,238.748143,508.226562,-224.170514,234.843790,505.922224,-245.446356,232.220296,504.783733,-245.486415,229.079473,503.394646,-245.514596,231.276785,502.111027,-107.506984,217.545368,494.859231,-204.026254,247.133010,493.105590,-202.533163,242.534610,490.470782,-230.259891,270.436807,482.281138,-31.544907,207.877289,421.512512,-155.742717,322.947230,507.262735,21.270095,215.492184,350.179603,-146.725176,375.376048,528.361854,-50.147452,212.214167,293.066496,-191.647406,394.463814,535.674262,-63.019632,208.907785,272.466810,-205.824215,396.561389,536.552617,-98.447713,210.782588,271.358462,-242.687840,389.464080,532.467243,-69.454457,213.427678,278.818513,-206.738322,305.022580,344.168504,30.636640,259.213514,331.691138,-30.865817,344.353637,259.956520,-90.303189,249.861328,240.581930,-141.020148,342.481768,172.789718,63.556092,230.876022,159.871335,8.935593,329.490702,163.579738,71.563230,225.445533,152.996273,20.200002,357.947015,136.374907,-42.622367,233.391602,129.031972,-98.460843
0.000000,0.000000,0.000000,0.000000,0.000000,0.000000,0.000000,0.000000,0.000000,0.000000,0.000000,0.000000,0.000000,0.000000,0.000000,0.000000,0.000000,0.000000,0.000000,0.000000,0.000000,0.000000,0.000000,0.000000,0.000000,0.000000,0.000000,0.000000,0.000000,0.000000,0.000000,0.000000,0.000000,0.000000,0.000000,0.000000,0.000000,0.000000,0.000000,0.000000,0.000000,0.000000,0.000000,0.000000,0.000000,0.000000,0.000000,0.000000,0.000000,0.000000,0.000000,0.000000,243.908284,502.711385,-245.689720,237.666951,509.285609,-223.182209,237.815484,509.541881,-223.214458,237.886226,509.818759,-223.258906,233.921050,507.453700,-244.358668,231.286132,506.294936,-244.397003,228.124748,504.884485,-244.424408,230.568617,503.625212,-105.725812,216.631117,496.218691,-201.604471,246.363835,494.738171,-201.662011,241.718576,492.012495,-229.143787,269.887793,484.007022,-29.142412,207.580188,422.857467,-153.503324,322.576816,508.460832,23.485077,215.412978,351.209698,-144.602640,375.376147,529.408316,-47.500304,212.269814,294.137719,-190.957980,394.497220,536.788379,-60.183525,208.947280,273.510613,-205.449145,396.579869,537.700239,-95.632311,210.794649,272.400678,-242.534174,389.489572,533.604656,-66.794814,213.449925,279.888269,-206.196274,305.049320,345.632762,30.345729,259.184565,333.309190,-30.568926,343.708739,261.025325,-93.307903,249.906570,242.171060,-146.424776,340.288003,172.904767,58.702627,230.909449,160.308734,3.576683,326.975398,163.890123,66.487689,225.438029,153.249114,14.569901,355.352107,136.213006,-48.098851,233.424831,128.998856,-103.452020
0.000000,0.000000,0.000000,0.000000,0.000000,0.000000,0.000000,0.000000,0.000000,0.000000,0.000000,0.000000,0.000000,0.000000,0.000000,0.000000,0.000000,0.000000,0.000000,0.000000,0.000000,0.000000,0.000000,0.000000,0.000000,0.000000,0.000000,0.000000,0.000000,0.000000,0.000000,0.000000,0.000000,0.000000,0.000000,0.000000,0.000000,0.000000,0.000000,0.000000,0.000000,0.000000,0.000000,0.000000,0.000000,0.000000,0.000000,0.000000,0.000000,0.000000,0.000000,0.000000,243.070316,504.228909,-245.138248,236.818611,510.770359,-222.391137,236.983220,511.034391,-222.424676,237.070190,511.320272,-222.470369,233.041306,508.890157,-243.344959,230.394701,507.709946,-243.381769,227.214222,506.276687,-243.408130,229.922765,505.046728,-104.143379,215.765917,497.470742,-199.113228,245.633445,496.283145,-200.911545,240.943765,493.455324,-228.086820,269.409275,485.639132,-26.905728,207.339685,424.148017,-151.176212,322.283558,509.584295,25.649153,215.376142,352.223860,-142.350943,375.423060,530.392164,-44.688460,212.350083,295.174025,-190.148575,394.578987,537.816254,-57.201317,209.017309,274.523388,-204.939765,396.644779,538.757350,-92.688102,210.836017,273.418293,-242.252411,389.560233,534.653071,-63.959995,213.494384,280.919452,-205.534896,305.069271,346.994200,30.023773,259.149707,334.857234,-30.239663,343.036811,261.981741,-95.705181,249.967506,243.741921,-152.534309,338.068050,173.007645,54.829441,230.940093,160.792901,-2.868181,324.470861,164.174033,62.433941,225.455583,153.574721,7.850043,352.820435,136.050059,-52.411817,233.459948,128.971116,-109.611071
0.000000,0.000000,0.000000,0.000000,0.000000,0.000000,0.000000,0.000000,0.000000,0.000000,0.000000,0.000000,0.000000,0.000000,0.000000,0.000000,0.000000,0.000000,0.000000,0.000000,0.000000,0.000000,0.000000,0.000000,0.000000,0.000000,0.000000,0.000000,0.000000,0.000000,0.000000,0.000000,0.000000,0.000000,0.000000,0.000000,0.000000,0.000000,0.000000,0.000000,0.000000,0.000000,0.000000,0.000000,0.000000,0.000000,0.000000,0.000000,0.000000,0.000000,0.000000,0.000000,242.266781,505.658732,-244.680717,236.012569,512.162693,-221.723177,236.194759,512.436612,-221.757915,236.300035,512.731101,-221.804904,232.204558,510.231594,-242.405230,229.546004,509.028763,-242.440711,226.347896,507.571252,-242.465761,229.339230,506.375574,-102.759683,214.949767,498.615384,-196.552524,244.941840,497.740511,-200.281768,240.210178,494.799271,-227.088989,269.001252,487.177466,-24.834855,207.155779,425.384162,-148.761382,322.067457,510.633123,27.762322,215.381676,353.222089,-139.970085,375.516787,531.313398,-41.711920,212.454973,296.175417,-189.219190,394.709115,538.757888,-54.073008,209.117871,275.505137,-204.296075,396.756121,539.723949,-89.615085,210.906693,274.411308,-241.842552,389.676063,535.612489,-60.950001,213.561056,281.912063,-204.754190,305.082436,348.252818,29.670769,259.108940,336.335270,-29.878027,342.337852,262.825767,-97.495023,250.044134,245.294511,-159.348746,335.821911,173.098352,51.936533,230.967953,161.323835,-10.399000,321.977093,164.431468,59.401986,225.498193,153.973096,0.040428,350.352001,135.886064,-55.561266,233.496953,128.948751,-116.937996
0.000000,0.000000,0.000000,0.000000,0.000000,0.000000,0.000000,0.000000,0.000000,0.000000,0.000000,0.000000,0.000000,0.000000,0.000000,0.000000,0.000000,0.000000,0.000000,0.000000,0.000000,0.000000,0.000000,0.000000,0.000000,0.000000,0.000000,0.000000,0.000000,0.000000,0.000000,0.000000,0.000000,0.000000,0.000000,0.000000,0.000000,0.000000,0.000000,0.000000,0.000000,0.000000,0.000000,0.000000,0.000000,0.000000,0.000000,0.000000,0.000000,0.000000,0.000000,0.000000,241.497678,507.000855,-244.317129,235.248825,513.462611,-221.178327,235.450103,513.748543,-221.214174,235.575762,514.051246,-221.262510,231.410806,511.478011,-241.539479,228.740041,510.251387,-241.573831,225.525768,508.768181,-241.597303,228.818013,507.611750,-101.574724,214.182669,499.652617,-193.922361,244.289020,499.110270,-199.772678,239.517814,496.044334,-226.150294,268.663725,488.622025,-22.929793,207.028471,426.565902,-146.258834,321.928513,511.607317,29.824584,215.429582,354.204386,-137.460065,375.657329,532.172018,-38.570685,212.584485,297.141892,-188.169826,394.887604,539.613280,-50.798597,209.248966,276.455858,-203.518074,396.913894,540.600036,-86.413261,211.006677,275.379721,-241.304596,389.837061,536.482909,-57.764832,213.649941,282.866102,-203.854155,305.088813,349.408616,29.286719,259.062263,337.743297,-29.484018,341.611863,263.557405,-98.677429,250.136455,246.828832,-166.868087,333.549584,173.176887,50.023903,230.993030,161.901538,-19.015774,319.494094,164.662430,57.391825,225.565860,154.444238,-8.858943,347.946805,135.721024,-57.547196,233.535845,128.931761,-125.432796
0.000000,0.000000,0.000000,0.000000,0.000000,0.000000,0.000000,0.000000,0.000000,0.000000,0.000000,0.000000,0.000000,0.000000,0.000000,0.000000,0.000000,0.000000,0.000000,0.000000,0.000000,0.000000,0.000000,0.000000,0.000000,0.000000,0.000000,0.000000,0.000000,0.000000,0.000000,0.000000,0.000000,0.000000,0.000000,0.000000,0.000000,0.000000,0.000000,0.000000,0.000000,0.000000,0.000000,0.000000,0.000000,0.000000,0.000000,0.000000,0.000000,0.000000,0.000000,0.000000,240.763008,508.255277,-244.047482,234.527377,514.670113,-220.756588,234.749252,514.970185,-220.793453,234.897371,515.280707,-220.843187,230.660049,512.629408,-240.747708,227.976810,511.377818,-240.781127,224.747840,509.867473,-240.802755,228.359112,508.755257,-100.588504,213.464621,500.582442,-191.222737,243.674985,500.392422,-199.384277,238.866674,497.190514,-225.270736,268.396693,489.972809,-21.190542,206.957761,427.693237,-143.668568,321.866724,512.506876,31.835940,215.519858,355.170751,-134.820884,375.844685,532.968023,-35.264753,212.738619,298.073451,-187.000481,395.114455,540.382431,-47.378085,209.410594,277.375553,-202.605762,397.118097,541.385611,-83.082630,211.135968,276.323534,-240.638543,390.043228,537.264333,-54.404487,213.761038,283.781569,-202.834791,305.088402,350.461594,28.871622,259.009678,339.081315,-29.057637,340.858844,264.176654,-99.252399,250.244470,248.344882,-175.092333,331.251069,173.243250,49.091552,231.015324,162.526009,-28.718502,317.021862,164.866916,56.403457,225.658584,154.988146,-18.848071,345.604846,135.554936,-58.369609,233.576626,128.920146,-135.095469
0.000000,0.000000,0.000000,0.000000,0.000000,0.000000,0.000000,0.000000,0.000000,0.000000,0.000000,0.000000,0.000000,0.000000,0.000000,0.000000,0.000000,0.000000,0.000000,0.000000,0.000000,0.000000,0.000000,0.000000,0.000000,0.000000,0.000000,0.000000,0.000000,0.000000,0.000000,0.000000,0.000000,0.000000,0.000000,0.000000,0.000000,0.000000,0.000000,0.000000,0.000000,0.000000,0.000000,0.000000,0.000000,0.000000,0.000000,0.000000,0.000000,0.000000,0.000000,0.000000,240.062771,509.421998,-243.871777,233.848227,515.785199,-220.457959,234.092205,516.101538,-220.495753,234.264861,516.419484,-220.546936,229.952288,513.685785,-240.029916,227.256314,512.408056,-240.062601,224.014111,510.869128,-240.082116,227.962528,509.806094,-99.801021,212.795624,501.404858,-188.453653,243.099736,501.586967,-199.116562,238.256758,498.237811,-224.450314,268.200156,491.229818,-19.617101,206.943649,428.766167,-140.990584,321.882092,513.331801,33.796389,215.652504,356.121183,-132.052541,376.078855,533.701414,-31.794125,212.917375,298.970095,-185.711158,395.389666,541.065340,-43.811472,209.602755,278.264220,-201.559141,397.368732,542.080675,-79.623192,211.294567,277.242746,-239.844394,390.294565,537.956759,-50.868967,213.894347,284.658464,-201.696099,305.081204,351.411751,28.425479,258.951183,340.349324,-28.598884,340.078794,264.683514,-99.219934,250.368177,249.842663,-184.021484,328.926367,173.297443,49.139479,231.034834,163.197248,-39.507185,314.560399,165.044928,56.436883,225.776365,155.604822,-29.926955,343.326125,135.387802,-58.028505,233.619294,128.913906,-145.926016
0.000000,0.000000,0.000000,0.000000,0.000000,0.000000,0.000000,0.000000,0.000000,0.000000,0.000000,0.000000,0.000000,0.000000,0.000000,0.000000,0.000000,0.000000,0.000000,0.000000,0.000000,0.000000,0.000000,0.000000,0.000000,0.000000,0.000000,0.000000,0.000000,0.000000,0.000000,0.000000,0.000000,0.000000,0.000000,0.000000,0.000000,0.000000,0.000000,0.000000,0.000000,0.000000,0.000000,0.000000,0.000000,0.000000,0.000000,0.000000,0.000000,0.000000,0.000000,0.000000,239.396965,510.501018,-243.790015,233.211375,516.807869,-220.282442,233.478962,517.142601,-220.321073,233.678232,517.467577,-220.373757,229.287523,514.647143,-239.386103,226.578551,513.342100,-239.418251,223.324581,511.773147,-239.435388,227.628261,510.764261,-99.212275,212.175678,502.119865,-185.615109,242.563271,502.693904,-198.969536,237.688065,499.186225,-223.689028,268.074115,492.393051,-18.209471,206.986134,429.784692,-138.224882,321.974617,514.082091,35.705931,215.827522,357.055682,-129.155037,376.359839,534.372190,-28.158801,213.120752,299.831823,-184.301854,395.713239,541.662007,-40.098758,209.825450,279.121860,-200.378209,397.665797,542.685226,-76.034946,211.482473,278.137357,-238.922148,390.591070,538.560188,-47.158272,214.049869,285.496786,-200.438077,305.067219,352.259089,27.948289,258.886779,341.547325,-28.107758,339.271714,265.077985,-98.580033,250.507577,251.322174,-193.655539,326.575478,173.339463,50.167685,231.051561,163.915255,-51.381822,312.109704,165.196466,57.492102,225.919203,156.294264,-42.095595,341.110641,135.219622,-56.523882,233.663851,128.913040,-157.924437
0.000000,0.000000,0.000000,0.000000,0.000000,0.000000,0.000000,0.000000,0.000000,0.000000,0.000000,0.000000,0.000000,0.000000,0.000000,0.000000,0.000000,0.000000,0.000000,0.000000,0.000000,0.000000,0.000000,0.000000,0.000000,0.000000,0.000000,0.000000,0.000000,0.000000,0.000000,0.000000,0.000000,0.000000,0.000000,0.000000,0.000000,0.000000,0.000000,0.000000,0.000000,0.000000,0.000000,0.000000,0.000000,0.000000,0.000000,0.000000,0.000000,0.000000,0.000000,0.000000,238.765593,511.492338,-243.802194,232.616819,517.738124,-220.230035,232.909523,518.093376,-220.269413,233.137485,518.424986,-220.323649,228.665754,515.513481,-238.816269,225.943522,514.179952,-238.848078,222.679250,512.579529,-238.862569,227.356312,511.629759,-98.822268,211.604783,502.727463,-182.707105,242.065592,503.713235,-198.943197,237.160596,500.035755,-222.986878,268.018569,493.462509,-16.967651,207.085217,430.748812,-135.371462,322.144298,514.757747,37.564567,216.044910,357.974248,-126.128371,376.687637,534.980352,-24.358782,213.348751,300.658635,-182.772571,396.085174,542.172433,-36.239942,210.078677,279.948473,-199.062967,398.009293,543.199266,-72.317893,211.699687,279.007368,-237.871805,390.932744,539.074619,-43.272401,214.227603,286.296536,-199.060727,305.046446,353.003606,27.440053,258.816465,342.675317,-27.584260,338.437604,265.360067,-97.332696,250.662670,252.783415,-203.994498,324.198402,173.369312,52.176169,231.065504,164.680029,-64.342413,309.669777,165.321529,59.569115,226.087098,157.056474,-55.353992,338.958395,135.050395,-53.855742,233.710295,128.917550,-171.090732
0.000000,0.000000,0.000000,0.000000,0.000000,0.000000,0.000000,0.000000,0.000000,0.000000,0.000000,0.000000,0.000000,0.000000,0.000000,0.000000,0.000000,0.000000,0.000000,0.000000,0.000000,0.000000,0.000000,0.000000,0.000000,0.000000,0.000000,0.000000,0.000000,0.000000,0.000000,0.000000,0.000000,0.000000,0.000000,0.000000,0.000000,0.000000,0.000000,0.000000,0.000000,0.000000,0.000000,0.000000,0.000000,0.000000,0.000000,0.000000,0.000000,0.000000,0.000000,0.000000,238.168653,512.395956,-243.908315,232.064561,518.575962,-220.300739,232.383889,518.953861,-220.340773,232.642620,519.291712,-220.396612,228.086981,516.284798,-238.320415,225.351226,514.921610,-238.352082,222.078119,513.288274,-238.363661,227.146679,512.402586,-98.630997,211.082939,503.227653,-179.729641,241.606697,504.644957,-199.037546,236.674351,500.786403,-222.343864,268.033519,494.438192,-15.891643,207.240898,431.658527,-132.430324,322.391135,515.358769,39.372295,216.304669,358.876882,-122.972545,377.062250,535.525900,-20.394066,213.601372,301.450532,-181.123309,396.505469,542.596618,-32.235024,210.362438,280.744059,-197.613414,398.399220,543.622794,-68.472032,211.946209,279.852777,-236.693366,391.319586,539.500053,-39.211355,214.427550,287.057714,-197.564048,305.018886,353.645303,26.900770,258.740243,343.733300,-27.028389,337.576464,265.529760,-95.477923,250.833456,254.226386,-215.038362,321.795138,173.386990,55.164931,231.076664,165.491572,-78.388960,307.240619,165.420117,62.667921,226.280051,157.891451,-69.702146,336.869387,134.880121,-50.024084,233.758627,128.927435,-185.424901
0.000000,0.000000,0.000000,0.000000,0.000000,0.000000,0.000000,0.000000,0.000000,0.000000,0.000000,0.000000,0.000000,0.000000,0.000000,0.000000,0.000000,0.000000,0.000000,0.000000,0.000000,0.000000,0.000000,0.000000,0.000000,0.000000,0.000000,0.000000,0.000000,0.000000,0.000000,0.000000,0.000000,0.000000,0.000000,0.000000,0.000000,0.000000,0.000000,0.000000,0.000000,0.000000,0.000000,0.000000,0.000000,0.000000,0.000000,0.000000,0.000000,0.000000,0.000000,0.000000,237.606145,513.211874,-244.108377,231.554600,519.321385,-220.494554,231.902060,519.724057,-220.535153,232.193636,520.067753,-220.592647,227.551203,516.961097,-237.898539,224.801664,515.567075,-237.930263,221.521186,513.899382,-237.938662,226.999363,513.082744,-98.638465,210.610146,503.620434,-176.682716,241.186588,505.489073,-199.252583,236.229329,501.438167,-221.759987,268.118965,495.320100,-14.981445,207.453177,432.513837,-129.401467,322.715129,515.885156,41.129117,216.606798,359.763584,-119.687556,377.483677,536.008834,-16.264654,213.878615,302.207513,-179.354066,396.974126,542.934561,-28.084006,210.676732,281.508618,-196.029551,398.835578,543.955811,-64.497365,212.222039,280.673586,-235.386830,391.751598,539.836490,-34.975133,214.649710,287.780320,-195.948041,304.984539,354.184180,26.330440,258.658111,344.721275,-26.440145,336.688293,265.587064,-93.015714,251.019936,255.651087,-226.787130,319.365687,173.392496,59.133972,231.085041,166.349883,-93.521460,304.822229,165.492231,66.788520,226.498060,158.799194,-85.140056,334.843616,134.708801,-45.028909,233.808847,128.942695,-200.926944
0.000000,0.000000,0.000000,0.000000,0.000000,0.000000,0.000000,0.000000,0.000000,0.000000,0.000000,0.000000,0.000000,0.000000,0.000000,0.000000,0.000000,0.000000,0.000000,0.000000,0.000000,0.000000,0.000000,0.000000,0.000000,0.000000,0.000000,0.000000,0.000000,0.000000,0.000000,0.000000,0.000000,0.000000,0.000000,0.000000,0.000000,0.000000,0.000000,0.000000,0.000000,0.000000,0.000000,0.000000,0.000000,0.000000,0.000000,0.000000,0.000000,0.000000,0.000000,0.000000,237.078070,513.940091,-244.402382,231.086937,519.974391,-220.811479,231.464035,520.403963,-220.852554,231.790534,520.753110,-220.911753,227.058421,517.542375,-237.550643,224.294835,516.116347,-237.582621,221.008453,514.412854,-237.587573,226.914364,513.670233,-98.844670,210.186404,503.905806,-173.566331,240.805264,506.245582,-199.588308,235.825531,501.991049,-221.235246,268.274905,496.108233,-14.237058,207.722053,433.314742,-126.284893,323.116279,516.336908,42.835032,216.951299,360.634352,-116.273407,377.951918,536.429153,-11.970546,214.180479,302.929578,-177.464844,397.491143,543.186262,-23.786886,211.021559,282.242149,-194.311377,399.318367,544.198315,-60.393890,212.527176,281.469794,-233.952198,392.228778,540.083930,-30.563736,214.894081,288.464354,-194.212704,304.943404,354.620237,25.729064,258.570070,345.639241,-25.819529,335.773091,265.531979,-89.946070,251.222108,257.057518,-239.240803,316.910048,173.385831,64.083291,231.090634,167.254962,-109.739916,302.414607,165.537871,71.930913,226.741126,159.779705,-101.667722,332.881082,134.536434,-38.870215,233.860955,128.963329,-217.596861
0.000000,0.000000,0.000000,0.000000,0.000000,0.000000,0.000000,0.000000,0.000000,0.000000,0.000000,0.000000,0.000000,0.000000,0.000000,0.000000,0.000000,0.000000,0.000000,0.000000,0.000000,0.000000,0.000000,0.000000,0.000000,0.000000,0.000000,0.000000,0.000000,0.000000,0.000000,0.000000,0.000000,0.000000,0.000000,0.000000,0.000000,0.000000,0.000000,0.000000,0.000000,0.000000,0.000000,0.000000,0.000000,0.000000,0.000000,0.000000,0.000000,0.000000,0.000000,0.000000,236.564984,513.755847,-244.823862,230.730912,519.776503,-221.609648,231.148649,520.239236,-221.651067,231.521063,520.595347,-221.713100,226.702040,517.271129,-237.087746,223.985333,515.808936,-237.117897,220.743894,514.062820,-237.118933,227.000792,513.550146,-100.939485,210.272713,503.608008,-171.175805,240.395513,506.077688,-200.409478,235.434140,501.741529,-220.467851,268.523464,496.216636,-16.933287,207.948921,433.697149,-122.957762,323.468319,516.349944,41.927154,217.128734,361.005801,-111.760951,378.244510,536.483113,-14.064659,214.460638,303.234196,-172.908417,397.791159,543.169822,-27.007113,211.277034,282.486566,-189.807831,399.600358,544.286626,-64.700011,212.776672,281.734362,-229.160347,392.442677,540.172924,-32.854490,215.214355,288.779106,-189.639063,304.815172,354.646080,24.462229,258.518985,345.704359,-24.536132,334.572008,265.244938,-86.879969,251.205738,257.402821,-236.574785,314.733530,173.367310,69.928067,231.109293,167.541162,-109.479766,300.418351,165.504993,77.989003,227.163700,160.081000,-101.599224,331.301120,134.239791,-32.215477,233.926305,128.951181,-219.467905
0.000000,0.000000,0.000000,0.000000,0.000000,0.000000,0.000000,0.000000,0.000000,0.000000,0.000000,0.000000,0.000000,0.000000,0.000000,0.000000,0.000000,0.000000,0.000000,0.000000,0.000000,0.000000,0.000000,0.000000,0.000000,0.000000,0.000000,0.000000,0.000000,0.000000,0.000000,0.000000,0.000000,0.000000,0.000000,0.000000,0.000000,0.000000,0.000000,0.000000,0.000000,0.000000,0.000000,0.000000,0.000000,0.000000,0.000000,0.000000,0.000000,0.000000,0.000000,0.000000,236.260738,513.886269,-246.029095,230.608684,519.861566,-222.825295,231.073695,520.351493,-222.865681,231.498178,520.690128,-222.928204,226.526365,517.311020,-237.636355,223.813651,515.826230,-237.666371,220.600987,514.059313,-237.663173,227.199232,513.686375,-102.195286,210.299829,503.622012,-169.165862,240.160674,506.208190,-201.632826,235.180501,501.798313,-220.797381,268.658544,496.513822,-17.588854,208.238742,434.135959,-121.091597,323.648598,516.582619,43.464052,217.382159,361.530339,-109.516462,378.440819,536.528444,-10.506177,214.755869,303.699861,-170.881673,398.003296,543.009681,-23.898106,211.609640,282.992287,-188.042289,399.871321,544.197986,-62.081389,213.108671,282.315902,-227.304372,392.705686,540.089449,-29.290835,215.520893,289.290110,-187.692228,304.660944,354.736228,23.950461,258.399557,346.001374,-24.013296,333.745474,264.913865,-84.250338,251.268642,258.104927,-240.918205,312.615652,173.251696,74.153903,231.150268,167.744706,-116.788923,298.382470,165.372359,82.363074,227.452908,160.245589,-109.240674,329.735112,134.047147,-27.018406,233.918369,128.919010,-227.843200
0.000000,0.000000,0.000000,0.000000,0.000000,0.000000,0.000000,0.000000,0.000000,0.000000,0.000000,0.000000,0.000000,0.000000,0.000000,0.000000,0.000000,0.000000,0.000000,0.000000,0.000000,0.000000,0.000000,0.000000,0.000000,0.000000,0.000000,0.000000,0.000000,0.000000,0.000000,0.000000,0.000000,0.000000,0.000000,0.000000,0.000000,0.000000,0.000000,0.000000,0.000000,0.000000,0.000000,0.000000,0.000000,0.000000,0.000000,0.000000,0.000000,0.000000,0.000000,0.000000,236.007473,513.855657,-247.235728,230.526085,519.795229,-224.024393,231.033883,520.310626,-224.063847,231.505496,520.635576,-224.126489,226.394762,517.203029,-238.198701,223.684803,515.697587,-238.228501,220.497722,513.911735,-238.221319,227.403999,513.680662,-103.425046,210.345704,503.501063,-167.352958,239.970601,506.183958,-202.861510,234.972209,501.702449,-221.169125,268.813660,496.606767,-18.386537,208.499001,434.386245,-119.351857,323.835276,516.538826,44.221738,217.604230,361.876983,-107.386207,378.611193,536.357946,-8.394381,215.016700,304.012398,-168.910686,398.176771,542.672706,-22.268557,211.906484,283.359907,-186.274978,400.084104,543.936082,-60.823080,213.404202,282.759755,-225.446938,392.916459,539.830587,-27.165464,215.793328,289.660072,-185.785456,304.492106,354.662592,23.477752,258.273031,346.119475,-23.530505,332.947742,264.453246,-81.788012,251.323721,258.624510,-244.453003,310.648831,173.087018,78.352999,231.204266,167.878915,-122.719830,296.502146,165.175666,86.722739,227.739258,160.343490,-115.442543,328.289789,133.856142,-21.867380,233.923409,128.879176,-234.642836
0.000000,0.000000,0.000000,0.000000,0.000000,0.000000,0.000000,0.000000,0.000000,0.000000,0.000000,0.000000,0.000000,0.000000,0.000000,0.000000,0.000000,0.000000,0.000000,0.000000,0.000000,0.000000,0.000000,0.000000,0.000000,0.000000,0.000000,0.000000,0.000000,0.000000,0.000000,0.000000,0.000000,0.000000,0.000000,0.000000,0.000000,0.000000,0.000000,0.000000,0.000000,0.000000,0.000000,0.000000,0.000000,0.000000,0.000000,0.000000,0.000000,0.000000,0.000000,0.000000,235.805189,513.664012,-248.443761,230.483114,519.577490,-225.206942,231.029213,520.116633,-225.245565,231.543018,520.431691,-225.307955,226.307230,516.947155,-238.774783,223.598789,515.423007,-238.804286,220.434097,513.620085,-238.793371,227.615095,513.533009,-104.628766,210.410338,503.245163,-165.737093,239.825295,506.004994,-204.095531,234.809265,501.453937,-221.583084,268.988815,496.495472,-19.326337,208.729701,434.448008,-117.738543,324.028353,516.218565,44.200210,217.794946,362.045734,-105.370185,378.755635,535.971619,-7.729269,215.243132,304.171808,-166.995456,398.311585,542.158898,-22.118466,212.167567,283.589427,-184.505898,400.238705,543.500913,-60.925086,213.663264,283.065919,-223.588045,393.074997,539.396337,-26.478375,216.031662,289.888992,-183.918749,304.308659,354.425172,23.044103,258.139407,346.058665,-23.087761,332.178810,263.863083,-79.492991,251.370974,258.961568,-247.179180,308.833066,172.873278,82.525356,231.271287,167.943789,-127.272488,294.777381,164.914916,91.067997,228.022751,160.374705,-120.204831,326.965151,133.666777,-16.762399,233.941427,128.831677,-239.866812
0.000000,0.000000,0.000000,0.000000,0.000000,0.000000,0.000000,0.000000,0.000000,0.000000,0.000000,0.000000,0.000000,0.000000,0.000000,0.000000,0.000000,0.000000,0.000000,0.000000,0.000000,0.000000,0.000000,0.000000,0.000000,0.000000,0.000000,0.000000,0.000000,0.000000,0.000000,0.000000,0.000000,0.000000,0.000000,0.000000,0.000000,0.000000,0.000000,0.000000,0.000000,0.000000,0.000000,0.000000,0.000000,0.000000,0.000000,0.000000,0.000000,0.000000,0.000000,0.000000,235.653886,513.311335,-249.653194,230.479771,519.208350,-226.372943,231.059685,519.769517,-226.410835,231.610742,520.078473,-226.472602,226.263768,516.543399,-239.364602,223.555609,515.002490,-239.393728,220.410115,513.184365,-239.379330,227.832520,513.243415,-105.806446,210.493730,502.854310,-164.318266,239.724756,505.671296,-205.334888,234.691669,501.052777,-222.039256,269.184007,496.179937,-20.408254,208.930839,434.321247,-116.251653,324.227829,515.621837,43.399470,217.954309,362.036591,-103.468398,378.874143,535.369463,-8.510843,215.435166,304.178090,-165.135983,398.407737,541.468256,-23.447834,212.392888,283.680846,-182.735050,400.335126,542.892479,-62.387406,213.885857,283.234395,-221.727694,393.181298,538.786700,-27.229568,216.235894,289.976870,-182.092105,304.110601,354.023967,22.649513,257.998686,345.818941,-22.685062,331.438679,263.143374,-77.365274,251.410401,259.116102,-249.096735,307.168357,172.610473,86.670973,231.351330,167.939329,-130.446897,293.208173,164.590108,95.398849,228.303386,160.339233,-123.527538,325.761199,133.479051,-11.703463,233.972422,128.776514,-243.515128
0.000000,0.000000,0.000000,0.000000,0.000000,0.000000,0.000000,0.000000,0.000000,0.000000,0.000000,0.000000,0.000000,0.000000,0.000000,0.000000,0.000000,0.000000,0.000000,0.000000,0.000000,0.000000,0.000000,0.000000,0.000000,0.000000,0.000000,0.000000,0.000000,0.000000,0.000000,0.000000,0.000000,0.000000,0.000000,0.000000,0.000000,0.000000,0.000000,0.000000,0.000000,0.000000,0.000000,0.000000,0.000000,0.000000,0.000000,0.000000,0.000000,0.000000,0.000000,0.000000,235.553566,512.797625,-250.864028,230.516056,518.687809,-227.522395,231.125299,519.269275,-227.559657,231.708670,519.575921,-227.620431,226.264378,515.991761,-239.968157,223.555263,514.436036,-239.996825,220.425773,512.604572,-239.979195,228.056272,512.811879,-106.958086,210.595881,502.328506,-163.096478,239.668984,505.182866,-206.579582,234.619422,500.498969,-222.537642,269.399237,495.660161,-21.632287,209.102417,434.005962,-114.891189,324.433703,514.748640,41.819517,218.082317,361.849555,-101.680844,378.966718,534.551479,-10.739103,215.592799,304.031246,-163.332266,398.465227,540.600781,-26.256659,212.582448,283.634165,-180.962433,400.373366,542.110781,-65.210041,214.071982,283.265183,-219.865885,393.235364,538.001674,-29.419044,216.406024,289.923706,-180.305525,303.897935,353.458978,22.293983,257.850867,345.400306,-22.322409,330.727349,262.294120,-75.404861,251.442002,259.088112,-250.205668,305.654705,172.298606,90.789851,231.444395,167.865534,-132.243056,291.794523,164.201242,99.715294,228.581163,160.237074,-125.410665,324.677932,133.292965,-6.690571,234.016394,128.713686,-245.587785
0.000000,0.000000,0.000000,0.000000,0.000000,0.000000,0.000000,0.000000,0.000000,0.000000,0.000000,0.000000,0.000000,0.000000,0.000000,0.000000,0.000000,0.000000,0.000000,0.000000,0.000000,0.000000,0.000000,0.000000,0.000000,0.000000,0.000000,0.000000,0.000000,0.000000,0.000000,0.000000,0.000000,0.000000,0.000000,0.000000,0.000000,0.000000,0.000000,0.000000,0.000000,0.000000,0.000000,0.000000,0.000000,0.000000,0.000000,0.000000,0.000000,0.000000,0.000000,0.000000,235.504226,512.122882,-252.076261,230.591970,518.015867,-228.655298,231.226055,518.615909,-228.692030,231.836801,518.924036,-228.751441,226.309060,515.292240,-240.585449,223.597750,513.723645,-240.613578,220.481073,511.880709,-240.592965,228.286353,512.238403,-108.083685,210.716791,501.667750,-162.071729,239.657978,504.539703,-207.829611,234.592522,499.792512,-223.078242,269.634504,494.936145,-22.998437,209.244434,433.502153,-113.657151,324.645977,513.598976,39.460351,218.178971,361.484625,-100.007523,379.033359,533.517665,-14.414048,215.716034,303.731273,-161.584307,398.484056,539.556472,-30.544943,212.736246,283.449383,-179.188047,400.353425,541.155819,-69.392990,214.221638,283.158284,-218.002616,393.237195,537.041261,-33.046803,216.542052,289.729500,-178.559010,303.670658,352.730204,21.977513,257.695950,344.802757,-21.999802,330.044820,261.315321,-73.611752,251.465777,258.877598,-250.505981,304.292110,171.937675,94.881989,231.550484,167.722405,-132.660966,290.536432,163.748319,104.017333,228.856083,160.068228,-125.854211,323.715350,133.108517,-1.723724,234.073343,128.643194,-246.084783
0.000000,0.000000,0.000000,0.000000,0.000000,0.000000,0.000000,0.000000,0.000000,0.000000,0.000000,0.000000,0.000000,0.000000,0.000000,0.000000,0.000000,0.000000,0.000000,0.000000,0.000000,0.000000,0.000000,0.000000,0.000000,0.000000,0.000000,0.000000,0.000000,0.000000,0.000000,0.000000,0.000000,0.000000,0.000000,0.000000,0.000000,0.000000,0.000000,0.000000,0.000000,0.000000,0.000000,0.000000,0.000000,0.000000,0.000000,0.000000,0.000000,0.000000,0.000000,0.000000,235.505868,511.287106,-253.289895,230.707511,517.192524,-229.771652,231.361953,517.809418,-229.807956,231.995135,518.122818,-229.865632,226.397812,514.444837,-241.216477,223.683072,512.865317,-241.243987,220.576014,511.012774,-241.220642,228.522762,511.522985,-109.183244,210.856458,500.872041,-161.244019,239.691738,503.741806,-209.084977,234.610970,498.933408,-223.661056,269.889809,494.007888,-24.506703,209.356891,432.809820,-112.549538,324.864649,512.172844,36.321973,218.244271,360.941802,-98.448437,379.074067,532.268023,-19.535678,215.804870,303.278174,-159.892104,398.464223,538.335330,-36.312684,212.854282,283.126501,-177.411892,400.275303,540.027591,-74.936253,214.334825,282.913696,-216.137890,393.186789,535.905461,-38.112844,216.643977,289.394252,-176.852558,303.428772,351.837646,21.700101,257.533936,344.026296,-21.717240,329.391091,260.206976,-71.985948,251.481726,258.484561,-249.997671,303.080570,171.527680,98.947388,231.669594,167.509941,-131.700626,289.433898,163.231337,108.304966,229.128145,159.832695,-124.858177,322.873454,132.925710,3.197078,234.143270,128.565038,-245.006121
0.000000,0.000000,0.000000,0.000000,0.000000,0.000000,0.000000,0.000000,0.000000,0.000000,0.000000,0.000000,0.000000,0.000000,0.000000,0.000000,0.000000,0.000000,0.000000,0.000000,0.000000,0.000000,0.000000,0.000000,0.000000,0.000000,0.000000,0.000000,0.000000,0.000000,0.000000,0.000000,0.000000,0.000000,0.000000,0.000000,0.000000,0.000000,0.000000,0.000000,0.000000,0.000000,0.000000,0.000000,0.000000,0.000000,0.000000,0.000000,0.000000,0.000000,0.000000,0.000000,235.558491,510.290297,-254.504929,230.862681,516.217779,-230.871457,231.532993,516.849802,-230.907434,232.183673,517.172266,-230.963004,226.530635,513.449551,-241.861242,223.811227,511.861052,-241.888051,220.710597,510.000768,-241.862225,228.765500,510.665626,-110.256763,211.014885,499.941381,-160.613347,239.770266,502.789177,-210.345679,234.674765,497.921655,-224.286084,270.165151,492.875391,-26.157086,209.439787,431.928964,-111.568350,325.089720,510.470245,32.404382,218.278217,360.221085,-97.003584,379.088841,530.802552,-26.103993,215.859306,302.671947,-158.255659,398.405729,536.937354,-43.559884,212.936557,282.665518,-175.633969,400.139000,538.726100,-81.839831,214.411543,282.531420,-214.271704,393.084148,534.594272,-44.617168,216.711801,288.917963,-175.186170,303.172276,350.781303,21.461750,257.364824,343.070922,-21.474724,328.766164,258.969087,-70.527449,251.489850,257.908999,-248.680741,302.020088,171.068622,102.986047,231.801728,167.228142,-129.362038,288.486922,162.650298,112.578192,229.397349,159.530475,-122.422562,322.152243,132.744541,8.071835,234.226173,128.479218,-242.351799
0.000000,0.000000,0.000000,0.000000,0.000000,0.000000,0.000000,0.000000,0.000000,0.000000,0.000000,0.000000,0.000000,0.000000,0.000000,0.000000,0.000000,0.000000,0.000000,0.000000,0.000000,0.000000,0.000000,0.000000,0.000000,0.000000,0.000000,0.000000,0.000000,0.000000,0.000000,0.000000,0.000000,0.000000,0.000000,0.000000,0.000000,0.000000,0.000000,0.000000,0.000000,0.000000,0.000000,0.000000,0.000000,0.000000,0.000000,0.000000,0.000000,0.000000,0.000000,0.000000,235.662096,509.132456,-255.721362,231.057479,515.091633,-231.954713,231.739175,515.737061,-231.990464,232.402413,516.072382,-232.043558,226.707530,512.306383,-242.519743,223.982217,510.710851,-242.545772,220.884821,508.844691,-242.517715,229.014566,509.666326,-111.304242,211.192069,498.875768,-160.179715,239.893560,501.681814,-211.611717,234.783909,496.757254,-224.953326,270.460531,491.538654,-27.949585,209.493122,430.859583,-110.713587,325.321190,508.491177,27.707578,218.280808,359.322474,-95.672965,379.077682,529.121252,-34.118994,215.879344,301.912593,-156.674970,398.308572,535.362545,-52.286542,212.983070,282.066435,-173.854277,399.944517,537.251343,-90.103723,214.451793,282.011456,-212.404060,392.929272,533.107696,-52.559774,216.745523,288.300631,-173.559846,302.901171,349.561175,21.262458,257.188615,341.936636,-21.272254,328.170037,257.601652,-69.236253,251.490147,257.150914,-246.555188,301.110662,170.560501,106.997967,231.946884,166.877008,-125.645199,287.695504,162.005201,116.837011,229.663696,159.161568,-118.547366,321.551718,132.565012,12.900547,234.322054,128.385733,-238.121818
0.000000,0.000000,0.000000,0.000000,0.000000,0.000000,0.000000,0.000000,0.000000,0.000000,0.000000,0.000000,0.000000,0.000000,0.000000,0.000000,0.000000,0.000000,0.000000,0.000000,0.000000,0.000000,0.000000,0.000000,0.000000,0.000000,0.000000,0.000000,0.000000,0.000000,0.000000,0.000000,0.000000,0.000000,0.000000,0.000000,0.000000,0.000000,0.000000,0.000000,0.000000,0.000000,0.000000,0.000000,0.000000,0.000000,0.000000,0.000000,0.000000,0.000000,0.000000,0.000000,235.816682,507.813582,-256.939196,231.291905,513.814087,-233.021421,231.980499,514.471196,-233.057045,232.651357,514.823164,-233.107293,226.928496,511.015333,-243.191981,224.196040,509.414712,-243.217148,221.098686,507.544543,-243.187110,229.269960,508.525085,-112.325681,211.388013,497.675204,-159.943120,240.061620,500.419719,-212.883092,234.938401,495.440206,-225.662782,270.775949,489.997676,-29.884201,209.516897,429.601679,-109.985250,325.559059,506.235642,22.231561,218.252046,358.245970,-94.456580,379.040589,527.224123,-43.580681,215.864982,301.000111,-155.150038,398.172755,533.610902,-62.492657,212.993822,281.329252,-172.072817,399.691852,535.603322,-99.727930,214.455574,281.353804,-210.534958,392.722159,531.445732,-61.940663,216.745142,287.542257,-171.973585,302.615456,348.177264,21.102225,257.005308,340.623437,-21.109830,327.602711,256.104671,-68.112362,251.482619,256.210305,-243.621015,300.352292,170.003316,110.983147,232.105062,166.456540,-120.550112,287.059644,161.296046,121.081424,229.927185,158.725974,-113.232590,321.071878,132.387122,17.683215,234.430911,128.284584,-232.316178
0.000000,0.000000,0.000000,0.000000,0.000000,0.000000,0.000000,0.000000,0.000000,0.000000,0.000000,0.000000,0.000000,0.000000,0.000000,0.000000,0.000000,0.000000,0.000000,0.000000,0.000000,0.000000,0.000000,0.000000,0.000000,0.000000,0.000000,0.000000,0.000000,0.000000,0.000000,0.000000,0.000000,0.000000,0.000000,0.000000,0.000000,0.000000,0.000000,0.000000,0.000000,0.000000,0.000000,0.000000,0.000000,0.000000,0.000000,0.000000,0.000000,0.000000,0.000000,0.000000,236.022250,506.333675,-258.158430,231.565959,512.385139,-234.071580,232.256965,513.052206,-234.107179,232.930504,513.424612,-234.154209,227.193532,509.576400,-243.877955,224.452697,507.972637,-243.902180,221.352193,506.100323,-243.870412,229.531682,507.241903,-113.321079,211.602715,496.339688,-159.903565,240.274447,499.002890,-214.159803,235.138241,493.970509,-226.414452,271.111404,488.252458,-31.960934,209.511111,428.155251,-109.383338,325.803327,503.703639,15.976332,218.191929,356.991572,-93.354428,378.977563,525.111166,-54.489052,215.816221,299.934502,-153.680863,397.998275,531.682426,-74.178231,212.968812,280.453968,-170.289588,399.381007,533.782037,-110.712451,214.422886,280.558463,-208.664397,392.462811,529.608380,-72.759835,216.710660,286.642841,-170.427389,302.315131,346.629567,20.981052,256.814903,339.131326,-20.987452,327.064185,254.478146,-67.155776,251.467265,255.087171,-239.878220,299.744979,169.397068,114.941588,232.276263,165.966737,-114.076775,286.579343,160.522833,125.311431,230.187816,158.223693,-106.478233,320.712724,132.210872,22.419838,234.552746,128.175770,-224.934878
0.000000,0.000000,0.000000,0.000000,0.000000,0.000000,0.000000,0.000000,0.000000,0.000000,0.000000,0.000000,0.000000,0.000000,0.000000,0.000000,0.000000,0.000000,0.000000,0.000000,0.000000,0.000000,0.000000,0.000000,0.000000,0.000000,0.000000,0.000000,0.000000,0.000000,0.000000,0.000000,0.000000,0.000000,0.000000,0.000000,0.000000,0.000000,0.000000,0.000000,0.000000,0.000000,0.000000,0.000000,0.000000,0.000000,0.000000,0.000000,0.000000,0.000000,0.000000,0.000000,236.278799,504.692735,-259.379064,231.879641,510.804789,-235.105190,232.568573,511.480092,-235.140864,233.239854,511.876728,-235.184307,227.502640,507.989584,-244.577665,224.752189,506.384625,-244.600867,221.645341,504.512032,-244.567620,229.799733,505.816780,-114.290438,211.836175,494.869219,-160.061049,240.532041,497.431329,-215.441850,235.383428,492.348164,-227.208336,271.466897,486.302999,-34.179783,209.475765,426.520299,-108.907851,326.053994,500.895168,8.941890,218.100458,355.559281,-92.366510,378.888604,522.782379,-66.844109,215.733061,298.715766,-152.267444,397.785134,529.577116,-87.343263,212.908040,279.440584,-168.504590,399.011981,531.787487,-123.057286,214.353729,279.625435,-206.792378,392.151227,527.595641,-85.017289,216.642075,285.602383,-168.921257,302.000197,344.918086,20.898939,256.617401,337.460301,-20.905119,326.554461,252.722076,-66.366494,251.444085,253.781514,-235.326803,299.288722,168.741756,118.873289,232.460487,165.407599,-106.225189,286.254599,159.685563,129.527031,230.445589,157.654726,-98.284295,320.474255,132.036261,27.110416,234.687558,128.059292,-215.977918
0.000000,0.000000,0.000000,0.000000,0.000000,0.000000,0.000000,0.000000,0.000000,0.000000,0.000000,0.000000,0.000000,0.000000,0.000000,0.000000,0.000000,0.000000,0.000000,0.000000,0.000000,0.000000,0.000000,0.000000,0.000000,0.000000,0.000000,0.000000,0.000000,0.000000,0.000000,0.000000,0.000000,0.000000,0.000000,0.000000,0.000000,0.000000,0.000000,0.000000,0.000000,0.000000,0.000000,0.000000,0.000000,0.000000,0.000000,0.000000,0.000000,0.000000,0.000000,0.000000,236.586329,502.890762,-260.601098,232.232952,509.073039,-236.122251,232.915324,509.754852,-236.158102,233.579407,510.179510,-236.197586,227.855820,506.254887,-245.291112,225.094514,504.650675,-245.313211,221.978130,502.779669,-245.278734,230.074112,504.249715,-115.233756,212.088394,493.263799,-160.415571,240.834401,495.705035,-216.729233,235.673964,490.573171,-228.044434,271.842428,484.149300,-36.540749,209.410858,424.696824,-108.558790,326.311060,497.810229,1.128235,217.977632,353.949096,-91.492826,378.773711,520.237764,-80.645852,215.615501,297.343903,-150.909783,397.533332,527.294973,-101.987754,212.811507,278.289099,-166.717824,398.584774,529.619672,-136.762436,214.248104,278.554719,-204.918899,391.787408,525.407514,-98.713026,216.539389,284.420884,-167.455188,301.670652,343.042821,20.855885,256.412801,335.610365,-20.862832,326.073537,250.836460,-65.744516,251.413079,252.293333,-229.966765,298.983521,168.037381,122.778251,232.657733,164.779127,-96.995353,286.085413,158.784235,133.728225,230.700505,157.019071,-88.650776,320.356471,131.863289,31.754949,234.835347,127.935150,-205.445299
0.000000,0.000000,0.000000,0.000000,0.000000,0.000000,0.000000,0.000000,0.000000,0.000000,0.000000,0.000000,0.000000,0.000000,0.000000,0.000000,0.000000,0.000000,0.000000,0.000000,0.000000,0.000000,0.000000,0.000000,0.000000,0.000000,0.000000,0.000000,0.000000,0.000000,0.000000,0.000000,0.000000,0.000000,0.000000,0.000000,0.000000,0.000000,0.000000,0.000000,0.000000,0.000000,0.000000,0.000000,0.000000,0.000000,0.000000,0.000000,0.000000,0.000000,0.000000,0.000000,236.944841,500.927757,-261.824532,232.625890,507.189888,-237.122763,233.297216,507.876488,-237.158891,233.949164,508.332959,-237.194046,228.253070,504.372307,-246.018296,225.479673,502.770789,-246.039210,222.350561,500.903236,-246.003754,230.354820,502.540710,-116.151034,212.359371,491.523427,-160.967132,241.181528,493.824007,-218.021953,236.009847,488.645530,-228.922746,272.237996,481.791361,-39.043831,209.316390,422.684824,-108.336154,326.574524,494.448823,-7.464633,217.823453,352.161018,-90.733375,378.632885,517.477320,-95.894279,215.463543,295.818912,-149.607879,397.242868,524.835996,-118.111702,212.679212,276.999513,-164.929288,398.099387,527.278593,-151.827900,214.106010,277.346314,-203.043963,391.371353,523.043999,-113.847045,216.402600,283.098342,-166.029184,301.326499,341.003771,20.851890,256.201103,333.581515,-20.860591,325.621414,248.821299,-65.289843,251.374247,250.622628,-223.798105,298.829378,167.283942,126.656473,232.868002,164.081320,-86.387268,286.071785,157.818849,137.915012,230.952563,156.316730,-77.577677,320.359372,131.691957,36.353438,234.996113,127.803344,-193.337021
0.000000,0.000000,0.000000,0.000000,0.000000,0.000000,0.000000,0.000000,0.000000,0.000000,0.000000,0.000000,0.000000,0.000000,0.000000,0.000000,0.000000,0.000000,0.000000,0.000000,0.000000,0.000000,0.000000,0.000000,0.000000,0.000000,0.000000,0.000000,0.000000,0.000000,0.000000,0.000000,0.000000,0.000000,0.000000,0.000000,0.000000,0.000000,0.000000,0.000000,0.000000,0.000000,0.000000,0.000000,0.000000,0.000000,0.000000,0.000000,0.000000,0.000000,0.000000,0.000000,237.354334,498.803718,-263.049366,233.058457,505.155335,-238.106727,233.714250,505.845000,-238.143233,234.349124,506.337074,-238.173687,228.694391,502.341844,-246.759216,225.907666,500.744966,-246.778865,222.762633,498.882731,-246.742680,230.641855,500.689763,-117.042271,212.649107,489.648102,-161.715731,241.573422,491.788247,-219.320009,236.391078,486.565240,-229.843271,272.653602,479.229181,-41.689030,209.192361,420.484301,-108.239943,326.844388,490.810949,-16.836713,217.637919,350.195045,-90.088159,378.466125,514.501047,-112.589392,215.277185,294.140793,-148.361731,396.913742,522.200186,-135.715108,212.511156,275.571828,-163.138985,397.555818,524.764250,-168.253678,213.927447,276.000222,-201.167568,390.903062,520.505097,-130.419347,216.231710,281.634758,-164.643243,300.967735,338.800937,20.886955,255.982308,331.373754,-20.898395,325.198092,246.676593,-65.002473,251.327589,248.769399,-216.820824,298.826290,166.481440,130.507956,233.091293,163.314179,-74.400933,286.213715,156.789405,142.087393,231.201764,155.547701,-65.064998,320.482960,131.522264,40.905882,235.169856,127.663873,-179.653083
0.000000,0.000000,0.000000,0.000000,0.000000,0.000000,0.000000,0.000000,0.000000,0.000000,0.000000,0.000000,0.000000,0.000000,0.000000,0.000000,0.000000,0.000000,0.000000,0.000000,0.000000,0.000000,0.000000,0.000000,0.000000,0.000000,0.000000,0.000000,0.000000,0.000000,0.000000,0.000000,0.000000,0.000000,0.000000,0.000000,0.000000,0.000000,0.000000,0.000000,0.000000,0.000000,0.000000,0.000000,0.000000,0.000000,0.000000,0.000000,0.000000,0.000000,0.000000,0.000000,237.520121,497.179395,-257.805683,233.117772,503.599736,-232.733503,233.747004,504.266201,-232.773564,234.360300,504.799611,-232.801246,228.805838,500.777715,-241.049746,226.024245,499.177603,-241.067039,222.853009,497.305617,-241.032599,230.706371,499.012438,-112.508078,212.673259,487.910355,-156.279709,241.761282,490.138524,-214.600280,236.551555,484.846401,-224.605713,273.086637,476.502784,-39.928537,209.132843,418.424600,-104.152609,327.622672,486.763588,-22.393681,217.408570,348.321734,-86.502451,378.532913,511.425576,-124.048555,215.026973,292.527964,-144.237725,396.663929,519.673008,-147.873149,212.343665,274.091198,-158.252540,396.929638,522.260136,-179.035088,213.783154,274.520144,-195.950976,390.423203,517.970834,-141.474005,216.041198,280.086592,-160.203120,300.868529,336.490810,20.781590,255.843921,329.229000,-20.789727,324.702614,244.886067,-64.640642,251.374884,247.145063,-216.620585,298.426407,165.825634,132.994858,233.261181,163.347371,-69.918641,286.059607,156.058304,144.564830,231.317853,155.723488,-59.641108,320.246825,131.369867,44.418789,235.430781,127.526164,-171.771953
0.000000,0.000000,0.000000,0.000000,0.000000,0.000000,0.000000,0.000000,0.000000,0.000000,0.000000,0.000000,0.000000,0.000000,0.000000,0.000000,0.000000,0.000000,0.000000,0.000000,0.000000,0.000000,0.000000,0.000000,0.000000,0.000000,0.000000,0.000000,0.000000,0.000000,0.000000,0.000000,0.000000,0.000000,0.000000,0.000000,0.000000,0.000000,0.000000,0.000000,0.000000,0.000000,0.000000,0.000000,0.000000,0.000000,0.000000,0.000000,0.000000,0.000000,0.000000,0.000000,237.718545,495.348628,-259.152038,233.290647,501.864795,-234.235716,233.903603,502.534495,-234.276874,234.500495,503.099587,-234.301646,228.990355,498.992893,-242.400837,226.202341,497.368181,-242.416982,223.010398,495.467086,-242.385083,230.934727,497.309349,-114.586884,212.824513,486.038214,-156.216359,242.046990,488.322672,-216.256093,236.785143,483.017059,-226.093431,273.842860,473.885014,-43.762516,208.982460,416.542625,-103.464485,328.244135,482.876544,-37.135530,217.185011,346.535382,-85.183432,378.145097,508.742519,-150.261817,214.665168,290.977051,-142.552492,396.066587,517.496977,-175.714296,211.893813,272.557522,-156.026667,395.884345,520.180363,-205.664979,213.296521,272.983929,-193.700469,389.412522,515.814064,-167.471400,215.601481,278.537605,-158.440567,300.622483,334.421547,20.269346,255.702743,327.247399,-20.273276,324.201306,243.245368,-64.773611,251.402356,245.364031,-209.454711,298.455839,165.177763,137.209189,233.478940,162.984781,-55.682338,286.279465,155.231339,149.243392,231.584592,155.351251,-44.649479,320.534281,131.236072,49.297499,235.713013,127.445803,-155.093577
0.000000,0.000000,0.000000,0.000000,0.000000,0.000000,0.000000,0.000000,0.000000,0.000000,0.000000,0.000000,0.000000,0.000000,0.000000,0.000000,0.000000,0.000000,0.000000,0.000000,0.000000,0.000000,0.000000,0.000000,0.000000,0.000000,0.000000,0.000000,0.000000,0.000000,0.000000,0.000000,0.000000,0.000000,0.000000,0.000000,0.000000,0.000000,0.000000,0.000000,0.000000,0.000000,0.000000,0.000000,0.000000,0.000000,0.000000,0.000000,0.000000,0.000000,0.000000,0.000000,237.952249,493.688916,-260.400747,233.502186,500.287141,-235.652906,234.106722,500.958802,-235.694790,234.695043,501.551817,-235.717046,229.200681,497.371191,-243.642124,226.406015,495.723919,-243.657143,223.198980,493.796924,-243.627829,231.236383,495.759272,-116.528624,213.040255,484.332495,-156.035438,242.375812,486.671627,-217.781923,237.057058,481.364799,-227.425947,274.647917,471.482422,-47.234004,208.891076,414.864290,-102.721668,328.956581,479.258734,-51.116397,216.966579,344.948843,-83.938649,377.584692,506.351612,-175.199719,214.305864,289.609782,-141.065405,395.201044,515.599019,-202.221247,211.426816,271.204321,-154.076088,394.581656,518.355872,-230.890671,212.800166,271.620106,-191.675978,388.167874,513.906390,-192.141826,215.158715,277.165911,-156.861046,300.421697,332.523303,19.803540,255.577264,325.435423,-19.803793,323.847410,241.774563,-65.334817,251.426101,243.717811,-202.972524,298.521311,164.623289,140.742561,233.681120,162.670275,-42.551906,286.504759,154.548608,153.274228,231.823335,155.054841,-30.816363,320.785175,131.106740,53.484087,235.981225,127.375466,-139.675546
0.000000,0.000000,0.000000,0.000000,0.000000,0.000000,0.000000,0.000000,0.000000,0.000000,0.000000,0.000000,0.000000,0.000000,0.000000,0.000000,0.000000,0.000000,0.000000,0.000000,0.000000,0.000000,0.000000,0.000000,0.000000,0.000000,0.000000,0.000000,0.000000,0.000000,0.000000,0.000000,0.000000,0.000000,0.000000,0.000000,0.000000,0.000000,0.000000,0.000000,0.000000,0.000000,0.000000,0.000000,0.000000,0.000000,0.000000,0.000000,0.000000,0.000000,0.000000,0.000000,238.221231,492.200261,-261.551810,233.752387,498.866774,-236.985073,234.356362,499.539119,-237.027312,234.943946,500.156302,-237.047447,229.436817,495.912609,-244.773606,226.635265,494.244817,-244.787524,223.418754,492.295132,-244.760837,231.611337,494.362207,-118.333299,213.320487,482.793198,-155.736945,242.747750,485.185389,-219.177770,237.367301,479.889620,-228.603262,275.501807,469.295007,-50.343003,208.858693,413.389594,-101.924158,329.760011,475.910157,-64.336283,216.753275,343.562118,-82.768101,376.851700,504.252856,-198.862261,213.949059,288.426156,-139.776464,394.067301,513.979133,-227.394004,210.942676,270.031597,-152.400803,393.021572,516.786665,-254.712166,212.294089,270.428673,-189.877503,386.689261,512.247813,-215.485281,214.712900,275.971510,-155.464557,300.266173,330.796077,19.384172,255.467485,323.793071,-19.381277,323.640928,240.473654,-66.324259,251.446119,242.206401,-197.174025,298.622825,164.162214,143.594974,233.867722,162.403853,-30.527344,286.735489,154.010108,156.657339,232.034082,154.834258,-18.141760,320.999507,130.981871,56.978551,236.235418,127.315153,-125.517862
0.000000,0.000000,0.000000,0.000000,0.000000,0.000000,0.000000,0.000000,0.000000,0.000000,0.000000,0.000000,0.000000,0.000000,0.000000,0.000000,0.000000,0.000000,0.000000,0.000000,0.000000,0.000000,0.000000,0.000000,0.000000,0.000000,0.000000,0.000000,0.000000,0.000000,0.000000,0.000000,0.000000,0.000000,0.000000,0.000000,0.000000,0.000000,0.000000,0.000000,0.000000,0.000000,0.000000,0.000000,0.000000,0.000000,0.000000,0.000000,0.000000,0.000000,0.000000,0.000000,238.525492,490.882661,-262.605226,234.041251,497.603695,-238.232217,234.652523,498.275449,-238.274439,235.247203,498.913042,-238.292849,229.698761,494.617147,-245.795283,226.890092,492.930876,-245.808124,223.669721,490.961711,-245.784107,232.059590,493.118154,-120.000908,213.665206,481.420323,-155.320880,243.162803,483.863958,-220.443634,237.715870,478.591522,-229.625375,276.404531,467.322769,-53.089511,208.885309,412.118539,-101.071955,330.654425,472.830813,-76.795187,216.545098,342.375206,-81.671789,375.946121,502.446251,-221.249442,213.594754,287.426173,-138.685669,392.665357,512.637322,-251.232566,210.441390,269.039348,-151.000813,391.204092,515.472741,-277.129462,211.778289,269.409631,-188.305043,384.976682,510.838333,-237.501767,214.264037,274.954403,-154.251099,300.155908,329.239869,19.011243,255.373405,322.320343,-19.005729,323.581858,239.342640,-67.741938,251.462411,240.829802,-192.059213,298.760380,163.794538,145.766427,234.038745,162.185515,-19.608653,286.971653,153.615841,159.392725,232.216832,154.689502,-6.625669,321.177277,130.861464,59.780893,236.475592,127.264863,-112.620524
0.000000,0.000000,0.000000,0.000000,0.000000,0.000000,0.000000,0.000000,0.000000,0.000000,0.000000,0.000000,0.000000,0.000000,0.000000,0.000000,0.000000,0.000000,0.000000,0.000000,0.000000,0.000000,0.000000,0.000000,0.000000,0.000000,0.000000,0.000000,0.000000,0.000000,0.000000,0.000000,0.000000,0.000000,0.000000,0.000000,0.000000,0.000000,0.000000,0.000000,0.000000,0.000000,0.000000,0.000000,0.000000,0.000000,0.000000,0.000000,0.000000,0.000000,0.000000,0.000000,238.865033,489.736117,-263.560997,234.368777,496.497902,-239.394338,234.995205,497.167790,-239.436173,235.604814,497.822036,-239.453251,229.986515,493.484806,-246.707156,227.170496,491.782095,-246.718943,223.951881,489.796659,-246.697639,232.581142,492.027113,-121.531451,214.074414,480.213871,-154.787244,243.620971,482.707334,-221.579515,238.102767,477.470505,-230.492286,277.356089,465.565708,-55.473529,208.970924,411.051123,-100.165059,331.639822,470.020703,-88.493109,216.342048,341.388107,-80.649713,374.867953,500.931797,-242.361263,213.242949,286.609833,-137.793019,390.995212,511.573583,-273.736933,209.922960,268.227576,-149.876118,389.129218,514.414100,-298.142561,211.252767,268.562980,-186.958599,383.030138,509.677949,-258.191284,213.812124,274.114588,-153.220672,300.090905,327.854680,18.684752,255.295024,321.017239,-18.677149,323.670201,238.381521,-69.587853,251.474975,239.588014,-187.628088,298.933975,163.520260,147.256920,234.194191,162.015261,-9.795833,287.213253,153.365806,161.480385,232.371587,154.620572,3.731908,321.318485,130.745520,61.891112,236.701746,127.224597,-100.983533
0.000000,0.000000,0.000000,0.000000,0.000000,0.000000,0.000000,0.000000,0.000000,0.000000,0.000000,0.000000,0.000000,0.000000,0.000000,0.000000,0.000000,0.000000,0.000000,0.000000,0.000000,0.000000,0.000000,0.000000,0.000000,0.000000,0.000000,0.000000,0.000000,0.000000,0.000000,0.000000,0.000000,0.000000,0.000000,0.000000,0.000000,0.000000,0.000000,0.000000,0.000000,0.000000,0.000000,0.000000,0.000000,0.000000,0.000000,0.000000,0.000000,0.000000,0.000000,0.000000,239.239852,488.760628,-264.419121,234.734967,495.549396,-240.471436,235.384407,496.216142,-240.512512,236.016779,496.883285,-240.528654,230.300078,492.515584,-247.509225,227.476476,490.798474,-247.519981,224.265234,488.799978,-247.501433,233.175993,491.089084,-122.924928,214.548111,479.173841,-154.136036,244.122254,481.715516,-222.585414,238.527992,476.526570,-231.203996,278.356481,464.023825,-57.495058,209.115540,410.187347,-99.203469,332.716202,467.479825,-99.430050,216.144126,340.600822,-79.701872,373.617198,499.709493,-262.197723,212.893643,285.977137,-137.098515,389.056867,510.787917,-294.907105,209.387386,267.596279,-149.026716,386.796948,513.610743,-317.751462,210.717523,267.888720,-185.838171,380.849628,508.766662,-277.553831,213.357163,273.452066,-152.373277,300.071162,326.640509,18.404700,255.232342,319.883760,-18.395537,323.905957,237.590297,-71.862004,251.483813,238.481037,-183.880651,299.143612,163.339381,148.066454,234.334057,161.893091,-1.088882,287.460288,153.260004,162.920321,232.498346,154.627470,12.930973,321.423131,130.634038,63.309208,236.913881,127.194354,-90.606887
0.000000,0.000000,0.000000,0.000000,0.000000,0.000000,0.000000,0.000000,0.000000,0.000000,0.000000,0.000000,0.000000,0.000000,0.000000,0.000000,0.000000,0.000000,0.000000,0.000000,0.000000,0.000000,0.000000,0.000000,0.000000,0.000000,0.000000,0.000000,0.000000,0.000000,0.000000,0.000000,0.000000,0.000000,0.000000,0.000000,0.000000,0.000000,0.000000,0.000000,0.000000,0.000000,0.000000,0.000000,0.000000,0.000000,0.000000,0.000000,0.000000,0.000000,0.000000,0.000000,239.649951,487.956196,-265.179600,235.139820,494.758177,-241.463512,235.820130,495.420506,-241.503457,236.483099,496.096789,-241.519058,230.639450,491.709483,-248.201489,227.808034,489.980013,-248.211238,224.609779,487.971667,-248.195490,233.844143,490.304067,-124.181340,215.086296,478.300233,-153.367256,244.666653,480.888505,-223.461329,238.991544,475.759715,-231.760504,279.405707,462.697118,-59.154096,209.319155,409.527210,-98.187187,333.883566,465.208181,-109.606010,215.951331,340.013349,-78.828267,372.193856,498.779339,-280.758824,212.546838,285.528084,-136.602157,386.850322,510.280324,-314.743082,208.834668,267.145458,-148.452609,384.207282,513.062669,-335.956165,210.172557,267.386850,-184.943758,378.435153,508.104472,-295.589409,212.899153,272.966838,-151.708913,300.096680,325.597357,18.171086,255.185360,318.919905,-18.160892,324.289126,236.968968,-74.564392,251.488924,237.508872,-180.816901,299.389289,163.251901,148.195028,234.458346,161.819006,6.512197,287.712759,153.298434,163.712531,232.597108,154.710195,20.971526,321.491216,130.527019,64.035181,237.111997,127.174135,-81.490588
0.000000,0.000000,0.000000,0.000000,0.000000,0.000000,0.000000,0.000000,0.000000,0.000000,0.000000,0.000000,0.000000,0.000000,0.000000,0.000000,0.000000,0.000000,0.000000,0.000000,0.000000,0.000000,0.000000,0.000000,0.000000,0.000000,0.000000,0.000000,0.000000,0.000000,0.000000,0.000000,0.000000,0.000000,0.000000,0.000000,0.000000,0.000000,0.000000,0.000000,0.000000,0.000000,0.000000,0.000000,0.000000,0.000000,0.000000,0.000000,0.000000,0.000000,0.000000,0.000000,240.095329,487.322819,-265.842432,235.583335,494.124245,-242.370564,236.302375,494.780881,-242.409007,237.003773,495.462547,-242.424462,231.004632,491.066502,-248.783949,228.165168,489.326713,-248.792714,224.985517,487.311725,-248.779808,234.585591,489.672063,-125.300686,215.688969,477.593047,-152.480905,245.254167,480.226301,-224.207262,239.493423,475.169942,-232.161811,280.503767,461.585589,-60.450644,209.581770,409.070714,-97.116211,335.141914,463.205770,-119.020987,215.763663,339.625691,-78.028898,370.597926,498.141337,-298.044564,212.202532,285.262674,-136.303945,384.375576,510.050804,-333.244864,208.264805,266.875114,-148.153797,381.360222,512.769878,-352.756670,209.617868,267.057372,-184.275360,375.786712,507.691379,-312.298017,212.438094,272.658903,-151.227581,300.167459,324.725223,17.983910,255.154077,318.125674,-17.973216,324.819707,236.517535,-77.695016,251.490308,236.671517,-178.436838,299.671008,163.257819,147.642643,234.567056,161.793004,13.007406,287.970665,153.481097,163.857015,232.667874,154.868747,27.853565,321.522738,130.424463,64.069031,237.296093,127.163940,-73.634635
0.000000,0.000000,0.000000,0.000000,0.000000,0.000000,0.000000,0.000000,0.000000,0.000000,0.000000,0.000000,0.000000,0.000000,0.000000,0.000000,0.000000,0.000000,0.000000,0.000000,0.000000,0.000000,0.000000,0.000000,0.000000,0.000000,0.000000,0.000000,0.000000,0.000000,0.000000,0.000000,0.000000,0.000000,0.000000,0.000000,0.000000,0.000000,0.000000,0.000000,0.000000,0.000000,0.000000,0.000000,0.000000,0.000000,0.000000,0.000000,0.000000,0.000000,0.000000,0.000000,240.575986,486.860498,-266.407618,236.065514,493.647600,-243.192593,236.831139,494.297269,-243.229164,237.578800,494.980559,-243.244867,231.395622,490.586640,-249.256605,228.547880,488.838572,-249.264410,225.392447,486.820154,-249.254389,235.400339,489.193070,-126.282967,216.356131,477.052284,-151.476982,245.884797,479.728904,-224.823211,240.033629,474.757250,-232.407916,281.650660,460.689238,-61.384702,209.903384,408.817857,-95.990542,336.491245,461.472591,-127.674983,215.581122,339.437845,-77.303764,368.829408,497.795485,-314.054943,211.860726,285.180908,-136.203879,381.632629,510.099358,-350.412451,207.677797,266.785245,-148.130279,378.255766,512.732371,-368.152977,209.053458,266.900284,-183.832979,372.904305,507.527383,-327.679655,211.973987,272.528260,-150.929280,300.283498,324.024107,17.843173,255.138493,317.501068,-17.832507,325.497702,236.235996,-81.253876,251.487965,235.968973,-176.740463,299.988768,163.357136,146.409298,234.660188,161.815087,18.396744,288.234006,153.807991,163.353775,232.710645,155.103126,33.577092,321.517699,130.326369,63.410758,237.466170,127.163768,-67.039028
0.000000,0.000000,0.000000,0.000000,0.000000,0.000000,0.000000,0.000000,0.000000,0.000000,0.000000,0.000000,0.000000,0.000000,0.000000,0.000000,0.000000,0.000000,0.000000,0.000000,0.000000,0.000000,0.000000,0.000000,0.000000,0.000000,0.000000,0.000000,0.000000,0.000000,0.000000,0.000000,0.000000,0.000000,0.000000,0.000000,0.000000,0.000000,0.000000,0.000000,0.000000,0.000000,0.000000,0.000000,0.000000,0.000000,0.000000,0.000000,0.000000,0.000000,0.000000,0.000000,241.091922,486.569233,-266.875158,236.586355,493.328243,-243.929599,237.406425,493.969667,-243.963926,238.208183,494.650827,-243.980272,231.812422,490.269899,-249.619456,228.956168,488.515593,-249.626324,225.830570,486.496953,-249.619231,236.288385,488.867090,-127.128181,217.087782,476.677943,-150.355487,246.558541,479.396314,-225.309178,240.612163,474.521639,-232.498819,282.846388,460.008063,-61.956270,210.283999,408.768639,-94.810180,337.931560,460.008646,-135.567998,215.403709,339.449813,-76.652866,366.888303,497.741784,-328.789963,211.521420,285.282785,-136.301958,378.621482,510.425984,-366.245843,207.073645,266.875852,-148.382055,374.893914,512.950147,-382.145086,208.479325,266.915587,-183.616613,369.787933,507.612483,-341.734324,211.506830,272.574911,-150.814010,300.444798,323.494010,17.748874,255.138608,317.046085,-17.738765,326.323109,236.124353,-85.240972,251.481895,235.401240,-175.727775,300.342568,163.549851,144.494994,234.737741,161.885254,22.680212,288.502782,154.279119,162.202809,232.725419,155.413332,38.142107,321.476098,130.232737,62.060363,237.622228,127.173620,-61.703767
0.000000,0.000000,0.000000,0.000000,0.000000,0.000000,0.000000,0.000000,0.000000,0.000000,0.000000,0.000000,0.000000,0.000000,0.000000,0.000000,0.000000,0.000000,0.000000,0.000000,0.000000,0.000000,0.000000,0.000000,0.000000,0.000000,0.000000,0.000000,0.000000,0.000000,0.000000,0.000000,0.000000,0.000000,0.000000,0.000000,0.000000,0.000000,0.000000,0.000000,0.000000,0.000000,0.000000,0.000000,0.000000,0.000000,0.000000,0.000000,0.000000,0.000000,0.000000,0.000000,241.643137,486.449023,-267.245052,237.145860,493.166172,-244.581582,238.028231,493.798077,-244.613294,238.891919,494.473349,-244.630679,232.255031,490.116278,-249.872503,229.390033,488.357773,-249.878458,226.299886,486.342122,-249.874336,237.249730,488.694121,-127.836330,217.883921,476.470024,-149.116421,247.275401,479.228530,-225.665162,241.229024,474.463109,-232.434521,284.090949,459.542066,-62.165348,210.723613,408.923062,-93.575124,339.462858,458.813935,-142.700031,215.231423,339.661594,-76.076204,364.774610,497.980233,-342.249622,211.184614,285.568306,-136.598183,375.342134,511.030683,-380.745041,206.452349,267.146935,-148.909126,371.274668,513.423206,-394.732997,207.895469,267.103281,-183.626262,366.437595,507.946680,-354.462023,211.036625,272.798856,-150.881772,300.651359,323.134932,17.701013,255.154423,316.760727,-17.691992,327.295930,236.182605,-89.656305,251.472099,234.968318,-175.398775,300.732410,163.835965,141.899730,234.799716,162.003505,25.857810,288.776994,154.894478,160.404118,232.712197,155.799366,41.548608,321.397935,130.143568,60.017844,237.764267,127.193496,-57.628853
0.000000,0.000000,0.000000,0.000000,0.000000,0.000000,0.000000,0.000000,0.000000,0.000000,0.000000,0.000000,0.000000,0.000000,0.000000,0.000000,0.000000,0.000000,0.000000,0.000000,0.000000,0.000000,0.000000,0.000000,0.000000,0.000000,0.000000,0.000000,0.000000,0.000000,0.000000,0.000000,0.000000,0.000000,0.000000,0.000000,0.000000,0.000000,0.000000,0.000000,0.000000,0.000000,0.000000,0.000000,0.000000,0.000000,0.000000,0.000000,0.000000,0.000000,0.000000,0.000000,242.229631,486.499870,-267.517299,237.744027,493.161388,-245.148542,238.696558,493.782499,-245.177268,239.630009,494.448125,-245.196085,232.723449,490.125777,-250.015746,229.849475,488.365114,-250.020810,226.800395,486.355661,-250.019702,238.284375,488.674165,-128.407413,218.744548,476.428527,-147.759783,248.035376,479.225553,-225.891163,241.884213,474.581660,-232.215022,285.384344,459.291246,-62.011936,211.222227,409.281124,-92.285376,341.085140,457.888456,-149.071082,215.064265,340.073189,-75.573777,362.488330,498.510834,-354.433921,210.850307,286.037469,-137.092554,371.794585,511.913456,-393.910043,205.813908,267.598494,-149.711490,367.398026,514.151548,-405.916711,207.301892,267.463365,-183.861928,362.853292,508.529974,-365.862753,210.563371,273.200093,-151.132566,300.903180,322.946872,17.699590,255.185937,316.644993,-17.692186,328.416163,236.410752,-94.499874,251.458576,234.670208,-175.753462,301.158292,164.215477,138.623507,234.846113,162.169839,27.929536,289.056641,155.654070,157.957702,232.670979,156.261226,43.796597,321.283210,130.058862,57.283203,237.892286,127.223395,-54.814284
0.000000,0.000000,0.000000,0.000000,0.000000,0.000000,0.000000,0.000000,0.000000,0.000000,0.000000,0.000000,0.000000,0.000000,0.000000,0.000000,0.000000,0.000000,0.000000,0.000000,0.000000,0.000000,0.000000,0.000000,0.000000,0.000000,0.000000,0.000000,0.000000,0.000000,0.000000,0.000000,0.000000,0.000000,0.000000,0.000000,0.000000,0.000000,0.000000,0.000000,0.000000,0.000000,0.000000,0.000000,0.000000,0.000000,0.000000,0.000000,0.000000,0.000000,0.000000,0.000000,242.851405,486.721772,-267.691901,238.380857,493.313891,-245.630480,239.411406,493.922932,-245.655847,240.422454,494.575156,-245.676493,233.217677,490.298397,-250.049184,230.334494,488.537615,-250.053382,227.332096,486.537570,-250.055331,239.392318,488.807220,-128.841431,219.669664,476.553453,-146.285573,248.838466,479.387383,-225.987181,242.577729,474.877293,-231.840320,286.726573,459.255603,-61.496034,211.779840,409.842826,-90.940934,342.798405,457.232210,-154.681152,214.902234,340.684596,-75.145586,360.029461,499.333584,-365.342860,210.518500,286.690276,-137.785071,367.978837,513.074301,-405.740850,205.158323,268.230529,-150.789150,363.263989,515.135174,-415.696226,206.698592,267.995841,-184.323608,359.035023,509.362364,-375.936513,210.087068,273.778623,-151.566391,301.200262,322.929830,17.744606,255.233150,316.698884,-17.739348,329.683809,236.808795,-99.771680,251.441326,234.506908,-176.791836,301.620216,164.688388,134.666324,234.876932,162.384258,28.895393,289.341723,156.557895,154.863560,232.601765,156.798913,44.886073,321.131923,129.978618,53.856439,238.006286,127.263318,-53.260062
0.000000,0.000000,0.000000,0.000000,0.000000,0.000000,0.000000,0.000000,0.000000,0.000000,0.000000,0.000000,0.000000,0.000000,0.000000,0.000000,0.000000,0.000000,0.000000,0.000000,0.000000,0.000000,0.000000,0.000000,0.000000,0.000000,0.000000,0.000000,0.000000,0.000000,0.000000,0.000000,0.000000,0.000000,0.000000,0.000000,0.000000,0.000000,0.000000,0.000000,0.000000,0.000000,0.000000,0.000000,0.000000,0.000000,0.000000,0.000000,0.000000,0.000000,0.000000,0.000000,243.508457,487.114730,-267.768856,239.056350,493.623681,-246.027394,240.172775,494.219377,-246.049033,241.269253,494.854442,-246.071901,233.737713,490.634136,-249.972817,230.845089,488.875276,-249.976172,227.894990,486.887849,-249.981222,240.573560,489.093288,-129.138383,220.659268,476.844801,-144.693792,249.684672,479.714020,-225.953216,243.309572,475.350006,-231.310417,288.117636,459.435138,-60.617642,212.396454,410.608167,-89.541799,344.602654,456.845198,-159.530240,214.745330,341.495818,-74.791630,357.398006,500.448486,-374.976438,210.189193,287.526727,-138.675734,363.894887,514.513220,-416.237463,204.485594,269.043040,-152.142104,358.872556,516.374083,-424.071544,206.085570,268.700707,-185.011305,354.982788,510.443851,-384.683304,209.607717,274.534447,-152.183247,301.542605,323.083807,17.836061,255.296062,316.922399,-17.833478,331.098868,237.376732,-105.471721,251.420349,234.478419,-178.513898,302.118181,165.254698,130.028182,234.892172,162.646762,28.755378,289.632240,157.605951,151.121694,232.504555,157.412427,44.817036,320.944074,129.902837,49.737552,238.106266,127.313264,-52.966186
0.000000,0.000000,0.000000,0.000000,0.000000,0.000000,0.000000,0.000000,0.000000,0.000000,0.000000,0.000000,0.000000,0.000000,0.000000,0.000000,0.000000,0.000000,0.000000,0.000000,0.000000,0.000000,0.000000,0.000000,0.000000,0.000000,0.000000,0.000000,0.000000,0.000000,0.000000,0.000000,0.000000,0.000000,0.000000,0.000000,0.000000,0.000000,0.000000,0.000000,0.000000,0.000000,0.000000,0.000000,0.000000,0.000000,0.000000,0.000000,0.000000,0.000000,0.000000,0.000000,244.200788,487.678744,-267.748165,239.770506,494.090758,-246.339285,240.980665,494.671833,-246.356824,242.170406,495.285982,-246.382310,234.283559,491.132996,-249.786647,231.381262,489.378097,-249.789182,228.489077,487.406498,-249.797375,241.828100,489.532368,-129.298269,221.713361,477.302571,-142.984439,250.573993,480.205463,-225.789268,244.079743,475.999801,-230.625313,289.557533,459.829849,-59.376760,213.072067,411.577149,-88.087971,346.497886,456.727419,-163.618346,214.593553,342.506852,-74.511911,354.593962,501.855538,-383.334656,209.862386,288.546821,-139.764543,359.542737,516.230212,-425.399880,203.795720,270.036027,-153.770352,354.223729,517.868276,-431.042663,205.462826,269.577964,-185.925017,350.696588,511.774435,-392.103125,209.125316,275.467563,-152.983135,301.930208,323.408802,17.973953,255.374674,317.315538,-17.974575,332.661339,238.114565,-111.600000,251.395646,234.584741,-180.919647,302.652186,165.914406,124.709080,234.891834,162.957349,27.509494,289.928193,158.798241,146.732101,232.379349,158.101768,43.589487,320.719663,129.831518,44.926542,238.192228,127.373234,-53.932657
0.000000,0.000000,0.000000,0.000000,0.000000,0.000000,0.000000,0.000000,0.000000,0.000000,0.000000,0.000000,0.000000,0.000000,0.000000,0.000000,0.000000,0.000000,0.000000,0.000000,0.000000,0.000000,0.000000,0.000000,0.000000,0.000000,0.000000,0.000000,0.000000,0.000000,0.000000,0.000000,0.000000,0.000000,0.000000,0.000000,0.000000,0.000000,0.000000,0.000000,0.000000,0.000000,0.000000,0.000000,0.000000,0.000000,0.000000,0.000000,0.000000,0.000000,0.000000,0.000000,245.136996,488.020615,-266.989691,240.848353,494.357504,-245.672889,242.186064,494.921900,-245.687646,243.501178,495.518674,-245.713735,235.161566,491.478982,-248.811987,232.293271,489.752846,-248.814250,229.504055,487.813283,-248.824046,243.383727,489.734674,-128.175104,223.155484,477.756755,-142.652007,251.617889,480.567388,-224.693446,244.999560,476.322446,-228.949219,290.606841,460.474377,-56.097587,214.171517,412.424759,-88.848880,348.428689,457.357978,-160.302202,214.466067,343.535842,-76.675698,352.233369,503.100568,-377.452993,209.824010,289.713774,-142.579232,355.432023,518.070578,-419.269238,203.759333,271.419937,-157.520612,350.077268,519.342503,-422.659677,205.548443,270.833289,-188.306581,347.102446,513.207406,-385.229053,209.217352,276.721241,-155.163702,302.273541,323.875100,18.633474,255.291068,317.562755,-18.644639,334.732085,238.468330,-118.942741,251.391444,234.874524,-188.861197,302.709687,166.459481,114.946088,234.928665,163.120108,19.832682,289.891944,160.088108,136.751533,232.290510,158.881564,36.280809,320.342561,129.737449,35.670075,238.225132,127.441340,-60.280685
0.000000,0.000000,0.000000,0.000000,0.000000,0.000000,0.000000,0.000000,0.000000,0.000000,0.000000,0.000000,0.000000,0.000000,0.000000,0.000000,0.000000,0.000000,0.000000,0.000000,0.000000,0.000000,0.000000,0.000000,0.000000,0.000000,0.000000,0.000000,0.000000,0.000000,0.000000,0.000000,0.000000,0.000000,0.000000,0.000000,0.000000,0.000000,0.000000,0.000000,0.000000,0.000000,0.000000,0.000000,0.000000,0.000000,0.000000,0.000000,0.000000,0.000000,0.000000,0.000000,246.138584,489.088846,-266.801964,241.819518,495.319358,-245.524878,243.202160,495.865062,-245.536104,244.567323,496.446726,-245.561062,236.091195,492.494996,-248.796606,233.251900,490.786078,-248.800244,230.527149,488.874776,-248.810093,244.656489,490.688741,-127.522467,224.382744,478.668781,-141.796635,252.634650,481.569543,-224.163559,245.973808,477.417597,-228.484973,292.035835,461.452304,-53.691999,215.268102,413.757384,-88.652898,350.425993,458.122792,-162.187473,214.505286,345.088401,-78.300218,349.834396,505.070574,-380.593871,209.843747,291.365362,-144.955362,351.085178,520.355297,-422.844794,203.499542,273.176942,-160.557161,345.587614,521.416436,-423.973391,205.451807,272.455142,-190.198426,343.252931,515.118549,-387.426841,209.196099,278.389112,-157.042624,303.076050,324.596289,19.350888,255.599057,318.310324,-19.373726,336.676155,239.340107,-126.233594,251.355698,235.232168,-191.024304,303.429385,167.327200,106.262960,234.869906,163.362126,16.673015,290.368700,161.496653,127.752810,231.936851,159.525882,32.997701,320.221560,129.762216,27.255837,238.184647,127.380042,-64.166898
0.000000,0.000000,0.000000,0.000000,0.000000,0.000000,0.000000,0.000000,0.000000,0.000000,0.000000,0.000000,0.000000,0.000000,0.000000,0.000000,0.000000,0.000000,0.000000,0.000000,0.000000,0.000000,0.000000,0.000000,0.000000,0.000000,0.000000,0.000000,0.000000,0.000000,0.000000,0.000000,0.000000,0.000000,0.000000,0.000000,0.000000,0.000000,0.000000,0.000000,0.000000,0.000000,0.000000,0.000000,0.000000,0.000000,0.000000,0.000000,0.000000,0.000000,0.000000,0.000000,247.190020,490.235189,-267.028889,242.844374,496.368225,-245.804675,244.263914,496.898120,-245.812452,245.670469,497.467499,-245.835972,237.091363,493.591481,-249.192385,234.283795,491.899405,-249.197513,231.620244,490.015615,-249.207480,245.945205,491.734342,-127.377421,225.652869,479.672352,-141.449336,253.685696,482.653566,-224.084401,246.996254,478.580551,-228.458775,293.471377,462.530355,-51.989779,216.435682,415.143595,-88.758848,352.334319,459.266727,-164.436387,214.701127,346.672939,-80.050697,347.623276,507.298979,-383.811242,210.008631,293.026054,-147.346038,347.061879,522.855856,-426.460198,203.407299,274.929507,-163.521699,341.437069,523.713885,-425.541216,205.504406,274.088477,-192.109907,339.710556,517.268884,-389.793534,209.318358,280.066630,-158.967058,303.976783,325.416694,19.956345,256.037141,319.155843,-19.990859,338.542364,240.264823,-132.725726,251.389856,235.660236,-192.198924,304.409572,168.164157,98.248962,234.822117,163.587990,14.156211,291.153328,162.793222,119.381960,231.622974,160.089903,30.309687,320.454079,129.846566,19.246462,238.133582,127.360928,-67.631207
0.000000,0.000000,0.000000,0.000000,0.000000,0.000000,0.000000,0.000000,0.000000,0.000000,0.000000,0.000000,0.000000,0.000000,0.000000,0.000000,0.000000,0.000000,0.000000,0.000000,0.000000,0.000000,0.000000,0.000000,0.000000,0.000000,0.000000,0.000000,0.000000,0.000000,0.000000,0.000000,0.000000,0.000000,0.000000,0.000000,0.000000,0.000000,0.000000,0.000000,0.000000,0.000000,0.000000,0.000000,0.000000,0.000000,0.000000,0.000000,0.000000,0.000000,0.000000,0.000000,248.291303,491.459646,-267.670468,243.922921,497.504103,-246.512281,245.371324,498.021073,-246.516691,246.810617,498.580992,-246.538464,238.162069,494.768438,-249.999324,235.388955,493.092827,-250.006056,232.783340,491.235800,-250.016206,247.249878,492.871478,-127.739964,226.965859,480.767469,-141.610110,254.771026,483.819456,-224.455972,248.066896,479.811307,-228.870626,294.913467,463.708529,-50.990927,217.674258,416.583391,-89.166729,354.153667,460.789786,-167.048945,215.053590,348.289457,-81.927134,345.600009,509.785784,-387.105106,210.318659,294.695851,-149.751261,343.362125,525.572254,-430.115450,203.482602,276.677631,-166.414226,337.625633,526.234852,-427.363153,205.706239,275.733295,-194.041024,336.475321,519.658410,-392.329132,209.584128,281.753794,-160.937006,304.975741,326.336315,20.449845,256.605320,320.099312,-20.496039,340.330713,241.242480,-138.419135,251.493919,236.158729,-192.385059,305.650248,168.970353,90.904095,234.785297,163.797700,12.282269,292.245829,163.977814,111.638985,231.348880,160.573626,28.216766,321.040115,129.990497,11.641950,238.071935,127.383998,-70.673611
0.000000,0.000000,0.000000,0.000000,0.000000,0.000000,0.000000,0.000000,0.000000,0.000000,0.000000,0.000000,0.000000,0.000000,0.000000,0.000000,0.000000,0.000000,0.000000,0.000000,0.000000,0.000000,0.000000,0.000000,0.000000,0.000000,0.000000,0.000000,0.000000,0.000000,0.000000,0.000000,0.000000,0.000000,0.000000,0.000000,0.000000,0.000000,0.000000,0.000000,0.000000,0.000000,0.000000,0.000000,0.000000,0.000000,0.000000,0.000000,0.000000,0.000000,0.000000,0.000000,249.442433,492.762215,-268.726700,245.055160,498.726994,-247.647694,246.524392,499.233922,-247.648820,247.987767,499.787206,-247.668539,239.303314,496.025865,-251.217423,236.567382,494.366345,-251.225874,234.016436,492.535332,-251.236272,248.570505,494.100147,-128.610098,228.321713,481.954133,-142.278955,255.890641,485.067213,-225.278273,249.185735,481.109866,-229.720526,296.362104,464.986826,-50.695442,218.983829,418.076773,-89.876542,355.884036,462.691966,-170.025145,215.562675,349.937955,-83.929529,343.764595,512.530988,-390.475463,210.773834,296.374753,-152.171030,339.985916,528.504493,-433.810550,203.725453,278.421316,-169.234742,334.153306,528.979336,-429.439203,206.057306,277.389596,-195.991778,333.547226,522.287128,-395.033635,209.993409,283.450605,-162.952467,306.072923,327.355152,20.831389,257.303595,321.140731,-20.889267,342.041200,242.273077,-143.313822,251.667886,236.727646,-191.582706,307.151414,169.745788,84.228359,234.759447,163.991256,11.051189,293.646201,165.050429,104.523883,231.114568,160.977052,26.718939,321.979670,130.194010,4.442300,237.999708,127.449252,-73.294111
0.000000,0.000000,0.000000,0.000000,0.000000,0.000000,0.000000,0.000000,0.000000,0.000000,0.000000,0.000000,0.000000,0.000000,0.000000,0.000000,0.000000,0.000000,0.000000,0.000000,0.000000,0.000000,0.000000,0.000000,0.000000,0.000000,0.000000,0.000000,0.000000,0.000000,0.000000,0.000000,0.000000,0.000000,0.000000,0.000000,0.000000,0.000000,0.000000,0.000000,0.000000,0.000000,0.000000,0.000000,0.000000,0.000000,0.000000,0.000000,0.000000,0.000000,0.000000,0.000000,250.643411,494.142898,-270.197584,246.241090,500.036898,-249.210917,247.723117,500.536666,-249.208838,249.201919,501.086141,-249.226196,240.515098,497.363764,-252.846682,237.819074,495.719957,-252.856966,235.319533,493.914209,-252.867677,249.907088,495.420351,-129.987823,229.720432,483.232342,-143.455873,257.044540,486.396838,-226.551304,250.352771,482.476227,-231.008474,297.817289,466.365246,-51.103326,220.364397,419.623740,-90.888285,357.525426,464.973270,-173.364989,216.228382,351.618433,-86.057882,342.117034,515.534592,-393.922314,211.374153,298.062759,-154.605346,336.933253,531.652572,-437.545498,204.135852,280.160561,-171.983245,331.020089,531.947337,-431.769365,206.557608,279.057380,-197.962168,330.926271,525.155037,-397.907043,210.546201,285.157063,-165.013441,307.268329,328.473206,21.100976,258.131965,322.280100,-21.170541,343.673827,243.356615,-147.409786,251.911759,237.366987,-189.791867,308.913068,170.490461,78.221753,234.744567,164.168659,10.462971,295.354446,166.011068,98.036655,230.920039,161.300182,25.816205,323.272744,130.457104,-2.352486,237.916900,127.556691,-75.492706
0.000000,0.000000,0.000000,0.000000,0.000000,0.000000,0.000000,0.000000,0.000000,0.000000,0.000000,0.000000,0.000000,0.000000,0.000000,0.000000,0.000000,0.000000,0.000000,0.000000,0.000000,0.000000,0.000000,0.000000,0.000000,0.000000,0.000000,0.000000,0.000000,0.000000,0.000000,0.000000,0.000000,0.000000,0.000000,0.000000,0.000000,0.000000,0.000000,0.000000,0.000000,0.000000,0.000000,0.000000,0.000000,0.000000,0.000000,0.000000,0.000000,0.000000,0.000000,0.000000,251.894236,495.601694,-272.083122,247.480711,501.433814,-251.201947,248.967499,501.929305,-251.196747,250.453072,502.477797,-251.211435,241.797420,498.782134,-254.887101,239.144032,497.153665,-254.899333,236.692631,495.372433,-254.910421,251.259626,496.832089,-131.873137,231.162016,484.602097,-145.140863,258.232723,487.808331,-228.275064,251.568005,483.910392,-232.734472,299.279023,467.843789,-52.214577,221.815960,421.224294,-92.201961,359.077838,467.633695,-177.068476,217.050712,353.330890,-88.312194,340.657326,518.796595,-397.445658,212.119618,299.759870,-157.054208,334.204136,535.016490,-441.320295,204.713798,281.895366,-174.659738,328.225981,535.138855,-434.353639,207.207143,280.736647,-199.952195,328.612456,528.262138,-400.949356,211.242505,286.873167,-167.119928,308.561960,329.690475,21.258606,259.090431,323.517419,-21.339862,345.228593,244.493092,-150.707027,252.225536,238.076753,-187.012542,310.935212,171.204373,72.884278,234.740657,164.329908,10.517616,297.370563,166.859730,92.177301,230.765293,161.543014,25.508565,324.919336,130.779781,-8.742410,237.823511,127.706314,-77.269396
0.000000,0.000000,0.000000,0.000000,0.000000,0.000000,0.000000,0.000000,0.000000,0.000000,0.000000,0.000000,0.000000,0.000000,0.000000,0.000000,0.000000,0.000000,0.000000,0.000000,0.000000,0.000000,0.000000,0.000000,0.000000,0.000000,0.000000,0.000000,0.000000,0.000000,0.000000,0.000000,0.000000,0.000000,0.000000,0.000000,0.000000,0.000000,0.000000,0.000000,0.000000,0.000000,0.000000,0.000000,0.000000,0.000000,0.000000,0.000000,0.000000,0.000000,0.000000,0.000000,253.194909,497.138603,-274.383312,248.774023,502.917742,-253.620786,250.257538,503.411840,-253.612546,251.741226,503.962174,-253.624257,243.150280,500.280975,-257.338680,240.542256,498.667468,-257.352974,238.135729,496.910003,-257.364504,252.628119,498.335361,-134.266042,232.646464,486.063398,-147.333925,259.455191,489.301691,-230.449554,252.831435,485.412359,-234.898518,300.747304,469.422455,-54.029197,223.338520,422.878432,-93.817567,360.541271,470.673244,-181.135606,218.029664,355.075327,-90.692465,339.385472,522.316998,-401.045495,213.010228,301.466085,-159.517617,331.798564,538.596249,-445.134939,205.459291,283.625730,-177.264219,325.770982,538.553891,-437.192026,208.005913,282.427397,-201.961858,326.605782,531.608430,-404.160573,212.082320,288.598918,-169.271928,309.953815,331.006961,21.304280,260.178992,324.852687,-21.397231,346.705498,245.682510,-153.205546,252.609218,238.856943,-183.244731,313.217845,171.887522,68.215934,234.747716,164.475003,11.215122,299.694553,167.596416,86.945821,230.650329,161.705549,25.796019,326.919447,131.162039,-14.727471,237.719542,127.898121,-78.624182
0.000000,0.000000,0.000000,0.000000,0.000000,0.000000,0.000000,0.000000,0.000000,0.000000,0.000000,0.000000,0.000000,0.000000,0.000000,0.000000,0.000000,0.000000,0.000000,0.000000,0.000000,0.000000,0.000000,0.000000,0.000000,0.000000,0.000000,0.000000,0.000000,0.000000,0.000000,0.000000,0.000000,0.000000,0.000000,0.000000,0.000000,0.000000,0.000000,0.000000,0.000000,0.000000,0.000000,0.000000,0.000000,0.000000,0.000000,0.000000,0.000000,0.000000,0.000000,0.000000,254.545429,498.753625,-277.098156,250.121027,504.488682,-256.467433,251.593235,504.984270,-256.456236,253.066382,505.539272,-256.464661,244.573680,501.860287,-260.201419,242.013745,500.261366,-260.217890,239.648828,498.526919,-260.229927,254.012567,499.930167,-137.166537,234.173778,487.616245,-150.035059,260.711943,490.876918,-233.074773,254.143062,486.982128,-237.500613,302.222133,471.101244,-56.547184,224.932075,424.586157,-95.735105,361.915726,474.091914,-185.566379,219.165238,356.851744,-93.198694,338.301470,526.095801,-404.721825,214.045984,303.181405,-161.995572,329.716538,542.391847,-448.989431,206.372331,285.351655,-179.796688,323.655092,542.192443,-440.284525,208.953917,284.129630,-203.991158,324.906247,535.193914,-407.540696,213.065646,290.334316,-171.469442,311.443894,332.422663,21.237997,261.397648,326.285905,-21.342646,348.104542,246.924868,-154.905343,253.062805,239.707557,-178.488433,315.760968,172.539911,64.216720,234.765745,164.603945,12.555490,302.326414,168.221125,82.342215,230.575148,161.787787,26.678566,329.273076,131.603879,-20.307670,237.604991,128.132111,-79.557063
0.000000,0.000000,0.000000,0.000000,0.000000,0.000000,0.000000,0.000000,0.000000,0.000000,0.000000,0.000000,0.000000,0.000000,0.000000,0.000000,0.000000,0.000000,0.000000,0.000000,0.000000,0.000000,0.000000,0.000000,0.000000,0.000000,0.000000,0.000000,0.000000,0.000000,0.000000,0.000000,0.000000,0.000000,0.000000,0.000000,0.000000,0.000000,0.000000,0.000000,0.000000,0.000000,0.000000,0.000000,0.000000,0.000000,0.000000,0.000000,0.000000,0.000000,0.000000,0.000000,255.945796,500.446760,-280.227652,251.521722,506.146635,-259.741889,252.974588,506.646596,-259.727815,254.428540,507.209090,-259.732648,246.067618,503.520070,-263.475317,243.558501,501.935359,-263.494080,241.231928,500.223181,-263.506690,255.412970,501.616507,-140.574622,235.743956,489.260638,-153.244266,262.002980,492.534013,-236.150722,255.502887,488.619700,-240.540756,303.703510,472.880156,-59.768539,226.596626,426.347467,-97.954574,363.201203,477.889708,-190.360795,220.457435,358.660141,-95.830881,337.405322,530.133003,-408.474648,215.226885,304.905829,-164.488074,327.958057,546.403286,-452.883772,207.452919,287.073140,-182.257146,321.878312,546.054513,-443.631136,210.051156,285.843345,-206.040095,323.513853,539.018589,-411.089723,214.192484,292.079360,-173.712469,313.032198,333.937581,21.059757,262.746400,327.817073,-21.176109,349.425725,248.220166,-155.806417,253.586296,240.628595,-172.743648,318.564579,173.161538,60.886637,234.794744,164.716733,14.538720,305.266148,168.733858,78.366483,230.539750,161.789728,28.156207,331.980224,132.105300,-25.483005,237.479860,128.408287,-80.068039
0.000000,0.000000,0.000000,0.000000,0.000000,0.000000,0.000000,0.000000,0.000000,0.000000,0.000000,0.000000,0.000000,0.000000,0.000000,0.000000,0.000000,0.000000,0.000000,0.000000,0.000000,0.000000,0.000000,0.000000,0.000000,0.000000,0.000000,0.000000,0.000000,0.000000,0.000000,0.000000,0.000000,0.000000,0.000000,0.000000,0.000000,0.000000,0.000000,0.000000,0.000000,0.000000,0.000000,0.000000,0.000000,0.000000,0.000000,0.000000,0.000000,0.000000,0.000000,0.000000,257.396011,502.218008,-283.771801,252.976108,507.891600,-263.444152,254.401598,508.398817,-263.427285,255.827699,508.971630,-263.428217,247.632095,505.260325,-267.160376,245.176522,503.689448,-267.181545,242.885028,501.998790,-267.194792,256.829329,503.394382,-144.490297,237.356999,490.996577,-156.961545,263.328301,494.272975,-239.677401,256.910908,490.325075,-244.018948,305.191434,474.759192,-63.693262,228.332173,428.162363,-100.475975,364.397700,482.066623,-195.518855,221.906254,360.500517,-98.589026,336.697027,534.428604,-412.303965,216.552931,306.639359,-166.995122,326.523121,550.630564,-456.817960,208.701054,288.790185,-184.645593,320.440641,550.140099,-447.231859,211.297628,287.568543,-208.108668,322.428598,543.082457,-414.807656,215.462832,293.834051,-176.001008,314.718726,335.551716,20.769560,264.225247,329.446191,-20.897618,350.669047,249.568404,-155.908768,254.179693,241.620058,-166.010377,321.628680,173.752403,58.225685,234.834712,164.813367,17.164813,308.513754,169.134614,75.018625,230.544134,161.711372,30.228942,335.040890,132.666304,-30.253478,237.344148,128.726646,-80.157111
0.000000,0.000000,0.000000,0.000000,0.000000,0.000000,0.000000,0.000000,0.000000,0.000000,0.000000,0.000000,0.000000,0.000000,0.000000,0.000000,0.000000,0.000000,0.000000,0.000000,0.000000,0.000000,0.000000,0.000000,0.000000,0.000000,0.000000,0.000000,0.000000,0.000000,0.000000,0.000000,0.000000,0.000000,0.000000,0.000000,0.000000,0.000000,0.000000,0.000000,0.000000,0.000000,0.000000,0.000000,0.000000,0.000000,0.000000,0.000000,0.000000,0.000000,0.000000,0.000000,258.896073,504.067369,-287.730603,254.484186,509.723578,-267.574225,255.874266,510.240933,-267.554644,257.263860,510.826890,-267.551368,249.267110,507.081051,-271.256595,246.867809,505.523631,-271.280285,244.608129,503.853744,-271.294233,258.261643,505.263791,-148.913563,239.012907,492.824062,-161.186896,264.687906,496.093805,-243.654809,258.367127,492.098253,-247.935189,306.685907,476.738350,-68.321353,230.138715,430.030844,-103.299307,365.505220,486.622661,-201.040558,223.511695,362.372873,-101.473130,336.176585,538.982605,-416.209775,218.024123,308.381992,-169.516716,325.411731,555.073683,-460.791997,210.116737,290.502790,-186.962028,319.342080,554.449203,-451.086694,212.693335,289.305225,-210.196877,321.650484,547.385515,-418.694493,216.876692,295.598389,-178.335062,316.503478,337.265066,20.367407,265.834190,331.173259,-20.507175,351.834509,250.969582,-155.212398,254.842994,242.681945,-158.288620,324.953270,174.312507,56.233863,234.885650,164.893848,20.433767,312.069232,169.423393,72.298640,230.588301,161.552718,32.896770,338.455074,133.286889,-34.619088,237.197855,129.087189,-79.824278
0.000000,0.000000,0.000000,0.000000,0.000000,0.000000,0.000000,0.000000,0.000000,0.000000,0.000000,0.000000,0.000000,0.000000,0.000000,0.000000,0.000000,0.000000,0.000000,0.000000,0.000000,0.000000,0.000000,0.000000,0.000000,0.000000,0.000000,0.000000,0.000000,0.000000,0.000000,0.000000,0.000000,0.000000,0.000000,0.000000,0.000000,0.000000,0.000000,0.000000,0.000000,0.000000,0.000000,0.000000,0.000000,0.000000,0.000000,0.000000,0.000000,0.000000,0.000000,0.000000,260.445983,505.994843,-292.104059,256.045955,511.642568,-272.132105,257.392590,512.172945,-272.109894,258.737023,512.774872,-272.102103,250.972664,508.982248,-275.763973,248.632362,507.437910,-275.790299,246.401231,505.788045,-275.805013,259.709912,507.224734,-153.844418,240.711679,494.743093,-165.920320,266.081796,497.996502,-248.082947,259.871542,493.939233,-252.289479,308.186927,478.817632,-73.652812,232.016254,431.952912,-106.424570,366.523760,491.557822,-206.925904,225.273758,364.277209,-104.483193,335.843996,543.795006,-420.192078,219.640460,310.133731,-172.052858,324.623887,559.732641,-464.805881,211.699967,292.210955,-189.206452,318.582628,558.981824,-455.195642,214.238276,291.053389,-212.304723,321.179509,551.927765,-422.750236,218.434064,297.372373,-180.714628,318.386455,339.077633,19.853296,267.573228,332.998277,-20.004778,352.922109,252.423701,-153.717304,255.576200,243.814256,-149.578377,328.538349,174.841850,54.911172,234.947558,164.958175,24.345584,315.932582,169.600196,70.206530,230.672250,161.313768,36.159692,342.222778,133.967056,-38.579835,237.040982,129.489917,-79.069540
0.000000,0.000000,0.000000,0.000000,0.000000,0.000000,0.000000,0.000000,0.000000,0.000000,0.000000,0.000000,0.000000,0.000000,0.000000,0.000000,0.000000,0.000000,0.000000,0.000000,0.000000,0.000000,0.000000,0.000000,0.000000,0.000000,0.000000,0.000000,0.000000,0.000000,0.000000,0.000000,0.000000,0.000000,0.000000,0.000000,0.000000,0.000000,0.000000,0.000000,0.000000,0.000000,0.000000,0.000000,0.000000,0.000000,0.000000,0.000000,0.000000,0.000000,0.000000,0.000000,262.045740,508.000430,-296.892167,257.661415,513.648570,-277.117794,258.956572,514.194852,-277.093034,260.247187,514.815574,-277.080419,252.748756,510.963916,-280.682512,250.470181,509.432284,-280.711587,248.264333,507.801692,-280.727133,261.174137,509.277211,-159.282864,242.453316,496.753670,-171.161816,267.509970,499.981067,-252.961814,261.424155,495.848016,-257.081817,309.694495,480.997036,-79.687639,233.964788,433.928564,-109.851765,367.453323,496.872105,-213.174893,227.192444,366.213525,-107.619213,335.699260,548.865806,-424.250874,221.401942,311.894574,-174.603545,324.159588,564.607439,-468.859614,213.450744,293.914680,-191.378864,318.162285,563.737962,-459.558701,215.932451,292.813036,-214.432205,321.015675,556.709207,-426.974883,220.134946,299.156003,-183.139707,320.367656,340.989416,19.227229,269.442361,334.921245,-19.390429,353.931849,253.930760,-151.423488,256.379310,245.016992,-139.879646,332.383917,175.340430,54.257612,235.020435,165.006348,28.900263,320.103805,169.665022,68.742293,230.795983,160.994520,40.017707,346.343999,134.706805,-42.135719,236.873527,129.934828,-77.892897
0.000000,0.000000,0.000000,0.000000,0.000000,0.000000,0.000000,0.000000,0.000000,0.000000,0.000000,0.000000,0.000000,0.000000,0.000000,0.000000,0.000000,0.000000,0.000000,0.000000,0.000000,0.000000,0.000000,0.000000,0.000000,0.000000,0.000000,0.000000,0.000000,0.000000,0.000000,0.000000,0.000000,0.000000,0.000000,0.000000,0.000000,0.000000,0.000000,0.000000,0.000000,0.000000,0.000000,0.000000,0.000000,0.000000,0.000000,0.000000,0.000000,0.000000,0.000000,0.000000,263.695344,510.084131,-302.094927,259.330566,515.741585,-282.531291,260.566211,516.306655,-282.504064,261.794353,516.948997,-282.486318,254.595387,513.026055,-286.012210,252.381266,511.506753,-286.044151,250.197436,509.894686,-286.060592,262.654317,511.421222,-165.228901,244.237818,498.855792,-176.911384,268.972428,502.047499,-258.291411,263.024964,497.824601,-262.312204,311.208612,483.276564,-86.425834,235.984319,435.957803,-113.580891,368.293906,502.565511,-219.787526,229.267752,368.181820,-110.881193,335.742377,554.195005,-428.386163,223.308570,313.664521,-177.168779,324.018834,569.698077,-472.953194,215.369069,295.613965,-193.479265,318.081051,568.717617,-464.175874,217.775860,294.584165,-216.579324,321.158981,561.729841,-431.368435,221.979340,300.949281,-185.610300,322.447081,343.000415,18.489206,271.441590,336.942162,-18.664126,354.863728,255.490759,-148.330950,257.252326,246.290151,-129.192430,336.489975,175.808250,54.273182,235.104282,165.038368,34.097803,324.582899,169.617872,67.905931,230.959497,160.594976,44.470816,350.818739,135.506135,-45.286741,236.695492,130.421924,-76.294350
0.000000,0.000000,0.000000,0.000000,0.000000,0.000000,0.000000,0.000000,0.000000,0.000000,0.000000,0.000000,0.000000,0.000000,0.000000,0.000000,0.000000,0.000000,0.000000,0.000000,0.000000,0.000000,0.000000,0.000000,0.000000,0.000000,0.000000,0.000000,0.000000,0.000000,0.000000,0.000000,0.000000,0.000000,0.000000,0.000000,0.000000,0.000000,0.000000,0.000000,0.000000,0.000000,0.000000,0.000000,0.000000,0.000000,0.000000,0.000000,0.000000,0.000000,0.000000,0.000000,265.394796,512.245944,-307.712341,261.053409,517.921611,-288.372596,262.221507,518.508353,-288.342984,263.378520,519.175141,-288.319799,256.512557,515.168666,-291.753068,254.365616,513.661318,-291.787988,252.200540,512.067025,-291.805391,264.150452,513.656768,-171.682527,246.065185,501.049461,-183.169024,270.469171,504.195798,-264.071738,264.673971,499.868990,-267.980640,312.729276,485.656215,-93.867396,238.074845,438.040627,-117.611948,369.045511,508.638039,-226.763802,231.499682,370.182095,-114.269130,335.973347,559.782604,-432.597946,225.360344,315.443573,-179.748559,324.201626,575.004555,-477.086623,217.454941,297.308810,-195.507654,318.338926,573.920790,-469.047158,219.768503,296.366778,-218.746080,321.609426,566.989665,-435.930892,223.967245,302.752205,-188.126405,324.624730,345.110630,17.639225,273.570914,339.061029,-17.825871,355.717746,257.103698,-144.439689,258.195246,247.633736,-117.516727,340.856522,176.245308,54.957883,235.199099,165.054234,39.938206,329.369866,169.458745,67.697442,231.162795,160.115134,49.519019,355.646998,136.365047,-48.032900,236.506876,130.951204,-74.273899
0.000000,0.000000,0.000000,0.000000,0.000000,0.000000,0.000000,0.000000,0.000000,0.000000,0.000000,0.000000,0.000000,0.000000,0.000000,0.000000,0.000000,0.000000,0.000000,0.000000,0.000000,0.000000,0.000000,0.000000,0.000000,0.000000,0.000000,0.000000,0.000000,0.000000,0.000000,0.000000,0.000000,0.000000,0.000000,0.000000,0.000000,0.000000,0.000000,0.000000,0.000000,0.000000,0.000000,0.000000,0.000000,0.000000,0.000000,0.000000,0.000000,0.000000,0.000000,0.000000,266.525503,513.457460,-311.439616,262.378653,519.164031,-292.891754,263.560454,519.811251,-292.862618,264.696462,520.524128,-292.837236,257.792258,516.277343,-295.284350,255.721189,514.769500,-295.319836,253.541970,513.153448,-295.341882,265.548769,514.961540,-178.251806,247.569832,502.377278,-186.184411,271.618437,505.524246,-268.480218,265.849039,500.922488,-271.230414,314.066266,487.403285,-102.589799,239.942656,439.588525,-117.632910,369.218801,513.548561,-233.379919,233.822397,371.336245,-111.198250,336.388175,564.410043,-436.855073,227.257259,316.234970,-175.923171,325.558789,579.822342,-481.154160,219.518536,297.922909,-190.658753,319.709415,578.679358,-474.571213,221.532510,297.095489,-214.181798,322.623932,571.966819,-440.680049,225.633245,303.495861,-184.209356,326.393366,346.675546,15.148832,275.507694,340.507239,-15.344387,356.104803,258.138120,-138.263338,259.220918,248.396014,-103.519816,344.749424,176.078981,57.356566,235.202550,165.123052,52.863528,333.761873,168.620470,69.911791,231.692757,159.820305,62.431261,360.804827,136.987228,-48.231899,236.275958,131.850177,-60.868030
0.000000,0.000000,0.000000,0.000000,0.000000,0.000000,0.000000,0.000000,0.000000,0.000000,0.000000,0.000000,0.000000,0.000000,0.000000,0.000000,0.000000,0.000000,0.000000,0.000000,0.000000,0.000000,0.000000,0.000000,0.000000,0.000000,0.000000,0.000000,0.000000,0.000000,0.000000,0.000000,0.000000,0.000000,0.000000,0.000000,0.000000,0.000000,0.000000,0.000000,0.000000,0.000000,0.000000,0.000000,0.000000,0.000000,0.000000,0.000000,0.000000,0.000000,0.000000,0.000000,268.092567,514.745854,-320.803467,263.990241,520.459116,-302.688701,265.144970,521.122483,-302.659271,266.250921,521.851224,-302.630996,259.578814,517.555313,-304.868498,257.572720,516.036437,-304.906561,255.474321,514.425858,-304.931878,267.175164,516.339138,-188.854715,249.615100,503.777912,-196.343657,273.194566,506.873942,-278.011589,267.612270,502.175555,-280.530937,315.641618,489.130666,-113.932773,241.988371,441.034750,-124.277460,369.564918,518.448449,-243.241411,235.979716,372.539322,-115.823951,336.994156,569.689458,-444.240360,229.292195,317.238679,-179.759766,326.419873,585.062021,-488.537551,221.575631,298.814868,-194.319687,320.609053,583.974721,-483.279440,223.475288,298.052378,-218.364710,323.517229,577.496647,-448.634616,227.618799,304.487871,-188.286688,328.264298,348.276148,13.433245,277.405003,341.967915,-13.636207,356.693680,259.449765,-131.794243,260.494686,249.388211,-93.406841,348.845654,176.189352,60.642435,235.674521,165.185936,62.147841,338.344703,168.084260,72.623578,232.462566,159.564295,71.475052,365.312913,137.593599,-48.837967,236.476970,132.447800,-53.759680
0.000000,0.000000,0.000000,0.000000,0.000000,0.000000,0.000000,0.000000,0.000000,0.000000,0.000000,0.000000,0.000000,0.000000,0.000000,0.000000,0.000000,0.000000,0.000000,0.000000,0.000000,0.000000,0.000000,0.000000,0.000000,0.000000,0.000000,0.000000,0.000000,0.000000,0.000000,0.000000,0.000000,0.000000,0.000000,0.000000,0.000000,0.000000,0.000000,0.000000,0.000000,0.000000,0.000000,0.000000,0.000000,0.000000,0.000000,0.000000,0.000000,0.000000,0.000000,0.000000,269.749419,515.874614,-329.521366,265.679206,521.594690,-311.765793,266.807085,522.271799,-311.736173,267.884961,523.013938,-311.705185,261.428047,518.676878,-313.815797,259.477992,517.147230,-313.856227,257.449651,515.540635,-313.884549,268.862312,517.546828,-198.544908,251.677095,505.009587,-205.915766,274.859210,508.065179,-286.839717,269.444844,503.283315,-289.234323,317.226275,490.678081,-124.448966,244.025100,442.309875,-130.574140,369.813103,522.973778,-251.905997,238.090717,373.609677,-120.085382,337.755611,574.604814,-450.380815,231.314833,318.083273,-183.367448,327.453481,589.969978,-494.692822,223.622181,299.556555,-197.831321,321.697860,588.948654,-490.770036,225.415701,298.855119,-222.420817,324.585809,582.685629,-455.357618,229.602291,305.320967,-192.164049,330.092728,349.672157,11.781398,279.266641,343.242442,-11.991173,357.299191,260.539300,-125.326778,261.835537,250.225375,-84.031482,352.786110,176.159724,64.338007,236.281482,165.221208,71.189132,342.771246,167.462316,75.819943,233.327824,159.299947,80.343099,369.548242,138.065837,-48.691422,236.829082,132.971495,-46.671811
0.000000,0.000000,0.000000,0.000000,0.000000,0.000000,0.000000,0.000000,0.000000,0.000000,0.000000,0.000000,0.000000,0.000000,0.000000,0.000000,0.000000,0.000000,0.000000,0.000000,0.000000,0.000000,0.000000,0.000000,0.000000,0.000000,0.000000,0.000000,0.000000,0.000000,0.000000,0.000000,0.000000,0.000000,0.000000,0.000000,0.000000,0.000000,0.000000,0.000000,0.000000,0.000000,0.000000,0.000000,0.000000,0.000000,0.000000,0.000000,0.000000,0.000000,0.000000,0.000000,271.496062,516.843739,-337.593313,267.445549,522.570752,-320.123027,268.546800,523.259202,-320.093323,269.598580,524.012269,-320.059805,263.339958,519.642038,-322.126248,261.437005,518.101880,-322.168834,259.467962,516.497780,-322.199895,270.610212,518.584610,-207.322385,253.755819,506.072300,-214.900738,276.612370,509.097956,-294.964603,271.346760,504.245770,-297.340573,318.820236,492.045529,-134.138379,246.052843,443.413900,-136.522951,369.963356,527.124546,-259.373678,240.155399,374.547311,-123.982544,338.672539,579.156109,-455.276437,233.325174,318.768754,-186.746216,328.659614,594.546212,-499.619976,225.658187,300.147971,-201.193653,322.975835,593.601156,-497.043000,227.353749,299.503712,-226.350120,325.829672,587.533766,-460.849056,231.583721,305.995151,-195.841442,331.878655,350.863573,10.193291,281.092608,344.330821,-10.409287,357.921339,261.406727,-118.860943,263.243470,250.907507,-75.393742,356.570793,175.990096,68.443282,237.023433,165.228867,79.987399,347.041503,166.754639,79.500887,234.288531,159.027259,89.035404,373.510815,138.403940,-47.792262,237.332296,133.421262,-39.604426
0.000000,0.000000,0.000000,0.000000,0.000000,0.000000,0.000000,0.000000,0.000000,0.000000,0.000000,0.000000,0.000000,0.000000,0.000000,0.000000,0.000000,0.000000,0.000000,0.000000,0.000000,0.000000,0.000000,0.000000,0.000000,0.000000,0.000000,0.000000,0.000000,0.000000,0.000000,0.000000,0.000000,0.000000,0.000000,0.000000,0.000000,0.000000,0.000000,0.000000,0.000000,0.000000,0.000000,0.000000,0.000000,0.000000,0.000000,0.000000,0.000000,0.000000,0.000000,0.000000,273.332494,517.653231,-345.019310,269.289271,523.387302,-327.760405,270.364114,524.084690,-327.730721,271.391780,524.846217,-327.694855,265.314547,520.450793,-329.799851,263.449759,518.900385,-329.844382,261.529253,517.297293,-329.877916,272.418866,519.452482,-215.187147,255.851270,506.966054,-223.298573,278.454045,509.972274,-302.386246,273.318020,505.062917,-304.849687,320.423502,493.233009,-143.001012,248.071600,444.346825,-142.123891,370.015676,530.900755,-265.644453,242.173763,375.352222,-127.515437,339.744940,583.343344,-458.927227,235.323216,319.295121,-189.896071,330.038271,598.790722,-503.319012,227.683650,300.589114,-204.406684,324.442979,597.932228,-502.098333,229.289432,299.998158,-230.152618,327.248817,592.041058,-465.108928,233.563090,306.510421,-199.318865,333.622078,351.850395,8.668926,282.882903,345.233050,-8.890547,358.560123,262.052046,-112.396737,264.718486,251.434605,-67.493618,360.199701,175.680469,72.958258,237.900374,165.208915,88.542644,351.155474,165.961227,83.666410,235.344686,158.746232,97.551966,377.200632,138.607909,-46.140489,237.986611,133.797100,-32.557523
0.000000,0.000000,0.000000,0.000000,0.000000,0.000000,0.000000,0.000000,0.000000,0.000000,0.000000,0.000000,0.000000,0.000000,0.000000,0.000000,0.000000,0.000000,0.000000,0.000000,0.000000,0.000000,0.000000,0.000000,0.000000,0.000000,0.000000,0.000000,0.000000,0.000000,0.000000,0.000000,0.000000,0.000000,0.000000,0.000000,0.000000,0.000000,0.000000,0.000000,0.000000,0.000000,0.000000,0.000000,0.000000,0.000000,0.000000,0.000000,0.000000,0.000000,0.000000,0.000000,275.258715,518.303088,-351.799356,271.210370,524.044342,-334.677927,272.259027,524.748265,-334.648367,273.264560,525.515783,-334.610334,267.351814,521.103143,-336.836605,265.516254,519.542746,-336.882872,263.633523,517.939173,-336.918613,274.288274,520.150446,-222.139194,257.963450,507.690846,-231.109271,280.384235,510.688134,-309.104646,275.358622,505.734759,-311.761664,322.036072,494.240523,-151.036864,250.081372,445.108651,-147.376961,369.970064,534.302404,-270.718322,244.145808,376.024412,-130.684060,340.972814,587.166520,-461.333185,237.308960,319.662374,-192.817011,331.589452,602.703510,-505.789929,229.698567,300.879985,-207.470413,326.099291,601.941869,-505.936034,231.222749,300.338457,-233.828311,328.843245,596.207504,-468.137236,235.540398,306.866779,-202.596318,335.322999,352.632623,7.208301,284.637527,345.949132,-7.434954,359.215542,262.475256,-105.934161,266.260585,251.806670,-60.331112,363.672835,175.230843,77.882937,238.912305,165.161351,96.854865,355.113158,165.082081,88.316510,236.496290,158.456867,105.892785,380.617693,138.677743,-43.736102,238.792026,134.099010,-25.531102
0.000000,0.000000,0.000000,0.000000,0.000000,0.000000,0.000000,0.000000,0.000000,0.000000,0.000000,0.000000,0.000000,0.000000,0.000000,0.000000,0.000000,0.000000,0.000000,0.000000,0.000000,0.000000,0.000000,0.000000,0.000000,0.000000,0.000000,0.000000,0.000000,0.000000,0.000000,0.000000,0.000000,0.000000,0.000000,0.000000,0.000000,0.000000,0.000000,0.000000,0.000000,0.000000,0.000000,0.000000,0.000000,0.000000,0.000000,0.000000,0.000000,0.000000,0.000000,0.000000,277.274727,518.793312,-357.933450,273.208848,524.541869,-340.875591,274.231540,525.249924,-340.846262,275.216919,526.020966,-340.806243,269.451758,521.599087,-343.236511,267.636490,520.028963,-343.284303,265.780774,518.423420,-343.321984,276.218434,520.678501,-228.178525,260.092357,508.246679,-238.332832,282.402941,511.245533,-315.119804,277.468567,506.261294,-318.076506,323.657946,495.068070,-158.245936,252.082157,445.699376,-152.282160,369.826520,537.329493,-274.595286,246.071535,376.563880,-133.488413,342.356162,590.625635,-462.494310,239.282407,319.870513,-195.509038,333.313157,606.284575,-507.032729,231.702941,301.020584,-210.384842,327.944772,605.630079,-508.556104,233.153702,300.524609,-237.377200,330.612956,600.033105,-469.933979,237.515644,307.064224,-205.673802,336.981417,353.210258,5.811417,286.356479,346.479064,-6.042509,359.887598,262.676358,-99.473215,267.869766,252.023702,-53.906223,366.990196,174.641218,83.217319,240.059227,165.086175,104.924063,358.914556,164.117201,93.451190,237.743343,158.159162,114.057861,383.761997,138.613443,-40.579101,239.748543,134.326991,-18.525164
0.000000,0.000000,0.000000,0.000000,0.000000,0.000000,0.000000,0.000000,0.000000,0.000000,0.000000,0.000000,0.000000,0.000000,0.000000,0.000000,0.000000,0.000000,0.000000,0.000000,0.000000,0.000000,0.000000,0.000000,0.000000,0.000000,0.000000,0.000000,0.000000,0.000000,0.000000,0.000000,0.000000,0.000000,0.000000,0.000000,0.000000,0.000000,0.000000,0.000000,0.000000,0.000000,0.000000,0.000000,0.000000,0.000000,0.000000,0.000000,0.000000,0.000000,0.000000,0.000000,279.380528,519.123901,-363.421593,275.284703,524.879885,-346.353400,276.281651,525.589670,-346.324405,277.248859,526.361766,-346.282582,271.614381,521.938626,-348.999569,269.810467,520.359036,-349.048675,267.971005,518.750035,-349.088032,278.209348,521.036648,-233.305140,262.237993,508.633551,-244.969256,284.510162,511.644474,-320.431719,279.647855,506.642523,-323.794211,325.289125,495.715650,-164.628228,254.073957,446.119001,-156.839490,369.585043,539.982022,-277.275344,247.950944,376.970626,-135.928496,343.894983,593.720689,-462.410603,241.243555,319.919539,-197.972152,335.209387,609.533916,-507.047410,233.696770,301.010911,-213.149969,329.979421,608.996859,-509.958543,235.082289,300.556613,-240.799284,332.557950,603.517860,-470.499157,239.488829,307.102755,-208.551317,338.597332,353.583299,4.478274,288.039760,346.822848,-4.713210,360.576289,262.655351,-93.013899,269.546029,252.085701,-48.218951,370.151782,173.911593,88.961402,241.341138,164.983387,112.750238,362.559668,163.066587,99.070447,239.085845,157.853118,122.047195,386.633545,138.415009,-36.669486,240.856161,134.481045,-11.539709
0.000000,0.000000,0.000000,0.000000,0.000000,0.000000,0.000000,0.000000,0.000000,0.000000,0.000000,0.000000,0.000000,0.000000,0.000000,0.000000,0.000000,0.000000,0.000000,0.000000,0.000000,0.000000,0.000000,0.000000,0.000000,0.000000,0.000000,0.000000,0.000000,0.000000,0.000000,0.000000,0.000000,0.000000,0.000000,0.000000,0.000000,0.000000,0.000000,0.000000,0.000000,0.000000,0.000000,0.000000,0.000000,0.000000,0.000000,0.000000,0.000000,0.000000,0.000000,0.000000,281.576118,519.294857,-368.263786,277.437937,525.058390,-351.111351,278.409362,525.767501,-351.082796,279.360379,526.538184,-351.039351,273.839681,522.121759,-354.125779,272.038185,520.532965,-354.175989,270.204216,518.919018,-354.216754,280.261014,521.224885,-237.519040,264.400356,508.851462,-251.018543,286.705899,511.884956,-325.040391,281.896485,506.878445,-328.914779,326.929608,496.183263,-170.183739,256.056771,446.367527,-161.048949,369.245634,542.259991,-278.758497,249.784034,377.244650,-138.004311,345.589278,596.451684,-461.082064,243.192406,319.809450,-200.206352,337.278141,612.451535,-505.833973,235.680055,300.850966,-215.765794,332.203238,612.042208,-510.143350,237.008511,300.434470,-244.094563,334.678227,606.661770,-469.832770,241.459953,306.982374,-211.228862,340.170744,353.751746,3.208872,289.687370,346.980484,-3.447058,361.281616,262.412236,-86.556212,271.289375,251.992667,-43.269297,373.157594,173.041969,95.115188,242.758039,164.852987,120.333389,366.048493,161.930239,105.174284,240.523796,157.538735,129.860785,389.232338,138.082441,-32.007258,242.114879,134.561169,-4.574736
0.000000,0.000000,0.000000,0.000000,0.000000,0.000000,0.000000,0.000000,0.000000,0.000000,0.000000,0.000000,0.000000,0.000000,0.000000,0.000000,0.000000,0.000000,0.000000,0.000000,0.000000,0.000000,0.000000,0.000000,0.000000,0.000000,0.000000,0.000000,0.000000,0.000000,0.000000,0.000000,0.000000,0.000000,0.000000,0.000000,0.000000,0.000000,0.000000,0.000000,0.000000,0.000000,0.000000,0.000000,0.000000,0.000000,0.000000,0.000000,0.000000,0.000000,0.000000,0.000000,283.861499,519.306178,-372.460026,279.668549,525.077383,-355.149446,280.614672,525.783418,-355.121436,281.551478,526.550219,-355.076550,276.127658,522.148487,-358.615141,274.319645,520.550750,-358.666244,272.480406,518.930368,-358.708152,282.373434,521.243214,-240.820224,266.579448,508.900413,-256.480693,288.990151,511.966978,-328.945820,284.214459,506.969061,-333.438212,328.579396,496.470910,-174.912470,258.030599,446.444952,-164.910538,368.808292,544.163401,-279.044743,251.570806,377.385952,-139.715855,347.439046,598.818619,-458.508692,245.128959,319.540248,-202.211638,339.519420,615.037431,-503.392418,237.652796,300.540749,-218.232319,334.616224,614.766126,-509.110526,238.932368,300.158179,-247.263038,336.973786,609.464835,-467.934819,243.429015,306.703080,-213.706438,341.701653,353.715600,2.003210,291.299308,346.951970,-2.244053,362.003579,261.947012,-80.100155,273.099803,251.744600,-39.057260,376.007633,172.032345,101.678676,244.309931,164.694975,127.673518,369.381032,160.708157,111.762699,242.057195,157.216013,137.498633,391.558374,137.615738,-26.592415,243.524699,134.567366,2.369754
0.000000,0.000000,0.000000,0.000000,0.000000,0.000000,0.000000,0.000000,0.000000,0.000000,0.000000,0.000000,0.000000,0.000000,0.000000,0.000000,0.000000,0.000000,0.000000,0.000000,0.000000,0.000000,0.000000,0.000000,0.000000,0.000000,0.000000,0.000000,0.000000,0.000000,0.000000,0.000000,0.000000,0.000000,0.000000,0.000000,0.000000,0.000000,0.000000,0.000000,0.000000,0.000000,0.000000,0.000000,0.000000,0.000000,0.000000,0.000000,0.000000,0.000000,0.000000,0.000000,286.236668,519.157865,-376.010316,281.976538,524.936865,-358.467685,282.897581,525.637421,-358.440324,283.822158,526.397871,-358.394179,278.478314,522.018810,-362.467654,276.654846,520.412391,-362.519440,274.799577,518.784086,-362.562225,284.546607,521.091634,-243.208693,268.775267,508.780403,-261.355706,291.362918,511.890542,-332.148006,286.601775,506.914371,-337.364508,330.238488,496.578589,-178.814421,259.995441,446.351278,-168.424257,368.273019,545.692250,-278.134084,253.311260,377.394533,-141.063130,349.444287,600.821493,-454.690488,247.053214,319.111932,-203.988011,341.933222,617.291603,-499.722745,239.614992,300.080260,-220.549542,337.218379,617.168614,-506.860070,240.853860,299.727741,-250.304708,339.444628,611.927054,-464.805303,245.396016,306.264873,-215.984044,343.190058,353.474861,0.861289,292.875575,346.737308,-1.104194,362.742178,261.259679,-73.645727,274.977314,251.341499,-35.582840,378.701897,170.882723,108.651867,245.996813,164.509351,134.770624,372.557284,159.400341,118.835692,243.686043,156.884953,144.960738,393.611654,137.014901,-20.424959,245.085620,134.499634,9.293761
0.000000,0.000000,0.000000,0.000000,0.000000,0.000000,0.000000,0.000000,0.000000,0.000000,0.000000,0.000000,0.000000,0.000000,0.000000,0.000000,0.000000,0.000000,0.000000,0.000000,0.000000,0.000000,0.000000,0.000000,0.000000,0.000000,0.000000,0.000000,0.000000,0.000000,0.000000,0.000000,0.000000,0.000000,0.000000,0.000000,0.000000,0.000000,0.000000,0.000000,0.000000,0.000000,0.000000,0.000000,0.000000,0.000000,0.000000,0.000000,0.000000,0.000000,0.000000,0.000000,288.701628,518.849919,-378.914655,284.361906,524.636835,-361.066066,285.258090,525.329509,-361.039460,286.172418,526.081141,-360.992238,280.891647,521.732728,-365.683319,279.043787,520.117887,-365.735577,277.161728,518.480172,-365.778973,286.780533,520.770146,-244.684446,270.987814,508.491433,-265.643582,293.824201,511.655646,-334.646950,289.058434,506.714374,-340.693668,331.906884,496.506301,-181.889591,261.951297,446.086504,-171.590106,367.639813,546.846540,-276.026520,255.005395,377.270391,-142.046136,351.605001,602.460308,-449.627451,248.965171,318.524501,-205.535469,344.519549,619.214053,-494.824953,241.566644,299.469499,-222.717464,340.009702,619.249672,-503.391983,242.772986,299.143156,-253.219573,342.090753,614.048428,-460.444222,247.360955,305.667752,-218.061681,344.635961,353.029527,-0.216891,294.416170,346.336497,-0.027483,363.497413,260.350238,-67.192930,276.921907,250.783366,-32.846037,381.240388,169.593101,116.034760,247.818684,164.296115,141.624706,375.577251,158.006791,126.393264,245.410340,156.545553,152.247101,395.392178,136.279930,-13.504888,246.797641,134.357974,16.197286
0.000000,0.000000,0.000000,0.000000,0.000000,0.000000,0.000000,0.000000,0.000000,0.000000,0.000000,0.000000,0.000000,0.000000,0.000000,0.000000,0.000000,0.000000,0.000000,0.000000,0.000000,0.000000,0.000000,0.000000,0.000000,0.000000,0.000000,0.000000,0.000000,0.000000,0.000000,0.000000,0.000000,0.000000,0.000000,0.000000,0.000000,0.000000,0.000000,0.000000,0.000000,0.000000,0.000000,0.000000,0.000000,0.000000,0.000000,0.000000,0.000000,0.000000,0.000000,0.000000,291.256377,518.382338,-381.173042,286.824652,524.177294,-362.944592,287.696197,524.859684,-362.918844,288.602257,525.600028,-362.870726,283.367658,521.290240,-368.262136,281.486470,519.667240,-368.314656,279.566860,518.018625,-368.358396,289.075212,520.278748,-245.247484,273.217090,508.033503,-269.344321,296.373999,511.262291,-336.442651,291.584436,506.369071,-343.425692,333.584585,496.254047,-184.137981,263.898168,445.650629,-174.408085,366.908674,547.626270,-272.722050,256.653212,377.013528,-142.664872,353.921189,603.735062,-443.319582,250.864830,317.777957,-206.854015,347.278401,620.804780,-488.699044,243.507752,298.708466,-224.736084,342.990194,621.009299,-498.706265,244.689748,298.404423,-256.007634,344.912161,615.828957,-454.851576,249.323833,304.911719,-219.939348,346.039362,352.379601,-1.231331,295.921094,345.749538,0.986081,364.269283,259.218688,-60.741762,278.933583,250.070200,-30.846852,383.623105,168.163479,123.827355,249.775546,164.055267,148.235765,378.440930,156.527507,134.435414,247.230086,156.197814,159.357720,396.899945,135.410825,-5.832204,248.660764,134.142385,23.080329
0.000000,0.000000,0.000000,0.000000,0.000000,0.000000,0.000000,0.000000,0.000000,0.000000,0.000000,0.000000,0.000000,0.000000,0.000000,0.000000,0.000000,0.000000,0.000000,0.000000,0.000000,0.000000,0.000000,0.000000,0.000000,0.000000,0.000000,0.000000,0.000000,0.000000,0.000000,0.000000,0.000000,0.000000,0.000000,0.000000,0.000000,0.000000,0.000000,0.000000,0.000000,0.000000,0.000000,0.000000,0.000000,0.000000,0.000000,0.000000,0.000000,0.000000,0.000000,0.000000,293.900916,517.755123,-382.785479,289.364776,523.558241,-364.103260,290.211904,524.227944,-364.078477,291.111677,524.954532,-364.029645,285.906347,520.691347,-370.204105,283.982894,519.060449,-370.256675,282.014971,517.399445,-370.300495,291.430645,519.617442,-244.897806,275.463093,507.406611,-272.457922,299.012312,510.710477,-337.535109,294.179781,505.878462,-345.560579,335.271591,495.821825,-185.559590,265.836052,445.043655,-176.878193,366.079604,548.031440,-268.220674,258.254710,376.623943,-142.919338,356.392851,604.645756,-435.766881,252.752191,316.872300,-207.943646,350.209776,622.063783,-481.345016,245.438316,297.797161,-226.605403,346.159854,622.447495,-492.802915,246.604144,297.511543,-258.668890,347.908852,617.268640,-448.027365,251.284650,303.996773,-221.617046,347.400259,351.525080,-2.182029,297.390347,344.976430,1.936499,365.057789,257.865030,-54.292224,281.012341,249.202001,-29.585284,385.850047,166.593859,132.029652,251.867398,163.786807,154.603801,381.148324,154.962489,142.962143,249.145280,155.841736,166.292597,398.134957,134.407585,2.593094,250.674988,133.852869,29.942888
0.000000,0.000000,0.000000,0.000000,0.000000,0.000000,0.000000,0.000000,0.000000,0.000000,0.000000,0.000000,0.000000,0.000000,0.000000,0.000000,0.000000,0.000000,0.000000,0.000000,0.000000,0.000000,0.000000,0.000000,0.000000,0.000000,0.000000,0.000000,0.000000,0.000000,0.000000,0.000000,0.000000,0.000000,0.000000,0.000000,0.000000,0.000000,0.000000,0.000000,0.000000,0.000000,0.000000,0.000000,0.000000,0.000000,0.000000,0.000000,0.000000,0.000000,0.000000,0.000000,296.635245,516.968274,-383.751964,291.982278,522.779677,-364.542072,292.805210,523.434289,-364.518358,293.700677,524.144654,-364.468993,288.507714,519.936049,-371.509226,286.533059,518.297513,-371.561636,284.506062,516.622633,-371.605269,293.846830,518.786227,-243.635413,277.725824,506.610760,-274.984387,301.739141,510.000204,-337.924325,296.844469,505.242546,-347.098330,336.967900,495.209637,-186.154419,267.764951,444.265581,-179.000432,365.152601,548.062051,-262.522393,259.809890,376.101636,-142.809535,359.019985,605.192390,-426.969348,254.627254,315.807528,-208.804364,353.313676,622.991064,-472.762870,247.358335,296.735584,-228.325421,349.518682,623.564260,-485.681934,248.516175,296.464515,-261.203342,351.080825,618.367478,-439.971590,253.243405,302.922914,-223.094775,348.718653,350.465966,-3.068987,298.823928,344.017173,2.823769,365.862932,256.289264,-47.844315,283.158182,248.178768,-29.061333,387.921216,164.884239,140.641652,254.094240,163.490736,160.728814,383.699431,153.311737,151.973450,251.155924,155.477319,173.051731,399.097212,133.270211,11.771006,252.840312,133.489423,36.784965
0.000000,0.000000,0.000000,0.000000,0.000000,0.000000,0.000000,0.000000,0.000000,0.000000,0.000000,0.000000,0.000000,0.000000,0.000000,0.000000,0.000000,0.000000,0.000000,0.000000,0.000000,0.000000,0.000000,0.000000,0.000000,0.000000,0.000000,0.000000,0.000000,0.000000,0.000000,0.000000,0.000000,0.000000,0.000000,0.000000,0.000000,0.000000,0.000000,0.000000,0.000000,0.000000,0.000000,0.000000,0.000000,0.000000,0.000000,0.000000,0.000000,0.000000,0.000000,0.000000,299.459363,516.021791,-384.072498,294.677158,521.841602,-364.261027,295.476116,522.478721,-364.238488,296.369256,523.170393,-364.188771,291.171758,519.024346,-372.177498,289.136966,517.378433,-372.229539,287.040133,515.688189,-372.272719,296.323769,517.785104,-241.460304,280.005283,505.645948,-276.923715,304.554486,509.131471,-337.610298,299.578499,504.461324,-348.038945,338.673515,494.417482,-185.922468,269.684864,443.316407,-180.774800,364.127666,547.718101,-255.627206,261.318752,375.446607,-142.335462,361.802593,605.374964,-416.926982,256.490019,314.583642,-209.436169,356.590100,623.586622,-462.952606,249.267811,295.523735,-229.896138,353.066680,624.359595,-477.343321,250.425841,295.263341,-263.610988,354.428082,619.125471,-430.684250,255.200099,301.690142,-224.372534,349.994544,349.202259,-3.892204,300.221838,342.871768,3.647893,366.684710,254.491388,-41.398036,285.371105,247.000503,-29.275000,389.836611,163.034620,149.663354,256.456072,163.167052,166.610804,386.094252,151.575251,161.469336,253.262016,155.104563,179.635122,399.786711,131.998703,21.701532,255.156738,133.052050,43.606560
0.000000,0.000000,0.000000,0.000000,0.000000,0.000000,0.000000,0.000000,0.000000,0.000000,0.000000,0.000000,0.000000,0.000000,0.000000,0.000000,0.000000,0.000000,0.000000,0.000000,0.000000,0.000000,0.000000,0.000000,0.000000,0.000000,0.000000,0.000000,0.000000,0.000000,0.000000,0.000000,0.000000,0.000000,0.000000,0.000000,0.000000,0.000000,0.000000,0.000000,0.000000,0.000000,0.000000,0.000000,0.000000,0.000000,0.000000,0.000000,0.000000,0.000000,0.000000,0.000000,302.281901,516.126704,-372.617145,297.228181,521.911373,-352.480593,297.931680,522.551389,-352.459676,298.724438,523.248594,-352.411411,293.735041,519.041012,-360.255100,291.636258,517.382173,-360.303592,289.414050,515.666873,-360.341937,298.106000,517.814878,-230.110016,281.924868,505.569215,-265.567380,307.069615,509.182645,-326.546375,302.003001,504.492826,-336.666119,340.004076,494.449388,-177.292264,271.604928,443.148467,-171.853408,363.596374,547.659599,-245.120075,263.110655,375.424594,-135.108955,364.409132,604.524164,-400.247589,258.230541,313.938817,-201.914161,360.202920,622.919618,-446.465877,251.058515,294.865604,-223.291128,357.122220,623.515996,-462.942343,252.227368,294.644937,-257.634215,358.134298,618.156977,-414.964911,256.918368,301.026318,-217.576022,351.594598,348.479323,-4.505601,302.038368,342.491116,4.259890,367.754853,252.400647,-37.749538,287.046344,245.762324,-25.414405,391.628955,161.108436,153.099301,257.990429,162.525081,172.434043,388.291677,149.731235,164.935194,254.539291,154.246169,185.804402,400.592633,130.618381,27.264530,256.505431,132.583721,51.552893
0.000000,0.000000,0.000000,0.000000,0.000000,0.000000,0.000000,0.000000,0.000000,0.000000,0.000000,0.000000,0.000000,0.000000,0.000000,0.000000,0.000000,0.000000,0.000000,0.000000,0.000000,0.000000,0.000000,0.000000,0.000000,0.000000,0.000000,0.000000,0.000000,0.000000,0.000000,0.000000,0.000000,0.000000,0.000000,0.000000,0.000000,0.000000,0.000000,0.000000,0.000000,0.000000,0.000000,0.000000,0.000000,0.000000,0.000000,0.000000,0.000000,0.000000,0.000000,0.000000,304.895549,515.368064,-363.996845,299.681526,521.173275,-343.619689,300.335199,521.812405,-343.599324,301.080301,522.505088,-343.548937,296.158520,518.293418,-351.760318,293.969483,516.636161,-351.807887,291.635806,514.919098,-351.845273,300.102660,516.928457,-221.351296,283.793726,504.741721,-257.676229,309.547477,508.462177,-318.060912,304.368053,503.802938,-328.660671,341.668645,493.605542,-172.974050,273.455030,442.185348,-165.496905,362.865493,546.932889,-234.625204,264.689580,374.682288,-125.838339,366.597625,603.758065,-384.493265,260.077314,312.552554,-193.269664,362.972898,622.395349,-430.646242,252.968894,293.470464,-214.703511,360.179550,623.285490,-447.947907,254.101728,293.327564,-249.405431,360.994790,617.585568,-399.614720,258.775911,299.657218,-209.231634,353.182603,346.783133,-5.398129,303.615872,341.136144,5.149442,368.947676,249.999284,-33.307030,288.894122,244.289791,-26.423585,393.215709,159.299989,159.635719,259.545144,162.178736,176.001502,390.013360,148.136565,171.955141,255.791481,153.822806,190.089630,401.208019,129.289348,35.603231,257.830074,132.141207,57.462287
0.000000,0.000000,0.000000,0.000000,0.000000,0.000000,0.000000,0.000000,0.000000,0.000000,0.000000,0.000000,0.000000,0.000000,0.000000,0.000000,0.000000,0.000000,0.000000,0.000000,0.000000,0.000000,0.000000,0.000000,0.000000,0.000000,0.000000,0.000000,0.000000,0.000000,0.000000,0.000000,0.000000,0.000000,0.000000,0.000000,0.000000,0.000000,0.000000,0.000000,0.000000,0.000000,0.000000,0.000000,0.000000,0.000000,0.000000,0.000000,0.000000,0.000000,0.000000,0.000000,307.439985,514.512818,-355.499184,302.096219,520.339721,-334.889960,302.709551,520.975782,-334.869954,303.415914,521.661486,-334.817762,298.531674,517.459537,-343.386141,296.255980,515.807774,-343.433075,293.815468,514.091925,-343.469592,302.115287,515.951825,-212.744292,285.642940,503.844545,-250.006351,311.967439,507.634163,-309.700932,306.678081,503.014424,-320.772649,343.356621,492.634471,-168.412619,275.278115,441.149626,-159.436179,362.462402,546.095010,-224.511252,266.256122,373.849710,-117.275197,368.612639,602.876245,-369.386172,261.897612,311.149488,-185.064649,365.497014,621.749077,-415.378579,254.843903,292.046393,-206.455260,362.944912,622.897511,-433.357911,255.948871,291.975770,-241.407872,363.578620,616.862345,-384.843499,260.605486,298.263440,-201.245704,354.784479,345.050577,-6.116982,305.189020,339.705654,5.865406,370.172614,247.707604,-30.380715,290.641158,242.827448,-27.818387,394.629340,157.641113,164.490704,260.957734,161.832854,178.565404,391.516306,146.680741,177.264262,256.925209,153.419753,193.284629,401.786888,128.070562,42.300821,259.010877,131.703999,62.200279
0.000000,0.000000,0.000000,0.000000,0.000000,0.000000,0.000000,0.000000,0.000000,0.000000,0.000000,0.000000,0.000000,0.000000,0.000000,0.000000,0.000000,0.000000,0.000000,0.000000,0.000000,0.000000,0.000000,0.000000,0.000000,0.000000,0.000000,0.000000,0.000000,0.000000,0.000000,0.000000,0.000000,0.000000,0.000000,0.000000,0.000000,0.000000,0.000000,0.000000,0.000000,0.000000,0.000000,0.000000,0.000000,0.000000,0.000000,0.000000,0.000000,0.000000,0.000000,0.000000,309.915208,513.560966,-347.124162,304.472259,519.410712,-326.291403,305.054734,520.041522,-326.271564,305.731277,520.717789,-326.217887,300.854502,516.539369,-335.132568,298.495750,514.897012,-335.179158,295.953037,513.185353,-335.214892,304.143880,514.884982,-204.289003,287.472509,502.877686,-242.557744,314.329501,506.698604,-301.466435,308.933084,502.127283,-313.002051,345.068004,491.536174,-163.607972,277.074183,440.041299,-153.671231,362.387103,545.145961,-214.778219,267.810281,372.926858,-109.419528,370.454174,601.878702,-354.926309,263.691437,309.729618,-177.299115,367.775269,620.980800,-400.662890,256.683542,290.593392,-198.546374,365.418306,622.352058,-419.172356,257.768798,290.589556,-233.641538,365.885789,615.987308,-370.651246,262.407093,296.844983,-193.618233,356.400225,343.281656,-6.662160,306.757811,338.199648,6.407781,371.429664,245.525608,-28.970592,292.287451,241.375295,-29.598813,395.869847,156.131809,167.664257,262.228196,161.487435,180.125748,392.800516,145.363762,180.862555,257.940476,153.037010,195.389397,402.329240,126.962023,47.357300,260.047838,131.272098,65.766870
0.000000,0.000000,0.000000,0.000000,0.000000,0.000000,0.000000,0.000000,0.000000,0.000000,0.000000,0.000000,0.000000,0.000000,0.000000,0.000000,0.000000,0.000000,0.000000,0.000000,0.000000,0.000000,0.000000,0.000000,0.000000,0.000000,0.000000,0.000000,0.000000,0.000000,0.000000,0.000000,0.000000,0.000000,0.000000,0.000000,0.000000,0.000000,0.000000,0.000000,0.000000,0.000000,0.000000,0.000000,0.000000,0.000000,0.000000,0.000000,0.000000,0.000000,0.000000,0.000000,312.321218,512.512507,-338.871778,306.809646,518.386248,-317.824020,307.370750,519.009623,-317.804155,308.026389,519.673996,-317.749311,303.127004,515.532916,-326.999600,300.688791,513.903874,-327.046134,298.048512,512.199383,-327.081175,306.188440,513.727928,-195.985429,289.282432,501.841144,-235.330409,316.633664,505.655499,-293.357420,311.133063,501.141515,-305.348879,346.802795,490.310653,-158.560108,278.843234,438.860369,-148.202060,362.639594,544.085741,-205.426105,269.352057,371.913734,-102.271333,372.122232,600.765438,-341.113677,265.458787,308.292945,-169.973063,369.807663,620.090521,-386.499175,258.487811,289.111461,-190.976854,367.599733,621.649132,-405.391242,259.561509,289.168922,-226.106428,367.916297,614.960459,-357.037962,264.180733,295.401848,-186.349219,358.029841,341.476368,-7.033662,308.322246,336.618125,6.776569,372.718829,243.453295,-29.076663,293.833003,239.933333,-31.764862,396.937231,154.772077,169.156377,263.356532,161.142479,180.682536,393.865990,144.185628,182.750022,258.837281,152.674579,196.403936,402.835074,125.963731,50.772668,260.940958,130.845505,68.162059
0.000000,0.000000,0.000000,0.000000,0.000000,0.000000,0.000000,0.000000,0.000000,0.000000,0.000000,0.000000,0.000000,0.000000,0.000000,0.000000,0.000000,0.000000,0.000000,0.000000,0.000000,0.000000,0.000000,0.000000,0.000000,0.000000,0.000000,0.000000,0.000000,0.000000,0.000000,0.000000,0.000000,0.000000,0.000000,0.000000,0.000000,0.000000,0.000000,0.000000,0.000000,0.000000,0.000000,0.000000,0.000000,0.000000,0.000000,0.000000,0.000000,0.000000,0.000000,0.000000,314.658014,511.367442,-330.742032,309.108381,517.266329,-309.487810,309.657598,517.880086,-309.467727,310.301251,518.530109,-309.412034,305.349181,514.440176,-318.987237,302.835104,512.828362,-319.034004,300.101894,511.134015,-319.068440,308.248967,512.480663,-187.833569,291.072711,500.734919,-228.324346,318.879927,504.504850,-285.373888,313.278018,500.057120,-297.813131,348.560994,488.957905,-153.269028,280.585268,437.606834,-143.028666,363.219875,542.914352,-196.454910,270.881450,370.810337,-95.830612,373.616810,599.536452,-327.948275,267.199663,306.839468,-163.086493,371.594195,619.078238,-372.887433,260.256710,287.600599,-183.746699,369.489191,620.788733,-392.014569,261.327004,287.713867,-218.802544,369.670143,613.781795,-344.003646,265.926405,293.934034,-179.438663,359.673327,339.634715,-7.231489,309.882324,334.961085,6.971768,374.040107,241.490666,-30.698926,295.277812,238.501560,-34.316535,397.831491,153.561916,168.967063,264.342741,160.797986,180.235767,394.712727,143.146340,182.926662,259.615624,152.332458,196.328245,403.304391,125.075686,52.546924,261.690238,130.424218,69.385846
0.000000,0.000000,0.000000,0.000000,0.000000,0.000000,0.000000,0.000000,0.000000,0.000000,0.000000,0.000000,0.000000,0.000000,0.000000,0.000000,0.000000,0.000000,0.000000,0.000000,0.000000,0.000000,0.000000,0.000000,0.000000,0.000000,0.000000,0.000000,0.000000,0.000000,0.000000,0.000000,0.000000,0.000000,0.000000,0.000000,0.000000,0.000000,0.000000,0.000000,0.000000,0.000000,0.000000,0.000000,0.000000,0.000000,0.000000,0.000000,0.000000,0.000000,0.000000,0.000000,316.925599,510.125771,-322.734926,311.368463,516.050955,-301.282774,311.915278,516.652911,-301.262280,312.555864,517.286126,-301.206057,307.521031,513.261150,-311.095478,304.934690,511.670474,-311.142767,302.113182,509.989248,-311.176688,310.325461,511.143187,-179.833425,292.843345,499.559012,-221.539555,321.068290,503.246654,-277.515839,315.367949,498.874099,-290.394809,350.342601,487.477933,-147.734732,282.300285,436.280695,-138.151050,364.127948,541.631792,-187.864634,272.398460,369.616668,-90.097364,374.937911,598.191744,-315.430105,268.914065,305.369187,-156.639405,373.134867,617.943951,-359.827665,261.990240,286.060807,-176.855910,371.086682,619.770860,-379.042337,263.065284,286.224392,-211.729884,371.147328,612.451319,-331.548299,267.644109,292.441543,-172.886565,361.330684,337.756695,-7.255640,311.438046,333.228528,6.993379,375.393498,239.637720,-33.837382,296.621878,237.079977,-37.253830,398.552628,152.501326,167.096317,265.186823,160.453955,178.785441,395.340727,142.245897,181.392475,260.275505,152.010648,195.162324,403.737191,124.297888,52.680070,262.295676,130.008239,69.438232
0.000000,0.000000,0.000000,0.000000,0.000000,0.000000,0.000000,0.000000,0.000000,0.000000,0.000000,0.000000,0.000000,0.000000,0.000000,0.000000,0.000000,0.000000,0.000000,0.000000,0.000000,0.000000,0.000000,0.000000,0.000000,0.000000,0.000000,0.000000,0.000000,0.000000,0.000000,0.000000,0.000000,0.000000,0.000000,0.000000,0.000000,0.000000,0.000000,0.000000,0.000000,0.000000,0.000000,0.000000,0.000000,0.000000,0.000000,0.000000,0.000000,0.000000,0.000000,0.000000,319.123970,508.787494,-314.850457,313.589892,514.740125,-293.208911,314.143790,515.328099,-293.187814,314.790226,515.942049,-293.131379,309.642556,511.995838,-303.324324,306.987547,510.430211,-303.372425,304.082376,508.765083,-303.405917,312.417921,509.715501,-171.984996,294.594334,498.313422,-214.976037,323.198754,501.880914,-269.783272,317.402856,497.592451,-283.093911,352.147615,485.870735,-141.957219,283.988285,434.881951,-133.569211,365.363811,540.238063,-179.655276,273.903087,368.332725,-85.071591,376.085533,596.731315,-303.559164,270.601993,303.882103,-150.631798,374.429677,616.687661,-347.319870,263.688400,284.492084,-170.304487,372.392205,618.595514,-366.474546,264.776347,284.700497,-204.888450,372.347851,610.969029,-319.671922,269.333845,290.924372,-166.692925,363.001911,335.842309,-7.106116,312.989411,331.420453,6.841402,376.779003,237.894457,-38.492031,297.865203,235.668585,-40.576749,399.100641,151.590308,163.544138,265.888779,160.110388,176.331558,395.749992,141.484299,178.147461,260.816924,151.709149,192.906173,404.133473,123.630337,51.172104,262.757273,129.597567,68.319216
0.000000,0.000000,0.000000,0.000000,0.000000,0.000000,0.000000,0.000000,0.000000,0.000000,0.000000,0.000000,0.000000,0.000000,0.000000,0.000000,0.000000,0.000000,0.000000,0.000000,0.000000,0.000000,0.000000,0.000000,0.000000,0.000000,0.000000,0.000000,0.000000,0.000000,0.000000,0.000000,0.000000,0.000000,0.000000,0.000000,0.000000,0.000000,0.000000,0.000000,0.000000,0.000000,0.000000,0.000000,0.000000,0.000000,0.000000,0.000000,0.000000,0.000000,0.000000,0.000000,321.253128,507.352610,-307.088628,315.772669,513.333841,-285.266222,316.343134,513.905648,-285.244329,317.004338,514.497876,-285.188000,311.713756,510.644239,-295.673775,308.993676,509.107573,-295.722976,306.009476,507.461520,-295.756129,314.526348,508.197603,-164.288282,296.325679,496.998149,-208.633790,325.271318,500.407628,-262.176188,319.382738,496.212177,-275.910439,353.976036,484.136312,-135.936490,285.649269,433.410604,-129.283149,366.927465,538.733163,-171.826837,275.395331,366.958509,-80.753291,377.059676,595.155163,-292.335455,272.263447,302.378215,-145.063673,375.478625,615.309367,-335.364048,265.351190,282.894431,-164.092430,373.405761,617.262694,-354.311195,266.460195,283.142181,-198.278240,373.271713,609.334925,-308.374512,270.995614,289.382524,-160.857743,364.687009,333.891558,-6.782917,314.536420,329.536863,6.515837,378.196622,236.260878,-44.662874,299.007785,234.267382,-44.285290,399.475531,150.828862,158.310526,266.448607,159.767283,172.874118,395.940519,140.861547,173.191621,261.239882,151.427961,189.559792,404.493238,123.073032,48.023028,263.075030,129.192201,66.028799
0.000000,0.000000,0.000000,0.000000,0.000000,0.000000,0.000000,0.000000,0.000000,0.000000,0.000000,0.000000,0.000000,0.000000,0.000000,0.000000,0.000000,0.000000,0.000000,0.000000,0.000000,0.000000,0.000000,0.000000,0.000000,0.000000,0.000000,0.000000,0.000000,0.000000,0.000000,0.000000,0.000000,0.000000,0.000000,0.000000,0.000000,0.000000,0.000000,0.000000,0.000000,0.000000,0.000000,0.000000,0.000000,0.000000,0.000000,0.000000,0.000000,0.000000,0.000000,0.000000,323.313074,505.821120,-299.449437,317.916792,511.832101,-277.454706,318.513311,512.385559,-277.431824,319.198200,512.953608,-277.375921,313.734629,509.206354,-288.143830,310.953078,507.702560,-288.194421,307.894483,506.078558,-288.227323,316.650741,506.589494,-156.743283,298.037378,495.613194,-202.512815,327.285982,498.826797,-254.694587,321.307597,494.733275,-268.844391,355.827866,482.274664,-129.672544,287.283235,431.866653,-125.292865,368.818909,537.117094,-164.379317,276.875192,365.494021,-77.142465,377.860341,593.463290,-281.758976,273.898427,300.857524,-139.935030,376.281713,613.809070,-323.960200,266.978610,281.267848,-158.219739,374.127348,615.772400,-342.552285,268.116826,281.549445,-191.899255,373.918914,607.549008,-297.656072,272.629414,287.815997,-155.381020,366.385977,331.904440,-6.286042,316.079072,327.577755,6.016684,379.646354,234.736983,-52.349909,300.049625,232.876370,-48.379455,399.677297,150.216988,151.395481,266.866309,159.424642,168.413121,395.912311,140.377641,166.524953,261.544378,151.167084,185.123182,404.816486,122.625974,43.232840,263.248945,128.792143,62.566980
0.000000,0.000000,0.000000,0.000000,0.000000,0.000000,0.000000,0.000000,0.000000,0.000000,0.000000,0.000000,0.000000,0.000000,0.000000,0.000000,0.000000,0.000000,0.000000,0.000000,0.000000,0.000000,0.000000,0.000000,0.000000,0.000000,0.000000,0.000000,0.000000,0.000000,0.000000,0.000000,0.000000,0.000000,0.000000,0.000000,0.000000,0.000000,0.000000,0.000000,0.000000,0.000000,0.000000,0.000000,0.000000,0.000000,0.000000,0.000000,0.000000,0.000000,0.000000,0.000000,325.303806,504.193024,-291.932884,320.022263,510.234906,-269.774363,320.654319,510.767832,-269.750301,321.371811,511.309244,-269.695141,315.705177,507.682183,-280.734490,312.865751,506.215172,-280.786760,309.737397,504.616198,-280.819499,318.791101,504.891174,-149.349999,299.729433,494.158556,-196.613113,329.242747,497.138420,-247.338469,323.177431,493.155747,-261.895769,357.703103,480.285790,-123.165382,288.890185,430.250097,-121.598358,371.038145,535.389854,-157.312716,278.342669,363.939260,-74.239112,378.487527,591.655695,-271.829727,275.506933,299.320029,-135.245869,376.838939,612.186769,-313.108326,268.570661,279.612334,-152.686413,374.556968,614.124634,-331.197816,269.746242,279.922289,-185.751495,374.289453,605.611278,-287.516600,274.235248,286.224791,-150.262754,368.098815,329.880956,-5.615492,317.617368,325.543130,5.343943,381.128200,233.322771,-61.553137,300.990722,231.495548,-52.859243,399.705940,149.754684,142.799003,267.141885,159.082463,162.948567,395.665366,140.032580,158.147459,261.730411,150.926517,179.596342,405.103216,122.289164,36.801541,263.279020,128.397392,57.933759
0.000000,0.000000,0.000000,0.000000,0.000000,0.000000,0.000000,0.000000,0.000000,0.000000,0.000000,0.000000,0.000000,0.000000,0.000000,0.000000,0.000000,0.000000,0.000000,0.000000,0.000000,0.000000,0.000000,0.000000,0.000000,0.000000,0.000000,0.000000,0.000000,0.000000,0.000000,0.000000,0.000000,0.000000,0.000000,0.000000,0.000000,0.000000,0.000000,0.000000,0.000000,0.000000,0.000000,0.000000,0.000000,0.000000,0.000000,0.000000,0.000000,0.000000,0.000000,0.000000,327.225326,502.468321,-284.538970,322.089082,508.542257,-262.225194,322.766160,509.052467,-262.199758,323.525173,509.564786,-262.145660,317.625399,506.071726,-273.445754,314.731697,504.645408,-273.499992,311.538216,503.074439,-273.532657,320.947428,503.102643,-142.108429,301.401842,492.634235,-190.934682,331.141612,495.342498,-240.107833,324.992241,491.479593,-255.064571,359.601747,478.169691,-116.415004,290.470117,428.560938,-118.199628,373.585170,533.551445,-150.627034,279.797764,362.294226,-72.043234,378.941236,589.732379,-262.547709,277.088965,297.765731,-130.996189,377.150304,610.442465,-302.808425,270.127342,277.927890,-147.492453,374.694620,612.319394,-320.247788,271.348441,278.260712,-179.834959,374.383331,603.521734,-277.956098,275.813113,284.608908,-145.502946,369.825524,327.821107,-4.771266,319.151307,323.432988,4.497614,382.642159,232.018242,-72.272558,301.831077,230.124916,-57.724654,399.561459,149.441953,132.521093,267.275334,158.740748,156.480456,395.199685,139.826364,148.059138,261.797984,150.706261,172.979272,405.353429,122.062600,28.729131,263.165253,128.007948,52.129136
0.000000,0.000000,0.000000,0.000000,0.000000,0.000000,0.000000,0.000000,0.000000,0.000000,0.000000,0.000000,0.000000,0.000000,0.000000,0.000000,0.000000,0.000000,0.000000,0.000000,0.000000,0.000000,0.000000,0.000000,0.000000,0.000000,0.000000,0.000000,0.000000,0.000000,0.000000,0.000000,0.000000,0.000000,0.000000,0.000000,0.000000,0.000000,0.000000,0.000000,0.000000,0.000000,0.000000,0.000000,0.000000,0.000000,0.000000,0.000000,0.000000,0.000000,0.000000,0.000000,329.077633,500.647012,-277.267694,324.117247,506.754152,-254.807198,324.848833,507.239464,-254.780196,325.658284,507.720232,-254.727479,319.495296,504.374982,-266.277623,316.550914,502.993270,-266.334119,313.296943,501.453283,-266.366798,323.119722,501.223901,-135.018575,303.054607,491.040232,-185.477523,332.982577,493.439030,-233.002680,326.752027,489.704811,-248.350799,361.523799,475.926366,-109.421409,292.023033,426.799174,-115.096675,376.459987,531.601865,-144.322270,281.240476,360.558919,-70.554829,379.221465,587.693341,-253.912922,278.644523,296.194629,-127.185991,377.215807,608.576157,-293.060498,271.648653,276.214515,-142.637858,374.540305,610.356680,-309.702201,272.923425,276.564715,-174.149649,374.200548,601.280377,-268.974564,277.363010,282.968345,-141.101597,371.566103,325.724891,-3.753365,320.680890,321.247329,3.477696,384.188232,230.823397,-84.508172,302.570690,228.764474,-62.975689,399.243854,149.278793,120.561749,267.266656,158.399495,149.008788,394.515267,139.758994,136.259991,261.747094,150.506316,165.271972,405.567124,121.946282,19.015610,262.907646,127.623811,45.153112
0.000000,0.000000,0.000000,0.000000,0.000000,0.000000,0.000000,0.000000,0.000000,0.000000,0.000000,0.000000,0.000000,0.000000,0.000000,0.000000,0.000000,0.000000,0.000000,0.000000,0.000000,0.000000,0.000000,0.000000,0.000000,0.000000,0.000000,0.000000,0.000000,0.000000,0.000000,0.000000,0.000000,0.000000,0.000000,0.000000,0.000000,0.000000,0.000000,0.000000,0.000000,0.000000,0.000000,0.000000,0.000000,0.000000,0.000000,0.000000,0.000000,0.000000,0.000000,0.000000,330.860727,498.729097,-270.119057,326.106760,504.870592,-247.520375,326.902337,505.328823,-247.491615,327.771145,505.775583,-247.440597,321.314866,502.591952,-259.230097,318.323404,501.258756,-259.289139,315.013575,499.752727,-259.321921,325.307982,499.254948,-128.080436,304.687727,489.376546,-180.241637,334.765642,491.428018,-226.023010,328.456788,487.831403,-241.754451,363.469259,473.555816,-102.184598,293.548932,424.964806,-112.289500,379.662594,529.541115,-138.398426,282.670805,358.733339,-69.773898,379.328216,585.538581,-245.925365,280.173607,294.606724,-123.815274,377.035450,606.587845,-283.864544,273.134594,274.472210,-138.122630,374.094021,608.236493,-299.561054,274.471192,274.834297,-168.695563,373.741103,598.887207,-260.571998,278.884940,281.303105,-137.058705,373.320552,323.592310,-2.561789,322.206116,318.986154,2.284191,385.766418,229.738235,-98.259979,303.209561,227.414222,-68.612346,398.753126,149.265205,106.920973,267.115851,158.058705,140.533564,393.612113,139.830469,122.750016,261.577743,150.326682,156.474443,405.744302,121.940212,7.660978,262.506197,127.244981,37.005686
0.000000,0.000000,0.000000,0.000000,0.000000,0.000000,0.000000,0.000000,0.000000,0.000000,0.000000,0.000000,0.000000,0.000000,0.000000,0.000000,0.000000,0.000000,0.000000,0.000000,0.000000,0.000000,0.000000,0.000000,0.000000,0.000000,0.000000,0.000000,0.000000,0.000000,0.000000,0.000000,0.000000,0.000000,0.000000,0.000000,0.000000,0.000000,0.000000,0.000000,0.000000,0.000000,0.000000,0.000000,0.000000,0.000000,0.000000,0.000000,0.000000,0.000000,0.000000,0.000000,332.574608,496.714576,-263.093059,328.057620,502.891576,-240.364726,328.926674,503.320544,-240.334015,329.863756,503.730839,-240.285014,323.084111,500.722636,-252.303176,320.049165,499.441868,-252.365053,316.688114,497.972774,-252.398025,327.512209,497.195785,-121.294012,306.301202,487.643177,-175.227022,336.490808,489.309460,-219.168823,330.106526,485.859368,-235.275529,365.438126,471.058041,-94.704570,295.047814,423.057834,-109.778102,383.192992,527.369196,-132.855500,284.088750,356.817487,-69.700441,379.261489,583.268099,-238.585039,281.676216,293.002015,-120.884040,376.609231,604.477531,-275.220563,274.585165,272.700975,-133.946767,373.355770,605.958833,-289.824349,275.991744,273.069459,-163.472703,373.004997,596.342223,-252.748402,280.378902,279.613186,-133.374272,375.088872,321.423362,-1.196537,323.726986,316.649461,0.917097,387.376718,228.762757,-113.527978,303.747689,226.074160,-74.634627,398.089275,149.401188,91.598764,266.822919,157.718379,131.054782,392.490222,140.040789,107.529215,261.289929,150.167359,146.586684,405.884963,122.044389,-5.334765,261.960908,126.871458,27.686859
0.000000,0.000000,0.000000,0.000000,0.000000,0.000000,0.000000,0.000000,0.000000,0.000000,0.000000,0.000000,0.000000,0.000000,0.000000,0.000000,0.000000,0.000000,0.000000,0.000000,0.000000,0.000000,0.000000,0.000000,0.000000,0.000000,0.000000,0.000000,0.000000,0.000000,0.000000,0.000000,0.000000,0.000000,0.000000,0.000000,0.000000,0.000000,0.000000,0.000000,0.000000,0.000000,0.000000,0.000000,0.000000,0.000000,0.000000,0.000000,0.000000,0.000000,0.000000,0.000000,334.219276,494.603448,-256.189699,329.969827,500.817106,-233.340250,330.921843,501.214626,-233.307396,331.936117,501.586000,-233.260730,324.803030,498.767033,-245.496859,321.728199,497.542604,-245.561860,318.320559,496.113422,-245.595113,329.732402,495.046410,-114.659303,307.895032,485.840125,-170.433679,338.158074,487.083356,-212.440118,331.701239,483.788707,-228.914031,367.430401,468.433041,-86.981326,296.519679,421.078258,-107.562481,387.051181,525.086106,-127.693493,285.494313,354.811361,-70.334457,379.021284,580.881895,-231.891944,283.152352,291.380502,-118.392287,375.937150,602.245212,-267.128556,276.000367,270.900809,-130.110270,372.325551,603.523699,-280.492084,277.485080,271.270201,-158.481067,371.992230,593.645426,-245.503774,281.844897,277.898589,-130.048296,376.871062,319.218048,0.342390,325.243500,314.237252,-0.623584,389.019131,227.896962,-130.312171,304.185075,224.744288,-81.042531,397.252300,149.686743,74.595121,266.387861,157.378515,120.572443,391.149595,140.389955,90.597587,260.883654,150.028346,135.608694,405.989106,122.258812,-19.971620,261.271778,126.503242,17.196630
0.000000,0.000000,0.000000,0.000000,0.000000,0.000000,0.000000,0.000000,0.000000,0.000000,0.000000,0.000000,0.000000,0.000000,0.000000,0.000000,0.000000,0.000000,0.000000,0.000000,0.000000,0.000000,0.000000,0.000000,0.000000,0.000000,0.000000,0.000000,0.000000,0.000000,0.000000,0.000000,0.000000,0.000000,0.000000,0.000000,0.000000,0.000000,0.000000,0.000000,0.000000,0.000000,0.000000,0.000000,0.000000,0.000000,0.000000,0.000000,0.000000,0.000000,0.000000,0.000000,335.590194,492.919439,-259.186274,331.589080,499.058814,-236.253246,332.653449,499.404933,-236.221905,333.783922,499.728675,-236.181376,326.223015,497.102843,-248.245866,323.164803,495.868449,-248.310855,319.824341,494.432356,-248.342930,331.910590,493.428337,-116.968593,309.874622,484.377814,-174.762384,339.721815,485.225088,-215.240769,333.262198,482.062928,-231.429681,369.071826,466.598753,-84.802178,298.072879,419.781498,-110.974338,391.646511,522.693337,-132.705054,287.120249,353.442667,-81.135409,379.276734,578.984403,-236.753322,284.477789,290.423684,-124.290939,375.591594,600.774740,-269.920494,277.220064,269.766535,-136.494460,371.646736,601.281477,-290.625076,278.813207,269.994267,-165.160489,371.348852,591.485587,-253.895961,283.208071,276.750250,-136.231592,378.073040,318.244688,1.602226,326.609523,312.754819,-1.869605,390.310148,227.720863,-143.048084,304.729786,224.012293,-82.558157,396.665671,150.171640,63.180181,266.397499,156.827979,118.039683,390.690628,140.791381,79.371852,261.079446,149.628167,132.651240,405.924703,122.588843,-31.042262,261.247006,126.407377,14.564347
0.000000,0.000000,0.000000,0.000000,0.000000,0.000000,0.000000,0.000000,0.000000,0.000000,0.000000,0.000000,0.000000,0.000000,0.000000,0.000000,0.000000,0.000000,0.000000,0.000000,0.000000,0.000000,0.000000,0.000000,0.000000,0.000000,0.000000,0.000000,0.000000,0.000000,0.000000,0.000000,0.000000,0.000000,0.000000,0.000000,0.000000,0.000000,0.000000,0.000000,0.000000,0.000000,0.000000,0.000000,0.000000,0.000000,0.000000,0.000000,0.000000,0.000000,0.000000,0.000000,336.809845,491.537726,-260.404509,333.058806,497.670742,-237.565013,334.216321,498.001076,-237.532298,335.435838,498.310518,-237.493115,327.545929,495.760899,-248.914698,324.495205,494.536560,-248.981353,321.183171,493.107978,-249.012922,333.910979,492.077451,-118.285905,311.577977,483.189089,-174.842161,341.083349,483.720710,-216.479669,334.559456,480.592465,-231.801013,370.949164,464.956788,-84.662584,299.451246,418.615801,-110.916351,395.725438,520.749001,-139.924966,288.656593,352.121223,-83.991509,379.206791,576.546438,-247.828025,285.726982,289.325002,-126.109989,374.979776,598.266103,-280.739120,278.472866,268.593335,-138.169036,370.780267,598.172331,-301.321763,280.122029,268.764785,-166.526035,370.529627,588.441193,-265.008490,284.447501,275.601453,-137.837216,379.569327,317.019311,2.364214,328.061678,311.177714,-2.628167,391.614215,227.241751,-150.123129,305.204843,223.066123,-82.810449,396.107258,150.378653,56.402356,266.085197,156.350363,115.222732,389.949037,141.016873,72.327954,260.975441,149.348904,129.385958,405.946902,122.805947,-36.640415,260.852116,126.202644,11.557698
0.000000,0.000000,0.000000,0.000000,0.000000,0.000000,0.000000,0.000000,0.000000,0.000000,0.000000,0.000000,0.000000,0.000000,0.000000,0.000000,0.000000,0.000000,0.000000,0.000000,0.000000,0.000000,0.000000,0.000000,0.000000,0.000000,0.000000,0.000000,0.000000,0.000000,0.000000,0.000000,0.000000,0.000000,0.000000,0.000000,0.000000,0.000000,0.000000,0.000000,0.000000,0.000000,0.000000,0.000000,0.000000,0.000000,0.000000,0.000000,0.000000,0.000000,0.000000,0.000000,337.973163,490.490601,-261.562979,334.449939,496.599505,-238.820647,335.689520,496.915653,-238.786804,336.988287,497.213657,-238.748477,328.818504,494.729689,-249.498852,325.783130,493.513633,-249.566803,322.501297,492.090755,-249.597872,335.797567,491.038251,-119.595053,313.225188,482.284955,-174.525147,342.374313,482.560011,-217.685046,335.799945,479.454047,-232.098382,372.759884,463.613587,-84.723131,300.823077,417.731625,-110.257906,399.687676,519.032845,-147.220241,290.207268,351.066201,-85.771432,379.295178,574.272393,-259.157763,286.967606,288.509971,-127.236722,374.521909,595.857620,-291.981721,279.718268,267.730817,-139.201047,370.077367,595.197035,-312.070055,281.411362,267.849072,-167.324354,369.897379,585.554676,-276.184385,285.671540,274.737342,-138.798342,381.048652,316.047242,2.858468,329.517229,309.947209,-3.117763,392.821712,226.921856,-155.762082,305.697183,222.458664,-83.236760,395.623788,150.604133,50.443400,265.864020,155.936419,111.570204,389.309100,141.258538,66.033274,260.968410,149.090623,125.230292,405.938351,123.006688,-41.836426,260.532329,126.051097,7.457110
0.000000,0.000000,0.000000,0.000000,0.000000,0.000000,0.000000,0.000000,0.000000,0.000000,0.000000,0.000000,0.000000,0.000000,0.000000,0.000000,0.000000,0.000000,0.000000,0.000000,0.000000,0.000000,0.000000,0.000000,0.000000,0.000000,0.000000,0.000000,0.000000,0.000000,0.000000,0.000000,0.000000,0.000000,0.000000,0.000000,0.000000,0.000000,0.000000,0.000000,0.000000,0.000000,0.000000,0.000000,0.000000,0.000000,0.000000,0.000000,0.000000,0.000000,0.000000,0.000000,339.080148,489.778063,-262.661684,335.762480,495.845103,-240.020148,337.073047,496.148665,-239.985423,338.441267,496.438092,-239.947463,330.040739,494.009215,-249.998327,327.028576,492.799670,-250.067204,323.778718,491.380686,-250.097780,337.570354,490.310736,-120.896034,314.816254,481.665412,-173.811342,343.594706,481.742991,-218.856902,336.983667,478.647672,-232.321789,374.503986,462.569151,-84.983819,302.188371,417.128972,-108.999002,403.533225,517.544869,-154.590879,291.772274,350.277601,-86.475180,379.541893,572.162267,-270.742535,288.199660,287.978591,-127.671137,374.217991,593.549288,-303.648298,280.956272,267.178981,-139.590490,369.538036,592.355588,-322.869952,282.681206,267.247128,-167.555445,369.452111,582.826038,-287.423646,286.880190,274.157916,-139.114968,382.511014,315.328482,3.084986,330.976175,309.063305,-3.338390,393.932637,226.761177,-159.964942,306.206805,222.189916,-83.837091,395.215260,150.848081,45.303312,265.733967,155.586144,107.082099,388.770819,141.516376,60.487810,261.058355,148.853325,120.184244,405.899049,123.191065,-46.630297,260.287643,125.952736,2.262583
0.000000,0.000000,0.000000,0.000000,0.000000,0.000000,0.000000,0.000000,0.000000,0.000000,0.000000,0.000000,0.000000,0.000000,0.000000,0.000000,0.000000,0.000000,0.000000,0.000000,0.000000,0.000000,0.000000,0.000000,0.000000,0.000000,0.000000,0.000000,0.000000,0.000000,0.000000,0.000000,0.000000,0.000000,0.000000,0.000000,0.000000,0.000000,0.000000,0.000000,0.000000,0.000000,0.000000,0.000000,0.000000,0.000000,0.000000,0.000000,0.000000,0.000000,0.000000,0.000000,340.130800,489.400113,-263.700626,336.996428,495.407536,-241.163516,338.366902,495.700111,-241.128154,339.794780,495.983823,-241.090073,331.212633,493.599477,-250.413123,328.231546,492.394669,-250.482556,325.015435,490.977771,-250.512645,339.229340,489.894908,-122.188851,316.351176,481.330461,-172.700745,344.744529,481.269651,-219.995235,338.110620,478.173340,-232.471234,376.181469,461.823479,-85.444647,303.547129,416.807841,-107.139640,407.262084,516.285075,-162.036880,293.351610,349.755423,-86.102753,379.946937,570.216061,-282.582342,289.423145,287.730862,-127.413235,374.068024,591.341110,-315.738851,282.186877,266.937827,-139.337367,369.162273,589.647991,-333.721452,283.931562,266.958952,-167.219308,369.193821,580.255277,-298.726274,288.073450,273.863176,-138.787095,383.956413,314.863030,3.043769,332.438517,308.526002,-3.290051,394.946991,226.759716,-162.731710,306.733710,222.259879,-84.611441,394.881675,151.110496,40.982092,265.695037,155.299540,101.758418,388.334193,141.790387,55.691563,261.245275,148.637010,114.247814,405.828995,123.359078,-51.022028,260.118058,125.907560,-4.025884
0.000000,0.000000,0.000000,0.000000,0.000000,0.000000,0.000000,0.000000,0.000000,0.000000,0.000000,0.000000,0.000000,0.000000,0.000000,0.000000,0.000000,0.000000,0.000000,0.000000,0.000000,0.000000,0.000000,0.000000,0.000000,0.000000,0.000000,0.000000,0.000000,0.000000,0.000000,0.000000,0.000000,0.000000,0.000000,0.000000,0.000000,0.000000,0.000000,0.000000,0.000000,0.000000,0.000000,0.000000,0.000000,0.000000,0.000000,0.000000,0.000000,0.000000,0.000000,0.000000,341.125119,489.356749,-264.679803,338.151785,495.286805,-242.250751,339.571084,495.569992,-242.214998,341.048825,495.850850,-242.176306,332.334188,493.500474,-250.743240,329.392038,492.298632,-250.812859,326.211447,490.882010,-250.842468,340.774524,489.790765,-123.473501,317.829954,481.280101,-171.193357,345.823782,481.139989,-221.100046,339.180805,478.031052,-232.546717,377.792333,461.376571,-86.105616,304.899351,416.768231,-104.679820,410.874255,515.253461,-169.558244,294.945277,349.499667,-84.654149,380.510310,568.433775,-294.677182,290.638061,287.766784,-126.463015,374.072008,589.233084,-328.253379,283.410082,267.007355,-138.441678,368.950079,587.074244,-344.624557,285.162429,266.984546,-166.315944,369.122510,577.842394,-310.092269,289.251320,273.853121,-137.814723,385.384850,314.650887,2.734818,333.904255,308.335298,-2.972744,395.864774,226.917471,-164.062386,307.277897,222.668554,-85.559811,394.623033,151.391378,37.479740,265.747232,155.076607,95.599159,387.999223,142.080571,51.644534,261.529169,148.441679,107.421000,405.728190,123.510728,-55.011618,260.023576,125.915570,-11.408289
0.000000,0.000000,0.000000,0.000000,0.000000,0.000000,0.000000,0.000000,0.000000,0.000000,0.000000,0.000000,0.000000,0.000000,0.000000,0.000000,0.000000,0.000000,0.000000,0.000000,0.000000,0.000000,0.000000,0.000000,0.000000,0.000000,0.000000,0.000000,0.000000,0.000000,0.000000,0.000000,0.000000,0.000000,0.000000,0.000000,0.000000,0.000000,0.000000,0.000000,0.000000,0.000000,0.000000,0.000000,0.000000,0.000000,0.000000,0.000000,0.000000,0.000000,0.000000,0.000000,342.063105,489.647973,-265.599216,339.228548,495.482909,-243.281854,340.685595,495.758307,-243.245954,342.203402,496.039173,-243.206163,333.405404,493.712206,-250.988679,330.510052,492.511558,-251.058114,327.366754,491.093404,-251.087249,342.205907,489.998308,-124.749986,319.252587,481.514333,-169.289177,346.832464,481.354007,-222.171335,340.194222,478.220808,-232.548237,379.336580,461.228428,-86.966725,306.245036,417.010144,-101.619540,414.369737,514.450027,-177.154972,296.553275,349.510332,-82.129370,381.232012,566.815407,-307.027058,291.844407,288.086357,-124.820478,374.229941,587.225210,-341.191882,284.625889,267.387566,-136.903422,368.901454,584.634346,-355.579266,286.373808,267.323909,-164.845353,369.238178,575.587389,-321.521629,290.413800,274.127752,-136.197852,386.796324,314.692053,2.158132,335.373387,308.491196,-2.386469,396.685986,227.234443,-163.956969,307.839366,223.415940,-86.682200,394.439334,151.690727,34.796256,265.890550,154.917343,88.604323,387.765907,142.386928,48.346721,261.910039,148.267330,99.703803,405.596634,123.646014,-58.599067,260.004196,125.976766,-19.884634
0.000000,0.000000,0.000000,0.000000,0.000000,0.000000,0.000000,0.000000,0.000000,0.000000,0.000000,0.000000,0.000000,0.000000,0.000000,0.000000,0.000000,0.000000,0.000000,0.000000,0.000000,0.000000,0.000000,0.000000,0.000000,0.000000,0.000000,0.000000,0.000000,0.000000,0.000000,0.000000,0.000000,0.000000,0.000000,0.000000,0.000000,0.000000,0.000000,0.000000,0.000000,0.000000,0.000000,0.000000,0.000000,0.000000,0.000000,0.000000,0.000000,0.000000,0.000000,0.000000,342.944758,490.273784,-266.458865,340.226720,495.995848,-244.256823,341.710432,496.265057,-244.221023,343.258511,496.548793,-244.179643,334.426279,494.234674,-251.149439,331.585589,493.033447,-251.218320,328.481357,491.611952,-251.246987,343.523489,490.517537,-126.018306,320.619076,482.033156,-166.988206,347.770576,481.911704,-223.209102,341.150871,478.742607,-232.475794,380.814207,461.379050,-88.027975,307.584184,417.533579,-97.958803,417.748530,513.874775,-184.827062,298.175603,349.787419,-78.528416,382.112043,565.360960,-319.631967,293.042184,288.689581,-122.485624,374.541825,585.317489,-354.554361,285.834297,268.078458,-134.722600,369.016398,582.328298,-366.585580,287.565698,267.977041,-162.807534,369.540825,573.490261,-333.014356,291.560890,274.687069,-133.936481,388.190835,314.986528,1.313711,336.845916,308.993693,-1.531227,397.410628,227.710632,-162.415460,308.418118,224.502037,-87.978608,394.330578,152.008544,32.931640,266.124993,154.821751,80.773910,387.634247,142.709458,45.798125,262.387883,148.113964,91.096223,405.434327,123.764936,-61.784376,260.059917,126.091148,-29.454918
0.000000,0.000000,0.000000,0.000000,0.000000,0.000000,0.000000,0.000000,0.000000,0.000000,0.000000,0.000000,0.000000,0.000000,0.000000,0.000000,0.000000,0.000000,0.000000,0.000000,0.000000,0.000000,0.000000,0.000000,0.000000,0.000000,0.000000,0.000000,0.000000,0.000000,0.000000,0.000000,0.000000,0.000000,0.000000,0.000000,0.000000,0.000000,0.000000,0.000000,0.000000,0.000000,0.000000,0.000000,0.000000,0.000000,0.000000,0.000000,0.000000,0.000000,0.000000,0.000000,343.770078,491.234182,-267.258749,341.146299,496.825623,-245.175660,342.645598,497.090241,-245.140205,344.214153,497.379708,-245.096747,335.396815,495.067877,-251.225521,332.618648,493.864299,-251.293477,329.555255,492.437654,-251.321684,344.727270,491.348451,-127.278460,321.929421,482.836570,-164.290444,348.638117,482.813080,-224.213347,342.050751,479.596450,-232.329389,382.225216,461.828436,-89.289365,308.916796,418.338536,-93.697607,421.010634,513.527703,-192.574516,299.812262,350.330928,-73.851285,383.150403,564.070432,-332.491911,294.231392,289.576456,-119.458452,375.007660,583.509921,-368.340816,287.035306,269.080032,-131.899210,369.294910,580.156100,-377.643498,288.738100,268.943942,-160.202488,370.030450,571.551012,-344.570449,292.692590,275.531071,-131.030611,389.568383,315.534311,0.201555,338.321840,309.842791,-0.407017,398.038698,228.346038,-159.437859,309.014152,225.926846,-89.449035,394.296765,152.344828,31.885892,266.450559,154.789828,72.107921,387.604242,143.048161,43.998747,262.962703,147.981581,81.598260,405.241269,123.867494,-64.567544,260.190740,126.258715,-40.119142
0.000000,0.000000,0.000000,0.000000,0.000000,0.000000,0.000000,0.000000,0.000000,0.000000,0.000000,0.000000,0.000000,0.000000,0.000000,0.000000,0.000000,0.000000,0.000000,0.000000,0.000000,0.000000,0.000000,0.000000,0.000000,0.000000,0.000000,0.000000,0.000000,0.000000,0.000000,0.000000,0.000000,0.000000,0.000000,0.000000,0.000000,0.000000,0.000000,0.000000,0.000000,0.000000,0.000000,0.000000,0.000000,0.000000,0.000000,0.000000,0.000000,0.000000,0.000000,0.000000,344.539065,492.529167,-267.998869,341.987286,497.972232,-246.038364,343.491091,498.233859,-246.003499,345.070326,498.531919,-245.957475,336.317010,496.211815,-251.216923,333.609230,495.004115,-251.283585,330.588449,493.570510,-251.311337,345.817250,492.491052,-128.530448,323.183622,483.924576,-161.195890,349.435089,484.058136,-225.184070,342.893864,480.782337,-232.109022,383.569607,462.576586,-90.750896,310.242872,419.425015,-88.835953,424.156049,513.408811,-200.397332,301.463251,351.140859,-68.097980,384.347092,562.943824,-345.606890,295.412030,290.746982,-115.738963,375.627444,581.802505,-382.551247,288.228916,270.392289,-128.433255,369.736992,578.117751,-388.753020,289.891013,270.224612,-157.030214,370.707053,569.769640,-356.189909,293.808901,276.659759,-127.480242,390.928969,316.335403,-1.178335,339.801160,311.038490,0.986160,398.570197,229.140661,-155.024165,309.627469,227.690366,-91.093482,394.337894,152.699579,31.659012,266.867250,154.821576,62.606354,387.675892,143.403037,42.948585,263.634497,147.870181,71.209914,405.017460,123.953688,-66.948572,260.396665,126.479468,-51.877304
0.000000,0.000000,0.000000,0.000000,0.000000,0.000000,0.000000,0.000000,0.000000,0.000000,0.000000,0.000000,0.000000,0.000000,0.000000,0.000000,0.000000,0.000000,0.000000,0.000000,0.000000,0.000000,0.000000,0.000000,0.000000,0.000000,0.000000,0.000000,0.000000,0.000000,0.000000,0.000000,0.000000,0.000000,0.000000,0.000000,0.000000,0.000000,0.000000,0.000000,0.000000,0.000000,0.000000,0.000000,0.000000,0.000000,0.000000,0.000000,0.000000,0.000000,0.000000,0.000000,345.251718,494.158739,-268.679225,342.749680,499.435677,-246.844935,344.246912,499.695912,-246.810906,345.827032,500.005426,-246.761826,337.186866,497.666488,-251.123647,334.557334,496.452893,-251.188645,331.580938,495.010520,-251.215949,346.793428,493.945338,-129.774271,324.381678,485.297174,-157.704545,350.161490,485.646870,-226.121270,343.680208,482.300267,-231.814693,384.847379,463.623501,-92.412568,311.562411,420.793017,-83.373840,427.184775,513.518101,-208.295512,303.128572,352.217212,-61.268498,385.702110,561.981135,-358.976902,296.584099,292.201158,-111.327156,376.401179,580.195242,-397.185652,289.415127,272.015228,-124.324733,370.342642,576.213252,-399.914146,291.024438,271.819050,-153.290713,371.570636,568.146146,-367.872735,294.909821,278.073133,-123.285373,392.272593,317.389804,-2.825961,341.283875,312.580789,2.648304,399.005125,230.094500,-149.174379,310.258069,229.792597,-92.911948,394.453966,153.072798,32.251001,267.375064,154.916995,52.269210,387.849197,143.774086,42.647640,264.403266,147.779764,59.931186,404.762900,124.023519,-68.927459,260.677692,126.753407,-64.729406
0.000000,0.000000,0.000000,0.000000,0.000000,0.000000,0.000000,0.000000,0.000000,0.000000,0.000000,0.000000,0.000000,0.000000,0.000000,0.000000,0.000000,0.000000,0.000000,0.000000,0.000000,0.000000,0.000000,0.000000,0.000000,0.000000,0.000000,0.000000,0.000000,0.000000,0.000000,0.000000,0.000000,0.000000,0.000000,0.000000,0.000000,0.000000,0.000000,0.000000,0.000000,0.000000,0.000000,0.000000,0.000000,0.000000,0.000000,0.000000,0.000000,0.000000,0.000000,0.000000,345.908039,496.122899,-269.299816,343.433482,501.215958,-247.595373,344.913061,501.476400,-247.562426,346.484270,501.800229,-247.509801,338.006382,499.431897,-250.945693,335.462961,498.210634,-251.008656,332.532723,496.757685,-251.035518,347.655805,495.711310,-131.009928,325.523590,486.954362,-153.816408,350.817320,487.579284,-227.024948,344.409784,484.150241,-231.446401,386.058533,464.969180,-94.274380,312.875413,422.442540,-77.311268,430.096811,513.855571,-216.269055,304.808223,353.559987,-53.362841,387.215456,561.182366,-372.601949,297.747599,293.938986,-106.223032,377.328865,578.688131,-412.244034,290.593939,273.948848,-119.573644,371.111861,574.442602,-411.126877,292.138374,273.727258,-148.983984,372.621197,566.680529,-379.618927,295.995352,279.771192,-118.446005,393.599253,318.697513,-4.741321,342.769986,314.469688,4.579416,399.343482,231.207557,-141.888501,310.905950,232.233540,-94.904433,394.644982,153.464484,33.661857,267.974002,155.076083,41.096490,388.124157,144.161308,43.095912,265.269011,147.710330,47.762074,404.477588,124.076986,-70.504205,261.033820,127.080532,-78.675447
0.000000,0.000000,0.000000,0.000000,0.000000,0.000000,0.000000,0.000000,0.000000,0.000000,0.000000,0.000000,0.000000,0.000000,0.000000,0.000000,0.000000,0.000000,0.000000,0.000000,0.000000,0.000000,0.000000,0.000000,0.000000,0.000000,0.000000,0.000000,0.000000,0.000000,0.000000,0.000000,0.000000,0.000000,0.000000,0.000000,0.000000,0.000000,0.000000,0.000000,0.000000,0.000000,0.000000,0.000000,0.000000,0.000000,0.000000,0.000000,0.000000,0.000000,0.000000,0.000000,346.508027,498.421645,-269.860644,344.038692,503.313073,-248.289679,345.489538,503.575322,-248.258058,347.042040,503.916329,-248.201399,338.775559,501.508042,-250.683060,336.326110,500.277339,-250.743619,333.443803,498.812004,-250.770045,348.404381,497.788967,-132.237420,326.609358,488.896143,-149.531481,351.402581,489.855376,-227.895104,345.082591,486.332259,-231.004146,387.203068,466.613624,-96.336333,314.181879,424.373585,-70.648238,432.892159,514.421221,-224.317961,306.502204,355.169183,-44.381008,388.887132,560.547516,-386.482031,298.902529,295.960465,-100.426591,378.410501,577.281173,-427.726391,291.765352,276.193151,-114.179989,372.044648,572.805803,-422.391212,293.232822,275.949235,-144.110028,373.858737,565.372791,-391.428486,297.065493,281.753937,-112.962138,394.908951,320.258531,-6.924416,344.259492,316.705188,6.779495,399.585268,232.479830,-133.166530,311.571115,235.013194,-97.070938,394.910939,153.874637,35.891582,268.664064,155.298843,29.088192,388.500773,144.564703,44.293401,266.231730,147.661878,34.702580,404.161526,124.114090,-71.678811,261.465051,127.460842,-93.715427
0.000000,0.000000,0.000000,0.000000,0.000000,0.000000,0.000000,0.000000,0.000000,0.000000,0.000000,0.000000,0.000000,0.000000,0.000000,0.000000,0.000000,0.000000,0.000000,0.000000,0.000000,0.000000,0.000000,0.000000,0.000000,0.000000,0.000000,0.000000,0.000000,0.000000,0.000000,0.000000,0.000000,0.000000,0.000000,0.000000,0.000000,0.000000,0.000000,0.000000,0.000000,0.000000,0.000000,0.000000,0.000000,0.000000,0.000000,0.000000,0.000000,0.000000,0.000000,0.000000,347.051681,501.054979,-270.361707,344.565309,505.727024,-248.927851,345.976342,505.992678,-248.897803,347.500342,506.353724,-248.836621,339.494395,503.894922,-250.335748,337.146782,502.653007,-250.393532,334.314178,501.173477,-250.419529,349.039156,500.178311,-133.456746,327.638981,491.122514,-144.849761,351.917270,492.475148,-228.731738,345.698631,488.846320,-230.487929,388.280985,468.556832,-98.598426,315.481809,426.586153,-63.384750,435.570818,515.215053,-232.442230,308.210517,357.044802,-34.322999,390.717136,560.076586,-400.617147,300.048890,298.265594,-93.937832,379.646087,575.974367,-443.632724,292.929366,278.748136,-108.143767,373.141005,571.302853,-433.707152,294.307781,278.484981,-138.668844,375.283256,564.222930,-403.301411,298.120244,284.021368,-106.833772,396.201686,322.072858,-9.375246,345.752394,319.287289,9.248542,399.730483,233.911320,-123.008467,312.253561,238.131559,-99.411462,395.251840,154.303257,38.940174,269.445250,155.585272,16.244318,388.979043,144.984270,46.240107,267.291424,147.634410,20.752702,403.814712,124.134829,-72.451276,261.971383,127.894338,-109.849347
0.000000,0.000000,0.000000,0.000000,0.000000,0.000000,0.000000,0.000000,0.000000,0.000000,0.000000,0.000000,0.000000,0.000000,0.000000,0.000000,0.000000,0.000000,0.000000,0.000000,0.000000,0.000000,0.000000,0.000000,0.000000,0.000000,0.000000,0.000000,0.000000,0.000000,0.000000,0.000000,0.000000,0.000000,0.000000,0.000000,0.000000,0.000000,0.000000,0.000000,0.000000,0.000000,0.000000,0.000000,0.000000,0.000000,0.000000,0.000000,0.000000,0.000000,0.000000,0.000000,347.539003,504.022900,-270.803005,345.013334,508.457809,-249.509891,346.373474,508.728469,-249.481660,347.859176,509.112415,-249.415467,340.162892,506.592537,-249.903757,337.924976,505.337637,-249.958397,335.143849,503.842104,-249.983971,349.560129,502.879340,-134.667907,328.612460,493.633477,-139.771251,352.361390,495.438600,-229.534850,346.257902,491.692425,-229.897750,389.292284,470.798805,-101.060660,316.775202,429.080242,-55.520803,438.132788,516.237065,-240.641862,309.933160,359.186842,-23.188815,392.705469,559.769575,-415.007297,301.186681,300.854375,-86.756756,381.035623,574.767714,-459.963032,294.085981,281.613803,-101.464978,374.400930,569.933752,-445.074696,295.363252,281.334496,-132.660433,376.894753,563.230947,-415.237703,299.159605,286.573484,-100.060907,397.477459,324.140494,-12.093811,347.248691,322.215989,11.986556,399.779126,235.502027,-111.414311,312.953291,241.588636,-101.926005,395.667684,154.750345,42.807635,270.317560,155.935372,2.564867,389.558969,145.420011,48.936030,268.448093,147.627925,5.912442,403.437147,124.139205,-72.821601,262.552817,128.381020,-127.077205
0.000000,0.000000,0.000000,0.000000,0.000000,0.000000,0.000000,0.000000,0.000000,0.000000,0.000000,0.000000,0.000000,0.000000,0.000000,0.000000,0.000000,0.000000,0.000000,0.000000,0.000000,0.000000,0.000000,0.000000,0.000000,0.000000,0.000000,0.000000,0.000000,0.000000,0.000000,0.000000,0.000000,0.000000,0.000000,0.000000,0.000000,0.000000,0.000000,0.000000,0.000000,0.000000,0.000000,0.000000,0.000000,0.000000,0.000000,0.000000,0.000000,0.000000,0.000000,0.000000,347.969991,507.325408,-271.184540,345.382766,511.505431,-250.035798,346.680934,511.782695,-250.009630,348.118543,512.192402,-249.937936,340.781048,509.600887,-249.387088,338.660693,508.331231,-249.438213,335.932815,506.817886,-249.463371,349.967301,505.892055,-135.870902,329.529795,496.429032,-134.295949,352.734939,498.745730,-230.304439,346.760405,494.870573,-229.233609,390.236964,473.339542,-103.723034,318.062059,431.855854,-47.056398,440.578069,517.487257,-248.916857,311.670133,361.595304,-10.978456,394.852132,559.626484,-429.652482,302.315903,303.726806,-78.883362,382.579110,573.661214,-476.717316,295.235198,284.790153,-94.143623,375.824424,568.698501,-456.493844,296.399234,284.497780,-126.084794,378.693229,562.396842,-427.237360,300.183576,289.410286,-92.643542,398.736269,326.461438,-15.080111,348.748384,325.491291,14.993538,399.731199,237.251951,-98.384063,313.670302,245.384424,-104.614568,396.158470,155.215900,47.493964,271.280994,156.349142,-11.950162,390.240550,145.871925,52.381170,269.701737,147.642423,-9.818202,403.028831,124.127218,-72.789785,263.209352,128.920888,-145.399003
0.000000,0.000000,0.000000,0.000000,0.000000,0.000000,0.000000,0.000000,0.000000,0.000000,0.000000,0.000000,0.000000,0.000000,0.000000,0.000000,0.000000,0.000000,0.000000,0.000000,0.000000,0.000000,0.000000,0.000000,0.000000,0.000000,0.000000,0.000000,0.000000,0.000000,0.000000,0.000000,0.000000,0.000000,0.000000,0.000000,0.000000,0.000000,0.000000,0.000000,0.000000,0.000000,0.000000,0.000000,0.000000,0.000000,0.000000,0.000000,0.000000,0.000000,0.000000,0.000000,348.344647,510.962503,-271.506310,345.673606,514.869887,-250.505572,346.898721,515.155355,-250.481713,348.278441,515.593686,-250.404029,341.348865,512.919973,-248.785740,339.353932,511.633788,-248.832980,336.681077,510.100821,-248.857729,350.260672,509.216456,-137.065731,330.390986,499.509178,-128.423855,353.037918,502.396539,-231.040507,347.206140,498.380765,-228.495505,391.115025,476.179044,-106.585549,319.342379,434.912988,-37.991534,442.906660,518.965631,-257.267215,313.421438,364.270188,2.308080,397.157123,559.647313,-444.552701,303.436556,306.882889,-70.317651,384.276547,572.654866,-493.895575,296.377015,288.277184,-86.179702,377.411486,567.597100,-467.964596,297.415727,287.974834,-118.941928,380.678684,561.720615,-439.300384,301.192158,292.531774,-84.581678,399.978116,329.035691,-18.334145,350.251472,329.113192,18.269487,399.586701,239.161091,-83.917723,314.404596,249.518923,-107.477150,396.724200,155.699922,52.999161,272.335552,156.826583,-27.300767,391.023786,146.340011,56.575527,271.052356,147.677903,-26.439228,402.589764,124.098866,-72.355829,263.940990,129.513941,-164.814740
0.000000,0.000000,0.000000,0.000000,0.000000,0.000000,0.000000,0.000000,0.000000,0.000000,0.000000,0.000000,0.000000,0.000000,0.000000,0.000000,0.000000,0.000000,0.000000,0.000000,0.000000,0.000000,0.000000,0.000000,0.000000,0.000000,0.000000,0.000000,0.000000,0.000000,0.000000,0.000000,0.000000,0.000000,0.000000,0.000000,0.000000,0.000000,0.000000,0.000000,0.000000,0.000000,0.000000,0.000000,0.000000,0.000000,0.000000,0.000000,0.000000,0.000000,0.000000,0.000000,348.662969,514.934186,-271.768316,345.885854,518.551179,-250.919213,347.026836,518.846449,-250.897908,348.338872,519.316265,-250.813746,341.866343,516.549794,-248.099713,340.004693,515.245309,-248.142699,337.388634,513.690911,-248.167044,350.440242,512.852543,-138.252395,331.196032,502.873915,-122.154971,353.270327,506.391028,-231.743052,347.595107,502.223001,-227.683438,391.926468,479.317310,-109.648204,320.616163,438.251644,-28.326212,445.118563,520.672185,-265.692936,315.187073,367.211494,16.670791,399.620443,559.832061,-459.707954,304.548639,310.322622,-61.059623,386.127934,571.748670,-511.497810,297.511433,292.074897,-77.573214,379.162118,566.629549,-479.486953,298.412732,291.765656,-111.231835,382.851117,561.202265,-451.426775,302.185349,295.937947,-75.875314,401.203001,331.863253,-21.855915,351.757956,333.081694,21.814404,399.345632,241.229449,-68.015290,315.156173,253.992133,-110.513751,397.364872,156.202412,59.323226,273.481234,157.367694,-43.486949,391.908678,146.824271,61.519101,272.499950,147.734367,-43.950638,402.119946,124.054151,-71.519732,264.747729,130.160181,-185.324416
0.000000,0.000000,0.000000,0.000000,0.000000,0.000000,0.000000,0.000000,0.000000,0.000000,0.000000,0.000000,0.000000,0.000000,0.000000,0.000000,0.000000,0.000000,0.000000,0.000000,0.000000,0.000000,0.000000,0.000000,0.000000,0.000000,0.000000,0.000000,0.000000,0.000000,0.000000,0.000000,0.000000,0.000000,0.000000,0.000000,0.000000,0.000000,0.000000,0.000000,0.000000,0.000000,0.000000,0.000000,0.000000,0.000000,0.000000,0.000000,0.000000,0.000000,0.000000,0.000000,348.924958,519.240456,-271.970557,346.019510,522.549305,-251.276721,347.065279,522.855978,-251.258216,348.299835,523.360140,-251.167086,342.333480,520.490350,-247.329008,340.612977,519.165792,-247.367369,338.055487,517.588155,-247.391317,350.506011,516.800315,-139.430893,331.944934,506.523244,-115.489295,353.432165,510.729196,-232.412075,347.927305,506.397280,-226.797410,392.671293,482.754341,-112.911000,321.883410,441.871822,-18.060431,447.213777,522.606919,-274.194021,316.967038,370.419221,32.109678,402.242092,560.180728,-475.118242,305.652153,314.046007,-51.109277,388.133272,570.942628,-529.524020,298.638453,296.183293,-68.324159,381.076318,565.795847,-491.060914,299.390249,295.870247,-102.954514,385.210529,560.841794,-463.616532,303.163151,299.628806,-66.524452,402.410923,334.944123,-25.645419,353.267836,337.396797,25.628288,399.007992,243.457023,-50.676765,315.925032,258.804055,-113.724371,398.080487,156.723369,66.466159,274.718040,157.972476,-60.508709,392.895224,147.324703,67.211891,274.044519,147.811814,-62.352430,401.619376,123.993072,-70.281494,265.629571,130.859606,-206.928032
0.000000,0.000000,0.000000,0.000000,0.000000,0.000000,0.000000,0.000000,0.000000,0.000000,0.000000,0.000000,0.000000,0.000000,0.000000,0.000000,0.000000,0.000000,0.000000,0.000000,0.000000,0.000000,0.000000,0.000000,0.000000,0.000000,0.000000,0.000000,0.000000,0.000000,0.000000,0.000000,0.000000,0.000000,0.000000,0.000000,0.000000,0.000000,0.000000,0.000000,0.000000,0.000000,0.000000,0.000000,0.000000,0.000000,0.000000,0.000000,0.000000,0.000000,0.000000,0.000000,349.130614,523.881312,-272.113035,346.074573,526.864267,-251.578097,347.014049,527.183941,-251.562636,348.161330,527.725312,-251.464050,342.750278,524.741642,-246.473624,341.178784,523.395238,-246.506990,338.681634,521.792553,-246.530547,350.457978,521.059773,-140.601226,332.637692,510.457164,-108.426827,353.523433,515.411043,-233.047576,348.202735,510.903603,-225.837418,393.349499,486.490136,-116.373937,323.144121,445.773522,-7.194192,449.192301,524.769835,-282.770468,318.761335,373.893371,48.624740,405.022070,560.693316,-490.783564,306.747098,318.053042,-40.466614,390.292560,570.236737,-547.974206,299.758073,300.602370,-58.432538,383.154087,565.095995,-502.686479,300.348276,300.288607,-94.109966,387.756920,560.639200,-475.869655,304.125563,303.604351,-56.529090,403.601882,338.278302,-29.702658,354.781111,342.058500,29.711140,398.573780,245.843814,-31.902148,316.711173,263.954689,-117.109011,398.871044,157.262793,74.427960,276.045969,158.640928,-78.366045,393.983426,147.841309,73.653899,275.686063,147.910243,-81.644605,401.088056,123.915629,-68.641116,266.586514,131.612217,-229.625586
